ISO-10303-21;
HEADER;
FILE_DESCRIPTION((''),'2;1');
FILE_NAME('69168-X12','2021-09-17T',('XuanM'),('AFCI'),
'CREO PARAMETRIC BY PTC INC, 2016130','CREO PARAMETRIC BY PTC INC, 2016130','');
FILE_SCHEMA(('AUTOMOTIVE_DESIGN { 1 0 10303 214 1 1 1 1 }'));
ENDSEC;
DATA;
#184=DIRECTION('',(0.E0,-1.E0,0.E0));
#185=VECTOR('',#184,3.56E-1);
#186=CARTESIAN_POINT('',(2.35E-1,1.78E-1,0.E0));
#187=LINE('4238',#186,#185);
#188=DIRECTION('',(0.E0,1.E0,0.E0));
#189=VECTOR('',#188,3.56E-1);
#190=CARTESIAN_POINT('',(2.65E-1,-1.78E-1,0.E0));
#191=LINE('4209',#190,#189);
#192=DIRECTION('',(1.E0,0.E0,-1.010302952410E-12));
#193=VECTOR('',#192,1.499999999999E-2);
#194=CARTESIAN_POINT('',(1.65E-1,-9.3E-2,3.03E-1));
#195=LINE('4253',#194,#193);
#196=DIRECTION('',(-3.244127429106E-1,0.E0,-9.459156263839E-1));
#197=VECTOR('',#196,1.707961187489E-2);
#198=CARTESIAN_POINT('',(1.65E-1,-9.3E-2,3.03E-1));
#199=LINE('4399',#198,#197);
#200=CARTESIAN_POINT('',(1.5E-1,-9.3E-2,2.900882556641E-1));
#201=DIRECTION('',(0.E0,1.E0,0.E0));
#202=DIRECTION('',(9.459156263837E-1,0.E0,-3.244127429113E-1));
#203=AXIS2_PLACEMENT_3D('',#200,#201,#202);
#205=DIRECTION('',(-3.244127429102E-1,0.E0,-9.459156263840E-1));
#206=VECTOR('',#205,1.707961187488E-2);
#207=CARTESIAN_POINT('',(6.5E-2,-9.3E-2,3.03E-1));
#208=LINE('4394',#207,#206);
#209=CARTESIAN_POINT('',(5.E-2,-9.3E-2,2.900882556641E-1));
#210=DIRECTION('',(0.E0,1.E0,0.E0));
#211=DIRECTION('',(9.459156263837E-1,0.E0,-3.244127429113E-1));
#212=AXIS2_PLACEMENT_3D('',#209,#210,#211);
#214=DIRECTION('',(-3.244127429101E-1,0.E0,9.459156263840E-1));
#215=VECTOR('',#214,1.707961187488E-2);
#216=CARTESIAN_POINT('',(4.054084373617E-2,-9.3E-2,2.868441282350E-1));
#217=LINE('4392',#216,#215);
#218=DIRECTION('',(1.E0,0.E0,-2.299747693866E-14));
#219=VECTOR('',#218,7.E-2);
#220=CARTESIAN_POINT('',(-3.5E-2,-9.3E-2,3.03E-1));
#221=LINE('4241',#220,#219);
#222=DIRECTION('',(-3.244127429101E-1,0.E0,-9.459156263840E-1));
#223=VECTOR('',#222,1.707961187488E-2);
#224=CARTESIAN_POINT('',(-3.5E-2,-9.3E-2,3.03E-1));
#225=LINE('4391',#224,#223);
#226=CARTESIAN_POINT('',(-5.E-2,-9.3E-2,2.900882556641E-1));
#227=DIRECTION('',(0.E0,1.E0,0.E0));
#228=DIRECTION('',(9.459156263837E-1,0.E0,-3.244127429113E-1));
#229=AXIS2_PLACEMENT_3D('',#226,#227,#228);
#231=DIRECTION('',(-3.244127429102E-1,0.E0,9.459156263840E-1));
#232=VECTOR('',#231,1.707961187488E-2);
#233=CARTESIAN_POINT('',(-5.945915626383E-2,-9.3E-2,2.868441282350E-1));
#234=LINE('4389',#233,#232);
#235=CARTESIAN_POINT('',(-1.5E-1,-9.3E-2,2.900882556641E-1));
#236=DIRECTION('',(0.E0,1.E0,0.E0));
#237=DIRECTION('',(0.E0,0.E0,-1.E0));
#238=AXIS2_PLACEMENT_3D('',#235,#236,#237);
#240=DIRECTION('',(-3.244127429106E-1,0.E0,9.459156263839E-1));
#241=VECTOR('',#240,1.707961187488E-2);
#242=CARTESIAN_POINT('',(-1.594591562638E-1,-9.3E-2,2.868441282350E-1));
#243=LINE('4384',#242,#241);
#244=DIRECTION('',(1.E0,0.E0,9.103828801935E-13));
#245=VECTOR('',#244,1.499999999999E-2);
#246=CARTESIAN_POINT('',(-1.8E-1,-9.3E-2,3.03E-1));
#247=LINE('4263',#246,#245);
#248=DIRECTION('',(6.599227768751E-14,0.E0,1.E0));
#249=VECTOR('',#248,7.15E-2);
#250=CARTESIAN_POINT('',(-3.E-1,-9.3E-2,1.815E-1));
#251=LINE('4355',#250,#249);
#252=DIRECTION('',(-4.270088556251E-14,0.E0,1.E0));
#253=VECTOR('',#252,7.15E-2);
#254=CARTESIAN_POINT('',(-3.E-1,-9.3E-2,5.E-2));
#255=LINE('4365',#254,#253);
#256=DIRECTION('',(1.E0,3.062365176258E-13,0.E0));
#257=VECTOR('',#256,1.5E-2);
#258=CARTESIAN_POINT('',(-1.8E-1,-9.3E-2,0.E0));
#259=LINE('4230',#258,#257);
#260=DIRECTION('',(1.E0,-3.062365176258E-13,-5.082376626355E-14));
#261=VECTOR('',#260,1.5E-2);
#262=CARTESIAN_POINT('',(1.65E-1,-9.3E-2,0.E0));
#263=LINE('4235',#262,#261);
#264=DIRECTION('',(-6.599227768751E-14,0.E0,-1.E0));
#265=VECTOR('',#264,7.15E-2);
#266=CARTESIAN_POINT('',(3.E-1,-9.3E-2,1.215E-1));
#267=LINE('4314',#266,#265);
#268=DIRECTION('',(4.270088556251E-14,0.E0,-1.E0));
#269=VECTOR('',#268,7.15E-2);
#270=CARTESIAN_POINT('',(3.E-1,-9.3E-2,2.53E-1));
#271=LINE('4326',#270,#269);
#272=DIRECTION('',(-1.E0,0.E0,0.E0));
#273=VECTOR('',#272,2.5E-2);
#274=CARTESIAN_POINT('',(1.625E-1,-9.3E-2,1.89E-1));
#275=LINE('4578',#274,#273);
#276=DIRECTION('',(0.E0,0.E0,1.E0));
#277=VECTOR('',#276,2.5E-2);
#278=CARTESIAN_POINT('',(1.375E-1,-9.3E-2,1.89E-1));
#279=LINE('4579',#278,#277);
#280=DIRECTION('',(1.E0,0.E0,0.E0));
#281=VECTOR('',#280,2.5E-2);
#282=CARTESIAN_POINT('',(1.375E-1,-9.3E-2,2.14E-1));
#283=LINE('4581',#282,#281);
#284=DIRECTION('',(0.E0,0.E0,-1.E0));
#285=VECTOR('',#284,2.5E-2);
#286=CARTESIAN_POINT('',(1.625E-1,-9.3E-2,2.14E-1));
#287=LINE('4580',#286,#285);
#288=DIRECTION('',(-1.E0,0.E0,0.E0));
#289=VECTOR('',#288,2.5E-2);
#290=CARTESIAN_POINT('',(2.625E-1,-9.3E-2,1.89E-1));
#291=LINE('4594',#290,#289);
#292=DIRECTION('',(0.E0,0.E0,1.E0));
#293=VECTOR('',#292,2.5E-2);
#294=CARTESIAN_POINT('',(2.375E-1,-9.3E-2,1.89E-1));
#295=LINE('4595',#294,#293);
#296=DIRECTION('',(1.E0,0.E0,0.E0));
#297=VECTOR('',#296,2.5E-2);
#298=CARTESIAN_POINT('',(2.375E-1,-9.3E-2,2.14E-1));
#299=LINE('4597',#298,#297);
#300=DIRECTION('',(0.E0,0.E0,-1.E0));
#301=VECTOR('',#300,2.5E-2);
#302=CARTESIAN_POINT('',(2.625E-1,-9.3E-2,2.14E-1));
#303=LINE('4596',#302,#301);
#304=DIRECTION('',(-1.E0,0.E0,0.E0));
#305=VECTOR('',#304,2.5E-2);
#306=CARTESIAN_POINT('',(6.25E-2,-9.3E-2,1.89E-1));
#307=LINE('4610',#306,#305);
#308=DIRECTION('',(0.E0,0.E0,1.E0));
#309=VECTOR('',#308,2.5E-2);
#310=CARTESIAN_POINT('',(3.75E-2,-9.3E-2,1.89E-1));
#311=LINE('4611',#310,#309);
#312=DIRECTION('',(1.E0,0.E0,0.E0));
#313=VECTOR('',#312,2.5E-2);
#314=CARTESIAN_POINT('',(3.75E-2,-9.3E-2,2.14E-1));
#315=LINE('4613',#314,#313);
#316=DIRECTION('',(0.E0,0.E0,-1.E0));
#317=VECTOR('',#316,2.5E-2);
#318=CARTESIAN_POINT('',(6.25E-2,-9.3E-2,2.14E-1));
#319=LINE('4612',#318,#317);
#320=DIRECTION('',(-1.E0,0.E0,0.E0));
#321=VECTOR('',#320,2.5E-2);
#322=CARTESIAN_POINT('',(-3.75E-2,-9.3E-2,1.89E-1));
#323=LINE('4626',#322,#321);
#324=DIRECTION('',(0.E0,0.E0,1.E0));
#325=VECTOR('',#324,2.5E-2);
#326=CARTESIAN_POINT('',(-6.25E-2,-9.3E-2,1.89E-1));
#327=LINE('4627',#326,#325);
#328=DIRECTION('',(1.E0,0.E0,0.E0));
#329=VECTOR('',#328,2.5E-2);
#330=CARTESIAN_POINT('',(-6.25E-2,-9.3E-2,2.14E-1));
#331=LINE('4629',#330,#329);
#332=DIRECTION('',(0.E0,0.E0,-1.E0));
#333=VECTOR('',#332,2.5E-2);
#334=CARTESIAN_POINT('',(-3.75E-2,-9.3E-2,2.14E-1));
#335=LINE('4628',#334,#333);
#336=DIRECTION('',(-1.E0,0.E0,0.E0));
#337=VECTOR('',#336,2.5E-2);
#338=CARTESIAN_POINT('',(-1.375E-1,-9.3E-2,1.89E-1));
#339=LINE('4642',#338,#337);
#340=DIRECTION('',(0.E0,0.E0,1.E0));
#341=VECTOR('',#340,2.5E-2);
#342=CARTESIAN_POINT('',(-1.625E-1,-9.3E-2,1.89E-1));
#343=LINE('4643',#342,#341);
#344=DIRECTION('',(1.E0,0.E0,0.E0));
#345=VECTOR('',#344,2.5E-2);
#346=CARTESIAN_POINT('',(-1.625E-1,-9.3E-2,2.14E-1));
#347=LINE('4645',#346,#345);
#348=DIRECTION('',(0.E0,0.E0,-1.E0));
#349=VECTOR('',#348,2.5E-2);
#350=CARTESIAN_POINT('',(-1.375E-1,-9.3E-2,2.14E-1));
#351=LINE('4644',#350,#349);
#352=DIRECTION('',(-1.E0,0.E0,0.E0));
#353=VECTOR('',#352,2.5E-2);
#354=CARTESIAN_POINT('',(-2.375E-1,-9.3E-2,1.89E-1));
#355=LINE('4658',#354,#353);
#356=DIRECTION('',(0.E0,0.E0,1.E0));
#357=VECTOR('',#356,2.5E-2);
#358=CARTESIAN_POINT('',(-2.625E-1,-9.3E-2,1.89E-1));
#359=LINE('4659',#358,#357);
#360=DIRECTION('',(1.E0,0.E0,0.E0));
#361=VECTOR('',#360,2.5E-2);
#362=CARTESIAN_POINT('',(-2.625E-1,-9.3E-2,2.14E-1));
#363=LINE('4661',#362,#361);
#364=DIRECTION('',(0.E0,0.E0,-1.E0));
#365=VECTOR('',#364,2.5E-2);
#366=CARTESIAN_POINT('',(-2.375E-1,-9.3E-2,2.14E-1));
#367=LINE('4660',#366,#365);
#368=DIRECTION('',(-1.E0,0.E0,0.E0));
#369=VECTOR('',#368,2.5E-2);
#370=CARTESIAN_POINT('',(1.625E-1,-9.3E-2,8.9E-2));
#371=LINE('4674',#370,#369);
#372=DIRECTION('',(0.E0,0.E0,1.E0));
#373=VECTOR('',#372,2.5E-2);
#374=CARTESIAN_POINT('',(1.375E-1,-9.3E-2,8.9E-2));
#375=LINE('4675',#374,#373);
#376=DIRECTION('',(1.E0,0.E0,0.E0));
#377=VECTOR('',#376,2.5E-2);
#378=CARTESIAN_POINT('',(1.375E-1,-9.3E-2,1.14E-1));
#379=LINE('4677',#378,#377);
#380=DIRECTION('',(0.E0,0.E0,-1.E0));
#381=VECTOR('',#380,2.5E-2);
#382=CARTESIAN_POINT('',(1.625E-1,-9.3E-2,1.14E-1));
#383=LINE('4676',#382,#381);
#384=DIRECTION('',(-1.E0,0.E0,0.E0));
#385=VECTOR('',#384,2.5E-2);
#386=CARTESIAN_POINT('',(2.625E-1,-9.3E-2,8.9E-2));
#387=LINE('4690',#386,#385);
#388=DIRECTION('',(0.E0,0.E0,1.E0));
#389=VECTOR('',#388,2.5E-2);
#390=CARTESIAN_POINT('',(2.375E-1,-9.3E-2,8.9E-2));
#391=LINE('4691',#390,#389);
#392=DIRECTION('',(1.E0,0.E0,0.E0));
#393=VECTOR('',#392,2.5E-2);
#394=CARTESIAN_POINT('',(2.375E-1,-9.3E-2,1.14E-1));
#395=LINE('4693',#394,#393);
#396=DIRECTION('',(0.E0,0.E0,-1.E0));
#397=VECTOR('',#396,2.5E-2);
#398=CARTESIAN_POINT('',(2.625E-1,-9.3E-2,1.14E-1));
#399=LINE('4692',#398,#397);
#400=DIRECTION('',(-1.E0,0.E0,0.E0));
#401=VECTOR('',#400,2.5E-2);
#402=CARTESIAN_POINT('',(6.25E-2,-9.3E-2,8.9E-2));
#403=LINE('4706',#402,#401);
#404=DIRECTION('',(0.E0,0.E0,1.E0));
#405=VECTOR('',#404,2.5E-2);
#406=CARTESIAN_POINT('',(3.75E-2,-9.3E-2,8.9E-2));
#407=LINE('4707',#406,#405);
#408=DIRECTION('',(1.E0,0.E0,0.E0));
#409=VECTOR('',#408,2.5E-2);
#410=CARTESIAN_POINT('',(3.75E-2,-9.3E-2,1.14E-1));
#411=LINE('4709',#410,#409);
#412=DIRECTION('',(0.E0,0.E0,-1.E0));
#413=VECTOR('',#412,2.5E-2);
#414=CARTESIAN_POINT('',(6.25E-2,-9.3E-2,1.14E-1));
#415=LINE('4708',#414,#413);
#416=DIRECTION('',(-1.E0,0.E0,0.E0));
#417=VECTOR('',#416,2.5E-2);
#418=CARTESIAN_POINT('',(-3.75E-2,-9.3E-2,8.9E-2));
#419=LINE('4722',#418,#417);
#420=DIRECTION('',(0.E0,0.E0,1.E0));
#421=VECTOR('',#420,2.5E-2);
#422=CARTESIAN_POINT('',(-6.25E-2,-9.3E-2,8.9E-2));
#423=LINE('4723',#422,#421);
#424=DIRECTION('',(1.E0,0.E0,0.E0));
#425=VECTOR('',#424,2.5E-2);
#426=CARTESIAN_POINT('',(-6.25E-2,-9.3E-2,1.14E-1));
#427=LINE('4725',#426,#425);
#428=DIRECTION('',(0.E0,0.E0,-1.E0));
#429=VECTOR('',#428,2.5E-2);
#430=CARTESIAN_POINT('',(-3.75E-2,-9.3E-2,1.14E-1));
#431=LINE('4724',#430,#429);
#432=DIRECTION('',(-1.E0,0.E0,0.E0));
#433=VECTOR('',#432,2.5E-2);
#434=CARTESIAN_POINT('',(-1.375E-1,-9.3E-2,8.9E-2));
#435=LINE('4738',#434,#433);
#436=DIRECTION('',(0.E0,0.E0,1.E0));
#437=VECTOR('',#436,2.5E-2);
#438=CARTESIAN_POINT('',(-1.625E-1,-9.3E-2,8.9E-2));
#439=LINE('4739',#438,#437);
#440=DIRECTION('',(1.E0,0.E0,0.E0));
#441=VECTOR('',#440,2.5E-2);
#442=CARTESIAN_POINT('',(-1.625E-1,-9.3E-2,1.14E-1));
#443=LINE('4741',#442,#441);
#444=DIRECTION('',(0.E0,0.E0,-1.E0));
#445=VECTOR('',#444,2.5E-2);
#446=CARTESIAN_POINT('',(-1.375E-1,-9.3E-2,1.14E-1));
#447=LINE('4740',#446,#445);
#448=DIRECTION('',(-1.E0,0.E0,0.E0));
#449=VECTOR('',#448,2.5E-2);
#450=CARTESIAN_POINT('',(-2.375E-1,-9.3E-2,8.9E-2));
#451=LINE('4754',#450,#449);
#452=DIRECTION('',(0.E0,0.E0,1.E0));
#453=VECTOR('',#452,2.5E-2);
#454=CARTESIAN_POINT('',(-2.625E-1,-9.3E-2,8.9E-2));
#455=LINE('4755',#454,#453);
#456=DIRECTION('',(1.E0,0.E0,0.E0));
#457=VECTOR('',#456,2.5E-2);
#458=CARTESIAN_POINT('',(-2.625E-1,-9.3E-2,1.14E-1));
#459=LINE('4757',#458,#457);
#460=DIRECTION('',(0.E0,0.E0,-1.E0));
#461=VECTOR('',#460,2.5E-2);
#462=CARTESIAN_POINT('',(-2.375E-1,-9.3E-2,1.14E-1));
#463=LINE('4756',#462,#461);
#464=DIRECTION('',(1.E0,0.E0,0.E0));
#465=VECTOR('',#464,1.2E-1);
#466=CARTESIAN_POINT('',(1.8E-1,-9.3E-2,2.53E-1));
#467=LINE('4366',#466,#465);
#468=DIRECTION('',(0.E0,1.E0,6.744345476695E-14));
#469=VECTOR('',#468,1.605E-1);
#470=CARTESIAN_POINT('',(3.E-1,-9.3E-2,2.53E-1));
#471=LINE('4325',#470,#469);
#472=DIRECTION('',(1.E0,0.E0,0.E0));
#473=VECTOR('',#472,1.2E-1);
#474=CARTESIAN_POINT('',(1.8E-1,6.75E-2,2.53E-1));
#475=LINE('4500',#474,#473);
#476=DIRECTION('',(1.E0,0.E0,0.E0));
#477=VECTOR('',#476,1.2E-1);
#478=CARTESIAN_POINT('',(1.8E-1,8.275E-2,2.44E-1));
#479=LINE('4510',#478,#477);
#480=DIRECTION('',(0.E0,1.E0,5.215126576199E-13));
#481=VECTOR('',#480,1.9E-2);
#482=CARTESIAN_POINT('',(3.E-1,8.275E-2,2.44E-1));
#483=LINE('4323',#482,#481);
#484=DIRECTION('',(-1.E0,0.E0,0.E0));
#485=VECTOR('',#484,1.2E-1);
#486=CARTESIAN_POINT('',(3.E-1,1.78E-1,2.89E-1));
#487=LINE('4331',#486,#485);
#488=DIRECTION('',(1.E0,0.E0,0.E0));
#489=VECTOR('',#488,1.2E-1);
#490=CARTESIAN_POINT('',(1.8E-1,1.0175E-1,2.44E-1));
#491=LINE('4520',#490,#489);
#492=DIRECTION('',(-1.E0,0.E0,0.E0));
#493=VECTOR('',#492,1.2E-1);
#494=CARTESIAN_POINT('',(3.E-1,1.78E-1,3.03E-1));
#495=LINE('4245',#494,#493);
#496=DIRECTION('',(0.E0,7.137148015447E-14,1.E0));
#497=VECTOR('',#496,1.4E-2);
#498=CARTESIAN_POINT('',(3.E-1,1.78E-1,2.89E-1));
#499=LINE('4321',#498,#497);
#500=DIRECTION('',(-2.558538657572E-14,0.E0,1.E0));
#501=VECTOR('',#500,1.215E-1);
#502=CARTESIAN_POINT('',(3.E-1,-1.78E-1,1.815E-1));
#503=LINE('4310',#502,#501);
#504=DIRECTION('',(0.E0,1.E0,0.E0));
#505=VECTOR('',#504,3.56E-1);
#506=CARTESIAN_POINT('',(3.E-1,-1.78E-1,3.03E-1));
#507=LINE('4246',#506,#505);
#508=DIRECTION('',(0.E0,8.612074626947E-1,5.082535845412E-1));
#509=VECTOR('',#508,8.853848033482E-2);
#510=CARTESIAN_POINT('',(3.E-1,1.0175E-1,2.44E-1));
#511=LINE('4322',#510,#509);
#512=DIRECTION('',(0.E0,8.612074626942E-1,-5.082535845420E-1));
#513=VECTOR('',#512,1.770769606698E-2);
#514=CARTESIAN_POINT('',(3.E-1,6.75E-2,2.53E-1));
#515=LINE('4324',#514,#513);
#516=DIRECTION('',(-1.E0,0.E0,0.E0));
#517=VECTOR('',#516,1.500000000001E-2);
#518=CARTESIAN_POINT('',(3.E-1,-1.78E-1,1.815E-1));
#519=LINE('4311',#518,#517);
#520=DIRECTION('',(0.E0,-1.E0,0.E0));
#521=VECTOR('',#520,8.5E-2);
#522=CARTESIAN_POINT('',(3.E-1,-9.3E-2,1.815E-1));
#523=LINE('4320',#522,#521);
#524=DIRECTION('',(1.E0,0.E0,0.E0));
#525=VECTOR('',#524,1.500000000001E-2);
#526=CARTESIAN_POINT('',(2.85E-1,-9.3E-2,1.815E-1));
#527=LINE('4367',#526,#525);
#528=DIRECTION('',(0.E0,1.E0,0.E0));
#529=VECTOR('',#528,8.5E-2);
#530=CARTESIAN_POINT('',(2.85E-1,-1.78E-1,1.815E-1));
#531=LINE('4537',#530,#529);
#532=DIRECTION('',(-1.E0,1.078502366779E-13,2.915229332368E-14));
#533=VECTOR('',#532,3.5E-2);
#534=CARTESIAN_POINT('',(3.E-1,-1.78E-1,0.E0));
#535=LINE('4212',#534,#533);
#536=CARTESIAN_POINT('',(2.5E-1,-1.78E-1,0.E0));
#537=DIRECTION('',(0.E0,-1.E0,0.E0));
#538=DIRECTION('',(-1.E0,0.E0,0.E0));
#539=AXIS2_PLACEMENT_3D('',#536,#537,#538);
#541=DIRECTION('',(-1.E0,0.E0,1.474135842145E-14));
#542=VECTOR('',#541,7.E-2);
#543=CARTESIAN_POINT('',(2.35E-1,-1.78E-1,0.E0));
#544=LINE('4239',#543,#542);
#545=CARTESIAN_POINT('',(1.5E-1,-1.78E-1,0.E0));
#546=DIRECTION('',(0.E0,-1.E0,0.E0));
#547=DIRECTION('',(-1.E0,0.E0,0.E0));
#548=AXIS2_PLACEMENT_3D('',#545,#546,#547);
#550=DIRECTION('',(-1.E0,0.E0,1.474135842145E-14));
#551=VECTOR('',#550,7.E-2);
#552=CARTESIAN_POINT('',(1.35E-1,-1.78E-1,0.E0));
#553=LINE('4216',#552,#551);
#554=CARTESIAN_POINT('',(5.E-2,-1.78E-1,0.E0));
#555=DIRECTION('',(0.E0,-1.E0,0.E0));
#556=DIRECTION('',(-1.E0,0.E0,0.E0));
#557=AXIS2_PLACEMENT_3D('',#554,#555,#556);
#559=DIRECTION('',(-1.E0,0.E0,1.474135842145E-14));
#560=VECTOR('',#559,7.E-2);
#561=CARTESIAN_POINT('',(3.5E-2,-1.78E-1,0.E0));
#562=LINE('4220',#561,#560);
#563=CARTESIAN_POINT('',(-5.E-2,-1.78E-1,0.E0));
#564=DIRECTION('',(0.E0,-1.E0,0.E0));
#565=DIRECTION('',(-1.E0,0.E0,0.E0));
#566=AXIS2_PLACEMENT_3D('',#563,#564,#565);
#568=DIRECTION('',(-1.E0,0.E0,1.474135842145E-14));
#569=VECTOR('',#568,7.E-2);
#570=CARTESIAN_POINT('',(-6.5E-2,-1.78E-1,0.E0));
#571=LINE('4224',#570,#569);
#572=CARTESIAN_POINT('',(-1.5E-1,-1.78E-1,0.E0));
#573=DIRECTION('',(0.E0,-1.E0,0.E0));
#574=DIRECTION('',(-1.E0,0.E0,0.E0));
#575=AXIS2_PLACEMENT_3D('',#572,#573,#574);
#577=DIRECTION('',(-1.E0,0.E0,1.474135842145E-14));
#578=VECTOR('',#577,7.E-2);
#579=CARTESIAN_POINT('',(-1.65E-1,-1.78E-1,0.E0));
#580=LINE('4232',#579,#578);
#581=CARTESIAN_POINT('',(-2.5E-1,-1.78E-1,0.E0));
#582=DIRECTION('',(0.E0,-1.E0,0.E0));
#583=DIRECTION('',(-1.E0,0.E0,0.E0));
#584=AXIS2_PLACEMENT_3D('',#581,#582,#583);
#586=DIRECTION('',(-1.E0,-1.078502366779E-13,0.E0));
#587=VECTOR('',#586,3.5E-2);
#588=CARTESIAN_POINT('',(-2.65E-1,-1.78E-1,0.E0));
#589=LINE('4226',#588,#587);
#590=DIRECTION('',(1.E0,0.E0,3.917501244036E-13));
#591=VECTOR('',#590,3.499999999999E-2);
#592=CARTESIAN_POINT('',(-3.E-1,-1.78E-1,3.03E-1));
#593=LINE('4269',#592,#591);
#594=DIRECTION('',(-3.244127429099E-1,-5.200226013370E-14,9.459156263841E-1));
#595=VECTOR('',#594,1.707961187488E-2);
#596=CARTESIAN_POINT('',(-2.594591562638E-1,-1.78E-1,2.868441282350E-1));
#597=LINE('4292',#596,#595);
#598=CARTESIAN_POINT('',(-2.5E-1,-1.78E-1,2.900882556641E-1));
#599=DIRECTION('',(0.E0,1.E0,0.E0));
#600=DIRECTION('',(9.459156263841E-1,0.E0,-3.244127429100E-1));
#601=AXIS2_PLACEMENT_3D('',#598,#599,#600);
#603=DIRECTION('',(-3.244127429099E-1,5.200226013369E-14,-9.459156263841E-1));
#604=VECTOR('',#603,1.707961187488E-2);
#605=CARTESIAN_POINT('',(-2.35E-1,-1.78E-1,3.03E-1));
#606=LINE('4294',#605,#604);
#607=DIRECTION('',(1.E0,0.E0,-2.220446049251E-14));
#608=VECTOR('',#607,6.999999999997E-2);
#609=CARTESIAN_POINT('',(-2.35E-1,-1.78E-1,3.03E-1));
#610=LINE('4265',#609,#608);
#611=DIRECTION('',(-3.244127429106E-1,-5.200226013368E-14,9.459156263839E-1));
#612=VECTOR('',#611,1.707961187488E-2);
#613=CARTESIAN_POINT('',(-1.594591562638E-1,-1.78E-1,2.868441282350E-1));
#614=LINE('4295',#613,#612);
#615=CARTESIAN_POINT('',(-1.5E-1,-1.78E-1,2.900882556641E-1));
#616=DIRECTION('',(0.E0,1.E0,0.E0));
#617=DIRECTION('',(9.459156263837E-1,0.E0,-3.244127429113E-1));
#618=AXIS2_PLACEMENT_3D('',#615,#616,#617);
#620=DIRECTION('',(-3.244127429106E-1,5.200226013368E-14,-9.459156263839E-1));
#621=VECTOR('',#620,1.707961187489E-2);
#622=CARTESIAN_POINT('',(-1.35E-1,-1.78E-1,3.03E-1));
#623=LINE('4297',#622,#621);
#624=DIRECTION('',(1.E0,0.E0,-2.299747693867E-14));
#625=VECTOR('',#624,6.999999999998E-2);
#626=CARTESIAN_POINT('',(-1.35E-1,-1.78E-1,3.03E-1));
#627=LINE('4258',#626,#625);
#628=DIRECTION('',(-3.244127429101E-1,-5.200226013369E-14,9.459156263840E-1));
#629=VECTOR('',#628,1.707961187488E-2);
#630=CARTESIAN_POINT('',(-5.945915626383E-2,-1.78E-1,2.868441282350E-1));
#631=LINE('4298',#630,#629);
#632=CARTESIAN_POINT('',(-5.E-2,-1.78E-1,2.900882556641E-1));
#633=DIRECTION('',(0.E0,1.E0,0.E0));
#634=DIRECTION('',(9.459156263837E-1,0.E0,-3.244127429113E-1));
#635=AXIS2_PLACEMENT_3D('',#632,#633,#634);
#637=DIRECTION('',(-3.244127429101E-1,5.200226013369E-14,-9.459156263840E-1));
#638=VECTOR('',#637,1.707961187488E-2);
#639=CARTESIAN_POINT('',(-3.5E-2,-1.78E-1,3.03E-1));
#640=LINE('4300',#639,#638);
#641=DIRECTION('',(1.E0,0.E0,-2.299747693866E-14));
#642=VECTOR('',#641,7.E-2);
#643=CARTESIAN_POINT('',(-3.5E-2,-1.78E-1,3.03E-1));
#644=LINE('4243',#643,#642);
#645=DIRECTION('',(-3.244127429101E-1,-5.200226013369E-14,9.459156263840E-1));
#646=VECTOR('',#645,1.707961187488E-2);
#647=CARTESIAN_POINT('',(4.054084373617E-2,-1.78E-1,2.868441282350E-1));
#648=LINE('4301',#647,#646);
#649=CARTESIAN_POINT('',(5.E-2,-1.78E-1,2.900882556641E-1));
#650=DIRECTION('',(0.E0,1.E0,0.E0));
#651=DIRECTION('',(9.459156263837E-1,0.E0,-3.244127429113E-1));
#652=AXIS2_PLACEMENT_3D('',#649,#650,#651);
#654=DIRECTION('',(-3.244127429101E-1,5.200226013369E-14,-9.459156263840E-1));
#655=VECTOR('',#654,1.707961187488E-2);
#656=CARTESIAN_POINT('',(6.5E-2,-1.78E-1,3.03E-1));
#657=LINE('4303',#656,#655);
#658=DIRECTION('',(1.E0,0.E0,-2.299747693867E-14));
#659=VECTOR('',#658,6.999999999998E-2);
#660=CARTESIAN_POINT('',(6.5E-2,-1.78E-1,3.03E-1));
#661=LINE('4275',#660,#659);
#662=DIRECTION('',(-3.244127429106E-1,-5.200226013368E-14,9.459156263839E-1));
#663=VECTOR('',#662,1.707961187488E-2);
#664=CARTESIAN_POINT('',(1.405408437362E-1,-1.78E-1,2.868441282350E-1));
#665=LINE('4304',#664,#663);
#666=CARTESIAN_POINT('',(1.5E-1,-1.78E-1,2.900882556641E-1));
#667=DIRECTION('',(0.E0,1.E0,0.E0));
#668=DIRECTION('',(9.459156263837E-1,0.E0,-3.244127429113E-1));
#669=AXIS2_PLACEMENT_3D('',#666,#667,#668);
#671=DIRECTION('',(-3.244127429106E-1,5.200226013368E-14,-9.459156263839E-1));
#672=VECTOR('',#671,1.707961187489E-2);
#673=CARTESIAN_POINT('',(1.65E-1,-1.78E-1,3.03E-1));
#674=LINE('4306',#673,#672);
#675=DIRECTION('',(1.E0,0.E0,-2.220446049251E-14));
#676=VECTOR('',#675,6.999999999997E-2);
#677=CARTESIAN_POINT('',(1.65E-1,-1.78E-1,3.03E-1));
#678=LINE('4251',#677,#676);
#679=DIRECTION('',(-3.244127429106E-1,-5.200226013368E-14,9.459156263839E-1));
#680=VECTOR('',#679,1.707961187488E-2);
#681=CARTESIAN_POINT('',(2.405408437362E-1,-1.78E-1,2.868441282350E-1));
#682=LINE('4307',#681,#680);
#683=CARTESIAN_POINT('',(2.5E-1,-1.78E-1,2.900882556641E-1));
#684=DIRECTION('',(0.E0,1.E0,0.E0));
#685=DIRECTION('',(9.459156263837E-1,0.E0,-3.244127429113E-1));
#686=AXIS2_PLACEMENT_3D('',#683,#684,#685);
#688=DIRECTION('',(-3.244127429106E-1,5.200226013368E-14,-9.459156263839E-1));
#689=VECTOR('',#688,1.707961187489E-2);
#690=CARTESIAN_POINT('',(2.65E-1,-1.78E-1,3.03E-1));
#691=LINE('4309',#690,#689);
#692=DIRECTION('',(1.E0,0.E0,-4.361590453886E-13));
#693=VECTOR('',#692,3.499999999999E-2);
#694=CARTESIAN_POINT('',(2.65E-1,-1.78E-1,3.03E-1));
#695=LINE('4247',#694,#693);
#696=DIRECTION('',(-1.E0,0.E0,0.E0));
#697=VECTOR('',#696,2.5E-2);
#698=CARTESIAN_POINT('',(1.625E-1,-1.78E-1,1.89E-1));
#699=LINE('4574',#698,#697);
#700=DIRECTION('',(0.E0,0.E0,-1.E0));
#701=VECTOR('',#700,2.5E-2);
#702=CARTESIAN_POINT('',(1.625E-1,-1.78E-1,2.14E-1));
#703=LINE('4576',#702,#701);
#704=DIRECTION('',(1.E0,0.E0,0.E0));
#705=VECTOR('',#704,2.5E-2);
#706=CARTESIAN_POINT('',(1.375E-1,-1.78E-1,2.14E-1));
#707=LINE('4577',#706,#705);
#708=DIRECTION('',(0.E0,0.E0,1.E0));
#709=VECTOR('',#708,2.5E-2);
#710=CARTESIAN_POINT('',(1.375E-1,-1.78E-1,1.89E-1));
#711=LINE('4575',#710,#709);
#712=DIRECTION('',(-1.E0,0.E0,0.E0));
#713=VECTOR('',#712,2.5E-2);
#714=CARTESIAN_POINT('',(2.625E-1,-1.78E-1,1.89E-1));
#715=LINE('4590',#714,#713);
#716=DIRECTION('',(0.E0,0.E0,-1.E0));
#717=VECTOR('',#716,2.5E-2);
#718=CARTESIAN_POINT('',(2.625E-1,-1.78E-1,2.14E-1));
#719=LINE('4592',#718,#717);
#720=DIRECTION('',(1.E0,0.E0,0.E0));
#721=VECTOR('',#720,2.5E-2);
#722=CARTESIAN_POINT('',(2.375E-1,-1.78E-1,2.14E-1));
#723=LINE('4593',#722,#721);
#724=DIRECTION('',(0.E0,0.E0,1.E0));
#725=VECTOR('',#724,2.5E-2);
#726=CARTESIAN_POINT('',(2.375E-1,-1.78E-1,1.89E-1));
#727=LINE('4591',#726,#725);
#728=DIRECTION('',(-1.E0,0.E0,0.E0));
#729=VECTOR('',#728,2.5E-2);
#730=CARTESIAN_POINT('',(6.25E-2,-1.78E-1,1.89E-1));
#731=LINE('4606',#730,#729);
#732=DIRECTION('',(0.E0,0.E0,-1.E0));
#733=VECTOR('',#732,2.5E-2);
#734=CARTESIAN_POINT('',(6.25E-2,-1.78E-1,2.14E-1));
#735=LINE('4608',#734,#733);
#736=DIRECTION('',(1.E0,0.E0,0.E0));
#737=VECTOR('',#736,2.5E-2);
#738=CARTESIAN_POINT('',(3.75E-2,-1.78E-1,2.14E-1));
#739=LINE('4609',#738,#737);
#740=DIRECTION('',(0.E0,0.E0,1.E0));
#741=VECTOR('',#740,2.5E-2);
#742=CARTESIAN_POINT('',(3.75E-2,-1.78E-1,1.89E-1));
#743=LINE('4607',#742,#741);
#744=DIRECTION('',(-1.E0,0.E0,0.E0));
#745=VECTOR('',#744,2.5E-2);
#746=CARTESIAN_POINT('',(-3.75E-2,-1.78E-1,1.89E-1));
#747=LINE('4622',#746,#745);
#748=DIRECTION('',(0.E0,0.E0,-1.E0));
#749=VECTOR('',#748,2.5E-2);
#750=CARTESIAN_POINT('',(-3.75E-2,-1.78E-1,2.14E-1));
#751=LINE('4624',#750,#749);
#752=DIRECTION('',(1.E0,0.E0,0.E0));
#753=VECTOR('',#752,2.5E-2);
#754=CARTESIAN_POINT('',(-6.25E-2,-1.78E-1,2.14E-1));
#755=LINE('4625',#754,#753);
#756=DIRECTION('',(0.E0,0.E0,1.E0));
#757=VECTOR('',#756,2.5E-2);
#758=CARTESIAN_POINT('',(-6.25E-2,-1.78E-1,1.89E-1));
#759=LINE('4623',#758,#757);
#760=DIRECTION('',(-1.E0,0.E0,0.E0));
#761=VECTOR('',#760,2.5E-2);
#762=CARTESIAN_POINT('',(-1.375E-1,-1.78E-1,1.89E-1));
#763=LINE('4638',#762,#761);
#764=DIRECTION('',(0.E0,0.E0,-1.E0));
#765=VECTOR('',#764,2.5E-2);
#766=CARTESIAN_POINT('',(-1.375E-1,-1.78E-1,2.14E-1));
#767=LINE('4640',#766,#765);
#768=DIRECTION('',(1.E0,0.E0,0.E0));
#769=VECTOR('',#768,2.5E-2);
#770=CARTESIAN_POINT('',(-1.625E-1,-1.78E-1,2.14E-1));
#771=LINE('4641',#770,#769);
#772=DIRECTION('',(0.E0,0.E0,1.E0));
#773=VECTOR('',#772,2.5E-2);
#774=CARTESIAN_POINT('',(-1.625E-1,-1.78E-1,1.89E-1));
#775=LINE('4639',#774,#773);
#776=DIRECTION('',(-1.E0,0.E0,0.E0));
#777=VECTOR('',#776,2.5E-2);
#778=CARTESIAN_POINT('',(-2.375E-1,-1.78E-1,1.89E-1));
#779=LINE('4654',#778,#777);
#780=DIRECTION('',(0.E0,0.E0,-1.E0));
#781=VECTOR('',#780,2.5E-2);
#782=CARTESIAN_POINT('',(-2.375E-1,-1.78E-1,2.14E-1));
#783=LINE('4656',#782,#781);
#784=DIRECTION('',(1.E0,0.E0,0.E0));
#785=VECTOR('',#784,2.5E-2);
#786=CARTESIAN_POINT('',(-2.625E-1,-1.78E-1,2.14E-1));
#787=LINE('4657',#786,#785);
#788=DIRECTION('',(0.E0,0.E0,1.E0));
#789=VECTOR('',#788,2.5E-2);
#790=CARTESIAN_POINT('',(-2.625E-1,-1.78E-1,1.89E-1));
#791=LINE('4655',#790,#789);
#792=DIRECTION('',(-1.E0,0.E0,0.E0));
#793=VECTOR('',#792,2.5E-2);
#794=CARTESIAN_POINT('',(1.625E-1,-1.78E-1,8.9E-2));
#795=LINE('4670',#794,#793);
#796=DIRECTION('',(0.E0,0.E0,-1.E0));
#797=VECTOR('',#796,2.5E-2);
#798=CARTESIAN_POINT('',(1.625E-1,-1.78E-1,1.14E-1));
#799=LINE('4672',#798,#797);
#800=DIRECTION('',(1.E0,0.E0,0.E0));
#801=VECTOR('',#800,2.5E-2);
#802=CARTESIAN_POINT('',(1.375E-1,-1.78E-1,1.14E-1));
#803=LINE('4673',#802,#801);
#804=DIRECTION('',(0.E0,0.E0,1.E0));
#805=VECTOR('',#804,2.5E-2);
#806=CARTESIAN_POINT('',(1.375E-1,-1.78E-1,8.9E-2));
#807=LINE('4671',#806,#805);
#808=DIRECTION('',(-1.E0,0.E0,0.E0));
#809=VECTOR('',#808,2.5E-2);
#810=CARTESIAN_POINT('',(2.625E-1,-1.78E-1,8.9E-2));
#811=LINE('4686',#810,#809);
#812=DIRECTION('',(0.E0,0.E0,-1.E0));
#813=VECTOR('',#812,2.5E-2);
#814=CARTESIAN_POINT('',(2.625E-1,-1.78E-1,1.14E-1));
#815=LINE('4688',#814,#813);
#816=DIRECTION('',(1.E0,0.E0,0.E0));
#817=VECTOR('',#816,2.5E-2);
#818=CARTESIAN_POINT('',(2.375E-1,-1.78E-1,1.14E-1));
#819=LINE('4689',#818,#817);
#820=DIRECTION('',(0.E0,0.E0,1.E0));
#821=VECTOR('',#820,2.5E-2);
#822=CARTESIAN_POINT('',(2.375E-1,-1.78E-1,8.9E-2));
#823=LINE('4687',#822,#821);
#824=DIRECTION('',(-1.E0,0.E0,0.E0));
#825=VECTOR('',#824,2.5E-2);
#826=CARTESIAN_POINT('',(6.25E-2,-1.78E-1,8.9E-2));
#827=LINE('4702',#826,#825);
#828=DIRECTION('',(0.E0,0.E0,-1.E0));
#829=VECTOR('',#828,2.5E-2);
#830=CARTESIAN_POINT('',(6.25E-2,-1.78E-1,1.14E-1));
#831=LINE('4704',#830,#829);
#832=DIRECTION('',(1.E0,0.E0,0.E0));
#833=VECTOR('',#832,2.5E-2);
#834=CARTESIAN_POINT('',(3.75E-2,-1.78E-1,1.14E-1));
#835=LINE('4705',#834,#833);
#836=DIRECTION('',(0.E0,0.E0,1.E0));
#837=VECTOR('',#836,2.5E-2);
#838=CARTESIAN_POINT('',(3.75E-2,-1.78E-1,8.9E-2));
#839=LINE('4703',#838,#837);
#840=DIRECTION('',(-1.E0,0.E0,0.E0));
#841=VECTOR('',#840,2.5E-2);
#842=CARTESIAN_POINT('',(-3.75E-2,-1.78E-1,8.9E-2));
#843=LINE('4718',#842,#841);
#844=DIRECTION('',(0.E0,0.E0,-1.E0));
#845=VECTOR('',#844,2.5E-2);
#846=CARTESIAN_POINT('',(-3.75E-2,-1.78E-1,1.14E-1));
#847=LINE('4720',#846,#845);
#848=DIRECTION('',(1.E0,0.E0,0.E0));
#849=VECTOR('',#848,2.5E-2);
#850=CARTESIAN_POINT('',(-6.25E-2,-1.78E-1,1.14E-1));
#851=LINE('4721',#850,#849);
#852=DIRECTION('',(0.E0,0.E0,1.E0));
#853=VECTOR('',#852,2.5E-2);
#854=CARTESIAN_POINT('',(-6.25E-2,-1.78E-1,8.9E-2));
#855=LINE('4719',#854,#853);
#856=DIRECTION('',(-1.E0,0.E0,0.E0));
#857=VECTOR('',#856,2.5E-2);
#858=CARTESIAN_POINT('',(-1.375E-1,-1.78E-1,8.9E-2));
#859=LINE('4734',#858,#857);
#860=DIRECTION('',(0.E0,0.E0,-1.E0));
#861=VECTOR('',#860,2.5E-2);
#862=CARTESIAN_POINT('',(-1.375E-1,-1.78E-1,1.14E-1));
#863=LINE('4736',#862,#861);
#864=DIRECTION('',(1.E0,0.E0,0.E0));
#865=VECTOR('',#864,2.5E-2);
#866=CARTESIAN_POINT('',(-1.625E-1,-1.78E-1,1.14E-1));
#867=LINE('4737',#866,#865);
#868=DIRECTION('',(0.E0,0.E0,1.E0));
#869=VECTOR('',#868,2.5E-2);
#870=CARTESIAN_POINT('',(-1.625E-1,-1.78E-1,8.9E-2));
#871=LINE('4735',#870,#869);
#872=DIRECTION('',(-1.E0,0.E0,0.E0));
#873=VECTOR('',#872,2.5E-2);
#874=CARTESIAN_POINT('',(-2.375E-1,-1.78E-1,8.9E-2));
#875=LINE('4750',#874,#873);
#876=DIRECTION('',(0.E0,0.E0,-1.E0));
#877=VECTOR('',#876,2.5E-2);
#878=CARTESIAN_POINT('',(-2.375E-1,-1.78E-1,1.14E-1));
#879=LINE('4752',#878,#877);
#880=DIRECTION('',(1.E0,0.E0,0.E0));
#881=VECTOR('',#880,2.5E-2);
#882=CARTESIAN_POINT('',(-2.625E-1,-1.78E-1,1.14E-1));
#883=LINE('4753',#882,#881);
#884=DIRECTION('',(0.E0,0.E0,1.E0));
#885=VECTOR('',#884,2.5E-2);
#886=CARTESIAN_POINT('',(-2.625E-1,-1.78E-1,8.9E-2));
#887=LINE('4751',#886,#885);
#888=DIRECTION('',(1.E0,0.E0,0.E0));
#889=VECTOR('',#888,1.500000000001E-2);
#890=CARTESIAN_POINT('',(2.85E-1,-1.78E-1,1.215E-1));
#891=LINE('4279',#890,#889);
#892=DIRECTION('',(-1.E0,0.E0,0.E0));
#893=VECTOR('',#892,1.500000000001E-2);
#894=CARTESIAN_POINT('',(3.E-1,-9.3E-2,1.215E-1));
#895=LINE('4369',#894,#893);
#896=DIRECTION('',(0.E0,1.E0,0.E0));
#897=VECTOR('',#896,8.5E-2);
#898=CARTESIAN_POINT('',(3.E-1,-1.78E-1,1.215E-1));
#899=LINE('4313',#898,#897);
#900=DIRECTION('',(2.775557561563E-14,0.E0,-1.E0));
#901=VECTOR('',#900,6.E-2);
#902=CARTESIAN_POINT('',(2.85E-1,-1.78E-1,1.815E-1));
#903=LINE('4312',#902,#901);
#904=DIRECTION('',(-2.775557561563E-14,0.E0,1.E0));
#905=VECTOR('',#904,6.E-2);
#906=CARTESIAN_POINT('',(2.85E-1,-9.3E-2,1.215E-1));
#907=LINE('4368',#906,#905);
#908=DIRECTION('',(0.E0,1.E0,0.E0));
#909=VECTOR('',#908,8.5E-2);
#910=CARTESIAN_POINT('',(2.85E-1,-1.78E-1,1.215E-1));
#911=LINE('4536',#910,#909);
#912=DIRECTION('',(0.E0,-8.612074626946E-1,-5.082535845413E-1));
#913=VECTOR('',#912,1.770769606696E-2);
#914=CARTESIAN_POINT('',(3.E-1,8.275E-2,5.9E-2));
#915=LINE('4316',#914,#913);
#916=DIRECTION('',(0.E0,-8.612074626947E-1,5.082535845412E-1));
#917=VECTOR('',#916,8.853848033482E-2);
#918=CARTESIAN_POINT('',(3.E-1,1.78E-1,1.4E-2));
#919=LINE('4318',#918,#917);
#920=DIRECTION('',(0.E0,-1.E0,0.E0));
#921=VECTOR('',#920,3.56E-1);
#922=CARTESIAN_POINT('',(3.E-1,1.78E-1,0.E0));
#923=LINE('4211',#922,#921);
#924=DIRECTION('',(3.929184366986E-14,0.E0,1.E0));
#925=VECTOR('',#924,1.215E-1);
#926=CARTESIAN_POINT('',(3.E-1,-1.78E-1,0.E0));
#927=LINE('4280',#926,#925);
#928=DIRECTION('',(1.E0,0.E0,0.E0));
#929=VECTOR('',#928,1.2E-1);
#930=CARTESIAN_POINT('',(1.8E-1,-9.3E-2,5.E-2));
#931=LINE('4370',#930,#929);
#932=DIRECTION('',(0.E0,1.E0,0.E0));
#933=VECTOR('',#932,1.605E-1);
#934=CARTESIAN_POINT('',(3.E-1,-9.3E-2,5.E-2));
#935=LINE('4315',#934,#933);
#936=DIRECTION('',(0.E0,-1.E0,0.E0));
#937=VECTOR('',#936,2.71E-1);
#938=CARTESIAN_POINT('',(1.8E-1,1.78E-1,0.E0));
#939=LINE('4236',#938,#937);
#940=DIRECTION('',(0.E0,7.137148015447E-14,-1.E0));
#941=VECTOR('',#940,1.4E-2);
#942=CARTESIAN_POINT('',(1.8E-1,1.78E-1,1.4E-2));
#943=LINE('4328',#942,#941);
#944=DIRECTION('',(0.E0,-8.612074626947E-1,5.082535845412E-1));
#945=VECTOR('',#944,8.853848033482E-2);
#946=CARTESIAN_POINT('',(1.8E-1,1.78E-1,1.4E-2));
#947=LINE('4425',#946,#945);
#948=DIRECTION('',(0.E0,1.E0,-1.051790233855E-13));
#949=VECTOR('',#948,1.900000000001E-2);
#950=CARTESIAN_POINT('',(1.8E-1,8.275E-2,5.9E-2));
#951=LINE('4433',#950,#949);
#952=DIRECTION('',(0.E0,-8.612074626946E-1,-5.082535845413E-1));
#953=VECTOR('',#952,1.770769606696E-2);
#954=CARTESIAN_POINT('',(1.8E-1,8.275E-2,5.9E-2));
#955=LINE('4439',#954,#953);
#956=DIRECTION('',(0.E0,1.E0,0.E0));
#957=VECTOR('',#956,1.605E-1);
#958=CARTESIAN_POINT('',(1.8E-1,-9.3E-2,5.E-2));
#959=LINE('4402',#958,#957);
#960=DIRECTION('',(0.E0,0.E0,1.E0));
#961=VECTOR('',#960,5.E-2);
#962=CARTESIAN_POINT('',(1.8E-1,-9.3E-2,0.E0));
#963=LINE('4371',#962,#961);
#964=DIRECTION('',(1.E0,0.E0,0.E0));
#965=VECTOR('',#964,5.5E-2);
#966=CARTESIAN_POINT('',(1.8E-1,1.78E-1,0.E0));
#967=LINE('4237',#966,#965);
#968=CARTESIAN_POINT('',(2.5E-1,1.78E-1,0.E0));
#969=DIRECTION('',(0.E0,1.E0,0.E0));
#970=DIRECTION('',(1.E0,0.E0,0.E0));
#971=AXIS2_PLACEMENT_3D('',#968,#969,#970);
#973=DIRECTION('',(1.E0,0.E0,-2.915229332368E-14));
#974=VECTOR('',#973,3.5E-2);
#975=CARTESIAN_POINT('',(2.65E-1,1.78E-1,0.E0));
#976=LINE('4210',#975,#974);
#977=DIRECTION('',(0.E0,-7.137148015447E-14,1.E0));
#978=VECTOR('',#977,1.4E-2);
#979=CARTESIAN_POINT('',(3.E-1,1.78E-1,0.E0));
#980=LINE('4319',#979,#978);
#981=DIRECTION('',(-1.E0,0.E0,0.E0));
#982=VECTOR('',#981,1.2E-1);
#983=CARTESIAN_POINT('',(3.E-1,1.78E-1,1.4E-2));
#984=LINE('4327',#983,#982);
#985=DIRECTION('',(1.E0,0.E0,0.E0));
#986=VECTOR('',#985,1.2E-1);
#987=CARTESIAN_POINT('',(1.8E-1,1.0175E-1,5.9E-2));
#988=LINE('4426',#987,#986);
#989=DIRECTION('',(0.E0,-1.E0,1.051790233855E-13));
#990=VECTOR('',#989,1.900000000001E-2);
#991=CARTESIAN_POINT('',(3.E-1,1.0175E-1,5.9E-2));
#992=LINE('4317',#991,#990);
#993=DIRECTION('',(1.E0,0.E0,0.E0));
#994=VECTOR('',#993,1.2E-1);
#995=CARTESIAN_POINT('',(1.8E-1,8.275E-2,5.9E-2));
#996=LINE('4432',#995,#994);
#997=DIRECTION('',(-1.E0,0.E0,0.E0));
#998=VECTOR('',#997,1.2E-1);
#999=CARTESIAN_POINT('',(3.E-1,6.75E-2,5.E-2));
#1000=LINE('4401',#999,#998);
#1001=DIRECTION('',(0.E0,1.E0,0.E0));
#1002=VECTOR('',#1001,2.71E-1);
#1003=CARTESIAN_POINT('',(1.65E-1,-9.3E-2,0.E0));
#1004=LINE('4424',#1003,#1002);
#1005=DIRECTION('',(0.E0,-1.E0,0.E0));
#1006=VECTOR('',#1005,3.56E-1);
#1007=CARTESIAN_POINT('',(1.35E-1,1.78E-1,0.E0));
#1008=LINE('4215',#1007,#1006);
#1009=DIRECTION('',(0.E0,1.E0,0.E0));
#1010=VECTOR('',#1009,8.5E-2);
#1011=CARTESIAN_POINT('',(1.65E-1,-1.78E-1,0.E0));
#1012=LINE('4240',#1011,#1010);
#1013=DIRECTION('',(1.E0,3.071617034796E-13,5.144055683278E-14));
#1014=VECTOR('',#1013,1.5E-2);
#1015=CARTESIAN_POINT('',(1.5E-1,-9.3E-2,0.E0));
#1016=LINE('4372',#1015,#1014);
#1017=DIRECTION('',(1.E0,0.E0,6.863880832448E-14));
#1018=VECTOR('',#1017,1.5E-2);
#1019=CARTESIAN_POINT('',(1.5E-1,1.78E-1,0.E0));
#1020=LINE('4340',#1019,#1018);
#1021=DIRECTION('',(0.E0,-7.335402126987E-14,1.E0));
#1022=VECTOR('',#1021,1.4E-2);
#1023=CARTESIAN_POINT('',(1.5E-1,1.78E-1,0.E0));
#1024=LINE('4341',#1023,#1022);
#1025=DIRECTION('',(0.E0,1.E0,0.E0));
#1026=VECTOR('',#1025,2.71E-1);
#1027=CARTESIAN_POINT('',(1.5E-1,-9.3E-2,0.E0));
#1028=LINE('4541',#1027,#1026);
#1029=DIRECTION('',(0.E0,0.E0,-1.E0));
#1030=VECTOR('',#1029,5.E-2);
#1031=CARTESIAN_POINT('',(1.5E-1,-9.3E-2,5.E-2));
#1032=LINE('4373',#1031,#1030);
#1033=DIRECTION('',(0.E0,-1.E0,0.E0));
#1034=VECTOR('',#1033,1.605E-1);
#1035=CARTESIAN_POINT('',(1.5E-1,6.75E-2,5.E-2));
#1036=LINE('4406',#1035,#1034);
#1037=DIRECTION('',(0.E0,8.612074626946E-1,5.082535845413E-1));
#1038=VECTOR('',#1037,1.770769606696E-2);
#1039=CARTESIAN_POINT('',(1.5E-1,6.75E-2,5.E-2));
#1040=LINE('4442',#1039,#1038);
#1041=DIRECTION('',(0.E0,-1.E0,1.051790233855E-13));
#1042=VECTOR('',#1041,1.900000000001E-2);
#1043=CARTESIAN_POINT('',(1.5E-1,1.0175E-1,5.9E-2));
#1044=LINE('4437',#1043,#1042);
#1045=DIRECTION('',(0.E0,8.612074626947E-1,-5.082535845412E-1));
#1046=VECTOR('',#1045,8.853848033482E-2);
#1047=CARTESIAN_POINT('',(1.5E-1,1.0175E-1,5.9E-2));
#1048=LINE('4431',#1047,#1046);
#1049=CARTESIAN_POINT('',(-1.5E-1,1.78E-1,0.E0));
#1050=DIRECTION('',(0.E0,1.E0,0.E0));
#1051=DIRECTION('',(1.E0,0.E0,0.E0));
#1052=AXIS2_PLACEMENT_3D('',#1049,#1050,#1051);
#1054=DIRECTION('',(1.E0,0.E0,-1.474135842145E-14));
#1055=VECTOR('',#1054,7.E-2);
#1056=CARTESIAN_POINT('',(-1.35E-1,1.78E-1,0.E0));
#1057=LINE('4222',#1056,#1055);
#1058=CARTESIAN_POINT('',(-5.E-2,1.78E-1,0.E0));
#1059=DIRECTION('',(0.E0,1.E0,0.E0));
#1060=DIRECTION('',(1.E0,0.E0,0.E0));
#1061=AXIS2_PLACEMENT_3D('',#1058,#1059,#1060);
#1063=DIRECTION('',(1.E0,0.E0,-1.474135842145E-14));
#1064=VECTOR('',#1063,7.E-2);
#1065=CARTESIAN_POINT('',(-3.5E-2,1.78E-1,0.E0));
#1066=LINE('4218',#1065,#1064);
#1067=CARTESIAN_POINT('',(5.E-2,1.78E-1,0.E0));
#1068=DIRECTION('',(0.E0,1.E0,0.E0));
#1069=DIRECTION('',(1.E0,0.E0,0.E0));
#1070=AXIS2_PLACEMENT_3D('',#1067,#1068,#1069);
#1072=DIRECTION('',(1.E0,0.E0,-1.474135842145E-14));
#1073=VECTOR('',#1072,7.E-2);
#1074=CARTESIAN_POINT('',(6.5E-2,1.78E-1,0.E0));
#1075=LINE('4214',#1074,#1073);
#1076=CARTESIAN_POINT('',(1.5E-1,1.78E-1,0.E0));
#1077=DIRECTION('',(0.E0,1.E0,0.E0));
#1078=DIRECTION('',(1.E0,0.E0,0.E0));
#1079=AXIS2_PLACEMENT_3D('',#1076,#1077,#1078);
#1081=DIRECTION('',(1.E0,-3.071617034796E-13,0.E0));
#1082=VECTOR('',#1081,1.5E-2);
#1083=CARTESIAN_POINT('',(-1.65E-1,-9.3E-2,0.E0));
#1084=LINE('4376',#1083,#1082);
#1085=DIRECTION('',(1.E0,0.E0,0.E0));
#1086=VECTOR('',#1085,1.5E-2);
#1087=CARTESIAN_POINT('',(-1.65E-1,1.78E-1,0.E0));
#1088=LINE('4335',#1087,#1086);
#1089=DIRECTION('',(0.E0,-1.E0,0.E0));
#1090=VECTOR('',#1089,2.71E-1);
#1091=CARTESIAN_POINT('',(-1.65E-1,1.78E-1,0.E0));
#1092=LINE('4491',#1091,#1090);
#1093=DIRECTION('',(0.E0,-1.E0,0.E0));
#1094=VECTOR('',#1093,8.5E-2);
#1095=CARTESIAN_POINT('',(-1.65E-1,-9.3E-2,0.E0));
#1096=LINE('4231',#1095,#1094);
#1097=DIRECTION('',(0.E0,1.E0,0.E0));
#1098=VECTOR('',#1097,3.56E-1);
#1099=CARTESIAN_POINT('',(-1.35E-1,-1.78E-1,0.E0));
#1100=LINE('4221',#1099,#1098);
#1101=DIRECTION('',(0.E0,1.E0,0.E0));
#1102=VECTOR('',#1101,2.71E-1);
#1103=CARTESIAN_POINT('',(-1.8E-1,-9.3E-2,0.E0));
#1104=LINE('4229',#1103,#1102);
#1105=DIRECTION('',(0.E0,0.E0,-1.E0));
#1106=VECTOR('',#1105,5.E-2);
#1107=CARTESIAN_POINT('',(-1.8E-1,-9.3E-2,5.E-2));
#1108=LINE('4377',#1107,#1106);
#1109=DIRECTION('',(0.E0,-1.E0,0.E0));
#1110=VECTOR('',#1109,1.605E-1);
#1111=CARTESIAN_POINT('',(-1.8E-1,6.75E-2,5.E-2));
#1112=LINE('4404',#1111,#1110);
#1113=DIRECTION('',(0.E0,8.612074626946E-1,5.082535845413E-1));
#1114=VECTOR('',#1113,1.770769606696E-2);
#1115=CARTESIAN_POINT('',(-1.8E-1,6.75E-2,5.E-2));
#1116=LINE('4440',#1115,#1114);
#1117=DIRECTION('',(0.E0,-1.E0,1.051790233855E-13));
#1118=VECTOR('',#1117,1.900000000001E-2);
#1119=CARTESIAN_POINT('',(-1.8E-1,1.0175E-1,5.9E-2));
#1120=LINE('4434',#1119,#1118);
#1121=DIRECTION('',(0.E0,8.612074626947E-1,-5.082535845412E-1));
#1122=VECTOR('',#1121,8.853848033482E-2);
#1123=CARTESIAN_POINT('',(-1.8E-1,1.0175E-1,5.9E-2));
#1124=LINE('4427',#1123,#1122);
#1125=DIRECTION('',(0.E0,-7.137148015447E-14,1.E0));
#1126=VECTOR('',#1125,1.4E-2);
#1127=CARTESIAN_POINT('',(-1.8E-1,1.78E-1,0.E0));
#1128=LINE('4347',#1127,#1126);
#1129=DIRECTION('',(1.E0,0.E0,0.E0));
#1130=VECTOR('',#1129,1.2E-1);
#1131=CARTESIAN_POINT('',(-3.E-1,-9.3E-2,5.E-2));
#1132=LINE('4378',#1131,#1130);
#1133=DIRECTION('',(0.E0,-1.E0,0.E0));
#1134=VECTOR('',#1133,1.605E-1);
#1135=CARTESIAN_POINT('',(-3.E-1,6.75E-2,5.E-2));
#1136=LINE('4364',#1135,#1134);
#1137=DIRECTION('',(-1.E0,0.E0,0.E0));
#1138=VECTOR('',#1137,1.2E-1);
#1139=CARTESIAN_POINT('',(-1.8E-1,6.75E-2,5.E-2));
#1140=LINE('4403',#1139,#1138);
#1141=DIRECTION('',(1.E0,0.E0,0.E0));
#1142=VECTOR('',#1141,1.2E-1);
#1143=CARTESIAN_POINT('',(-3.E-1,8.275E-2,5.9E-2));
#1144=LINE('4435',#1143,#1142);
#1145=DIRECTION('',(2.512850467259E-14,0.E0,-1.E0));
#1146=VECTOR('',#1145,1.215E-1);
#1147=CARTESIAN_POINT('',(-3.E-1,-1.78E-1,1.215E-1));
#1148=LINE('4287',#1147,#1146);
#1149=DIRECTION('',(0.E0,1.E0,0.E0));
#1150=VECTOR('',#1149,3.56E-1);
#1151=CARTESIAN_POINT('',(-3.E-1,-1.78E-1,0.E0));
#1152=LINE('4227',#1151,#1150);
#1153=DIRECTION('',(0.E0,-7.137148015447E-14,1.E0));
#1154=VECTOR('',#1153,1.4E-2);
#1155=CARTESIAN_POINT('',(-3.E-1,1.78E-1,0.E0));
#1156=LINE('4349',#1155,#1154);
#1157=DIRECTION('',(0.E0,8.612074626947E-1,-5.082535845412E-1));
#1158=VECTOR('',#1157,8.853848033482E-2);
#1159=CARTESIAN_POINT('',(-3.E-1,1.0175E-1,5.9E-2));
#1160=LINE('4361',#1159,#1158);
#1161=DIRECTION('',(0.E0,8.612074626946E-1,5.082535845413E-1));
#1162=VECTOR('',#1161,1.770769606696E-2);
#1163=CARTESIAN_POINT('',(-3.E-1,6.75E-2,5.E-2));
#1164=LINE('4363',#1163,#1162);
#1165=DIRECTION('',(1.E0,0.E0,0.E0));
#1166=VECTOR('',#1165,1.500000000001E-2);
#1167=CARTESIAN_POINT('',(-3.E-1,-1.78E-1,1.215E-1));
#1168=LINE('4288',#1167,#1166);
#1169=DIRECTION('',(0.E0,-1.E0,0.E0));
#1170=VECTOR('',#1169,8.5E-2);
#1171=CARTESIAN_POINT('',(-3.E-1,-9.3E-2,1.215E-1));
#1172=LINE('4360',#1171,#1170);
#1173=DIRECTION('',(-1.E0,0.E0,0.E0));
#1174=VECTOR('',#1173,1.500000000001E-2);
#1175=CARTESIAN_POINT('',(-2.85E-1,-9.3E-2,1.215E-1));
#1176=LINE('4379',#1175,#1174);
#1177=DIRECTION('',(0.E0,1.E0,0.E0));
#1178=VECTOR('',#1177,8.5E-2);
#1179=CARTESIAN_POINT('',(-2.85E-1,-1.78E-1,1.215E-1));
#1180=LINE('4539',#1179,#1178);
#1181=DIRECTION('',(-2.683038976177E-14,0.E0,1.E0));
#1182=VECTOR('',#1181,6.E-2);
#1183=CARTESIAN_POINT('',(-2.85E-1,-1.78E-1,1.215E-1));
#1184=LINE('4289',#1183,#1182);
#1185=DIRECTION('',(2.683038976177E-14,0.E0,-1.E0));
#1186=VECTOR('',#1185,6.E-2);
#1187=CARTESIAN_POINT('',(-2.85E-1,-9.3E-2,1.815E-1));
#1188=LINE('4380',#1187,#1186);
#1189=DIRECTION('',(0.E0,1.E0,0.E0));
#1190=VECTOR('',#1189,8.5E-2);
#1191=CARTESIAN_POINT('',(-2.85E-1,-1.78E-1,1.815E-1));
#1192=LINE('4538',#1191,#1190);
#1193=DIRECTION('',(-1.E0,0.E0,0.E0));
#1194=VECTOR('',#1193,1.500000000001E-2);
#1195=CARTESIAN_POINT('',(-2.85E-1,-1.78E-1,1.815E-1));
#1196=LINE('4290',#1195,#1194);
#1197=DIRECTION('',(1.E0,0.E0,0.E0));
#1198=VECTOR('',#1197,1.500000000001E-2);
#1199=CARTESIAN_POINT('',(-3.E-1,-9.3E-2,1.815E-1));
#1200=LINE('4381',#1199,#1198);
#1201=DIRECTION('',(0.E0,1.E0,0.E0));
#1202=VECTOR('',#1201,8.5E-2);
#1203=CARTESIAN_POINT('',(-3.E-1,-1.78E-1,1.815E-1));
#1204=LINE('4354',#1203,#1202);
#1205=DIRECTION('',(0.E0,-8.612074626942E-1,5.082535845420E-1));
#1206=VECTOR('',#1205,1.770769606698E-2);
#1207=CARTESIAN_POINT('',(-3.E-1,8.275E-2,2.44E-1));
#1208=LINE('4357',#1207,#1206);
#1209=DIRECTION('',(0.E0,-8.612074626947E-1,-5.082535845412E-1));
#1210=VECTOR('',#1209,8.853848033482E-2);
#1211=CARTESIAN_POINT('',(-3.E-1,1.78E-1,2.89E-1));
#1212=LINE('4359',#1211,#1210);
#1213=DIRECTION('',(0.E0,7.137148015447E-14,1.E0));
#1214=VECTOR('',#1213,1.4E-2);
#1215=CARTESIAN_POINT('',(-3.E-1,1.78E-1,2.89E-1));
#1216=LINE('4345',#1215,#1214);
#1217=DIRECTION('',(0.E0,-1.E0,0.E0));
#1218=VECTOR('',#1217,3.56E-1);
#1219=CARTESIAN_POINT('',(-3.E-1,1.78E-1,3.03E-1));
#1220=LINE('4270',#1219,#1218);
#1221=DIRECTION('',(-3.883496176672E-14,0.E0,-1.E0));
#1222=VECTOR('',#1221,1.215E-1);
#1223=CARTESIAN_POINT('',(-3.E-1,-1.78E-1,3.03E-1));
#1224=LINE('4291',#1223,#1222);
#1225=DIRECTION('',(0.E0,-1.E0,-6.744345476695E-14));
#1226=VECTOR('',#1225,1.605E-1);
#1227=CARTESIAN_POINT('',(-3.E-1,6.75E-2,2.53E-1));
#1228=LINE('4356',#1227,#1226);
#1229=DIRECTION('',(1.E0,0.E0,0.E0));
#1230=VECTOR('',#1229,1.2E-1);
#1231=CARTESIAN_POINT('',(-3.E-1,-9.3E-2,2.53E-1));
#1232=LINE('4382',#1231,#1230);
#1233=DIRECTION('',(0.E0,-1.E0,0.E0));
#1234=VECTOR('',#1233,2.71E-1);
#1235=CARTESIAN_POINT('',(-1.8E-1,1.78E-1,3.03E-1));
#1236=LINE('4262',#1235,#1234);
#1237=DIRECTION('',(0.E0,7.137148015447E-14,1.E0));
#1238=VECTOR('',#1237,1.4E-2);
#1239=CARTESIAN_POINT('',(-1.8E-1,1.78E-1,2.89E-1));
#1240=LINE('4344',#1239,#1238);
#1241=DIRECTION('',(0.E0,-8.612074626947E-1,-5.082535845412E-1));
#1242=VECTOR('',#1241,8.853848033482E-2);
#1243=CARTESIAN_POINT('',(-1.8E-1,1.78E-1,2.89E-1));
#1244=LINE('4533',#1243,#1242);
#1245=DIRECTION('',(0.E0,1.E0,5.215126576199E-13));
#1246=VECTOR('',#1245,1.9E-2);
#1247=CARTESIAN_POINT('',(-1.8E-1,8.275E-2,2.44E-1));
#1248=LINE('4525',#1247,#1246);
#1249=DIRECTION('',(0.E0,-8.612074626942E-1,5.082535845420E-1));
#1250=VECTOR('',#1249,1.770769606698E-2);
#1251=CARTESIAN_POINT('',(-1.8E-1,8.275E-2,2.44E-1));
#1252=LINE('4515',#1251,#1250);
#1253=DIRECTION('',(0.E0,1.E0,6.744345476695E-14));
#1254=VECTOR('',#1253,1.605E-1);
#1255=CARTESIAN_POINT('',(-1.8E-1,-9.3E-2,2.53E-1));
#1256=LINE('4505',#1255,#1254);
#1257=DIRECTION('',(0.E0,0.E0,-1.E0));
#1258=VECTOR('',#1257,5.E-2);
#1259=CARTESIAN_POINT('',(-1.8E-1,-9.3E-2,3.03E-1));
#1260=LINE('4383',#1259,#1258);
#1261=DIRECTION('',(0.E0,-1.E0,0.E0));
#1262=VECTOR('',#1261,8.5E-2);
#1263=CARTESIAN_POINT('',(-1.65E-1,-9.3E-2,3.03E-1));
#1264=LINE('4264',#1263,#1262);
#1265=DIRECTION('',(0.E0,1.E0,0.E0));
#1266=VECTOR('',#1265,8.5E-2);
#1267=CARTESIAN_POINT('',(-1.405408437362E-1,-1.78E-1,2.868441282350E-1));
#1268=LINE('4417',#1267,#1266);
#1269=DIRECTION('',(0.E0,-1.E0,0.E0));
#1270=VECTOR('',#1269,8.5E-2);
#1271=CARTESIAN_POINT('',(-1.594591562638E-1,-9.3E-2,2.868441282350E-1));
#1272=LINE('4416',#1271,#1270);
#1273=DIRECTION('',(1.E0,0.E0,1.017704439239E-12));
#1274=VECTOR('',#1273,1.500000000001E-2);
#1275=CARTESIAN_POINT('',(-1.5E-1,-9.3E-2,3.03E-1));
#1276=LINE('4260',#1275,#1274);
#1277=DIRECTION('',(3.244127429106E-1,0.E0,9.459156263839E-1));
#1278=VECTOR('',#1277,1.707961187489E-2);
#1279=CARTESIAN_POINT('',(-1.405408437362E-1,-9.3E-2,2.868441282350E-1));
#1280=LINE('4414',#1279,#1278);
#1281=CARTESIAN_POINT('',(-1.5E-1,-9.3E-2,2.900882556641E-1));
#1282=DIRECTION('',(0.E0,-1.E0,0.E0));
#1283=DIRECTION('',(0.E0,0.E0,-1.E0));
#1284=AXIS2_PLACEMENT_3D('',#1281,#1282,#1283);
#1286=DIRECTION('',(-2.868978079928E-14,0.E0,-1.E0));
#1287=VECTOR('',#1286,2.708825566409E-2);
#1288=CARTESIAN_POINT('',(-1.5E-1,-9.3E-2,2.800882556641E-1));
#1289=LINE('4386',#1288,#1287);
#1290=DIRECTION('',(0.E0,-1.E0,-6.744345476695E-14));
#1291=VECTOR('',#1290,1.605E-1);
#1292=CARTESIAN_POINT('',(-1.5E-1,6.75E-2,2.53E-1));
#1293=LINE('4503',#1292,#1291);
#1294=DIRECTION('',(0.E0,8.612074626942E-1,-5.082535845420E-1));
#1295=VECTOR('',#1294,1.770769606698E-2);
#1296=CARTESIAN_POINT('',(-1.5E-1,6.75E-2,2.53E-1));
#1297=LINE('4513',#1296,#1295);
#1298=DIRECTION('',(0.E0,-1.E0,-5.215126576199E-13));
#1299=VECTOR('',#1298,1.9E-2);
#1300=CARTESIAN_POINT('',(-1.5E-1,1.0175E-1,2.44E-1));
#1301=LINE('4523',#1300,#1299);
#1302=DIRECTION('',(0.E0,8.612074626947E-1,5.082535845412E-1));
#1303=VECTOR('',#1302,8.853848033482E-2);
#1304=CARTESIAN_POINT('',(-1.5E-1,1.0175E-1,2.44E-1));
#1305=LINE('4531',#1304,#1303);
#1306=DIRECTION('',(0.E0,-7.137148015447E-14,-1.E0));
#1307=VECTOR('',#1306,1.4E-2);
#1308=CARTESIAN_POINT('',(-1.5E-1,1.78E-1,3.03E-1));
#1309=LINE('4332',#1308,#1307);
#1310=DIRECTION('',(0.E0,1.E0,0.E0));
#1311=VECTOR('',#1310,2.71E-1);
#1312=CARTESIAN_POINT('',(-1.5E-1,-9.3E-2,3.03E-1));
#1313=LINE('4261',#1312,#1311);
#1314=DIRECTION('',(3.513096519638E-14,0.E0,-1.E0));
#1315=VECTOR('',#1314,2.291174433591E-2);
#1316=CARTESIAN_POINT('',(-1.5E-1,-9.3E-2,3.03E-1));
#1317=LINE('4413',#1316,#1315);
#1318=DIRECTION('',(1.E0,0.E0,0.E0));
#1319=VECTOR('',#1318,8.5E-2);
#1320=CARTESIAN_POINT('',(-1.5E-1,-9.3E-2,2.53E-1));
#1321=LINE('4387',#1320,#1319);
#1322=DIRECTION('',(1.E0,0.E0,0.E0));
#1323=VECTOR('',#1322,8.5E-2);
#1324=CARTESIAN_POINT('',(-1.5E-1,6.75E-2,2.53E-1));
#1325=LINE('4502',#1324,#1323);
#1326=DIRECTION('',(1.E0,0.E0,0.E0));
#1327=VECTOR('',#1326,8.5E-2);
#1328=CARTESIAN_POINT('',(-1.5E-1,8.275E-2,2.44E-1));
#1329=LINE('4512',#1328,#1327);
#1330=DIRECTION('',(-1.E0,0.E0,0.E0));
#1331=VECTOR('',#1330,8.5E-2);
#1332=CARTESIAN_POINT('',(-6.5E-2,1.78E-1,2.89E-1));
#1333=LINE('4333',#1332,#1331);
#1334=DIRECTION('',(1.E0,0.E0,0.E0));
#1335=VECTOR('',#1334,8.5E-2);
#1336=CARTESIAN_POINT('',(-1.5E-1,1.0175E-1,2.44E-1));
#1337=LINE('4522',#1336,#1335);
#1338=DIRECTION('',(-1.E0,0.E0,0.E0));
#1339=VECTOR('',#1338,8.5E-2);
#1340=CARTESIAN_POINT('',(-6.5E-2,1.78E-1,3.03E-1));
#1341=LINE('4255',#1340,#1339);
#1342=DIRECTION('',(0.E0,-1.E0,3.789506633868E-14));
#1343=VECTOR('',#1342,2.71E-1);
#1344=CARTESIAN_POINT('',(-6.5E-2,1.78E-1,3.03E-1));
#1345=LINE('4256',#1344,#1343);
#1346=DIRECTION('',(0.E0,7.137148015447E-14,1.E0));
#1347=VECTOR('',#1346,1.4E-2);
#1348=CARTESIAN_POINT('',(-6.5E-2,1.78E-1,2.89E-1));
#1349=LINE('4334',#1348,#1347);
#1350=DIRECTION('',(0.E0,-8.612074626947E-1,-5.082535845412E-1));
#1351=VECTOR('',#1350,8.853848033482E-2);
#1352=CARTESIAN_POINT('',(-6.5E-2,1.78E-1,2.89E-1));
#1353=LINE('4532',#1352,#1351);
#1354=DIRECTION('',(0.E0,1.E0,5.215126576199E-13));
#1355=VECTOR('',#1354,1.9E-2);
#1356=CARTESIAN_POINT('',(-6.5E-2,8.275E-2,2.44E-1));
#1357=LINE('4524',#1356,#1355);
#1358=DIRECTION('',(0.E0,-8.612074626942E-1,5.082535845420E-1));
#1359=VECTOR('',#1358,1.770769606698E-2);
#1360=CARTESIAN_POINT('',(-6.5E-2,8.275E-2,2.44E-1));
#1361=LINE('4514',#1360,#1359);
#1362=DIRECTION('',(0.E0,1.E0,6.744345476695E-14));
#1363=VECTOR('',#1362,1.605E-1);
#1364=CARTESIAN_POINT('',(-6.5E-2,-9.3E-2,2.53E-1));
#1365=LINE('4504',#1364,#1363);
#1366=DIRECTION('',(1.415534356397E-14,0.E0,-1.E0));
#1367=VECTOR('',#1366,5.000000000001E-2);
#1368=CARTESIAN_POINT('',(-6.5E-2,-9.3E-2,3.03E-1));
#1369=LINE('4388',#1368,#1367);
#1370=DIRECTION('',(0.E0,1.E0,-3.983741441302E-14));
#1371=VECTOR('',#1370,8.5E-2);
#1372=CARTESIAN_POINT('',(-6.5E-2,-1.78E-1,3.03E-1));
#1373=LINE('4257',#1372,#1371);
#1374=DIRECTION('',(0.E0,-1.E0,0.E0));
#1375=VECTOR('',#1374,8.5E-2);
#1376=CARTESIAN_POINT('',(-5.945915626383E-2,-9.3E-2,2.868441282350E-1));
#1377=LINE('4418',#1376,#1375);
#1378=DIRECTION('',(0.E0,1.E0,0.E0));
#1379=VECTOR('',#1378,8.5E-2);
#1380=CARTESIAN_POINT('',(-4.054084373617E-2,-1.78E-1,2.868441282350E-1));
#1381=LINE('4419',#1380,#1379);
#1382=DIRECTION('',(0.E0,1.E0,0.E0));
#1383=VECTOR('',#1382,8.5E-2);
#1384=CARTESIAN_POINT('',(-3.5E-2,-1.78E-1,3.03E-1));
#1385=LINE('4244',#1384,#1383);
#1386=DIRECTION('',(0.E0,-1.E0,0.E0));
#1387=VECTOR('',#1386,8.5E-2);
#1388=CARTESIAN_POINT('',(3.5E-2,-9.3E-2,3.03E-1));
#1389=LINE('4242',#1388,#1387);
#1390=DIRECTION('',(0.E0,1.E0,0.E0));
#1391=VECTOR('',#1390,8.5E-2);
#1392=CARTESIAN_POINT('',(5.945915626383E-2,-1.78E-1,2.868441282350E-1));
#1393=LINE('4444',#1392,#1391);
#1394=DIRECTION('',(0.E0,-1.E0,0.E0));
#1395=VECTOR('',#1394,8.5E-2);
#1396=CARTESIAN_POINT('',(4.054084373617E-2,-9.3E-2,2.868441282350E-1));
#1397=LINE('4443',#1396,#1395);
#1398=DIRECTION('',(0.E0,1.E0,-4.506199335243E-14));
#1399=VECTOR('',#1398,8.5E-2);
#1400=CARTESIAN_POINT('',(6.5E-2,-1.78E-1,3.03E-1));
#1401=LINE('4276',#1400,#1399);
#1402=DIRECTION('',(2.971441582783E-14,0.E0,1.E0));
#1403=VECTOR('',#1402,2.708825566409E-2);
#1404=CARTESIAN_POINT('',(1.5E-1,-9.3E-2,2.53E-1));
#1405=LINE('4397',#1404,#1403);
#1406=DIRECTION('',(-3.513096519638E-14,0.E0,1.E0));
#1407=VECTOR('',#1406,2.291174433591E-2);
#1408=CARTESIAN_POINT('',(1.5E-1,-9.3E-2,2.800882556641E-1));
#1409=LINE('4473',#1408,#1407);
#1410=DIRECTION('',(0.E0,-1.E0,0.E0));
#1411=VECTOR('',#1410,2.71E-1);
#1412=CARTESIAN_POINT('',(1.5E-1,1.78E-1,3.03E-1));
#1413=LINE('4272',#1412,#1411);
#1414=DIRECTION('',(0.E0,7.137148015447E-14,1.E0));
#1415=VECTOR('',#1414,1.4E-2);
#1416=CARTESIAN_POINT('',(1.5E-1,1.78E-1,2.89E-1));
#1417=LINE('4351',#1416,#1415);
#1418=DIRECTION('',(0.E0,-8.612074626947E-1,-5.082535845412E-1));
#1419=VECTOR('',#1418,8.853848033482E-2);
#1420=CARTESIAN_POINT('',(1.5E-1,1.78E-1,2.89E-1));
#1421=LINE('4534',#1420,#1419);
#1422=DIRECTION('',(0.E0,1.E0,5.215126576199E-13));
#1423=VECTOR('',#1422,1.9E-2);
#1424=CARTESIAN_POINT('',(1.5E-1,8.275E-2,2.44E-1));
#1425=LINE('4527',#1424,#1423);
#1426=DIRECTION('',(0.E0,-8.612074626942E-1,5.082535845420E-1));
#1427=VECTOR('',#1426,1.770769606698E-2);
#1428=CARTESIAN_POINT('',(1.5E-1,8.275E-2,2.44E-1));
#1429=LINE('4517',#1428,#1427);
#1430=DIRECTION('',(0.E0,1.E0,6.744345476695E-14));
#1431=VECTOR('',#1430,1.605E-1);
#1432=CARTESIAN_POINT('',(1.5E-1,-9.3E-2,2.53E-1));
#1433=LINE('4507',#1432,#1431);
#1434=CARTESIAN_POINT('',(1.5E-1,-9.3E-2,2.900882556641E-1));
#1435=DIRECTION('',(0.E0,-1.E0,0.E0));
#1436=DIRECTION('',(-9.459156263837E-1,0.E0,-3.244127429113E-1));
#1437=AXIS2_PLACEMENT_3D('',#1434,#1435,#1436);
#1439=DIRECTION('',(3.244127429106E-1,0.E0,-9.459156263839E-1));
#1440=VECTOR('',#1439,1.707961187488E-2);
#1441=CARTESIAN_POINT('',(1.35E-1,-9.3E-2,3.03E-1));
#1442=LINE('4475',#1441,#1440);
#1443=DIRECTION('',(1.E0,0.E0,-9.103828801918E-13));
#1444=VECTOR('',#1443,1.500000000001E-2);
#1445=CARTESIAN_POINT('',(1.35E-1,-9.3E-2,3.03E-1));
#1446=LINE('4273',#1445,#1444);
#1447=DIRECTION('',(0.E0,1.E0,0.E0));
#1448=VECTOR('',#1447,8.5E-2);
#1449=CARTESIAN_POINT('',(1.594591562638E-1,-1.78E-1,2.868441282350E-1));
#1450=LINE('4477',#1449,#1448);
#1451=DIRECTION('',(0.E0,-1.E0,0.E0));
#1452=VECTOR('',#1451,8.5E-2);
#1453=CARTESIAN_POINT('',(1.405408437362E-1,-9.3E-2,2.868441282350E-1));
#1454=LINE('4476',#1453,#1452);
#1455=DIRECTION('',(0.E0,1.E0,0.E0));
#1456=VECTOR('',#1455,8.5E-2);
#1457=CARTESIAN_POINT('',(1.65E-1,-1.78E-1,3.03E-1));
#1458=LINE('4252',#1457,#1456);
#1459=DIRECTION('',(0.E0,-1.E0,0.E0));
#1460=VECTOR('',#1459,8.5E-2);
#1461=CARTESIAN_POINT('',(1.35E-1,-9.3E-2,3.03E-1));
#1462=LINE('4274',#1461,#1460);
#1463=DIRECTION('',(-1.E0,0.E0,0.E0));
#1464=VECTOR('',#1463,8.5E-2);
#1465=CARTESIAN_POINT('',(1.5E-1,1.78E-1,3.03E-1));
#1466=LINE('4278',#1465,#1464);
#1467=DIRECTION('',(0.E0,-1.E0,4.219666846361E-14));
#1468=VECTOR('',#1467,2.71E-1);
#1469=CARTESIAN_POINT('',(6.5E-2,1.78E-1,3.03E-1));
#1470=LINE('4277',#1469,#1468);
#1471=DIRECTION('',(2.275957200481E-14,0.E0,1.E0));
#1472=VECTOR('',#1471,5.000000000001E-2);
#1473=CARTESIAN_POINT('',(6.5E-2,-9.3E-2,2.53E-1));
#1474=LINE('4395',#1473,#1472);
#1475=DIRECTION('',(0.E0,-1.E0,-6.744345476695E-14));
#1476=VECTOR('',#1475,1.605E-1);
#1477=CARTESIAN_POINT('',(6.5E-2,6.75E-2,2.53E-1));
#1478=LINE('4509',#1477,#1476);
#1479=DIRECTION('',(0.E0,8.612074626942E-1,-5.082535845420E-1));
#1480=VECTOR('',#1479,1.770769606698E-2);
#1481=CARTESIAN_POINT('',(6.5E-2,6.75E-2,2.53E-1));
#1482=LINE('4519',#1481,#1480);
#1483=DIRECTION('',(0.E0,-1.E0,-5.215126576199E-13));
#1484=VECTOR('',#1483,1.9E-2);
#1485=CARTESIAN_POINT('',(6.5E-2,1.0175E-1,2.44E-1));
#1486=LINE('4529',#1485,#1484);
#1487=DIRECTION('',(0.E0,8.612074626947E-1,5.082535845412E-1));
#1488=VECTOR('',#1487,8.853848033482E-2);
#1489=CARTESIAN_POINT('',(6.5E-2,1.0175E-1,2.44E-1));
#1490=LINE('4535',#1489,#1488);
#1491=DIRECTION('',(0.E0,-7.137148015447E-14,-1.E0));
#1492=VECTOR('',#1491,1.4E-2);
#1493=CARTESIAN_POINT('',(6.5E-2,1.78E-1,3.03E-1));
#1494=LINE('4352',#1493,#1492);
#1495=DIRECTION('',(1.E0,0.E0,0.E0));
#1496=VECTOR('',#1495,8.5E-2);
#1497=CARTESIAN_POINT('',(6.5E-2,-9.3E-2,2.53E-1));
#1498=LINE('4396',#1497,#1496);
#1499=DIRECTION('',(1.E0,0.E0,0.E0));
#1500=VECTOR('',#1499,8.5E-2);
#1501=CARTESIAN_POINT('',(6.5E-2,6.75E-2,2.53E-1));
#1502=LINE('4508',#1501,#1500);
#1503=DIRECTION('',(1.E0,0.E0,0.E0));
#1504=VECTOR('',#1503,8.5E-2);
#1505=CARTESIAN_POINT('',(6.5E-2,8.275E-2,2.44E-1));
#1506=LINE('4518',#1505,#1504);
#1507=DIRECTION('',(-1.E0,0.E0,0.E0));
#1508=VECTOR('',#1507,8.5E-2);
#1509=CARTESIAN_POINT('',(1.5E-1,1.78E-1,2.89E-1));
#1510=LINE('4353',#1509,#1508);
#1511=DIRECTION('',(1.E0,0.E0,0.E0));
#1512=VECTOR('',#1511,8.5E-2);
#1513=CARTESIAN_POINT('',(6.5E-2,1.0175E-1,2.44E-1));
#1514=LINE('4528',#1513,#1512);
#1515=DIRECTION('',(0.E0,1.E0,0.E0));
#1516=VECTOR('',#1515,8.5E-2);
#1517=CARTESIAN_POINT('',(-1.35E-1,-1.78E-1,3.03E-1));
#1518=LINE('4259',#1517,#1516);
#1519=DIRECTION('',(0.E0,1.E0,0.E0));
#1520=VECTOR('',#1519,8.5E-2);
#1521=CARTESIAN_POINT('',(-2.35E-1,-1.78E-1,3.03E-1));
#1522=LINE('4266',#1521,#1520);
#1523=DIRECTION('',(-1.567373681824E-13,-1.E0,0.E0));
#1524=VECTOR('',#1523,8.5E-2);
#1525=CARTESIAN_POINT('',(-2.594591562638E-1,-9.3E-2,2.868441282350E-1));
#1526=LINE('4411',#1525,#1524);
#1527=DIRECTION('',(-1.567373681824E-13,1.E0,0.E0));
#1528=VECTOR('',#1527,8.5E-2);
#1529=CARTESIAN_POINT('',(-2.405408437362E-1,-1.78E-1,2.868441282350E-1));
#1530=LINE('4412',#1529,#1528);
#1531=DIRECTION('',(0.E0,-1.E0,0.E0));
#1532=VECTOR('',#1531,8.5E-2);
#1533=CARTESIAN_POINT('',(-2.65E-1,-9.3E-2,3.03E-1));
#1534=LINE('4268',#1533,#1532);
#1535=DIRECTION('',(1.E0,0.E0,5.181040781579E-14));
#1536=VECTOR('',#1535,3.000000000003E-2);
#1537=CARTESIAN_POINT('',(-2.65E-1,-9.3E-2,3.03E-1));
#1538=LINE('4267',#1537,#1536);
#1539=DIRECTION('',(3.244127429106E-1,0.E0,9.459156263839E-1));
#1540=VECTOR('',#1539,1.707961187489E-2);
#1541=CARTESIAN_POINT('',(-2.405408437362E-1,-9.3E-2,2.868441282350E-1));
#1542=LINE('4408',#1541,#1540);
#1543=CARTESIAN_POINT('',(-2.5E-1,-9.3E-2,2.900882556641E-1));
#1544=DIRECTION('',(0.E0,-1.E0,0.E0));
#1545=DIRECTION('',(-9.459156263837E-1,0.E0,-3.244127429113E-1));
#1546=AXIS2_PLACEMENT_3D('',#1543,#1544,#1545);
#1548=DIRECTION('',(3.244127429106E-1,0.E0,-9.459156263839E-1));
#1549=VECTOR('',#1548,1.707961187488E-2);
#1550=CARTESIAN_POINT('',(-2.65E-1,-9.3E-2,3.03E-1));
#1551=LINE('4410',#1550,#1549);
#1552=DIRECTION('',(-1.E0,0.E0,0.E0));
#1553=VECTOR('',#1552,1.2E-1);
#1554=CARTESIAN_POINT('',(-1.8E-1,1.78E-1,3.03E-1));
#1555=LINE('4271',#1554,#1553);
#1556=DIRECTION('',(-1.E0,0.E0,0.E0));
#1557=VECTOR('',#1556,1.2E-1);
#1558=CARTESIAN_POINT('',(-1.8E-1,1.78E-1,2.89E-1));
#1559=LINE('4346',#1558,#1557);
#1560=DIRECTION('',(1.E0,0.E0,0.E0));
#1561=VECTOR('',#1560,1.2E-1);
#1562=CARTESIAN_POINT('',(-3.E-1,1.0175E-1,2.44E-1));
#1563=LINE('4526',#1562,#1561);
#1564=DIRECTION('',(0.E0,-1.E0,-5.215126576199E-13));
#1565=VECTOR('',#1564,1.9E-2);
#1566=CARTESIAN_POINT('',(-3.E-1,1.0175E-1,2.44E-1));
#1567=LINE('4358',#1566,#1565);
#1568=DIRECTION('',(1.E0,0.E0,0.E0));
#1569=VECTOR('',#1568,1.2E-1);
#1570=CARTESIAN_POINT('',(-3.E-1,8.275E-2,2.44E-1));
#1571=LINE('4516',#1570,#1569);
#1572=DIRECTION('',(1.E0,0.E0,0.E0));
#1573=VECTOR('',#1572,1.2E-1);
#1574=CARTESIAN_POINT('',(-3.E-1,6.75E-2,2.53E-1));
#1575=LINE('4506',#1574,#1573);
#1576=DIRECTION('',(0.E0,-1.E0,0.E0));
#1577=VECTOR('',#1576,3.56E-1);
#1578=CARTESIAN_POINT('',(-2.65E-1,1.78E-1,0.E0));
#1579=LINE('4225',#1578,#1577);
#1580=DIRECTION('',(0.E0,1.E0,0.E0));
#1581=VECTOR('',#1580,3.56E-1);
#1582=CARTESIAN_POINT('',(-2.35E-1,-1.78E-1,0.E0));
#1583=LINE('4233',#1582,#1581);
#1584=DIRECTION('',(1.E0,0.E0,0.E0));
#1585=VECTOR('',#1584,3.5E-2);
#1586=CARTESIAN_POINT('',(-3.E-1,1.78E-1,0.E0));
#1587=LINE('4228',#1586,#1585);
#1588=CARTESIAN_POINT('',(-2.5E-1,1.78E-1,0.E0));
#1589=DIRECTION('',(0.E0,1.E0,0.E0));
#1590=DIRECTION('',(1.E0,0.E0,0.E0));
#1591=AXIS2_PLACEMENT_3D('',#1588,#1589,#1590);
#1593=DIRECTION('',(1.E0,0.E0,-1.871967499759E-14));
#1594=VECTOR('',#1593,5.5E-2);
#1595=CARTESIAN_POINT('',(-2.35E-1,1.78E-1,0.E0));
#1596=LINE('4234',#1595,#1594);
#1597=DIRECTION('',(-1.E0,0.E0,0.E0));
#1598=VECTOR('',#1597,1.2E-1);
#1599=CARTESIAN_POINT('',(-1.8E-1,1.78E-1,1.4E-2));
#1600=LINE('4348',#1599,#1598);
#1601=DIRECTION('',(0.E0,1.E0,-1.062746382124E-13));
#1602=VECTOR('',#1601,1.900000000001E-2);
#1603=CARTESIAN_POINT('',(-3.E-1,8.275E-2,5.9E-2));
#1604=LINE('4362',#1603,#1602);
#1605=DIRECTION('',(1.E0,0.E0,0.E0));
#1606=VECTOR('',#1605,1.2E-1);
#1607=CARTESIAN_POINT('',(-3.E-1,1.0175E-1,5.9E-2));
#1608=LINE('4428',#1607,#1606);
#1609=DIRECTION('',(0.E0,-1.E0,0.E0));
#1610=VECTOR('',#1609,3.56E-1);
#1611=CARTESIAN_POINT('',(-6.5E-2,1.78E-1,0.E0));
#1612=LINE('4223',#1611,#1610);
#1613=DIRECTION('',(0.E0,1.E0,0.E0));
#1614=VECTOR('',#1613,3.56E-1);
#1615=CARTESIAN_POINT('',(-3.5E-2,-1.78E-1,0.E0));
#1616=LINE('4217',#1615,#1614);
#1617=DIRECTION('',(0.E0,-1.E0,0.E0));
#1618=VECTOR('',#1617,3.56E-1);
#1619=CARTESIAN_POINT('',(3.5E-2,1.78E-1,0.E0));
#1620=LINE('4219',#1619,#1618);
#1621=DIRECTION('',(0.E0,1.E0,0.E0));
#1622=VECTOR('',#1621,3.56E-1);
#1623=CARTESIAN_POINT('',(6.5E-2,-1.78E-1,0.E0));
#1624=LINE('4213',#1623,#1622);
#1625=DIRECTION('',(0.E0,7.137148015447E-14,-1.E0));
#1626=VECTOR('',#1625,1.4E-2);
#1627=CARTESIAN_POINT('',(-1.5E-1,1.78E-1,1.4E-2));
#1628=LINE('4343',#1627,#1626);
#1629=DIRECTION('',(0.E0,-8.612074626947E-1,5.082535845412E-1));
#1630=VECTOR('',#1629,8.853848033482E-2);
#1631=CARTESIAN_POINT('',(-1.5E-1,1.78E-1,1.4E-2));
#1632=LINE('4429',#1631,#1630);
#1633=DIRECTION('',(0.E0,1.E0,-1.051790233855E-13));
#1634=VECTOR('',#1633,1.900000000001E-2);
#1635=CARTESIAN_POINT('',(-1.5E-1,8.275E-2,5.9E-2));
#1636=LINE('4436',#1635,#1634);
#1637=DIRECTION('',(0.E0,-8.612074626946E-1,-5.082535845413E-1));
#1638=VECTOR('',#1637,1.770769606696E-2);
#1639=CARTESIAN_POINT('',(-1.5E-1,8.275E-2,5.9E-2));
#1640=LINE('4441',#1639,#1638);
#1641=DIRECTION('',(0.E0,1.E0,0.E0));
#1642=VECTOR('',#1641,1.605E-1);
#1643=CARTESIAN_POINT('',(-1.5E-1,-9.3E-2,5.E-2));
#1644=LINE('4405',#1643,#1642);
#1645=DIRECTION('',(0.E0,0.E0,1.E0));
#1646=VECTOR('',#1645,5.E-2);
#1647=CARTESIAN_POINT('',(-1.5E-1,-9.3E-2,0.E0));
#1648=LINE('4375',#1647,#1646);
#1649=DIRECTION('',(0.E0,-1.E0,0.E0));
#1650=VECTOR('',#1649,2.71E-1);
#1651=CARTESIAN_POINT('',(-1.5E-1,1.78E-1,0.E0));
#1652=LINE('4540',#1651,#1650);
#1653=DIRECTION('',(-1.E0,0.E0,0.E0));
#1654=VECTOR('',#1653,3.E-1);
#1655=CARTESIAN_POINT('',(1.5E-1,1.78E-1,1.4E-2));
#1656=LINE('4342',#1655,#1654);
#1657=DIRECTION('',(1.E0,0.E0,0.E0));
#1658=VECTOR('',#1657,3.E-1);
#1659=CARTESIAN_POINT('',(-1.5E-1,1.0175E-1,5.9E-2));
#1660=LINE('4430',#1659,#1658);
#1661=DIRECTION('',(1.E0,0.E0,0.E0));
#1662=VECTOR('',#1661,3.E-1);
#1663=CARTESIAN_POINT('',(-1.5E-1,8.275E-2,5.9E-2));
#1664=LINE('4438',#1663,#1662);
#1665=DIRECTION('',(-1.E0,0.E0,0.E0));
#1666=VECTOR('',#1665,3.E-1);
#1667=CARTESIAN_POINT('',(1.5E-1,6.75E-2,5.E-2));
#1668=LINE('4407',#1667,#1666);
#1669=DIRECTION('',(1.E0,0.E0,0.E0));
#1670=VECTOR('',#1669,3.E-1);
#1671=CARTESIAN_POINT('',(-1.5E-1,-9.3E-2,5.E-2));
#1672=LINE('4374',#1671,#1670);
#1673=DIRECTION('',(0.E0,-1.E0,0.E0));
#1674=VECTOR('',#1673,8.5E-2);
#1675=CARTESIAN_POINT('',(2.35E-1,-9.3E-2,3.03E-1));
#1676=LINE('4250',#1675,#1674);
#1677=DIRECTION('',(1.E0,0.E0,5.181040781579E-14));
#1678=VECTOR('',#1677,3.000000000003E-2);
#1679=CARTESIAN_POINT('',(2.35E-1,-9.3E-2,3.03E-1));
#1680=LINE('4249',#1679,#1678);
#1681=DIRECTION('',(3.244127429106E-1,0.E0,9.459156263839E-1));
#1682=VECTOR('',#1681,1.707961187489E-2);
#1683=CARTESIAN_POINT('',(2.594591562638E-1,-9.3E-2,2.868441282350E-1));
#1684=LINE('4478',#1683,#1682);
#1685=CARTESIAN_POINT('',(2.5E-1,-9.3E-2,2.900882556641E-1));
#1686=DIRECTION('',(0.E0,-1.E0,0.E0));
#1687=DIRECTION('',(-9.459156263837E-1,0.E0,-3.244127429113E-1));
#1688=AXIS2_PLACEMENT_3D('',#1685,#1686,#1687);
#1690=DIRECTION('',(3.244127429106E-1,0.E0,-9.459156263839E-1));
#1691=VECTOR('',#1690,1.707961187488E-2);
#1692=CARTESIAN_POINT('',(2.35E-1,-9.3E-2,3.03E-1));
#1693=LINE('4480',#1692,#1691);
#1694=DIRECTION('',(0.E0,1.E0,0.E0));
#1695=VECTOR('',#1694,8.5E-2);
#1696=CARTESIAN_POINT('',(2.65E-1,-1.78E-1,3.03E-1));
#1697=LINE('4248',#1696,#1695);
#1698=DIRECTION('',(0.E0,-1.E0,0.E0));
#1699=VECTOR('',#1698,8.5E-2);
#1700=CARTESIAN_POINT('',(2.405408437362E-1,-9.3E-2,2.868441282350E-1));
#1701=LINE('4481',#1700,#1699);
#1702=DIRECTION('',(0.E0,1.E0,0.E0));
#1703=VECTOR('',#1702,8.5E-2);
#1704=CARTESIAN_POINT('',(2.594591562638E-1,-1.78E-1,2.868441282350E-1));
#1705=LINE('4482',#1704,#1703);
#1706=DIRECTION('',(1.E0,0.E0,-5.107025913272E-14));
#1707=VECTOR('',#1706,2.500000000002E-2);
#1708=CARTESIAN_POINT('',(1.375E-1,-3.108439446360E-1,1.89E-1));
#1709=LINE('3877',#1708,#1707);
#1710=DIRECTION('',(-4.996003610809E-14,0.E0,-1.E0));
#1711=VECTOR('',#1710,2.500000000002E-2);
#1712=CARTESIAN_POINT('',(1.375E-1,-3.108439446360E-1,2.14E-1));
#1713=LINE('3889',#1712,#1711);
#1714=DIRECTION('',(7.563399596716E-14,1.E0,6.623197989390E-14));
#1715=VECTOR('',#1714,1.328439446360E-1);
#1716=CARTESIAN_POINT('',(1.375E-1,-3.108439446360E-1,1.89E-1));
#1717=LINE('4584',#1716,#1715);
#1718=DIRECTION('',(-4.733643687025E-14,1.E0,-4.146828353923E-14));
#1719=VECTOR('',#1718,2.128439446359E-1);
#1720=CARTESIAN_POINT('',(1.375E-1,-9.3E-2,1.89E-1));
#1721=LINE('4585',#1720,#1719);
#1722=DIRECTION('',(7.605186334820E-14,-1.E0,6.623197989390E-14));
#1723=VECTOR('',#1722,1.328439446360E-1);
#1724=CARTESIAN_POINT('',(1.625E-1,-1.78E-1,2.14E-1));
#1725=LINE('4587',#1724,#1723);
#1726=DIRECTION('',(-1.E0,0.E0,5.107025913272E-14));
#1727=VECTOR('',#1726,2.500000000002E-2);
#1728=CARTESIAN_POINT('',(1.625E-1,-3.108439446360E-1,2.14E-1));
#1729=LINE('3888',#1728,#1727);
#1730=DIRECTION('',(6.623197989390E-14,1.E0,-7.584292965768E-14));
#1731=VECTOR('',#1730,1.328439446360E-1);
#1732=CARTESIAN_POINT('',(1.375E-1,-3.108439446360E-1,2.14E-1));
#1733=LINE('4588',#1732,#1731);
#1734=DIRECTION('',(-4.146828353923E-14,1.E0,4.733643687025E-14));
#1735=VECTOR('',#1734,2.128439446359E-1);
#1736=CARTESIAN_POINT('',(1.375E-1,-9.3E-2,2.14E-1));
#1737=LINE('4589',#1736,#1735);
#1738=DIRECTION('',(1.E0,0.E0,-5.107025913272E-14));
#1739=VECTOR('',#1738,2.500000000002E-2);
#1740=CARTESIAN_POINT('',(1.375E-1,1.198439446359E-1,2.14E-1));
#1741=LINE('3900',#1740,#1739);
#1742=DIRECTION('',(-4.772764709232E-14,-1.E0,-4.146828353923E-14));
#1743=VECTOR('',#1742,2.128439446359E-1);
#1744=CARTESIAN_POINT('',(1.625E-1,1.198439446359E-1,2.14E-1));
#1745=LINE('4586',#1744,#1743);
#1746=DIRECTION('',(6.664984727493E-14,-1.E0,-7.584292965768E-14));
#1747=VECTOR('',#1746,1.328439446360E-1);
#1748=CARTESIAN_POINT('',(1.625E-1,-1.78E-1,1.89E-1));
#1749=LINE('4583',#1748,#1747);
#1750=DIRECTION('',(-4.172909035394E-14,-1.E0,4.746684027761E-14));
#1751=VECTOR('',#1750,2.128439446359E-1);
#1752=CARTESIAN_POINT('',(1.625E-1,1.198439446359E-1,1.89E-1));
#1753=LINE('4582',#1752,#1751);
#1754=DIRECTION('',(0.E0,0.E0,1.E0));
#1755=VECTOR('',#1754,9.000000000012E-3);
#1756=CARTESIAN_POINT('',(1.545E-1,-3.28E-1,1.97E-1));
#1757=LINE('3874',#1756,#1755);
#1758=DIRECTION('',(-3.892816206351E-1,-8.348171294790E-1,-3.892816206350E-1));
#1759=VECTOR('',#1758,2.055067482239E-2);
#1760=CARTESIAN_POINT('',(1.625E-1,-3.108439446360E-1,2.14E-1));
#1761=LINE('3886',#1760,#1759);
#1762=DIRECTION('',(-4.884981308347E-14,0.E0,-1.E0));
#1763=VECTOR('',#1762,2.500000000002E-2);
#1764=CARTESIAN_POINT('',(1.625E-1,-3.108439446360E-1,2.14E-1));
#1765=LINE('3883',#1764,#1763);
#1766=DIRECTION('',(-3.892816206351E-1,8.348171294790E-1,-3.892816206350E-1));
#1767=VECTOR('',#1766,2.055067482239E-2);
#1768=CARTESIAN_POINT('',(1.455E-1,-3.28E-1,1.97E-1));
#1769=LINE('3878',#1768,#1767);
#1770=DIRECTION('',(1.E0,0.E0,0.E0));
#1771=VECTOR('',#1770,9.000000000012E-3);
#1772=CARTESIAN_POINT('',(1.455E-1,-3.28E-1,1.97E-1));
#1773=LINE('3873',#1772,#1771);
#1774=DIRECTION('',(-3.892816206350E-1,-8.348171294790E-1,3.892816206351E-1));
#1775=VECTOR('',#1774,2.055067482239E-2);
#1776=CARTESIAN_POINT('',(1.625E-1,-3.108439446360E-1,1.89E-1));
#1777=LINE('3879',#1776,#1775);
#1778=DIRECTION('',(0.E0,0.E0,-1.E0));
#1779=VECTOR('',#1778,9.000000000012E-3);
#1780=CARTESIAN_POINT('',(1.455E-1,-3.28E-1,2.06E-1));
#1781=LINE('3876',#1780,#1779);
#1782=DIRECTION('',(-1.E0,0.E0,0.E0));
#1783=VECTOR('',#1782,9.000000000012E-3);
#1784=CARTESIAN_POINT('',(1.545E-1,-3.28E-1,2.06E-1));
#1785=LINE('3875',#1784,#1783);
#1786=DIRECTION('',(3.892816206350E-1,-8.348171294790E-1,-3.892816206351E-1));
#1787=VECTOR('',#1786,2.055067482239E-2);
#1788=CARTESIAN_POINT('',(1.375E-1,-3.108439446360E-1,2.14E-1));
#1789=LINE('3887',#1788,#1787);
#1790=DIRECTION('',(5.107025913272E-14,0.E0,1.E0));
#1791=VECTOR('',#1790,2.500000000002E-2);
#1792=CARTESIAN_POINT('',(1.625E-1,1.198439446359E-1,1.89E-1));
#1793=LINE('3885',#1792,#1791);
#1794=DIRECTION('',(3.892816206347E-1,-8.348171294794E-1,3.892816206346E-1));
#1795=VECTOR('',#1794,2.055067482241E-2);
#1796=CARTESIAN_POINT('',(1.545E-1,1.37E-1,2.06E-1));
#1797=LINE('3899',#1796,#1795);
#1798=DIRECTION('',(0.E0,0.E0,-1.E0));
#1799=VECTOR('',#1798,9.000000000015E-3);
#1800=CARTESIAN_POINT('',(1.545E-1,1.37E-1,2.06E-1));
#1801=LINE('3897',#1800,#1799);
#1802=DIRECTION('',(1.E0,0.E0,0.E0));
#1803=VECTOR('',#1802,9.000000000015E-3);
#1804=CARTESIAN_POINT('',(1.455E-1,1.37E-1,2.06E-1));
#1805=LINE('3898',#1804,#1803);
#1806=DIRECTION('',(-4.996003610809E-14,0.E0,-1.E0));
#1807=VECTOR('',#1806,2.500000000002E-2);
#1808=CARTESIAN_POINT('',(1.375E-1,1.198439446359E-1,2.14E-1));
#1809=LINE('3890',#1808,#1807);
#1810=DIRECTION('',(-3.892816206347E-1,-8.348171294794E-1,-3.892816206346E-1));
#1811=VECTOR('',#1810,2.055067482241E-2);
#1812=CARTESIAN_POINT('',(1.455E-1,1.37E-1,1.97E-1));
#1813=LINE('3892',#1812,#1811);
#1814=DIRECTION('',(3.892816206346E-1,8.348171294794E-1,-3.892816206347E-1));
#1815=VECTOR('',#1814,2.055067482241E-2);
#1816=CARTESIAN_POINT('',(1.375E-1,1.198439446359E-1,2.14E-1));
#1817=LINE('3894',#1816,#1815);
#1818=DIRECTION('',(1.E0,0.E0,-5.107025913272E-14));
#1819=VECTOR('',#1818,2.500000000002E-2);
#1820=CARTESIAN_POINT('',(1.375E-1,1.198439446359E-1,1.89E-1));
#1821=LINE('3881',#1820,#1819);
#1822=DIRECTION('',(3.892816206346E-1,-8.348171294794E-1,-3.892816206347E-1));
#1823=VECTOR('',#1822,2.055067482241E-2);
#1824=CARTESIAN_POINT('',(1.545E-1,1.37E-1,1.97E-1));
#1825=LINE('3896',#1824,#1823);
#1826=DIRECTION('',(0.E0,0.E0,-1.E0));
#1827=VECTOR('',#1826,9.000000000015E-3);
#1828=CARTESIAN_POINT('',(1.455E-1,1.37E-1,2.06E-1));
#1829=LINE('3893',#1828,#1827);
#1830=DIRECTION('',(1.E0,0.E0,0.E0));
#1831=VECTOR('',#1830,9.000000000015E-3);
#1832=CARTESIAN_POINT('',(1.455E-1,1.37E-1,1.97E-1));
#1833=LINE('3895',#1832,#1831);
#1834=DIRECTION('',(1.E0,0.E0,-5.107025913272E-14));
#1835=VECTOR('',#1834,2.500000000002E-2);
#1836=CARTESIAN_POINT('',(2.375E-1,-3.108439446360E-1,1.89E-1));
#1837=LINE('3905',#1836,#1835);
#1838=DIRECTION('',(-4.996003610809E-14,0.E0,-1.E0));
#1839=VECTOR('',#1838,2.500000000002E-2);
#1840=CARTESIAN_POINT('',(2.375E-1,-3.108439446360E-1,2.14E-1));
#1841=LINE('3917',#1840,#1839);
#1842=DIRECTION('',(7.584292965768E-14,1.E0,6.623197989390E-14));
#1843=VECTOR('',#1842,1.328439446360E-1);
#1844=CARTESIAN_POINT('',(2.375E-1,-3.108439446360E-1,1.89E-1));
#1845=LINE('4600',#1844,#1843);
#1846=DIRECTION('',(-4.746684027761E-14,1.E0,-4.146828353923E-14));
#1847=VECTOR('',#1846,2.128439446359E-1);
#1848=CARTESIAN_POINT('',(2.375E-1,-9.3E-2,1.89E-1));
#1849=LINE('4601',#1848,#1847);
#1850=DIRECTION('',(7.605186334820E-14,-1.E0,6.623197989390E-14));
#1851=VECTOR('',#1850,1.328439446360E-1);
#1852=CARTESIAN_POINT('',(2.625E-1,-1.78E-1,2.14E-1));
#1853=LINE('4603',#1852,#1851);
#1854=DIRECTION('',(-1.E0,0.E0,5.107025913272E-14));
#1855=VECTOR('',#1854,2.500000000002E-2);
#1856=CARTESIAN_POINT('',(2.625E-1,-3.108439446360E-1,2.14E-1));
#1857=LINE('3916',#1856,#1855);
#1858=DIRECTION('',(6.685878096545E-14,1.E0,-7.584292965768E-14));
#1859=VECTOR('',#1858,1.328439446360E-1);
#1860=CARTESIAN_POINT('',(2.375E-1,-3.108439446360E-1,2.14E-1));
#1861=LINE('4604',#1860,#1859);
#1862=DIRECTION('',(-4.133788013187E-14,1.E0,4.733643687025E-14));
#1863=VECTOR('',#1862,2.128439446359E-1);
#1864=CARTESIAN_POINT('',(2.375E-1,-9.3E-2,2.14E-1));
#1865=LINE('4605',#1864,#1863);
#1866=DIRECTION('',(1.E0,0.E0,-5.107025913272E-14));
#1867=VECTOR('',#1866,2.500000000002E-2);
#1868=CARTESIAN_POINT('',(2.375E-1,1.198439446359E-1,2.14E-1));
#1869=LINE('3928',#1868,#1867);
#1870=DIRECTION('',(-4.772764709232E-14,-1.E0,-4.146828353923E-14));
#1871=VECTOR('',#1870,2.128439446359E-1);
#1872=CARTESIAN_POINT('',(2.625E-1,1.198439446359E-1,2.14E-1));
#1873=LINE('4602',#1872,#1871);
#1874=DIRECTION('',(6.644091358441E-14,-1.E0,-7.584292965768E-14));
#1875=VECTOR('',#1874,1.328439446360E-1);
#1876=CARTESIAN_POINT('',(2.625E-1,-1.78E-1,1.89E-1));
#1877=LINE('4599',#1876,#1875);
#1878=DIRECTION('',(-4.146828353923E-14,-1.E0,4.746684027761E-14));
#1879=VECTOR('',#1878,2.128439446359E-1);
#1880=CARTESIAN_POINT('',(2.625E-1,1.198439446359E-1,1.89E-1));
#1881=LINE('4598',#1880,#1879);
#1882=DIRECTION('',(0.E0,0.E0,1.E0));
#1883=VECTOR('',#1882,9.000000000012E-3);
#1884=CARTESIAN_POINT('',(2.545E-1,-3.28E-1,1.97E-1));
#1885=LINE('3902',#1884,#1883);
#1886=DIRECTION('',(-3.892816206351E-1,-8.348171294790E-1,-3.892816206350E-1));
#1887=VECTOR('',#1886,2.055067482239E-2);
#1888=CARTESIAN_POINT('',(2.625E-1,-3.108439446360E-1,2.14E-1));
#1889=LINE('3914',#1888,#1887);
#1890=DIRECTION('',(-5.107025913272E-14,0.E0,-1.E0));
#1891=VECTOR('',#1890,2.500000000002E-2);
#1892=CARTESIAN_POINT('',(2.625E-1,-3.108439446360E-1,2.14E-1));
#1893=LINE('3911',#1892,#1891);
#1894=DIRECTION('',(-3.892816206351E-1,8.348171294790E-1,-3.892816206350E-1));
#1895=VECTOR('',#1894,2.055067482239E-2);
#1896=CARTESIAN_POINT('',(2.455E-1,-3.28E-1,1.97E-1));
#1897=LINE('3906',#1896,#1895);
#1898=DIRECTION('',(1.E0,0.E0,0.E0));
#1899=VECTOR('',#1898,9.000000000012E-3);
#1900=CARTESIAN_POINT('',(2.455E-1,-3.28E-1,1.97E-1));
#1901=LINE('3901',#1900,#1899);
#1902=DIRECTION('',(-3.892816206350E-1,-8.348171294790E-1,3.892816206351E-1));
#1903=VECTOR('',#1902,2.055067482239E-2);
#1904=CARTESIAN_POINT('',(2.625E-1,-3.108439446360E-1,1.89E-1));
#1905=LINE('3907',#1904,#1903);
#1906=DIRECTION('',(0.E0,0.E0,-1.E0));
#1907=VECTOR('',#1906,9.000000000012E-3);
#1908=CARTESIAN_POINT('',(2.455E-1,-3.28E-1,2.06E-1));
#1909=LINE('3904',#1908,#1907);
#1910=DIRECTION('',(-1.E0,0.E0,0.E0));
#1911=VECTOR('',#1910,9.000000000012E-3);
#1912=CARTESIAN_POINT('',(2.545E-1,-3.28E-1,2.06E-1));
#1913=LINE('3903',#1912,#1911);
#1914=DIRECTION('',(3.892816206350E-1,-8.348171294790E-1,-3.892816206351E-1));
#1915=VECTOR('',#1914,2.055067482239E-2);
#1916=CARTESIAN_POINT('',(2.375E-1,-3.108439446360E-1,2.14E-1));
#1917=LINE('3915',#1916,#1915);
#1918=DIRECTION('',(5.107025913272E-14,0.E0,1.E0));
#1919=VECTOR('',#1918,2.500000000002E-2);
#1920=CARTESIAN_POINT('',(2.625E-1,1.198439446359E-1,1.89E-1));
#1921=LINE('3913',#1920,#1919);
#1922=DIRECTION('',(3.892816206347E-1,-8.348171294794E-1,3.892816206346E-1));
#1923=VECTOR('',#1922,2.055067482241E-2);
#1924=CARTESIAN_POINT('',(2.545E-1,1.37E-1,2.06E-1));
#1925=LINE('3927',#1924,#1923);
#1926=DIRECTION('',(-1.233581138470E-14,0.E0,-1.E0));
#1927=VECTOR('',#1926,9.000000000015E-3);
#1928=CARTESIAN_POINT('',(2.545E-1,1.37E-1,2.06E-1));
#1929=LINE('3925',#1928,#1927);
#1930=DIRECTION('',(1.E0,0.E0,0.E0));
#1931=VECTOR('',#1930,9.000000000015E-3);
#1932=CARTESIAN_POINT('',(2.455E-1,1.37E-1,2.06E-1));
#1933=LINE('3926',#1932,#1931);
#1934=DIRECTION('',(-5.107025913272E-14,0.E0,-1.E0));
#1935=VECTOR('',#1934,2.500000000002E-2);
#1936=CARTESIAN_POINT('',(2.375E-1,1.198439446359E-1,2.14E-1));
#1937=LINE('3918',#1936,#1935);
#1938=DIRECTION('',(-3.892816206347E-1,-8.348171294794E-1,-3.892816206346E-1));
#1939=VECTOR('',#1938,2.055067482241E-2);
#1940=CARTESIAN_POINT('',(2.455E-1,1.37E-1,1.97E-1));
#1941=LINE('3920',#1940,#1939);
#1942=DIRECTION('',(3.892816206346E-1,8.348171294794E-1,-3.892816206347E-1));
#1943=VECTOR('',#1942,2.055067482241E-2);
#1944=CARTESIAN_POINT('',(2.375E-1,1.198439446359E-1,2.14E-1));
#1945=LINE('3922',#1944,#1943);
#1946=DIRECTION('',(1.E0,0.E0,-5.107025913272E-14));
#1947=VECTOR('',#1946,2.500000000002E-2);
#1948=CARTESIAN_POINT('',(2.375E-1,1.198439446359E-1,1.89E-1));
#1949=LINE('3909',#1948,#1947);
#1950=DIRECTION('',(3.892816206346E-1,-8.348171294794E-1,-3.892816206347E-1));
#1951=VECTOR('',#1950,2.055067482241E-2);
#1952=CARTESIAN_POINT('',(2.545E-1,1.37E-1,1.97E-1));
#1953=LINE('3924',#1952,#1951);
#1954=DIRECTION('',(0.E0,0.E0,-1.E0));
#1955=VECTOR('',#1954,9.000000000015E-3);
#1956=CARTESIAN_POINT('',(2.455E-1,1.37E-1,2.06E-1));
#1957=LINE('3921',#1956,#1955);
#1958=DIRECTION('',(1.E0,0.E0,0.E0));
#1959=VECTOR('',#1958,9.000000000015E-3);
#1960=CARTESIAN_POINT('',(2.455E-1,1.37E-1,1.97E-1));
#1961=LINE('3923',#1960,#1959);
#1962=DIRECTION('',(1.E0,0.E0,-4.996003610813E-14));
#1963=VECTOR('',#1962,2.5E-2);
#1964=CARTESIAN_POINT('',(3.75E-2,-3.108439446360E-1,1.89E-1));
#1965=LINE('3932',#1964,#1963);
#1966=DIRECTION('',(-1.279718854417E-14,-1.E0,7.584292965768E-14));
#1967=VECTOR('',#1966,1.328439446360E-1);
#1968=CARTESIAN_POINT('',(3.75E-2,-1.78E-1,2.14E-1));
#1969=LINE('4619',#1968,#1967);
#1970=DIRECTION('',(-4.996003610809E-14,0.E0,-1.E0));
#1971=VECTOR('',#1970,2.500000000002E-2);
#1972=CARTESIAN_POINT('',(3.75E-2,-3.108439446360E-1,2.14E-1));
#1973=LINE('3947',#1972,#1971);
#1974=DIRECTION('',(2.219920461743E-14,1.E0,6.623197989390E-14));
#1975=VECTOR('',#1974,1.328439446360E-1);
#1976=CARTESIAN_POINT('',(3.75E-2,-3.108439446360E-1,1.89E-1));
#1977=LINE('4616',#1976,#1975);
#1978=DIRECTION('',(-1.405096714262E-14,1.E0,-4.146828353923E-14));
#1979=VECTOR('',#1978,2.128439446359E-1);
#1980=CARTESIAN_POINT('',(3.75E-2,-9.3E-2,1.89E-1));
#1981=LINE('4617',#1980,#1979);
#1982=DIRECTION('',(0.E0,-1.E0,-4.733643687025E-14));
#1983=VECTOR('',#1982,2.128439446359E-1);
#1984=CARTESIAN_POINT('',(3.75E-2,1.198439446359E-1,2.14E-1));
#1985=LINE('4618',#1984,#1983);
#1986=DIRECTION('',(1.E0,0.E0,-5.107025913275E-14));
#1987=VECTOR('',#1986,2.5E-2);
#1988=CARTESIAN_POINT('',(3.75E-2,1.198439446359E-1,2.14E-1));
#1989=LINE('3941',#1988,#1987);
#1990=DIRECTION('',(0.E0,-1.E0,-7.584292965768E-14));
#1991=VECTOR('',#1990,1.328439446360E-1);
#1992=CARTESIAN_POINT('',(6.25E-2,-1.78E-1,1.89E-1));
#1993=LINE('4615',#1992,#1991);
#1994=DIRECTION('',(4.968248035194E-14,0.E0,1.E0));
#1995=VECTOR('',#1994,2.500000000002E-2);
#1996=CARTESIAN_POINT('',(6.25E-2,-3.108439446360E-1,1.89E-1));
#1997=LINE('4208',#1996,#1995);
#1998=DIRECTION('',(0.E0,1.E0,-6.623197989390E-14));
#1999=VECTOR('',#1998,1.328439446360E-1);
#2000=CARTESIAN_POINT('',(6.25E-2,-3.108439446360E-1,2.14E-1));
#2001=LINE('4620',#2000,#1999);
#2002=DIRECTION('',(0.E0,1.E0,4.146828353923E-14));
#2003=VECTOR('',#2002,2.128439446359E-1);
#2004=CARTESIAN_POINT('',(6.25E-2,-9.3E-2,2.14E-1));
#2005=LINE('4621',#2004,#2003);
#2006=DIRECTION('',(-4.996003610809E-14,0.E0,-1.E0));
#2007=VECTOR('',#2006,2.500000000002E-2);
#2008=CARTESIAN_POINT('',(6.25E-2,1.198439446359E-1,2.14E-1));
#2009=LINE('4205',#2008,#2007);
#2010=DIRECTION('',(0.E0,-1.E0,4.746684027761E-14));
#2011=VECTOR('',#2010,2.128439446359E-1);
#2012=CARTESIAN_POINT('',(6.25E-2,1.198439446359E-1,1.89E-1));
#2013=LINE('4614',#2012,#2011);
#2014=DIRECTION('',(0.E0,0.E0,1.E0));
#2015=VECTOR('',#2014,9.000000000012E-3);
#2016=CARTESIAN_POINT('',(5.45E-2,-3.28E-1,1.97E-1));
#2017=LINE('4201',#2016,#2015);
#2018=DIRECTION('',(-3.892816206350E-1,8.348171294790E-1,-3.892816206350E-1));
#2019=VECTOR('',#2018,2.055067482239E-2);
#2020=CARTESIAN_POINT('',(4.55E-2,-3.28E-1,1.97E-1));
#2021=LINE('3933',#2020,#2019);
#2022=DIRECTION('',(1.E0,0.E0,0.E0));
#2023=VECTOR('',#2022,8.999999999997E-3);
#2024=CARTESIAN_POINT('',(4.55E-2,-3.28E-1,1.97E-1));
#2025=LINE('3929',#2024,#2023);
#2026=DIRECTION('',(-3.892816206350E-1,-8.348171294790E-1,3.892816206351E-1));
#2027=VECTOR('',#2026,2.055067482239E-2);
#2028=CARTESIAN_POINT('',(6.25E-2,-3.108439446360E-1,1.89E-1));
#2029=LINE('4202',#2028,#2027);
#2030=DIRECTION('',(0.E0,0.E0,-1.E0));
#2031=VECTOR('',#2030,9.000000000012E-3);
#2032=CARTESIAN_POINT('',(4.55E-2,-3.28E-1,2.06E-1));
#2033=LINE('3931',#2032,#2031);
#2034=DIRECTION('',(-1.E0,0.E0,0.E0));
#2035=VECTOR('',#2034,8.999999999997E-3);
#2036=CARTESIAN_POINT('',(5.45E-2,-3.28E-1,2.06E-1));
#2037=LINE('3930',#2036,#2035);
#2038=DIRECTION('',(3.892816206350E-1,-8.348171294790E-1,-3.892816206351E-1));
#2039=VECTOR('',#2038,2.055067482239E-2);
#2040=CARTESIAN_POINT('',(3.75E-2,-3.108439446360E-1,2.14E-1));
#2041=LINE('3946',#2040,#2039);
#2042=DIRECTION('',(1.E0,0.E0,-5.107025913275E-14));
#2043=VECTOR('',#2042,2.5E-2);
#2044=CARTESIAN_POINT('',(3.75E-2,-3.108439446360E-1,2.14E-1));
#2045=LINE('3943',#2044,#2043);
#2046=DIRECTION('',(3.892816206351E-1,8.348171294790E-1,3.892816206350E-1));
#2047=VECTOR('',#2046,2.055067482239E-2);
#2048=CARTESIAN_POINT('',(5.45E-2,-3.28E-1,2.06E-1));
#2049=LINE('4207',#2048,#2047);
#2050=DIRECTION('',(3.892816206347E-1,-8.348171294794E-1,3.892816206346E-1));
#2051=VECTOR('',#2050,2.055067482241E-2);
#2052=CARTESIAN_POINT('',(5.45E-2,1.37E-1,2.06E-1));
#2053=LINE('4206',#2052,#2051);
#2054=DIRECTION('',(0.E0,0.E0,-1.E0));
#2055=VECTOR('',#2054,9.000000000015E-3);
#2056=CARTESIAN_POINT('',(5.45E-2,1.37E-1,2.06E-1));
#2057=LINE('4204',#2056,#2055);
#2058=DIRECTION('',(-3.892816206346E-1,-8.348171294794E-1,3.892816206347E-1));
#2059=VECTOR('',#2058,2.055067482241E-2);
#2060=CARTESIAN_POINT('',(4.55E-2,1.37E-1,2.06E-1));
#2061=LINE('3942',#2060,#2059);
#2062=DIRECTION('',(1.E0,0.E0,0.E0));
#2063=VECTOR('',#2062,9.E-3);
#2064=CARTESIAN_POINT('',(4.55E-2,1.37E-1,2.06E-1));
#2065=LINE('3939',#2064,#2063);
#2066=DIRECTION('',(-5.051514762041E-14,0.E0,-1.E0));
#2067=VECTOR('',#2066,2.500000000002E-2);
#2068=CARTESIAN_POINT('',(3.75E-2,1.198439446359E-1,2.14E-1));
#2069=LINE('3948',#2068,#2067);
#2070=DIRECTION('',(0.E0,0.E0,1.E0));
#2071=VECTOR('',#2070,9.000000000015E-3);
#2072=CARTESIAN_POINT('',(4.55E-2,1.37E-1,1.97E-1));
#2073=LINE('3940',#2072,#2071);
#2074=DIRECTION('',(3.892816206346E-1,8.348171294794E-1,3.892816206346E-1));
#2075=VECTOR('',#2074,2.055067482241E-2);
#2076=CARTESIAN_POINT('',(3.75E-2,1.198439446359E-1,1.89E-1));
#2077=LINE('3938',#2076,#2075);
#2078=DIRECTION('',(1.E0,0.E0,-5.107025913275E-14));
#2079=VECTOR('',#2078,2.5E-2);
#2080=CARTESIAN_POINT('',(3.75E-2,1.198439446359E-1,1.89E-1));
#2081=LINE('3935',#2080,#2079);
#2082=DIRECTION('',(3.892816206346E-1,-8.348171294794E-1,-3.892816206347E-1));
#2083=VECTOR('',#2082,2.055067482241E-2);
#2084=CARTESIAN_POINT('',(5.45E-2,1.37E-1,1.97E-1));
#2085=LINE('4203',#2084,#2083);
#2086=DIRECTION('',(1.E0,0.E0,0.E0));
#2087=VECTOR('',#2086,9.E-3);
#2088=CARTESIAN_POINT('',(4.55E-2,1.37E-1,1.97E-1));
#2089=LINE('3937',#2088,#2087);
#2090=DIRECTION('',(1.E0,0.E0,-5.107025913275E-14));
#2091=VECTOR('',#2090,2.5E-2);
#2092=CARTESIAN_POINT('',(-6.25E-2,-3.108439446360E-1,1.89E-1));
#2093=LINE('3953',#2092,#2091);
#2094=DIRECTION('',(0.E0,-1.E0,7.584292965768E-14));
#2095=VECTOR('',#2094,1.328439446360E-1);
#2096=CARTESIAN_POINT('',(-6.25E-2,-1.78E-1,2.14E-1));
#2097=LINE('4637',#2096,#2095);
#2098=DIRECTION('',(0.E0,1.E0,6.623197989390E-14));
#2099=VECTOR('',#2098,1.328439446360E-1);
#2100=CARTESIAN_POINT('',(-6.25E-2,-3.108439446360E-1,1.89E-1));
#2101=LINE('4632',#2100,#2099);
#2102=DIRECTION('',(0.E0,1.E0,-4.146828353923E-14));
#2103=VECTOR('',#2102,2.128439446359E-1);
#2104=CARTESIAN_POINT('',(-6.25E-2,-9.3E-2,1.89E-1));
#2105=LINE('4633',#2104,#2103);
#2106=DIRECTION('',(0.E0,-1.E0,-4.733643687025E-14));
#2107=VECTOR('',#2106,2.128439446359E-1);
#2108=CARTESIAN_POINT('',(-6.25E-2,1.198439446359E-1,2.14E-1));
#2109=LINE('4636',#2108,#2107);
#2110=DIRECTION('',(2.225143804006E-14,-1.E0,6.623197989390E-14));
#2111=VECTOR('',#2110,1.328439446360E-1);
#2112=CARTESIAN_POINT('',(-3.75E-2,-1.78E-1,2.14E-1));
#2113=LINE('4635',#2112,#2111);
#2114=DIRECTION('',(-1.E0,0.E0,5.107025913275E-14));
#2115=VECTOR('',#2114,2.5E-2);
#2116=CARTESIAN_POINT('',(-3.75E-2,-3.108439446360E-1,2.14E-1));
#2117=LINE('3964',#2116,#2115);
#2118=DIRECTION('',(-1.398576543894E-14,-1.E0,-4.146828353923E-14));
#2119=VECTOR('',#2118,2.128439446359E-1);
#2120=CARTESIAN_POINT('',(-3.75E-2,1.198439446359E-1,2.14E-1));
#2121=LINE('4634',#2120,#2119);
#2122=DIRECTION('',(1.279718854417E-14,-1.E0,-7.584292965768E-14));
#2123=VECTOR('',#2122,1.328439446360E-1);
#2124=CARTESIAN_POINT('',(-3.75E-2,-1.78E-1,1.89E-1));
#2125=LINE('4631',#2124,#2123);
#2126=DIRECTION('',(0.E0,-1.E0,4.746684027761E-14));
#2127=VECTOR('',#2126,2.128439446359E-1);
#2128=CARTESIAN_POINT('',(-3.75E-2,1.198439446359E-1,1.89E-1));
#2129=LINE('4630',#2128,#2127);
#2130=DIRECTION('',(0.E0,0.E0,1.E0));
#2131=VECTOR('',#2130,9.000000000012E-3);
#2132=CARTESIAN_POINT('',(-4.55E-2,-3.28E-1,1.97E-1));
#2133=LINE('3950',#2132,#2131);
#2134=DIRECTION('',(-3.892816206350E-1,-8.348171294790E-1,-3.892816206350E-1));
#2135=VECTOR('',#2134,2.055067482239E-2);
#2136=CARTESIAN_POINT('',(-3.75E-2,-3.108439446360E-1,2.14E-1));
#2137=LINE('3962',#2136,#2135);
#2138=DIRECTION('',(-5.023759186425E-14,0.E0,-1.E0));
#2139=VECTOR('',#2138,2.500000000002E-2);
#2140=CARTESIAN_POINT('',(-3.75E-2,-3.108439446360E-1,2.14E-1));
#2141=LINE('3959',#2140,#2139);
#2142=DIRECTION('',(-3.892816206351E-1,8.348171294790E-1,-3.892816206350E-1));
#2143=VECTOR('',#2142,2.055067482239E-2);
#2144=CARTESIAN_POINT('',(-5.45E-2,-3.28E-1,1.97E-1));
#2145=LINE('3954',#2144,#2143);
#2146=DIRECTION('',(1.E0,0.E0,0.E0));
#2147=VECTOR('',#2146,8.999999999997E-3);
#2148=CARTESIAN_POINT('',(-5.45E-2,-3.28E-1,1.97E-1));
#2149=LINE('3949',#2148,#2147);
#2150=DIRECTION('',(-3.892816206350E-1,-8.348171294790E-1,3.892816206351E-1));
#2151=VECTOR('',#2150,2.055067482239E-2);
#2152=CARTESIAN_POINT('',(-3.75E-2,-3.108439446360E-1,1.89E-1));
#2153=LINE('3955',#2152,#2151);
#2154=DIRECTION('',(4.940492459578E-14,0.E0,1.E0));
#2155=VECTOR('',#2154,2.500000000002E-2);
#2156=CARTESIAN_POINT('',(-6.25E-2,-3.108439446360E-1,1.89E-1));
#2157=LINE('4003',#2156,#2155);
#2158=DIRECTION('',(0.E0,0.E0,-1.E0));
#2159=VECTOR('',#2158,9.000000000012E-3);
#2160=CARTESIAN_POINT('',(-5.45E-2,-3.28E-1,2.06E-1));
#2161=LINE('3952',#2160,#2159);
#2162=DIRECTION('',(-1.E0,0.E0,0.E0));
#2163=VECTOR('',#2162,8.999999999997E-3);
#2164=CARTESIAN_POINT('',(-4.55E-2,-3.28E-1,2.06E-1));
#2165=LINE('3951',#2164,#2163);
#2166=DIRECTION('',(3.892816206350E-1,-8.348171294790E-1,-3.892816206351E-1));
#2167=VECTOR('',#2166,2.055067482239E-2);
#2168=CARTESIAN_POINT('',(-6.25E-2,-3.108439446360E-1,2.14E-1));
#2169=LINE('3963',#2168,#2167);
#2170=DIRECTION('',(5.023759186425E-14,0.E0,1.E0));
#2171=VECTOR('',#2170,2.500000000002E-2);
#2172=CARTESIAN_POINT('',(-3.75E-2,1.198439446359E-1,1.89E-1));
#2173=LINE('3961',#2172,#2171);
#2174=DIRECTION('',(0.E0,0.E0,-1.E0));
#2175=VECTOR('',#2174,9.000000000015E-3);
#2176=CARTESIAN_POINT('',(-4.55E-2,1.37E-1,2.06E-1));
#2177=LINE('3970',#2176,#2175);
#2178=DIRECTION('',(-3.892816206346E-1,8.348171294794E-1,3.892816206347E-1));
#2179=VECTOR('',#2178,2.055067482241E-2);
#2180=CARTESIAN_POINT('',(-3.75E-2,1.198439446359E-1,1.89E-1));
#2181=LINE('3973',#2180,#2179);
#2182=DIRECTION('',(-1.E0,0.E0,5.107025913275E-14));
#2183=VECTOR('',#2182,2.5E-2);
#2184=CARTESIAN_POINT('',(-3.75E-2,1.198439446359E-1,2.14E-1));
#2185=LINE('3966',#2184,#2183);
#2186=DIRECTION('',(-3.892816206346E-1,-8.348171294794E-1,3.892816206347E-1));
#2187=VECTOR('',#2186,2.055067482241E-2);
#2188=CARTESIAN_POINT('',(-5.45E-2,1.37E-1,2.06E-1));
#2189=LINE('3967',#2188,#2187);
#2190=DIRECTION('',(-3.892816206346E-1,8.348171294794E-1,-3.892816206346E-1));
#2191=VECTOR('',#2190,2.055067482241E-2);
#2192=CARTESIAN_POINT('',(-3.75E-2,1.198439446359E-1,2.14E-1));
#2193=LINE('3969',#2192,#2191);
#2194=DIRECTION('',(-4.996003610809E-14,0.E0,-1.E0));
#2195=VECTOR('',#2194,2.500000000002E-2);
#2196=CARTESIAN_POINT('',(-6.25E-2,1.198439446359E-1,2.14E-1));
#2197=LINE('4004',#2196,#2195);
#2198=DIRECTION('',(0.E0,0.E0,1.E0));
#2199=VECTOR('',#2198,9.000000000015E-3);
#2200=CARTESIAN_POINT('',(-5.45E-2,1.37E-1,1.97E-1));
#2201=LINE('3971',#2200,#2199);
#2202=DIRECTION('',(-1.E0,0.E0,0.E0));
#2203=VECTOR('',#2202,9.E-3);
#2204=CARTESIAN_POINT('',(-4.55E-2,1.37E-1,1.97E-1));
#2205=LINE('3972',#2204,#2203);
#2206=DIRECTION('',(3.892816206347E-1,8.348171294794E-1,3.892816206346E-1));
#2207=VECTOR('',#2206,2.055067482241E-2);
#2208=CARTESIAN_POINT('',(-6.25E-2,1.198439446359E-1,1.89E-1));
#2209=LINE('3974',#2208,#2207);
#2210=DIRECTION('',(1.E0,0.E0,-5.107025913275E-14));
#2211=VECTOR('',#2210,2.5E-2);
#2212=CARTESIAN_POINT('',(-6.25E-2,1.198439446359E-1,1.89E-1));
#2213=LINE('3957',#2212,#2211);
#2214=DIRECTION('',(-1.E0,0.E0,0.E0));
#2215=VECTOR('',#2214,9.E-3);
#2216=CARTESIAN_POINT('',(-4.55E-2,1.37E-1,2.06E-1));
#2217=LINE('3968',#2216,#2215);
#2218=DIRECTION('',(1.E0,0.E0,-5.107025913272E-14));
#2219=VECTOR('',#2218,2.500000000002E-2);
#2220=CARTESIAN_POINT('',(-1.625E-1,-3.108439446360E-1,1.89E-1));
#2221=LINE('3979',#2220,#2219);
#2222=DIRECTION('',(-5.107025913272E-14,0.E0,-1.E0));
#2223=VECTOR('',#2222,2.500000000002E-2);
#2224=CARTESIAN_POINT('',(-1.625E-1,-3.108439446360E-1,2.14E-1));
#2225=LINE('3991',#2224,#2223);
#2226=DIRECTION('',(7.605186334820E-14,1.E0,6.623197989390E-14));
#2227=VECTOR('',#2226,1.328439446360E-1);
#2228=CARTESIAN_POINT('',(-1.625E-1,-3.108439446360E-1,1.89E-1));
#2229=LINE('4648',#2228,#2227);
#2230=DIRECTION('',(-4.746684027761E-14,1.E0,-4.146828353923E-14));
#2231=VECTOR('',#2230,2.128439446359E-1);
#2232=CARTESIAN_POINT('',(-1.625E-1,-9.3E-2,1.89E-1));
#2233=LINE('4649',#2232,#2231);
#2234=DIRECTION('',(7.563399596716E-14,-1.E0,6.623197989390E-14));
#2235=VECTOR('',#2234,1.328439446360E-1);
#2236=CARTESIAN_POINT('',(-1.375E-1,-1.78E-1,2.14E-1));
#2237=LINE('4651',#2236,#2235);
#2238=DIRECTION('',(-1.E0,0.E0,5.107025913272E-14));
#2239=VECTOR('',#2238,2.500000000002E-2);
#2240=CARTESIAN_POINT('',(-1.375E-1,-3.108439446360E-1,2.14E-1));
#2241=LINE('3990',#2240,#2239);
#2242=DIRECTION('',(6.664984727493E-14,1.E0,-7.584292965768E-14));
#2243=VECTOR('',#2242,1.328439446360E-1);
#2244=CARTESIAN_POINT('',(-1.625E-1,-3.108439446360E-1,2.14E-1));
#2245=LINE('4652',#2244,#2243);
#2246=DIRECTION('',(-4.146828353923E-14,1.E0,4.733643687025E-14));
#2247=VECTOR('',#2246,2.128439446359E-1);
#2248=CARTESIAN_POINT('',(-1.625E-1,-9.3E-2,2.14E-1));
#2249=LINE('4653',#2248,#2247);
#2250=DIRECTION('',(1.E0,0.E0,-5.107025913272E-14));
#2251=VECTOR('',#2250,2.500000000002E-2);
#2252=CARTESIAN_POINT('',(-1.625E-1,1.198439446359E-1,2.14E-1));
#2253=LINE('4002',#2252,#2251);
#2254=DIRECTION('',(-4.746684027761E-14,-1.E0,-4.146828353923E-14));
#2255=VECTOR('',#2254,2.128439446359E-1);
#2256=CARTESIAN_POINT('',(-1.375E-1,1.198439446359E-1,2.14E-1));
#2257=LINE('4650',#2256,#2255);
#2258=DIRECTION('',(6.623197989390E-14,-1.E0,-7.584292965768E-14));
#2259=VECTOR('',#2258,1.328439446360E-1);
#2260=CARTESIAN_POINT('',(-1.375E-1,-1.78E-1,1.89E-1));
#2261=LINE('4647',#2260,#2259);
#2262=DIRECTION('',(-4.159868694658E-14,-1.E0,4.746684027761E-14));
#2263=VECTOR('',#2262,2.128439446359E-1);
#2264=CARTESIAN_POINT('',(-1.375E-1,1.198439446359E-1,1.89E-1));
#2265=LINE('4646',#2264,#2263);
#2266=DIRECTION('',(0.E0,0.E0,1.E0));
#2267=VECTOR('',#2266,9.000000000012E-3);
#2268=CARTESIAN_POINT('',(-1.455E-1,-3.28E-1,1.97E-1));
#2269=LINE('3976',#2268,#2267);
#2270=DIRECTION('',(-3.892816206351E-1,-8.348171294790E-1,-3.892816206350E-1));
#2271=VECTOR('',#2270,2.055067482239E-2);
#2272=CARTESIAN_POINT('',(-1.375E-1,-3.108439446360E-1,2.14E-1));
#2273=LINE('3988',#2272,#2271);
#2274=DIRECTION('',(-4.996003610809E-14,0.E0,-1.E0));
#2275=VECTOR('',#2274,2.500000000002E-2);
#2276=CARTESIAN_POINT('',(-1.375E-1,-3.108439446360E-1,2.14E-1));
#2277=LINE('3985',#2276,#2275);
#2278=DIRECTION('',(-3.892816206351E-1,8.348171294790E-1,-3.892816206350E-1));
#2279=VECTOR('',#2278,2.055067482239E-2);
#2280=CARTESIAN_POINT('',(-1.545E-1,-3.28E-1,1.97E-1));
#2281=LINE('3980',#2280,#2279);
#2282=DIRECTION('',(1.E0,0.E0,0.E0));
#2283=VECTOR('',#2282,9.000000000012E-3);
#2284=CARTESIAN_POINT('',(-1.545E-1,-3.28E-1,1.97E-1));
#2285=LINE('3975',#2284,#2283);
#2286=DIRECTION('',(-3.892816206350E-1,-8.348171294790E-1,3.892816206351E-1));
#2287=VECTOR('',#2286,2.055067482239E-2);
#2288=CARTESIAN_POINT('',(-1.375E-1,-3.108439446360E-1,1.89E-1));
#2289=LINE('3981',#2288,#2287);
#2290=DIRECTION('',(0.E0,0.E0,-1.E0));
#2291=VECTOR('',#2290,9.000000000012E-3);
#2292=CARTESIAN_POINT('',(-1.545E-1,-3.28E-1,2.06E-1));
#2293=LINE('3978',#2292,#2291);
#2294=DIRECTION('',(-1.E0,0.E0,0.E0));
#2295=VECTOR('',#2294,9.000000000012E-3);
#2296=CARTESIAN_POINT('',(-1.455E-1,-3.28E-1,2.06E-1));
#2297=LINE('3977',#2296,#2295);
#2298=DIRECTION('',(3.892816206350E-1,-8.348171294790E-1,-3.892816206351E-1));
#2299=VECTOR('',#2298,2.055067482239E-2);
#2300=CARTESIAN_POINT('',(-1.625E-1,-3.108439446360E-1,2.14E-1));
#2301=LINE('3989',#2300,#2299);
#2302=DIRECTION('',(4.996003610809E-14,0.E0,1.E0));
#2303=VECTOR('',#2302,2.500000000002E-2);
#2304=CARTESIAN_POINT('',(-1.375E-1,1.198439446359E-1,1.89E-1));
#2305=LINE('3987',#2304,#2303);
#2306=DIRECTION('',(3.892816206347E-1,-8.348171294794E-1,3.892816206346E-1));
#2307=VECTOR('',#2306,2.055067482241E-2);
#2308=CARTESIAN_POINT('',(-1.455E-1,1.37E-1,2.06E-1));
#2309=LINE('4001',#2308,#2307);
#2310=DIRECTION('',(0.E0,0.E0,-1.E0));
#2311=VECTOR('',#2310,9.000000000015E-3);
#2312=CARTESIAN_POINT('',(-1.455E-1,1.37E-1,2.06E-1));
#2313=LINE('3999',#2312,#2311);
#2314=DIRECTION('',(1.E0,0.E0,0.E0));
#2315=VECTOR('',#2314,9.000000000015E-3);
#2316=CARTESIAN_POINT('',(-1.545E-1,1.37E-1,2.06E-1));
#2317=LINE('4000',#2316,#2315);
#2318=DIRECTION('',(-4.996003610809E-14,0.E0,-1.E0));
#2319=VECTOR('',#2318,2.500000000002E-2);
#2320=CARTESIAN_POINT('',(-1.625E-1,1.198439446359E-1,2.14E-1));
#2321=LINE('3992',#2320,#2319);
#2322=DIRECTION('',(-3.892816206347E-1,-8.348171294794E-1,-3.892816206346E-1));
#2323=VECTOR('',#2322,2.055067482241E-2);
#2324=CARTESIAN_POINT('',(-1.545E-1,1.37E-1,1.97E-1));
#2325=LINE('3994',#2324,#2323);
#2326=DIRECTION('',(3.892816206346E-1,8.348171294794E-1,-3.892816206347E-1));
#2327=VECTOR('',#2326,2.055067482241E-2);
#2328=CARTESIAN_POINT('',(-1.625E-1,1.198439446359E-1,2.14E-1));
#2329=LINE('3996',#2328,#2327);
#2330=DIRECTION('',(1.E0,0.E0,-5.107025913272E-14));
#2331=VECTOR('',#2330,2.500000000002E-2);
#2332=CARTESIAN_POINT('',(-1.625E-1,1.198439446359E-1,1.89E-1));
#2333=LINE('3983',#2332,#2331);
#2334=DIRECTION('',(3.892816206346E-1,-8.348171294794E-1,-3.892816206347E-1));
#2335=VECTOR('',#2334,2.055067482241E-2);
#2336=CARTESIAN_POINT('',(-1.455E-1,1.37E-1,1.97E-1));
#2337=LINE('3998',#2336,#2335);
#2338=DIRECTION('',(0.E0,0.E0,-1.E0));
#2339=VECTOR('',#2338,9.000000000015E-3);
#2340=CARTESIAN_POINT('',(-1.545E-1,1.37E-1,2.06E-1));
#2341=LINE('3995',#2340,#2339);
#2342=DIRECTION('',(1.E0,0.E0,0.E0));
#2343=VECTOR('',#2342,9.000000000015E-3);
#2344=CARTESIAN_POINT('',(-1.545E-1,1.37E-1,1.97E-1));
#2345=LINE('3997',#2344,#2343);
#2346=DIRECTION('',(1.E0,0.E0,-5.107025913272E-14));
#2347=VECTOR('',#2346,2.500000000002E-2);
#2348=CARTESIAN_POINT('',(-2.625E-1,-3.108439446360E-1,1.89E-1));
#2349=LINE('4009',#2348,#2347);
#2350=DIRECTION('',(-5.107025913272E-14,0.E0,-1.E0));
#2351=VECTOR('',#2350,2.500000000002E-2);
#2352=CARTESIAN_POINT('',(-2.625E-1,-3.108439446360E-1,2.14E-1));
#2353=LINE('4021',#2352,#2351);
#2354=DIRECTION('',(7.605186334820E-14,1.E0,6.623197989390E-14));
#2355=VECTOR('',#2354,1.328439446360E-1);
#2356=CARTESIAN_POINT('',(-2.625E-1,-3.108439446360E-1,1.89E-1));
#2357=LINE('4664',#2356,#2355);
#2358=DIRECTION('',(-4.746684027761E-14,1.E0,-4.146828353923E-14));
#2359=VECTOR('',#2358,2.128439446359E-1);
#2360=CARTESIAN_POINT('',(-2.625E-1,-9.3E-2,1.89E-1));
#2361=LINE('4665',#2360,#2359);
#2362=DIRECTION('',(7.584292965768E-14,-1.E0,6.623197989390E-14));
#2363=VECTOR('',#2362,1.328439446360E-1);
#2364=CARTESIAN_POINT('',(-2.375E-1,-1.78E-1,2.14E-1));
#2365=LINE('4667',#2364,#2363);
#2366=DIRECTION('',(-1.E0,0.E0,5.107025913272E-14));
#2367=VECTOR('',#2366,2.500000000002E-2);
#2368=CARTESIAN_POINT('',(-2.375E-1,-3.108439446360E-1,2.14E-1));
#2369=LINE('4020',#2368,#2367);
#2370=DIRECTION('',(6.644091358441E-14,1.E0,-7.584292965768E-14));
#2371=VECTOR('',#2370,1.328439446360E-1);
#2372=CARTESIAN_POINT('',(-2.625E-1,-3.108439446360E-1,2.14E-1));
#2373=LINE('4668',#2372,#2371);
#2374=DIRECTION('',(-4.172909035394E-14,1.E0,4.733643687025E-14));
#2375=VECTOR('',#2374,2.128439446359E-1);
#2376=CARTESIAN_POINT('',(-2.625E-1,-9.3E-2,2.14E-1));
#2377=LINE('4669',#2376,#2375);
#2378=DIRECTION('',(1.E0,0.E0,-5.107025913272E-14));
#2379=VECTOR('',#2378,2.500000000002E-2);
#2380=CARTESIAN_POINT('',(-2.625E-1,1.198439446359E-1,2.14E-1));
#2381=LINE('4032',#2380,#2379);
#2382=DIRECTION('',(-4.733643687025E-14,-1.E0,-4.146828353923E-14));
#2383=VECTOR('',#2382,2.128439446359E-1);
#2384=CARTESIAN_POINT('',(-2.375E-1,1.198439446359E-1,2.14E-1));
#2385=LINE('4666',#2384,#2383);
#2386=DIRECTION('',(6.685878096545E-14,-1.E0,-7.584292965768E-14));
#2387=VECTOR('',#2386,1.328439446360E-1);
#2388=CARTESIAN_POINT('',(-2.375E-1,-1.78E-1,1.89E-1));
#2389=LINE('4663',#2388,#2387);
#2390=DIRECTION('',(-4.146828353923E-14,-1.E0,4.746684027761E-14));
#2391=VECTOR('',#2390,2.128439446359E-1);
#2392=CARTESIAN_POINT('',(-2.375E-1,1.198439446359E-1,1.89E-1));
#2393=LINE('4662',#2392,#2391);
#2394=DIRECTION('',(0.E0,0.E0,1.E0));
#2395=VECTOR('',#2394,9.000000000012E-3);
#2396=CARTESIAN_POINT('',(-2.455E-1,-3.28E-1,1.97E-1));
#2397=LINE('4006',#2396,#2395);
#2398=DIRECTION('',(-3.892816206351E-1,-8.348171294790E-1,-3.892816206350E-1));
#2399=VECTOR('',#2398,2.055067482239E-2);
#2400=CARTESIAN_POINT('',(-2.375E-1,-3.108439446360E-1,2.14E-1));
#2401=LINE('4018',#2400,#2399);
#2402=DIRECTION('',(-5.107025913272E-14,0.E0,-1.E0));
#2403=VECTOR('',#2402,2.500000000002E-2);
#2404=CARTESIAN_POINT('',(-2.375E-1,-3.108439446360E-1,2.14E-1));
#2405=LINE('4015',#2404,#2403);
#2406=DIRECTION('',(-3.892816206351E-1,8.348171294790E-1,-3.892816206350E-1));
#2407=VECTOR('',#2406,2.055067482239E-2);
#2408=CARTESIAN_POINT('',(-2.545E-1,-3.28E-1,1.97E-1));
#2409=LINE('4010',#2408,#2407);
#2410=DIRECTION('',(1.E0,0.E0,0.E0));
#2411=VECTOR('',#2410,9.000000000012E-3);
#2412=CARTESIAN_POINT('',(-2.545E-1,-3.28E-1,1.97E-1));
#2413=LINE('4005',#2412,#2411);
#2414=DIRECTION('',(-3.892816206350E-1,-8.348171294790E-1,3.892816206351E-1));
#2415=VECTOR('',#2414,2.055067482239E-2);
#2416=CARTESIAN_POINT('',(-2.375E-1,-3.108439446360E-1,1.89E-1));
#2417=LINE('4011',#2416,#2415);
#2418=DIRECTION('',(0.E0,0.E0,-1.E0));
#2419=VECTOR('',#2418,9.000000000012E-3);
#2420=CARTESIAN_POINT('',(-2.545E-1,-3.28E-1,2.06E-1));
#2421=LINE('4008',#2420,#2419);
#2422=DIRECTION('',(-1.E0,0.E0,0.E0));
#2423=VECTOR('',#2422,9.000000000012E-3);
#2424=CARTESIAN_POINT('',(-2.455E-1,-3.28E-1,2.06E-1));
#2425=LINE('4007',#2424,#2423);
#2426=DIRECTION('',(3.892816206350E-1,-8.348171294790E-1,-3.892816206351E-1));
#2427=VECTOR('',#2426,2.055067482239E-2);
#2428=CARTESIAN_POINT('',(-2.625E-1,-3.108439446360E-1,2.14E-1));
#2429=LINE('4019',#2428,#2427);
#2430=DIRECTION('',(4.773959005885E-14,0.E0,1.E0));
#2431=VECTOR('',#2430,2.500000000002E-2);
#2432=CARTESIAN_POINT('',(-2.375E-1,1.198439446359E-1,1.89E-1));
#2433=LINE('4017',#2432,#2431);
#2434=DIRECTION('',(3.892816206347E-1,-8.348171294794E-1,3.892816206346E-1));
#2435=VECTOR('',#2434,2.055067482241E-2);
#2436=CARTESIAN_POINT('',(-2.455E-1,1.37E-1,2.06E-1));
#2437=LINE('4031',#2436,#2435);
#2438=DIRECTION('',(0.E0,0.E0,-1.E0));
#2439=VECTOR('',#2438,9.000000000015E-3);
#2440=CARTESIAN_POINT('',(-2.455E-1,1.37E-1,2.06E-1));
#2441=LINE('4029',#2440,#2439);
#2442=DIRECTION('',(1.E0,0.E0,0.E0));
#2443=VECTOR('',#2442,9.000000000015E-3);
#2444=CARTESIAN_POINT('',(-2.545E-1,1.37E-1,2.06E-1));
#2445=LINE('4030',#2444,#2443);
#2446=DIRECTION('',(-4.884981308347E-14,0.E0,-1.E0));
#2447=VECTOR('',#2446,2.500000000002E-2);
#2448=CARTESIAN_POINT('',(-2.625E-1,1.198439446359E-1,2.14E-1));
#2449=LINE('4022',#2448,#2447);
#2450=DIRECTION('',(-3.892816206347E-1,-8.348171294794E-1,-3.892816206346E-1));
#2451=VECTOR('',#2450,2.055067482241E-2);
#2452=CARTESIAN_POINT('',(-2.545E-1,1.37E-1,1.97E-1));
#2453=LINE('4024',#2452,#2451);
#2454=DIRECTION('',(3.892816206346E-1,8.348171294794E-1,-3.892816206347E-1));
#2455=VECTOR('',#2454,2.055067482241E-2);
#2456=CARTESIAN_POINT('',(-2.625E-1,1.198439446359E-1,2.14E-1));
#2457=LINE('4026',#2456,#2455);
#2458=DIRECTION('',(1.E0,0.E0,-5.107025913272E-14));
#2459=VECTOR('',#2458,2.500000000002E-2);
#2460=CARTESIAN_POINT('',(-2.625E-1,1.198439446359E-1,1.89E-1));
#2461=LINE('4013',#2460,#2459);
#2462=DIRECTION('',(3.892816206346E-1,-8.348171294794E-1,-3.892816206347E-1));
#2463=VECTOR('',#2462,2.055067482241E-2);
#2464=CARTESIAN_POINT('',(-2.455E-1,1.37E-1,1.97E-1));
#2465=LINE('4028',#2464,#2463);
#2466=DIRECTION('',(0.E0,0.E0,-1.E0));
#2467=VECTOR('',#2466,9.000000000015E-3);
#2468=CARTESIAN_POINT('',(-2.545E-1,1.37E-1,2.06E-1));
#2469=LINE('4025',#2468,#2467);
#2470=DIRECTION('',(1.E0,0.E0,0.E0));
#2471=VECTOR('',#2470,9.000000000015E-3);
#2472=CARTESIAN_POINT('',(-2.545E-1,1.37E-1,1.97E-1));
#2473=LINE('4027',#2472,#2471);
#2474=DIRECTION('',(1.E0,0.E0,-4.996003610809E-14));
#2475=VECTOR('',#2474,2.500000000002E-2);
#2476=CARTESIAN_POINT('',(1.375E-1,-3.108439446360E-1,8.9E-2));
#2477=LINE('4037',#2476,#2475);
#2478=DIRECTION('',(-4.996003610810E-14,0.E0,-1.E0));
#2479=VECTOR('',#2478,2.500000000001E-2);
#2480=CARTESIAN_POINT('',(1.375E-1,-3.108439446360E-1,1.14E-1));
#2481=LINE('4049',#2480,#2479);
#2482=DIRECTION('',(7.563399596716E-14,1.E0,2.945965036290E-14));
#2483=VECTOR('',#2482,1.328439446360E-1);
#2484=CARTESIAN_POINT('',(1.375E-1,-3.108439446360E-1,8.9E-2));
#2485=LINE('4680',#2484,#2483);
#2486=DIRECTION('',(-4.733643687025E-14,1.E0,-1.858248554824E-14));
#2487=VECTOR('',#2486,2.128439446359E-1);
#2488=CARTESIAN_POINT('',(1.375E-1,-9.3E-2,8.9E-2));
#2489=LINE('4681',#2488,#2487);
#2490=DIRECTION('',(7.605186334820E-14,-1.E0,6.727664834648E-14));
#2491=VECTOR('',#2490,1.328439446360E-1);
#2492=CARTESIAN_POINT('',(1.625E-1,-1.78E-1,1.14E-1));
#2493=LINE('4683',#2492,#2491);
#2494=DIRECTION('',(-1.E0,0.E0,5.107025913272E-14));
#2495=VECTOR('',#2494,2.500000000002E-2);
#2496=CARTESIAN_POINT('',(1.625E-1,-3.108439446360E-1,1.14E-1));
#2497=LINE('4048',#2496,#2495);
#2498=DIRECTION('',(6.623197989390E-14,1.E0,-7.667866441975E-14));
#2499=VECTOR('',#2498,1.328439446360E-1);
#2500=CARTESIAN_POINT('',(1.375E-1,-3.108439446360E-1,1.14E-1));
#2501=LINE('4684',#2500,#2499);
#2502=DIRECTION('',(-4.146828353923E-14,1.E0,4.811885731439E-14));
#2503=VECTOR('',#2502,2.128439446359E-1);
#2504=CARTESIAN_POINT('',(1.375E-1,-9.3E-2,1.14E-1));
#2505=LINE('4685',#2504,#2503);
#2506=DIRECTION('',(1.E0,0.E0,-5.107025913272E-14));
#2507=VECTOR('',#2506,2.500000000002E-2);
#2508=CARTESIAN_POINT('',(1.375E-1,1.198439446359E-1,1.14E-1));
#2509=LINE('4060',#2508,#2507);
#2510=DIRECTION('',(-4.772764709232E-14,-1.E0,-4.212030057601E-14));
#2511=VECTOR('',#2510,2.128439446359E-1);
#2512=CARTESIAN_POINT('',(1.625E-1,1.198439446359E-1,1.14E-1));
#2513=LINE('4682',#2512,#2511);
#2514=DIRECTION('',(6.664984727493E-14,-1.E0,-3.896613328142E-14));
#2515=VECTOR('',#2514,1.328439446360E-1);
#2516=CARTESIAN_POINT('',(1.625E-1,-1.78E-1,8.9E-2));
#2517=LINE('4679',#2516,#2515);
#2518=DIRECTION('',(-4.172909035394E-14,-1.E0,2.445063887926E-14));
#2519=VECTOR('',#2518,2.128439446359E-1);
#2520=CARTESIAN_POINT('',(1.625E-1,1.198439446359E-1,8.899999999999E-2));
#2521=LINE('4678',#2520,#2519);
#2522=DIRECTION('',(0.E0,0.E0,1.E0));
#2523=VECTOR('',#2522,9.000000000008E-3);
#2524=CARTESIAN_POINT('',(1.545E-1,-3.28E-1,9.7E-2));
#2525=LINE('4034',#2524,#2523);
#2526=DIRECTION('',(-3.892816206351E-1,-8.348171294790E-1,-3.892816206350E-1));
#2527=VECTOR('',#2526,2.055067482239E-2);
#2528=CARTESIAN_POINT('',(1.625E-1,-3.108439446360E-1,1.14E-1));
#2529=LINE('4046',#2528,#2527);
#2530=DIRECTION('',(-4.884981308348E-14,0.E0,-1.E0));
#2531=VECTOR('',#2530,2.500000000001E-2);
#2532=CARTESIAN_POINT('',(1.625E-1,-3.108439446360E-1,1.14E-1));
#2533=LINE('4043',#2532,#2531);
#2534=DIRECTION('',(-3.892816206351E-1,8.348171294789E-1,-3.892816206351E-1));
#2535=VECTOR('',#2534,2.055067482239E-2);
#2536=CARTESIAN_POINT('',(1.455E-1,-3.28E-1,9.7E-2));
#2537=LINE('4038',#2536,#2535);
#2538=DIRECTION('',(1.E0,0.E0,0.E0));
#2539=VECTOR('',#2538,9.000000000012E-3);
#2540=CARTESIAN_POINT('',(1.455E-1,-3.28E-1,9.7E-2));
#2541=LINE('4033',#2540,#2539);
#2542=DIRECTION('',(-3.892816206350E-1,-8.348171294789E-1,3.892816206351E-1));
#2543=VECTOR('',#2542,2.055067482239E-2);
#2544=CARTESIAN_POINT('',(1.625E-1,-3.108439446360E-1,8.899999999999E-2));
#2545=LINE('4039',#2544,#2543);
#2546=DIRECTION('',(0.E0,0.E0,-1.E0));
#2547=VECTOR('',#2546,9.000000000008E-3);
#2548=CARTESIAN_POINT('',(1.455E-1,-3.28E-1,1.06E-1));
#2549=LINE('4036',#2548,#2547);
#2550=DIRECTION('',(-1.E0,0.E0,0.E0));
#2551=VECTOR('',#2550,9.000000000012E-3);
#2552=CARTESIAN_POINT('',(1.545E-1,-3.28E-1,1.06E-1));
#2553=LINE('4035',#2552,#2551);
#2554=DIRECTION('',(3.892816206350E-1,-8.348171294790E-1,-3.892816206350E-1));
#2555=VECTOR('',#2554,2.055067482239E-2);
#2556=CARTESIAN_POINT('',(1.375E-1,-3.108439446360E-1,1.14E-1));
#2557=LINE('4047',#2556,#2555);
#2558=DIRECTION('',(5.107025913273E-14,0.E0,1.E0));
#2559=VECTOR('',#2558,2.500000000001E-2);
#2560=CARTESIAN_POINT('',(1.625E-1,1.198439446359E-1,8.899999999999E-2));
#2561=LINE('4045',#2560,#2559);
#2562=DIRECTION('',(3.892816206347E-1,-8.348171294794E-1,3.892816206345E-1));
#2563=VECTOR('',#2562,2.055067482241E-2);
#2564=CARTESIAN_POINT('',(1.545E-1,1.37E-1,1.06E-1));
#2565=LINE('4059',#2564,#2563);
#2566=DIRECTION('',(0.E0,0.E0,-1.E0));
#2567=VECTOR('',#2566,9.000000000008E-3);
#2568=CARTESIAN_POINT('',(1.545E-1,1.37E-1,1.06E-1));
#2569=LINE('4057',#2568,#2567);
#2570=DIRECTION('',(1.E0,0.E0,0.E0));
#2571=VECTOR('',#2570,9.000000000015E-3);
#2572=CARTESIAN_POINT('',(1.455E-1,1.37E-1,1.06E-1));
#2573=LINE('4058',#2572,#2571);
#2574=DIRECTION('',(-4.996003610810E-14,0.E0,-1.E0));
#2575=VECTOR('',#2574,2.500000000001E-2);
#2576=CARTESIAN_POINT('',(1.375E-1,1.198439446359E-1,1.14E-1));
#2577=LINE('4050',#2576,#2575);
#2578=DIRECTION('',(-3.892816206346E-1,-8.348171294793E-1,-3.892816206348E-1));
#2579=VECTOR('',#2578,2.055067482241E-2);
#2580=CARTESIAN_POINT('',(1.455E-1,1.37E-1,9.7E-2));
#2581=LINE('4052',#2580,#2579);
#2582=DIRECTION('',(3.892816206346E-1,8.348171294794E-1,-3.892816206346E-1));
#2583=VECTOR('',#2582,2.055067482241E-2);
#2584=CARTESIAN_POINT('',(1.375E-1,1.198439446359E-1,1.14E-1));
#2585=LINE('4054',#2584,#2583);
#2586=DIRECTION('',(1.E0,0.E0,-4.996003610809E-14));
#2587=VECTOR('',#2586,2.500000000002E-2);
#2588=CARTESIAN_POINT('',(1.375E-1,1.198439446359E-1,8.9E-2));
#2589=LINE('4041',#2588,#2587);
#2590=DIRECTION('',(3.892816206346E-1,-8.348171294793E-1,-3.892816206348E-1));
#2591=VECTOR('',#2590,2.055067482241E-2);
#2592=CARTESIAN_POINT('',(1.545E-1,1.37E-1,9.7E-2));
#2593=LINE('4056',#2592,#2591);
#2594=DIRECTION('',(0.E0,0.E0,-1.E0));
#2595=VECTOR('',#2594,9.000000000008E-3);
#2596=CARTESIAN_POINT('',(1.455E-1,1.37E-1,1.06E-1));
#2597=LINE('4053',#2596,#2595);
#2598=DIRECTION('',(1.E0,0.E0,0.E0));
#2599=VECTOR('',#2598,9.000000000015E-3);
#2600=CARTESIAN_POINT('',(1.455E-1,1.37E-1,9.7E-2));
#2601=LINE('4055',#2600,#2599);
#2602=DIRECTION('',(1.E0,0.E0,-4.996003610809E-14));
#2603=VECTOR('',#2602,2.500000000002E-2);
#2604=CARTESIAN_POINT('',(2.375E-1,-3.108439446360E-1,8.9E-2));
#2605=LINE('4065',#2604,#2603);
#2606=DIRECTION('',(-4.996003610810E-14,0.E0,-1.E0));
#2607=VECTOR('',#2606,2.500000000001E-2);
#2608=CARTESIAN_POINT('',(2.375E-1,-3.108439446360E-1,1.14E-1));
#2609=LINE('4077',#2608,#2607);
#2610=DIRECTION('',(7.584292965768E-14,1.E0,2.945965036290E-14));
#2611=VECTOR('',#2610,1.328439446360E-1);
#2612=CARTESIAN_POINT('',(2.375E-1,-3.108439446360E-1,8.9E-2));
#2613=LINE('4696',#2612,#2611);
#2614=DIRECTION('',(-4.746684027761E-14,1.E0,-1.858248554824E-14));
#2615=VECTOR('',#2614,2.128439446359E-1);
#2616=CARTESIAN_POINT('',(2.375E-1,-9.3E-2,8.9E-2));
#2617=LINE('4697',#2616,#2615);
#2618=DIRECTION('',(7.605186334820E-14,-1.E0,6.727664834648E-14));
#2619=VECTOR('',#2618,1.328439446360E-1);
#2620=CARTESIAN_POINT('',(2.625E-1,-1.78E-1,1.14E-1));
#2621=LINE('4699',#2620,#2619);
#2622=DIRECTION('',(-1.E0,0.E0,5.107025913272E-14));
#2623=VECTOR('',#2622,2.500000000002E-2);
#2624=CARTESIAN_POINT('',(2.625E-1,-3.108439446360E-1,1.14E-1));
#2625=LINE('4076',#2624,#2623);
#2626=DIRECTION('',(6.685878096545E-14,1.E0,-7.667866441975E-14));
#2627=VECTOR('',#2626,1.328439446360E-1);
#2628=CARTESIAN_POINT('',(2.375E-1,-3.108439446360E-1,1.14E-1));
#2629=LINE('4700',#2628,#2627);
#2630=DIRECTION('',(-4.133788013187E-14,1.E0,4.811885731439E-14));
#2631=VECTOR('',#2630,2.128439446359E-1);
#2632=CARTESIAN_POINT('',(2.375E-1,-9.3E-2,1.14E-1));
#2633=LINE('4701',#2632,#2631);
#2634=DIRECTION('',(1.E0,0.E0,-5.107025913272E-14));
#2635=VECTOR('',#2634,2.500000000002E-2);
#2636=CARTESIAN_POINT('',(2.375E-1,1.198439446359E-1,1.14E-1));
#2637=LINE('4088',#2636,#2635);
#2638=DIRECTION('',(-4.772764709232E-14,-1.E0,-4.212030057601E-14));
#2639=VECTOR('',#2638,2.128439446359E-1);
#2640=CARTESIAN_POINT('',(2.625E-1,1.198439446359E-1,1.14E-1));
#2641=LINE('4698',#2640,#2639);
#2642=DIRECTION('',(6.644091358441E-14,-1.E0,-3.896613328142E-14));
#2643=VECTOR('',#2642,1.328439446360E-1);
#2644=CARTESIAN_POINT('',(2.625E-1,-1.78E-1,8.9E-2));
#2645=LINE('4695',#2644,#2643);
#2646=DIRECTION('',(-4.146828353923E-14,-1.E0,2.445063887926E-14));
#2647=VECTOR('',#2646,2.128439446359E-1);
#2648=CARTESIAN_POINT('',(2.625E-1,1.198439446359E-1,8.899999999999E-2));
#2649=LINE('4694',#2648,#2647);
#2650=DIRECTION('',(0.E0,0.E0,1.E0));
#2651=VECTOR('',#2650,9.000000000008E-3);
#2652=CARTESIAN_POINT('',(2.545E-1,-3.28E-1,9.7E-2));
#2653=LINE('4062',#2652,#2651);
#2654=DIRECTION('',(-3.892816206351E-1,-8.348171294790E-1,-3.892816206350E-1));
#2655=VECTOR('',#2654,2.055067482239E-2);
#2656=CARTESIAN_POINT('',(2.625E-1,-3.108439446360E-1,1.14E-1));
#2657=LINE('4074',#2656,#2655);
#2658=DIRECTION('',(-5.107025913273E-14,0.E0,-1.E0));
#2659=VECTOR('',#2658,2.500000000001E-2);
#2660=CARTESIAN_POINT('',(2.625E-1,-3.108439446360E-1,1.14E-1));
#2661=LINE('4071',#2660,#2659);
#2662=DIRECTION('',(-3.892816206351E-1,8.348171294789E-1,-3.892816206351E-1));
#2663=VECTOR('',#2662,2.055067482239E-2);
#2664=CARTESIAN_POINT('',(2.455E-1,-3.28E-1,9.7E-2));
#2665=LINE('4066',#2664,#2663);
#2666=DIRECTION('',(1.E0,0.E0,0.E0));
#2667=VECTOR('',#2666,9.000000000012E-3);
#2668=CARTESIAN_POINT('',(2.455E-1,-3.28E-1,9.7E-2));
#2669=LINE('4061',#2668,#2667);
#2670=DIRECTION('',(-3.892816206350E-1,-8.348171294789E-1,3.892816206351E-1));
#2671=VECTOR('',#2670,2.055067482239E-2);
#2672=CARTESIAN_POINT('',(2.625E-1,-3.108439446360E-1,8.899999999999E-2));
#2673=LINE('4067',#2672,#2671);
#2674=DIRECTION('',(0.E0,0.E0,-1.E0));
#2675=VECTOR('',#2674,9.000000000008E-3);
#2676=CARTESIAN_POINT('',(2.455E-1,-3.28E-1,1.06E-1));
#2677=LINE('4064',#2676,#2675);
#2678=DIRECTION('',(-1.E0,0.E0,0.E0));
#2679=VECTOR('',#2678,9.000000000012E-3);
#2680=CARTESIAN_POINT('',(2.545E-1,-3.28E-1,1.06E-1));
#2681=LINE('4063',#2680,#2679);
#2682=DIRECTION('',(3.892816206350E-1,-8.348171294790E-1,-3.892816206350E-1));
#2683=VECTOR('',#2682,2.055067482239E-2);
#2684=CARTESIAN_POINT('',(2.375E-1,-3.108439446360E-1,1.14E-1));
#2685=LINE('4075',#2684,#2683);
#2686=DIRECTION('',(5.107025913273E-14,0.E0,1.E0));
#2687=VECTOR('',#2686,2.500000000001E-2);
#2688=CARTESIAN_POINT('',(2.625E-1,1.198439446359E-1,8.899999999999E-2));
#2689=LINE('4073',#2688,#2687);
#2690=DIRECTION('',(3.892816206347E-1,-8.348171294794E-1,3.892816206345E-1));
#2691=VECTOR('',#2690,2.055067482241E-2);
#2692=CARTESIAN_POINT('',(2.545E-1,1.37E-1,1.06E-1));
#2693=LINE('4087',#2692,#2691);
#2694=DIRECTION('',(-1.233581138471E-14,0.E0,-1.E0));
#2695=VECTOR('',#2694,9.000000000008E-3);
#2696=CARTESIAN_POINT('',(2.545E-1,1.37E-1,1.06E-1));
#2697=LINE('4085',#2696,#2695);
#2698=DIRECTION('',(1.E0,0.E0,0.E0));
#2699=VECTOR('',#2698,9.000000000015E-3);
#2700=CARTESIAN_POINT('',(2.455E-1,1.37E-1,1.06E-1));
#2701=LINE('4086',#2700,#2699);
#2702=DIRECTION('',(-5.107025913273E-14,0.E0,-1.E0));
#2703=VECTOR('',#2702,2.500000000001E-2);
#2704=CARTESIAN_POINT('',(2.375E-1,1.198439446359E-1,1.14E-1));
#2705=LINE('4078',#2704,#2703);
#2706=DIRECTION('',(-3.892816206346E-1,-8.348171294793E-1,-3.892816206348E-1));
#2707=VECTOR('',#2706,2.055067482241E-2);
#2708=CARTESIAN_POINT('',(2.455E-1,1.37E-1,9.7E-2));
#2709=LINE('4080',#2708,#2707);
#2710=DIRECTION('',(3.892816206346E-1,8.348171294794E-1,-3.892816206346E-1));
#2711=VECTOR('',#2710,2.055067482241E-2);
#2712=CARTESIAN_POINT('',(2.375E-1,1.198439446359E-1,1.14E-1));
#2713=LINE('4082',#2712,#2711);
#2714=DIRECTION('',(1.E0,0.E0,-4.996003610809E-14));
#2715=VECTOR('',#2714,2.500000000002E-2);
#2716=CARTESIAN_POINT('',(2.375E-1,1.198439446359E-1,8.9E-2));
#2717=LINE('4069',#2716,#2715);
#2718=DIRECTION('',(3.892816206346E-1,-8.348171294793E-1,-3.892816206348E-1));
#2719=VECTOR('',#2718,2.055067482241E-2);
#2720=CARTESIAN_POINT('',(2.545E-1,1.37E-1,9.7E-2));
#2721=LINE('4084',#2720,#2719);
#2722=DIRECTION('',(0.E0,0.E0,-1.E0));
#2723=VECTOR('',#2722,9.000000000008E-3);
#2724=CARTESIAN_POINT('',(2.455E-1,1.37E-1,1.06E-1));
#2725=LINE('4081',#2724,#2723);
#2726=DIRECTION('',(1.E0,0.E0,0.E0));
#2727=VECTOR('',#2726,9.000000000015E-3);
#2728=CARTESIAN_POINT('',(2.455E-1,1.37E-1,9.7E-2));
#2729=LINE('4083',#2728,#2727);
#2730=DIRECTION('',(1.E0,0.E0,-4.996003610813E-14));
#2731=VECTOR('',#2730,2.5E-2);
#2732=CARTESIAN_POINT('',(3.75E-2,-3.108439446360E-1,8.9E-2));
#2733=LINE('4093',#2732,#2731);
#2734=DIRECTION('',(-4.968248035195E-14,0.E0,-1.E0));
#2735=VECTOR('',#2734,2.500000000001E-2);
#2736=CARTESIAN_POINT('',(3.75E-2,-3.108439446360E-1,1.14E-1));
#2737=LINE('4105',#2736,#2735);
#2738=DIRECTION('',(2.219920461743E-14,1.E0,2.945965036290E-14));
#2739=VECTOR('',#2738,1.328439446360E-1);
#2740=CARTESIAN_POINT('',(3.75E-2,-3.108439446360E-1,8.9E-2));
#2741=LINE('4712',#2740,#2739);
#2742=DIRECTION('',(-1.405096714262E-14,1.E0,-1.858248554824E-14));
#2743=VECTOR('',#2742,2.128439446359E-1);
#2744=CARTESIAN_POINT('',(3.75E-2,-9.3E-2,8.9E-2));
#2745=LINE('4713',#2744,#2743);
#2746=DIRECTION('',(0.E0,-1.E0,6.727664834648E-14));
#2747=VECTOR('',#2746,1.328439446360E-1);
#2748=CARTESIAN_POINT('',(6.25E-2,-1.78E-1,1.14E-1));
#2749=LINE('4715',#2748,#2747);
#2750=DIRECTION('',(-1.E0,0.E0,5.107025913275E-14));
#2751=VECTOR('',#2750,2.5E-2);
#2752=CARTESIAN_POINT('',(6.25E-2,-3.108439446360E-1,1.14E-1));
#2753=LINE('4104',#2752,#2751);
#2754=DIRECTION('',(1.279718854417E-14,1.E0,-7.667866441975E-14));
#2755=VECTOR('',#2754,1.328439446360E-1);
#2756=CARTESIAN_POINT('',(3.75E-2,-3.108439446360E-1,1.14E-1));
#2757=LINE('4716',#2756,#2755);
#2758=DIRECTION('',(0.E0,1.E0,4.811885731439E-14));
#2759=VECTOR('',#2758,2.128439446359E-1);
#2760=CARTESIAN_POINT('',(3.75E-2,-9.3E-2,1.14E-1));
#2761=LINE('4717',#2760,#2759);
#2762=DIRECTION('',(1.E0,0.E0,-5.107025913275E-14));
#2763=VECTOR('',#2762,2.5E-2);
#2764=CARTESIAN_POINT('',(3.75E-2,1.198439446359E-1,1.14E-1));
#2765=LINE('4116',#2764,#2763);
#2766=DIRECTION('',(0.E0,-1.E0,-4.212030057601E-14));
#2767=VECTOR('',#2766,2.128439446359E-1);
#2768=CARTESIAN_POINT('',(6.25E-2,1.198439446359E-1,1.14E-1));
#2769=LINE('4714',#2768,#2767);
#2770=DIRECTION('',(0.E0,-1.E0,-3.896613328142E-14));
#2771=VECTOR('',#2770,1.328439446360E-1);
#2772=CARTESIAN_POINT('',(6.25E-2,-1.78E-1,8.9E-2));
#2773=LINE('4711',#2772,#2771);
#2774=DIRECTION('',(0.E0,-1.E0,2.445063887926E-14));
#2775=VECTOR('',#2774,2.128439446359E-1);
#2776=CARTESIAN_POINT('',(6.25E-2,1.198439446359E-1,8.899999999999E-2));
#2777=LINE('4710',#2776,#2775);
#2778=DIRECTION('',(0.E0,0.E0,1.E0));
#2779=VECTOR('',#2778,9.000000000008E-3);
#2780=CARTESIAN_POINT('',(5.45E-2,-3.28E-1,9.7E-2));
#2781=LINE('4090',#2780,#2779);
#2782=DIRECTION('',(-3.892816206351E-1,-8.348171294790E-1,-3.892816206350E-1));
#2783=VECTOR('',#2782,2.055067482239E-2);
#2784=CARTESIAN_POINT('',(6.25E-2,-3.108439446360E-1,1.14E-1));
#2785=LINE('4102',#2784,#2783);
#2786=DIRECTION('',(-4.968248035195E-14,0.E0,-1.E0));
#2787=VECTOR('',#2786,2.500000000001E-2);
#2788=CARTESIAN_POINT('',(6.25E-2,-3.108439446360E-1,1.14E-1));
#2789=LINE('4099',#2788,#2787);
#2790=DIRECTION('',(-3.892816206350E-1,8.348171294790E-1,-3.892816206351E-1));
#2791=VECTOR('',#2790,2.055067482239E-2);
#2792=CARTESIAN_POINT('',(4.55E-2,-3.28E-1,9.7E-2));
#2793=LINE('4094',#2792,#2791);
#2794=DIRECTION('',(1.E0,0.E0,0.E0));
#2795=VECTOR('',#2794,8.999999999997E-3);
#2796=CARTESIAN_POINT('',(4.55E-2,-3.28E-1,9.7E-2));
#2797=LINE('4089',#2796,#2795);
#2798=DIRECTION('',(-3.892816206350E-1,-8.348171294789E-1,3.892816206351E-1));
#2799=VECTOR('',#2798,2.055067482239E-2);
#2800=CARTESIAN_POINT('',(6.25E-2,-3.108439446360E-1,8.899999999999E-2));
#2801=LINE('4095',#2800,#2799);
#2802=DIRECTION('',(0.E0,0.E0,-1.E0));
#2803=VECTOR('',#2802,9.000000000008E-3);
#2804=CARTESIAN_POINT('',(4.55E-2,-3.28E-1,1.06E-1));
#2805=LINE('4092',#2804,#2803);
#2806=DIRECTION('',(-1.E0,0.E0,0.E0));
#2807=VECTOR('',#2806,8.999999999997E-3);
#2808=CARTESIAN_POINT('',(5.45E-2,-3.28E-1,1.06E-1));
#2809=LINE('4091',#2808,#2807);
#2810=DIRECTION('',(3.892816206350E-1,-8.348171294790E-1,-3.892816206351E-1));
#2811=VECTOR('',#2810,2.055067482239E-2);
#2812=CARTESIAN_POINT('',(3.75E-2,-3.108439446360E-1,1.14E-1));
#2813=LINE('4103',#2812,#2811);
#2814=DIRECTION('',(4.996003610810E-14,0.E0,1.E0));
#2815=VECTOR('',#2814,2.500000000001E-2);
#2816=CARTESIAN_POINT('',(6.25E-2,1.198439446359E-1,8.899999999999E-2));
#2817=LINE('4101',#2816,#2815);
#2818=DIRECTION('',(3.892816206347E-1,-8.348171294794E-1,3.892816206346E-1));
#2819=VECTOR('',#2818,2.055067482241E-2);
#2820=CARTESIAN_POINT('',(5.45E-2,1.37E-1,1.06E-1));
#2821=LINE('4115',#2820,#2819);
#2822=DIRECTION('',(0.E0,0.E0,-1.E0));
#2823=VECTOR('',#2822,9.000000000008E-3);
#2824=CARTESIAN_POINT('',(5.45E-2,1.37E-1,1.06E-1));
#2825=LINE('4113',#2824,#2823);
#2826=DIRECTION('',(1.E0,0.E0,0.E0));
#2827=VECTOR('',#2826,9.E-3);
#2828=CARTESIAN_POINT('',(4.55E-2,1.37E-1,1.06E-1));
#2829=LINE('4114',#2828,#2827);
#2830=DIRECTION('',(-5.023759186426E-14,0.E0,-1.E0));
#2831=VECTOR('',#2830,2.500000000001E-2);
#2832=CARTESIAN_POINT('',(3.75E-2,1.198439446359E-1,1.14E-1));
#2833=LINE('4106',#2832,#2831);
#2834=DIRECTION('',(-3.892816206346E-1,-8.348171294793E-1,-3.892816206348E-1));
#2835=VECTOR('',#2834,2.055067482241E-2);
#2836=CARTESIAN_POINT('',(4.55E-2,1.37E-1,9.7E-2));
#2837=LINE('4108',#2836,#2835);
#2838=DIRECTION('',(3.892816206346E-1,8.348171294794E-1,-3.892816206346E-1));
#2839=VECTOR('',#2838,2.055067482241E-2);
#2840=CARTESIAN_POINT('',(3.75E-2,1.198439446359E-1,1.14E-1));
#2841=LINE('4110',#2840,#2839);
#2842=DIRECTION('',(1.E0,0.E0,-4.996003610813E-14));
#2843=VECTOR('',#2842,2.5E-2);
#2844=CARTESIAN_POINT('',(3.75E-2,1.198439446359E-1,8.9E-2));
#2845=LINE('4097',#2844,#2843);
#2846=DIRECTION('',(3.892816206346E-1,-8.348171294793E-1,-3.892816206348E-1));
#2847=VECTOR('',#2846,2.055067482241E-2);
#2848=CARTESIAN_POINT('',(5.45E-2,1.37E-1,9.7E-2));
#2849=LINE('4112',#2848,#2847);
#2850=DIRECTION('',(0.E0,0.E0,-1.E0));
#2851=VECTOR('',#2850,9.000000000008E-3);
#2852=CARTESIAN_POINT('',(4.55E-2,1.37E-1,1.06E-1));
#2853=LINE('4109',#2852,#2851);
#2854=DIRECTION('',(1.E0,0.E0,0.E0));
#2855=VECTOR('',#2854,9.E-3);
#2856=CARTESIAN_POINT('',(4.55E-2,1.37E-1,9.7E-2));
#2857=LINE('4111',#2856,#2855);
#2858=DIRECTION('',(1.E0,0.E0,-4.996003610813E-14));
#2859=VECTOR('',#2858,2.5E-2);
#2860=CARTESIAN_POINT('',(-6.25E-2,-3.108439446360E-1,8.9E-2));
#2861=LINE('4121',#2860,#2859);
#2862=DIRECTION('',(0.E0,-1.E0,7.667866441975E-14));
#2863=VECTOR('',#2862,1.328439446360E-1);
#2864=CARTESIAN_POINT('',(-6.25E-2,-1.78E-1,1.14E-1));
#2865=LINE('4733',#2864,#2863);
#2866=DIRECTION('',(0.E0,1.E0,2.945965036290E-14));
#2867=VECTOR('',#2866,1.328439446360E-1);
#2868=CARTESIAN_POINT('',(-6.25E-2,-3.108439446360E-1,8.9E-2));
#2869=LINE('4728',#2868,#2867);
#2870=DIRECTION('',(0.E0,1.E0,-1.858248554824E-14));
#2871=VECTOR('',#2870,2.128439446359E-1);
#2872=CARTESIAN_POINT('',(-6.25E-2,-9.3E-2,8.9E-2));
#2873=LINE('4729',#2872,#2871);
#2874=DIRECTION('',(0.E0,-1.E0,-4.811885731439E-14));
#2875=VECTOR('',#2874,2.128439446359E-1);
#2876=CARTESIAN_POINT('',(-6.25E-2,1.198439446359E-1,1.14E-1));
#2877=LINE('4732',#2876,#2875);
#2878=DIRECTION('',(2.225143804006E-14,-1.E0,6.727664834648E-14));
#2879=VECTOR('',#2878,1.328439446360E-1);
#2880=CARTESIAN_POINT('',(-3.75E-2,-1.78E-1,1.14E-1));
#2881=LINE('4731',#2880,#2879);
#2882=DIRECTION('',(-1.E0,0.E0,4.996003610813E-14));
#2883=VECTOR('',#2882,2.5E-2);
#2884=CARTESIAN_POINT('',(-3.75E-2,-3.108439446360E-1,1.14E-1));
#2885=LINE('4132',#2884,#2883);
#2886=DIRECTION('',(-1.398576543894E-14,-1.E0,-4.218550227969E-14));
#2887=VECTOR('',#2886,2.128439446359E-1);
#2888=CARTESIAN_POINT('',(-3.75E-2,1.198439446359E-1,1.14E-1));
#2889=LINE('4730',#2888,#2887);
#2890=DIRECTION('',(1.279718854417E-14,-1.E0,-3.896613328142E-14));
#2891=VECTOR('',#2890,1.328439446360E-1);
#2892=CARTESIAN_POINT('',(-3.75E-2,-1.78E-1,8.9E-2));
#2893=LINE('4727',#2892,#2891);
#2894=DIRECTION('',(0.E0,-1.E0,2.445063887926E-14));
#2895=VECTOR('',#2894,2.128439446359E-1);
#2896=CARTESIAN_POINT('',(-3.75E-2,1.198439446359E-1,8.899999999999E-2));
#2897=LINE('4726',#2896,#2895);
#2898=DIRECTION('',(0.E0,0.E0,1.E0));
#2899=VECTOR('',#2898,9.000000000008E-3);
#2900=CARTESIAN_POINT('',(-4.55E-2,-3.28E-1,9.7E-2));
#2901=LINE('4118',#2900,#2899);
#2902=DIRECTION('',(-3.892816206351E-1,-8.348171294790E-1,-3.892816206350E-1));
#2903=VECTOR('',#2902,2.055067482239E-2);
#2904=CARTESIAN_POINT('',(-3.75E-2,-3.108439446360E-1,1.14E-1));
#2905=LINE('4130',#2904,#2903);
#2906=DIRECTION('',(-5.023759186426E-14,0.E0,-1.E0));
#2907=VECTOR('',#2906,2.500000000001E-2);
#2908=CARTESIAN_POINT('',(-3.75E-2,-3.108439446360E-1,1.14E-1));
#2909=LINE('4127',#2908,#2907);
#2910=DIRECTION('',(-3.892816206351E-1,8.348171294789E-1,-3.892816206351E-1));
#2911=VECTOR('',#2910,2.055067482239E-2);
#2912=CARTESIAN_POINT('',(-5.45E-2,-3.28E-1,9.7E-2));
#2913=LINE('4122',#2912,#2911);
#2914=DIRECTION('',(1.E0,0.E0,0.E0));
#2915=VECTOR('',#2914,8.999999999997E-3);
#2916=CARTESIAN_POINT('',(-5.45E-2,-3.28E-1,9.7E-2));
#2917=LINE('4117',#2916,#2915);
#2918=DIRECTION('',(-3.892816206350E-1,-8.348171294790E-1,3.892816206351E-1));
#2919=VECTOR('',#2918,2.055067482239E-2);
#2920=CARTESIAN_POINT('',(-3.75E-2,-3.108439446360E-1,8.899999999999E-2));
#2921=LINE('4123',#2920,#2919);
#2922=DIRECTION('',(4.940492459579E-14,0.E0,1.E0));
#2923=VECTOR('',#2922,2.500000000001E-2);
#2924=CARTESIAN_POINT('',(-6.25E-2,-3.108439446360E-1,8.9E-2));
#2925=LINE('4171',#2924,#2923);
#2926=DIRECTION('',(0.E0,0.E0,-1.E0));
#2927=VECTOR('',#2926,9.000000000008E-3);
#2928=CARTESIAN_POINT('',(-5.45E-2,-3.28E-1,1.06E-1));
#2929=LINE('4120',#2928,#2927);
#2930=DIRECTION('',(-1.E0,0.E0,0.E0));
#2931=VECTOR('',#2930,8.999999999997E-3);
#2932=CARTESIAN_POINT('',(-4.55E-2,-3.28E-1,1.06E-1));
#2933=LINE('4119',#2932,#2931);
#2934=DIRECTION('',(3.892816206350E-1,-8.348171294790E-1,-3.892816206350E-1));
#2935=VECTOR('',#2934,2.055067482239E-2);
#2936=CARTESIAN_POINT('',(-6.25E-2,-3.108439446360E-1,1.14E-1));
#2937=LINE('4131',#2936,#2935);
#2938=DIRECTION('',(5.023759186426E-14,0.E0,1.E0));
#2939=VECTOR('',#2938,2.500000000001E-2);
#2940=CARTESIAN_POINT('',(-3.75E-2,1.198439446359E-1,8.899999999999E-2));
#2941=LINE('4129',#2940,#2939);
#2942=DIRECTION('',(0.E0,0.E0,-1.E0));
#2943=VECTOR('',#2942,9.000000000008E-3);
#2944=CARTESIAN_POINT('',(-4.55E-2,1.37E-1,1.06E-1));
#2945=LINE('4138',#2944,#2943);
#2946=DIRECTION('',(-3.892816206345E-1,8.348171294793E-1,3.892816206348E-1));
#2947=VECTOR('',#2946,2.055067482241E-2);
#2948=CARTESIAN_POINT('',(-3.75E-2,1.198439446359E-1,8.899999999999E-2));
#2949=LINE('4141',#2948,#2947);
#2950=DIRECTION('',(-1.E0,0.E0,5.051514762044E-14));
#2951=VECTOR('',#2950,2.5E-2);
#2952=CARTESIAN_POINT('',(-3.75E-2,1.198439446359E-1,1.14E-1));
#2953=LINE('4134',#2952,#2951);
#2954=DIRECTION('',(-3.892816206346E-1,-8.348171294794E-1,3.892816206346E-1));
#2955=VECTOR('',#2954,2.055067482241E-2);
#2956=CARTESIAN_POINT('',(-5.45E-2,1.37E-1,1.06E-1));
#2957=LINE('4135',#2956,#2955);
#2958=DIRECTION('',(-3.892816206346E-1,8.348171294794E-1,-3.892816206346E-1));
#2959=VECTOR('',#2958,2.055067482241E-2);
#2960=CARTESIAN_POINT('',(-3.75E-2,1.198439446359E-1,1.14E-1));
#2961=LINE('4137',#2960,#2959);
#2962=DIRECTION('',(-4.996003610810E-14,0.E0,-1.E0));
#2963=VECTOR('',#2962,2.500000000001E-2);
#2964=CARTESIAN_POINT('',(-6.25E-2,1.198439446359E-1,1.14E-1));
#2965=LINE('4172',#2964,#2963);
#2966=DIRECTION('',(0.E0,0.E0,1.E0));
#2967=VECTOR('',#2966,9.000000000008E-3);
#2968=CARTESIAN_POINT('',(-5.45E-2,1.37E-1,9.7E-2));
#2969=LINE('4139',#2968,#2967);
#2970=DIRECTION('',(-1.E0,0.E0,0.E0));
#2971=VECTOR('',#2970,9.E-3);
#2972=CARTESIAN_POINT('',(-4.55E-2,1.37E-1,9.7E-2));
#2973=LINE('4140',#2972,#2971);
#2974=DIRECTION('',(3.892816206346E-1,8.348171294793E-1,3.892816206348E-1));
#2975=VECTOR('',#2974,2.055067482241E-2);
#2976=CARTESIAN_POINT('',(-6.25E-2,1.198439446359E-1,8.9E-2));
#2977=LINE('4142',#2976,#2975);
#2978=DIRECTION('',(1.E0,0.E0,-4.996003610813E-14));
#2979=VECTOR('',#2978,2.5E-2);
#2980=CARTESIAN_POINT('',(-6.25E-2,1.198439446359E-1,8.9E-2));
#2981=LINE('4125',#2980,#2979);
#2982=DIRECTION('',(-1.E0,0.E0,0.E0));
#2983=VECTOR('',#2982,9.E-3);
#2984=CARTESIAN_POINT('',(-4.55E-2,1.37E-1,1.06E-1));
#2985=LINE('4136',#2984,#2983);
#2986=DIRECTION('',(1.E0,0.E0,-4.996003610809E-14));
#2987=VECTOR('',#2986,2.500000000002E-2);
#2988=CARTESIAN_POINT('',(-1.625E-1,-3.108439446360E-1,8.9E-2));
#2989=LINE('4147',#2988,#2987);
#2990=DIRECTION('',(-5.107025913273E-14,0.E0,-1.E0));
#2991=VECTOR('',#2990,2.500000000001E-2);
#2992=CARTESIAN_POINT('',(-1.625E-1,-3.108439446360E-1,1.14E-1));
#2993=LINE('4159',#2992,#2991);
#2994=DIRECTION('',(7.605186334820E-14,1.E0,2.945965036290E-14));
#2995=VECTOR('',#2994,1.328439446360E-1);
#2996=CARTESIAN_POINT('',(-1.625E-1,-3.108439446360E-1,8.9E-2));
#2997=LINE('4744',#2996,#2995);
#2998=DIRECTION('',(-4.746684027761E-14,1.E0,-1.858248554824E-14));
#2999=VECTOR('',#2998,2.128439446359E-1);
#3000=CARTESIAN_POINT('',(-1.625E-1,-9.3E-2,8.9E-2));
#3001=LINE('4745',#3000,#2999);
#3002=DIRECTION('',(7.563399596716E-14,-1.E0,6.727664834648E-14));
#3003=VECTOR('',#3002,1.328439446360E-1);
#3004=CARTESIAN_POINT('',(-1.375E-1,-1.78E-1,1.14E-1));
#3005=LINE('4747',#3004,#3003);
#3006=DIRECTION('',(-1.E0,0.E0,5.107025913272E-14));
#3007=VECTOR('',#3006,2.500000000002E-2);
#3008=CARTESIAN_POINT('',(-1.375E-1,-3.108439446360E-1,1.14E-1));
#3009=LINE('4158',#3008,#3007);
#3010=DIRECTION('',(6.664984727493E-14,1.E0,-7.667866441975E-14));
#3011=VECTOR('',#3010,1.328439446360E-1);
#3012=CARTESIAN_POINT('',(-1.625E-1,-3.108439446360E-1,1.14E-1));
#3013=LINE('4748',#3012,#3011);
#3014=DIRECTION('',(-4.146828353923E-14,1.E0,4.811885731439E-14));
#3015=VECTOR('',#3014,2.128439446359E-1);
#3016=CARTESIAN_POINT('',(-1.625E-1,-9.3E-2,1.14E-1));
#3017=LINE('4749',#3016,#3015);
#3018=DIRECTION('',(1.E0,0.E0,-5.107025913272E-14));
#3019=VECTOR('',#3018,2.500000000002E-2);
#3020=CARTESIAN_POINT('',(-1.625E-1,1.198439446359E-1,1.14E-1));
#3021=LINE('4170',#3020,#3019);
#3022=DIRECTION('',(-4.746684027761E-14,-1.E0,-4.212030057601E-14));
#3023=VECTOR('',#3022,2.128439446359E-1);
#3024=CARTESIAN_POINT('',(-1.375E-1,1.198439446359E-1,1.14E-1));
#3025=LINE('4746',#3024,#3023);
#3026=DIRECTION('',(6.623197989390E-14,-1.E0,-3.896613328142E-14));
#3027=VECTOR('',#3026,1.328439446360E-1);
#3028=CARTESIAN_POINT('',(-1.375E-1,-1.78E-1,8.9E-2));
#3029=LINE('4743',#3028,#3027);
#3030=DIRECTION('',(-4.159868694658E-14,-1.E0,2.445063887926E-14));
#3031=VECTOR('',#3030,2.128439446359E-1);
#3032=CARTESIAN_POINT('',(-1.375E-1,1.198439446359E-1,8.899999999999E-2));
#3033=LINE('4742',#3032,#3031);
#3034=DIRECTION('',(0.E0,0.E0,1.E0));
#3035=VECTOR('',#3034,9.000000000008E-3);
#3036=CARTESIAN_POINT('',(-1.455E-1,-3.28E-1,9.7E-2));
#3037=LINE('4144',#3036,#3035);
#3038=DIRECTION('',(-3.892816206351E-1,-8.348171294790E-1,-3.892816206350E-1));
#3039=VECTOR('',#3038,2.055067482239E-2);
#3040=CARTESIAN_POINT('',(-1.375E-1,-3.108439446360E-1,1.14E-1));
#3041=LINE('4156',#3040,#3039);
#3042=DIRECTION('',(-4.996003610810E-14,0.E0,-1.E0));
#3043=VECTOR('',#3042,2.500000000001E-2);
#3044=CARTESIAN_POINT('',(-1.375E-1,-3.108439446360E-1,1.14E-1));
#3045=LINE('4153',#3044,#3043);
#3046=DIRECTION('',(-3.892816206351E-1,8.348171294789E-1,-3.892816206351E-1));
#3047=VECTOR('',#3046,2.055067482239E-2);
#3048=CARTESIAN_POINT('',(-1.545E-1,-3.28E-1,9.7E-2));
#3049=LINE('4148',#3048,#3047);
#3050=DIRECTION('',(1.E0,0.E0,0.E0));
#3051=VECTOR('',#3050,9.000000000012E-3);
#3052=CARTESIAN_POINT('',(-1.545E-1,-3.28E-1,9.7E-2));
#3053=LINE('4143',#3052,#3051);
#3054=DIRECTION('',(-3.892816206350E-1,-8.348171294789E-1,3.892816206351E-1));
#3055=VECTOR('',#3054,2.055067482239E-2);
#3056=CARTESIAN_POINT('',(-1.375E-1,-3.108439446360E-1,8.899999999999E-2));
#3057=LINE('4149',#3056,#3055);
#3058=DIRECTION('',(0.E0,0.E0,-1.E0));
#3059=VECTOR('',#3058,9.000000000008E-3);
#3060=CARTESIAN_POINT('',(-1.545E-1,-3.28E-1,1.06E-1));
#3061=LINE('4146',#3060,#3059);
#3062=DIRECTION('',(-1.E0,0.E0,0.E0));
#3063=VECTOR('',#3062,9.000000000012E-3);
#3064=CARTESIAN_POINT('',(-1.455E-1,-3.28E-1,1.06E-1));
#3065=LINE('4145',#3064,#3063);
#3066=DIRECTION('',(3.892816206350E-1,-8.348171294790E-1,-3.892816206350E-1));
#3067=VECTOR('',#3066,2.055067482239E-2);
#3068=CARTESIAN_POINT('',(-1.625E-1,-3.108439446360E-1,1.14E-1));
#3069=LINE('4157',#3068,#3067);
#3070=DIRECTION('',(4.996003610810E-14,0.E0,1.E0));
#3071=VECTOR('',#3070,2.500000000001E-2);
#3072=CARTESIAN_POINT('',(-1.375E-1,1.198439446359E-1,8.899999999999E-2));
#3073=LINE('4155',#3072,#3071);
#3074=DIRECTION('',(3.892816206347E-1,-8.348171294794E-1,3.892816206345E-1));
#3075=VECTOR('',#3074,2.055067482241E-2);
#3076=CARTESIAN_POINT('',(-1.455E-1,1.37E-1,1.06E-1));
#3077=LINE('4169',#3076,#3075);
#3078=DIRECTION('',(0.E0,0.E0,-1.E0));
#3079=VECTOR('',#3078,9.000000000008E-3);
#3080=CARTESIAN_POINT('',(-1.455E-1,1.37E-1,1.06E-1));
#3081=LINE('4167',#3080,#3079);
#3082=DIRECTION('',(1.E0,0.E0,0.E0));
#3083=VECTOR('',#3082,9.000000000015E-3);
#3084=CARTESIAN_POINT('',(-1.545E-1,1.37E-1,1.06E-1));
#3085=LINE('4168',#3084,#3083);
#3086=DIRECTION('',(-4.996003610810E-14,0.E0,-1.E0));
#3087=VECTOR('',#3086,2.500000000001E-2);
#3088=CARTESIAN_POINT('',(-1.625E-1,1.198439446359E-1,1.14E-1));
#3089=LINE('4160',#3088,#3087);
#3090=DIRECTION('',(-3.892816206346E-1,-8.348171294793E-1,-3.892816206348E-1));
#3091=VECTOR('',#3090,2.055067482241E-2);
#3092=CARTESIAN_POINT('',(-1.545E-1,1.37E-1,9.7E-2));
#3093=LINE('4162',#3092,#3091);
#3094=DIRECTION('',(3.892816206346E-1,8.348171294794E-1,-3.892816206346E-1));
#3095=VECTOR('',#3094,2.055067482241E-2);
#3096=CARTESIAN_POINT('',(-1.625E-1,1.198439446359E-1,1.14E-1));
#3097=LINE('4164',#3096,#3095);
#3098=DIRECTION('',(1.E0,0.E0,-4.996003610809E-14));
#3099=VECTOR('',#3098,2.500000000002E-2);
#3100=CARTESIAN_POINT('',(-1.625E-1,1.198439446359E-1,8.9E-2));
#3101=LINE('4151',#3100,#3099);
#3102=DIRECTION('',(3.892816206346E-1,-8.348171294793E-1,-3.892816206348E-1));
#3103=VECTOR('',#3102,2.055067482241E-2);
#3104=CARTESIAN_POINT('',(-1.455E-1,1.37E-1,9.7E-2));
#3105=LINE('4166',#3104,#3103);
#3106=DIRECTION('',(0.E0,0.E0,-1.E0));
#3107=VECTOR('',#3106,9.000000000008E-3);
#3108=CARTESIAN_POINT('',(-1.545E-1,1.37E-1,1.06E-1));
#3109=LINE('4163',#3108,#3107);
#3110=DIRECTION('',(1.E0,0.E0,0.E0));
#3111=VECTOR('',#3110,9.000000000015E-3);
#3112=CARTESIAN_POINT('',(-1.545E-1,1.37E-1,9.7E-2));
#3113=LINE('4165',#3112,#3111);
#3114=DIRECTION('',(1.E0,0.E0,-4.996003610809E-14));
#3115=VECTOR('',#3114,2.500000000002E-2);
#3116=CARTESIAN_POINT('',(-2.625E-1,-3.108439446360E-1,8.9E-2));
#3117=LINE('4177',#3116,#3115);
#3118=DIRECTION('',(-5.107025913273E-14,0.E0,-1.E0));
#3119=VECTOR('',#3118,2.500000000001E-2);
#3120=CARTESIAN_POINT('',(-2.625E-1,-3.108439446360E-1,1.14E-1));
#3121=LINE('4189',#3120,#3119);
#3122=DIRECTION('',(7.605186334820E-14,1.E0,2.945965036290E-14));
#3123=VECTOR('',#3122,1.328439446360E-1);
#3124=CARTESIAN_POINT('',(-2.625E-1,-3.108439446360E-1,8.9E-2));
#3125=LINE('4760',#3124,#3123);
#3126=DIRECTION('',(-4.746684027761E-14,1.E0,-1.858248554824E-14));
#3127=VECTOR('',#3126,2.128439446359E-1);
#3128=CARTESIAN_POINT('',(-2.625E-1,-9.3E-2,8.9E-2));
#3129=LINE('4761',#3128,#3127);
#3130=DIRECTION('',(7.584292965768E-14,-1.E0,6.727664834648E-14));
#3131=VECTOR('',#3130,1.328439446360E-1);
#3132=CARTESIAN_POINT('',(-2.375E-1,-1.78E-1,1.14E-1));
#3133=LINE('4763',#3132,#3131);
#3134=DIRECTION('',(-1.E0,0.E0,5.107025913272E-14));
#3135=VECTOR('',#3134,2.500000000002E-2);
#3136=CARTESIAN_POINT('',(-2.375E-1,-3.108439446360E-1,1.14E-1));
#3137=LINE('4188',#3136,#3135);
#3138=DIRECTION('',(6.644091358441E-14,1.E0,-7.667866441975E-14));
#3139=VECTOR('',#3138,1.328439446360E-1);
#3140=CARTESIAN_POINT('',(-2.625E-1,-3.108439446360E-1,1.14E-1));
#3141=LINE('4764',#3140,#3139);
#3142=DIRECTION('',(-4.172909035394E-14,1.E0,4.811885731439E-14));
#3143=VECTOR('',#3142,2.128439446359E-1);
#3144=CARTESIAN_POINT('',(-2.625E-1,-9.3E-2,1.14E-1));
#3145=LINE('4765',#3144,#3143);
#3146=DIRECTION('',(1.E0,0.E0,-5.107025913272E-14));
#3147=VECTOR('',#3146,2.500000000002E-2);
#3148=CARTESIAN_POINT('',(-2.625E-1,1.198439446359E-1,1.14E-1));
#3149=LINE('4200',#3148,#3147);
#3150=DIRECTION('',(-4.733643687025E-14,-1.E0,-4.212030057601E-14));
#3151=VECTOR('',#3150,2.128439446359E-1);
#3152=CARTESIAN_POINT('',(-2.375E-1,1.198439446359E-1,1.14E-1));
#3153=LINE('4762',#3152,#3151);
#3154=DIRECTION('',(6.685878096545E-14,-1.E0,-3.896613328142E-14));
#3155=VECTOR('',#3154,1.328439446360E-1);
#3156=CARTESIAN_POINT('',(-2.375E-1,-1.78E-1,8.9E-2));
#3157=LINE('4759',#3156,#3155);
#3158=DIRECTION('',(-4.146828353923E-14,-1.E0,2.445063887926E-14));
#3159=VECTOR('',#3158,2.128439446359E-1);
#3160=CARTESIAN_POINT('',(-2.375E-1,1.198439446359E-1,8.899999999999E-2));
#3161=LINE('4758',#3160,#3159);
#3162=DIRECTION('',(0.E0,0.E0,1.E0));
#3163=VECTOR('',#3162,9.000000000008E-3);
#3164=CARTESIAN_POINT('',(-2.455E-1,-3.28E-1,9.7E-2));
#3165=LINE('4174',#3164,#3163);
#3166=DIRECTION('',(-3.892816206351E-1,-8.348171294790E-1,-3.892816206350E-1));
#3167=VECTOR('',#3166,2.055067482239E-2);
#3168=CARTESIAN_POINT('',(-2.375E-1,-3.108439446360E-1,1.14E-1));
#3169=LINE('4186',#3168,#3167);
#3170=DIRECTION('',(-5.107025913273E-14,0.E0,-1.E0));
#3171=VECTOR('',#3170,2.500000000001E-2);
#3172=CARTESIAN_POINT('',(-2.375E-1,-3.108439446360E-1,1.14E-1));
#3173=LINE('4183',#3172,#3171);
#3174=DIRECTION('',(-3.892816206351E-1,8.348171294789E-1,-3.892816206351E-1));
#3175=VECTOR('',#3174,2.055067482239E-2);
#3176=CARTESIAN_POINT('',(-2.545E-1,-3.28E-1,9.7E-2));
#3177=LINE('4178',#3176,#3175);
#3178=DIRECTION('',(1.E0,0.E0,0.E0));
#3179=VECTOR('',#3178,9.000000000012E-3);
#3180=CARTESIAN_POINT('',(-2.545E-1,-3.28E-1,9.7E-2));
#3181=LINE('4173',#3180,#3179);
#3182=DIRECTION('',(-3.892816206350E-1,-8.348171294789E-1,3.892816206351E-1));
#3183=VECTOR('',#3182,2.055067482239E-2);
#3184=CARTESIAN_POINT('',(-2.375E-1,-3.108439446360E-1,8.899999999999E-2));
#3185=LINE('4179',#3184,#3183);
#3186=DIRECTION('',(0.E0,0.E0,-1.E0));
#3187=VECTOR('',#3186,9.000000000008E-3);
#3188=CARTESIAN_POINT('',(-2.545E-1,-3.28E-1,1.06E-1));
#3189=LINE('4176',#3188,#3187);
#3190=DIRECTION('',(-1.E0,0.E0,0.E0));
#3191=VECTOR('',#3190,9.000000000012E-3);
#3192=CARTESIAN_POINT('',(-2.455E-1,-3.28E-1,1.06E-1));
#3193=LINE('4175',#3192,#3191);
#3194=DIRECTION('',(3.892816206350E-1,-8.348171294790E-1,-3.892816206350E-1));
#3195=VECTOR('',#3194,2.055067482239E-2);
#3196=CARTESIAN_POINT('',(-2.625E-1,-3.108439446360E-1,1.14E-1));
#3197=LINE('4187',#3196,#3195);
#3198=DIRECTION('',(4.773959005885E-14,0.E0,1.E0));
#3199=VECTOR('',#3198,2.500000000001E-2);
#3200=CARTESIAN_POINT('',(-2.375E-1,1.198439446359E-1,8.899999999999E-2));
#3201=LINE('4185',#3200,#3199);
#3202=DIRECTION('',(3.892816206347E-1,-8.348171294794E-1,3.892816206345E-1));
#3203=VECTOR('',#3202,2.055067482241E-2);
#3204=CARTESIAN_POINT('',(-2.455E-1,1.37E-1,1.06E-1));
#3205=LINE('4199',#3204,#3203);
#3206=DIRECTION('',(0.E0,0.E0,-1.E0));
#3207=VECTOR('',#3206,9.000000000008E-3);
#3208=CARTESIAN_POINT('',(-2.455E-1,1.37E-1,1.06E-1));
#3209=LINE('4197',#3208,#3207);
#3210=DIRECTION('',(1.E0,0.E0,0.E0));
#3211=VECTOR('',#3210,9.000000000015E-3);
#3212=CARTESIAN_POINT('',(-2.545E-1,1.37E-1,1.06E-1));
#3213=LINE('4198',#3212,#3211);
#3214=DIRECTION('',(-4.884981308348E-14,0.E0,-1.E0));
#3215=VECTOR('',#3214,2.500000000001E-2);
#3216=CARTESIAN_POINT('',(-2.625E-1,1.198439446359E-1,1.14E-1));
#3217=LINE('4190',#3216,#3215);
#3218=DIRECTION('',(-3.892816206346E-1,-8.348171294793E-1,-3.892816206348E-1));
#3219=VECTOR('',#3218,2.055067482241E-2);
#3220=CARTESIAN_POINT('',(-2.545E-1,1.37E-1,9.7E-2));
#3221=LINE('4192',#3220,#3219);
#3222=DIRECTION('',(3.892816206346E-1,8.348171294794E-1,-3.892816206346E-1));
#3223=VECTOR('',#3222,2.055067482241E-2);
#3224=CARTESIAN_POINT('',(-2.625E-1,1.198439446359E-1,1.14E-1));
#3225=LINE('4194',#3224,#3223);
#3226=DIRECTION('',(1.E0,0.E0,-4.996003610809E-14));
#3227=VECTOR('',#3226,2.500000000002E-2);
#3228=CARTESIAN_POINT('',(-2.625E-1,1.198439446359E-1,8.9E-2));
#3229=LINE('4181',#3228,#3227);
#3230=DIRECTION('',(3.892816206346E-1,-8.348171294793E-1,-3.892816206348E-1));
#3231=VECTOR('',#3230,2.055067482241E-2);
#3232=CARTESIAN_POINT('',(-2.455E-1,1.37E-1,9.7E-2));
#3233=LINE('4196',#3232,#3231);
#3234=DIRECTION('',(0.E0,0.E0,-1.E0));
#3235=VECTOR('',#3234,9.000000000008E-3);
#3236=CARTESIAN_POINT('',(-2.545E-1,1.37E-1,1.06E-1));
#3237=LINE('4193',#3236,#3235);
#3238=DIRECTION('',(1.E0,0.E0,0.E0));
#3239=VECTOR('',#3238,9.000000000015E-3);
#3240=CARTESIAN_POINT('',(-2.545E-1,1.37E-1,9.7E-2));
#3241=LINE('4195',#3240,#3239);
#3242=DIRECTION('',(0.E0,1.E0,0.E0));
#3243=VECTOR('',#3242,2.71E-1);
#3244=CARTESIAN_POINT('',(1.8E-1,-9.3E-2,3.03E-1));
#3245=LINE('4254',#3244,#3243);
#3246=DIRECTION('',(0.E0,0.E0,1.E0));
#3247=VECTOR('',#3246,5.E-2);
#3248=CARTESIAN_POINT('',(1.8E-1,-9.3E-2,2.53E-1));
#3249=LINE('4400',#3248,#3247);
#3250=DIRECTION('',(0.E0,-1.E0,-6.744345476695E-14));
#3251=VECTOR('',#3250,1.605E-1);
#3252=CARTESIAN_POINT('',(1.8E-1,6.75E-2,2.53E-1));
#3253=LINE('4501',#3252,#3251);
#3254=DIRECTION('',(0.E0,8.612074626942E-1,-5.082535845420E-1));
#3255=VECTOR('',#3254,1.770769606698E-2);
#3256=CARTESIAN_POINT('',(1.8E-1,6.75E-2,2.53E-1));
#3257=LINE('4511',#3256,#3255);
#3258=DIRECTION('',(0.E0,-1.E0,-5.215126576199E-13));
#3259=VECTOR('',#3258,1.9E-2);
#3260=CARTESIAN_POINT('',(1.8E-1,1.0175E-1,2.44E-1));
#3261=LINE('4521',#3260,#3259);
#3262=DIRECTION('',(0.E0,8.612074626947E-1,5.082535845412E-1));
#3263=VECTOR('',#3262,8.853848033482E-2);
#3264=CARTESIAN_POINT('',(1.8E-1,1.0175E-1,2.44E-1));
#3265=LINE('4530',#3264,#3263);
#3266=DIRECTION('',(0.E0,-7.137148015447E-14,-1.E0));
#3267=VECTOR('',#3266,1.4E-2);
#3268=CARTESIAN_POINT('',(1.8E-1,1.78E-1,3.03E-1));
#3269=LINE('4330',#3268,#3267);
#3270=CARTESIAN_POINT('',(1.455E-1,-3.28E-1,1.97E-1));
#3271=CARTESIAN_POINT('',(1.545E-1,-3.28E-1,1.97E-1));
#3272=VERTEX_POINT('',#3270);
#3273=VERTEX_POINT('',#3271);
#3274=CARTESIAN_POINT('',(1.545E-1,-3.28E-1,2.06E-1));
#3275=VERTEX_POINT('',#3274);
#3276=CARTESIAN_POINT('',(1.455E-1,-3.28E-1,2.06E-1));
#3277=VERTEX_POINT('',#3276);
#3278=CARTESIAN_POINT('',(1.375E-1,-3.108439446360E-1,1.89E-1));
#3279=CARTESIAN_POINT('',(1.625E-1,-3.108439446360E-1,1.89E-1));
#3280=VERTEX_POINT('',#3278);
#3281=VERTEX_POINT('',#3279);
#3282=CARTESIAN_POINT('',(1.375E-1,1.198439446359E-1,1.89E-1));
#3283=CARTESIAN_POINT('',(1.625E-1,1.198439446359E-1,1.89E-1));
#3284=VERTEX_POINT('',#3282);
#3285=VERTEX_POINT('',#3283);
#3286=CARTESIAN_POINT('',(1.625E-1,-3.108439446360E-1,2.14E-1));
#3287=VERTEX_POINT('',#3286);
#3288=CARTESIAN_POINT('',(1.625E-1,1.198439446359E-1,2.14E-1));
#3289=VERTEX_POINT('',#3288);
#3290=CARTESIAN_POINT('',(1.375E-1,-3.108439446360E-1,2.14E-1));
#3291=VERTEX_POINT('',#3290);
#3292=CARTESIAN_POINT('',(1.375E-1,1.198439446359E-1,2.14E-1));
#3293=VERTEX_POINT('',#3292);
#3294=CARTESIAN_POINT('',(1.455E-1,1.37E-1,1.97E-1));
#3295=VERTEX_POINT('',#3294);
#3296=CARTESIAN_POINT('',(1.455E-1,1.37E-1,2.06E-1));
#3297=VERTEX_POINT('',#3296);
#3298=CARTESIAN_POINT('',(1.545E-1,1.37E-1,1.97E-1));
#3299=VERTEX_POINT('',#3298);
#3300=CARTESIAN_POINT('',(1.545E-1,1.37E-1,2.06E-1));
#3301=VERTEX_POINT('',#3300);
#3302=CARTESIAN_POINT('',(2.455E-1,-3.28E-1,1.97E-1));
#3303=CARTESIAN_POINT('',(2.545E-1,-3.28E-1,1.97E-1));
#3304=VERTEX_POINT('',#3302);
#3305=VERTEX_POINT('',#3303);
#3306=CARTESIAN_POINT('',(2.545E-1,-3.28E-1,2.06E-1));
#3307=VERTEX_POINT('',#3306);
#3308=CARTESIAN_POINT('',(2.455E-1,-3.28E-1,2.06E-1));
#3309=VERTEX_POINT('',#3308);
#3310=CARTESIAN_POINT('',(2.375E-1,-3.108439446360E-1,1.89E-1));
#3311=CARTESIAN_POINT('',(2.625E-1,-3.108439446360E-1,1.89E-1));
#3312=VERTEX_POINT('',#3310);
#3313=VERTEX_POINT('',#3311);
#3314=CARTESIAN_POINT('',(2.375E-1,1.198439446359E-1,1.89E-1));
#3315=CARTESIAN_POINT('',(2.625E-1,1.198439446359E-1,1.89E-1));
#3316=VERTEX_POINT('',#3314);
#3317=VERTEX_POINT('',#3315);
#3318=CARTESIAN_POINT('',(2.625E-1,-3.108439446360E-1,2.14E-1));
#3319=VERTEX_POINT('',#3318);
#3320=CARTESIAN_POINT('',(2.625E-1,1.198439446359E-1,2.14E-1));
#3321=VERTEX_POINT('',#3320);
#3322=CARTESIAN_POINT('',(2.375E-1,-3.108439446360E-1,2.14E-1));
#3323=VERTEX_POINT('',#3322);
#3324=CARTESIAN_POINT('',(2.375E-1,1.198439446359E-1,2.14E-1));
#3325=VERTEX_POINT('',#3324);
#3326=CARTESIAN_POINT('',(2.455E-1,1.37E-1,1.97E-1));
#3327=VERTEX_POINT('',#3326);
#3328=CARTESIAN_POINT('',(2.455E-1,1.37E-1,2.06E-1));
#3329=VERTEX_POINT('',#3328);
#3330=CARTESIAN_POINT('',(2.545E-1,1.37E-1,1.97E-1));
#3331=VERTEX_POINT('',#3330);
#3332=CARTESIAN_POINT('',(2.545E-1,1.37E-1,2.06E-1));
#3333=VERTEX_POINT('',#3332);
#3334=CARTESIAN_POINT('',(4.55E-2,-3.28E-1,1.97E-1));
#3335=CARTESIAN_POINT('',(5.45E-2,-3.28E-1,1.97E-1));
#3336=VERTEX_POINT('',#3334);
#3337=VERTEX_POINT('',#3335);
#3338=CARTESIAN_POINT('',(5.45E-2,-3.28E-1,2.06E-1));
#3339=CARTESIAN_POINT('',(4.55E-2,-3.28E-1,2.06E-1));
#3340=VERTEX_POINT('',#3338);
#3341=VERTEX_POINT('',#3339);
#3342=CARTESIAN_POINT('',(3.75E-2,-3.108439446360E-1,1.89E-1));
#3343=CARTESIAN_POINT('',(6.25E-2,-3.108439446360E-1,1.89E-1));
#3344=VERTEX_POINT('',#3342);
#3345=VERTEX_POINT('',#3343);
#3346=CARTESIAN_POINT('',(3.75E-2,1.198439446359E-1,1.89E-1));
#3347=CARTESIAN_POINT('',(6.25E-2,1.198439446359E-1,1.89E-1));
#3348=VERTEX_POINT('',#3346);
#3349=VERTEX_POINT('',#3347);
#3350=CARTESIAN_POINT('',(4.55E-2,1.37E-1,1.97E-1));
#3351=CARTESIAN_POINT('',(5.45E-2,1.37E-1,1.97E-1));
#3352=VERTEX_POINT('',#3350);
#3353=VERTEX_POINT('',#3351);
#3354=CARTESIAN_POINT('',(4.55E-2,1.37E-1,2.06E-1));
#3355=CARTESIAN_POINT('',(5.45E-2,1.37E-1,2.06E-1));
#3356=VERTEX_POINT('',#3354);
#3357=VERTEX_POINT('',#3355);
#3358=CARTESIAN_POINT('',(3.75E-2,1.198439446359E-1,2.14E-1));
#3359=CARTESIAN_POINT('',(6.25E-2,1.198439446359E-1,2.14E-1));
#3360=VERTEX_POINT('',#3358);
#3361=VERTEX_POINT('',#3359);
#3362=CARTESIAN_POINT('',(3.75E-2,-3.108439446360E-1,2.14E-1));
#3363=CARTESIAN_POINT('',(6.25E-2,-3.108439446360E-1,2.14E-1));
#3364=VERTEX_POINT('',#3362);
#3365=VERTEX_POINT('',#3363);
#3366=CARTESIAN_POINT('',(-5.45E-2,-3.28E-1,1.97E-1));
#3367=CARTESIAN_POINT('',(-4.55E-2,-3.28E-1,1.97E-1));
#3368=VERTEX_POINT('',#3366);
#3369=VERTEX_POINT('',#3367);
#3370=CARTESIAN_POINT('',(-4.55E-2,-3.28E-1,2.06E-1));
#3371=VERTEX_POINT('',#3370);
#3372=CARTESIAN_POINT('',(-5.45E-2,-3.28E-1,2.06E-1));
#3373=VERTEX_POINT('',#3372);
#3374=CARTESIAN_POINT('',(-6.25E-2,-3.108439446360E-1,1.89E-1));
#3375=CARTESIAN_POINT('',(-3.75E-2,-3.108439446360E-1,1.89E-1));
#3376=VERTEX_POINT('',#3374);
#3377=VERTEX_POINT('',#3375);
#3378=CARTESIAN_POINT('',(-6.25E-2,1.198439446359E-1,1.89E-1));
#3379=CARTESIAN_POINT('',(-3.75E-2,1.198439446359E-1,1.89E-1));
#3380=VERTEX_POINT('',#3378);
#3381=VERTEX_POINT('',#3379);
#3382=CARTESIAN_POINT('',(-3.75E-2,-3.108439446360E-1,2.14E-1));
#3383=VERTEX_POINT('',#3382);
#3384=CARTESIAN_POINT('',(-3.75E-2,1.198439446359E-1,2.14E-1));
#3385=VERTEX_POINT('',#3384);
#3386=CARTESIAN_POINT('',(-6.25E-2,-3.108439446360E-1,2.14E-1));
#3387=VERTEX_POINT('',#3386);
#3388=CARTESIAN_POINT('',(-6.25E-2,1.198439446359E-1,2.14E-1));
#3389=VERTEX_POINT('',#3388);
#3390=CARTESIAN_POINT('',(-5.45E-2,1.37E-1,2.06E-1));
#3391=VERTEX_POINT('',#3390);
#3392=CARTESIAN_POINT('',(-4.55E-2,1.37E-1,2.06E-1));
#3393=VERTEX_POINT('',#3392);
#3394=CARTESIAN_POINT('',(-4.55E-2,1.37E-1,1.97E-1));
#3395=VERTEX_POINT('',#3394);
#3396=CARTESIAN_POINT('',(-5.45E-2,1.37E-1,1.97E-1));
#3397=VERTEX_POINT('',#3396);
#3398=CARTESIAN_POINT('',(-1.545E-1,-3.28E-1,1.97E-1));
#3399=CARTESIAN_POINT('',(-1.455E-1,-3.28E-1,1.97E-1));
#3400=VERTEX_POINT('',#3398);
#3401=VERTEX_POINT('',#3399);
#3402=CARTESIAN_POINT('',(-1.455E-1,-3.28E-1,2.06E-1));
#3403=VERTEX_POINT('',#3402);
#3404=CARTESIAN_POINT('',(-1.545E-1,-3.28E-1,2.06E-1));
#3405=VERTEX_POINT('',#3404);
#3406=CARTESIAN_POINT('',(-1.625E-1,-3.108439446360E-1,1.89E-1));
#3407=CARTESIAN_POINT('',(-1.375E-1,-3.108439446360E-1,1.89E-1));
#3408=VERTEX_POINT('',#3406);
#3409=VERTEX_POINT('',#3407);
#3410=CARTESIAN_POINT('',(-1.625E-1,1.198439446359E-1,1.89E-1));
#3411=CARTESIAN_POINT('',(-1.375E-1,1.198439446359E-1,1.89E-1));
#3412=VERTEX_POINT('',#3410);
#3413=VERTEX_POINT('',#3411);
#3414=CARTESIAN_POINT('',(-1.375E-1,-3.108439446360E-1,2.14E-1));
#3415=VERTEX_POINT('',#3414);
#3416=CARTESIAN_POINT('',(-1.375E-1,1.198439446359E-1,2.14E-1));
#3417=VERTEX_POINT('',#3416);
#3418=CARTESIAN_POINT('',(-1.625E-1,-3.108439446360E-1,2.14E-1));
#3419=VERTEX_POINT('',#3418);
#3420=CARTESIAN_POINT('',(-1.625E-1,1.198439446359E-1,2.14E-1));
#3421=VERTEX_POINT('',#3420);
#3422=CARTESIAN_POINT('',(-1.545E-1,1.37E-1,1.97E-1));
#3423=VERTEX_POINT('',#3422);
#3424=CARTESIAN_POINT('',(-1.545E-1,1.37E-1,2.06E-1));
#3425=VERTEX_POINT('',#3424);
#3426=CARTESIAN_POINT('',(-1.455E-1,1.37E-1,1.97E-1));
#3427=VERTEX_POINT('',#3426);
#3428=CARTESIAN_POINT('',(-1.455E-1,1.37E-1,2.06E-1));
#3429=VERTEX_POINT('',#3428);
#3430=CARTESIAN_POINT('',(-2.545E-1,-3.28E-1,1.97E-1));
#3431=CARTESIAN_POINT('',(-2.455E-1,-3.28E-1,1.97E-1));
#3432=VERTEX_POINT('',#3430);
#3433=VERTEX_POINT('',#3431);
#3434=CARTESIAN_POINT('',(-2.455E-1,-3.28E-1,2.06E-1));
#3435=VERTEX_POINT('',#3434);
#3436=CARTESIAN_POINT('',(-2.545E-1,-3.28E-1,2.06E-1));
#3437=VERTEX_POINT('',#3436);
#3438=CARTESIAN_POINT('',(-2.625E-1,-3.108439446360E-1,1.89E-1));
#3439=CARTESIAN_POINT('',(-2.375E-1,-3.108439446360E-1,1.89E-1));
#3440=VERTEX_POINT('',#3438);
#3441=VERTEX_POINT('',#3439);
#3442=CARTESIAN_POINT('',(-2.625E-1,1.198439446359E-1,1.89E-1));
#3443=CARTESIAN_POINT('',(-2.375E-1,1.198439446359E-1,1.89E-1));
#3444=VERTEX_POINT('',#3442);
#3445=VERTEX_POINT('',#3443);
#3446=CARTESIAN_POINT('',(-2.375E-1,-3.108439446360E-1,2.14E-1));
#3447=VERTEX_POINT('',#3446);
#3448=CARTESIAN_POINT('',(-2.375E-1,1.198439446359E-1,2.14E-1));
#3449=VERTEX_POINT('',#3448);
#3450=CARTESIAN_POINT('',(-2.625E-1,-3.108439446360E-1,2.14E-1));
#3451=VERTEX_POINT('',#3450);
#3452=CARTESIAN_POINT('',(-2.625E-1,1.198439446359E-1,2.14E-1));
#3453=VERTEX_POINT('',#3452);
#3454=CARTESIAN_POINT('',(-2.545E-1,1.37E-1,1.97E-1));
#3455=VERTEX_POINT('',#3454);
#3456=CARTESIAN_POINT('',(-2.545E-1,1.37E-1,2.06E-1));
#3457=VERTEX_POINT('',#3456);
#3458=CARTESIAN_POINT('',(-2.455E-1,1.37E-1,1.97E-1));
#3459=VERTEX_POINT('',#3458);
#3460=CARTESIAN_POINT('',(-2.455E-1,1.37E-1,2.06E-1));
#3461=VERTEX_POINT('',#3460);
#3462=CARTESIAN_POINT('',(1.455E-1,-3.28E-1,9.7E-2));
#3463=CARTESIAN_POINT('',(1.545E-1,-3.28E-1,9.7E-2));
#3464=VERTEX_POINT('',#3462);
#3465=VERTEX_POINT('',#3463);
#3466=CARTESIAN_POINT('',(1.545E-1,-3.28E-1,1.06E-1));
#3467=VERTEX_POINT('',#3466);
#3468=CARTESIAN_POINT('',(1.455E-1,-3.28E-1,1.06E-1));
#3469=VERTEX_POINT('',#3468);
#3470=CARTESIAN_POINT('',(1.375E-1,-3.108439446360E-1,8.9E-2));
#3471=CARTESIAN_POINT('',(1.625E-1,-3.108439446360E-1,8.899999999999E-2));
#3472=VERTEX_POINT('',#3470);
#3473=VERTEX_POINT('',#3471);
#3474=CARTESIAN_POINT('',(1.375E-1,1.198439446359E-1,8.9E-2));
#3475=CARTESIAN_POINT('',(1.625E-1,1.198439446359E-1,8.899999999999E-2));
#3476=VERTEX_POINT('',#3474);
#3477=VERTEX_POINT('',#3475);
#3478=CARTESIAN_POINT('',(1.625E-1,-3.108439446360E-1,1.14E-1));
#3479=VERTEX_POINT('',#3478);
#3480=CARTESIAN_POINT('',(1.625E-1,1.198439446359E-1,1.14E-1));
#3481=VERTEX_POINT('',#3480);
#3482=CARTESIAN_POINT('',(1.375E-1,-3.108439446360E-1,1.14E-1));
#3483=VERTEX_POINT('',#3482);
#3484=CARTESIAN_POINT('',(1.375E-1,1.198439446359E-1,1.14E-1));
#3485=VERTEX_POINT('',#3484);
#3486=CARTESIAN_POINT('',(1.455E-1,1.37E-1,9.7E-2));
#3487=VERTEX_POINT('',#3486);
#3488=CARTESIAN_POINT('',(1.455E-1,1.37E-1,1.06E-1));
#3489=VERTEX_POINT('',#3488);
#3490=CARTESIAN_POINT('',(1.545E-1,1.37E-1,9.7E-2));
#3491=VERTEX_POINT('',#3490);
#3492=CARTESIAN_POINT('',(1.545E-1,1.37E-1,1.06E-1));
#3493=VERTEX_POINT('',#3492);
#3494=CARTESIAN_POINT('',(2.455E-1,-3.28E-1,9.7E-2));
#3495=CARTESIAN_POINT('',(2.545E-1,-3.28E-1,9.7E-2));
#3496=VERTEX_POINT('',#3494);
#3497=VERTEX_POINT('',#3495);
#3498=CARTESIAN_POINT('',(2.545E-1,-3.28E-1,1.06E-1));
#3499=VERTEX_POINT('',#3498);
#3500=CARTESIAN_POINT('',(2.455E-1,-3.28E-1,1.06E-1));
#3501=VERTEX_POINT('',#3500);
#3502=CARTESIAN_POINT('',(2.375E-1,-3.108439446360E-1,8.9E-2));
#3503=CARTESIAN_POINT('',(2.625E-1,-3.108439446360E-1,8.899999999999E-2));
#3504=VERTEX_POINT('',#3502);
#3505=VERTEX_POINT('',#3503);
#3506=CARTESIAN_POINT('',(2.375E-1,1.198439446359E-1,8.9E-2));
#3507=CARTESIAN_POINT('',(2.625E-1,1.198439446359E-1,8.899999999999E-2));
#3508=VERTEX_POINT('',#3506);
#3509=VERTEX_POINT('',#3507);
#3510=CARTESIAN_POINT('',(2.625E-1,-3.108439446360E-1,1.14E-1));
#3511=VERTEX_POINT('',#3510);
#3512=CARTESIAN_POINT('',(2.625E-1,1.198439446359E-1,1.14E-1));
#3513=VERTEX_POINT('',#3512);
#3514=CARTESIAN_POINT('',(2.375E-1,-3.108439446360E-1,1.14E-1));
#3515=VERTEX_POINT('',#3514);
#3516=CARTESIAN_POINT('',(2.375E-1,1.198439446359E-1,1.14E-1));
#3517=VERTEX_POINT('',#3516);
#3518=CARTESIAN_POINT('',(2.455E-1,1.37E-1,9.7E-2));
#3519=VERTEX_POINT('',#3518);
#3520=CARTESIAN_POINT('',(2.455E-1,1.37E-1,1.06E-1));
#3521=VERTEX_POINT('',#3520);
#3522=CARTESIAN_POINT('',(2.545E-1,1.37E-1,9.7E-2));
#3523=VERTEX_POINT('',#3522);
#3524=CARTESIAN_POINT('',(2.545E-1,1.37E-1,1.06E-1));
#3525=VERTEX_POINT('',#3524);
#3526=CARTESIAN_POINT('',(4.55E-2,-3.28E-1,9.7E-2));
#3527=CARTESIAN_POINT('',(5.45E-2,-3.28E-1,9.7E-2));
#3528=VERTEX_POINT('',#3526);
#3529=VERTEX_POINT('',#3527);
#3530=CARTESIAN_POINT('',(5.45E-2,-3.28E-1,1.06E-1));
#3531=VERTEX_POINT('',#3530);
#3532=CARTESIAN_POINT('',(4.55E-2,-3.28E-1,1.06E-1));
#3533=VERTEX_POINT('',#3532);
#3534=CARTESIAN_POINT('',(3.75E-2,-3.108439446360E-1,8.9E-2));
#3535=CARTESIAN_POINT('',(6.25E-2,-3.108439446360E-1,8.899999999999E-2));
#3536=VERTEX_POINT('',#3534);
#3537=VERTEX_POINT('',#3535);
#3538=CARTESIAN_POINT('',(3.75E-2,1.198439446359E-1,8.9E-2));
#3539=CARTESIAN_POINT('',(6.25E-2,1.198439446359E-1,8.899999999999E-2));
#3540=VERTEX_POINT('',#3538);
#3541=VERTEX_POINT('',#3539);
#3542=CARTESIAN_POINT('',(6.25E-2,-3.108439446360E-1,1.14E-1));
#3543=VERTEX_POINT('',#3542);
#3544=CARTESIAN_POINT('',(6.25E-2,1.198439446359E-1,1.14E-1));
#3545=VERTEX_POINT('',#3544);
#3546=CARTESIAN_POINT('',(3.75E-2,-3.108439446360E-1,1.14E-1));
#3547=VERTEX_POINT('',#3546);
#3548=CARTESIAN_POINT('',(3.75E-2,1.198439446359E-1,1.14E-1));
#3549=VERTEX_POINT('',#3548);
#3550=CARTESIAN_POINT('',(4.55E-2,1.37E-1,9.7E-2));
#3551=VERTEX_POINT('',#3550);
#3552=CARTESIAN_POINT('',(4.55E-2,1.37E-1,1.06E-1));
#3553=VERTEX_POINT('',#3552);
#3554=CARTESIAN_POINT('',(5.45E-2,1.37E-1,9.7E-2));
#3555=VERTEX_POINT('',#3554);
#3556=CARTESIAN_POINT('',(5.45E-2,1.37E-1,1.06E-1));
#3557=VERTEX_POINT('',#3556);
#3558=CARTESIAN_POINT('',(-5.45E-2,-3.28E-1,9.7E-2));
#3559=CARTESIAN_POINT('',(-4.55E-2,-3.28E-1,9.7E-2));
#3560=VERTEX_POINT('',#3558);
#3561=VERTEX_POINT('',#3559);
#3562=CARTESIAN_POINT('',(-4.55E-2,-3.28E-1,1.06E-1));
#3563=VERTEX_POINT('',#3562);
#3564=CARTESIAN_POINT('',(-5.45E-2,-3.28E-1,1.06E-1));
#3565=VERTEX_POINT('',#3564);
#3566=CARTESIAN_POINT('',(-6.25E-2,-3.108439446360E-1,8.9E-2));
#3567=CARTESIAN_POINT('',(-3.75E-2,-3.108439446360E-1,8.899999999999E-2));
#3568=VERTEX_POINT('',#3566);
#3569=VERTEX_POINT('',#3567);
#3570=CARTESIAN_POINT('',(-6.25E-2,1.198439446359E-1,8.9E-2));
#3571=CARTESIAN_POINT('',(-3.75E-2,1.198439446359E-1,8.899999999999E-2));
#3572=VERTEX_POINT('',#3570);
#3573=VERTEX_POINT('',#3571);
#3574=CARTESIAN_POINT('',(-3.75E-2,-3.108439446360E-1,1.14E-1));
#3575=VERTEX_POINT('',#3574);
#3576=CARTESIAN_POINT('',(-3.75E-2,1.198439446359E-1,1.14E-1));
#3577=VERTEX_POINT('',#3576);
#3578=CARTESIAN_POINT('',(-6.25E-2,-3.108439446360E-1,1.14E-1));
#3579=VERTEX_POINT('',#3578);
#3580=CARTESIAN_POINT('',(-6.25E-2,1.198439446359E-1,1.14E-1));
#3581=VERTEX_POINT('',#3580);
#3582=CARTESIAN_POINT('',(-5.45E-2,1.37E-1,1.06E-1));
#3583=VERTEX_POINT('',#3582);
#3584=CARTESIAN_POINT('',(-4.55E-2,1.37E-1,1.06E-1));
#3585=VERTEX_POINT('',#3584);
#3586=CARTESIAN_POINT('',(-4.55E-2,1.37E-1,9.7E-2));
#3587=VERTEX_POINT('',#3586);
#3588=CARTESIAN_POINT('',(-5.45E-2,1.37E-1,9.7E-2));
#3589=VERTEX_POINT('',#3588);
#3590=CARTESIAN_POINT('',(-1.545E-1,-3.28E-1,9.7E-2));
#3591=CARTESIAN_POINT('',(-1.455E-1,-3.28E-1,9.7E-2));
#3592=VERTEX_POINT('',#3590);
#3593=VERTEX_POINT('',#3591);
#3594=CARTESIAN_POINT('',(-1.455E-1,-3.28E-1,1.06E-1));
#3595=VERTEX_POINT('',#3594);
#3596=CARTESIAN_POINT('',(-1.545E-1,-3.28E-1,1.06E-1));
#3597=VERTEX_POINT('',#3596);
#3598=CARTESIAN_POINT('',(-1.625E-1,-3.108439446360E-1,8.9E-2));
#3599=CARTESIAN_POINT('',(-1.375E-1,-3.108439446360E-1,8.899999999999E-2));
#3600=VERTEX_POINT('',#3598);
#3601=VERTEX_POINT('',#3599);
#3602=CARTESIAN_POINT('',(-1.625E-1,1.198439446359E-1,8.9E-2));
#3603=CARTESIAN_POINT('',(-1.375E-1,1.198439446359E-1,8.899999999999E-2));
#3604=VERTEX_POINT('',#3602);
#3605=VERTEX_POINT('',#3603);
#3606=CARTESIAN_POINT('',(-1.375E-1,-3.108439446360E-1,1.14E-1));
#3607=VERTEX_POINT('',#3606);
#3608=CARTESIAN_POINT('',(-1.375E-1,1.198439446359E-1,1.14E-1));
#3609=VERTEX_POINT('',#3608);
#3610=CARTESIAN_POINT('',(-1.625E-1,-3.108439446360E-1,1.14E-1));
#3611=VERTEX_POINT('',#3610);
#3612=CARTESIAN_POINT('',(-1.625E-1,1.198439446359E-1,1.14E-1));
#3613=VERTEX_POINT('',#3612);
#3614=CARTESIAN_POINT('',(-1.545E-1,1.37E-1,9.7E-2));
#3615=VERTEX_POINT('',#3614);
#3616=CARTESIAN_POINT('',(-1.545E-1,1.37E-1,1.06E-1));
#3617=VERTEX_POINT('',#3616);
#3618=CARTESIAN_POINT('',(-1.455E-1,1.37E-1,9.7E-2));
#3619=VERTEX_POINT('',#3618);
#3620=CARTESIAN_POINT('',(-1.455E-1,1.37E-1,1.06E-1));
#3621=VERTEX_POINT('',#3620);
#3622=CARTESIAN_POINT('',(-2.545E-1,-3.28E-1,9.7E-2));
#3623=CARTESIAN_POINT('',(-2.455E-1,-3.28E-1,9.7E-2));
#3624=VERTEX_POINT('',#3622);
#3625=VERTEX_POINT('',#3623);
#3626=CARTESIAN_POINT('',(-2.455E-1,-3.28E-1,1.06E-1));
#3627=VERTEX_POINT('',#3626);
#3628=CARTESIAN_POINT('',(-2.545E-1,-3.28E-1,1.06E-1));
#3629=VERTEX_POINT('',#3628);
#3630=CARTESIAN_POINT('',(-2.625E-1,-3.108439446360E-1,8.9E-2));
#3631=CARTESIAN_POINT('',(-2.375E-1,-3.108439446360E-1,8.899999999999E-2));
#3632=VERTEX_POINT('',#3630);
#3633=VERTEX_POINT('',#3631);
#3634=CARTESIAN_POINT('',(-2.625E-1,1.198439446359E-1,8.9E-2));
#3635=CARTESIAN_POINT('',(-2.375E-1,1.198439446359E-1,8.899999999999E-2));
#3636=VERTEX_POINT('',#3634);
#3637=VERTEX_POINT('',#3635);
#3638=CARTESIAN_POINT('',(-2.375E-1,-3.108439446360E-1,1.14E-1));
#3639=VERTEX_POINT('',#3638);
#3640=CARTESIAN_POINT('',(-2.375E-1,1.198439446359E-1,1.14E-1));
#3641=VERTEX_POINT('',#3640);
#3642=CARTESIAN_POINT('',(-2.625E-1,-3.108439446360E-1,1.14E-1));
#3643=VERTEX_POINT('',#3642);
#3644=CARTESIAN_POINT('',(-2.625E-1,1.198439446359E-1,1.14E-1));
#3645=VERTEX_POINT('',#3644);
#3646=CARTESIAN_POINT('',(-2.545E-1,1.37E-1,9.7E-2));
#3647=VERTEX_POINT('',#3646);
#3648=CARTESIAN_POINT('',(-2.545E-1,1.37E-1,1.06E-1));
#3649=VERTEX_POINT('',#3648);
#3650=CARTESIAN_POINT('',(-2.455E-1,1.37E-1,9.7E-2));
#3651=VERTEX_POINT('',#3650);
#3652=CARTESIAN_POINT('',(-2.455E-1,1.37E-1,1.06E-1));
#3653=VERTEX_POINT('',#3652);
#3654=CARTESIAN_POINT('',(2.65E-1,-1.78E-1,0.E0));
#3655=CARTESIAN_POINT('',(2.65E-1,1.78E-1,0.E0));
#3656=VERTEX_POINT('',#3654);
#3657=VERTEX_POINT('',#3655);
#3658=CARTESIAN_POINT('',(3.E-1,1.78E-1,0.E0));
#3659=VERTEX_POINT('',#3658);
#3660=CARTESIAN_POINT('',(3.E-1,-1.78E-1,0.E0));
#3661=VERTEX_POINT('',#3660);
#3662=CARTESIAN_POINT('',(6.5E-2,-1.78E-1,0.E0));
#3663=CARTESIAN_POINT('',(6.5E-2,1.78E-1,0.E0));
#3664=VERTEX_POINT('',#3662);
#3665=VERTEX_POINT('',#3663);
#3666=CARTESIAN_POINT('',(1.35E-1,1.78E-1,0.E0));
#3667=VERTEX_POINT('',#3666);
#3668=CARTESIAN_POINT('',(1.35E-1,-1.78E-1,0.E0));
#3669=VERTEX_POINT('',#3668);
#3670=CARTESIAN_POINT('',(-3.5E-2,-1.78E-1,0.E0));
#3671=CARTESIAN_POINT('',(-3.5E-2,1.78E-1,0.E0));
#3672=VERTEX_POINT('',#3670);
#3673=VERTEX_POINT('',#3671);
#3674=CARTESIAN_POINT('',(3.5E-2,1.78E-1,0.E0));
#3675=VERTEX_POINT('',#3674);
#3676=CARTESIAN_POINT('',(3.5E-2,-1.78E-1,0.E0));
#3677=VERTEX_POINT('',#3676);
#3678=CARTESIAN_POINT('',(-1.35E-1,-1.78E-1,0.E0));
#3679=CARTESIAN_POINT('',(-1.35E-1,1.78E-1,0.E0));
#3680=VERTEX_POINT('',#3678);
#3681=VERTEX_POINT('',#3679);
#3682=CARTESIAN_POINT('',(-6.5E-2,1.78E-1,0.E0));
#3683=VERTEX_POINT('',#3682);
#3684=CARTESIAN_POINT('',(-6.5E-2,-1.78E-1,0.E0));
#3685=VERTEX_POINT('',#3684);
#3686=CARTESIAN_POINT('',(-2.65E-1,1.78E-1,0.E0));
#3687=CARTESIAN_POINT('',(-2.65E-1,-1.78E-1,0.E0));
#3688=VERTEX_POINT('',#3686);
#3689=VERTEX_POINT('',#3687);
#3690=CARTESIAN_POINT('',(-3.E-1,-1.78E-1,0.E0));
#3691=VERTEX_POINT('',#3690);
#3692=CARTESIAN_POINT('',(-3.E-1,1.78E-1,0.E0));
#3693=VERTEX_POINT('',#3692);
#3694=CARTESIAN_POINT('',(-1.8E-1,-9.3E-2,0.E0));
#3695=CARTESIAN_POINT('',(-1.8E-1,1.78E-1,0.E0));
#3696=VERTEX_POINT('',#3694);
#3697=VERTEX_POINT('',#3695);
#3698=CARTESIAN_POINT('',(-1.65E-1,-9.3E-2,0.E0));
#3699=VERTEX_POINT('',#3698);
#3700=CARTESIAN_POINT('',(-1.65E-1,-1.78E-1,0.E0));
#3701=VERTEX_POINT('',#3700);
#3702=CARTESIAN_POINT('',(-2.35E-1,-1.78E-1,0.E0));
#3703=VERTEX_POINT('',#3702);
#3704=CARTESIAN_POINT('',(-2.35E-1,1.78E-1,0.E0));
#3705=VERTEX_POINT('',#3704);
#3706=CARTESIAN_POINT('',(1.65E-1,-9.3E-2,0.E0));
#3707=CARTESIAN_POINT('',(1.8E-1,-9.3E-2,0.E0));
#3708=VERTEX_POINT('',#3706);
#3709=VERTEX_POINT('',#3707);
#3710=CARTESIAN_POINT('',(1.8E-1,1.78E-1,0.E0));
#3711=VERTEX_POINT('',#3710);
#3712=CARTESIAN_POINT('',(2.35E-1,1.78E-1,0.E0));
#3713=VERTEX_POINT('',#3712);
#3714=CARTESIAN_POINT('',(2.35E-1,-1.78E-1,0.E0));
#3715=VERTEX_POINT('',#3714);
#3716=CARTESIAN_POINT('',(1.65E-1,-1.78E-1,0.E0));
#3717=VERTEX_POINT('',#3716);
#3718=CARTESIAN_POINT('',(-3.5E-2,-9.3E-2,3.03E-1));
#3719=CARTESIAN_POINT('',(3.5E-2,-9.3E-2,3.03E-1));
#3720=VERTEX_POINT('',#3718);
#3721=VERTEX_POINT('',#3719);
#3722=CARTESIAN_POINT('',(3.5E-2,-1.78E-1,3.03E-1));
#3723=VERTEX_POINT('',#3722);
#3724=CARTESIAN_POINT('',(-3.5E-2,-1.78E-1,3.03E-1));
#3725=VERTEX_POINT('',#3724);
#3726=CARTESIAN_POINT('',(3.E-1,1.78E-1,3.03E-1));
#3727=CARTESIAN_POINT('',(1.8E-1,1.78E-1,3.03E-1));
#3728=VERTEX_POINT('',#3726);
#3729=VERTEX_POINT('',#3727);
#3730=CARTESIAN_POINT('',(3.E-1,-1.78E-1,3.03E-1));
#3731=VERTEX_POINT('',#3730);
#3732=CARTESIAN_POINT('',(2.65E-1,-1.78E-1,3.03E-1));
#3733=VERTEX_POINT('',#3732);
#3734=CARTESIAN_POINT('',(2.65E-1,-9.3E-2,3.03E-1));
#3735=VERTEX_POINT('',#3734);
#3736=CARTESIAN_POINT('',(2.35E-1,-9.3E-2,3.03E-1));
#3737=VERTEX_POINT('',#3736);
#3738=CARTESIAN_POINT('',(2.35E-1,-1.78E-1,3.03E-1));
#3739=VERTEX_POINT('',#3738);
#3740=CARTESIAN_POINT('',(1.65E-1,-1.78E-1,3.03E-1));
#3741=VERTEX_POINT('',#3740);
#3742=CARTESIAN_POINT('',(1.65E-1,-9.3E-2,3.03E-1));
#3743=VERTEX_POINT('',#3742);
#3744=CARTESIAN_POINT('',(1.8E-1,-9.3E-2,3.03E-1));
#3745=VERTEX_POINT('',#3744);
#3746=CARTESIAN_POINT('',(-6.5E-2,1.78E-1,3.03E-1));
#3747=CARTESIAN_POINT('',(-1.5E-1,1.78E-1,3.03E-1));
#3748=VERTEX_POINT('',#3746);
#3749=VERTEX_POINT('',#3747);
#3750=CARTESIAN_POINT('',(-6.5E-2,-9.3E-2,3.03E-1));
#3751=VERTEX_POINT('',#3750);
#3752=CARTESIAN_POINT('',(-6.5E-2,-1.78E-1,3.03E-1));
#3753=VERTEX_POINT('',#3752);
#3754=CARTESIAN_POINT('',(-1.35E-1,-1.78E-1,3.03E-1));
#3755=VERTEX_POINT('',#3754);
#3756=CARTESIAN_POINT('',(-1.35E-1,-9.3E-2,3.03E-1));
#3757=VERTEX_POINT('',#3756);
#3758=CARTESIAN_POINT('',(-1.5E-1,-9.3E-2,3.03E-1));
#3759=VERTEX_POINT('',#3758);
#3760=CARTESIAN_POINT('',(-1.8E-1,1.78E-1,3.03E-1));
#3761=CARTESIAN_POINT('',(-1.8E-1,-9.3E-2,3.03E-1));
#3762=VERTEX_POINT('',#3760);
#3763=VERTEX_POINT('',#3761);
#3764=CARTESIAN_POINT('',(-1.65E-1,-9.3E-2,3.03E-1));
#3765=VERTEX_POINT('',#3764);
#3766=CARTESIAN_POINT('',(-1.65E-1,-1.78E-1,3.03E-1));
#3767=VERTEX_POINT('',#3766);
#3768=CARTESIAN_POINT('',(-2.35E-1,-1.78E-1,3.03E-1));
#3769=VERTEX_POINT('',#3768);
#3770=CARTESIAN_POINT('',(-2.35E-1,-9.3E-2,3.03E-1));
#3771=VERTEX_POINT('',#3770);
#3772=CARTESIAN_POINT('',(-2.65E-1,-9.3E-2,3.03E-1));
#3773=VERTEX_POINT('',#3772);
#3774=CARTESIAN_POINT('',(-2.65E-1,-1.78E-1,3.03E-1));
#3775=VERTEX_POINT('',#3774);
#3776=CARTESIAN_POINT('',(-3.E-1,-1.78E-1,3.03E-1));
#3777=VERTEX_POINT('',#3776);
#3778=CARTESIAN_POINT('',(-3.E-1,1.78E-1,3.03E-1));
#3779=VERTEX_POINT('',#3778);
#3780=CARTESIAN_POINT('',(1.5E-1,1.78E-1,3.03E-1));
#3781=CARTESIAN_POINT('',(1.5E-1,-9.3E-2,3.03E-1));
#3782=VERTEX_POINT('',#3780);
#3783=VERTEX_POINT('',#3781);
#3784=CARTESIAN_POINT('',(1.35E-1,-9.3E-2,3.03E-1));
#3785=VERTEX_POINT('',#3784);
#3786=CARTESIAN_POINT('',(1.35E-1,-1.78E-1,3.03E-1));
#3787=VERTEX_POINT('',#3786);
#3788=CARTESIAN_POINT('',(6.5E-2,-1.78E-1,3.03E-1));
#3789=VERTEX_POINT('',#3788);
#3790=CARTESIAN_POINT('',(6.5E-2,-9.3E-2,3.03E-1));
#3791=VERTEX_POINT('',#3790);
#3792=CARTESIAN_POINT('',(6.5E-2,1.78E-1,3.03E-1));
#3793=VERTEX_POINT('',#3792);
#3794=CARTESIAN_POINT('',(2.85E-1,-1.78E-1,1.215E-1));
#3795=CARTESIAN_POINT('',(3.E-1,-1.78E-1,1.215E-1));
#3796=VERTEX_POINT('',#3794);
#3797=VERTEX_POINT('',#3795);
#3798=CARTESIAN_POINT('',(-3.E-1,-1.78E-1,1.215E-1));
#3799=VERTEX_POINT('',#3798);
#3800=CARTESIAN_POINT('',(-2.85E-1,-1.78E-1,1.215E-1));
#3801=VERTEX_POINT('',#3800);
#3802=CARTESIAN_POINT('',(-2.85E-1,-1.78E-1,1.815E-1));
#3803=VERTEX_POINT('',#3802);
#3804=CARTESIAN_POINT('',(-3.E-1,-1.78E-1,1.815E-1));
#3805=VERTEX_POINT('',#3804);
#3806=CARTESIAN_POINT('',(-2.594591562638E-1,-1.78E-1,2.868441282350E-1));
#3807=VERTEX_POINT('',#3806);
#3808=CARTESIAN_POINT('',(-2.405408437362E-1,-1.78E-1,2.868441282350E-1));
#3809=VERTEX_POINT('',#3808);
#3810=CARTESIAN_POINT('',(-1.594591562638E-1,-1.78E-1,2.868441282350E-1));
#3811=VERTEX_POINT('',#3810);
#3812=CARTESIAN_POINT('',(-1.405408437362E-1,-1.78E-1,2.868441282350E-1));
#3813=VERTEX_POINT('',#3812);
#3814=CARTESIAN_POINT('',(-5.945915626383E-2,-1.78E-1,2.868441282350E-1));
#3815=VERTEX_POINT('',#3814);
#3816=CARTESIAN_POINT('',(-4.054084373616E-2,-1.78E-1,2.868441282350E-1));
#3817=VERTEX_POINT('',#3816);
#3818=CARTESIAN_POINT('',(4.054084373617E-2,-1.78E-1,2.868441282350E-1));
#3819=VERTEX_POINT('',#3818);
#3820=CARTESIAN_POINT('',(5.945915626384E-2,-1.78E-1,2.868441282350E-1));
#3821=VERTEX_POINT('',#3820);
#3822=CARTESIAN_POINT('',(1.405408437362E-1,-1.78E-1,2.868441282350E-1));
#3823=VERTEX_POINT('',#3822);
#3824=CARTESIAN_POINT('',(1.594591562638E-1,-1.78E-1,2.868441282350E-1));
#3825=VERTEX_POINT('',#3824);
#3826=CARTESIAN_POINT('',(2.405408437362E-1,-1.78E-1,2.868441282350E-1));
#3827=VERTEX_POINT('',#3826);
#3828=CARTESIAN_POINT('',(2.594591562638E-1,-1.78E-1,2.868441282350E-1));
#3829=VERTEX_POINT('',#3828);
#3830=CARTESIAN_POINT('',(3.E-1,-1.78E-1,1.815E-1));
#3831=VERTEX_POINT('',#3830);
#3832=CARTESIAN_POINT('',(2.85E-1,-1.78E-1,1.815E-1));
#3833=VERTEX_POINT('',#3832);
#3834=CARTESIAN_POINT('',(3.E-1,-9.3E-2,1.215E-1));
#3835=VERTEX_POINT('',#3834);
#3836=CARTESIAN_POINT('',(3.E-1,-9.3E-2,5.E-2));
#3837=VERTEX_POINT('',#3836);
#3838=CARTESIAN_POINT('',(3.E-1,6.75E-2,5.E-2));
#3839=VERTEX_POINT('',#3838);
#3840=CARTESIAN_POINT('',(3.E-1,8.275E-2,5.9E-2));
#3841=VERTEX_POINT('',#3840);
#3842=CARTESIAN_POINT('',(3.E-1,1.0175E-1,5.9E-2));
#3843=VERTEX_POINT('',#3842);
#3844=CARTESIAN_POINT('',(3.E-1,1.78E-1,1.4E-2));
#3845=VERTEX_POINT('',#3844);
#3846=CARTESIAN_POINT('',(3.E-1,-9.3E-2,1.815E-1));
#3847=VERTEX_POINT('',#3846);
#3848=CARTESIAN_POINT('',(3.E-1,1.78E-1,2.89E-1));
#3849=VERTEX_POINT('',#3848);
#3850=CARTESIAN_POINT('',(3.E-1,1.0175E-1,2.44E-1));
#3851=VERTEX_POINT('',#3850);
#3852=CARTESIAN_POINT('',(3.E-1,8.275E-2,2.44E-1));
#3853=VERTEX_POINT('',#3852);
#3854=CARTESIAN_POINT('',(3.E-1,6.75E-2,2.53E-1));
#3855=VERTEX_POINT('',#3854);
#3856=CARTESIAN_POINT('',(3.E-1,-9.3E-2,2.53E-1));
#3857=VERTEX_POINT('',#3856);
#3858=CARTESIAN_POINT('',(1.8E-1,1.78E-1,1.4E-2));
#3859=VERTEX_POINT('',#3858);
#3860=CARTESIAN_POINT('',(1.8E-1,1.78E-1,2.89E-1));
#3861=VERTEX_POINT('',#3860);
#3862=CARTESIAN_POINT('',(-1.5E-1,1.78E-1,2.89E-1));
#3863=VERTEX_POINT('',#3862);
#3864=CARTESIAN_POINT('',(-6.5E-2,1.78E-1,2.89E-1));
#3865=VERTEX_POINT('',#3864);
#3866=CARTESIAN_POINT('',(-1.65E-1,1.78E-1,0.E0));
#3867=CARTESIAN_POINT('',(-1.5E-1,1.78E-1,0.E0));
#3868=VERTEX_POINT('',#3866);
#3869=VERTEX_POINT('',#3867);
#3870=CARTESIAN_POINT('',(1.65E-1,1.78E-1,0.E0));
#3871=VERTEX_POINT('',#3870);
#3872=CARTESIAN_POINT('',(1.5E-1,1.78E-1,0.E0));
#3873=VERTEX_POINT('',#3872);
#3874=CARTESIAN_POINT('',(1.5E-1,1.78E-1,1.4E-2));
#3875=VERTEX_POINT('',#3874);
#3876=CARTESIAN_POINT('',(-1.5E-1,1.78E-1,1.4E-2));
#3877=VERTEX_POINT('',#3876);
#3878=CARTESIAN_POINT('',(-1.8E-1,1.78E-1,2.89E-1));
#3879=VERTEX_POINT('',#3878);
#3880=CARTESIAN_POINT('',(-3.E-1,1.78E-1,2.89E-1));
#3881=VERTEX_POINT('',#3880);
#3882=CARTESIAN_POINT('',(-1.8E-1,1.78E-1,1.4E-2));
#3883=VERTEX_POINT('',#3882);
#3884=CARTESIAN_POINT('',(-3.E-1,1.78E-1,1.4E-2));
#3885=VERTEX_POINT('',#3884);
#3886=CARTESIAN_POINT('',(1.5E-1,1.78E-1,2.89E-1));
#3887=VERTEX_POINT('',#3886);
#3888=CARTESIAN_POINT('',(6.5E-2,1.78E-1,2.89E-1));
#3889=VERTEX_POINT('',#3888);
#3890=CARTESIAN_POINT('',(-3.E-1,-9.3E-2,1.815E-1));
#3891=VERTEX_POINT('',#3890);
#3892=CARTESIAN_POINT('',(-3.E-1,-9.3E-2,2.53E-1));
#3893=VERTEX_POINT('',#3892);
#3894=CARTESIAN_POINT('',(-3.E-1,6.75E-2,2.53E-1));
#3895=VERTEX_POINT('',#3894);
#3896=CARTESIAN_POINT('',(-3.E-1,8.275E-2,2.44E-1));
#3897=VERTEX_POINT('',#3896);
#3898=CARTESIAN_POINT('',(-3.E-1,1.0175E-1,2.44E-1));
#3899=VERTEX_POINT('',#3898);
#3900=CARTESIAN_POINT('',(-3.E-1,-9.3E-2,1.215E-1));
#3901=VERTEX_POINT('',#3900);
#3902=CARTESIAN_POINT('',(-3.E-1,1.0175E-1,5.9E-2));
#3903=VERTEX_POINT('',#3902);
#3904=CARTESIAN_POINT('',(-3.E-1,8.275E-2,5.9E-2));
#3905=VERTEX_POINT('',#3904);
#3906=CARTESIAN_POINT('',(-3.E-1,6.75E-2,5.E-2));
#3907=VERTEX_POINT('',#3906);
#3908=CARTESIAN_POINT('',(-3.E-1,-9.3E-2,5.E-2));
#3909=VERTEX_POINT('',#3908);
#3910=CARTESIAN_POINT('',(1.8E-1,-9.3E-2,2.53E-1));
#3911=VERTEX_POINT('',#3910);
#3912=CARTESIAN_POINT('',(2.85E-1,-9.3E-2,1.815E-1));
#3913=VERTEX_POINT('',#3912);
#3914=CARTESIAN_POINT('',(2.85E-1,-9.3E-2,1.215E-1));
#3915=VERTEX_POINT('',#3914);
#3916=CARTESIAN_POINT('',(1.8E-1,-9.3E-2,5.E-2));
#3917=VERTEX_POINT('',#3916);
#3918=CARTESIAN_POINT('',(1.5E-1,-9.3E-2,0.E0));
#3919=VERTEX_POINT('',#3918);
#3920=CARTESIAN_POINT('',(1.5E-1,-9.3E-2,5.E-2));
#3921=VERTEX_POINT('',#3920);
#3922=CARTESIAN_POINT('',(-1.5E-1,-9.3E-2,5.E-2));
#3923=VERTEX_POINT('',#3922);
#3924=CARTESIAN_POINT('',(-1.5E-1,-9.3E-2,0.E0));
#3925=VERTEX_POINT('',#3924);
#3926=CARTESIAN_POINT('',(-1.8E-1,-9.3E-2,5.E-2));
#3927=VERTEX_POINT('',#3926);
#3928=CARTESIAN_POINT('',(-2.85E-1,-9.3E-2,1.215E-1));
#3929=VERTEX_POINT('',#3928);
#3930=CARTESIAN_POINT('',(-2.85E-1,-9.3E-2,1.815E-1));
#3931=VERTEX_POINT('',#3930);
#3932=CARTESIAN_POINT('',(-1.8E-1,-9.3E-2,2.53E-1));
#3933=VERTEX_POINT('',#3932);
#3934=CARTESIAN_POINT('',(-1.594591562638E-1,-9.3E-2,2.868441282350E-1));
#3935=VERTEX_POINT('',#3934);
#3936=CARTESIAN_POINT('',(-1.5E-1,-9.3E-2,2.800882556641E-1));
#3937=VERTEX_POINT('',#3936);
#3938=CARTESIAN_POINT('',(-1.5E-1,-9.3E-2,2.53E-1));
#3939=VERTEX_POINT('',#3938);
#3940=CARTESIAN_POINT('',(-6.5E-2,-9.3E-2,2.53E-1));
#3941=VERTEX_POINT('',#3940);
#3942=CARTESIAN_POINT('',(-5.945915626383E-2,-9.3E-2,2.868441282350E-1));
#3943=VERTEX_POINT('',#3942);
#3944=CARTESIAN_POINT('',(-4.054084373616E-2,-9.3E-2,2.868441282350E-1));
#3945=VERTEX_POINT('',#3944);
#3946=CARTESIAN_POINT('',(4.054084373617E-2,-9.3E-2,2.868441282350E-1));
#3947=VERTEX_POINT('',#3946);
#3948=CARTESIAN_POINT('',(5.945915626384E-2,-9.3E-2,2.868441282350E-1));
#3949=VERTEX_POINT('',#3948);
#3950=CARTESIAN_POINT('',(6.5E-2,-9.3E-2,2.53E-1));
#3951=VERTEX_POINT('',#3950);
#3952=CARTESIAN_POINT('',(1.5E-1,-9.3E-2,2.53E-1));
#3953=VERTEX_POINT('',#3952);
#3954=CARTESIAN_POINT('',(1.5E-1,-9.3E-2,2.800882556641E-1));
#3955=VERTEX_POINT('',#3954);
#3956=CARTESIAN_POINT('',(1.594591562638E-1,-9.3E-2,2.868441282350E-1));
#3957=VERTEX_POINT('',#3956);
#3958=CARTESIAN_POINT('',(1.8E-1,6.75E-2,5.E-2));
#3959=VERTEX_POINT('',#3958);
#3960=CARTESIAN_POINT('',(-1.8E-1,6.75E-2,5.E-2));
#3961=VERTEX_POINT('',#3960);
#3962=CARTESIAN_POINT('',(-1.5E-1,6.75E-2,5.E-2));
#3963=VERTEX_POINT('',#3962);
#3964=CARTESIAN_POINT('',(1.5E-1,6.75E-2,5.E-2));
#3965=VERTEX_POINT('',#3964);
#3966=CARTESIAN_POINT('',(-2.405408437362E-1,-9.3E-2,2.868441282350E-1));
#3967=VERTEX_POINT('',#3966);
#3968=CARTESIAN_POINT('',(-2.594591562638E-1,-9.3E-2,2.868441282350E-1));
#3969=VERTEX_POINT('',#3968);
#3970=CARTESIAN_POINT('',(-1.405408437362E-1,-9.3E-2,2.868441282350E-1));
#3971=VERTEX_POINT('',#3970);
#3972=CARTESIAN_POINT('',(1.8E-1,1.0175E-1,5.9E-2));
#3973=VERTEX_POINT('',#3972);
#3974=CARTESIAN_POINT('',(-1.8E-1,1.0175E-1,5.9E-2));
#3975=VERTEX_POINT('',#3974);
#3976=CARTESIAN_POINT('',(-1.5E-1,1.0175E-1,5.9E-2));
#3977=VERTEX_POINT('',#3976);
#3978=CARTESIAN_POINT('',(1.5E-1,1.0175E-1,5.9E-2));
#3979=VERTEX_POINT('',#3978);
#3980=CARTESIAN_POINT('',(1.8E-1,8.275E-2,5.9E-2));
#3981=VERTEX_POINT('',#3980);
#3982=CARTESIAN_POINT('',(-1.8E-1,8.275E-2,5.9E-2));
#3983=VERTEX_POINT('',#3982);
#3984=CARTESIAN_POINT('',(-1.5E-1,8.275E-2,5.9E-2));
#3985=VERTEX_POINT('',#3984);
#3986=CARTESIAN_POINT('',(1.5E-1,8.275E-2,5.9E-2));
#3987=VERTEX_POINT('',#3986);
#3988=CARTESIAN_POINT('',(1.405408437362E-1,-9.3E-2,2.868441282350E-1));
#3989=VERTEX_POINT('',#3988);
#3990=CARTESIAN_POINT('',(2.594591562638E-1,-9.3E-2,2.868441282350E-1));
#3991=VERTEX_POINT('',#3990);
#3992=CARTESIAN_POINT('',(2.405408437362E-1,-9.3E-2,2.868441282350E-1));
#3993=VERTEX_POINT('',#3992);
#3994=CARTESIAN_POINT('',(1.8E-1,6.75E-2,2.53E-1));
#3995=VERTEX_POINT('',#3994);
#3996=CARTESIAN_POINT('',(-1.5E-1,6.75E-2,2.53E-1));
#3997=CARTESIAN_POINT('',(-6.5E-2,6.75E-2,2.53E-1));
#3998=VERTEX_POINT('',#3996);
#3999=VERTEX_POINT('',#3997);
#4000=CARTESIAN_POINT('',(-1.8E-1,6.75E-2,2.53E-1));
#4001=VERTEX_POINT('',#4000);
#4002=CARTESIAN_POINT('',(1.5E-1,6.75E-2,2.53E-1));
#4003=VERTEX_POINT('',#4002);
#4004=CARTESIAN_POINT('',(6.5E-2,6.75E-2,2.53E-1));
#4005=VERTEX_POINT('',#4004);
#4006=CARTESIAN_POINT('',(1.8E-1,8.275E-2,2.44E-1));
#4007=VERTEX_POINT('',#4006);
#4008=CARTESIAN_POINT('',(-1.5E-1,8.275E-2,2.44E-1));
#4009=CARTESIAN_POINT('',(-6.5E-2,8.275E-2,2.44E-1));
#4010=VERTEX_POINT('',#4008);
#4011=VERTEX_POINT('',#4009);
#4012=CARTESIAN_POINT('',(-1.8E-1,8.275E-2,2.44E-1));
#4013=VERTEX_POINT('',#4012);
#4014=CARTESIAN_POINT('',(1.5E-1,8.275E-2,2.44E-1));
#4015=VERTEX_POINT('',#4014);
#4016=CARTESIAN_POINT('',(6.5E-2,8.275E-2,2.44E-1));
#4017=VERTEX_POINT('',#4016);
#4018=CARTESIAN_POINT('',(1.8E-1,1.0175E-1,2.44E-1));
#4019=VERTEX_POINT('',#4018);
#4020=CARTESIAN_POINT('',(-1.5E-1,1.0175E-1,2.44E-1));
#4021=CARTESIAN_POINT('',(-6.5E-2,1.0175E-1,2.44E-1));
#4022=VERTEX_POINT('',#4020);
#4023=VERTEX_POINT('',#4021);
#4024=CARTESIAN_POINT('',(-1.8E-1,1.0175E-1,2.44E-1));
#4025=VERTEX_POINT('',#4024);
#4026=CARTESIAN_POINT('',(1.5E-1,1.0175E-1,2.44E-1));
#4027=VERTEX_POINT('',#4026);
#4028=CARTESIAN_POINT('',(6.5E-2,1.0175E-1,2.44E-1));
#4029=VERTEX_POINT('',#4028);
#4030=CARTESIAN_POINT('',(1.625E-1,-1.78E-1,1.89E-1));
#4031=CARTESIAN_POINT('',(1.375E-1,-1.78E-1,1.89E-1));
#4032=VERTEX_POINT('',#4030);
#4033=VERTEX_POINT('',#4031);
#4034=CARTESIAN_POINT('',(1.375E-1,-1.78E-1,2.14E-1));
#4035=VERTEX_POINT('',#4034);
#4036=CARTESIAN_POINT('',(1.625E-1,-1.78E-1,2.14E-1));
#4037=VERTEX_POINT('',#4036);
#4038=CARTESIAN_POINT('',(1.625E-1,-9.3E-2,1.89E-1));
#4039=CARTESIAN_POINT('',(1.375E-1,-9.3E-2,1.89E-1));
#4040=VERTEX_POINT('',#4038);
#4041=VERTEX_POINT('',#4039);
#4042=CARTESIAN_POINT('',(1.375E-1,-9.3E-2,2.14E-1));
#4043=VERTEX_POINT('',#4042);
#4044=CARTESIAN_POINT('',(1.625E-1,-9.3E-2,2.14E-1));
#4045=VERTEX_POINT('',#4044);
#4046=CARTESIAN_POINT('',(2.625E-1,-1.78E-1,1.89E-1));
#4047=CARTESIAN_POINT('',(2.375E-1,-1.78E-1,1.89E-1));
#4048=VERTEX_POINT('',#4046);
#4049=VERTEX_POINT('',#4047);
#4050=CARTESIAN_POINT('',(2.375E-1,-1.78E-1,2.14E-1));
#4051=VERTEX_POINT('',#4050);
#4052=CARTESIAN_POINT('',(2.625E-1,-1.78E-1,2.14E-1));
#4053=VERTEX_POINT('',#4052);
#4054=CARTESIAN_POINT('',(2.625E-1,-9.3E-2,1.89E-1));
#4055=CARTESIAN_POINT('',(2.375E-1,-9.3E-2,1.89E-1));
#4056=VERTEX_POINT('',#4054);
#4057=VERTEX_POINT('',#4055);
#4058=CARTESIAN_POINT('',(2.375E-1,-9.3E-2,2.14E-1));
#4059=VERTEX_POINT('',#4058);
#4060=CARTESIAN_POINT('',(2.625E-1,-9.3E-2,2.14E-1));
#4061=VERTEX_POINT('',#4060);
#4062=CARTESIAN_POINT('',(6.25E-2,-1.78E-1,1.89E-1));
#4063=CARTESIAN_POINT('',(3.75E-2,-1.78E-1,1.89E-1));
#4064=VERTEX_POINT('',#4062);
#4065=VERTEX_POINT('',#4063);
#4066=CARTESIAN_POINT('',(3.75E-2,-1.78E-1,2.14E-1));
#4067=VERTEX_POINT('',#4066);
#4068=CARTESIAN_POINT('',(6.25E-2,-1.78E-1,2.14E-1));
#4069=VERTEX_POINT('',#4068);
#4070=CARTESIAN_POINT('',(6.25E-2,-9.3E-2,1.89E-1));
#4071=CARTESIAN_POINT('',(3.75E-2,-9.3E-2,1.89E-1));
#4072=VERTEX_POINT('',#4070);
#4073=VERTEX_POINT('',#4071);
#4074=CARTESIAN_POINT('',(3.75E-2,-9.3E-2,2.14E-1));
#4075=VERTEX_POINT('',#4074);
#4076=CARTESIAN_POINT('',(6.25E-2,-9.3E-2,2.14E-1));
#4077=VERTEX_POINT('',#4076);
#4078=CARTESIAN_POINT('',(-3.75E-2,-1.78E-1,1.89E-1));
#4079=CARTESIAN_POINT('',(-6.25E-2,-1.78E-1,1.89E-1));
#4080=VERTEX_POINT('',#4078);
#4081=VERTEX_POINT('',#4079);
#4082=CARTESIAN_POINT('',(-6.25E-2,-1.78E-1,2.14E-1));
#4083=VERTEX_POINT('',#4082);
#4084=CARTESIAN_POINT('',(-3.75E-2,-1.78E-1,2.14E-1));
#4085=VERTEX_POINT('',#4084);
#4086=CARTESIAN_POINT('',(-3.75E-2,-9.3E-2,1.89E-1));
#4087=CARTESIAN_POINT('',(-6.25E-2,-9.3E-2,1.89E-1));
#4088=VERTEX_POINT('',#4086);
#4089=VERTEX_POINT('',#4087);
#4090=CARTESIAN_POINT('',(-6.25E-2,-9.3E-2,2.14E-1));
#4091=VERTEX_POINT('',#4090);
#4092=CARTESIAN_POINT('',(-3.75E-2,-9.3E-2,2.14E-1));
#4093=VERTEX_POINT('',#4092);
#4094=CARTESIAN_POINT('',(-1.375E-1,-1.78E-1,1.89E-1));
#4095=CARTESIAN_POINT('',(-1.625E-1,-1.78E-1,1.89E-1));
#4096=VERTEX_POINT('',#4094);
#4097=VERTEX_POINT('',#4095);
#4098=CARTESIAN_POINT('',(-1.625E-1,-1.78E-1,2.14E-1));
#4099=VERTEX_POINT('',#4098);
#4100=CARTESIAN_POINT('',(-1.375E-1,-1.78E-1,2.14E-1));
#4101=VERTEX_POINT('',#4100);
#4102=CARTESIAN_POINT('',(-1.375E-1,-9.3E-2,1.89E-1));
#4103=CARTESIAN_POINT('',(-1.625E-1,-9.3E-2,1.89E-1));
#4104=VERTEX_POINT('',#4102);
#4105=VERTEX_POINT('',#4103);
#4106=CARTESIAN_POINT('',(-1.625E-1,-9.3E-2,2.14E-1));
#4107=VERTEX_POINT('',#4106);
#4108=CARTESIAN_POINT('',(-1.375E-1,-9.3E-2,2.14E-1));
#4109=VERTEX_POINT('',#4108);
#4110=CARTESIAN_POINT('',(-2.375E-1,-1.78E-1,1.89E-1));
#4111=CARTESIAN_POINT('',(-2.625E-1,-1.78E-1,1.89E-1));
#4112=VERTEX_POINT('',#4110);
#4113=VERTEX_POINT('',#4111);
#4114=CARTESIAN_POINT('',(-2.625E-1,-1.78E-1,2.14E-1));
#4115=VERTEX_POINT('',#4114);
#4116=CARTESIAN_POINT('',(-2.375E-1,-1.78E-1,2.14E-1));
#4117=VERTEX_POINT('',#4116);
#4118=CARTESIAN_POINT('',(-2.375E-1,-9.3E-2,1.89E-1));
#4119=CARTESIAN_POINT('',(-2.625E-1,-9.3E-2,1.89E-1));
#4120=VERTEX_POINT('',#4118);
#4121=VERTEX_POINT('',#4119);
#4122=CARTESIAN_POINT('',(-2.625E-1,-9.3E-2,2.14E-1));
#4123=VERTEX_POINT('',#4122);
#4124=CARTESIAN_POINT('',(-2.375E-1,-9.3E-2,2.14E-1));
#4125=VERTEX_POINT('',#4124);
#4126=CARTESIAN_POINT('',(1.625E-1,-1.78E-1,8.9E-2));
#4127=CARTESIAN_POINT('',(1.375E-1,-1.78E-1,8.9E-2));
#4128=VERTEX_POINT('',#4126);
#4129=VERTEX_POINT('',#4127);
#4130=CARTESIAN_POINT('',(1.375E-1,-1.78E-1,1.14E-1));
#4131=VERTEX_POINT('',#4130);
#4132=CARTESIAN_POINT('',(1.625E-1,-1.78E-1,1.14E-1));
#4133=VERTEX_POINT('',#4132);
#4134=CARTESIAN_POINT('',(1.625E-1,-9.3E-2,8.9E-2));
#4135=CARTESIAN_POINT('',(1.375E-1,-9.3E-2,8.9E-2));
#4136=VERTEX_POINT('',#4134);
#4137=VERTEX_POINT('',#4135);
#4138=CARTESIAN_POINT('',(1.375E-1,-9.3E-2,1.14E-1));
#4139=VERTEX_POINT('',#4138);
#4140=CARTESIAN_POINT('',(1.625E-1,-9.3E-2,1.14E-1));
#4141=VERTEX_POINT('',#4140);
#4142=CARTESIAN_POINT('',(2.625E-1,-1.78E-1,8.9E-2));
#4143=CARTESIAN_POINT('',(2.375E-1,-1.78E-1,8.9E-2));
#4144=VERTEX_POINT('',#4142);
#4145=VERTEX_POINT('',#4143);
#4146=CARTESIAN_POINT('',(2.375E-1,-1.78E-1,1.14E-1));
#4147=VERTEX_POINT('',#4146);
#4148=CARTESIAN_POINT('',(2.625E-1,-1.78E-1,1.14E-1));
#4149=VERTEX_POINT('',#4148);
#4150=CARTESIAN_POINT('',(2.625E-1,-9.3E-2,8.9E-2));
#4151=CARTESIAN_POINT('',(2.375E-1,-9.3E-2,8.9E-2));
#4152=VERTEX_POINT('',#4150);
#4153=VERTEX_POINT('',#4151);
#4154=CARTESIAN_POINT('',(2.375E-1,-9.3E-2,1.14E-1));
#4155=VERTEX_POINT('',#4154);
#4156=CARTESIAN_POINT('',(2.625E-1,-9.3E-2,1.14E-1));
#4157=VERTEX_POINT('',#4156);
#4158=CARTESIAN_POINT('',(6.25E-2,-1.78E-1,8.9E-2));
#4159=CARTESIAN_POINT('',(3.75E-2,-1.78E-1,8.9E-2));
#4160=VERTEX_POINT('',#4158);
#4161=VERTEX_POINT('',#4159);
#4162=CARTESIAN_POINT('',(3.75E-2,-1.78E-1,1.14E-1));
#4163=VERTEX_POINT('',#4162);
#4164=CARTESIAN_POINT('',(6.25E-2,-1.78E-1,1.14E-1));
#4165=VERTEX_POINT('',#4164);
#4166=CARTESIAN_POINT('',(6.25E-2,-9.3E-2,8.9E-2));
#4167=CARTESIAN_POINT('',(3.75E-2,-9.3E-2,8.9E-2));
#4168=VERTEX_POINT('',#4166);
#4169=VERTEX_POINT('',#4167);
#4170=CARTESIAN_POINT('',(3.75E-2,-9.3E-2,1.14E-1));
#4171=VERTEX_POINT('',#4170);
#4172=CARTESIAN_POINT('',(6.25E-2,-9.3E-2,1.14E-1));
#4173=VERTEX_POINT('',#4172);
#4174=CARTESIAN_POINT('',(-3.75E-2,-1.78E-1,8.9E-2));
#4175=CARTESIAN_POINT('',(-6.25E-2,-1.78E-1,8.9E-2));
#4176=VERTEX_POINT('',#4174);
#4177=VERTEX_POINT('',#4175);
#4178=CARTESIAN_POINT('',(-6.25E-2,-1.78E-1,1.14E-1));
#4179=VERTEX_POINT('',#4178);
#4180=CARTESIAN_POINT('',(-3.75E-2,-1.78E-1,1.14E-1));
#4181=VERTEX_POINT('',#4180);
#4182=CARTESIAN_POINT('',(-3.75E-2,-9.3E-2,8.9E-2));
#4183=CARTESIAN_POINT('',(-6.25E-2,-9.3E-2,8.9E-2));
#4184=VERTEX_POINT('',#4182);
#4185=VERTEX_POINT('',#4183);
#4186=CARTESIAN_POINT('',(-6.25E-2,-9.3E-2,1.14E-1));
#4187=VERTEX_POINT('',#4186);
#4188=CARTESIAN_POINT('',(-3.75E-2,-9.3E-2,1.14E-1));
#4189=VERTEX_POINT('',#4188);
#4190=CARTESIAN_POINT('',(-1.375E-1,-1.78E-1,8.9E-2));
#4191=CARTESIAN_POINT('',(-1.625E-1,-1.78E-1,8.9E-2));
#4192=VERTEX_POINT('',#4190);
#4193=VERTEX_POINT('',#4191);
#4194=CARTESIAN_POINT('',(-1.625E-1,-1.78E-1,1.14E-1));
#4195=VERTEX_POINT('',#4194);
#4196=CARTESIAN_POINT('',(-1.375E-1,-1.78E-1,1.14E-1));
#4197=VERTEX_POINT('',#4196);
#4198=CARTESIAN_POINT('',(-1.375E-1,-9.3E-2,8.9E-2));
#4199=CARTESIAN_POINT('',(-1.625E-1,-9.3E-2,8.9E-2));
#4200=VERTEX_POINT('',#4198);
#4201=VERTEX_POINT('',#4199);
#4202=CARTESIAN_POINT('',(-1.625E-1,-9.3E-2,1.14E-1));
#4203=VERTEX_POINT('',#4202);
#4204=CARTESIAN_POINT('',(-1.375E-1,-9.3E-2,1.14E-1));
#4205=VERTEX_POINT('',#4204);
#4206=CARTESIAN_POINT('',(-2.375E-1,-1.78E-1,8.9E-2));
#4207=CARTESIAN_POINT('',(-2.625E-1,-1.78E-1,8.9E-2));
#4208=VERTEX_POINT('',#4206);
#4209=VERTEX_POINT('',#4207);
#4210=CARTESIAN_POINT('',(-2.625E-1,-1.78E-1,1.14E-1));
#4211=VERTEX_POINT('',#4210);
#4212=CARTESIAN_POINT('',(-2.375E-1,-1.78E-1,1.14E-1));
#4213=VERTEX_POINT('',#4212);
#4214=CARTESIAN_POINT('',(-2.375E-1,-9.3E-2,8.9E-2));
#4215=CARTESIAN_POINT('',(-2.625E-1,-9.3E-2,8.9E-2));
#4216=VERTEX_POINT('',#4214);
#4217=VERTEX_POINT('',#4215);
#4218=CARTESIAN_POINT('',(-2.625E-1,-9.3E-2,1.14E-1));
#4219=VERTEX_POINT('',#4218);
#4220=CARTESIAN_POINT('',(-2.375E-1,-9.3E-2,1.14E-1));
#4221=VERTEX_POINT('',#4220);
#4222=CARTESIAN_POINT('',(2.825E-1,0.E0,0.E0));
#4223=DIRECTION('',(0.E0,0.E0,1.E0));
#4224=DIRECTION('',(1.E0,0.E0,0.E0));
#4225=AXIS2_PLACEMENT_3D('',#4222,#4223,#4224);
#4226=PLANE('3552',#4225);
#4228=ORIENTED_EDGE('4209',*,*,#4227,.F.);
#4230=ORIENTED_EDGE('4212',*,*,#4229,.F.);
#4232=ORIENTED_EDGE('4211',*,*,#4231,.F.);
#4234=ORIENTED_EDGE('4210',*,*,#4233,.F.);
#4235=EDGE_LOOP('3552',(#4228,#4230,#4232,#4234));
#4236=FACE_OUTER_BOUND('3552',#4235,.F.);
#4238=FILL_AREA_STYLE_COLOUR('',#183);
#4239=FILL_AREA_STYLE('',(#4238));
#4240=SURFACE_STYLE_FILL_AREA(#4239);
#4241=SURFACE_SIDE_STYLE('',(#4240));
#4242=SURFACE_STYLE_USAGE(.BOTH.,#4241);
#4243=PRESENTATION_STYLE_ASSIGNMENT((#4242));
#4244=STYLED_ITEM('',(#4243),#4237);
#4245=CARTESIAN_POINT('',(2.5E-1,1.8512E-1,0.E0));
#4246=DIRECTION('',(0.E0,-1.E0,0.E0));
#4247=DIRECTION('',(-1.E0,0.E0,0.E0));
#4248=AXIS2_PLACEMENT_3D('',#4245,#4246,#4247);
#4249=CYLINDRICAL_SURFACE('3597',#4248,1.5E-2);
#4251=ORIENTED_EDGE('4238',*,*,#4250,.T.);
#4253=ORIENTED_EDGE('4281',*,*,#4252,.T.);
#4254=ORIENTED_EDGE('4209',*,*,#4227,.T.);
#4256=ORIENTED_EDGE('4329',*,*,#4255,.T.);
#4257=EDGE_LOOP('3597',(#4251,#4253,#4254,#4256));
#4258=FACE_OUTER_BOUND('3597',#4257,.F.);
#4260=FILL_AREA_STYLE_COLOUR('',#183);
#4261=FILL_AREA_STYLE('',(#4260));
#4262=SURFACE_STYLE_FILL_AREA(#4261);
#4263=SURFACE_SIDE_STYLE('',(#4262));
#4264=SURFACE_STYLE_USAGE(.BOTH.,#4263);
#4265=PRESENTATION_STYLE_ASSIGNMENT((#4264));
#4266=STYLED_ITEM('',(#4265),#4259);
#4267=CARTESIAN_POINT('',(2.E-1,0.E0,0.E0));
#4268=DIRECTION('',(0.E0,0.E0,1.E0));
#4269=DIRECTION('',(1.E0,0.E0,0.E0));
#4270=AXIS2_PLACEMENT_3D('',#4267,#4268,#4269);
#4271=PLANE('3558',#4270);
#4273=ORIENTED_EDGE('4235',*,*,#4272,.F.);
#4275=ORIENTED_EDGE('4240',*,*,#4274,.F.);
#4277=ORIENTED_EDGE('4239',*,*,#4276,.F.);
#4278=ORIENTED_EDGE('4238',*,*,#4250,.F.);
#4280=ORIENTED_EDGE('4237',*,*,#4279,.F.);
#4282=ORIENTED_EDGE('4236',*,*,#4281,.T.);
#4283=EDGE_LOOP('3558',(#4273,#4275,#4277,#4278,#4280,#4282));
#4284=FACE_OUTER_BOUND('3558',#4283,.F.);
#4286=FILL_AREA_STYLE_COLOUR('',#183);
#4287=FILL_AREA_STYLE('',(#4286));
#4288=SURFACE_STYLE_FILL_AREA(#4287);
#4289=SURFACE_SIDE_STYLE('',(#4288));
#4290=SURFACE_STYLE_USAGE(.BOTH.,#4289);
#4291=PRESENTATION_STYLE_ASSIGNMENT((#4290));
#4292=STYLED_ITEM('',(#4291),#4285);
#4293=CARTESIAN_POINT('',(0.E0,-9.3E-2,1.515E-1));
#4294=DIRECTION('',(0.E0,1.E0,0.E0));
#4295=DIRECTION('',(0.E0,0.E0,-1.E0));
#4296=AXIS2_PLACEMENT_3D('',#4293,#4294,#4295);
#4297=PLANE('3576',#4296);
#4299=ORIENTED_EDGE('4366',*,*,#4298,.F.);
#4301=ORIENTED_EDGE('4400',*,*,#4300,.T.);
#4303=ORIENTED_EDGE('4253',*,*,#4302,.F.);
#4305=ORIENTED_EDGE('4399',*,*,#4304,.T.);
#4307=ORIENTED_EDGE('4398',*,*,#4306,.T.);
#4309=ORIENTED_EDGE('4397',*,*,#4308,.F.);
#4311=ORIENTED_EDGE('4396',*,*,#4310,.F.);
#4313=ORIENTED_EDGE('4395',*,*,#4312,.T.);
#4315=ORIENTED_EDGE('4394',*,*,#4314,.T.);
#4317=ORIENTED_EDGE('4393',*,*,#4316,.T.);
#4319=ORIENTED_EDGE('4392',*,*,#4318,.T.);
#4321=ORIENTED_EDGE('4241',*,*,#4320,.F.);
#4323=ORIENTED_EDGE('4391',*,*,#4322,.T.);
#4325=ORIENTED_EDGE('4390',*,*,#4324,.T.);
#4327=ORIENTED_EDGE('4389',*,*,#4326,.T.);
#4329=ORIENTED_EDGE('4388',*,*,#4328,.T.);
#4331=ORIENTED_EDGE('4387',*,*,#4330,.F.);
#4333=ORIENTED_EDGE('4386',*,*,#4332,.F.);
#4335=ORIENTED_EDGE('4385',*,*,#4334,.T.);
#4337=ORIENTED_EDGE('4384',*,*,#4336,.T.);
#4339=ORIENTED_EDGE('4263',*,*,#4338,.F.);
#4341=ORIENTED_EDGE('4383',*,*,#4340,.T.);
#4343=ORIENTED_EDGE('4382',*,*,#4342,.F.);
#4345=ORIENTED_EDGE('4355',*,*,#4344,.F.);
#4347=ORIENTED_EDGE('4381',*,*,#4346,.T.);
#4349=ORIENTED_EDGE('4380',*,*,#4348,.T.);
#4351=ORIENTED_EDGE('4379',*,*,#4350,.T.);
#4353=ORIENTED_EDGE('4365',*,*,#4352,.F.);
#4355=ORIENTED_EDGE('4378',*,*,#4354,.T.);
#4357=ORIENTED_EDGE('4377',*,*,#4356,.T.);
#4359=ORIENTED_EDGE('4230',*,*,#4358,.T.);
#4361=ORIENTED_EDGE('4376',*,*,#4360,.T.);
#4363=ORIENTED_EDGE('4375',*,*,#4362,.T.);
#4365=ORIENTED_EDGE('4374',*,*,#4364,.T.);
#4367=ORIENTED_EDGE('4373',*,*,#4366,.T.);
#4369=ORIENTED_EDGE('4372',*,*,#4368,.T.);
#4370=ORIENTED_EDGE('4235',*,*,#4272,.T.);
#4372=ORIENTED_EDGE('4371',*,*,#4371,.T.);
#4374=ORIENTED_EDGE('4370',*,*,#4373,.T.);
#4376=ORIENTED_EDGE('4314',*,*,#4375,.F.);
#4378=ORIENTED_EDGE('4369',*,*,#4377,.T.);
#4380=ORIENTED_EDGE('4368',*,*,#4379,.T.);
#4382=ORIENTED_EDGE('4367',*,*,#4381,.T.);
#4384=ORIENTED_EDGE('4326',*,*,#4383,.F.);
#4385=EDGE_LOOP('3576',(#4299,#4301,#4303,#4305,#4307,#4309,#4311,#4313,#4315,
#4317,#4319,#4321,#4323,#4325,#4327,#4329,#4331,#4333,#4335,#4337,#4339,#4341,
#4343,#4345,#4347,#4349,#4351,#4353,#4355,#4357,#4359,#4361,#4363,#4365,#4367,
#4369,#4370,#4372,#4374,#4376,#4378,#4380,#4382,#4384));
#4386=FACE_OUTER_BOUND('3576',#4385,.F.);
#4388=ORIENTED_EDGE('4578',*,*,#4387,.T.);
#4390=ORIENTED_EDGE('4579',*,*,#4389,.T.);
#4392=ORIENTED_EDGE('4581',*,*,#4391,.T.);
#4394=ORIENTED_EDGE('4580',*,*,#4393,.T.);
#4395=EDGE_LOOP('3576',(#4388,#4390,#4392,#4394));
#4396=FACE_BOUND('3576',#4395,.F.);
#4398=ORIENTED_EDGE('4594',*,*,#4397,.T.);
#4400=ORIENTED_EDGE('4595',*,*,#4399,.T.);
#4402=ORIENTED_EDGE('4597',*,*,#4401,.T.);
#4404=ORIENTED_EDGE('4596',*,*,#4403,.T.);
#4405=EDGE_LOOP('3576',(#4398,#4400,#4402,#4404));
#4406=FACE_BOUND('3576',#4405,.F.);
#4408=ORIENTED_EDGE('4610',*,*,#4407,.T.);
#4410=ORIENTED_EDGE('4611',*,*,#4409,.T.);
#4412=ORIENTED_EDGE('4613',*,*,#4411,.T.);
#4414=ORIENTED_EDGE('4612',*,*,#4413,.T.);
#4415=EDGE_LOOP('3576',(#4408,#4410,#4412,#4414));
#4416=FACE_BOUND('3576',#4415,.F.);
#4418=ORIENTED_EDGE('4626',*,*,#4417,.T.);
#4420=ORIENTED_EDGE('4627',*,*,#4419,.T.);
#4422=ORIENTED_EDGE('4629',*,*,#4421,.T.);
#4424=ORIENTED_EDGE('4628',*,*,#4423,.T.);
#4425=EDGE_LOOP('3576',(#4418,#4420,#4422,#4424));
#4426=FACE_BOUND('3576',#4425,.F.);
#4428=ORIENTED_EDGE('4642',*,*,#4427,.T.);
#4430=ORIENTED_EDGE('4643',*,*,#4429,.T.);
#4432=ORIENTED_EDGE('4645',*,*,#4431,.T.);
#4434=ORIENTED_EDGE('4644',*,*,#4433,.T.);
#4435=EDGE_LOOP('3576',(#4428,#4430,#4432,#4434));
#4436=FACE_BOUND('3576',#4435,.F.);
#4438=ORIENTED_EDGE('4658',*,*,#4437,.T.);
#4440=ORIENTED_EDGE('4659',*,*,#4439,.T.);
#4442=ORIENTED_EDGE('4661',*,*,#4441,.T.);
#4444=ORIENTED_EDGE('4660',*,*,#4443,.T.);
#4445=EDGE_LOOP('3576',(#4438,#4440,#4442,#4444));
#4446=FACE_BOUND('3576',#4445,.F.);
#4448=ORIENTED_EDGE('4674',*,*,#4447,.T.);
#4450=ORIENTED_EDGE('4675',*,*,#4449,.T.);
#4452=ORIENTED_EDGE('4677',*,*,#4451,.T.);
#4454=ORIENTED_EDGE('4676',*,*,#4453,.T.);
#4455=EDGE_LOOP('3576',(#4448,#4450,#4452,#4454));
#4456=FACE_BOUND('3576',#4455,.F.);
#4458=ORIENTED_EDGE('4690',*,*,#4457,.T.);
#4460=ORIENTED_EDGE('4691',*,*,#4459,.T.);
#4462=ORIENTED_EDGE('4693',*,*,#4461,.T.);
#4464=ORIENTED_EDGE('4692',*,*,#4463,.T.);
#4465=EDGE_LOOP('3576',(#4458,#4460,#4462,#4464));
#4466=FACE_BOUND('3576',#4465,.F.);
#4468=ORIENTED_EDGE('4706',*,*,#4467,.T.);
#4470=ORIENTED_EDGE('4707',*,*,#4469,.T.);
#4472=ORIENTED_EDGE('4709',*,*,#4471,.T.);
#4474=ORIENTED_EDGE('4708',*,*,#4473,.T.);
#4475=EDGE_LOOP('3576',(#4468,#4470,#4472,#4474));
#4476=FACE_BOUND('3576',#4475,.F.);
#4478=ORIENTED_EDGE('4722',*,*,#4477,.T.);
#4480=ORIENTED_EDGE('4723',*,*,#4479,.T.);
#4482=ORIENTED_EDGE('4725',*,*,#4481,.T.);
#4484=ORIENTED_EDGE('4724',*,*,#4483,.T.);
#4485=EDGE_LOOP('3576',(#4478,#4480,#4482,#4484));
#4486=FACE_BOUND('3576',#4485,.F.);
#4488=ORIENTED_EDGE('4738',*,*,#4487,.T.);
#4490=ORIENTED_EDGE('4739',*,*,#4489,.T.);
#4492=ORIENTED_EDGE('4741',*,*,#4491,.T.);
#4494=ORIENTED_EDGE('4740',*,*,#4493,.T.);
#4495=EDGE_LOOP('3576',(#4488,#4490,#4492,#4494));
#4496=FACE_BOUND('3576',#4495,.F.);
#4498=ORIENTED_EDGE('4754',*,*,#4497,.T.);
#4500=ORIENTED_EDGE('4755',*,*,#4499,.T.);
#4502=ORIENTED_EDGE('4757',*,*,#4501,.T.);
#4504=ORIENTED_EDGE('4756',*,*,#4503,.T.);
#4505=EDGE_LOOP('3576',(#4498,#4500,#4502,#4504));
#4506=FACE_BOUND('3576',#4505,.F.);
#4508=FILL_AREA_STYLE_COLOUR('',#183);
#4509=FILL_AREA_STYLE('',(#4508));
#4510=SURFACE_STYLE_FILL_AREA(#4509);
#4511=SURFACE_SIDE_STYLE('',(#4510));
#4512=SURFACE_STYLE_USAGE(.BOTH.,#4511);
#4513=PRESENTATION_STYLE_ASSIGNMENT((#4512));
#4514=STYLED_ITEM('',(#4513),#4507);
#4515=CARTESIAN_POINT('',(2.4E-1,-1.275E-2,2.53E-1));
#4516=DIRECTION('',(0.E0,0.E0,1.E0));
#4517=DIRECTION('',(0.E0,1.E0,0.E0));
#4518=AXIS2_PLACEMENT_3D('',#4515,#4516,#4517);
#4519=PLANE('3669',#4518);
#4521=ORIENTED_EDGE('4500',*,*,#4520,.F.);
#4523=ORIENTED_EDGE('4501',*,*,#4522,.T.);
#4524=ORIENTED_EDGE('4366',*,*,#4298,.T.);
#4526=ORIENTED_EDGE('4325',*,*,#4525,.T.);
#4527=EDGE_LOOP('3669',(#4521,#4523,#4524,#4526));
#4528=FACE_OUTER_BOUND('3669',#4527,.F.);
#4530=FILL_AREA_STYLE_COLOUR('',#183);
#4531=FILL_AREA_STYLE('',(#4530));
#4532=SURFACE_STYLE_FILL_AREA(#4531);
#4533=SURFACE_SIDE_STYLE('',(#4532));
#4534=SURFACE_STYLE_USAGE(.BOTH.,#4533);
#4535=PRESENTATION_STYLE_ASSIGNMENT((#4534));
#4536=STYLED_ITEM('',(#4535),#4529);
#4537=CARTESIAN_POINT('',(2.4E-1,7.5125E-2,2.485E-1));
#4538=DIRECTION('',(0.E0,5.082535845438E-1,8.612074626931E-1));
#4539=DIRECTION('',(0.E0,8.612074626931E-1,-5.082535845438E-1));
#4540=AXIS2_PLACEMENT_3D('',#4537,#4538,#4539);
#4541=PLANE('3673',#4540);
#4543=ORIENTED_EDGE('4510',*,*,#4542,.F.);
#4545=ORIENTED_EDGE('4511',*,*,#4544,.F.);
#4546=ORIENTED_EDGE('4500',*,*,#4520,.T.);
#4548=ORIENTED_EDGE('4324',*,*,#4547,.T.);
#4549=EDGE_LOOP('3673',(#4543,#4545,#4546,#4548));
#4550=FACE_OUTER_BOUND('3673',#4549,.F.);
#4552=FILL_AREA_STYLE_COLOUR('',#183);
#4553=FILL_AREA_STYLE('',(#4552));
#4554=SURFACE_STYLE_FILL_AREA(#4553);
#4555=SURFACE_SIDE_STYLE('',(#4554));
#4556=SURFACE_STYLE_USAGE(.BOTH.,#4555);
#4557=PRESENTATION_STYLE_ASSIGNMENT((#4556));
#4558=STYLED_ITEM('',(#4557),#4551);
#4559=CARTESIAN_POINT('',(2.4E-1,9.225000000001E-2,2.44E-1));
#4560=DIRECTION('',(0.E0,0.E0,1.E0));
#4561=DIRECTION('',(0.E0,1.E0,0.E0));
#4562=AXIS2_PLACEMENT_3D('',#4559,#4560,#4561);
#4563=PLANE('3677',#4562);
#4565=ORIENTED_EDGE('4520',*,*,#4564,.F.);
#4567=ORIENTED_EDGE('4521',*,*,#4566,.T.);
#4568=ORIENTED_EDGE('4510',*,*,#4542,.T.);
#4570=ORIENTED_EDGE('4323',*,*,#4569,.T.);
#4571=EDGE_LOOP('3677',(#4565,#4567,#4568,#4570));
#4572=FACE_OUTER_BOUND('3677',#4571,.F.);
#4574=FILL_AREA_STYLE_COLOUR('',#183);
#4575=FILL_AREA_STYLE('',(#4574));
#4576=SURFACE_STYLE_FILL_AREA(#4575);
#4577=SURFACE_SIDE_STYLE('',(#4576));
#4578=SURFACE_STYLE_USAGE(.BOTH.,#4577);
#4579=PRESENTATION_STYLE_ASSIGNMENT((#4578));
#4580=STYLED_ITEM('',(#4579),#4573);
#4581=CARTESIAN_POINT('',(2.4E-1,1.39875E-1,2.665E-1));
#4582=DIRECTION('',(0.E0,-5.082535845411E-1,8.612074626947E-1));
#4583=DIRECTION('',(0.E0,8.612074626947E-1,5.082535845411E-1));
#4584=AXIS2_PLACEMENT_3D('',#4581,#4582,#4583);
#4585=PLANE('3681',#4584);
#4587=ORIENTED_EDGE('4331',*,*,#4586,.T.);
#4589=ORIENTED_EDGE('4530',*,*,#4588,.F.);
#4590=ORIENTED_EDGE('4520',*,*,#4564,.T.);
#4592=ORIENTED_EDGE('4322',*,*,#4591,.T.);
#4593=EDGE_LOOP('3681',(#4587,#4589,#4590,#4592));
#4594=FACE_OUTER_BOUND('3681',#4593,.F.);
#4596=FILL_AREA_STYLE_COLOUR('',#183);
#4597=FILL_AREA_STYLE('',(#4596));
#4598=SURFACE_STYLE_FILL_AREA(#4597);
#4599=SURFACE_SIDE_STYLE('',(#4598));
#4600=SURFACE_STYLE_USAGE(.BOTH.,#4599);
#4601=PRESENTATION_STYLE_ASSIGNMENT((#4600));
#4602=STYLED_ITEM('',(#4601),#4595);
#4603=CARTESIAN_POINT('',(2.4E-1,1.78E-1,2.96E-1));
#4604=DIRECTION('',(0.E0,1.E0,0.E0));
#4605=DIRECTION('',(-1.E0,0.E0,0.E0));
#4606=AXIS2_PLACEMENT_3D('',#4603,#4604,#4605);
#4607=PLANE('3568',#4606);
#4609=ORIENTED_EDGE('4245',*,*,#4608,.T.);
#4611=ORIENTED_EDGE('4330',*,*,#4610,.T.);
#4612=ORIENTED_EDGE('4331',*,*,#4586,.F.);
#4614=ORIENTED_EDGE('4321',*,*,#4613,.T.);
#4615=EDGE_LOOP('3568',(#4609,#4611,#4612,#4614));
#4616=FACE_OUTER_BOUND('3568',#4615,.F.);
#4618=FILL_AREA_STYLE_COLOUR('',#183);
#4619=FILL_AREA_STYLE('',(#4618));
#4620=SURFACE_STYLE_FILL_AREA(#4619);
#4621=SURFACE_SIDE_STYLE('',(#4620));
#4622=SURFACE_STYLE_USAGE(.BOTH.,#4621);
#4623=PRESENTATION_STYLE_ASSIGNMENT((#4622));
#4624=STYLED_ITEM('',(#4623),#4617);
#4625=CARTESIAN_POINT('',(2.325E-1,0.E0,3.03E-1));
#4626=DIRECTION('',(0.E0,0.E0,1.E0));
#4627=DIRECTION('',(1.E0,0.E0,0.E0));
#4628=AXIS2_PLACEMENT_3D('',#4625,#4626,#4627);
#4629=PLANE('3560',#4628);
#4630=ORIENTED_EDGE('4245',*,*,#4608,.F.);
#4632=ORIENTED_EDGE('4246',*,*,#4631,.F.);
#4634=ORIENTED_EDGE('4247',*,*,#4633,.F.);
#4636=ORIENTED_EDGE('4248',*,*,#4635,.T.);
#4638=ORIENTED_EDGE('4249',*,*,#4637,.F.);
#4640=ORIENTED_EDGE('4250',*,*,#4639,.T.);
#4642=ORIENTED_EDGE('4251',*,*,#4641,.F.);
#4644=ORIENTED_EDGE('4252',*,*,#4643,.T.);
#4645=ORIENTED_EDGE('4253',*,*,#4302,.T.);
#4647=ORIENTED_EDGE('4254',*,*,#4646,.T.);
#4648=EDGE_LOOP('3560',(#4630,#4632,#4634,#4636,#4638,#4640,#4642,#4644,#4645,
#4647));
#4649=FACE_OUTER_BOUND('3560',#4648,.F.);
#4651=FILL_AREA_STYLE_COLOUR('',#183);
#4652=FILL_AREA_STYLE('',(#4651));
#4653=SURFACE_STYLE_FILL_AREA(#4652);
#4654=SURFACE_SIDE_STYLE('',(#4653));
#4655=SURFACE_STYLE_USAGE(.BOTH.,#4654);
#4656=PRESENTATION_STYLE_ASSIGNMENT((#4655));
#4657=STYLED_ITEM('',(#4656),#4650);
#4658=CARTESIAN_POINT('',(3.E-1,0.E0,2.4225E-1));
#4659=DIRECTION('',(1.E0,0.E0,0.E0));
#4660=DIRECTION('',(0.E0,1.E0,0.E0));
#4661=AXIS2_PLACEMENT_3D('',#4658,#4659,#4660);
#4662=PLANE('3566',#4661);
#4664=ORIENTED_EDGE('4320',*,*,#4663,.T.);
#4666=ORIENTED_EDGE('4310',*,*,#4665,.T.);
#4667=ORIENTED_EDGE('4246',*,*,#4631,.T.);
#4668=ORIENTED_EDGE('4321',*,*,#4613,.F.);
#4669=ORIENTED_EDGE('4322',*,*,#4591,.F.);
#4670=ORIENTED_EDGE('4323',*,*,#4569,.F.);
#4671=ORIENTED_EDGE('4324',*,*,#4547,.F.);
#4672=ORIENTED_EDGE('4325',*,*,#4525,.F.);
#4673=ORIENTED_EDGE('4326',*,*,#4383,.T.);
#4674=EDGE_LOOP('3566',(#4664,#4666,#4667,#4668,#4669,#4670,#4671,#4672,#4673));
#4675=FACE_OUTER_BOUND('3566',#4674,.F.);
#4677=FILL_AREA_STYLE_COLOUR('',#183);
#4678=FILL_AREA_STYLE('',(#4677));
#4679=SURFACE_STYLE_FILL_AREA(#4678);
#4680=SURFACE_SIDE_STYLE('',(#4679));
#4681=SURFACE_STYLE_USAGE(.BOTH.,#4680);
#4682=PRESENTATION_STYLE_ASSIGNMENT((#4681));
#4683=STYLED_ITEM('',(#4682),#4676);
#4684=CARTESIAN_POINT('',(2.925E-1,-1.355E-1,1.815E-1));
#4685=DIRECTION('',(0.E0,0.E0,1.E0));
#4686=DIRECTION('',(1.E0,0.E0,0.E0));
#4687=AXIS2_PLACEMENT_3D('',#4684,#4685,#4686);
#4688=PLANE('3687',#4687);
#4690=ORIENTED_EDGE('4311',*,*,#4689,.F.);
#4691=ORIENTED_EDGE('4320',*,*,#4663,.F.);
#4692=ORIENTED_EDGE('4367',*,*,#4381,.F.);
#4694=ORIENTED_EDGE('4537',*,*,#4693,.F.);
#4695=EDGE_LOOP('3687',(#4690,#4691,#4692,#4694));
#4696=FACE_OUTER_BOUND('3687',#4695,.F.);
#4698=FILL_AREA_STYLE_COLOUR('',#183);
#4699=FILL_AREA_STYLE('',(#4698));
#4700=SURFACE_STYLE_FILL_AREA(#4699);
#4701=SURFACE_SIDE_STYLE('',(#4700));
#4702=SURFACE_STYLE_USAGE(.BOTH.,#4701);
#4703=PRESENTATION_STYLE_ASSIGNMENT((#4702));
#4704=STYLED_ITEM('',(#4703),#4697);
#4705=CARTESIAN_POINT('',(0.E0,-1.78E-1,1.439787324444E-1));
#4706=DIRECTION('',(0.E0,1.E0,0.E0));
#4707=DIRECTION('',(1.E0,0.E0,0.E0));
#4708=AXIS2_PLACEMENT_3D('',#4705,#4706,#4707);
#4709=PLANE('3564',#4708);
#4711=ORIENTED_EDGE('4279',*,*,#4710,.T.);
#4713=ORIENTED_EDGE('4280',*,*,#4712,.F.);
#4714=ORIENTED_EDGE('4212',*,*,#4229,.T.);
#4715=ORIENTED_EDGE('4281',*,*,#4252,.F.);
#4716=ORIENTED_EDGE('4239',*,*,#4276,.T.);
#4718=ORIENTED_EDGE('4282',*,*,#4717,.F.);
#4720=ORIENTED_EDGE('4216',*,*,#4719,.T.);
#4722=ORIENTED_EDGE('4283',*,*,#4721,.F.);
#4724=ORIENTED_EDGE('4220',*,*,#4723,.T.);
#4726=ORIENTED_EDGE('4284',*,*,#4725,.F.);
#4728=ORIENTED_EDGE('4224',*,*,#4727,.T.);
#4730=ORIENTED_EDGE('4285',*,*,#4729,.F.);
#4732=ORIENTED_EDGE('4232',*,*,#4731,.T.);
#4734=ORIENTED_EDGE('4286',*,*,#4733,.F.);
#4736=ORIENTED_EDGE('4226',*,*,#4735,.T.);
#4738=ORIENTED_EDGE('4287',*,*,#4737,.F.);
#4740=ORIENTED_EDGE('4288',*,*,#4739,.T.);
#4742=ORIENTED_EDGE('4289',*,*,#4741,.T.);
#4744=ORIENTED_EDGE('4290',*,*,#4743,.T.);
#4746=ORIENTED_EDGE('4291',*,*,#4745,.F.);
#4748=ORIENTED_EDGE('4269',*,*,#4747,.T.);
#4750=ORIENTED_EDGE('4292',*,*,#4749,.F.);
#4752=ORIENTED_EDGE('4293',*,*,#4751,.F.);
#4754=ORIENTED_EDGE('4294',*,*,#4753,.F.);
#4756=ORIENTED_EDGE('4265',*,*,#4755,.T.);
#4758=ORIENTED_EDGE('4295',*,*,#4757,.F.);
#4760=ORIENTED_EDGE('4296',*,*,#4759,.F.);
#4762=ORIENTED_EDGE('4297',*,*,#4761,.F.);
#4764=ORIENTED_EDGE('4258',*,*,#4763,.T.);
#4766=ORIENTED_EDGE('4298',*,*,#4765,.F.);
#4768=ORIENTED_EDGE('4299',*,*,#4767,.F.);
#4770=ORIENTED_EDGE('4300',*,*,#4769,.F.);
#4772=ORIENTED_EDGE('4243',*,*,#4771,.T.);
#4774=ORIENTED_EDGE('4301',*,*,#4773,.F.);
#4776=ORIENTED_EDGE('4302',*,*,#4775,.F.);
#4778=ORIENTED_EDGE('4303',*,*,#4777,.F.);
#4780=ORIENTED_EDGE('4275',*,*,#4779,.T.);
#4782=ORIENTED_EDGE('4304',*,*,#4781,.F.);
#4784=ORIENTED_EDGE('4305',*,*,#4783,.F.);
#4786=ORIENTED_EDGE('4306',*,*,#4785,.F.);
#4787=ORIENTED_EDGE('4251',*,*,#4641,.T.);
#4789=ORIENTED_EDGE('4307',*,*,#4788,.F.);
#4791=ORIENTED_EDGE('4308',*,*,#4790,.F.);
#4793=ORIENTED_EDGE('4309',*,*,#4792,.F.);
#4794=ORIENTED_EDGE('4247',*,*,#4633,.T.);
#4795=ORIENTED_EDGE('4310',*,*,#4665,.F.);
#4796=ORIENTED_EDGE('4311',*,*,#4689,.T.);
#4798=ORIENTED_EDGE('4312',*,*,#4797,.T.);
#4799=EDGE_LOOP('3564',(#4711,#4713,#4714,#4715,#4716,#4718,#4720,#4722,#4724,
#4726,#4728,#4730,#4732,#4734,#4736,#4738,#4740,#4742,#4744,#4746,#4748,#4750,
#4752,#4754,#4756,#4758,#4760,#4762,#4764,#4766,#4768,#4770,#4772,#4774,#4776,
#4778,#4780,#4782,#4784,#4786,#4787,#4789,#4791,#4793,#4794,#4795,#4796,#4798));
#4800=FACE_OUTER_BOUND('3564',#4799,.F.);
#4802=ORIENTED_EDGE('4574',*,*,#4801,.F.);
#4804=ORIENTED_EDGE('4576',*,*,#4803,.F.);
#4806=ORIENTED_EDGE('4577',*,*,#4805,.F.);
#4808=ORIENTED_EDGE('4575',*,*,#4807,.F.);
#4809=EDGE_LOOP('3564',(#4802,#4804,#4806,#4808));
#4810=FACE_BOUND('3564',#4809,.F.);
#4812=ORIENTED_EDGE('4590',*,*,#4811,.F.);
#4814=ORIENTED_EDGE('4592',*,*,#4813,.F.);
#4816=ORIENTED_EDGE('4593',*,*,#4815,.F.);
#4818=ORIENTED_EDGE('4591',*,*,#4817,.F.);
#4819=EDGE_LOOP('3564',(#4812,#4814,#4816,#4818));
#4820=FACE_BOUND('3564',#4819,.F.);
#4822=ORIENTED_EDGE('4606',*,*,#4821,.F.);
#4824=ORIENTED_EDGE('4608',*,*,#4823,.F.);
#4826=ORIENTED_EDGE('4609',*,*,#4825,.F.);
#4828=ORIENTED_EDGE('4607',*,*,#4827,.F.);
#4829=EDGE_LOOP('3564',(#4822,#4824,#4826,#4828));
#4830=FACE_BOUND('3564',#4829,.F.);
#4832=ORIENTED_EDGE('4622',*,*,#4831,.F.);
#4834=ORIENTED_EDGE('4624',*,*,#4833,.F.);
#4836=ORIENTED_EDGE('4625',*,*,#4835,.F.);
#4838=ORIENTED_EDGE('4623',*,*,#4837,.F.);
#4839=EDGE_LOOP('3564',(#4832,#4834,#4836,#4838));
#4840=FACE_BOUND('3564',#4839,.F.);
#4842=ORIENTED_EDGE('4638',*,*,#4841,.F.);
#4844=ORIENTED_EDGE('4640',*,*,#4843,.F.);
#4846=ORIENTED_EDGE('4641',*,*,#4845,.F.);
#4848=ORIENTED_EDGE('4639',*,*,#4847,.F.);
#4849=EDGE_LOOP('3564',(#4842,#4844,#4846,#4848));
#4850=FACE_BOUND('3564',#4849,.F.);
#4852=ORIENTED_EDGE('4654',*,*,#4851,.F.);
#4854=ORIENTED_EDGE('4656',*,*,#4853,.F.);
#4856=ORIENTED_EDGE('4657',*,*,#4855,.F.);
#4858=ORIENTED_EDGE('4655',*,*,#4857,.F.);
#4859=EDGE_LOOP('3564',(#4852,#4854,#4856,#4858));
#4860=FACE_BOUND('3564',#4859,.F.);
#4862=ORIENTED_EDGE('4670',*,*,#4861,.F.);
#4864=ORIENTED_EDGE('4672',*,*,#4863,.F.);
#4866=ORIENTED_EDGE('4673',*,*,#4865,.F.);
#4868=ORIENTED_EDGE('4671',*,*,#4867,.F.);
#4869=EDGE_LOOP('3564',(#4862,#4864,#4866,#4868));
#4870=FACE_BOUND('3564',#4869,.F.);
#4872=ORIENTED_EDGE('4686',*,*,#4871,.F.);
#4874=ORIENTED_EDGE('4688',*,*,#4873,.F.);
#4876=ORIENTED_EDGE('4689',*,*,#4875,.F.);
#4878=ORIENTED_EDGE('4687',*,*,#4877,.F.);
#4879=EDGE_LOOP('3564',(#4872,#4874,#4876,#4878));
#4880=FACE_BOUND('3564',#4879,.F.);
#4882=ORIENTED_EDGE('4702',*,*,#4881,.F.);
#4884=ORIENTED_EDGE('4704',*,*,#4883,.F.);
#4886=ORIENTED_EDGE('4705',*,*,#4885,.F.);
#4888=ORIENTED_EDGE('4703',*,*,#4887,.F.);
#4889=EDGE_LOOP('3564',(#4882,#4884,#4886,#4888));
#4890=FACE_BOUND('3564',#4889,.F.);
#4892=ORIENTED_EDGE('4718',*,*,#4891,.F.);
#4894=ORIENTED_EDGE('4720',*,*,#4893,.F.);
#4896=ORIENTED_EDGE('4721',*,*,#4895,.F.);
#4898=ORIENTED_EDGE('4719',*,*,#4897,.F.);
#4899=EDGE_LOOP('3564',(#4892,#4894,#4896,#4898));
#4900=FACE_BOUND('3564',#4899,.F.);
#4902=ORIENTED_EDGE('4734',*,*,#4901,.F.);
#4904=ORIENTED_EDGE('4736',*,*,#4903,.F.);
#4906=ORIENTED_EDGE('4737',*,*,#4905,.F.);
#4908=ORIENTED_EDGE('4735',*,*,#4907,.F.);
#4909=EDGE_LOOP('3564',(#4902,#4904,#4906,#4908));
#4910=FACE_BOUND('3564',#4909,.F.);
#4912=ORIENTED_EDGE('4750',*,*,#4911,.F.);
#4914=ORIENTED_EDGE('4752',*,*,#4913,.F.);
#4916=ORIENTED_EDGE('4753',*,*,#4915,.F.);
#4918=ORIENTED_EDGE('4751',*,*,#4917,.F.);
#4919=EDGE_LOOP('3564',(#4912,#4914,#4916,#4918));
#4920=FACE_BOUND('3564',#4919,.F.);
#4922=FILL_AREA_STYLE_COLOUR('',#183);
#4923=FILL_AREA_STYLE('',(#4922));
#4924=SURFACE_STYLE_FILL_AREA(#4923);
#4925=SURFACE_SIDE_STYLE('',(#4924));
#4926=SURFACE_STYLE_USAGE(.BOTH.,#4925);
#4927=PRESENTATION_STYLE_ASSIGNMENT((#4926));
#4928=STYLED_ITEM('',(#4927),#4921);
#4929=CARTESIAN_POINT('',(2.925E-1,-1.355E-1,1.215E-1));
#4930=DIRECTION('',(0.E0,0.E0,1.E0));
#4931=DIRECTION('',(-1.E0,0.E0,0.E0));
#4932=AXIS2_PLACEMENT_3D('',#4929,#4930,#4931);
#4933=PLANE('3685',#4932);
#4934=ORIENTED_EDGE('4279',*,*,#4710,.F.);
#4936=ORIENTED_EDGE('4536',*,*,#4935,.T.);
#4937=ORIENTED_EDGE('4369',*,*,#4377,.F.);
#4939=ORIENTED_EDGE('4313',*,*,#4938,.F.);
#4940=EDGE_LOOP('3685',(#4934,#4936,#4937,#4939));
#4941=FACE_OUTER_BOUND('3685',#4940,.F.);
#4943=FILL_AREA_STYLE_COLOUR('',#183);
#4944=FILL_AREA_STYLE('',(#4943));
#4945=SURFACE_STYLE_FILL_AREA(#4944);
#4946=SURFACE_SIDE_STYLE('',(#4945));
#4947=SURFACE_STYLE_USAGE(.BOTH.,#4946);
#4948=PRESENTATION_STYLE_ASSIGNMENT((#4947));
#4949=STYLED_ITEM('',(#4948),#4942);
#4950=CARTESIAN_POINT('',(2.85E-1,-1.355E-1,1.515E-1));
#4951=DIRECTION('',(1.E0,0.E0,0.E0));
#4952=DIRECTION('',(0.E0,0.E0,1.E0));
#4953=AXIS2_PLACEMENT_3D('',#4950,#4951,#4952);
#4954=PLANE('3686',#4953);
#4955=ORIENTED_EDGE('4312',*,*,#4797,.F.);
#4956=ORIENTED_EDGE('4537',*,*,#4693,.T.);
#4957=ORIENTED_EDGE('4368',*,*,#4379,.F.);
#4958=ORIENTED_EDGE('4536',*,*,#4935,.F.);
#4959=EDGE_LOOP('3686',(#4955,#4956,#4957,#4958));
#4960=FACE_OUTER_BOUND('3686',#4959,.F.);
#4962=FILL_AREA_STYLE_COLOUR('',#183);
#4963=FILL_AREA_STYLE('',(#4962));
#4964=SURFACE_STYLE_FILL_AREA(#4963);
#4965=SURFACE_SIDE_STYLE('',(#4964));
#4966=SURFACE_STYLE_USAGE(.BOTH.,#4965);
#4967=PRESENTATION_STYLE_ASSIGNMENT((#4966));
#4968=STYLED_ITEM('',(#4967),#4961);
#4969=CARTESIAN_POINT('',(3.E-1,0.E0,6.075E-2));
#4970=DIRECTION('',(1.E0,0.E0,0.E0));
#4971=DIRECTION('',(0.E0,1.E0,0.E0));
#4972=AXIS2_PLACEMENT_3D('',#4969,#4970,#4971);
#4973=PLANE('3565',#4972);
#4974=ORIENTED_EDGE('4313',*,*,#4938,.T.);
#4975=ORIENTED_EDGE('4314',*,*,#4375,.T.);
#4977=ORIENTED_EDGE('4315',*,*,#4976,.T.);
#4979=ORIENTED_EDGE('4316',*,*,#4978,.F.);
#4981=ORIENTED_EDGE('4317',*,*,#4980,.F.);
#4983=ORIENTED_EDGE('4318',*,*,#4982,.F.);
#4985=ORIENTED_EDGE('4319',*,*,#4984,.F.);
#4986=ORIENTED_EDGE('4211',*,*,#4231,.T.);
#4987=ORIENTED_EDGE('4280',*,*,#4712,.T.);
#4988=EDGE_LOOP('3565',(#4974,#4975,#4977,#4979,#4981,#4983,#4985,#4986,#4987));
#4989=FACE_OUTER_BOUND('3565',#4988,.F.);
#4991=FILL_AREA_STYLE_COLOUR('',#183);
#4992=FILL_AREA_STYLE('',(#4991));
#4993=SURFACE_STYLE_FILL_AREA(#4992);
#4994=SURFACE_SIDE_STYLE('',(#4993));
#4995=SURFACE_STYLE_USAGE(.BOTH.,#4994);
#4996=PRESENTATION_STYLE_ASSIGNMENT((#4995));
#4997=STYLED_ITEM('',(#4996),#4990);
#4998=CARTESIAN_POINT('',(2.4E-1,-1.275E-2,5.E-2));
#4999=DIRECTION('',(0.E0,0.E0,1.E0));
#5000=DIRECTION('',(0.E0,1.E0,0.E0));
#5001=AXIS2_PLACEMENT_3D('',#4998,#4999,#5000);
#5002=PLANE('3577',#5001);
#5003=ORIENTED_EDGE('4370',*,*,#4373,.F.);
#5005=ORIENTED_EDGE('4402',*,*,#5004,.T.);
#5007=ORIENTED_EDGE('4401',*,*,#5006,.F.);
#5008=ORIENTED_EDGE('4315',*,*,#4976,.F.);
#5009=EDGE_LOOP('3577',(#5003,#5005,#5007,#5008));
#5010=FACE_OUTER_BOUND('3577',#5009,.F.);
#5012=FILL_AREA_STYLE_COLOUR('',#183);
#5013=FILL_AREA_STYLE('',(#5012));
#5014=SURFACE_STYLE_FILL_AREA(#5013);
#5015=SURFACE_SIDE_STYLE('',(#5014));
#5016=SURFACE_STYLE_USAGE(.BOTH.,#5015);
#5017=PRESENTATION_STYLE_ASSIGNMENT((#5016));
#5018=STYLED_ITEM('',(#5017),#5011);
#5019=CARTESIAN_POINT('',(1.8E-1,4.25E-2,2.95E-2));
#5020=DIRECTION('',(1.E0,0.E0,0.E0));
#5021=DIRECTION('',(0.E0,1.E0,0.E0));
#5022=AXIS2_PLACEMENT_3D('',#5019,#5020,#5021);
#5023=PLANE('3701',#5022);
#5024=ORIENTED_EDGE('4236',*,*,#4281,.F.);
#5026=ORIENTED_EDGE('4328',*,*,#5025,.F.);
#5028=ORIENTED_EDGE('4425',*,*,#5027,.T.);
#5030=ORIENTED_EDGE('4433',*,*,#5029,.F.);
#5032=ORIENTED_EDGE('4439',*,*,#5031,.T.);
#5033=ORIENTED_EDGE('4402',*,*,#5004,.F.);
#5034=ORIENTED_EDGE('4371',*,*,#4371,.F.);
#5035=EDGE_LOOP('3701',(#5024,#5026,#5028,#5030,#5032,#5033,#5034));
#5036=FACE_OUTER_BOUND('3701',#5035,.F.);
#5038=FILL_AREA_STYLE_COLOUR('',#183);
#5039=FILL_AREA_STYLE('',(#5038));
#5040=SURFACE_STYLE_FILL_AREA(#5039);
#5041=SURFACE_SIDE_STYLE('',(#5040));
#5042=SURFACE_STYLE_USAGE(.BOTH.,#5041);
#5043=PRESENTATION_STYLE_ASSIGNMENT((#5042));
#5044=STYLED_ITEM('',(#5043),#5037);
#5045=CARTESIAN_POINT('',(2.4E-1,1.78E-1,-5.212675555770E-4));
#5046=DIRECTION('',(0.E0,1.E0,0.E0));
#5047=DIRECTION('',(-1.E0,0.E0,0.E0));
#5048=AXIS2_PLACEMENT_3D('',#5045,#5046,#5047);
#5049=PLANE('3567',#5048);
#5051=ORIENTED_EDGE('4327',*,*,#5050,.T.);
#5052=ORIENTED_EDGE('4328',*,*,#5025,.T.);
#5053=ORIENTED_EDGE('4237',*,*,#4279,.T.);
#5054=ORIENTED_EDGE('4329',*,*,#4255,.F.);
#5055=ORIENTED_EDGE('4210',*,*,#4233,.T.);
#5056=ORIENTED_EDGE('4319',*,*,#4984,.T.);
#5057=EDGE_LOOP('3567',(#5051,#5052,#5053,#5054,#5055,#5056));
#5058=FACE_OUTER_BOUND('3567',#5057,.F.);
#5060=FILL_AREA_STYLE_COLOUR('',#183);
#5061=FILL_AREA_STYLE('',(#5060));
#5062=SURFACE_STYLE_FILL_AREA(#5061);
#5063=SURFACE_SIDE_STYLE('',(#5062));
#5064=SURFACE_STYLE_USAGE(.BOTH.,#5063);
#5065=PRESENTATION_STYLE_ASSIGNMENT((#5064));
#5066=STYLED_ITEM('',(#5065),#5059);
#5067=CARTESIAN_POINT('',(2.4E-1,1.39875E-1,3.65E-2));
#5068=DIRECTION('',(0.E0,5.082535845411E-1,8.612074626947E-1));
#5069=DIRECTION('',(0.E0,8.612074626947E-1,-5.082535845411E-1));
#5070=AXIS2_PLACEMENT_3D('',#5067,#5068,#5069);
#5071=PLANE('3600',#5070);
#5072=ORIENTED_EDGE('4327',*,*,#5050,.F.);
#5073=ORIENTED_EDGE('4318',*,*,#4982,.T.);
#5075=ORIENTED_EDGE('4426',*,*,#5074,.F.);
#5076=ORIENTED_EDGE('4425',*,*,#5027,.F.);
#5077=EDGE_LOOP('3600',(#5072,#5073,#5075,#5076));
#5078=FACE_OUTER_BOUND('3600',#5077,.F.);
#5080=FILL_AREA_STYLE_COLOUR('',#183);
#5081=FILL_AREA_STYLE('',(#5080));
#5082=SURFACE_STYLE_FILL_AREA(#5081);
#5083=SURFACE_SIDE_STYLE('',(#5082));
#5084=SURFACE_STYLE_USAGE(.BOTH.,#5083);
#5085=PRESENTATION_STYLE_ASSIGNMENT((#5084));
#5086=STYLED_ITEM('',(#5085),#5079);
#5087=CARTESIAN_POINT('',(2.4E-1,9.225E-2,5.9E-2));
#5088=DIRECTION('',(0.E0,0.E0,1.E0));
#5089=DIRECTION('',(0.E0,-1.E0,0.E0));
#5090=AXIS2_PLACEMENT_3D('',#5087,#5088,#5089);
#5091=PLANE('3603',#5090);
#5093=ORIENTED_EDGE('4432',*,*,#5092,.F.);
#5094=ORIENTED_EDGE('4433',*,*,#5029,.T.);
#5095=ORIENTED_EDGE('4426',*,*,#5074,.T.);
#5096=ORIENTED_EDGE('4317',*,*,#4980,.T.);
#5097=EDGE_LOOP('3603',(#5093,#5094,#5095,#5096));
#5098=FACE_OUTER_BOUND('3603',#5097,.F.);
#5100=FILL_AREA_STYLE_COLOUR('',#183);
#5101=FILL_AREA_STYLE('',(#5100));
#5102=SURFACE_STYLE_FILL_AREA(#5101);
#5103=SURFACE_SIDE_STYLE('',(#5102));
#5104=SURFACE_STYLE_USAGE(.BOTH.,#5103);
#5105=PRESENTATION_STYLE_ASSIGNMENT((#5104));
#5106=STYLED_ITEM('',(#5105),#5099);
#5107=CARTESIAN_POINT('',(2.4E-1,7.5125E-2,5.45E-2));
#5108=DIRECTION('',(0.E0,-5.082535845414E-1,8.612074626945E-1));
#5109=DIRECTION('',(0.E0,-8.612074626945E-1,-5.082535845414E-1));
#5110=AXIS2_PLACEMENT_3D('',#5107,#5108,#5109);
#5111=PLANE('3606',#5110);
#5112=ORIENTED_EDGE('4432',*,*,#5092,.T.);
#5113=ORIENTED_EDGE('4316',*,*,#4978,.T.);
#5114=ORIENTED_EDGE('4401',*,*,#5006,.T.);
#5115=ORIENTED_EDGE('4439',*,*,#5031,.F.);
#5116=EDGE_LOOP('3606',(#5112,#5113,#5114,#5115));
#5117=FACE_OUTER_BOUND('3606',#5116,.F.);
#5119=FILL_AREA_STYLE_COLOUR('',#183);
#5120=FILL_AREA_STYLE('',(#5119));
#5121=SURFACE_STYLE_FILL_AREA(#5120);
#5122=SURFACE_SIDE_STYLE('',(#5121));
#5123=SURFACE_STYLE_USAGE(.BOTH.,#5122);
#5124=PRESENTATION_STYLE_ASSIGNMENT((#5123));
#5125=STYLED_ITEM('',(#5124),#5118);
#5126=CARTESIAN_POINT('',(1.5E-1,1.8512E-1,0.E0));
#5127=DIRECTION('',(0.E0,-1.E0,0.E0));
#5128=DIRECTION('',(-1.E0,0.E0,0.E0));
#5129=AXIS2_PLACEMENT_3D('',#5126,#5127,#5128);
#5130=CYLINDRICAL_SURFACE('3598',#5129,1.5E-2);
#5132=ORIENTED_EDGE('4424',*,*,#5131,.T.);
#5134=ORIENTED_EDGE('4339',*,*,#5133,.T.);
#5136=ORIENTED_EDGE('4215',*,*,#5135,.T.);
#5137=ORIENTED_EDGE('4282',*,*,#4717,.T.);
#5138=ORIENTED_EDGE('4240',*,*,#4274,.T.);
#5139=EDGE_LOOP('3598',(#5132,#5134,#5136,#5137,#5138));
#5140=FACE_OUTER_BOUND('3598',#5139,.F.);
#5142=FILL_AREA_STYLE_COLOUR('',#183);
#5143=FILL_AREA_STYLE('',(#5142));
#5144=SURFACE_STYLE_FILL_AREA(#5143);
#5145=SURFACE_SIDE_STYLE('',(#5144));
#5146=SURFACE_STYLE_USAGE(.BOTH.,#5145);
#5147=PRESENTATION_STYLE_ASSIGNMENT((#5146));
#5148=STYLED_ITEM('',(#5147),#5141);
#5149=CARTESIAN_POINT('',(1.575E-1,4.25E-2,0.E0));
#5150=DIRECTION('',(0.E0,0.E0,1.E0));
#5151=DIRECTION('',(1.E0,0.E0,0.E0));
#5152=AXIS2_PLACEMENT_3D('',#5149,#5150,#5151);
#5153=PLANE('3694',#5152);
#5154=ORIENTED_EDGE('4372',*,*,#4368,.F.);
#5156=ORIENTED_EDGE('4541',*,*,#5155,.T.);
#5158=ORIENTED_EDGE('4340',*,*,#5157,.T.);
#5159=ORIENTED_EDGE('4424',*,*,#5131,.F.);
#5160=EDGE_LOOP('3694',(#5154,#5156,#5158,#5159));
#5161=FACE_OUTER_BOUND('3694',#5160,.F.);
#5163=FILL_AREA_STYLE_COLOUR('',#183);
#5164=FILL_AREA_STYLE('',(#5163));
#5165=SURFACE_STYLE_FILL_AREA(#5164);
#5166=SURFACE_SIDE_STYLE('',(#5165));
#5167=SURFACE_STYLE_USAGE(.BOTH.,#5166);
#5168=PRESENTATION_STYLE_ASSIGNMENT((#5167));
#5169=STYLED_ITEM('',(#5168),#5162);
#5170=CARTESIAN_POINT('',(1.5E-1,4.25E-2,2.95E-2));
#5171=DIRECTION('',(1.E0,0.E0,0.E0));
#5172=DIRECTION('',(0.E0,-1.E0,0.E0));
#5173=AXIS2_PLACEMENT_3D('',#5170,#5171,#5172);
#5174=PLANE('3700',#5173);
#5176=ORIENTED_EDGE('4341',*,*,#5175,.F.);
#5177=ORIENTED_EDGE('4541',*,*,#5155,.F.);
#5178=ORIENTED_EDGE('4373',*,*,#4366,.F.);
#5180=ORIENTED_EDGE('4406',*,*,#5179,.F.);
#5182=ORIENTED_EDGE('4442',*,*,#5181,.T.);
#5184=ORIENTED_EDGE('4437',*,*,#5183,.F.);
#5186=ORIENTED_EDGE('4431',*,*,#5185,.T.);
#5187=EDGE_LOOP('3700',(#5176,#5177,#5178,#5180,#5182,#5184,#5186));
#5188=FACE_OUTER_BOUND('3700',#5187,.F.);
#5190=FILL_AREA_STYLE_COLOUR('',#183);
#5191=FILL_AREA_STYLE('',(#5190));
#5192=SURFACE_STYLE_FILL_AREA(#5191);
#5193=SURFACE_SIDE_STYLE('',(#5192));
#5194=SURFACE_STYLE_USAGE(.BOTH.,#5193);
#5195=PRESENTATION_STYLE_ASSIGNMENT((#5194));
#5196=STYLED_ITEM('',(#5195),#5189);
#5197=CARTESIAN_POINT('',(0.E0,1.78E-1,-5.212675555769E-4));
#5198=DIRECTION('',(0.E0,1.E0,0.E0));
#5199=DIRECTION('',(-1.E0,0.E0,0.E0));
#5200=AXIS2_PLACEMENT_3D('',#5197,#5198,#5199);
#5201=PLANE('3570',#5200);
#5203=ORIENTED_EDGE('4335',*,*,#5202,.F.);
#5205=ORIENTED_EDGE('4336',*,*,#5204,.F.);
#5207=ORIENTED_EDGE('4222',*,*,#5206,.T.);
#5209=ORIENTED_EDGE('4337',*,*,#5208,.F.);
#5211=ORIENTED_EDGE('4218',*,*,#5210,.T.);
#5213=ORIENTED_EDGE('4338',*,*,#5212,.F.);
#5215=ORIENTED_EDGE('4214',*,*,#5214,.T.);
#5216=ORIENTED_EDGE('4339',*,*,#5133,.F.);
#5217=ORIENTED_EDGE('4340',*,*,#5157,.F.);
#5218=ORIENTED_EDGE('4341',*,*,#5175,.T.);
#5220=ORIENTED_EDGE('4342',*,*,#5219,.T.);
#5222=ORIENTED_EDGE('4343',*,*,#5221,.T.);
#5223=EDGE_LOOP('3570',(#5203,#5205,#5207,#5209,#5211,#5213,#5215,#5216,#5217,
#5218,#5220,#5222));
#5224=FACE_OUTER_BOUND('3570',#5223,.F.);
#5226=FILL_AREA_STYLE_COLOUR('',#183);
#5227=FILL_AREA_STYLE('',(#5226));
#5228=SURFACE_STYLE_FILL_AREA(#5227);
#5229=SURFACE_SIDE_STYLE('',(#5228));
#5230=SURFACE_STYLE_USAGE(.BOTH.,#5229);
#5231=PRESENTATION_STYLE_ASSIGNMENT((#5230));
#5232=STYLED_ITEM('',(#5231),#5225);
#5233=CARTESIAN_POINT('',(-1.575E-1,4.25E-2,0.E0));
#5234=DIRECTION('',(0.E0,0.E0,1.E0));
#5235=DIRECTION('',(1.E0,0.E0,0.E0));
#5236=AXIS2_PLACEMENT_3D('',#5233,#5234,#5235);
#5237=PLANE('3693',#5236);
#5238=ORIENTED_EDGE('4376',*,*,#4360,.F.);
#5240=ORIENTED_EDGE('4491',*,*,#5239,.F.);
#5241=ORIENTED_EDGE('4335',*,*,#5202,.T.);
#5243=ORIENTED_EDGE('4540',*,*,#5242,.T.);
#5244=EDGE_LOOP('3693',(#5238,#5240,#5241,#5243));
#5245=FACE_OUTER_BOUND('3693',#5244,.F.);
#5247=FILL_AREA_STYLE_COLOUR('',#183);
#5248=FILL_AREA_STYLE('',(#5247));
#5249=SURFACE_STYLE_FILL_AREA(#5248);
#5250=SURFACE_SIDE_STYLE('',(#5249));
#5251=SURFACE_STYLE_USAGE(.BOTH.,#5250);
#5252=PRESENTATION_STYLE_ASSIGNMENT((#5251));
#5253=STYLED_ITEM('',(#5252),#5246);
#5254=CARTESIAN_POINT('',(-1.5E-1,1.8512E-1,0.E0));
#5255=DIRECTION('',(0.E0,-1.E0,0.E0));
#5256=DIRECTION('',(-1.E0,0.E0,0.E0));
#5257=AXIS2_PLACEMENT_3D('',#5254,#5255,#5256);
#5258=CYLINDRICAL_SURFACE('3659',#5257,1.5E-2);
#5259=ORIENTED_EDGE('4491',*,*,#5239,.T.);
#5261=ORIENTED_EDGE('4231',*,*,#5260,.T.);
#5262=ORIENTED_EDGE('4285',*,*,#4729,.T.);
#5264=ORIENTED_EDGE('4221',*,*,#5263,.T.);
#5265=ORIENTED_EDGE('4336',*,*,#5204,.T.);
#5266=EDGE_LOOP('3659',(#5259,#5261,#5262,#5264,#5265));
#5267=FACE_OUTER_BOUND('3659',#5266,.F.);
#5269=FILL_AREA_STYLE_COLOUR('',#183);
#5270=FILL_AREA_STYLE('',(#5269));
#5271=SURFACE_STYLE_FILL_AREA(#5270);
#5272=SURFACE_SIDE_STYLE('',(#5271));
#5273=SURFACE_STYLE_USAGE(.BOTH.,#5272);
#5274=PRESENTATION_STYLE_ASSIGNMENT((#5273));
#5275=STYLED_ITEM('',(#5274),#5268);
#5276=CARTESIAN_POINT('',(-2.E-1,0.E0,0.E0));
#5277=DIRECTION('',(0.E0,0.E0,1.E0));
#5278=DIRECTION('',(1.E0,0.E0,0.E0));
#5279=AXIS2_PLACEMENT_3D('',#5276,#5277,#5278);
#5280=PLANE('3557',#5279);
#5282=ORIENTED_EDGE('4229',*,*,#5281,.T.);
#5284=ORIENTED_EDGE('4234',*,*,#5283,.F.);
#5286=ORIENTED_EDGE('4233',*,*,#5285,.F.);
#5287=ORIENTED_EDGE('4232',*,*,#4731,.F.);
#5288=ORIENTED_EDGE('4231',*,*,#5260,.F.);
#5289=ORIENTED_EDGE('4230',*,*,#4358,.F.);
#5290=EDGE_LOOP('3557',(#5282,#5284,#5286,#5287,#5288,#5289));
#5291=FACE_OUTER_BOUND('3557',#5290,.F.);
#5293=FILL_AREA_STYLE_COLOUR('',#183);
#5294=FILL_AREA_STYLE('',(#5293));
#5295=SURFACE_STYLE_FILL_AREA(#5294);
#5296=SURFACE_SIDE_STYLE('',(#5295));
#5297=SURFACE_STYLE_USAGE(.BOTH.,#5296);
#5298=PRESENTATION_STYLE_ASSIGNMENT((#5297));
#5299=STYLED_ITEM('',(#5298),#5292);
#5300=CARTESIAN_POINT('',(-1.8E-1,4.25E-2,2.95E-2));
#5301=DIRECTION('',(1.E0,0.E0,0.E0));
#5302=DIRECTION('',(0.E0,-1.E0,0.E0));
#5303=AXIS2_PLACEMENT_3D('',#5300,#5301,#5302);
#5304=PLANE('3695',#5303);
#5305=ORIENTED_EDGE('4229',*,*,#5281,.F.);
#5306=ORIENTED_EDGE('4377',*,*,#4356,.F.);
#5308=ORIENTED_EDGE('4404',*,*,#5307,.F.);
#5310=ORIENTED_EDGE('4440',*,*,#5309,.T.);
#5312=ORIENTED_EDGE('4434',*,*,#5311,.F.);
#5314=ORIENTED_EDGE('4427',*,*,#5313,.T.);
#5316=ORIENTED_EDGE('4347',*,*,#5315,.F.);
#5317=EDGE_LOOP('3695',(#5305,#5306,#5308,#5310,#5312,#5314,#5316));
#5318=FACE_OUTER_BOUND('3695',#5317,.F.);
#5320=FILL_AREA_STYLE_COLOUR('',#183);
#5321=FILL_AREA_STYLE('',(#5320));
#5322=SURFACE_STYLE_FILL_AREA(#5321);
#5323=SURFACE_SIDE_STYLE('',(#5322));
#5324=SURFACE_STYLE_USAGE(.BOTH.,#5323);
#5325=PRESENTATION_STYLE_ASSIGNMENT((#5324));
#5326=STYLED_ITEM('',(#5325),#5319);
#5327=CARTESIAN_POINT('',(-2.4E-1,-1.275E-2,5.E-2));
#5328=DIRECTION('',(0.E0,0.E0,1.E0));
#5329=DIRECTION('',(0.E0,1.E0,0.E0));
#5330=AXIS2_PLACEMENT_3D('',#5327,#5328,#5329);
#5331=PLANE('3578',#5330);
#5333=ORIENTED_EDGE('4403',*,*,#5332,.F.);
#5334=ORIENTED_EDGE('4404',*,*,#5307,.T.);
#5335=ORIENTED_EDGE('4378',*,*,#4354,.F.);
#5337=ORIENTED_EDGE('4364',*,*,#5336,.F.);
#5338=EDGE_LOOP('3578',(#5333,#5334,#5335,#5337));
#5339=FACE_OUTER_BOUND('3578',#5338,.F.);
#5341=FILL_AREA_STYLE_COLOUR('',#183);
#5342=FILL_AREA_STYLE('',(#5341));
#5343=SURFACE_STYLE_FILL_AREA(#5342);
#5344=SURFACE_SIDE_STYLE('',(#5343));
#5345=SURFACE_STYLE_USAGE(.BOTH.,#5344);
#5346=PRESENTATION_STYLE_ASSIGNMENT((#5345));
#5347=STYLED_ITEM('',(#5346),#5340);
#5348=CARTESIAN_POINT('',(-2.4E-1,7.5125E-2,5.45E-2));
#5349=DIRECTION('',(0.E0,-5.082535845414E-1,8.612074626945E-1));
#5350=DIRECTION('',(0.E0,-8.612074626945E-1,-5.082535845414E-1));
#5351=AXIS2_PLACEMENT_3D('',#5348,#5349,#5350);
#5352=PLANE('3607',#5351);
#5353=ORIENTED_EDGE('4403',*,*,#5332,.T.);
#5355=ORIENTED_EDGE('4363',*,*,#5354,.T.);
#5357=ORIENTED_EDGE('4435',*,*,#5356,.T.);
#5358=ORIENTED_EDGE('4440',*,*,#5309,.F.);
#5359=EDGE_LOOP('3607',(#5353,#5355,#5357,#5358));
#5360=FACE_OUTER_BOUND('3607',#5359,.F.);
#5362=FILL_AREA_STYLE_COLOUR('',#183);
#5363=FILL_AREA_STYLE('',(#5362));
#5364=SURFACE_STYLE_FILL_AREA(#5363);
#5365=SURFACE_SIDE_STYLE('',(#5364));
#5366=SURFACE_STYLE_USAGE(.BOTH.,#5365);
#5367=PRESENTATION_STYLE_ASSIGNMENT((#5366));
#5368=STYLED_ITEM('',(#5367),#5361);
#5369=CARTESIAN_POINT('',(-3.E-1,0.E0,6.075E-2));
#5370=DIRECTION('',(1.E0,0.E0,0.E0));
#5371=DIRECTION('',(0.E0,-1.E0,0.E0));
#5372=AXIS2_PLACEMENT_3D('',#5369,#5370,#5371);
#5373=PLANE('3575',#5372);
#5375=ORIENTED_EDGE('4360',*,*,#5374,.T.);
#5376=ORIENTED_EDGE('4287',*,*,#4737,.T.);
#5378=ORIENTED_EDGE('4227',*,*,#5377,.T.);
#5380=ORIENTED_EDGE('4349',*,*,#5379,.T.);
#5382=ORIENTED_EDGE('4361',*,*,#5381,.F.);
#5384=ORIENTED_EDGE('4362',*,*,#5383,.F.);
#5385=ORIENTED_EDGE('4363',*,*,#5354,.F.);
#5386=ORIENTED_EDGE('4364',*,*,#5336,.T.);
#5387=ORIENTED_EDGE('4365',*,*,#4352,.T.);
#5388=EDGE_LOOP('3575',(#5375,#5376,#5378,#5380,#5382,#5384,#5385,#5386,#5387));
#5389=FACE_OUTER_BOUND('3575',#5388,.F.);
#5391=FILL_AREA_STYLE_COLOUR('',#183);
#5392=FILL_AREA_STYLE('',(#5391));
#5393=SURFACE_STYLE_FILL_AREA(#5392);
#5394=SURFACE_SIDE_STYLE('',(#5393));
#5395=SURFACE_STYLE_USAGE(.BOTH.,#5394);
#5396=PRESENTATION_STYLE_ASSIGNMENT((#5395));
#5397=STYLED_ITEM('',(#5396),#5390);
#5398=CARTESIAN_POINT('',(-2.925E-1,-1.355E-1,1.215E-1));
#5399=DIRECTION('',(0.E0,0.E0,1.E0));
#5400=DIRECTION('',(-1.E0,0.E0,0.E0));
#5401=AXIS2_PLACEMENT_3D('',#5398,#5399,#5400);
#5402=PLANE('3690',#5401);
#5403=ORIENTED_EDGE('4288',*,*,#4739,.F.);
#5404=ORIENTED_EDGE('4360',*,*,#5374,.F.);
#5405=ORIENTED_EDGE('4379',*,*,#4350,.F.);
#5407=ORIENTED_EDGE('4539',*,*,#5406,.F.);
#5408=EDGE_LOOP('3690',(#5403,#5404,#5405,#5407));
#5409=FACE_OUTER_BOUND('3690',#5408,.F.);
#5411=FILL_AREA_STYLE_COLOUR('',#183);
#5412=FILL_AREA_STYLE('',(#5411));
#5413=SURFACE_STYLE_FILL_AREA(#5412);
#5414=SURFACE_SIDE_STYLE('',(#5413));
#5415=SURFACE_STYLE_USAGE(.BOTH.,#5414);
#5416=PRESENTATION_STYLE_ASSIGNMENT((#5415));
#5417=STYLED_ITEM('',(#5416),#5410);
#5418=CARTESIAN_POINT('',(-2.85E-1,-1.355E-1,1.515E-1));
#5419=DIRECTION('',(1.E0,0.E0,0.E0));
#5420=DIRECTION('',(0.E0,0.E0,-1.E0));
#5421=AXIS2_PLACEMENT_3D('',#5418,#5419,#5420);
#5422=PLANE('3689',#5421);
#5423=ORIENTED_EDGE('4289',*,*,#4741,.F.);
#5424=ORIENTED_EDGE('4539',*,*,#5406,.T.);
#5425=ORIENTED_EDGE('4380',*,*,#4348,.F.);
#5427=ORIENTED_EDGE('4538',*,*,#5426,.F.);
#5428=EDGE_LOOP('3689',(#5423,#5424,#5425,#5427));
#5429=FACE_OUTER_BOUND('3689',#5428,.F.);
#5431=FILL_AREA_STYLE_COLOUR('',#183);
#5432=FILL_AREA_STYLE('',(#5431));
#5433=SURFACE_STYLE_FILL_AREA(#5432);
#5434=SURFACE_SIDE_STYLE('',(#5433));
#5435=SURFACE_STYLE_USAGE(.BOTH.,#5434);
#5436=PRESENTATION_STYLE_ASSIGNMENT((#5435));
#5437=STYLED_ITEM('',(#5436),#5430);
#5438=CARTESIAN_POINT('',(-2.925E-1,-1.355E-1,1.815E-1));
#5439=DIRECTION('',(0.E0,0.E0,1.E0));
#5440=DIRECTION('',(1.E0,0.E0,0.E0));
#5441=AXIS2_PLACEMENT_3D('',#5438,#5439,#5440);
#5442=PLANE('3688',#5441);
#5443=ORIENTED_EDGE('4290',*,*,#4743,.F.);
#5444=ORIENTED_EDGE('4538',*,*,#5426,.T.);
#5445=ORIENTED_EDGE('4381',*,*,#4346,.F.);
#5447=ORIENTED_EDGE('4354',*,*,#5446,.F.);
#5448=EDGE_LOOP('3688',(#5443,#5444,#5445,#5447));
#5449=FACE_OUTER_BOUND('3688',#5448,.F.);
#5451=FILL_AREA_STYLE_COLOUR('',#183);
#5452=FILL_AREA_STYLE('',(#5451));
#5453=SURFACE_STYLE_FILL_AREA(#5452);
#5454=SURFACE_SIDE_STYLE('',(#5453));
#5455=SURFACE_STYLE_USAGE(.BOTH.,#5454);
#5456=PRESENTATION_STYLE_ASSIGNMENT((#5455));
#5457=STYLED_ITEM('',(#5456),#5450);
#5458=CARTESIAN_POINT('',(-3.E-1,0.E0,2.4225E-1));
#5459=DIRECTION('',(1.E0,0.E0,0.E0));
#5460=DIRECTION('',(0.E0,-1.E0,0.E0));
#5461=AXIS2_PLACEMENT_3D('',#5458,#5459,#5460);
#5462=PLANE('3574',#5461);
#5463=ORIENTED_EDGE('4354',*,*,#5446,.T.);
#5464=ORIENTED_EDGE('4355',*,*,#4344,.T.);
#5466=ORIENTED_EDGE('4356',*,*,#5465,.F.);
#5468=ORIENTED_EDGE('4357',*,*,#5467,.F.);
#5470=ORIENTED_EDGE('4358',*,*,#5469,.F.);
#5472=ORIENTED_EDGE('4359',*,*,#5471,.F.);
#5474=ORIENTED_EDGE('4345',*,*,#5473,.T.);
#5476=ORIENTED_EDGE('4270',*,*,#5475,.T.);
#5477=ORIENTED_EDGE('4291',*,*,#4745,.T.);
#5478=EDGE_LOOP('3574',(#5463,#5464,#5466,#5468,#5470,#5472,#5474,#5476,#5477));
#5479=FACE_OUTER_BOUND('3574',#5478,.F.);
#5481=FILL_AREA_STYLE_COLOUR('',#183);
#5482=FILL_AREA_STYLE('',(#5481));
#5483=SURFACE_STYLE_FILL_AREA(#5482);
#5484=SURFACE_SIDE_STYLE('',(#5483));
#5485=SURFACE_STYLE_USAGE(.BOTH.,#5484);
#5486=PRESENTATION_STYLE_ASSIGNMENT((#5485));
#5487=STYLED_ITEM('',(#5486),#5480);
#5488=CARTESIAN_POINT('',(-2.4E-1,-1.275E-2,2.53E-1));
#5489=DIRECTION('',(0.E0,0.E0,1.E0));
#5490=DIRECTION('',(0.E0,1.E0,0.E0));
#5491=AXIS2_PLACEMENT_3D('',#5488,#5489,#5490);
#5492=PLANE('3671',#5491);
#5494=ORIENTED_EDGE('4505',*,*,#5493,.T.);
#5496=ORIENTED_EDGE('4506',*,*,#5495,.F.);
#5497=ORIENTED_EDGE('4356',*,*,#5465,.T.);
#5498=ORIENTED_EDGE('4382',*,*,#4342,.T.);
#5499=EDGE_LOOP('3671',(#5494,#5496,#5497,#5498));
#5500=FACE_OUTER_BOUND('3671',#5499,.F.);
#5502=FILL_AREA_STYLE_COLOUR('',#183);
#5503=FILL_AREA_STYLE('',(#5502));
#5504=SURFACE_STYLE_FILL_AREA(#5503);
#5505=SURFACE_SIDE_STYLE('',(#5504));
#5506=SURFACE_STYLE_USAGE(.BOTH.,#5505);
#5507=PRESENTATION_STYLE_ASSIGNMENT((#5506));
#5508=STYLED_ITEM('',(#5507),#5501);
#5509=CARTESIAN_POINT('',(-1.8E-1,4.25E-2,2.735E-1));
#5510=DIRECTION('',(1.E0,0.E0,0.E0));
#5511=DIRECTION('',(0.E0,-1.E0,0.E0));
#5512=AXIS2_PLACEMENT_3D('',#5509,#5510,#5511);
#5513=PLANE('3696',#5512);
#5515=ORIENTED_EDGE('4262',*,*,#5514,.F.);
#5517=ORIENTED_EDGE('4344',*,*,#5516,.F.);
#5519=ORIENTED_EDGE('4533',*,*,#5518,.T.);
#5521=ORIENTED_EDGE('4525',*,*,#5520,.F.);
#5523=ORIENTED_EDGE('4515',*,*,#5522,.T.);
#5524=ORIENTED_EDGE('4505',*,*,#5493,.F.);
#5525=ORIENTED_EDGE('4383',*,*,#4340,.F.);
#5526=EDGE_LOOP('3696',(#5515,#5517,#5519,#5521,#5523,#5524,#5525));
#5527=FACE_OUTER_BOUND('3696',#5526,.F.);
#5529=FILL_AREA_STYLE_COLOUR('',#183);
#5530=FILL_AREA_STYLE('',(#5529));
#5531=SURFACE_STYLE_FILL_AREA(#5530);
#5532=SURFACE_SIDE_STYLE('',(#5531));
#5533=SURFACE_STYLE_USAGE(.BOTH.,#5532);
#5534=PRESENTATION_STYLE_ASSIGNMENT((#5533));
#5535=STYLED_ITEM('',(#5534),#5528);
#5536=CARTESIAN_POINT('',(-2.325E-1,0.E0,3.03E-1));
#5537=DIRECTION('',(0.E0,0.E0,1.E0));
#5538=DIRECTION('',(1.E0,0.E0,0.E0));
#5539=AXIS2_PLACEMENT_3D('',#5536,#5537,#5538);
#5540=PLANE('3562',#5539);
#5541=ORIENTED_EDGE('4262',*,*,#5514,.T.);
#5542=ORIENTED_EDGE('4263',*,*,#4338,.T.);
#5544=ORIENTED_EDGE('4264',*,*,#5543,.T.);
#5545=ORIENTED_EDGE('4265',*,*,#4755,.F.);
#5547=ORIENTED_EDGE('4266',*,*,#5546,.T.);
#5549=ORIENTED_EDGE('4267',*,*,#5548,.F.);
#5551=ORIENTED_EDGE('4268',*,*,#5550,.T.);
#5552=ORIENTED_EDGE('4269',*,*,#4747,.F.);
#5553=ORIENTED_EDGE('4270',*,*,#5475,.F.);
#5555=ORIENTED_EDGE('4271',*,*,#5554,.F.);
#5556=EDGE_LOOP('3562',(#5541,#5542,#5544,#5545,#5547,#5549,#5551,#5552,#5553,
#5555));
#5557=FACE_OUTER_BOUND('3562',#5556,.F.);
#5559=FILL_AREA_STYLE_COLOUR('',#183);
#5560=FILL_AREA_STYLE('',(#5559));
#5561=SURFACE_STYLE_FILL_AREA(#5560);
#5562=SURFACE_SIDE_STYLE('',(#5561));
#5563=SURFACE_STYLE_USAGE(.BOTH.,#5562);
#5564=PRESENTATION_STYLE_ASSIGNMENT((#5563));
#5565=STYLED_ITEM('',(#5564),#5558);
#5566=CARTESIAN_POINT('',(-1.622295781319E-1,-1.355E-1,2.949220641175E-1));
#5567=DIRECTION('',(9.459156263842E-1,0.E0,3.244127429098E-1));
#5568=DIRECTION('',(3.244127429098E-1,0.E0,-9.459156263842E-1));
#5569=AXIS2_PLACEMENT_3D('',#5566,#5567,#5568);
#5570=PLANE('3585',#5569);
#5571=ORIENTED_EDGE('4384',*,*,#4336,.F.);
#5573=ORIENTED_EDGE('4416',*,*,#5572,.T.);
#5574=ORIENTED_EDGE('4295',*,*,#4757,.T.);
#5575=ORIENTED_EDGE('4264',*,*,#5543,.F.);
#5576=EDGE_LOOP('3585',(#5571,#5573,#5574,#5575));
#5577=FACE_OUTER_BOUND('3585',#5576,.F.);
#5579=FILL_AREA_STYLE_COLOUR('',#183);
#5580=FILL_AREA_STYLE('',(#5579));
#5581=SURFACE_STYLE_FILL_AREA(#5580);
#5582=SURFACE_SIDE_STYLE('',(#5581));
#5583=SURFACE_STYLE_USAGE(.BOTH.,#5582);
#5584=PRESENTATION_STYLE_ASSIGNMENT((#5583));
#5585=STYLED_ITEM('',(#5584),#5578);
#5586=CARTESIAN_POINT('',(-1.5E-1,-9.13E-2,2.900882556641E-1));
#5587=DIRECTION('',(0.E0,-1.E0,0.E0));
#5588=DIRECTION('',(1.E0,0.E0,0.E0));
#5589=AXIS2_PLACEMENT_3D('',#5586,#5587,#5588);
#5590=CYLINDRICAL_SURFACE('3586',#5589,1.E-2);
#5591=ORIENTED_EDGE('4385',*,*,#4334,.F.);
#5593=ORIENTED_EDGE('4415',*,*,#5592,.T.);
#5595=ORIENTED_EDGE('4417',*,*,#5594,.F.);
#5596=ORIENTED_EDGE('4296',*,*,#4759,.T.);
#5597=ORIENTED_EDGE('4416',*,*,#5572,.F.);
#5598=EDGE_LOOP('3586',(#5591,#5593,#5595,#5596,#5597));
#5599=FACE_OUTER_BOUND('3586',#5598,.F.);
#5601=FILL_AREA_STYLE_COLOUR('',#183);
#5602=FILL_AREA_STYLE('',(#5601));
#5603=SURFACE_STYLE_FILL_AREA(#5602);
#5604=SURFACE_SIDE_STYLE('',(#5603));
#5605=SURFACE_STYLE_USAGE(.BOTH.,#5604);
#5606=PRESENTATION_STYLE_ASSIGNMENT((#5605));
#5607=STYLED_ITEM('',(#5606),#5600);
#5608=CARTESIAN_POINT('',(-1.425E-1,-9.3E-2,2.915441278320E-1));
#5609=DIRECTION('',(0.E0,1.E0,0.E0));
#5610=DIRECTION('',(1.E0,0.E0,0.E0));
#5611=AXIS2_PLACEMENT_3D('',#5608,#5609,#5610);
#5612=PLANE('3584',#5611);
#5614=ORIENTED_EDGE('4413',*,*,#5613,.F.);
#5616=ORIENTED_EDGE('4260',*,*,#5615,.T.);
#5618=ORIENTED_EDGE('4414',*,*,#5617,.F.);
#5619=ORIENTED_EDGE('4415',*,*,#5592,.F.);
#5620=EDGE_LOOP('3584',(#5614,#5616,#5618,#5619));
#5621=FACE_OUTER_BOUND('3584',#5620,.F.);
#5623=FILL_AREA_STYLE_COLOUR('',#183);
#5624=FILL_AREA_STYLE('',(#5623));
#5625=SURFACE_STYLE_FILL_AREA(#5624);
#5626=SURFACE_SIDE_STYLE('',(#5625));
#5627=SURFACE_STYLE_USAGE(.BOTH.,#5626);
#5628=PRESENTATION_STYLE_ASSIGNMENT((#5627));
#5629=STYLED_ITEM('',(#5628),#5622);
#5630=CARTESIAN_POINT('',(-1.5E-1,4.25E-2,2.735E-1));
#5631=DIRECTION('',(1.E0,0.E0,0.E0));
#5632=DIRECTION('',(0.E0,1.E0,0.E0));
#5633=AXIS2_PLACEMENT_3D('',#5630,#5631,#5632);
#5634=PLANE('3697',#5633);
#5635=ORIENTED_EDGE('4386',*,*,#4332,.T.);
#5637=ORIENTED_EDGE('4503',*,*,#5636,.F.);
#5639=ORIENTED_EDGE('4513',*,*,#5638,.T.);
#5641=ORIENTED_EDGE('4523',*,*,#5640,.F.);
#5643=ORIENTED_EDGE('4531',*,*,#5642,.T.);
#5645=ORIENTED_EDGE('4332',*,*,#5644,.F.);
#5647=ORIENTED_EDGE('4261',*,*,#5646,.F.);
#5648=ORIENTED_EDGE('4413',*,*,#5613,.T.);
#5649=EDGE_LOOP('3697',(#5635,#5637,#5639,#5641,#5643,#5645,#5647,#5648));
#5650=FACE_OUTER_BOUND('3697',#5649,.F.);
#5652=FILL_AREA_STYLE_COLOUR('',#183);
#5653=FILL_AREA_STYLE('',(#5652));
#5654=SURFACE_STYLE_FILL_AREA(#5653);
#5655=SURFACE_SIDE_STYLE('',(#5654));
#5656=SURFACE_STYLE_USAGE(.BOTH.,#5655);
#5657=PRESENTATION_STYLE_ASSIGNMENT((#5656));
#5658=STYLED_ITEM('',(#5657),#5651);
#5659=CARTESIAN_POINT('',(-1.075E-1,-1.275E-2,2.53E-1));
#5660=DIRECTION('',(0.E0,0.E0,1.E0));
#5661=DIRECTION('',(0.E0,1.E0,0.E0));
#5662=AXIS2_PLACEMENT_3D('',#5659,#5660,#5661);
#5663=PLANE('3670',#5662);
#5665=ORIENTED_EDGE('4502',*,*,#5664,.F.);
#5666=ORIENTED_EDGE('4503',*,*,#5636,.T.);
#5667=ORIENTED_EDGE('4387',*,*,#4330,.T.);
#5669=ORIENTED_EDGE('4504',*,*,#5668,.T.);
#5670=EDGE_LOOP('3670',(#5665,#5666,#5667,#5669));
#5671=FACE_OUTER_BOUND('3670',#5670,.F.);
#5673=FILL_AREA_STYLE_COLOUR('',#183);
#5674=FILL_AREA_STYLE('',(#5673));
#5675=SURFACE_STYLE_FILL_AREA(#5674);
#5676=SURFACE_SIDE_STYLE('',(#5675));
#5677=SURFACE_STYLE_USAGE(.BOTH.,#5676);
#5678=PRESENTATION_STYLE_ASSIGNMENT((#5677));
#5679=STYLED_ITEM('',(#5678),#5672);
#5680=CARTESIAN_POINT('',(-1.075E-1,7.5125E-2,2.485E-1));
#5681=DIRECTION('',(0.E0,5.082535845438E-1,8.612074626931E-1));
#5682=DIRECTION('',(0.E0,8.612074626931E-1,-5.082535845438E-1));
#5683=AXIS2_PLACEMENT_3D('',#5680,#5681,#5682);
#5684=PLANE('3674',#5683);
#5686=ORIENTED_EDGE('4512',*,*,#5685,.F.);
#5687=ORIENTED_EDGE('4513',*,*,#5638,.F.);
#5688=ORIENTED_EDGE('4502',*,*,#5664,.T.);
#5690=ORIENTED_EDGE('4514',*,*,#5689,.F.);
#5691=EDGE_LOOP('3674',(#5686,#5687,#5688,#5690));
#5692=FACE_OUTER_BOUND('3674',#5691,.F.);
#5694=FILL_AREA_STYLE_COLOUR('',#183);
#5695=FILL_AREA_STYLE('',(#5694));
#5696=SURFACE_STYLE_FILL_AREA(#5695);
#5697=SURFACE_SIDE_STYLE('',(#5696));
#5698=SURFACE_STYLE_USAGE(.BOTH.,#5697);
#5699=PRESENTATION_STYLE_ASSIGNMENT((#5698));
#5700=STYLED_ITEM('',(#5699),#5693);
#5701=CARTESIAN_POINT('',(-1.075E-1,9.225000000001E-2,2.44E-1));
#5702=DIRECTION('',(0.E0,0.E0,1.E0));
#5703=DIRECTION('',(0.E0,1.E0,0.E0));
#5704=AXIS2_PLACEMENT_3D('',#5701,#5702,#5703);
#5705=PLANE('3678',#5704);
#5707=ORIENTED_EDGE('4522',*,*,#5706,.F.);
#5708=ORIENTED_EDGE('4523',*,*,#5640,.T.);
#5709=ORIENTED_EDGE('4512',*,*,#5685,.T.);
#5711=ORIENTED_EDGE('4524',*,*,#5710,.T.);
#5712=EDGE_LOOP('3678',(#5707,#5708,#5709,#5711));
#5713=FACE_OUTER_BOUND('3678',#5712,.F.);
#5715=FILL_AREA_STYLE_COLOUR('',#183);
#5716=FILL_AREA_STYLE('',(#5715));
#5717=SURFACE_STYLE_FILL_AREA(#5716);
#5718=SURFACE_SIDE_STYLE('',(#5717));
#5719=SURFACE_STYLE_USAGE(.BOTH.,#5718);
#5720=PRESENTATION_STYLE_ASSIGNMENT((#5719));
#5721=STYLED_ITEM('',(#5720),#5714);
#5722=CARTESIAN_POINT('',(-1.075E-1,1.39875E-1,2.665E-1));
#5723=DIRECTION('',(0.E0,-5.082535845411E-1,8.612074626947E-1));
#5724=DIRECTION('',(0.E0,8.612074626947E-1,5.082535845411E-1));
#5725=AXIS2_PLACEMENT_3D('',#5722,#5723,#5724);
#5726=PLANE('3682',#5725);
#5728=ORIENTED_EDGE('4333',*,*,#5727,.T.);
#5729=ORIENTED_EDGE('4531',*,*,#5642,.F.);
#5730=ORIENTED_EDGE('4522',*,*,#5706,.T.);
#5732=ORIENTED_EDGE('4532',*,*,#5731,.F.);
#5733=EDGE_LOOP('3682',(#5728,#5729,#5730,#5732));
#5734=FACE_OUTER_BOUND('3682',#5733,.F.);
#5736=FILL_AREA_STYLE_COLOUR('',#183);
#5737=FILL_AREA_STYLE('',(#5736));
#5738=SURFACE_STYLE_FILL_AREA(#5737);
#5739=SURFACE_SIDE_STYLE('',(#5738));
#5740=SURFACE_STYLE_USAGE(.BOTH.,#5739);
#5741=PRESENTATION_STYLE_ASSIGNMENT((#5740));
#5742=STYLED_ITEM('',(#5741),#5735);
#5743=CARTESIAN_POINT('',(-1.075E-1,1.78E-1,2.96E-1));
#5744=DIRECTION('',(0.E0,1.E0,0.E0));
#5745=DIRECTION('',(-1.E0,0.E0,0.E0));
#5746=AXIS2_PLACEMENT_3D('',#5743,#5744,#5745);
#5747=PLANE('3569',#5746);
#5749=ORIENTED_EDGE('4255',*,*,#5748,.T.);
#5750=ORIENTED_EDGE('4332',*,*,#5644,.T.);
#5751=ORIENTED_EDGE('4333',*,*,#5727,.F.);
#5753=ORIENTED_EDGE('4334',*,*,#5752,.T.);
#5754=EDGE_LOOP('3569',(#5749,#5750,#5751,#5753));
#5755=FACE_OUTER_BOUND('3569',#5754,.F.);
#5757=FILL_AREA_STYLE_COLOUR('',#183);
#5758=FILL_AREA_STYLE('',(#5757));
#5759=SURFACE_STYLE_FILL_AREA(#5758);
#5760=SURFACE_SIDE_STYLE('',(#5759));
#5761=SURFACE_STYLE_USAGE(.BOTH.,#5760);
#5762=PRESENTATION_STYLE_ASSIGNMENT((#5761));
#5763=STYLED_ITEM('',(#5762),#5756);
#5764=CARTESIAN_POINT('',(-1.075E-1,0.E0,3.03E-1));
#5765=DIRECTION('',(0.E0,0.E0,1.E0));
#5766=DIRECTION('',(1.E0,0.E0,0.E0));
#5767=AXIS2_PLACEMENT_3D('',#5764,#5765,#5766);
#5768=PLANE('3561',#5767);
#5769=ORIENTED_EDGE('4255',*,*,#5748,.F.);
#5771=ORIENTED_EDGE('4256',*,*,#5770,.T.);
#5773=ORIENTED_EDGE('4257',*,*,#5772,.F.);
#5774=ORIENTED_EDGE('4258',*,*,#4763,.F.);
#5776=ORIENTED_EDGE('4259',*,*,#5775,.T.);
#5777=ORIENTED_EDGE('4260',*,*,#5615,.F.);
#5778=ORIENTED_EDGE('4261',*,*,#5646,.T.);
#5779=EDGE_LOOP('3561',(#5769,#5771,#5773,#5774,#5776,#5777,#5778));
#5780=FACE_OUTER_BOUND('3561',#5779,.F.);
#5782=FILL_AREA_STYLE_COLOUR('',#183);
#5783=FILL_AREA_STYLE('',(#5782));
#5784=SURFACE_STYLE_FILL_AREA(#5783);
#5785=SURFACE_SIDE_STYLE('',(#5784));
#5786=SURFACE_STYLE_USAGE(.BOTH.,#5785);
#5787=PRESENTATION_STYLE_ASSIGNMENT((#5786));
#5788=STYLED_ITEM('',(#5787),#5781);
#5789=CARTESIAN_POINT('',(-6.5E-2,4.25E-2,2.735E-1));
#5790=DIRECTION('',(1.E0,0.E0,0.E0));
#5791=DIRECTION('',(0.E0,-1.E0,0.E0));
#5792=AXIS2_PLACEMENT_3D('',#5789,#5790,#5791);
#5793=PLANE('3691',#5792);
#5794=ORIENTED_EDGE('4256',*,*,#5770,.F.);
#5795=ORIENTED_EDGE('4334',*,*,#5752,.F.);
#5796=ORIENTED_EDGE('4532',*,*,#5731,.T.);
#5797=ORIENTED_EDGE('4524',*,*,#5710,.F.);
#5798=ORIENTED_EDGE('4514',*,*,#5689,.T.);
#5799=ORIENTED_EDGE('4504',*,*,#5668,.F.);
#5800=ORIENTED_EDGE('4388',*,*,#4328,.F.);
#5801=EDGE_LOOP('3691',(#5794,#5795,#5796,#5797,#5798,#5799,#5800));
#5802=FACE_OUTER_BOUND('3691',#5801,.F.);
#5804=FILL_AREA_STYLE_COLOUR('',#183);
#5805=FILL_AREA_STYLE('',(#5804));
#5806=SURFACE_STYLE_FILL_AREA(#5805);
#5807=SURFACE_SIDE_STYLE('',(#5806));
#5808=SURFACE_STYLE_USAGE(.BOTH.,#5807);
#5809=PRESENTATION_STYLE_ASSIGNMENT((#5808));
#5810=STYLED_ITEM('',(#5809),#5803);
#5811=CARTESIAN_POINT('',(-6.222957813192E-2,-1.355E-1,2.949220641175E-1));
#5812=DIRECTION('',(9.459156263847E-1,0.E0,3.244127429083E-1));
#5813=DIRECTION('',(3.244127429083E-1,0.E0,-9.459156263847E-1));
#5814=AXIS2_PLACEMENT_3D('',#5811,#5812,#5813);
#5815=PLANE('3588',#5814);
#5816=ORIENTED_EDGE('4257',*,*,#5772,.T.);
#5817=ORIENTED_EDGE('4389',*,*,#4326,.F.);
#5819=ORIENTED_EDGE('4418',*,*,#5818,.T.);
#5820=ORIENTED_EDGE('4298',*,*,#4765,.T.);
#5821=EDGE_LOOP('3588',(#5816,#5817,#5819,#5820));
#5822=FACE_OUTER_BOUND('3588',#5821,.F.);
#5824=FILL_AREA_STYLE_COLOUR('',#183);
#5825=FILL_AREA_STYLE('',(#5824));
#5826=SURFACE_STYLE_FILL_AREA(#5825);
#5827=SURFACE_SIDE_STYLE('',(#5826));
#5828=SURFACE_STYLE_USAGE(.BOTH.,#5827);
#5829=PRESENTATION_STYLE_ASSIGNMENT((#5828));
#5830=STYLED_ITEM('',(#5829),#5823);
#5831=CARTESIAN_POINT('',(-5.E-2,-9.13E-2,2.900882556641E-1));
#5832=DIRECTION('',(0.E0,-1.E0,0.E0));
#5833=DIRECTION('',(1.E0,0.E0,0.E0));
#5834=AXIS2_PLACEMENT_3D('',#5831,#5832,#5833);
#5835=CYLINDRICAL_SURFACE('3589',#5834,1.E-2);
#5836=ORIENTED_EDGE('4418',*,*,#5818,.F.);
#5837=ORIENTED_EDGE('4390',*,*,#4324,.F.);
#5839=ORIENTED_EDGE('4419',*,*,#5838,.F.);
#5840=ORIENTED_EDGE('4299',*,*,#4767,.T.);
#5841=EDGE_LOOP('3589',(#5836,#5837,#5839,#5840));
#5842=FACE_OUTER_BOUND('3589',#5841,.F.);
#5844=FILL_AREA_STYLE_COLOUR('',#183);
#5845=FILL_AREA_STYLE('',(#5844));
#5846=SURFACE_STYLE_FILL_AREA(#5845);
#5847=SURFACE_SIDE_STYLE('',(#5846));
#5848=SURFACE_STYLE_USAGE(.BOTH.,#5847);
#5849=PRESENTATION_STYLE_ASSIGNMENT((#5848));
#5850=STYLED_ITEM('',(#5849),#5843);
#5851=CARTESIAN_POINT('',(-3.777042186807E-2,-1.355E-1,2.949220641175E-1));
#5852=DIRECTION('',(9.459156263847E-1,0.E0,-3.244127429083E-1));
#5853=DIRECTION('',(3.244127429083E-1,0.E0,9.459156263847E-1));
#5854=AXIS2_PLACEMENT_3D('',#5851,#5852,#5853);
#5855=PLANE('3590',#5854);
#5857=ORIENTED_EDGE('4244',*,*,#5856,.F.);
#5858=ORIENTED_EDGE('4300',*,*,#4769,.T.);
#5859=ORIENTED_EDGE('4419',*,*,#5838,.T.);
#5860=ORIENTED_EDGE('4391',*,*,#4322,.F.);
#5861=EDGE_LOOP('3590',(#5857,#5858,#5859,#5860));
#5862=FACE_OUTER_BOUND('3590',#5861,.F.);
#5864=FILL_AREA_STYLE_COLOUR('',#183);
#5865=FILL_AREA_STYLE('',(#5864));
#5866=SURFACE_STYLE_FILL_AREA(#5865);
#5867=SURFACE_SIDE_STYLE('',(#5866));
#5868=SURFACE_STYLE_USAGE(.BOTH.,#5867);
#5869=PRESENTATION_STYLE_ASSIGNMENT((#5868));
#5870=STYLED_ITEM('',(#5869),#5863);
#5871=CARTESIAN_POINT('',(0.E0,-1.355E-1,3.03E-1));
#5872=DIRECTION('',(0.E0,0.E0,1.E0));
#5873=DIRECTION('',(1.E0,0.E0,0.E0));
#5874=AXIS2_PLACEMENT_3D('',#5871,#5872,#5873);
#5875=PLANE('3559',#5874);
#5876=ORIENTED_EDGE('4241',*,*,#4320,.T.);
#5878=ORIENTED_EDGE('4242',*,*,#5877,.T.);
#5879=ORIENTED_EDGE('4243',*,*,#4771,.F.);
#5880=ORIENTED_EDGE('4244',*,*,#5856,.T.);
#5881=EDGE_LOOP('3559',(#5876,#5878,#5879,#5880));
#5882=FACE_OUTER_BOUND('3559',#5881,.F.);
#5884=FILL_AREA_STYLE_COLOUR('',#183);
#5885=FILL_AREA_STYLE('',(#5884));
#5886=SURFACE_STYLE_FILL_AREA(#5885);
#5887=SURFACE_SIDE_STYLE('',(#5886));
#5888=SURFACE_STYLE_USAGE(.BOTH.,#5887);
#5889=PRESENTATION_STYLE_ASSIGNMENT((#5888));
#5890=STYLED_ITEM('',(#5889),#5883);
#5891=CARTESIAN_POINT('',(3.777042186808E-2,-1.355E-1,2.949220641175E-1));
#5892=DIRECTION('',(9.459156263847E-1,0.E0,3.244127429083E-1));
#5893=DIRECTION('',(3.244127429083E-1,0.E0,-9.459156263847E-1));
#5894=AXIS2_PLACEMENT_3D('',#5891,#5892,#5893);
#5895=PLANE('3609',#5894);
#5896=ORIENTED_EDGE('4242',*,*,#5877,.F.);
#5897=ORIENTED_EDGE('4392',*,*,#4318,.F.);
#5899=ORIENTED_EDGE('4443',*,*,#5898,.T.);
#5900=ORIENTED_EDGE('4301',*,*,#4773,.T.);
#5901=EDGE_LOOP('3609',(#5896,#5897,#5899,#5900));
#5902=FACE_OUTER_BOUND('3609',#5901,.F.);
#5904=FILL_AREA_STYLE_COLOUR('',#183);
#5905=FILL_AREA_STYLE('',(#5904));
#5906=SURFACE_STYLE_FILL_AREA(#5905);
#5907=SURFACE_SIDE_STYLE('',(#5906));
#5908=SURFACE_STYLE_USAGE(.BOTH.,#5907);
#5909=PRESENTATION_STYLE_ASSIGNMENT((#5908));
#5910=STYLED_ITEM('',(#5909),#5903);
#5911=CARTESIAN_POINT('',(5.E-2,-9.13E-2,2.900882556641E-1));
#5912=DIRECTION('',(0.E0,-1.E0,0.E0));
#5913=DIRECTION('',(1.E0,0.E0,0.E0));
#5914=AXIS2_PLACEMENT_3D('',#5911,#5912,#5913);
#5915=CYLINDRICAL_SURFACE('3610',#5914,1.E-2);
#5916=ORIENTED_EDGE('4393',*,*,#4316,.F.);
#5918=ORIENTED_EDGE('4444',*,*,#5917,.F.);
#5919=ORIENTED_EDGE('4302',*,*,#4775,.T.);
#5920=ORIENTED_EDGE('4443',*,*,#5898,.F.);
#5921=EDGE_LOOP('3610',(#5916,#5918,#5919,#5920));
#5922=FACE_OUTER_BOUND('3610',#5921,.F.);
#5924=FILL_AREA_STYLE_COLOUR('',#183);
#5925=FILL_AREA_STYLE('',(#5924));
#5926=SURFACE_STYLE_FILL_AREA(#5925);
#5927=SURFACE_SIDE_STYLE('',(#5926));
#5928=SURFACE_STYLE_USAGE(.BOTH.,#5927);
#5929=PRESENTATION_STYLE_ASSIGNMENT((#5928));
#5930=STYLED_ITEM('',(#5929),#5923);
#5931=CARTESIAN_POINT('',(6.222957813193E-2,-1.355E-1,2.949220641175E-1));
#5932=DIRECTION('',(9.459156263847E-1,0.E0,-3.244127429083E-1));
#5933=DIRECTION('',(3.244127429083E-1,0.E0,9.459156263847E-1));
#5934=AXIS2_PLACEMENT_3D('',#5931,#5932,#5933);
#5935=PLANE('3611',#5934);
#5936=ORIENTED_EDGE('4394',*,*,#4314,.F.);
#5938=ORIENTED_EDGE('4276',*,*,#5937,.F.);
#5939=ORIENTED_EDGE('4303',*,*,#4777,.T.);
#5940=ORIENTED_EDGE('4444',*,*,#5917,.T.);
#5941=EDGE_LOOP('3611',(#5936,#5938,#5939,#5940));
#5942=FACE_OUTER_BOUND('3611',#5941,.F.);
#5944=FILL_AREA_STYLE_COLOUR('',#183);
#5945=FILL_AREA_STYLE('',(#5944));
#5946=SURFACE_STYLE_FILL_AREA(#5945);
#5947=SURFACE_SIDE_STYLE('',(#5946));
#5948=SURFACE_STYLE_USAGE(.BOTH.,#5947);
#5949=PRESENTATION_STYLE_ASSIGNMENT((#5948));
#5950=STYLED_ITEM('',(#5949),#5943);
#5951=CARTESIAN_POINT('',(1.075E-1,0.E0,3.03E-1));
#5952=DIRECTION('',(0.E0,0.E0,1.E0));
#5953=DIRECTION('',(1.E0,0.E0,0.E0));
#5954=AXIS2_PLACEMENT_3D('',#5951,#5952,#5953);
#5955=PLANE('3563',#5954);
#5957=ORIENTED_EDGE('4272',*,*,#5956,.T.);
#5959=ORIENTED_EDGE('4273',*,*,#5958,.F.);
#5961=ORIENTED_EDGE('4274',*,*,#5960,.T.);
#5962=ORIENTED_EDGE('4275',*,*,#4779,.F.);
#5963=ORIENTED_EDGE('4276',*,*,#5937,.T.);
#5965=ORIENTED_EDGE('4277',*,*,#5964,.F.);
#5967=ORIENTED_EDGE('4278',*,*,#5966,.F.);
#5968=EDGE_LOOP('3563',(#5957,#5959,#5961,#5962,#5963,#5965,#5967));
#5969=FACE_OUTER_BOUND('3563',#5968,.F.);
#5971=FILL_AREA_STYLE_COLOUR('',#183);
#5972=FILL_AREA_STYLE('',(#5971));
#5973=SURFACE_STYLE_FILL_AREA(#5972);
#5974=SURFACE_SIDE_STYLE('',(#5973));
#5975=SURFACE_STYLE_USAGE(.BOTH.,#5974);
#5976=PRESENTATION_STYLE_ASSIGNMENT((#5975));
#5977=STYLED_ITEM('',(#5976),#5970);
#5978=CARTESIAN_POINT('',(1.5E-1,4.25E-2,2.735E-1));
#5979=DIRECTION('',(1.E0,0.E0,0.E0));
#5980=DIRECTION('',(0.E0,-1.E0,0.E0));
#5981=AXIS2_PLACEMENT_3D('',#5978,#5979,#5980);
#5982=PLANE('3699',#5981);
#5983=ORIENTED_EDGE('4397',*,*,#4308,.T.);
#5985=ORIENTED_EDGE('4473',*,*,#5984,.T.);
#5986=ORIENTED_EDGE('4272',*,*,#5956,.F.);
#5988=ORIENTED_EDGE('4351',*,*,#5987,.F.);
#5990=ORIENTED_EDGE('4534',*,*,#5989,.T.);
#5992=ORIENTED_EDGE('4527',*,*,#5991,.F.);
#5994=ORIENTED_EDGE('4517',*,*,#5993,.T.);
#5996=ORIENTED_EDGE('4507',*,*,#5995,.F.);
#5997=EDGE_LOOP('3699',(#5983,#5985,#5986,#5988,#5990,#5992,#5994,#5996));
#5998=FACE_OUTER_BOUND('3699',#5997,.F.);
#6000=FILL_AREA_STYLE_COLOUR('',#183);
#6001=FILL_AREA_STYLE('',(#6000));
#6002=SURFACE_STYLE_FILL_AREA(#6001);
#6003=SURFACE_SIDE_STYLE('',(#6002));
#6004=SURFACE_STYLE_USAGE(.BOTH.,#6003);
#6005=PRESENTATION_STYLE_ASSIGNMENT((#6004));
#6006=STYLED_ITEM('',(#6005),#5999);
#6007=CARTESIAN_POINT('',(1.425E-1,-9.3E-2,2.915441278320E-1));
#6008=DIRECTION('',(0.E0,1.E0,0.E0));
#6009=DIRECTION('',(1.E0,0.E0,0.E0));
#6010=AXIS2_PLACEMENT_3D('',#6007,#6008,#6009);
#6011=PLANE('3641',#6010);
#6012=ORIENTED_EDGE('4473',*,*,#5984,.F.);
#6014=ORIENTED_EDGE('4474',*,*,#6013,.F.);
#6016=ORIENTED_EDGE('4475',*,*,#6015,.F.);
#6017=ORIENTED_EDGE('4273',*,*,#5958,.T.);
#6018=EDGE_LOOP('3641',(#6012,#6014,#6016,#6017));
#6019=FACE_OUTER_BOUND('3641',#6018,.F.);
#6021=FILL_AREA_STYLE_COLOUR('',#183);
#6022=FILL_AREA_STYLE('',(#6021));
#6023=SURFACE_STYLE_FILL_AREA(#6022);
#6024=SURFACE_SIDE_STYLE('',(#6023));
#6025=SURFACE_STYLE_USAGE(.BOTH.,#6024);
#6026=PRESENTATION_STYLE_ASSIGNMENT((#6025));
#6027=STYLED_ITEM('',(#6026),#6020);
#6028=CARTESIAN_POINT('',(1.5E-1,-9.13E-2,2.900882556641E-1));
#6029=DIRECTION('',(0.E0,-1.E0,0.E0));
#6030=DIRECTION('',(1.E0,0.E0,0.E0));
#6031=AXIS2_PLACEMENT_3D('',#6028,#6029,#6030);
#6032=CYLINDRICAL_SURFACE('3643',#6031,1.E-2);
#6033=ORIENTED_EDGE('4398',*,*,#4306,.F.);
#6035=ORIENTED_EDGE('4477',*,*,#6034,.F.);
#6036=ORIENTED_EDGE('4305',*,*,#4783,.T.);
#6038=ORIENTED_EDGE('4476',*,*,#6037,.F.);
#6039=ORIENTED_EDGE('4474',*,*,#6013,.T.);
#6040=EDGE_LOOP('3643',(#6033,#6035,#6036,#6038,#6039));
#6041=FACE_OUTER_BOUND('3643',#6040,.F.);
#6043=FILL_AREA_STYLE_COLOUR('',#183);
#6044=FILL_AREA_STYLE('',(#6043));
#6045=SURFACE_STYLE_FILL_AREA(#6044);
#6046=SURFACE_SIDE_STYLE('',(#6045));
#6047=SURFACE_STYLE_USAGE(.BOTH.,#6046);
#6048=PRESENTATION_STYLE_ASSIGNMENT((#6047));
#6049=STYLED_ITEM('',(#6048),#6042);
#6050=CARTESIAN_POINT('',(1.622295781320E-1,-1.355E-1,2.949220641175E-1));
#6051=DIRECTION('',(9.459156263842E-1,0.E0,-3.244127429098E-1));
#6052=DIRECTION('',(3.244127429098E-1,0.E0,9.459156263842E-1));
#6053=AXIS2_PLACEMENT_3D('',#6050,#6051,#6052);
#6054=PLANE('3644',#6053);
#6055=ORIENTED_EDGE('4399',*,*,#4304,.F.);
#6056=ORIENTED_EDGE('4252',*,*,#4643,.F.);
#6057=ORIENTED_EDGE('4306',*,*,#4785,.T.);
#6058=ORIENTED_EDGE('4477',*,*,#6034,.T.);
#6059=EDGE_LOOP('3644',(#6055,#6056,#6057,#6058));
#6060=FACE_OUTER_BOUND('3644',#6059,.F.);
#6062=FILL_AREA_STYLE_COLOUR('',#183);
#6063=FILL_AREA_STYLE('',(#6062));
#6064=SURFACE_STYLE_FILL_AREA(#6063);
#6065=SURFACE_SIDE_STYLE('',(#6064));
#6066=SURFACE_STYLE_USAGE(.BOTH.,#6065);
#6067=PRESENTATION_STYLE_ASSIGNMENT((#6066));
#6068=STYLED_ITEM('',(#6067),#6061);
#6069=CARTESIAN_POINT('',(1.377704218681E-1,-1.355E-1,2.949220641175E-1));
#6070=DIRECTION('',(9.459156263842E-1,0.E0,3.244127429098E-1));
#6071=DIRECTION('',(3.244127429098E-1,0.E0,-9.459156263842E-1));
#6072=AXIS2_PLACEMENT_3D('',#6069,#6070,#6071);
#6073=PLANE('3642',#6072);
#6074=ORIENTED_EDGE('4274',*,*,#5960,.F.);
#6075=ORIENTED_EDGE('4475',*,*,#6015,.T.);
#6076=ORIENTED_EDGE('4476',*,*,#6037,.T.);
#6077=ORIENTED_EDGE('4304',*,*,#4781,.T.);
#6078=EDGE_LOOP('3642',(#6074,#6075,#6076,#6077));
#6079=FACE_OUTER_BOUND('3642',#6078,.F.);
#6081=FILL_AREA_STYLE_COLOUR('',#183);
#6082=FILL_AREA_STYLE('',(#6081));
#6083=SURFACE_STYLE_FILL_AREA(#6082);
#6084=SURFACE_SIDE_STYLE('',(#6083));
#6085=SURFACE_STYLE_USAGE(.BOTH.,#6084);
#6086=PRESENTATION_STYLE_ASSIGNMENT((#6085));
#6087=STYLED_ITEM('',(#6086),#6080);
#6088=CARTESIAN_POINT('',(1.075E-1,1.78E-1,2.96E-1));
#6089=DIRECTION('',(0.E0,1.E0,0.E0));
#6090=DIRECTION('',(-1.E0,0.E0,0.E0));
#6091=AXIS2_PLACEMENT_3D('',#6088,#6089,#6090);
#6092=PLANE('3573',#6091);
#6093=ORIENTED_EDGE('4351',*,*,#5987,.T.);
#6094=ORIENTED_EDGE('4278',*,*,#5966,.T.);
#6096=ORIENTED_EDGE('4352',*,*,#6095,.T.);
#6098=ORIENTED_EDGE('4353',*,*,#6097,.F.);
#6099=EDGE_LOOP('3573',(#6093,#6094,#6096,#6098));
#6100=FACE_OUTER_BOUND('3573',#6099,.F.);
#6102=FILL_AREA_STYLE_COLOUR('',#183);
#6103=FILL_AREA_STYLE('',(#6102));
#6104=SURFACE_STYLE_FILL_AREA(#6103);
#6105=SURFACE_SIDE_STYLE('',(#6104));
#6106=SURFACE_STYLE_USAGE(.BOTH.,#6105);
#6107=PRESENTATION_STYLE_ASSIGNMENT((#6106));
#6108=STYLED_ITEM('',(#6107),#6101);
#6109=CARTESIAN_POINT('',(6.5E-2,4.25E-2,2.735E-1));
#6110=DIRECTION('',(1.E0,0.E0,0.E0));
#6111=DIRECTION('',(0.E0,1.E0,0.E0));
#6112=AXIS2_PLACEMENT_3D('',#6109,#6110,#6111);
#6113=PLANE('3692',#6112);
#6114=ORIENTED_EDGE('4277',*,*,#5964,.T.);
#6115=ORIENTED_EDGE('4395',*,*,#4312,.F.);
#6117=ORIENTED_EDGE('4509',*,*,#6116,.F.);
#6119=ORIENTED_EDGE('4519',*,*,#6118,.T.);
#6121=ORIENTED_EDGE('4529',*,*,#6120,.F.);
#6123=ORIENTED_EDGE('4535',*,*,#6122,.T.);
#6124=ORIENTED_EDGE('4352',*,*,#6095,.F.);
#6125=EDGE_LOOP('3692',(#6114,#6115,#6117,#6119,#6121,#6123,#6124));
#6126=FACE_OUTER_BOUND('3692',#6125,.F.);
#6128=FILL_AREA_STYLE_COLOUR('',#183);
#6129=FILL_AREA_STYLE('',(#6128));
#6130=SURFACE_STYLE_FILL_AREA(#6129);
#6131=SURFACE_SIDE_STYLE('',(#6130));
#6132=SURFACE_STYLE_USAGE(.BOTH.,#6131);
#6133=PRESENTATION_STYLE_ASSIGNMENT((#6132));
#6134=STYLED_ITEM('',(#6133),#6127);
#6135=CARTESIAN_POINT('',(1.075E-1,-1.275E-2,2.53E-1));
#6136=DIRECTION('',(0.E0,0.E0,1.E0));
#6137=DIRECTION('',(0.E0,1.E0,0.E0));
#6138=AXIS2_PLACEMENT_3D('',#6135,#6136,#6137);
#6139=PLANE('3672',#6138);
#6140=ORIENTED_EDGE('4507',*,*,#5995,.T.);
#6142=ORIENTED_EDGE('4508',*,*,#6141,.F.);
#6143=ORIENTED_EDGE('4509',*,*,#6116,.T.);
#6144=ORIENTED_EDGE('4396',*,*,#4310,.T.);
#6145=EDGE_LOOP('3672',(#6140,#6142,#6143,#6144));
#6146=FACE_OUTER_BOUND('3672',#6145,.F.);
#6148=FILL_AREA_STYLE_COLOUR('',#183);
#6149=FILL_AREA_STYLE('',(#6148));
#6150=SURFACE_STYLE_FILL_AREA(#6149);
#6151=SURFACE_SIDE_STYLE('',(#6150));
#6152=SURFACE_STYLE_USAGE(.BOTH.,#6151);
#6153=PRESENTATION_STYLE_ASSIGNMENT((#6152));
#6154=STYLED_ITEM('',(#6153),#6147);
#6155=CARTESIAN_POINT('',(1.075E-1,7.5125E-2,2.485E-1));
#6156=DIRECTION('',(0.E0,5.082535845438E-1,8.612074626931E-1));
#6157=DIRECTION('',(0.E0,8.612074626931E-1,-5.082535845438E-1));
#6158=AXIS2_PLACEMENT_3D('',#6155,#6156,#6157);
#6159=PLANE('3676',#6158);
#6160=ORIENTED_EDGE('4517',*,*,#5993,.F.);
#6162=ORIENTED_EDGE('4518',*,*,#6161,.F.);
#6163=ORIENTED_EDGE('4519',*,*,#6118,.F.);
#6164=ORIENTED_EDGE('4508',*,*,#6141,.T.);
#6165=EDGE_LOOP('3676',(#6160,#6162,#6163,#6164));
#6166=FACE_OUTER_BOUND('3676',#6165,.F.);
#6168=FILL_AREA_STYLE_COLOUR('',#183);
#6169=FILL_AREA_STYLE('',(#6168));
#6170=SURFACE_STYLE_FILL_AREA(#6169);
#6171=SURFACE_SIDE_STYLE('',(#6170));
#6172=SURFACE_STYLE_USAGE(.BOTH.,#6171);
#6173=PRESENTATION_STYLE_ASSIGNMENT((#6172));
#6174=STYLED_ITEM('',(#6173),#6167);
#6175=CARTESIAN_POINT('',(1.075E-1,9.225000000001E-2,2.44E-1));
#6176=DIRECTION('',(0.E0,0.E0,1.E0));
#6177=DIRECTION('',(0.E0,1.E0,0.E0));
#6178=AXIS2_PLACEMENT_3D('',#6175,#6176,#6177);
#6179=PLANE('3680',#6178);
#6180=ORIENTED_EDGE('4527',*,*,#5991,.T.);
#6182=ORIENTED_EDGE('4528',*,*,#6181,.F.);
#6183=ORIENTED_EDGE('4529',*,*,#6120,.T.);
#6184=ORIENTED_EDGE('4518',*,*,#6161,.T.);
#6185=EDGE_LOOP('3680',(#6180,#6182,#6183,#6184));
#6186=FACE_OUTER_BOUND('3680',#6185,.F.);
#6188=FILL_AREA_STYLE_COLOUR('',#183);
#6189=FILL_AREA_STYLE('',(#6188));
#6190=SURFACE_STYLE_FILL_AREA(#6189);
#6191=SURFACE_SIDE_STYLE('',(#6190));
#6192=SURFACE_STYLE_USAGE(.BOTH.,#6191);
#6193=PRESENTATION_STYLE_ASSIGNMENT((#6192));
#6194=STYLED_ITEM('',(#6193),#6187);
#6195=CARTESIAN_POINT('',(1.075E-1,1.39875E-1,2.665E-1));
#6196=DIRECTION('',(0.E0,-5.082535845411E-1,8.612074626947E-1));
#6197=DIRECTION('',(0.E0,8.612074626947E-1,5.082535845411E-1));
#6198=AXIS2_PLACEMENT_3D('',#6195,#6196,#6197);
#6199=PLANE('3684',#6198);
#6200=ORIENTED_EDGE('4534',*,*,#5989,.F.);
#6201=ORIENTED_EDGE('4353',*,*,#6097,.T.);
#6202=ORIENTED_EDGE('4535',*,*,#6122,.F.);
#6203=ORIENTED_EDGE('4528',*,*,#6181,.T.);
#6204=EDGE_LOOP('3684',(#6200,#6201,#6202,#6203));
#6205=FACE_OUTER_BOUND('3684',#6204,.F.);
#6207=FILL_AREA_STYLE_COLOUR('',#183);
#6208=FILL_AREA_STYLE('',(#6207));
#6209=SURFACE_STYLE_FILL_AREA(#6208);
#6210=SURFACE_SIDE_STYLE('',(#6209));
#6211=SURFACE_STYLE_USAGE(.BOTH.,#6210);
#6212=PRESENTATION_STYLE_ASSIGNMENT((#6211));
#6213=STYLED_ITEM('',(#6212),#6206);
#6214=CARTESIAN_POINT('',(-1.377704218680E-1,-1.355E-1,2.949220641175E-1));
#6215=DIRECTION('',(9.459156263842E-1,0.E0,-3.244127429098E-1));
#6216=DIRECTION('',(3.244127429098E-1,0.E0,9.459156263842E-1));
#6217=AXIS2_PLACEMENT_3D('',#6214,#6215,#6216);
#6218=PLANE('3587',#6217);
#6219=ORIENTED_EDGE('4259',*,*,#5775,.F.);
#6220=ORIENTED_EDGE('4297',*,*,#4761,.T.);
#6221=ORIENTED_EDGE('4417',*,*,#5594,.T.);
#6222=ORIENTED_EDGE('4414',*,*,#5617,.T.);
#6223=EDGE_LOOP('3587',(#6219,#6220,#6221,#6222));
#6224=FACE_OUTER_BOUND('3587',#6223,.F.);
#6226=FILL_AREA_STYLE_COLOUR('',#183);
#6227=FILL_AREA_STYLE('',(#6226));
#6228=SURFACE_STYLE_FILL_AREA(#6227);
#6229=SURFACE_SIDE_STYLE('',(#6228));
#6230=SURFACE_STYLE_USAGE(.BOTH.,#6229);
#6231=PRESENTATION_STYLE_ASSIGNMENT((#6230));
#6232=STYLED_ITEM('',(#6231),#6225);
#6233=CARTESIAN_POINT('',(-2.377704218680E-1,-1.355E-1,2.949220641175E-1));
#6234=DIRECTION('',(9.459156263842E-1,0.E0,-3.244127429098E-1));
#6235=DIRECTION('',(3.244127429098E-1,0.E0,9.459156263842E-1));
#6236=AXIS2_PLACEMENT_3D('',#6233,#6234,#6235);
#6237=PLANE('3583',#6236);
#6238=ORIENTED_EDGE('4266',*,*,#5546,.F.);
#6239=ORIENTED_EDGE('4294',*,*,#4753,.T.);
#6241=ORIENTED_EDGE('4412',*,*,#6240,.T.);
#6243=ORIENTED_EDGE('4408',*,*,#6242,.T.);
#6244=EDGE_LOOP('3583',(#6238,#6239,#6241,#6243));
#6245=FACE_OUTER_BOUND('3583',#6244,.F.);
#6247=FILL_AREA_STYLE_COLOUR('',#183);
#6248=FILL_AREA_STYLE('',(#6247));
#6249=SURFACE_STYLE_FILL_AREA(#6248);
#6250=SURFACE_SIDE_STYLE('',(#6249));
#6251=SURFACE_STYLE_USAGE(.BOTH.,#6250);
#6252=PRESENTATION_STYLE_ASSIGNMENT((#6251));
#6253=STYLED_ITEM('',(#6252),#6246);
#6254=CARTESIAN_POINT('',(-2.5E-1,-9.13E-2,2.900882556641E-1));
#6255=DIRECTION('',(0.E0,-1.E0,0.E0));
#6256=DIRECTION('',(1.E0,0.E0,0.E0));
#6257=AXIS2_PLACEMENT_3D('',#6254,#6255,#6256);
#6258=CYLINDRICAL_SURFACE('3582',#6257,1.E-2);
#6259=ORIENTED_EDGE('4293',*,*,#4751,.T.);
#6261=ORIENTED_EDGE('4411',*,*,#6260,.F.);
#6263=ORIENTED_EDGE('4409',*,*,#6262,.T.);
#6264=ORIENTED_EDGE('4412',*,*,#6240,.F.);
#6265=EDGE_LOOP('3582',(#6259,#6261,#6263,#6264));
#6266=FACE_OUTER_BOUND('3582',#6265,.F.);
#6268=FILL_AREA_STYLE_COLOUR('',#183);
#6269=FILL_AREA_STYLE('',(#6268));
#6270=SURFACE_STYLE_FILL_AREA(#6269);
#6271=SURFACE_SIDE_STYLE('',(#6270));
#6272=SURFACE_STYLE_USAGE(.BOTH.,#6271);
#6273=PRESENTATION_STYLE_ASSIGNMENT((#6272));
#6274=STYLED_ITEM('',(#6273),#6267);
#6275=CARTESIAN_POINT('',(-2.622295781319E-1,-1.355E-1,2.949220641175E-1));
#6276=DIRECTION('',(9.459156263842E-1,0.E0,3.244127429098E-1));
#6277=DIRECTION('',(3.244127429098E-1,0.E0,-9.459156263842E-1));
#6278=AXIS2_PLACEMENT_3D('',#6275,#6276,#6277);
#6279=PLANE('3581',#6278);
#6280=ORIENTED_EDGE('4268',*,*,#5550,.F.);
#6282=ORIENTED_EDGE('4410',*,*,#6281,.T.);
#6283=ORIENTED_EDGE('4411',*,*,#6260,.T.);
#6284=ORIENTED_EDGE('4292',*,*,#4749,.T.);
#6285=EDGE_LOOP('3581',(#6280,#6282,#6283,#6284));
#6286=FACE_OUTER_BOUND('3581',#6285,.F.);
#6288=FILL_AREA_STYLE_COLOUR('',#183);
#6289=FILL_AREA_STYLE('',(#6288));
#6290=SURFACE_STYLE_FILL_AREA(#6289);
#6291=SURFACE_SIDE_STYLE('',(#6290));
#6292=SURFACE_STYLE_USAGE(.BOTH.,#6291);
#6293=PRESENTATION_STYLE_ASSIGNMENT((#6292));
#6294=STYLED_ITEM('',(#6293),#6287);
#6295=CARTESIAN_POINT('',(-2.5E-1,-9.3E-2,2.915443942071E-1));
#6296=DIRECTION('',(0.E0,1.E0,0.E0));
#6297=DIRECTION('',(1.E0,0.E0,0.E0));
#6298=AXIS2_PLACEMENT_3D('',#6295,#6296,#6297);
#6299=PLANE('3580',#6298);
#6300=ORIENTED_EDGE('4267',*,*,#5548,.T.);
#6301=ORIENTED_EDGE('4408',*,*,#6242,.F.);
#6302=ORIENTED_EDGE('4409',*,*,#6262,.F.);
#6303=ORIENTED_EDGE('4410',*,*,#6281,.F.);
#6304=EDGE_LOOP('3580',(#6300,#6301,#6302,#6303));
#6305=FACE_OUTER_BOUND('3580',#6304,.F.);
#6307=FILL_AREA_STYLE_COLOUR('',#183);
#6308=FILL_AREA_STYLE('',(#6307));
#6309=SURFACE_STYLE_FILL_AREA(#6308);
#6310=SURFACE_SIDE_STYLE('',(#6309));
#6311=SURFACE_STYLE_USAGE(.BOTH.,#6310);
#6312=PRESENTATION_STYLE_ASSIGNMENT((#6311));
#6313=STYLED_ITEM('',(#6312),#6306);
#6314=CARTESIAN_POINT('',(-2.4E-1,1.78E-1,2.96E-1));
#6315=DIRECTION('',(0.E0,1.E0,0.E0));
#6316=DIRECTION('',(-1.E0,0.E0,0.E0));
#6317=AXIS2_PLACEMENT_3D('',#6314,#6315,#6316);
#6318=PLANE('3571',#6317);
#6319=ORIENTED_EDGE('4344',*,*,#5516,.T.);
#6320=ORIENTED_EDGE('4271',*,*,#5554,.T.);
#6321=ORIENTED_EDGE('4345',*,*,#5473,.F.);
#6323=ORIENTED_EDGE('4346',*,*,#6322,.F.);
#6324=EDGE_LOOP('3571',(#6319,#6320,#6321,#6323));
#6325=FACE_OUTER_BOUND('3571',#6324,.F.);
#6327=FILL_AREA_STYLE_COLOUR('',#183);
#6328=FILL_AREA_STYLE('',(#6327));
#6329=SURFACE_STYLE_FILL_AREA(#6328);
#6330=SURFACE_SIDE_STYLE('',(#6329));
#6331=SURFACE_STYLE_USAGE(.BOTH.,#6330);
#6332=PRESENTATION_STYLE_ASSIGNMENT((#6331));
#6333=STYLED_ITEM('',(#6332),#6326);
#6334=CARTESIAN_POINT('',(-2.4E-1,1.39875E-1,2.665E-1));
#6335=DIRECTION('',(0.E0,-5.082535845411E-1,8.612074626947E-1));
#6336=DIRECTION('',(0.E0,8.612074626947E-1,5.082535845411E-1));
#6337=AXIS2_PLACEMENT_3D('',#6334,#6335,#6336);
#6338=PLANE('3683',#6337);
#6339=ORIENTED_EDGE('4533',*,*,#5518,.F.);
#6340=ORIENTED_EDGE('4346',*,*,#6322,.T.);
#6341=ORIENTED_EDGE('4359',*,*,#5471,.T.);
#6343=ORIENTED_EDGE('4526',*,*,#6342,.T.);
#6344=EDGE_LOOP('3683',(#6339,#6340,#6341,#6343));
#6345=FACE_OUTER_BOUND('3683',#6344,.F.);
#6347=FILL_AREA_STYLE_COLOUR('',#183);
#6348=FILL_AREA_STYLE('',(#6347));
#6349=SURFACE_STYLE_FILL_AREA(#6348);
#6350=SURFACE_SIDE_STYLE('',(#6349));
#6351=SURFACE_STYLE_USAGE(.BOTH.,#6350);
#6352=PRESENTATION_STYLE_ASSIGNMENT((#6351));
#6353=STYLED_ITEM('',(#6352),#6346);
#6354=CARTESIAN_POINT('',(-2.4E-1,9.225000000001E-2,2.44E-1));
#6355=DIRECTION('',(0.E0,0.E0,1.E0));
#6356=DIRECTION('',(0.E0,1.E0,0.E0));
#6357=AXIS2_PLACEMENT_3D('',#6354,#6355,#6356);
#6358=PLANE('3679',#6357);
#6359=ORIENTED_EDGE('4525',*,*,#5520,.T.);
#6360=ORIENTED_EDGE('4526',*,*,#6342,.F.);
#6361=ORIENTED_EDGE('4358',*,*,#5469,.T.);
#6363=ORIENTED_EDGE('4516',*,*,#6362,.T.);
#6364=EDGE_LOOP('3679',(#6359,#6360,#6361,#6363));
#6365=FACE_OUTER_BOUND('3679',#6364,.F.);
#6367=FILL_AREA_STYLE_COLOUR('',#183);
#6368=FILL_AREA_STYLE('',(#6367));
#6369=SURFACE_STYLE_FILL_AREA(#6368);
#6370=SURFACE_SIDE_STYLE('',(#6369));
#6371=SURFACE_STYLE_USAGE(.BOTH.,#6370);
#6372=PRESENTATION_STYLE_ASSIGNMENT((#6371));
#6373=STYLED_ITEM('',(#6372),#6366);
#6374=CARTESIAN_POINT('',(-2.4E-1,7.5125E-2,2.485E-1));
#6375=DIRECTION('',(0.E0,5.082535845438E-1,8.612074626931E-1));
#6376=DIRECTION('',(0.E0,8.612074626931E-1,-5.082535845438E-1));
#6377=AXIS2_PLACEMENT_3D('',#6374,#6375,#6376);
#6378=PLANE('3675',#6377);
#6379=ORIENTED_EDGE('4515',*,*,#5522,.F.);
#6380=ORIENTED_EDGE('4516',*,*,#6362,.F.);
#6381=ORIENTED_EDGE('4357',*,*,#5467,.T.);
#6382=ORIENTED_EDGE('4506',*,*,#5495,.T.);
#6383=EDGE_LOOP('3675',(#6379,#6380,#6381,#6382));
#6384=FACE_OUTER_BOUND('3675',#6383,.F.);
#6386=FILL_AREA_STYLE_COLOUR('',#183);
#6387=FILL_AREA_STYLE('',(#6386));
#6388=SURFACE_STYLE_FILL_AREA(#6387);
#6389=SURFACE_SIDE_STYLE('',(#6388));
#6390=SURFACE_STYLE_USAGE(.BOTH.,#6389);
#6391=PRESENTATION_STYLE_ASSIGNMENT((#6390));
#6392=STYLED_ITEM('',(#6391),#6385);
#6393=CARTESIAN_POINT('',(-2.825E-1,0.E0,0.E0));
#6394=DIRECTION('',(0.E0,0.E0,1.E0));
#6395=DIRECTION('',(1.E0,0.E0,0.E0));
#6396=AXIS2_PLACEMENT_3D('',#6393,#6394,#6395);
#6397=PLANE('3556',#6396);
#6399=ORIENTED_EDGE('4225',*,*,#6398,.F.);
#6401=ORIENTED_EDGE('4228',*,*,#6400,.F.);
#6402=ORIENTED_EDGE('4227',*,*,#5377,.F.);
#6403=ORIENTED_EDGE('4226',*,*,#4735,.F.);
#6404=EDGE_LOOP('3556',(#6399,#6401,#6402,#6403));
#6405=FACE_OUTER_BOUND('3556',#6404,.F.);
#6407=FILL_AREA_STYLE_COLOUR('',#183);
#6408=FILL_AREA_STYLE('',(#6407));
#6409=SURFACE_STYLE_FILL_AREA(#6408);
#6410=SURFACE_SIDE_STYLE('',(#6409));
#6411=SURFACE_STYLE_USAGE(.BOTH.,#6410);
#6412=PRESENTATION_STYLE_ASSIGNMENT((#6411));
#6413=STYLED_ITEM('',(#6412),#6406);
#6414=CARTESIAN_POINT('',(-2.5E-1,1.8512E-1,0.E0));
#6415=DIRECTION('',(0.E0,-1.E0,0.E0));
#6416=DIRECTION('',(-1.E0,0.E0,0.E0));
#6417=AXIS2_PLACEMENT_3D('',#6414,#6415,#6416);
#6418=CYLINDRICAL_SURFACE('3660',#6417,1.5E-2);
#6419=ORIENTED_EDGE('4225',*,*,#6398,.T.);
#6420=ORIENTED_EDGE('4286',*,*,#4733,.T.);
#6421=ORIENTED_EDGE('4233',*,*,#5285,.T.);
#6423=ORIENTED_EDGE('4350',*,*,#6422,.T.);
#6424=EDGE_LOOP('3660',(#6419,#6420,#6421,#6423));
#6425=FACE_OUTER_BOUND('3660',#6424,.F.);
#6427=FILL_AREA_STYLE_COLOUR('',#183);
#6428=FILL_AREA_STYLE('',(#6427));
#6429=SURFACE_STYLE_FILL_AREA(#6428);
#6430=SURFACE_SIDE_STYLE('',(#6429));
#6431=SURFACE_STYLE_USAGE(.BOTH.,#6430);
#6432=PRESENTATION_STYLE_ASSIGNMENT((#6431));
#6433=STYLED_ITEM('',(#6432),#6426);
#6434=CARTESIAN_POINT('',(-2.4E-1,1.78E-1,-5.212675555768E-4));
#6435=DIRECTION('',(0.E0,1.E0,0.E0));
#6436=DIRECTION('',(-1.E0,0.E0,0.E0));
#6437=AXIS2_PLACEMENT_3D('',#6434,#6435,#6436);
#6438=PLANE('3572',#6437);
#6439=ORIENTED_EDGE('4347',*,*,#5315,.T.);
#6441=ORIENTED_EDGE('4348',*,*,#6440,.T.);
#6442=ORIENTED_EDGE('4349',*,*,#5379,.F.);
#6443=ORIENTED_EDGE('4228',*,*,#6400,.T.);
#6444=ORIENTED_EDGE('4350',*,*,#6422,.F.);
#6445=ORIENTED_EDGE('4234',*,*,#5283,.T.);
#6446=EDGE_LOOP('3572',(#6439,#6441,#6442,#6443,#6444,#6445));
#6447=FACE_OUTER_BOUND('3572',#6446,.F.);
#6449=FILL_AREA_STYLE_COLOUR('',#183);
#6450=FILL_AREA_STYLE('',(#6449));
#6451=SURFACE_STYLE_FILL_AREA(#6450);
#6452=SURFACE_SIDE_STYLE('',(#6451));
#6453=SURFACE_STYLE_USAGE(.BOTH.,#6452);
#6454=PRESENTATION_STYLE_ASSIGNMENT((#6453));
#6455=STYLED_ITEM('',(#6454),#6448);
#6456=CARTESIAN_POINT('',(-2.4E-1,1.39875E-1,3.65E-2));
#6457=DIRECTION('',(0.E0,5.082535845411E-1,8.612074626947E-1));
#6458=DIRECTION('',(0.E0,8.612074626947E-1,-5.082535845411E-1));
#6459=AXIS2_PLACEMENT_3D('',#6456,#6457,#6458);
#6460=PLANE('3601',#6459);
#6461=ORIENTED_EDGE('4427',*,*,#5313,.F.);
#6463=ORIENTED_EDGE('4428',*,*,#6462,.F.);
#6464=ORIENTED_EDGE('4361',*,*,#5381,.T.);
#6465=ORIENTED_EDGE('4348',*,*,#6440,.F.);
#6466=EDGE_LOOP('3601',(#6461,#6463,#6464,#6465));
#6467=FACE_OUTER_BOUND('3601',#6466,.F.);
#6469=FILL_AREA_STYLE_COLOUR('',#183);
#6470=FILL_AREA_STYLE('',(#6469));
#6471=SURFACE_STYLE_FILL_AREA(#6470);
#6472=SURFACE_SIDE_STYLE('',(#6471));
#6473=SURFACE_STYLE_USAGE(.BOTH.,#6472);
#6474=PRESENTATION_STYLE_ASSIGNMENT((#6473));
#6475=STYLED_ITEM('',(#6474),#6468);
#6476=CARTESIAN_POINT('',(-2.4E-1,9.225E-2,5.9E-2));
#6477=DIRECTION('',(0.E0,0.E0,1.E0));
#6478=DIRECTION('',(0.E0,-1.E0,0.E0));
#6479=AXIS2_PLACEMENT_3D('',#6476,#6477,#6478);
#6480=PLANE('3604',#6479);
#6481=ORIENTED_EDGE('4434',*,*,#5311,.T.);
#6482=ORIENTED_EDGE('4435',*,*,#5356,.F.);
#6483=ORIENTED_EDGE('4362',*,*,#5383,.T.);
#6484=ORIENTED_EDGE('4428',*,*,#6462,.T.);
#6485=EDGE_LOOP('3604',(#6481,#6482,#6483,#6484));
#6486=FACE_OUTER_BOUND('3604',#6485,.F.);
#6488=FILL_AREA_STYLE_COLOUR('',#183);
#6489=FILL_AREA_STYLE('',(#6488));
#6490=SURFACE_STYLE_FILL_AREA(#6489);
#6491=SURFACE_SIDE_STYLE('',(#6490));
#6492=SURFACE_STYLE_USAGE(.BOTH.,#6491);
#6493=PRESENTATION_STYLE_ASSIGNMENT((#6492));
#6494=STYLED_ITEM('',(#6493),#6487);
#6495=CARTESIAN_POINT('',(-1.E-1,0.E0,0.E0));
#6496=DIRECTION('',(0.E0,0.E0,1.E0));
#6497=DIRECTION('',(1.E0,0.E0,0.E0));
#6498=AXIS2_PLACEMENT_3D('',#6495,#6496,#6497);
#6499=PLANE('3555',#6498);
#6500=ORIENTED_EDGE('4221',*,*,#5263,.F.);
#6501=ORIENTED_EDGE('4224',*,*,#4727,.F.);
#6503=ORIENTED_EDGE('4223',*,*,#6502,.F.);
#6504=ORIENTED_EDGE('4222',*,*,#5206,.F.);
#6505=EDGE_LOOP('3555',(#6500,#6501,#6503,#6504));
#6506=FACE_OUTER_BOUND('3555',#6505,.F.);
#6508=FILL_AREA_STYLE_COLOUR('',#183);
#6509=FILL_AREA_STYLE('',(#6508));
#6510=SURFACE_STYLE_FILL_AREA(#6509);
#6511=SURFACE_SIDE_STYLE('',(#6510));
#6512=SURFACE_STYLE_USAGE(.BOTH.,#6511);
#6513=PRESENTATION_STYLE_ASSIGNMENT((#6512));
#6514=STYLED_ITEM('',(#6513),#6507);
#6515=CARTESIAN_POINT('',(-5.E-2,1.8512E-1,0.E0));
#6516=DIRECTION('',(0.E0,-1.E0,0.E0));
#6517=DIRECTION('',(-1.E0,0.E0,0.E0));
#6518=AXIS2_PLACEMENT_3D('',#6515,#6516,#6517);
#6519=CYLINDRICAL_SURFACE('3612',#6518,1.5E-2);
#6520=ORIENTED_EDGE('4223',*,*,#6502,.T.);
#6521=ORIENTED_EDGE('4284',*,*,#4725,.T.);
#6523=ORIENTED_EDGE('4217',*,*,#6522,.T.);
#6524=ORIENTED_EDGE('4337',*,*,#5208,.T.);
#6525=EDGE_LOOP('3612',(#6520,#6521,#6523,#6524));
#6526=FACE_OUTER_BOUND('3612',#6525,.F.);
#6528=FILL_AREA_STYLE_COLOUR('',#183);
#6529=FILL_AREA_STYLE('',(#6528));
#6530=SURFACE_STYLE_FILL_AREA(#6529);
#6531=SURFACE_SIDE_STYLE('',(#6530));
#6532=SURFACE_STYLE_USAGE(.BOTH.,#6531);
#6533=PRESENTATION_STYLE_ASSIGNMENT((#6532));
#6534=STYLED_ITEM('',(#6533),#6527);
#6535=CARTESIAN_POINT('',(0.E0,0.E0,0.E0));
#6536=DIRECTION('',(0.E0,0.E0,1.E0));
#6537=DIRECTION('',(1.E0,0.E0,0.E0));
#6538=AXIS2_PLACEMENT_3D('',#6535,#6536,#6537);
#6539=PLANE('3554',#6538);
#6540=ORIENTED_EDGE('4217',*,*,#6522,.F.);
#6541=ORIENTED_EDGE('4220',*,*,#4723,.F.);
#6543=ORIENTED_EDGE('4219',*,*,#6542,.F.);
#6544=ORIENTED_EDGE('4218',*,*,#5210,.F.);
#6545=EDGE_LOOP('3554',(#6540,#6541,#6543,#6544));
#6546=FACE_OUTER_BOUND('3554',#6545,.F.);
#6548=FILL_AREA_STYLE_COLOUR('',#183);
#6549=FILL_AREA_STYLE('',(#6548));
#6550=SURFACE_STYLE_FILL_AREA(#6549);
#6551=SURFACE_SIDE_STYLE('',(#6550));
#6552=SURFACE_STYLE_USAGE(.BOTH.,#6551);
#6553=PRESENTATION_STYLE_ASSIGNMENT((#6552));
#6554=STYLED_ITEM('',(#6553),#6547);
#6555=CARTESIAN_POINT('',(5.E-2,1.8512E-1,0.E0));
#6556=DIRECTION('',(0.E0,-1.E0,0.E0));
#6557=DIRECTION('',(-1.E0,0.E0,0.E0));
#6558=AXIS2_PLACEMENT_3D('',#6555,#6556,#6557);
#6559=CYLINDRICAL_SURFACE('3599',#6558,1.5E-2);
#6560=ORIENTED_EDGE('4219',*,*,#6542,.T.);
#6561=ORIENTED_EDGE('4283',*,*,#4721,.T.);
#6563=ORIENTED_EDGE('4213',*,*,#6562,.T.);
#6564=ORIENTED_EDGE('4338',*,*,#5212,.T.);
#6565=EDGE_LOOP('3599',(#6560,#6561,#6563,#6564));
#6566=FACE_OUTER_BOUND('3599',#6565,.F.);
#6568=FILL_AREA_STYLE_COLOUR('',#183);
#6569=FILL_AREA_STYLE('',(#6568));
#6570=SURFACE_STYLE_FILL_AREA(#6569);
#6571=SURFACE_SIDE_STYLE('',(#6570));
#6572=SURFACE_STYLE_USAGE(.BOTH.,#6571);
#6573=PRESENTATION_STYLE_ASSIGNMENT((#6572));
#6574=STYLED_ITEM('',(#6573),#6567);
#6575=CARTESIAN_POINT('',(1.E-1,0.E0,0.E0));
#6576=DIRECTION('',(0.E0,0.E0,1.E0));
#6577=DIRECTION('',(1.E0,0.E0,0.E0));
#6578=AXIS2_PLACEMENT_3D('',#6575,#6576,#6577);
#6579=PLANE('3553',#6578);
#6580=ORIENTED_EDGE('4213',*,*,#6562,.F.);
#6581=ORIENTED_EDGE('4216',*,*,#4719,.F.);
#6582=ORIENTED_EDGE('4215',*,*,#5135,.F.);
#6583=ORIENTED_EDGE('4214',*,*,#5214,.F.);
#6584=EDGE_LOOP('3553',(#6580,#6581,#6582,#6583));
#6585=FACE_OUTER_BOUND('3553',#6584,.F.);
#6587=FILL_AREA_STYLE_COLOUR('',#183);
#6588=FILL_AREA_STYLE('',(#6587));
#6589=SURFACE_STYLE_FILL_AREA(#6588);
#6590=SURFACE_SIDE_STYLE('',(#6589));
#6591=SURFACE_STYLE_USAGE(.BOTH.,#6590);
#6592=PRESENTATION_STYLE_ASSIGNMENT((#6591));
#6593=STYLED_ITEM('',(#6592),#6586);
#6594=CARTESIAN_POINT('',(-1.5E-1,4.25E-2,2.95E-2));
#6595=DIRECTION('',(1.E0,0.E0,0.E0));
#6596=DIRECTION('',(0.E0,1.E0,0.E0));
#6597=AXIS2_PLACEMENT_3D('',#6594,#6595,#6596);
#6598=PLANE('3698',#6597);
#6599=ORIENTED_EDGE('4343',*,*,#5221,.F.);
#6601=ORIENTED_EDGE('4429',*,*,#6600,.T.);
#6603=ORIENTED_EDGE('4436',*,*,#6602,.F.);
#6605=ORIENTED_EDGE('4441',*,*,#6604,.T.);
#6607=ORIENTED_EDGE('4405',*,*,#6606,.F.);
#6608=ORIENTED_EDGE('4375',*,*,#4362,.F.);
#6609=ORIENTED_EDGE('4540',*,*,#5242,.F.);
#6610=EDGE_LOOP('3698',(#6599,#6601,#6603,#6605,#6607,#6608,#6609));
#6611=FACE_OUTER_BOUND('3698',#6610,.F.);
#6613=FILL_AREA_STYLE_COLOUR('',#183);
#6614=FILL_AREA_STYLE('',(#6613));
#6615=SURFACE_STYLE_FILL_AREA(#6614);
#6616=SURFACE_SIDE_STYLE('',(#6615));
#6617=SURFACE_STYLE_USAGE(.BOTH.,#6616);
#6618=PRESENTATION_STYLE_ASSIGNMENT((#6617));
#6619=STYLED_ITEM('',(#6618),#6612);
#6620=CARTESIAN_POINT('',(0.E0,1.39875E-1,3.65E-2));
#6621=DIRECTION('',(0.E0,5.082535845411E-1,8.612074626947E-1));
#6622=DIRECTION('',(0.E0,8.612074626947E-1,-5.082535845411E-1));
#6623=AXIS2_PLACEMENT_3D('',#6620,#6621,#6622);
#6624=PLANE('3602',#6623);
#6625=ORIENTED_EDGE('4429',*,*,#6600,.F.);
#6626=ORIENTED_EDGE('4342',*,*,#5219,.F.);
#6627=ORIENTED_EDGE('4431',*,*,#5185,.F.);
#6629=ORIENTED_EDGE('4430',*,*,#6628,.F.);
#6630=EDGE_LOOP('3602',(#6625,#6626,#6627,#6629));
#6631=FACE_OUTER_BOUND('3602',#6630,.F.);
#6633=FILL_AREA_STYLE_COLOUR('',#183);
#6634=FILL_AREA_STYLE('',(#6633));
#6635=SURFACE_STYLE_FILL_AREA(#6634);
#6636=SURFACE_SIDE_STYLE('',(#6635));
#6637=SURFACE_STYLE_USAGE(.BOTH.,#6636);
#6638=PRESENTATION_STYLE_ASSIGNMENT((#6637));
#6639=STYLED_ITEM('',(#6638),#6632);
#6640=CARTESIAN_POINT('',(0.E0,9.225E-2,5.9E-2));
#6641=DIRECTION('',(0.E0,0.E0,1.E0));
#6642=DIRECTION('',(0.E0,-1.E0,0.E0));
#6643=AXIS2_PLACEMENT_3D('',#6640,#6641,#6642);
#6644=PLANE('3605',#6643);
#6645=ORIENTED_EDGE('4436',*,*,#6602,.T.);
#6646=ORIENTED_EDGE('4430',*,*,#6628,.T.);
#6647=ORIENTED_EDGE('4437',*,*,#5183,.T.);
#6649=ORIENTED_EDGE('4438',*,*,#6648,.F.);
#6650=EDGE_LOOP('3605',(#6645,#6646,#6647,#6649));
#6651=FACE_OUTER_BOUND('3605',#6650,.F.);
#6653=FILL_AREA_STYLE_COLOUR('',#183);
#6654=FILL_AREA_STYLE('',(#6653));
#6655=SURFACE_STYLE_FILL_AREA(#6654);
#6656=SURFACE_SIDE_STYLE('',(#6655));
#6657=SURFACE_STYLE_USAGE(.BOTH.,#6656);
#6658=PRESENTATION_STYLE_ASSIGNMENT((#6657));
#6659=STYLED_ITEM('',(#6658),#6652);
#6660=CARTESIAN_POINT('',(0.E0,7.5125E-2,5.45E-2));
#6661=DIRECTION('',(0.E0,-5.082535845414E-1,8.612074626945E-1));
#6662=DIRECTION('',(0.E0,-8.612074626945E-1,-5.082535845414E-1));
#6663=AXIS2_PLACEMENT_3D('',#6660,#6661,#6662);
#6664=PLANE('3608',#6663);
#6665=ORIENTED_EDGE('4441',*,*,#6604,.F.);
#6666=ORIENTED_EDGE('4438',*,*,#6648,.T.);
#6667=ORIENTED_EDGE('4442',*,*,#5181,.F.);
#6669=ORIENTED_EDGE('4407',*,*,#6668,.T.);
#6670=EDGE_LOOP('3608',(#6665,#6666,#6667,#6669));
#6671=FACE_OUTER_BOUND('3608',#6670,.F.);
#6673=FILL_AREA_STYLE_COLOUR('',#183);
#6674=FILL_AREA_STYLE('',(#6673));
#6675=SURFACE_STYLE_FILL_AREA(#6674);
#6676=SURFACE_SIDE_STYLE('',(#6675));
#6677=SURFACE_STYLE_USAGE(.BOTH.,#6676);
#6678=PRESENTATION_STYLE_ASSIGNMENT((#6677));
#6679=STYLED_ITEM('',(#6678),#6672);
#6680=CARTESIAN_POINT('',(0.E0,-1.275E-2,5.E-2));
#6681=DIRECTION('',(0.E0,0.E0,1.E0));
#6682=DIRECTION('',(0.E0,1.E0,0.E0));
#6683=AXIS2_PLACEMENT_3D('',#6680,#6681,#6682);
#6684=PLANE('3579',#6683);
#6685=ORIENTED_EDGE('4405',*,*,#6606,.T.);
#6686=ORIENTED_EDGE('4407',*,*,#6668,.F.);
#6687=ORIENTED_EDGE('4406',*,*,#5179,.T.);
#6688=ORIENTED_EDGE('4374',*,*,#4364,.F.);
#6689=EDGE_LOOP('3579',(#6685,#6686,#6687,#6688));
#6690=FACE_OUTER_BOUND('3579',#6689,.F.);
#6692=FILL_AREA_STYLE_COLOUR('',#183);
#6693=FILL_AREA_STYLE('',(#6692));
#6694=SURFACE_STYLE_FILL_AREA(#6693);
#6695=SURFACE_SIDE_STYLE('',(#6694));
#6696=SURFACE_STYLE_USAGE(.BOTH.,#6695);
#6697=PRESENTATION_STYLE_ASSIGNMENT((#6696));
#6698=STYLED_ITEM('',(#6697),#6691);
#6699=CARTESIAN_POINT('',(2.377704218681E-1,-1.355E-1,2.949220641175E-1));
#6700=DIRECTION('',(9.459156263842E-1,0.E0,3.244127429098E-1));
#6701=DIRECTION('',(3.244127429098E-1,0.E0,-9.459156263842E-1));
#6702=AXIS2_PLACEMENT_3D('',#6699,#6700,#6701);
#6703=PLANE('3646',#6702);
#6704=ORIENTED_EDGE('4250',*,*,#4639,.F.);
#6706=ORIENTED_EDGE('4480',*,*,#6705,.T.);
#6708=ORIENTED_EDGE('4481',*,*,#6707,.T.);
#6709=ORIENTED_EDGE('4307',*,*,#4788,.T.);
#6710=EDGE_LOOP('3646',(#6704,#6706,#6708,#6709));
#6711=FACE_OUTER_BOUND('3646',#6710,.F.);
#6713=FILL_AREA_STYLE_COLOUR('',#183);
#6714=FILL_AREA_STYLE('',(#6713));
#6715=SURFACE_STYLE_FILL_AREA(#6714);
#6716=SURFACE_SIDE_STYLE('',(#6715));
#6717=SURFACE_STYLE_USAGE(.BOTH.,#6716);
#6718=PRESENTATION_STYLE_ASSIGNMENT((#6717));
#6719=STYLED_ITEM('',(#6718),#6712);
#6720=CARTESIAN_POINT('',(2.5E-1,-9.3E-2,2.915443942071E-1));
#6721=DIRECTION('',(0.E0,1.E0,0.E0));
#6722=DIRECTION('',(1.E0,0.E0,0.E0));
#6723=AXIS2_PLACEMENT_3D('',#6720,#6721,#6722);
#6724=PLANE('3645',#6723);
#6725=ORIENTED_EDGE('4249',*,*,#4637,.T.);
#6727=ORIENTED_EDGE('4478',*,*,#6726,.F.);
#6729=ORIENTED_EDGE('4479',*,*,#6728,.F.);
#6730=ORIENTED_EDGE('4480',*,*,#6705,.F.);
#6731=EDGE_LOOP('3645',(#6725,#6727,#6729,#6730));
#6732=FACE_OUTER_BOUND('3645',#6731,.F.);
#6734=FILL_AREA_STYLE_COLOUR('',#183);
#6735=FILL_AREA_STYLE('',(#6734));
#6736=SURFACE_STYLE_FILL_AREA(#6735);
#6737=SURFACE_SIDE_STYLE('',(#6736));
#6738=SURFACE_STYLE_USAGE(.BOTH.,#6737);
#6739=PRESENTATION_STYLE_ASSIGNMENT((#6738));
#6740=STYLED_ITEM('',(#6739),#6733);
#6741=CARTESIAN_POINT('',(2.622295781320E-1,-1.355E-1,2.949220641175E-1));
#6742=DIRECTION('',(9.459156263842E-1,0.E0,-3.244127429098E-1));
#6743=DIRECTION('',(3.244127429098E-1,0.E0,9.459156263842E-1));
#6744=AXIS2_PLACEMENT_3D('',#6741,#6742,#6743);
#6745=PLANE('3648',#6744);
#6746=ORIENTED_EDGE('4248',*,*,#4635,.F.);
#6747=ORIENTED_EDGE('4309',*,*,#4792,.T.);
#6749=ORIENTED_EDGE('4482',*,*,#6748,.T.);
#6750=ORIENTED_EDGE('4478',*,*,#6726,.T.);
#6751=EDGE_LOOP('3648',(#6746,#6747,#6749,#6750));
#6752=FACE_OUTER_BOUND('3648',#6751,.F.);
#6754=FILL_AREA_STYLE_COLOUR('',#183);
#6755=FILL_AREA_STYLE('',(#6754));
#6756=SURFACE_STYLE_FILL_AREA(#6755);
#6757=SURFACE_SIDE_STYLE('',(#6756));
#6758=SURFACE_STYLE_USAGE(.BOTH.,#6757);
#6759=PRESENTATION_STYLE_ASSIGNMENT((#6758));
#6760=STYLED_ITEM('',(#6759),#6753);
#6761=CARTESIAN_POINT('',(2.5E-1,-9.13E-2,2.900882556641E-1));
#6762=DIRECTION('',(0.E0,-1.E0,0.E0));
#6763=DIRECTION('',(1.E0,0.E0,0.E0));
#6764=AXIS2_PLACEMENT_3D('',#6761,#6762,#6763);
#6765=CYLINDRICAL_SURFACE('3647',#6764,1.E-2);
#6766=ORIENTED_EDGE('4308',*,*,#4790,.T.);
#6767=ORIENTED_EDGE('4481',*,*,#6707,.F.);
#6768=ORIENTED_EDGE('4479',*,*,#6728,.T.);
#6769=ORIENTED_EDGE('4482',*,*,#6748,.F.);
#6770=EDGE_LOOP('3647',(#6766,#6767,#6768,#6769));
#6771=FACE_OUTER_BOUND('3647',#6770,.F.);
#6773=FILL_AREA_STYLE_COLOUR('',#183);
#6774=FILL_AREA_STYLE('',(#6773));
#6775=SURFACE_STYLE_FILL_AREA(#6774);
#6776=SURFACE_SIDE_STYLE('',(#6775));
#6777=SURFACE_STYLE_USAGE(.BOTH.,#6776);
#6778=PRESENTATION_STYLE_ASSIGNMENT((#6777));
#6779=STYLED_ITEM('',(#6778),#6772);
#6780=CARTESIAN_POINT('',(1.5E-1,-9.550000000003E-2,1.89E-1));
#6781=DIRECTION('',(0.E0,0.E0,1.E0));
#6782=DIRECTION('',(-1.E0,0.E0,0.E0));
#6783=AXIS2_PLACEMENT_3D('',#6780,#6781,#6782);
#6784=PLANE('3705',#6783);
#6785=ORIENTED_EDGE('4574',*,*,#4801,.T.);
#6787=ORIENTED_EDGE('4584',*,*,#6786,.F.);
#6789=ORIENTED_EDGE('3877',*,*,#6788,.T.);
#6791=ORIENTED_EDGE('4583',*,*,#6790,.F.);
#6792=EDGE_LOOP('3705',(#6785,#6787,#6789,#6791));
#6793=FACE_OUTER_BOUND('3705',#6792,.F.);
#6795=FILL_AREA_STYLE_COLOUR('',#152);
#6796=FILL_AREA_STYLE('',(#6795));
#6797=SURFACE_STYLE_FILL_AREA(#6796);
#6798=SURFACE_SIDE_STYLE('',(#6797));
#6799=SURFACE_STYLE_USAGE(.BOTH.,#6798);
#6800=PRESENTATION_STYLE_ASSIGNMENT((#6799));
#6801=STYLED_ITEM('',(#6800),#6794);
#6802=CARTESIAN_POINT('',(1.5E-1,-9.550000000003E-2,1.89E-1));
#6803=DIRECTION('',(0.E0,0.E0,1.E0));
#6804=DIRECTION('',(-1.E0,0.E0,0.E0));
#6805=AXIS2_PLACEMENT_3D('',#6802,#6803,#6804);
#6806=PLANE('3705',#6805);
#6807=ORIENTED_EDGE('4578',*,*,#4387,.F.);
#6809=ORIENTED_EDGE('4582',*,*,#6808,.F.);
#6811=ORIENTED_EDGE('3881',*,*,#6810,.F.);
#6813=ORIENTED_EDGE('4585',*,*,#6812,.F.);
#6814=EDGE_LOOP('3705',(#6807,#6809,#6811,#6813));
#6815=FACE_OUTER_BOUND('3705',#6814,.F.);
#6817=FILL_AREA_STYLE_COLOUR('',#152);
#6818=FILL_AREA_STYLE('',(#6817));
#6819=SURFACE_STYLE_FILL_AREA(#6818);
#6820=SURFACE_SIDE_STYLE('',(#6819));
#6821=SURFACE_STYLE_USAGE(.POSITIVE.,#6820);
#6822=PRESENTATION_STYLE_ASSIGNMENT((#6821));
#6823=STYLED_ITEM('',(#6822),#6816);
#6824=CARTESIAN_POINT('',(1.375E-1,-9.550000000003E-2,2.015E-1));
#6825=DIRECTION('',(1.E0,0.E0,0.E0));
#6826=DIRECTION('',(0.E0,0.E0,1.E0));
#6827=AXIS2_PLACEMENT_3D('',#6824,#6825,#6826);
#6828=PLANE('3710',#6827);
#6829=ORIENTED_EDGE('4575',*,*,#4807,.T.);
#6831=ORIENTED_EDGE('4588',*,*,#6830,.F.);
#6833=ORIENTED_EDGE('3889',*,*,#6832,.T.);
#6834=ORIENTED_EDGE('4584',*,*,#6786,.T.);
#6835=EDGE_LOOP('3710',(#6829,#6831,#6833,#6834));
#6836=FACE_OUTER_BOUND('3710',#6835,.F.);
#6838=FILL_AREA_STYLE_COLOUR('',#152);
#6839=FILL_AREA_STYLE('',(#6838));
#6840=SURFACE_STYLE_FILL_AREA(#6839);
#6841=SURFACE_SIDE_STYLE('',(#6840));
#6842=SURFACE_STYLE_USAGE(.BOTH.,#6841);
#6843=PRESENTATION_STYLE_ASSIGNMENT((#6842));
#6844=STYLED_ITEM('',(#6843),#6837);
#6845=CARTESIAN_POINT('',(1.375E-1,-9.550000000003E-2,2.015E-1));
#6846=DIRECTION('',(1.E0,0.E0,0.E0));
#6847=DIRECTION('',(0.E0,0.E0,1.E0));
#6848=AXIS2_PLACEMENT_3D('',#6845,#6846,#6847);
#6849=PLANE('3710',#6848);
#6850=ORIENTED_EDGE('4579',*,*,#4389,.F.);
#6851=ORIENTED_EDGE('4585',*,*,#6812,.T.);
#6853=ORIENTED_EDGE('3890',*,*,#6852,.F.);
#6855=ORIENTED_EDGE('4589',*,*,#6854,.F.);
#6856=EDGE_LOOP('3710',(#6850,#6851,#6853,#6855));
#6857=FACE_OUTER_BOUND('3710',#6856,.F.);
#6859=FILL_AREA_STYLE_COLOUR('',#152);
#6860=FILL_AREA_STYLE('',(#6859));
#6861=SURFACE_STYLE_FILL_AREA(#6860);
#6862=SURFACE_SIDE_STYLE('',(#6861));
#6863=SURFACE_STYLE_USAGE(.POSITIVE.,#6862);
#6864=PRESENTATION_STYLE_ASSIGNMENT((#6863));
#6865=STYLED_ITEM('',(#6864),#6858);
#6866=CARTESIAN_POINT('',(1.5E-1,-9.550000000003E-2,2.14E-1));
#6867=DIRECTION('',(0.E0,0.E0,1.E0));
#6868=DIRECTION('',(1.E0,0.E0,0.E0));
#6869=AXIS2_PLACEMENT_3D('',#6866,#6867,#6868);
#6870=PLANE('3716',#6869);
#6871=ORIENTED_EDGE('4577',*,*,#4805,.T.);
#6873=ORIENTED_EDGE('4587',*,*,#6872,.T.);
#6875=ORIENTED_EDGE('3888',*,*,#6874,.T.);
#6876=ORIENTED_EDGE('4588',*,*,#6830,.T.);
#6877=EDGE_LOOP('3716',(#6871,#6873,#6875,#6876));
#6878=FACE_OUTER_BOUND('3716',#6877,.F.);
#6880=FILL_AREA_STYLE_COLOUR('',#152);
#6881=FILL_AREA_STYLE('',(#6880));
#6882=SURFACE_STYLE_FILL_AREA(#6881);
#6883=SURFACE_SIDE_STYLE('',(#6882));
#6884=SURFACE_STYLE_USAGE(.BOTH.,#6883);
#6885=PRESENTATION_STYLE_ASSIGNMENT((#6884));
#6886=STYLED_ITEM('',(#6885),#6879);
#6887=CARTESIAN_POINT('',(1.5E-1,-9.550000000003E-2,2.14E-1));
#6888=DIRECTION('',(0.E0,0.E0,1.E0));
#6889=DIRECTION('',(1.E0,0.E0,0.E0));
#6890=AXIS2_PLACEMENT_3D('',#6887,#6888,#6889);
#6891=PLANE('3716',#6890);
#6892=ORIENTED_EDGE('4581',*,*,#4391,.F.);
#6893=ORIENTED_EDGE('4589',*,*,#6854,.T.);
#6895=ORIENTED_EDGE('3900',*,*,#6894,.T.);
#6897=ORIENTED_EDGE('4586',*,*,#6896,.T.);
#6898=EDGE_LOOP('3716',(#6892,#6893,#6895,#6897));
#6899=FACE_OUTER_BOUND('3716',#6898,.F.);
#6901=FILL_AREA_STYLE_COLOUR('',#152);
#6902=FILL_AREA_STYLE('',(#6901));
#6903=SURFACE_STYLE_FILL_AREA(#6902);
#6904=SURFACE_SIDE_STYLE('',(#6903));
#6905=SURFACE_STYLE_USAGE(.POSITIVE.,#6904);
#6906=PRESENTATION_STYLE_ASSIGNMENT((#6905));
#6907=STYLED_ITEM('',(#6906),#6900);
#6908=CARTESIAN_POINT('',(1.625E-1,-9.550000000003E-2,2.015E-1));
#6909=DIRECTION('',(1.E0,0.E0,0.E0));
#6910=DIRECTION('',(0.E0,0.E0,-1.E0));
#6911=AXIS2_PLACEMENT_3D('',#6908,#6909,#6910);
#6912=PLANE('3706',#6911);
#6913=ORIENTED_EDGE('4576',*,*,#4803,.T.);
#6914=ORIENTED_EDGE('4583',*,*,#6790,.T.);
#6916=ORIENTED_EDGE('3883',*,*,#6915,.F.);
#6917=ORIENTED_EDGE('4587',*,*,#6872,.F.);
#6918=EDGE_LOOP('3706',(#6913,#6914,#6916,#6917));
#6919=FACE_OUTER_BOUND('3706',#6918,.F.);
#6921=FILL_AREA_STYLE_COLOUR('',#152);
#6922=FILL_AREA_STYLE('',(#6921));
#6923=SURFACE_STYLE_FILL_AREA(#6922);
#6924=SURFACE_SIDE_STYLE('',(#6923));
#6925=SURFACE_STYLE_USAGE(.BOTH.,#6924);
#6926=PRESENTATION_STYLE_ASSIGNMENT((#6925));
#6927=STYLED_ITEM('',(#6926),#6920);
#6928=CARTESIAN_POINT('',(1.625E-1,-9.550000000003E-2,2.015E-1));
#6929=DIRECTION('',(1.E0,0.E0,0.E0));
#6930=DIRECTION('',(0.E0,0.E0,-1.E0));
#6931=AXIS2_PLACEMENT_3D('',#6928,#6929,#6930);
#6932=PLANE('3706',#6931);
#6933=ORIENTED_EDGE('4580',*,*,#4393,.F.);
#6934=ORIENTED_EDGE('4586',*,*,#6896,.F.);
#6936=ORIENTED_EDGE('3885',*,*,#6935,.F.);
#6937=ORIENTED_EDGE('4582',*,*,#6808,.T.);
#6938=EDGE_LOOP('3706',(#6933,#6934,#6936,#6937));
#6939=FACE_OUTER_BOUND('3706',#6938,.F.);
#6941=FILL_AREA_STYLE_COLOUR('',#152);
#6942=FILL_AREA_STYLE('',(#6941));
#6943=SURFACE_STYLE_FILL_AREA(#6942);
#6944=SURFACE_SIDE_STYLE('',(#6943));
#6945=SURFACE_STYLE_USAGE(.POSITIVE.,#6944);
#6946=PRESENTATION_STYLE_ASSIGNMENT((#6945));
#6947=STYLED_ITEM('',(#6946),#6940);
#6948=CARTESIAN_POINT('',(1.585E-1,-3.194219723180E-1,2.015E-1));
#6949=DIRECTION('',(9.063077870368E-1,-4.226182617403E-1,0.E0));
#6950=DIRECTION('',(0.E0,0.E0,-1.E0));
#6951=AXIS2_PLACEMENT_3D('',#6948,#6949,#6950);
#6952=PLANE('3707',#6951);
#6954=ORIENTED_EDGE('3874',*,*,#6953,.T.);
#6956=ORIENTED_EDGE('3886',*,*,#6955,.F.);
#6957=ORIENTED_EDGE('3883',*,*,#6915,.T.);
#6959=ORIENTED_EDGE('3879',*,*,#6958,.T.);
#6960=EDGE_LOOP('3707',(#6954,#6956,#6957,#6959));
#6961=FACE_OUTER_BOUND('3707',#6960,.F.);
#6963=FILL_AREA_STYLE_COLOUR('',#152);
#6964=FILL_AREA_STYLE('',(#6963));
#6965=SURFACE_STYLE_FILL_AREA(#6964);
#6966=SURFACE_SIDE_STYLE('',(#6965));
#6967=SURFACE_STYLE_USAGE(.BOTH.,#6966);
#6968=PRESENTATION_STYLE_ASSIGNMENT((#6967));
#6969=STYLED_ITEM('',(#6968),#6962);
#6970=CARTESIAN_POINT('',(1.5E-1,-3.28E-1,2.015E-1));
#6971=DIRECTION('',(0.E0,1.E0,0.E0));
#6972=DIRECTION('',(1.E0,0.E0,0.E0));
#6973=AXIS2_PLACEMENT_3D('',#6970,#6971,#6972);
#6974=PLANE('3703',#6973);
#6976=ORIENTED_EDGE('3873',*,*,#6975,.F.);
#6978=ORIENTED_EDGE('3876',*,*,#6977,.F.);
#6980=ORIENTED_EDGE('3875',*,*,#6979,.F.);
#6981=ORIENTED_EDGE('3874',*,*,#6953,.F.);
#6982=EDGE_LOOP('3703',(#6976,#6978,#6980,#6981));
#6983=FACE_OUTER_BOUND('3703',#6982,.F.);
#6985=FILL_AREA_STYLE_COLOUR('',#152);
#6986=FILL_AREA_STYLE('',(#6985));
#6987=SURFACE_STYLE_FILL_AREA(#6986);
#6988=SURFACE_SIDE_STYLE('',(#6987));
#6989=SURFACE_STYLE_USAGE(.BOTH.,#6988);
#6990=PRESENTATION_STYLE_ASSIGNMENT((#6989));
#6991=STYLED_ITEM('',(#6990),#6984);
#6992=CARTESIAN_POINT('',(1.5E-1,-3.194219723180E-1,1.93E-1));
#6993=DIRECTION('',(0.E0,4.226182617403E-1,9.063077870368E-1));
#6994=DIRECTION('',(-1.E0,0.E0,0.E0));
#6995=AXIS2_PLACEMENT_3D('',#6992,#6993,#6994);
#6996=PLANE('3704',#6995);
#6997=ORIENTED_EDGE('3877',*,*,#6788,.F.);
#6999=ORIENTED_EDGE('3878',*,*,#6998,.F.);
#7000=ORIENTED_EDGE('3873',*,*,#6975,.T.);
#7001=ORIENTED_EDGE('3879',*,*,#6958,.F.);
#7002=EDGE_LOOP('3704',(#6997,#6999,#7000,#7001));
#7003=FACE_OUTER_BOUND('3704',#7002,.F.);
#7005=FILL_AREA_STYLE_COLOUR('',#152);
#7006=FILL_AREA_STYLE('',(#7005));
#7007=SURFACE_STYLE_FILL_AREA(#7006);
#7008=SURFACE_SIDE_STYLE('',(#7007));
#7009=SURFACE_STYLE_USAGE(.BOTH.,#7008);
#7010=PRESENTATION_STYLE_ASSIGNMENT((#7009));
#7011=STYLED_ITEM('',(#7010),#7004);
#7012=CARTESIAN_POINT('',(1.415E-1,-3.194219723180E-1,2.015E-1));
#7013=DIRECTION('',(9.063077870368E-1,4.226182617403E-1,0.E0));
#7014=DIRECTION('',(0.E0,0.E0,-1.E0));
#7015=AXIS2_PLACEMENT_3D('',#7012,#7013,#7014);
#7016=PLANE('3709',#7015);
#7017=ORIENTED_EDGE('3889',*,*,#6832,.F.);
#7019=ORIENTED_EDGE('3887',*,*,#7018,.T.);
#7020=ORIENTED_EDGE('3876',*,*,#6977,.T.);
#7021=ORIENTED_EDGE('3878',*,*,#6998,.T.);
#7022=EDGE_LOOP('3709',(#7017,#7019,#7020,#7021));
#7023=FACE_OUTER_BOUND('3709',#7022,.F.);
#7025=FILL_AREA_STYLE_COLOUR('',#152);
#7026=FILL_AREA_STYLE('',(#7025));
#7027=SURFACE_STYLE_FILL_AREA(#7026);
#7028=SURFACE_SIDE_STYLE('',(#7027));
#7029=SURFACE_STYLE_USAGE(.BOTH.,#7028);
#7030=PRESENTATION_STYLE_ASSIGNMENT((#7029));
#7031=STYLED_ITEM('',(#7030),#7024);
#7032=CARTESIAN_POINT('',(1.5E-1,-3.194219723180E-1,2.1E-1));
#7033=DIRECTION('',(0.E0,-4.226182617403E-1,9.063077870368E-1));
#7034=DIRECTION('',(-1.E0,0.E0,0.E0));
#7035=AXIS2_PLACEMENT_3D('',#7032,#7033,#7034);
#7036=PLANE('3708',#7035);
#7037=ORIENTED_EDGE('3875',*,*,#6979,.T.);
#7038=ORIENTED_EDGE('3887',*,*,#7018,.F.);
#7039=ORIENTED_EDGE('3888',*,*,#6874,.F.);
#7040=ORIENTED_EDGE('3886',*,*,#6955,.T.);
#7041=EDGE_LOOP('3708',(#7037,#7038,#7039,#7040));
#7042=FACE_OUTER_BOUND('3708',#7041,.F.);
#7044=FILL_AREA_STYLE_COLOUR('',#152);
#7045=FILL_AREA_STYLE('',(#7044));
#7046=SURFACE_STYLE_FILL_AREA(#7045);
#7047=SURFACE_SIDE_STYLE('',(#7046));
#7048=SURFACE_STYLE_USAGE(.BOTH.,#7047);
#7049=PRESENTATION_STYLE_ASSIGNMENT((#7048));
#7050=STYLED_ITEM('',(#7049),#7043);
#7051=CARTESIAN_POINT('',(1.585E-1,1.284219723180E-1,2.015E-1));
#7052=DIRECTION('',(9.063077870368E-1,4.226182617403E-1,0.E0));
#7053=DIRECTION('',(0.E0,0.E0,-1.E0));
#7054=AXIS2_PLACEMENT_3D('',#7051,#7052,#7053);
#7055=PLANE('3714',#7054);
#7056=ORIENTED_EDGE('3885',*,*,#6935,.T.);
#7058=ORIENTED_EDGE('3899',*,*,#7057,.F.);
#7060=ORIENTED_EDGE('3897',*,*,#7059,.T.);
#7062=ORIENTED_EDGE('3896',*,*,#7061,.T.);
#7063=EDGE_LOOP('3714',(#7056,#7058,#7060,#7062));
#7064=FACE_OUTER_BOUND('3714',#7063,.F.);
#7066=FILL_AREA_STYLE_COLOUR('',#152);
#7067=FILL_AREA_STYLE('',(#7066));
#7068=SURFACE_STYLE_FILL_AREA(#7067);
#7069=SURFACE_SIDE_STYLE('',(#7068));
#7070=SURFACE_STYLE_USAGE(.BOTH.,#7069);
#7071=PRESENTATION_STYLE_ASSIGNMENT((#7070));
#7072=STYLED_ITEM('',(#7071),#7065);
#7073=CARTESIAN_POINT('',(1.5E-1,1.284219723180E-1,2.1E-1));
#7074=DIRECTION('',(0.E0,4.226182617403E-1,9.063077870368E-1));
#7075=DIRECTION('',(-1.E0,0.E0,0.E0));
#7076=AXIS2_PLACEMENT_3D('',#7073,#7074,#7075);
#7077=PLANE('3715',#7076);
#7078=ORIENTED_EDGE('3900',*,*,#6894,.F.);
#7080=ORIENTED_EDGE('3894',*,*,#7079,.T.);
#7082=ORIENTED_EDGE('3898',*,*,#7081,.T.);
#7083=ORIENTED_EDGE('3899',*,*,#7057,.T.);
#7084=EDGE_LOOP('3715',(#7078,#7080,#7082,#7083));
#7085=FACE_OUTER_BOUND('3715',#7084,.F.);
#7087=FILL_AREA_STYLE_COLOUR('',#152);
#7088=FILL_AREA_STYLE('',(#7087));
#7089=SURFACE_STYLE_FILL_AREA(#7088);
#7090=SURFACE_SIDE_STYLE('',(#7089));
#7091=SURFACE_STYLE_USAGE(.BOTH.,#7090);
#7092=PRESENTATION_STYLE_ASSIGNMENT((#7091));
#7093=STYLED_ITEM('',(#7092),#7086);
#7094=CARTESIAN_POINT('',(1.415E-1,1.284219723180E-1,2.015E-1));
#7095=DIRECTION('',(9.063077870368E-1,-4.226182617403E-1,0.E0));
#7096=DIRECTION('',(0.E0,0.E0,-1.E0));
#7097=AXIS2_PLACEMENT_3D('',#7094,#7095,#7096);
#7098=PLANE('3711',#7097);
#7099=ORIENTED_EDGE('3890',*,*,#6852,.T.);
#7101=ORIENTED_EDGE('3892',*,*,#7100,.F.);
#7103=ORIENTED_EDGE('3893',*,*,#7102,.F.);
#7104=ORIENTED_EDGE('3894',*,*,#7079,.F.);
#7105=EDGE_LOOP('3711',(#7099,#7101,#7103,#7104));
#7106=FACE_OUTER_BOUND('3711',#7105,.F.);
#7108=FILL_AREA_STYLE_COLOUR('',#152);
#7109=FILL_AREA_STYLE('',(#7108));
#7110=SURFACE_STYLE_FILL_AREA(#7109);
#7111=SURFACE_SIDE_STYLE('',(#7110));
#7112=SURFACE_STYLE_USAGE(.BOTH.,#7111);
#7113=PRESENTATION_STYLE_ASSIGNMENT((#7112));
#7114=STYLED_ITEM('',(#7113),#7107);
#7115=CARTESIAN_POINT('',(1.5E-1,1.284219723180E-1,1.93E-1));
#7116=DIRECTION('',(0.E0,-4.226182617403E-1,9.063077870368E-1));
#7117=DIRECTION('',(-1.E0,0.E0,0.E0));
#7118=AXIS2_PLACEMENT_3D('',#7115,#7116,#7117);
#7119=PLANE('3712',#7118);
#7121=ORIENTED_EDGE('3895',*,*,#7120,.F.);
#7122=ORIENTED_EDGE('3892',*,*,#7100,.T.);
#7123=ORIENTED_EDGE('3881',*,*,#6810,.T.);
#7124=ORIENTED_EDGE('3896',*,*,#7061,.F.);
#7125=EDGE_LOOP('3712',(#7121,#7122,#7123,#7124));
#7126=FACE_OUTER_BOUND('3712',#7125,.F.);
#7128=FILL_AREA_STYLE_COLOUR('',#152);
#7129=FILL_AREA_STYLE('',(#7128));
#7130=SURFACE_STYLE_FILL_AREA(#7129);
#7131=SURFACE_SIDE_STYLE('',(#7130));
#7132=SURFACE_STYLE_USAGE(.BOTH.,#7131);
#7133=PRESENTATION_STYLE_ASSIGNMENT((#7132));
#7134=STYLED_ITEM('',(#7133),#7127);
#7135=CARTESIAN_POINT('',(1.5E-1,1.37E-1,2.015E-1));
#7136=DIRECTION('',(0.E0,1.E0,0.E0));
#7137=DIRECTION('',(1.E0,0.E0,0.E0));
#7138=AXIS2_PLACEMENT_3D('',#7135,#7136,#7137);
#7139=PLANE('3713',#7138);
#7140=ORIENTED_EDGE('3897',*,*,#7059,.F.);
#7141=ORIENTED_EDGE('3898',*,*,#7081,.F.);
#7142=ORIENTED_EDGE('3893',*,*,#7102,.T.);
#7143=ORIENTED_EDGE('3895',*,*,#7120,.T.);
#7144=EDGE_LOOP('3713',(#7140,#7141,#7142,#7143));
#7145=FACE_OUTER_BOUND('3713',#7144,.F.);
#7147=FILL_AREA_STYLE_COLOUR('',#152);
#7148=FILL_AREA_STYLE('',(#7147));
#7149=SURFACE_STYLE_FILL_AREA(#7148);
#7150=SURFACE_SIDE_STYLE('',(#7149));
#7151=SURFACE_STYLE_USAGE(.BOTH.,#7150);
#7152=PRESENTATION_STYLE_ASSIGNMENT((#7151));
#7153=STYLED_ITEM('',(#7152),#7146);
#7154=CARTESIAN_POINT('',(2.5E-1,-9.550000000003E-2,1.89E-1));
#7155=DIRECTION('',(0.E0,0.E0,1.E0));
#7156=DIRECTION('',(-1.E0,0.E0,0.E0));
#7157=AXIS2_PLACEMENT_3D('',#7154,#7155,#7156);
#7158=PLANE('3719',#7157);
#7159=ORIENTED_EDGE('4590',*,*,#4811,.T.);
#7161=ORIENTED_EDGE('4600',*,*,#7160,.F.);
#7163=ORIENTED_EDGE('3905',*,*,#7162,.T.);
#7165=ORIENTED_EDGE('4599',*,*,#7164,.F.);
#7166=EDGE_LOOP('3719',(#7159,#7161,#7163,#7165));
#7167=FACE_OUTER_BOUND('3719',#7166,.F.);
#7169=FILL_AREA_STYLE_COLOUR('',#152);
#7170=FILL_AREA_STYLE('',(#7169));
#7171=SURFACE_STYLE_FILL_AREA(#7170);
#7172=SURFACE_SIDE_STYLE('',(#7171));
#7173=SURFACE_STYLE_USAGE(.BOTH.,#7172);
#7174=PRESENTATION_STYLE_ASSIGNMENT((#7173));
#7175=STYLED_ITEM('',(#7174),#7168);
#7176=CARTESIAN_POINT('',(2.5E-1,-9.550000000003E-2,1.89E-1));
#7177=DIRECTION('',(0.E0,0.E0,1.E0));
#7178=DIRECTION('',(-1.E0,0.E0,0.E0));
#7179=AXIS2_PLACEMENT_3D('',#7176,#7177,#7178);
#7180=PLANE('3719',#7179);
#7181=ORIENTED_EDGE('4594',*,*,#4397,.F.);
#7183=ORIENTED_EDGE('4598',*,*,#7182,.F.);
#7185=ORIENTED_EDGE('3909',*,*,#7184,.F.);
#7187=ORIENTED_EDGE('4601',*,*,#7186,.F.);
#7188=EDGE_LOOP('3719',(#7181,#7183,#7185,#7187));
#7189=FACE_OUTER_BOUND('3719',#7188,.F.);
#7191=FILL_AREA_STYLE_COLOUR('',#152);
#7192=FILL_AREA_STYLE('',(#7191));
#7193=SURFACE_STYLE_FILL_AREA(#7192);
#7194=SURFACE_SIDE_STYLE('',(#7193));
#7195=SURFACE_STYLE_USAGE(.POSITIVE.,#7194);
#7196=PRESENTATION_STYLE_ASSIGNMENT((#7195));
#7197=STYLED_ITEM('',(#7196),#7190);
#7198=CARTESIAN_POINT('',(2.375E-1,-9.550000000003E-2,2.015E-1));
#7199=DIRECTION('',(1.E0,0.E0,0.E0));
#7200=DIRECTION('',(0.E0,0.E0,1.E0));
#7201=AXIS2_PLACEMENT_3D('',#7198,#7199,#7200);
#7202=PLANE('3724',#7201);
#7203=ORIENTED_EDGE('4591',*,*,#4817,.T.);
#7205=ORIENTED_EDGE('4604',*,*,#7204,.F.);
#7207=ORIENTED_EDGE('3917',*,*,#7206,.T.);
#7208=ORIENTED_EDGE('4600',*,*,#7160,.T.);
#7209=EDGE_LOOP('3724',(#7203,#7205,#7207,#7208));
#7210=FACE_OUTER_BOUND('3724',#7209,.F.);
#7212=FILL_AREA_STYLE_COLOUR('',#152);
#7213=FILL_AREA_STYLE('',(#7212));
#7214=SURFACE_STYLE_FILL_AREA(#7213);
#7215=SURFACE_SIDE_STYLE('',(#7214));
#7216=SURFACE_STYLE_USAGE(.BOTH.,#7215);
#7217=PRESENTATION_STYLE_ASSIGNMENT((#7216));
#7218=STYLED_ITEM('',(#7217),#7211);
#7219=CARTESIAN_POINT('',(2.375E-1,-9.550000000003E-2,2.015E-1));
#7220=DIRECTION('',(1.E0,0.E0,0.E0));
#7221=DIRECTION('',(0.E0,0.E0,1.E0));
#7222=AXIS2_PLACEMENT_3D('',#7219,#7220,#7221);
#7223=PLANE('3724',#7222);
#7224=ORIENTED_EDGE('4595',*,*,#4399,.F.);
#7225=ORIENTED_EDGE('4601',*,*,#7186,.T.);
#7227=ORIENTED_EDGE('3918',*,*,#7226,.F.);
#7229=ORIENTED_EDGE('4605',*,*,#7228,.F.);
#7230=EDGE_LOOP('3724',(#7224,#7225,#7227,#7229));
#7231=FACE_OUTER_BOUND('3724',#7230,.F.);
#7233=FILL_AREA_STYLE_COLOUR('',#152);
#7234=FILL_AREA_STYLE('',(#7233));
#7235=SURFACE_STYLE_FILL_AREA(#7234);
#7236=SURFACE_SIDE_STYLE('',(#7235));
#7237=SURFACE_STYLE_USAGE(.POSITIVE.,#7236);
#7238=PRESENTATION_STYLE_ASSIGNMENT((#7237));
#7239=STYLED_ITEM('',(#7238),#7232);
#7240=CARTESIAN_POINT('',(2.5E-1,-9.550000000003E-2,2.14E-1));
#7241=DIRECTION('',(0.E0,0.E0,1.E0));
#7242=DIRECTION('',(1.E0,0.E0,0.E0));
#7243=AXIS2_PLACEMENT_3D('',#7240,#7241,#7242);
#7244=PLANE('3730',#7243);
#7245=ORIENTED_EDGE('4593',*,*,#4815,.T.);
#7247=ORIENTED_EDGE('4603',*,*,#7246,.T.);
#7249=ORIENTED_EDGE('3916',*,*,#7248,.T.);
#7250=ORIENTED_EDGE('4604',*,*,#7204,.T.);
#7251=EDGE_LOOP('3730',(#7245,#7247,#7249,#7250));
#7252=FACE_OUTER_BOUND('3730',#7251,.F.);
#7254=FILL_AREA_STYLE_COLOUR('',#152);
#7255=FILL_AREA_STYLE('',(#7254));
#7256=SURFACE_STYLE_FILL_AREA(#7255);
#7257=SURFACE_SIDE_STYLE('',(#7256));
#7258=SURFACE_STYLE_USAGE(.BOTH.,#7257);
#7259=PRESENTATION_STYLE_ASSIGNMENT((#7258));
#7260=STYLED_ITEM('',(#7259),#7253);
#7261=CARTESIAN_POINT('',(2.5E-1,-9.550000000003E-2,2.14E-1));
#7262=DIRECTION('',(0.E0,0.E0,1.E0));
#7263=DIRECTION('',(1.E0,0.E0,0.E0));
#7264=AXIS2_PLACEMENT_3D('',#7261,#7262,#7263);
#7265=PLANE('3730',#7264);
#7266=ORIENTED_EDGE('4597',*,*,#4401,.F.);
#7267=ORIENTED_EDGE('4605',*,*,#7228,.T.);
#7269=ORIENTED_EDGE('3928',*,*,#7268,.T.);
#7271=ORIENTED_EDGE('4602',*,*,#7270,.T.);
#7272=EDGE_LOOP('3730',(#7266,#7267,#7269,#7271));
#7273=FACE_OUTER_BOUND('3730',#7272,.F.);
#7275=FILL_AREA_STYLE_COLOUR('',#152);
#7276=FILL_AREA_STYLE('',(#7275));
#7277=SURFACE_STYLE_FILL_AREA(#7276);
#7278=SURFACE_SIDE_STYLE('',(#7277));
#7279=SURFACE_STYLE_USAGE(.POSITIVE.,#7278);
#7280=PRESENTATION_STYLE_ASSIGNMENT((#7279));
#7281=STYLED_ITEM('',(#7280),#7274);
#7282=CARTESIAN_POINT('',(2.625E-1,-9.550000000003E-2,2.015E-1));
#7283=DIRECTION('',(1.E0,0.E0,0.E0));
#7284=DIRECTION('',(0.E0,0.E0,-1.E0));
#7285=AXIS2_PLACEMENT_3D('',#7282,#7283,#7284);
#7286=PLANE('3720',#7285);
#7287=ORIENTED_EDGE('4592',*,*,#4813,.T.);
#7288=ORIENTED_EDGE('4599',*,*,#7164,.T.);
#7290=ORIENTED_EDGE('3911',*,*,#7289,.F.);
#7291=ORIENTED_EDGE('4603',*,*,#7246,.F.);
#7292=EDGE_LOOP('3720',(#7287,#7288,#7290,#7291));
#7293=FACE_OUTER_BOUND('3720',#7292,.F.);
#7295=FILL_AREA_STYLE_COLOUR('',#152);
#7296=FILL_AREA_STYLE('',(#7295));
#7297=SURFACE_STYLE_FILL_AREA(#7296);
#7298=SURFACE_SIDE_STYLE('',(#7297));
#7299=SURFACE_STYLE_USAGE(.BOTH.,#7298);
#7300=PRESENTATION_STYLE_ASSIGNMENT((#7299));
#7301=STYLED_ITEM('',(#7300),#7294);
#7302=CARTESIAN_POINT('',(2.625E-1,-9.550000000003E-2,2.015E-1));
#7303=DIRECTION('',(1.E0,0.E0,0.E0));
#7304=DIRECTION('',(0.E0,0.E0,-1.E0));
#7305=AXIS2_PLACEMENT_3D('',#7302,#7303,#7304);
#7306=PLANE('3720',#7305);
#7307=ORIENTED_EDGE('4596',*,*,#4403,.F.);
#7308=ORIENTED_EDGE('4602',*,*,#7270,.F.);
#7310=ORIENTED_EDGE('3913',*,*,#7309,.F.);
#7311=ORIENTED_EDGE('4598',*,*,#7182,.T.);
#7312=EDGE_LOOP('3720',(#7307,#7308,#7310,#7311));
#7313=FACE_OUTER_BOUND('3720',#7312,.F.);
#7315=FILL_AREA_STYLE_COLOUR('',#152);
#7316=FILL_AREA_STYLE('',(#7315));
#7317=SURFACE_STYLE_FILL_AREA(#7316);
#7318=SURFACE_SIDE_STYLE('',(#7317));
#7319=SURFACE_STYLE_USAGE(.POSITIVE.,#7318);
#7320=PRESENTATION_STYLE_ASSIGNMENT((#7319));
#7321=STYLED_ITEM('',(#7320),#7314);
#7322=CARTESIAN_POINT('',(2.585E-1,-3.194219723180E-1,2.015E-1));
#7323=DIRECTION('',(9.063077870368E-1,-4.226182617403E-1,0.E0));
#7324=DIRECTION('',(0.E0,0.E0,-1.E0));
#7325=AXIS2_PLACEMENT_3D('',#7322,#7323,#7324);
#7326=PLANE('3721',#7325);
#7328=ORIENTED_EDGE('3902',*,*,#7327,.T.);
#7330=ORIENTED_EDGE('3914',*,*,#7329,.F.);
#7331=ORIENTED_EDGE('3911',*,*,#7289,.T.);
#7333=ORIENTED_EDGE('3907',*,*,#7332,.T.);
#7334=EDGE_LOOP('3721',(#7328,#7330,#7331,#7333));
#7335=FACE_OUTER_BOUND('3721',#7334,.F.);
#7337=FILL_AREA_STYLE_COLOUR('',#152);
#7338=FILL_AREA_STYLE('',(#7337));
#7339=SURFACE_STYLE_FILL_AREA(#7338);
#7340=SURFACE_SIDE_STYLE('',(#7339));
#7341=SURFACE_STYLE_USAGE(.BOTH.,#7340);
#7342=PRESENTATION_STYLE_ASSIGNMENT((#7341));
#7343=STYLED_ITEM('',(#7342),#7336);
#7344=CARTESIAN_POINT('',(2.5E-1,-3.28E-1,2.015E-1));
#7345=DIRECTION('',(0.E0,1.E0,0.E0));
#7346=DIRECTION('',(1.E0,0.E0,0.E0));
#7347=AXIS2_PLACEMENT_3D('',#7344,#7345,#7346);
#7348=PLANE('3717',#7347);
#7350=ORIENTED_EDGE('3901',*,*,#7349,.F.);
#7352=ORIENTED_EDGE('3904',*,*,#7351,.F.);
#7354=ORIENTED_EDGE('3903',*,*,#7353,.F.);
#7355=ORIENTED_EDGE('3902',*,*,#7327,.F.);
#7356=EDGE_LOOP('3717',(#7350,#7352,#7354,#7355));
#7357=FACE_OUTER_BOUND('3717',#7356,.F.);
#7359=FILL_AREA_STYLE_COLOUR('',#152);
#7360=FILL_AREA_STYLE('',(#7359));
#7361=SURFACE_STYLE_FILL_AREA(#7360);
#7362=SURFACE_SIDE_STYLE('',(#7361));
#7363=SURFACE_STYLE_USAGE(.BOTH.,#7362);
#7364=PRESENTATION_STYLE_ASSIGNMENT((#7363));
#7365=STYLED_ITEM('',(#7364),#7358);
#7366=CARTESIAN_POINT('',(2.5E-1,-3.194219723180E-1,1.93E-1));
#7367=DIRECTION('',(0.E0,4.226182617403E-1,9.063077870368E-1));
#7368=DIRECTION('',(-1.E0,0.E0,0.E0));
#7369=AXIS2_PLACEMENT_3D('',#7366,#7367,#7368);
#7370=PLANE('3718',#7369);
#7371=ORIENTED_EDGE('3905',*,*,#7162,.F.);
#7373=ORIENTED_EDGE('3906',*,*,#7372,.F.);
#7374=ORIENTED_EDGE('3901',*,*,#7349,.T.);
#7375=ORIENTED_EDGE('3907',*,*,#7332,.F.);
#7376=EDGE_LOOP('3718',(#7371,#7373,#7374,#7375));
#7377=FACE_OUTER_BOUND('3718',#7376,.F.);
#7379=FILL_AREA_STYLE_COLOUR('',#152);
#7380=FILL_AREA_STYLE('',(#7379));
#7381=SURFACE_STYLE_FILL_AREA(#7380);
#7382=SURFACE_SIDE_STYLE('',(#7381));
#7383=SURFACE_STYLE_USAGE(.BOTH.,#7382);
#7384=PRESENTATION_STYLE_ASSIGNMENT((#7383));
#7385=STYLED_ITEM('',(#7384),#7378);
#7386=CARTESIAN_POINT('',(2.415E-1,-3.194219723180E-1,2.015E-1));
#7387=DIRECTION('',(9.063077870368E-1,4.226182617403E-1,0.E0));
#7388=DIRECTION('',(0.E0,0.E0,-1.E0));
#7389=AXIS2_PLACEMENT_3D('',#7386,#7387,#7388);
#7390=PLANE('3723',#7389);
#7391=ORIENTED_EDGE('3917',*,*,#7206,.F.);
#7393=ORIENTED_EDGE('3915',*,*,#7392,.T.);
#7394=ORIENTED_EDGE('3904',*,*,#7351,.T.);
#7395=ORIENTED_EDGE('3906',*,*,#7372,.T.);
#7396=EDGE_LOOP('3723',(#7391,#7393,#7394,#7395));
#7397=FACE_OUTER_BOUND('3723',#7396,.F.);
#7399=FILL_AREA_STYLE_COLOUR('',#152);
#7400=FILL_AREA_STYLE('',(#7399));
#7401=SURFACE_STYLE_FILL_AREA(#7400);
#7402=SURFACE_SIDE_STYLE('',(#7401));
#7403=SURFACE_STYLE_USAGE(.BOTH.,#7402);
#7404=PRESENTATION_STYLE_ASSIGNMENT((#7403));
#7405=STYLED_ITEM('',(#7404),#7398);
#7406=CARTESIAN_POINT('',(2.5E-1,-3.194219723180E-1,2.1E-1));
#7407=DIRECTION('',(0.E0,-4.226182617403E-1,9.063077870368E-1));
#7408=DIRECTION('',(-1.E0,0.E0,0.E0));
#7409=AXIS2_PLACEMENT_3D('',#7406,#7407,#7408);
#7410=PLANE('3722',#7409);
#7411=ORIENTED_EDGE('3903',*,*,#7353,.T.);
#7412=ORIENTED_EDGE('3915',*,*,#7392,.F.);
#7413=ORIENTED_EDGE('3916',*,*,#7248,.F.);
#7414=ORIENTED_EDGE('3914',*,*,#7329,.T.);
#7415=EDGE_LOOP('3722',(#7411,#7412,#7413,#7414));
#7416=FACE_OUTER_BOUND('3722',#7415,.F.);
#7418=FILL_AREA_STYLE_COLOUR('',#152);
#7419=FILL_AREA_STYLE('',(#7418));
#7420=SURFACE_STYLE_FILL_AREA(#7419);
#7421=SURFACE_SIDE_STYLE('',(#7420));
#7422=SURFACE_STYLE_USAGE(.BOTH.,#7421);
#7423=PRESENTATION_STYLE_ASSIGNMENT((#7422));
#7424=STYLED_ITEM('',(#7423),#7417);
#7425=CARTESIAN_POINT('',(2.585E-1,1.284219723180E-1,2.015E-1));
#7426=DIRECTION('',(9.063077870368E-1,4.226182617403E-1,0.E0));
#7427=DIRECTION('',(0.E0,0.E0,-1.E0));
#7428=AXIS2_PLACEMENT_3D('',#7425,#7426,#7427);
#7429=PLANE('3728',#7428);
#7430=ORIENTED_EDGE('3913',*,*,#7309,.T.);
#7432=ORIENTED_EDGE('3927',*,*,#7431,.F.);
#7434=ORIENTED_EDGE('3925',*,*,#7433,.T.);
#7436=ORIENTED_EDGE('3924',*,*,#7435,.T.);
#7437=EDGE_LOOP('3728',(#7430,#7432,#7434,#7436));
#7438=FACE_OUTER_BOUND('3728',#7437,.F.);
#7440=FILL_AREA_STYLE_COLOUR('',#152);
#7441=FILL_AREA_STYLE('',(#7440));
#7442=SURFACE_STYLE_FILL_AREA(#7441);
#7443=SURFACE_SIDE_STYLE('',(#7442));
#7444=SURFACE_STYLE_USAGE(.BOTH.,#7443);
#7445=PRESENTATION_STYLE_ASSIGNMENT((#7444));
#7446=STYLED_ITEM('',(#7445),#7439);
#7447=CARTESIAN_POINT('',(2.5E-1,1.284219723180E-1,2.1E-1));
#7448=DIRECTION('',(0.E0,4.226182617403E-1,9.063077870368E-1));
#7449=DIRECTION('',(-1.E0,0.E0,0.E0));
#7450=AXIS2_PLACEMENT_3D('',#7447,#7448,#7449);
#7451=PLANE('3729',#7450);
#7452=ORIENTED_EDGE('3928',*,*,#7268,.F.);
#7454=ORIENTED_EDGE('3922',*,*,#7453,.T.);
#7456=ORIENTED_EDGE('3926',*,*,#7455,.T.);
#7457=ORIENTED_EDGE('3927',*,*,#7431,.T.);
#7458=EDGE_LOOP('3729',(#7452,#7454,#7456,#7457));
#7459=FACE_OUTER_BOUND('3729',#7458,.F.);
#7461=FILL_AREA_STYLE_COLOUR('',#152);
#7462=FILL_AREA_STYLE('',(#7461));
#7463=SURFACE_STYLE_FILL_AREA(#7462);
#7464=SURFACE_SIDE_STYLE('',(#7463));
#7465=SURFACE_STYLE_USAGE(.BOTH.,#7464);
#7466=PRESENTATION_STYLE_ASSIGNMENT((#7465));
#7467=STYLED_ITEM('',(#7466),#7460);
#7468=CARTESIAN_POINT('',(2.415E-1,1.284219723180E-1,2.015E-1));
#7469=DIRECTION('',(9.063077870368E-1,-4.226182617403E-1,0.E0));
#7470=DIRECTION('',(0.E0,0.E0,-1.E0));
#7471=AXIS2_PLACEMENT_3D('',#7468,#7469,#7470);
#7472=PLANE('3725',#7471);
#7473=ORIENTED_EDGE('3918',*,*,#7226,.T.);
#7475=ORIENTED_EDGE('3920',*,*,#7474,.F.);
#7477=ORIENTED_EDGE('3921',*,*,#7476,.F.);
#7478=ORIENTED_EDGE('3922',*,*,#7453,.F.);
#7479=EDGE_LOOP('3725',(#7473,#7475,#7477,#7478));
#7480=FACE_OUTER_BOUND('3725',#7479,.F.);
#7482=FILL_AREA_STYLE_COLOUR('',#152);
#7483=FILL_AREA_STYLE('',(#7482));
#7484=SURFACE_STYLE_FILL_AREA(#7483);
#7485=SURFACE_SIDE_STYLE('',(#7484));
#7486=SURFACE_STYLE_USAGE(.BOTH.,#7485);
#7487=PRESENTATION_STYLE_ASSIGNMENT((#7486));
#7488=STYLED_ITEM('',(#7487),#7481);
#7489=CARTESIAN_POINT('',(2.5E-1,1.284219723180E-1,1.93E-1));
#7490=DIRECTION('',(0.E0,-4.226182617403E-1,9.063077870368E-1));
#7491=DIRECTION('',(-1.E0,0.E0,0.E0));
#7492=AXIS2_PLACEMENT_3D('',#7489,#7490,#7491);
#7493=PLANE('3726',#7492);
#7495=ORIENTED_EDGE('3923',*,*,#7494,.F.);
#7496=ORIENTED_EDGE('3920',*,*,#7474,.T.);
#7497=ORIENTED_EDGE('3909',*,*,#7184,.T.);
#7498=ORIENTED_EDGE('3924',*,*,#7435,.F.);
#7499=EDGE_LOOP('3726',(#7495,#7496,#7497,#7498));
#7500=FACE_OUTER_BOUND('3726',#7499,.F.);
#7502=FILL_AREA_STYLE_COLOUR('',#152);
#7503=FILL_AREA_STYLE('',(#7502));
#7504=SURFACE_STYLE_FILL_AREA(#7503);
#7505=SURFACE_SIDE_STYLE('',(#7504));
#7506=SURFACE_STYLE_USAGE(.BOTH.,#7505);
#7507=PRESENTATION_STYLE_ASSIGNMENT((#7506));
#7508=STYLED_ITEM('',(#7507),#7501);
#7509=CARTESIAN_POINT('',(2.5E-1,1.37E-1,2.015E-1));
#7510=DIRECTION('',(0.E0,1.E0,0.E0));
#7511=DIRECTION('',(1.E0,0.E0,0.E0));
#7512=AXIS2_PLACEMENT_3D('',#7509,#7510,#7511);
#7513=PLANE('3727',#7512);
#7514=ORIENTED_EDGE('3925',*,*,#7433,.F.);
#7515=ORIENTED_EDGE('3926',*,*,#7455,.F.);
#7516=ORIENTED_EDGE('3921',*,*,#7476,.T.);
#7517=ORIENTED_EDGE('3923',*,*,#7494,.T.);
#7518=EDGE_LOOP('3727',(#7514,#7515,#7516,#7517));
#7519=FACE_OUTER_BOUND('3727',#7518,.F.);
#7521=FILL_AREA_STYLE_COLOUR('',#152);
#7522=FILL_AREA_STYLE('',(#7521));
#7523=SURFACE_STYLE_FILL_AREA(#7522);
#7524=SURFACE_SIDE_STYLE('',(#7523));
#7525=SURFACE_STYLE_USAGE(.BOTH.,#7524);
#7526=PRESENTATION_STYLE_ASSIGNMENT((#7525));
#7527=STYLED_ITEM('',(#7526),#7520);
#7528=CARTESIAN_POINT('',(5.E-2,-9.550000000003E-2,1.89E-1));
#7529=DIRECTION('',(0.E0,0.E0,1.E0));
#7530=DIRECTION('',(-1.E0,0.E0,0.E0));
#7531=AXIS2_PLACEMENT_3D('',#7528,#7529,#7530);
#7532=PLANE('3733',#7531);
#7533=ORIENTED_EDGE('4606',*,*,#4821,.T.);
#7535=ORIENTED_EDGE('4616',*,*,#7534,.F.);
#7537=ORIENTED_EDGE('3932',*,*,#7536,.T.);
#7539=ORIENTED_EDGE('4615',*,*,#7538,.F.);
#7540=EDGE_LOOP('3733',(#7533,#7535,#7537,#7539));
#7541=FACE_OUTER_BOUND('3733',#7540,.F.);
#7543=FILL_AREA_STYLE_COLOUR('',#152);
#7544=FILL_AREA_STYLE('',(#7543));
#7545=SURFACE_STYLE_FILL_AREA(#7544);
#7546=SURFACE_SIDE_STYLE('',(#7545));
#7547=SURFACE_STYLE_USAGE(.BOTH.,#7546);
#7548=PRESENTATION_STYLE_ASSIGNMENT((#7547));
#7549=STYLED_ITEM('',(#7548),#7542);
#7550=CARTESIAN_POINT('',(5.E-2,-9.550000000003E-2,1.89E-1));
#7551=DIRECTION('',(0.E0,0.E0,1.E0));
#7552=DIRECTION('',(-1.E0,0.E0,0.E0));
#7553=AXIS2_PLACEMENT_3D('',#7550,#7551,#7552);
#7554=PLANE('3733',#7553);
#7555=ORIENTED_EDGE('4610',*,*,#4407,.F.);
#7557=ORIENTED_EDGE('4614',*,*,#7556,.F.);
#7559=ORIENTED_EDGE('3935',*,*,#7558,.F.);
#7561=ORIENTED_EDGE('4617',*,*,#7560,.F.);
#7562=EDGE_LOOP('3733',(#7555,#7557,#7559,#7561));
#7563=FACE_OUTER_BOUND('3733',#7562,.F.);
#7565=FILL_AREA_STYLE_COLOUR('',#152);
#7566=FILL_AREA_STYLE('',(#7565));
#7567=SURFACE_STYLE_FILL_AREA(#7566);
#7568=SURFACE_SIDE_STYLE('',(#7567));
#7569=SURFACE_STYLE_USAGE(.POSITIVE.,#7568);
#7570=PRESENTATION_STYLE_ASSIGNMENT((#7569));
#7571=STYLED_ITEM('',(#7570),#7564);
#7572=CARTESIAN_POINT('',(3.75E-2,-9.550000000003E-2,2.015E-1));
#7573=DIRECTION('',(1.E0,0.E0,0.E0));
#7574=DIRECTION('',(0.E0,0.E0,1.E0));
#7575=AXIS2_PLACEMENT_3D('',#7572,#7573,#7574);
#7576=PLANE('3741',#7575);
#7577=ORIENTED_EDGE('4607',*,*,#4827,.T.);
#7579=ORIENTED_EDGE('4619',*,*,#7578,.T.);
#7581=ORIENTED_EDGE('3947',*,*,#7580,.T.);
#7582=ORIENTED_EDGE('4616',*,*,#7534,.T.);
#7583=EDGE_LOOP('3741',(#7577,#7579,#7581,#7582));
#7584=FACE_OUTER_BOUND('3741',#7583,.F.);
#7586=FILL_AREA_STYLE_COLOUR('',#152);
#7587=FILL_AREA_STYLE('',(#7586));
#7588=SURFACE_STYLE_FILL_AREA(#7587);
#7589=SURFACE_SIDE_STYLE('',(#7588));
#7590=SURFACE_STYLE_USAGE(.BOTH.,#7589);
#7591=PRESENTATION_STYLE_ASSIGNMENT((#7590));
#7592=STYLED_ITEM('',(#7591),#7585);
#7593=CARTESIAN_POINT('',(3.75E-2,-9.550000000003E-2,2.015E-1));
#7594=DIRECTION('',(1.E0,0.E0,0.E0));
#7595=DIRECTION('',(0.E0,0.E0,1.E0));
#7596=AXIS2_PLACEMENT_3D('',#7593,#7594,#7595);
#7597=PLANE('3741',#7596);
#7598=ORIENTED_EDGE('4611',*,*,#4409,.F.);
#7599=ORIENTED_EDGE('4617',*,*,#7560,.T.);
#7601=ORIENTED_EDGE('3948',*,*,#7600,.F.);
#7603=ORIENTED_EDGE('4618',*,*,#7602,.T.);
#7604=EDGE_LOOP('3741',(#7598,#7599,#7601,#7603));
#7605=FACE_OUTER_BOUND('3741',#7604,.F.);
#7607=FILL_AREA_STYLE_COLOUR('',#152);
#7608=FILL_AREA_STYLE('',(#7607));
#7609=SURFACE_STYLE_FILL_AREA(#7608);
#7610=SURFACE_SIDE_STYLE('',(#7609));
#7611=SURFACE_STYLE_USAGE(.POSITIVE.,#7610);
#7612=PRESENTATION_STYLE_ASSIGNMENT((#7611));
#7613=STYLED_ITEM('',(#7612),#7606);
#7614=CARTESIAN_POINT('',(5.E-2,-9.550000000003E-2,2.14E-1));
#7615=DIRECTION('',(0.E0,0.E0,1.E0));
#7616=DIRECTION('',(1.E0,0.E0,0.E0));
#7617=AXIS2_PLACEMENT_3D('',#7614,#7615,#7616);
#7618=PLANE('3738',#7617);
#7619=ORIENTED_EDGE('4609',*,*,#4825,.T.);
#7621=ORIENTED_EDGE('4620',*,*,#7620,.F.);
#7623=ORIENTED_EDGE('3943',*,*,#7622,.F.);
#7624=ORIENTED_EDGE('4619',*,*,#7578,.F.);
#7625=EDGE_LOOP('3738',(#7619,#7621,#7623,#7624));
#7626=FACE_OUTER_BOUND('3738',#7625,.F.);
#7628=FILL_AREA_STYLE_COLOUR('',#152);
#7629=FILL_AREA_STYLE('',(#7628));
#7630=SURFACE_STYLE_FILL_AREA(#7629);
#7631=SURFACE_SIDE_STYLE('',(#7630));
#7632=SURFACE_STYLE_USAGE(.BOTH.,#7631);
#7633=PRESENTATION_STYLE_ASSIGNMENT((#7632));
#7634=STYLED_ITEM('',(#7633),#7627);
#7635=CARTESIAN_POINT('',(5.E-2,-9.550000000003E-2,2.14E-1));
#7636=DIRECTION('',(0.E0,0.E0,1.E0));
#7637=DIRECTION('',(1.E0,0.E0,0.E0));
#7638=AXIS2_PLACEMENT_3D('',#7635,#7636,#7637);
#7639=PLANE('3738',#7638);
#7640=ORIENTED_EDGE('4613',*,*,#4411,.F.);
#7641=ORIENTED_EDGE('4618',*,*,#7602,.F.);
#7643=ORIENTED_EDGE('3941',*,*,#7642,.T.);
#7645=ORIENTED_EDGE('4621',*,*,#7644,.F.);
#7646=EDGE_LOOP('3738',(#7640,#7641,#7643,#7645));
#7647=FACE_OUTER_BOUND('3738',#7646,.F.);
#7649=FILL_AREA_STYLE_COLOUR('',#152);
#7650=FILL_AREA_STYLE('',(#7649));
#7651=SURFACE_STYLE_FILL_AREA(#7650);
#7652=SURFACE_SIDE_STYLE('',(#7651));
#7653=SURFACE_STYLE_USAGE(.POSITIVE.,#7652);
#7654=PRESENTATION_STYLE_ASSIGNMENT((#7653));
#7655=STYLED_ITEM('',(#7654),#7648);
#7656=CARTESIAN_POINT('',(6.25E-2,-9.550000000003E-2,2.015E-1));
#7657=DIRECTION('',(1.E0,0.E0,0.E0));
#7658=DIRECTION('',(0.E0,0.E0,-1.E0));
#7659=AXIS2_PLACEMENT_3D('',#7656,#7657,#7658);
#7660=PLANE('3755',#7659);
#7661=ORIENTED_EDGE('4608',*,*,#4823,.T.);
#7662=ORIENTED_EDGE('4615',*,*,#7538,.T.);
#7664=ORIENTED_EDGE('4208',*,*,#7663,.T.);
#7665=ORIENTED_EDGE('4620',*,*,#7620,.T.);
#7666=EDGE_LOOP('3755',(#7661,#7662,#7664,#7665));
#7667=FACE_OUTER_BOUND('3755',#7666,.F.);
#7669=FILL_AREA_STYLE_COLOUR('',#152);
#7670=FILL_AREA_STYLE('',(#7669));
#7671=SURFACE_STYLE_FILL_AREA(#7670);
#7672=SURFACE_SIDE_STYLE('',(#7671));
#7673=SURFACE_STYLE_USAGE(.BOTH.,#7672);
#7674=PRESENTATION_STYLE_ASSIGNMENT((#7673));
#7675=STYLED_ITEM('',(#7674),#7668);
#7676=CARTESIAN_POINT('',(6.25E-2,-9.550000000003E-2,2.015E-1));
#7677=DIRECTION('',(1.E0,0.E0,0.E0));
#7678=DIRECTION('',(0.E0,0.E0,-1.E0));
#7679=AXIS2_PLACEMENT_3D('',#7676,#7677,#7678);
#7680=PLANE('3755',#7679);
#7681=ORIENTED_EDGE('4612',*,*,#4413,.F.);
#7682=ORIENTED_EDGE('4621',*,*,#7644,.T.);
#7684=ORIENTED_EDGE('4205',*,*,#7683,.T.);
#7685=ORIENTED_EDGE('4614',*,*,#7556,.T.);
#7686=EDGE_LOOP('3755',(#7681,#7682,#7684,#7685));
#7687=FACE_OUTER_BOUND('3755',#7686,.F.);
#7689=FILL_AREA_STYLE_COLOUR('',#152);
#7690=FILL_AREA_STYLE('',(#7689));
#7691=SURFACE_STYLE_FILL_AREA(#7690);
#7692=SURFACE_SIDE_STYLE('',(#7691));
#7693=SURFACE_STYLE_USAGE(.POSITIVE.,#7692);
#7694=PRESENTATION_STYLE_ASSIGNMENT((#7693));
#7695=STYLED_ITEM('',(#7694),#7688);
#7696=CARTESIAN_POINT('',(5.85E-2,-3.194219723180E-1,2.015E-1));
#7697=DIRECTION('',(9.063077870368E-1,-4.226182617403E-1,0.E0));
#7698=DIRECTION('',(0.E0,0.E0,-1.E0));
#7699=AXIS2_PLACEMENT_3D('',#7696,#7697,#7698);
#7700=PLANE('3743',#7699);
#7702=ORIENTED_EDGE('4201',*,*,#7701,.T.);
#7704=ORIENTED_EDGE('4207',*,*,#7703,.T.);
#7705=ORIENTED_EDGE('4208',*,*,#7663,.F.);
#7707=ORIENTED_EDGE('4202',*,*,#7706,.T.);
#7708=EDGE_LOOP('3743',(#7702,#7704,#7705,#7707));
#7709=FACE_OUTER_BOUND('3743',#7708,.F.);
#7711=FILL_AREA_STYLE_COLOUR('',#152);
#7712=FILL_AREA_STYLE('',(#7711));
#7713=SURFACE_STYLE_FILL_AREA(#7712);
#7714=SURFACE_SIDE_STYLE('',(#7713));
#7715=SURFACE_STYLE_USAGE(.BOTH.,#7714);
#7716=PRESENTATION_STYLE_ASSIGNMENT((#7715));
#7717=STYLED_ITEM('',(#7716),#7710);
#7718=CARTESIAN_POINT('',(5.E-2,-3.28E-1,2.015E-1));
#7719=DIRECTION('',(0.E0,1.E0,0.E0));
#7720=DIRECTION('',(1.E0,0.E0,0.E0));
#7721=AXIS2_PLACEMENT_3D('',#7718,#7719,#7720);
#7722=PLANE('3731',#7721);
#7724=ORIENTED_EDGE('3929',*,*,#7723,.F.);
#7726=ORIENTED_EDGE('3931',*,*,#7725,.F.);
#7728=ORIENTED_EDGE('3930',*,*,#7727,.F.);
#7729=ORIENTED_EDGE('4201',*,*,#7701,.F.);
#7730=EDGE_LOOP('3731',(#7724,#7726,#7728,#7729));
#7731=FACE_OUTER_BOUND('3731',#7730,.F.);
#7733=FILL_AREA_STYLE_COLOUR('',#152);
#7734=FILL_AREA_STYLE('',(#7733));
#7735=SURFACE_STYLE_FILL_AREA(#7734);
#7736=SURFACE_SIDE_STYLE('',(#7735));
#7737=SURFACE_STYLE_USAGE(.BOTH.,#7736);
#7738=PRESENTATION_STYLE_ASSIGNMENT((#7737));
#7739=STYLED_ITEM('',(#7738),#7732);
#7740=CARTESIAN_POINT('',(4.999999999999E-2,-3.194219723180E-1,1.93E-1));
#7741=DIRECTION('',(0.E0,4.226182617403E-1,9.063077870368E-1));
#7742=DIRECTION('',(-1.E0,0.E0,0.E0));
#7743=AXIS2_PLACEMENT_3D('',#7740,#7741,#7742);
#7744=PLANE('3732',#7743);
#7745=ORIENTED_EDGE('3932',*,*,#7536,.F.);
#7747=ORIENTED_EDGE('3933',*,*,#7746,.F.);
#7748=ORIENTED_EDGE('3929',*,*,#7723,.T.);
#7749=ORIENTED_EDGE('4202',*,*,#7706,.F.);
#7750=EDGE_LOOP('3732',(#7745,#7747,#7748,#7749));
#7751=FACE_OUTER_BOUND('3732',#7750,.F.);
#7753=FILL_AREA_STYLE_COLOUR('',#152);
#7754=FILL_AREA_STYLE('',(#7753));
#7755=SURFACE_STYLE_FILL_AREA(#7754);
#7756=SURFACE_SIDE_STYLE('',(#7755));
#7757=SURFACE_STYLE_USAGE(.BOTH.,#7756);
#7758=PRESENTATION_STYLE_ASSIGNMENT((#7757));
#7759=STYLED_ITEM('',(#7758),#7752);
#7760=CARTESIAN_POINT('',(4.15E-2,-3.194219723180E-1,2.015E-1));
#7761=DIRECTION('',(9.063077870368E-1,4.226182617403E-1,0.E0));
#7762=DIRECTION('',(0.E0,0.E0,-1.E0));
#7763=AXIS2_PLACEMENT_3D('',#7760,#7761,#7762);
#7764=PLANE('3740',#7763);
#7765=ORIENTED_EDGE('3947',*,*,#7580,.F.);
#7767=ORIENTED_EDGE('3946',*,*,#7766,.T.);
#7768=ORIENTED_EDGE('3931',*,*,#7725,.T.);
#7769=ORIENTED_EDGE('3933',*,*,#7746,.T.);
#7770=EDGE_LOOP('3740',(#7765,#7767,#7768,#7769));
#7771=FACE_OUTER_BOUND('3740',#7770,.F.);
#7773=FILL_AREA_STYLE_COLOUR('',#152);
#7774=FILL_AREA_STYLE('',(#7773));
#7775=SURFACE_STYLE_FILL_AREA(#7774);
#7776=SURFACE_SIDE_STYLE('',(#7775));
#7777=SURFACE_STYLE_USAGE(.BOTH.,#7776);
#7778=PRESENTATION_STYLE_ASSIGNMENT((#7777));
#7779=STYLED_ITEM('',(#7778),#7772);
#7780=CARTESIAN_POINT('',(4.999999999999E-2,-3.194219723180E-1,2.1E-1));
#7781=DIRECTION('',(0.E0,-4.226182617403E-1,9.063077870368E-1));
#7782=DIRECTION('',(-1.E0,0.E0,0.E0));
#7783=AXIS2_PLACEMENT_3D('',#7780,#7781,#7782);
#7784=PLANE('3739',#7783);
#7785=ORIENTED_EDGE('3930',*,*,#7727,.T.);
#7786=ORIENTED_EDGE('3946',*,*,#7766,.F.);
#7787=ORIENTED_EDGE('3943',*,*,#7622,.T.);
#7788=ORIENTED_EDGE('4207',*,*,#7703,.F.);
#7789=EDGE_LOOP('3739',(#7785,#7786,#7787,#7788));
#7790=FACE_OUTER_BOUND('3739',#7789,.F.);
#7792=FILL_AREA_STYLE_COLOUR('',#152);
#7793=FILL_AREA_STYLE('',(#7792));
#7794=SURFACE_STYLE_FILL_AREA(#7793);
#7795=SURFACE_SIDE_STYLE('',(#7794));
#7796=SURFACE_STYLE_USAGE(.BOTH.,#7795);
#7797=PRESENTATION_STYLE_ASSIGNMENT((#7796));
#7798=STYLED_ITEM('',(#7797),#7791);
#7799=CARTESIAN_POINT('',(5.85E-2,1.284219723180E-1,2.015E-1));
#7800=DIRECTION('',(9.063077870368E-1,4.226182617403E-1,0.E0));
#7801=DIRECTION('',(0.E0,0.E0,-1.E0));
#7802=AXIS2_PLACEMENT_3D('',#7799,#7800,#7801);
#7803=PLANE('3736',#7802);
#7804=ORIENTED_EDGE('4205',*,*,#7683,.F.);
#7806=ORIENTED_EDGE('4206',*,*,#7805,.F.);
#7808=ORIENTED_EDGE('4204',*,*,#7807,.T.);
#7810=ORIENTED_EDGE('4203',*,*,#7809,.T.);
#7811=EDGE_LOOP('3736',(#7804,#7806,#7808,#7810));
#7812=FACE_OUTER_BOUND('3736',#7811,.F.);
#7814=FILL_AREA_STYLE_COLOUR('',#152);
#7815=FILL_AREA_STYLE('',(#7814));
#7816=SURFACE_STYLE_FILL_AREA(#7815);
#7817=SURFACE_SIDE_STYLE('',(#7816));
#7818=SURFACE_STYLE_USAGE(.BOTH.,#7817);
#7819=PRESENTATION_STYLE_ASSIGNMENT((#7818));
#7820=STYLED_ITEM('',(#7819),#7813);
#7821=CARTESIAN_POINT('',(4.999999999999E-2,1.284219723180E-1,2.1E-1));
#7822=DIRECTION('',(0.E0,4.226182617403E-1,9.063077870368E-1));
#7823=DIRECTION('',(-1.E0,0.E0,0.E0));
#7824=AXIS2_PLACEMENT_3D('',#7821,#7822,#7823);
#7825=PLANE('3737',#7824);
#7826=ORIENTED_EDGE('3941',*,*,#7642,.F.);
#7828=ORIENTED_EDGE('3942',*,*,#7827,.F.);
#7830=ORIENTED_EDGE('3939',*,*,#7829,.T.);
#7831=ORIENTED_EDGE('4206',*,*,#7805,.T.);
#7832=EDGE_LOOP('3737',(#7826,#7828,#7830,#7831));
#7833=FACE_OUTER_BOUND('3737',#7832,.F.);
#7835=FILL_AREA_STYLE_COLOUR('',#152);
#7836=FILL_AREA_STYLE('',(#7835));
#7837=SURFACE_STYLE_FILL_AREA(#7836);
#7838=SURFACE_SIDE_STYLE('',(#7837));
#7839=SURFACE_STYLE_USAGE(.BOTH.,#7838);
#7840=PRESENTATION_STYLE_ASSIGNMENT((#7839));
#7841=STYLED_ITEM('',(#7840),#7834);
#7842=CARTESIAN_POINT('',(4.15E-2,1.284219723180E-1,2.015E-1));
#7843=DIRECTION('',(9.063077870368E-1,-4.226182617403E-1,0.E0));
#7844=DIRECTION('',(0.E0,0.E0,-1.E0));
#7845=AXIS2_PLACEMENT_3D('',#7842,#7843,#7844);
#7846=PLANE('3742',#7845);
#7847=ORIENTED_EDGE('3948',*,*,#7600,.T.);
#7849=ORIENTED_EDGE('3938',*,*,#7848,.T.);
#7851=ORIENTED_EDGE('3940',*,*,#7850,.T.);
#7852=ORIENTED_EDGE('3942',*,*,#7827,.T.);
#7853=EDGE_LOOP('3742',(#7847,#7849,#7851,#7852));
#7854=FACE_OUTER_BOUND('3742',#7853,.F.);
#7856=FILL_AREA_STYLE_COLOUR('',#152);
#7857=FILL_AREA_STYLE('',(#7856));
#7858=SURFACE_STYLE_FILL_AREA(#7857);
#7859=SURFACE_SIDE_STYLE('',(#7858));
#7860=SURFACE_STYLE_USAGE(.BOTH.,#7859);
#7861=PRESENTATION_STYLE_ASSIGNMENT((#7860));
#7862=STYLED_ITEM('',(#7861),#7855);
#7863=CARTESIAN_POINT('',(4.999999999999E-2,1.284219723180E-1,1.93E-1));
#7864=DIRECTION('',(0.E0,-4.226182617403E-1,9.063077870368E-1));
#7865=DIRECTION('',(-1.E0,0.E0,0.E0));
#7866=AXIS2_PLACEMENT_3D('',#7863,#7864,#7865);
#7867=PLANE('3734',#7866);
#7869=ORIENTED_EDGE('3937',*,*,#7868,.F.);
#7870=ORIENTED_EDGE('3938',*,*,#7848,.F.);
#7871=ORIENTED_EDGE('3935',*,*,#7558,.T.);
#7872=ORIENTED_EDGE('4203',*,*,#7809,.F.);
#7873=EDGE_LOOP('3734',(#7869,#7870,#7871,#7872));
#7874=FACE_OUTER_BOUND('3734',#7873,.F.);
#7876=FILL_AREA_STYLE_COLOUR('',#152);
#7877=FILL_AREA_STYLE('',(#7876));
#7878=SURFACE_STYLE_FILL_AREA(#7877);
#7879=SURFACE_SIDE_STYLE('',(#7878));
#7880=SURFACE_STYLE_USAGE(.BOTH.,#7879);
#7881=PRESENTATION_STYLE_ASSIGNMENT((#7880));
#7882=STYLED_ITEM('',(#7881),#7875);
#7883=CARTESIAN_POINT('',(5.E-2,1.37E-1,2.015E-1));
#7884=DIRECTION('',(0.E0,1.E0,0.E0));
#7885=DIRECTION('',(1.E0,0.E0,0.E0));
#7886=AXIS2_PLACEMENT_3D('',#7883,#7884,#7885);
#7887=PLANE('3735',#7886);
#7888=ORIENTED_EDGE('4204',*,*,#7807,.F.);
#7889=ORIENTED_EDGE('3939',*,*,#7829,.F.);
#7890=ORIENTED_EDGE('3940',*,*,#7850,.F.);
#7891=ORIENTED_EDGE('3937',*,*,#7868,.T.);
#7892=EDGE_LOOP('3735',(#7888,#7889,#7890,#7891));
#7893=FACE_OUTER_BOUND('3735',#7892,.F.);
#7895=FILL_AREA_STYLE_COLOUR('',#152);
#7896=FILL_AREA_STYLE('',(#7895));
#7897=SURFACE_STYLE_FILL_AREA(#7896);
#7898=SURFACE_SIDE_STYLE('',(#7897));
#7899=SURFACE_STYLE_USAGE(.BOTH.,#7898);
#7900=PRESENTATION_STYLE_ASSIGNMENT((#7899));
#7901=STYLED_ITEM('',(#7900),#7894);
#7902=CARTESIAN_POINT('',(-5.E-2,-9.550000000003E-2,1.89E-1));
#7903=DIRECTION('',(0.E0,0.E0,1.E0));
#7904=DIRECTION('',(-1.E0,0.E0,0.E0));
#7905=AXIS2_PLACEMENT_3D('',#7902,#7903,#7904);
#7906=PLANE('3746',#7905);
#7907=ORIENTED_EDGE('4622',*,*,#4831,.T.);
#7909=ORIENTED_EDGE('4632',*,*,#7908,.F.);
#7911=ORIENTED_EDGE('3953',*,*,#7910,.T.);
#7913=ORIENTED_EDGE('4631',*,*,#7912,.F.);
#7914=EDGE_LOOP('3746',(#7907,#7909,#7911,#7913));
#7915=FACE_OUTER_BOUND('3746',#7914,.F.);
#7917=FILL_AREA_STYLE_COLOUR('',#152);
#7918=FILL_AREA_STYLE('',(#7917));
#7919=SURFACE_STYLE_FILL_AREA(#7918);
#7920=SURFACE_SIDE_STYLE('',(#7919));
#7921=SURFACE_STYLE_USAGE(.BOTH.,#7920);
#7922=PRESENTATION_STYLE_ASSIGNMENT((#7921));
#7923=STYLED_ITEM('',(#7922),#7916);
#7924=CARTESIAN_POINT('',(-5.E-2,-9.550000000003E-2,1.89E-1));
#7925=DIRECTION('',(0.E0,0.E0,1.E0));
#7926=DIRECTION('',(-1.E0,0.E0,0.E0));
#7927=AXIS2_PLACEMENT_3D('',#7924,#7925,#7926);
#7928=PLANE('3746',#7927);
#7929=ORIENTED_EDGE('4626',*,*,#4417,.F.);
#7931=ORIENTED_EDGE('4630',*,*,#7930,.F.);
#7933=ORIENTED_EDGE('3957',*,*,#7932,.F.);
#7935=ORIENTED_EDGE('4633',*,*,#7934,.F.);
#7936=EDGE_LOOP('3746',(#7929,#7931,#7933,#7935));
#7937=FACE_OUTER_BOUND('3746',#7936,.F.);
#7939=FILL_AREA_STYLE_COLOUR('',#152);
#7940=FILL_AREA_STYLE('',(#7939));
#7941=SURFACE_STYLE_FILL_AREA(#7940);
#7942=SURFACE_SIDE_STYLE('',(#7941));
#7943=SURFACE_STYLE_USAGE(.POSITIVE.,#7942);
#7944=PRESENTATION_STYLE_ASSIGNMENT((#7943));
#7945=STYLED_ITEM('',(#7944),#7938);
#7946=CARTESIAN_POINT('',(-6.25E-2,-9.550000000003E-2,2.015E-1));
#7947=DIRECTION('',(1.E0,0.E0,0.E0));
#7948=DIRECTION('',(0.E0,0.E0,1.E0));
#7949=AXIS2_PLACEMENT_3D('',#7946,#7947,#7948);
#7950=PLANE('3772',#7949);
#7951=ORIENTED_EDGE('4623',*,*,#4837,.T.);
#7953=ORIENTED_EDGE('4637',*,*,#7952,.T.);
#7955=ORIENTED_EDGE('4003',*,*,#7954,.F.);
#7956=ORIENTED_EDGE('4632',*,*,#7908,.T.);
#7957=EDGE_LOOP('3772',(#7951,#7953,#7955,#7956));
#7958=FACE_OUTER_BOUND('3772',#7957,.F.);
#7960=FILL_AREA_STYLE_COLOUR('',#152);
#7961=FILL_AREA_STYLE('',(#7960));
#7962=SURFACE_STYLE_FILL_AREA(#7961);
#7963=SURFACE_SIDE_STYLE('',(#7962));
#7964=SURFACE_STYLE_USAGE(.BOTH.,#7963);
#7965=PRESENTATION_STYLE_ASSIGNMENT((#7964));
#7966=STYLED_ITEM('',(#7965),#7959);
#7967=CARTESIAN_POINT('',(-6.25E-2,-9.550000000003E-2,2.015E-1));
#7968=DIRECTION('',(1.E0,0.E0,0.E0));
#7969=DIRECTION('',(0.E0,0.E0,1.E0));
#7970=AXIS2_PLACEMENT_3D('',#7967,#7968,#7969);
#7971=PLANE('3772',#7970);
#7972=ORIENTED_EDGE('4627',*,*,#4419,.F.);
#7973=ORIENTED_EDGE('4633',*,*,#7934,.T.);
#7975=ORIENTED_EDGE('4004',*,*,#7974,.F.);
#7977=ORIENTED_EDGE('4636',*,*,#7976,.T.);
#7978=EDGE_LOOP('3772',(#7972,#7973,#7975,#7977));
#7979=FACE_OUTER_BOUND('3772',#7978,.F.);
#7981=FILL_AREA_STYLE_COLOUR('',#152);
#7982=FILL_AREA_STYLE('',(#7981));
#7983=SURFACE_STYLE_FILL_AREA(#7982);
#7984=SURFACE_SIDE_STYLE('',(#7983));
#7985=SURFACE_STYLE_USAGE(.POSITIVE.,#7984);
#7986=PRESENTATION_STYLE_ASSIGNMENT((#7985));
#7987=STYLED_ITEM('',(#7986),#7980);
#7988=CARTESIAN_POINT('',(-5.E-2,-9.550000000003E-2,2.14E-1));
#7989=DIRECTION('',(0.E0,0.E0,1.E0));
#7990=DIRECTION('',(1.E0,0.E0,0.E0));
#7991=AXIS2_PLACEMENT_3D('',#7988,#7989,#7990);
#7992=PLANE('3750',#7991);
#7993=ORIENTED_EDGE('4625',*,*,#4835,.T.);
#7995=ORIENTED_EDGE('4635',*,*,#7994,.T.);
#7997=ORIENTED_EDGE('3964',*,*,#7996,.T.);
#7998=ORIENTED_EDGE('4637',*,*,#7952,.F.);
#7999=EDGE_LOOP('3750',(#7993,#7995,#7997,#7998));
#8000=FACE_OUTER_BOUND('3750',#7999,.F.);
#8002=FILL_AREA_STYLE_COLOUR('',#152);
#8003=FILL_AREA_STYLE('',(#8002));
#8004=SURFACE_STYLE_FILL_AREA(#8003);
#8005=SURFACE_SIDE_STYLE('',(#8004));
#8006=SURFACE_STYLE_USAGE(.BOTH.,#8005);
#8007=PRESENTATION_STYLE_ASSIGNMENT((#8006));
#8008=STYLED_ITEM('',(#8007),#8001);
#8009=CARTESIAN_POINT('',(-5.E-2,-9.550000000003E-2,2.14E-1));
#8010=DIRECTION('',(0.E0,0.E0,1.E0));
#8011=DIRECTION('',(1.E0,0.E0,0.E0));
#8012=AXIS2_PLACEMENT_3D('',#8009,#8010,#8011);
#8013=PLANE('3750',#8012);
#8014=ORIENTED_EDGE('4629',*,*,#4421,.F.);
#8015=ORIENTED_EDGE('4636',*,*,#7976,.F.);
#8017=ORIENTED_EDGE('3966',*,*,#8016,.F.);
#8019=ORIENTED_EDGE('4634',*,*,#8018,.T.);
#8020=EDGE_LOOP('3750',(#8014,#8015,#8017,#8019));
#8021=FACE_OUTER_BOUND('3750',#8020,.F.);
#8023=FILL_AREA_STYLE_COLOUR('',#152);
#8024=FILL_AREA_STYLE('',(#8023));
#8025=SURFACE_STYLE_FILL_AREA(#8024);
#8026=SURFACE_SIDE_STYLE('',(#8025));
#8027=SURFACE_STYLE_USAGE(.POSITIVE.,#8026);
#8028=PRESENTATION_STYLE_ASSIGNMENT((#8027));
#8029=STYLED_ITEM('',(#8028),#8022);
#8030=CARTESIAN_POINT('',(-3.75E-2,-9.550000000003E-2,2.015E-1));
#8031=DIRECTION('',(1.E0,0.E0,0.E0));
#8032=DIRECTION('',(0.E0,0.E0,-1.E0));
#8033=AXIS2_PLACEMENT_3D('',#8030,#8031,#8032);
#8034=PLANE('3747',#8033);
#8035=ORIENTED_EDGE('4624',*,*,#4833,.T.);
#8036=ORIENTED_EDGE('4631',*,*,#7912,.T.);
#8038=ORIENTED_EDGE('3959',*,*,#8037,.F.);
#8039=ORIENTED_EDGE('4635',*,*,#7994,.F.);
#8040=EDGE_LOOP('3747',(#8035,#8036,#8038,#8039));
#8041=FACE_OUTER_BOUND('3747',#8040,.F.);
#8043=FILL_AREA_STYLE_COLOUR('',#152);
#8044=FILL_AREA_STYLE('',(#8043));
#8045=SURFACE_STYLE_FILL_AREA(#8044);
#8046=SURFACE_SIDE_STYLE('',(#8045));
#8047=SURFACE_STYLE_USAGE(.BOTH.,#8046);
#8048=PRESENTATION_STYLE_ASSIGNMENT((#8047));
#8049=STYLED_ITEM('',(#8048),#8042);
#8050=CARTESIAN_POINT('',(-3.75E-2,-9.550000000003E-2,2.015E-1));
#8051=DIRECTION('',(1.E0,0.E0,0.E0));
#8052=DIRECTION('',(0.E0,0.E0,-1.E0));
#8053=AXIS2_PLACEMENT_3D('',#8050,#8051,#8052);
#8054=PLANE('3747',#8053);
#8055=ORIENTED_EDGE('4628',*,*,#4423,.F.);
#8056=ORIENTED_EDGE('4634',*,*,#8018,.F.);
#8058=ORIENTED_EDGE('3961',*,*,#8057,.F.);
#8059=ORIENTED_EDGE('4630',*,*,#7930,.T.);
#8060=EDGE_LOOP('3747',(#8055,#8056,#8058,#8059));
#8061=FACE_OUTER_BOUND('3747',#8060,.F.);
#8063=FILL_AREA_STYLE_COLOUR('',#152);
#8064=FILL_AREA_STYLE('',(#8063));
#8065=SURFACE_STYLE_FILL_AREA(#8064);
#8066=SURFACE_SIDE_STYLE('',(#8065));
#8067=SURFACE_STYLE_USAGE(.POSITIVE.,#8066);
#8068=PRESENTATION_STYLE_ASSIGNMENT((#8067));
#8069=STYLED_ITEM('',(#8068),#8062);
#8070=CARTESIAN_POINT('',(-4.15E-2,-3.194219723180E-1,2.015E-1));
#8071=DIRECTION('',(9.063077870368E-1,-4.226182617403E-1,0.E0));
#8072=DIRECTION('',(0.E0,0.E0,-1.E0));
#8073=AXIS2_PLACEMENT_3D('',#8070,#8071,#8072);
#8074=PLANE('3748',#8073);
#8076=ORIENTED_EDGE('3950',*,*,#8075,.T.);
#8078=ORIENTED_EDGE('3962',*,*,#8077,.F.);
#8079=ORIENTED_EDGE('3959',*,*,#8037,.T.);
#8081=ORIENTED_EDGE('3955',*,*,#8080,.T.);
#8082=EDGE_LOOP('3748',(#8076,#8078,#8079,#8081));
#8083=FACE_OUTER_BOUND('3748',#8082,.F.);
#8085=FILL_AREA_STYLE_COLOUR('',#152);
#8086=FILL_AREA_STYLE('',(#8085));
#8087=SURFACE_STYLE_FILL_AREA(#8086);
#8088=SURFACE_SIDE_STYLE('',(#8087));
#8089=SURFACE_STYLE_USAGE(.BOTH.,#8088);
#8090=PRESENTATION_STYLE_ASSIGNMENT((#8089));
#8091=STYLED_ITEM('',(#8090),#8084);
#8092=CARTESIAN_POINT('',(-5.E-2,-3.28E-1,2.015E-1));
#8093=DIRECTION('',(0.E0,1.E0,0.E0));
#8094=DIRECTION('',(1.E0,0.E0,0.E0));
#8095=AXIS2_PLACEMENT_3D('',#8092,#8093,#8094);
#8096=PLANE('3744',#8095);
#8098=ORIENTED_EDGE('3949',*,*,#8097,.F.);
#8100=ORIENTED_EDGE('3952',*,*,#8099,.F.);
#8102=ORIENTED_EDGE('3951',*,*,#8101,.F.);
#8103=ORIENTED_EDGE('3950',*,*,#8075,.F.);
#8104=EDGE_LOOP('3744',(#8098,#8100,#8102,#8103));
#8105=FACE_OUTER_BOUND('3744',#8104,.F.);
#8107=FILL_AREA_STYLE_COLOUR('',#152);
#8108=FILL_AREA_STYLE('',(#8107));
#8109=SURFACE_STYLE_FILL_AREA(#8108);
#8110=SURFACE_SIDE_STYLE('',(#8109));
#8111=SURFACE_STYLE_USAGE(.BOTH.,#8110);
#8112=PRESENTATION_STYLE_ASSIGNMENT((#8111));
#8113=STYLED_ITEM('',(#8112),#8106);
#8114=CARTESIAN_POINT('',(-4.999999999999E-2,-3.194219723180E-1,1.93E-1));
#8115=DIRECTION('',(0.E0,4.226182617403E-1,9.063077870368E-1));
#8116=DIRECTION('',(-1.E0,0.E0,0.E0));
#8117=AXIS2_PLACEMENT_3D('',#8114,#8115,#8116);
#8118=PLANE('3745',#8117);
#8119=ORIENTED_EDGE('3953',*,*,#7910,.F.);
#8121=ORIENTED_EDGE('3954',*,*,#8120,.F.);
#8122=ORIENTED_EDGE('3949',*,*,#8097,.T.);
#8123=ORIENTED_EDGE('3955',*,*,#8080,.F.);
#8124=EDGE_LOOP('3745',(#8119,#8121,#8122,#8123));
#8125=FACE_OUTER_BOUND('3745',#8124,.F.);
#8127=FILL_AREA_STYLE_COLOUR('',#152);
#8128=FILL_AREA_STYLE('',(#8127));
#8129=SURFACE_STYLE_FILL_AREA(#8128);
#8130=SURFACE_SIDE_STYLE('',(#8129));
#8131=SURFACE_STYLE_USAGE(.BOTH.,#8130);
#8132=PRESENTATION_STYLE_ASSIGNMENT((#8131));
#8133=STYLED_ITEM('',(#8132),#8126);
#8134=CARTESIAN_POINT('',(-5.85E-2,-3.194219723180E-1,2.015E-1));
#8135=DIRECTION('',(9.063077870368E-1,4.226182617403E-1,0.E0));
#8136=DIRECTION('',(0.E0,0.E0,-1.E0));
#8137=AXIS2_PLACEMENT_3D('',#8134,#8135,#8136);
#8138=PLANE('3773',#8137);
#8139=ORIENTED_EDGE('4003',*,*,#7954,.T.);
#8141=ORIENTED_EDGE('3963',*,*,#8140,.T.);
#8142=ORIENTED_EDGE('3952',*,*,#8099,.T.);
#8143=ORIENTED_EDGE('3954',*,*,#8120,.T.);
#8144=EDGE_LOOP('3773',(#8139,#8141,#8142,#8143));
#8145=FACE_OUTER_BOUND('3773',#8144,.F.);
#8147=FILL_AREA_STYLE_COLOUR('',#152);
#8148=FILL_AREA_STYLE('',(#8147));
#8149=SURFACE_STYLE_FILL_AREA(#8148);
#8150=SURFACE_SIDE_STYLE('',(#8149));
#8151=SURFACE_STYLE_USAGE(.BOTH.,#8150);
#8152=PRESENTATION_STYLE_ASSIGNMENT((#8151));
#8153=STYLED_ITEM('',(#8152),#8146);
#8154=CARTESIAN_POINT('',(-4.999999999999E-2,-3.194219723180E-1,2.1E-1));
#8155=DIRECTION('',(0.E0,-4.226182617403E-1,9.063077870368E-1));
#8156=DIRECTION('',(-1.E0,0.E0,0.E0));
#8157=AXIS2_PLACEMENT_3D('',#8154,#8155,#8156);
#8158=PLANE('3749',#8157);
#8159=ORIENTED_EDGE('3951',*,*,#8101,.T.);
#8160=ORIENTED_EDGE('3963',*,*,#8140,.F.);
#8161=ORIENTED_EDGE('3964',*,*,#7996,.F.);
#8162=ORIENTED_EDGE('3962',*,*,#8077,.T.);
#8163=EDGE_LOOP('3749',(#8159,#8160,#8161,#8162));
#8164=FACE_OUTER_BOUND('3749',#8163,.F.);
#8166=FILL_AREA_STYLE_COLOUR('',#152);
#8167=FILL_AREA_STYLE('',(#8166));
#8168=SURFACE_STYLE_FILL_AREA(#8167);
#8169=SURFACE_SIDE_STYLE('',(#8168));
#8170=SURFACE_STYLE_USAGE(.BOTH.,#8169);
#8171=PRESENTATION_STYLE_ASSIGNMENT((#8170));
#8172=STYLED_ITEM('',(#8171),#8165);
#8173=CARTESIAN_POINT('',(-4.15E-2,1.284219723180E-1,2.015E-1));
#8174=DIRECTION('',(9.063077870368E-1,4.226182617403E-1,0.E0));
#8175=DIRECTION('',(0.E0,0.E0,-1.E0));
#8176=AXIS2_PLACEMENT_3D('',#8173,#8174,#8175);
#8177=PLANE('3753',#8176);
#8178=ORIENTED_EDGE('3961',*,*,#8057,.T.);
#8180=ORIENTED_EDGE('3969',*,*,#8179,.T.);
#8182=ORIENTED_EDGE('3970',*,*,#8181,.T.);
#8184=ORIENTED_EDGE('3973',*,*,#8183,.F.);
#8185=EDGE_LOOP('3753',(#8178,#8180,#8182,#8184));
#8186=FACE_OUTER_BOUND('3753',#8185,.F.);
#8188=FILL_AREA_STYLE_COLOUR('',#152);
#8189=FILL_AREA_STYLE('',(#8188));
#8190=SURFACE_STYLE_FILL_AREA(#8189);
#8191=SURFACE_SIDE_STYLE('',(#8190));
#8192=SURFACE_STYLE_USAGE(.BOTH.,#8191);
#8193=PRESENTATION_STYLE_ASSIGNMENT((#8192));
#8194=STYLED_ITEM('',(#8193),#8187);
#8195=CARTESIAN_POINT('',(-4.999999999999E-2,1.284219723180E-1,2.1E-1));
#8196=DIRECTION('',(0.E0,4.226182617403E-1,9.063077870368E-1));
#8197=DIRECTION('',(-1.E0,0.E0,0.E0));
#8198=AXIS2_PLACEMENT_3D('',#8195,#8196,#8197);
#8199=PLANE('3751',#8198);
#8200=ORIENTED_EDGE('3966',*,*,#8016,.T.);
#8202=ORIENTED_EDGE('3967',*,*,#8201,.F.);
#8204=ORIENTED_EDGE('3968',*,*,#8203,.F.);
#8205=ORIENTED_EDGE('3969',*,*,#8179,.F.);
#8206=EDGE_LOOP('3751',(#8200,#8202,#8204,#8205));
#8207=FACE_OUTER_BOUND('3751',#8206,.F.);
#8209=FILL_AREA_STYLE_COLOUR('',#152);
#8210=FILL_AREA_STYLE('',(#8209));
#8211=SURFACE_STYLE_FILL_AREA(#8210);
#8212=SURFACE_SIDE_STYLE('',(#8211));
#8213=SURFACE_STYLE_USAGE(.BOTH.,#8212);
#8214=PRESENTATION_STYLE_ASSIGNMENT((#8213));
#8215=STYLED_ITEM('',(#8214),#8208);
#8216=CARTESIAN_POINT('',(-5.85E-2,1.284219723180E-1,2.015E-1));
#8217=DIRECTION('',(9.063077870368E-1,-4.226182617403E-1,0.E0));
#8218=DIRECTION('',(0.E0,0.E0,-1.E0));
#8219=AXIS2_PLACEMENT_3D('',#8216,#8217,#8218);
#8220=PLANE('3774',#8219);
#8221=ORIENTED_EDGE('4004',*,*,#7974,.T.);
#8223=ORIENTED_EDGE('3974',*,*,#8222,.T.);
#8225=ORIENTED_EDGE('3971',*,*,#8224,.T.);
#8226=ORIENTED_EDGE('3967',*,*,#8201,.T.);
#8227=EDGE_LOOP('3774',(#8221,#8223,#8225,#8226));
#8228=FACE_OUTER_BOUND('3774',#8227,.F.);
#8230=FILL_AREA_STYLE_COLOUR('',#152);
#8231=FILL_AREA_STYLE('',(#8230));
#8232=SURFACE_STYLE_FILL_AREA(#8231);
#8233=SURFACE_SIDE_STYLE('',(#8232));
#8234=SURFACE_STYLE_USAGE(.BOTH.,#8233);
#8235=PRESENTATION_STYLE_ASSIGNMENT((#8234));
#8236=STYLED_ITEM('',(#8235),#8229);
#8237=CARTESIAN_POINT('',(-4.999999999999E-2,1.284219723180E-1,1.93E-1));
#8238=DIRECTION('',(0.E0,-4.226182617403E-1,9.063077870368E-1));
#8239=DIRECTION('',(-1.E0,0.E0,0.E0));
#8240=AXIS2_PLACEMENT_3D('',#8237,#8238,#8239);
#8241=PLANE('3754',#8240);
#8243=ORIENTED_EDGE('3972',*,*,#8242,.T.);
#8244=ORIENTED_EDGE('3974',*,*,#8222,.F.);
#8245=ORIENTED_EDGE('3957',*,*,#7932,.T.);
#8246=ORIENTED_EDGE('3973',*,*,#8183,.T.);
#8247=EDGE_LOOP('3754',(#8243,#8244,#8245,#8246));
#8248=FACE_OUTER_BOUND('3754',#8247,.F.);
#8250=FILL_AREA_STYLE_COLOUR('',#152);
#8251=FILL_AREA_STYLE('',(#8250));
#8252=SURFACE_STYLE_FILL_AREA(#8251);
#8253=SURFACE_SIDE_STYLE('',(#8252));
#8254=SURFACE_STYLE_USAGE(.BOTH.,#8253);
#8255=PRESENTATION_STYLE_ASSIGNMENT((#8254));
#8256=STYLED_ITEM('',(#8255),#8249);
#8257=CARTESIAN_POINT('',(-5.E-2,1.37E-1,2.015E-1));
#8258=DIRECTION('',(0.E0,1.E0,0.E0));
#8259=DIRECTION('',(1.E0,0.E0,0.E0));
#8260=AXIS2_PLACEMENT_3D('',#8257,#8258,#8259);
#8261=PLANE('3752',#8260);
#8262=ORIENTED_EDGE('3970',*,*,#8181,.F.);
#8263=ORIENTED_EDGE('3968',*,*,#8203,.T.);
#8264=ORIENTED_EDGE('3971',*,*,#8224,.F.);
#8265=ORIENTED_EDGE('3972',*,*,#8242,.F.);
#8266=EDGE_LOOP('3752',(#8262,#8263,#8264,#8265));
#8267=FACE_OUTER_BOUND('3752',#8266,.F.);
#8269=FILL_AREA_STYLE_COLOUR('',#152);
#8270=FILL_AREA_STYLE('',(#8269));
#8271=SURFACE_STYLE_FILL_AREA(#8270);
#8272=SURFACE_SIDE_STYLE('',(#8271));
#8273=SURFACE_STYLE_USAGE(.BOTH.,#8272);
#8274=PRESENTATION_STYLE_ASSIGNMENT((#8273));
#8275=STYLED_ITEM('',(#8274),#8268);
#8276=CARTESIAN_POINT('',(-1.5E-1,-9.550000000003E-2,1.89E-1));
#8277=DIRECTION('',(0.E0,0.E0,1.E0));
#8278=DIRECTION('',(-1.E0,0.E0,0.E0));
#8279=AXIS2_PLACEMENT_3D('',#8276,#8277,#8278);
#8280=PLANE('3760',#8279);
#8281=ORIENTED_EDGE('4638',*,*,#4841,.T.);
#8283=ORIENTED_EDGE('4648',*,*,#8282,.F.);
#8285=ORIENTED_EDGE('3979',*,*,#8284,.T.);
#8287=ORIENTED_EDGE('4647',*,*,#8286,.F.);
#8288=EDGE_LOOP('3760',(#8281,#8283,#8285,#8287));
#8289=FACE_OUTER_BOUND('3760',#8288,.F.);
#8291=FILL_AREA_STYLE_COLOUR('',#152);
#8292=FILL_AREA_STYLE('',(#8291));
#8293=SURFACE_STYLE_FILL_AREA(#8292);
#8294=SURFACE_SIDE_STYLE('',(#8293));
#8295=SURFACE_STYLE_USAGE(.BOTH.,#8294);
#8296=PRESENTATION_STYLE_ASSIGNMENT((#8295));
#8297=STYLED_ITEM('',(#8296),#8290);
#8298=CARTESIAN_POINT('',(-1.5E-1,-9.550000000003E-2,1.89E-1));
#8299=DIRECTION('',(0.E0,0.E0,1.E0));
#8300=DIRECTION('',(-1.E0,0.E0,0.E0));
#8301=AXIS2_PLACEMENT_3D('',#8298,#8299,#8300);
#8302=PLANE('3760',#8301);
#8303=ORIENTED_EDGE('4642',*,*,#4427,.F.);
#8305=ORIENTED_EDGE('4646',*,*,#8304,.F.);
#8307=ORIENTED_EDGE('3983',*,*,#8306,.F.);
#8309=ORIENTED_EDGE('4649',*,*,#8308,.F.);
#8310=EDGE_LOOP('3760',(#8303,#8305,#8307,#8309));
#8311=FACE_OUTER_BOUND('3760',#8310,.F.);
#8313=FILL_AREA_STYLE_COLOUR('',#152);
#8314=FILL_AREA_STYLE('',(#8313));
#8315=SURFACE_STYLE_FILL_AREA(#8314);
#8316=SURFACE_SIDE_STYLE('',(#8315));
#8317=SURFACE_STYLE_USAGE(.POSITIVE.,#8316);
#8318=PRESENTATION_STYLE_ASSIGNMENT((#8317));
#8319=STYLED_ITEM('',(#8318),#8312);
#8320=CARTESIAN_POINT('',(-1.625E-1,-9.550000000003E-2,2.015E-1));
#8321=DIRECTION('',(1.E0,0.E0,0.E0));
#8322=DIRECTION('',(0.E0,0.E0,1.E0));
#8323=AXIS2_PLACEMENT_3D('',#8320,#8321,#8322);
#8324=PLANE('3765',#8323);
#8325=ORIENTED_EDGE('4639',*,*,#4847,.T.);
#8327=ORIENTED_EDGE('4652',*,*,#8326,.F.);
#8329=ORIENTED_EDGE('3991',*,*,#8328,.T.);
#8330=ORIENTED_EDGE('4648',*,*,#8282,.T.);
#8331=EDGE_LOOP('3765',(#8325,#8327,#8329,#8330));
#8332=FACE_OUTER_BOUND('3765',#8331,.F.);
#8334=FILL_AREA_STYLE_COLOUR('',#152);
#8335=FILL_AREA_STYLE('',(#8334));
#8336=SURFACE_STYLE_FILL_AREA(#8335);
#8337=SURFACE_SIDE_STYLE('',(#8336));
#8338=SURFACE_STYLE_USAGE(.BOTH.,#8337);
#8339=PRESENTATION_STYLE_ASSIGNMENT((#8338));
#8340=STYLED_ITEM('',(#8339),#8333);
#8341=CARTESIAN_POINT('',(-1.625E-1,-9.550000000003E-2,2.015E-1));
#8342=DIRECTION('',(1.E0,0.E0,0.E0));
#8343=DIRECTION('',(0.E0,0.E0,1.E0));
#8344=AXIS2_PLACEMENT_3D('',#8341,#8342,#8343);
#8345=PLANE('3765',#8344);
#8346=ORIENTED_EDGE('4643',*,*,#4429,.F.);
#8347=ORIENTED_EDGE('4649',*,*,#8308,.T.);
#8349=ORIENTED_EDGE('3992',*,*,#8348,.F.);
#8351=ORIENTED_EDGE('4653',*,*,#8350,.F.);
#8352=EDGE_LOOP('3765',(#8346,#8347,#8349,#8351));
#8353=FACE_OUTER_BOUND('3765',#8352,.F.);
#8355=FILL_AREA_STYLE_COLOUR('',#152);
#8356=FILL_AREA_STYLE('',(#8355));
#8357=SURFACE_STYLE_FILL_AREA(#8356);
#8358=SURFACE_SIDE_STYLE('',(#8357));
#8359=SURFACE_STYLE_USAGE(.POSITIVE.,#8358);
#8360=PRESENTATION_STYLE_ASSIGNMENT((#8359));
#8361=STYLED_ITEM('',(#8360),#8354);
#8362=CARTESIAN_POINT('',(-1.5E-1,-9.550000000003E-2,2.14E-1));
#8363=DIRECTION('',(0.E0,0.E0,1.E0));
#8364=DIRECTION('',(1.E0,0.E0,0.E0));
#8365=AXIS2_PLACEMENT_3D('',#8362,#8363,#8364);
#8366=PLANE('3771',#8365);
#8367=ORIENTED_EDGE('4641',*,*,#4845,.T.);
#8369=ORIENTED_EDGE('4651',*,*,#8368,.T.);
#8371=ORIENTED_EDGE('3990',*,*,#8370,.T.);
#8372=ORIENTED_EDGE('4652',*,*,#8326,.T.);
#8373=EDGE_LOOP('3771',(#8367,#8369,#8371,#8372));
#8374=FACE_OUTER_BOUND('3771',#8373,.F.);
#8376=FILL_AREA_STYLE_COLOUR('',#152);
#8377=FILL_AREA_STYLE('',(#8376));
#8378=SURFACE_STYLE_FILL_AREA(#8377);
#8379=SURFACE_SIDE_STYLE('',(#8378));
#8380=SURFACE_STYLE_USAGE(.BOTH.,#8379);
#8381=PRESENTATION_STYLE_ASSIGNMENT((#8380));
#8382=STYLED_ITEM('',(#8381),#8375);
#8383=CARTESIAN_POINT('',(-1.5E-1,-9.550000000003E-2,2.14E-1));
#8384=DIRECTION('',(0.E0,0.E0,1.E0));
#8385=DIRECTION('',(1.E0,0.E0,0.E0));
#8386=AXIS2_PLACEMENT_3D('',#8383,#8384,#8385);
#8387=PLANE('3771',#8386);
#8388=ORIENTED_EDGE('4645',*,*,#4431,.F.);
#8389=ORIENTED_EDGE('4653',*,*,#8350,.T.);
#8391=ORIENTED_EDGE('4002',*,*,#8390,.T.);
#8393=ORIENTED_EDGE('4650',*,*,#8392,.T.);
#8394=EDGE_LOOP('3771',(#8388,#8389,#8391,#8393));
#8395=FACE_OUTER_BOUND('3771',#8394,.F.);
#8397=FILL_AREA_STYLE_COLOUR('',#152);
#8398=FILL_AREA_STYLE('',(#8397));
#8399=SURFACE_STYLE_FILL_AREA(#8398);
#8400=SURFACE_SIDE_STYLE('',(#8399));
#8401=SURFACE_STYLE_USAGE(.POSITIVE.,#8400);
#8402=PRESENTATION_STYLE_ASSIGNMENT((#8401));
#8403=STYLED_ITEM('',(#8402),#8396);
#8404=CARTESIAN_POINT('',(-1.375E-1,-9.550000000003E-2,2.015E-1));
#8405=DIRECTION('',(1.E0,0.E0,0.E0));
#8406=DIRECTION('',(0.E0,0.E0,-1.E0));
#8407=AXIS2_PLACEMENT_3D('',#8404,#8405,#8406);
#8408=PLANE('3761',#8407);
#8409=ORIENTED_EDGE('4640',*,*,#4843,.T.);
#8410=ORIENTED_EDGE('4647',*,*,#8286,.T.);
#8412=ORIENTED_EDGE('3985',*,*,#8411,.F.);
#8413=ORIENTED_EDGE('4651',*,*,#8368,.F.);
#8414=EDGE_LOOP('3761',(#8409,#8410,#8412,#8413));
#8415=FACE_OUTER_BOUND('3761',#8414,.F.);
#8417=FILL_AREA_STYLE_COLOUR('',#152);
#8418=FILL_AREA_STYLE('',(#8417));
#8419=SURFACE_STYLE_FILL_AREA(#8418);
#8420=SURFACE_SIDE_STYLE('',(#8419));
#8421=SURFACE_STYLE_USAGE(.BOTH.,#8420);
#8422=PRESENTATION_STYLE_ASSIGNMENT((#8421));
#8423=STYLED_ITEM('',(#8422),#8416);
#8424=CARTESIAN_POINT('',(-1.375E-1,-9.550000000003E-2,2.015E-1));
#8425=DIRECTION('',(1.E0,0.E0,0.E0));
#8426=DIRECTION('',(0.E0,0.E0,-1.E0));
#8427=AXIS2_PLACEMENT_3D('',#8424,#8425,#8426);
#8428=PLANE('3761',#8427);
#8429=ORIENTED_EDGE('4644',*,*,#4433,.F.);
#8430=ORIENTED_EDGE('4650',*,*,#8392,.F.);
#8432=ORIENTED_EDGE('3987',*,*,#8431,.F.);
#8433=ORIENTED_EDGE('4646',*,*,#8304,.T.);
#8434=EDGE_LOOP('3761',(#8429,#8430,#8432,#8433));
#8435=FACE_OUTER_BOUND('3761',#8434,.F.);
#8437=FILL_AREA_STYLE_COLOUR('',#152);
#8438=FILL_AREA_STYLE('',(#8437));
#8439=SURFACE_STYLE_FILL_AREA(#8438);
#8440=SURFACE_SIDE_STYLE('',(#8439));
#8441=SURFACE_STYLE_USAGE(.POSITIVE.,#8440);
#8442=PRESENTATION_STYLE_ASSIGNMENT((#8441));
#8443=STYLED_ITEM('',(#8442),#8436);
#8444=CARTESIAN_POINT('',(-1.415E-1,-3.194219723180E-1,2.015E-1));
#8445=DIRECTION('',(9.063077870368E-1,-4.226182617403E-1,0.E0));
#8446=DIRECTION('',(0.E0,0.E0,-1.E0));
#8447=AXIS2_PLACEMENT_3D('',#8444,#8445,#8446);
#8448=PLANE('3762',#8447);
#8450=ORIENTED_EDGE('3976',*,*,#8449,.T.);
#8452=ORIENTED_EDGE('3988',*,*,#8451,.F.);
#8453=ORIENTED_EDGE('3985',*,*,#8411,.T.);
#8455=ORIENTED_EDGE('3981',*,*,#8454,.T.);
#8456=EDGE_LOOP('3762',(#8450,#8452,#8453,#8455));
#8457=FACE_OUTER_BOUND('3762',#8456,.F.);
#8459=FILL_AREA_STYLE_COLOUR('',#152);
#8460=FILL_AREA_STYLE('',(#8459));
#8461=SURFACE_STYLE_FILL_AREA(#8460);
#8462=SURFACE_SIDE_STYLE('',(#8461));
#8463=SURFACE_STYLE_USAGE(.BOTH.,#8462);
#8464=PRESENTATION_STYLE_ASSIGNMENT((#8463));
#8465=STYLED_ITEM('',(#8464),#8458);
#8466=CARTESIAN_POINT('',(-1.5E-1,-3.28E-1,2.015E-1));
#8467=DIRECTION('',(0.E0,1.E0,0.E0));
#8468=DIRECTION('',(1.E0,0.E0,0.E0));
#8469=AXIS2_PLACEMENT_3D('',#8466,#8467,#8468);
#8470=PLANE('3758',#8469);
#8472=ORIENTED_EDGE('3975',*,*,#8471,.F.);
#8474=ORIENTED_EDGE('3978',*,*,#8473,.F.);
#8476=ORIENTED_EDGE('3977',*,*,#8475,.F.);
#8477=ORIENTED_EDGE('3976',*,*,#8449,.F.);
#8478=EDGE_LOOP('3758',(#8472,#8474,#8476,#8477));
#8479=FACE_OUTER_BOUND('3758',#8478,.F.);
#8481=FILL_AREA_STYLE_COLOUR('',#152);
#8482=FILL_AREA_STYLE('',(#8481));
#8483=SURFACE_STYLE_FILL_AREA(#8482);
#8484=SURFACE_SIDE_STYLE('',(#8483));
#8485=SURFACE_STYLE_USAGE(.BOTH.,#8484);
#8486=PRESENTATION_STYLE_ASSIGNMENT((#8485));
#8487=STYLED_ITEM('',(#8486),#8480);
#8488=CARTESIAN_POINT('',(-1.5E-1,-3.194219723180E-1,1.93E-1));
#8489=DIRECTION('',(0.E0,4.226182617403E-1,9.063077870368E-1));
#8490=DIRECTION('',(-1.E0,0.E0,0.E0));
#8491=AXIS2_PLACEMENT_3D('',#8488,#8489,#8490);
#8492=PLANE('3759',#8491);
#8493=ORIENTED_EDGE('3979',*,*,#8284,.F.);
#8495=ORIENTED_EDGE('3980',*,*,#8494,.F.);
#8496=ORIENTED_EDGE('3975',*,*,#8471,.T.);
#8497=ORIENTED_EDGE('3981',*,*,#8454,.F.);
#8498=EDGE_LOOP('3759',(#8493,#8495,#8496,#8497));
#8499=FACE_OUTER_BOUND('3759',#8498,.F.);
#8501=FILL_AREA_STYLE_COLOUR('',#152);
#8502=FILL_AREA_STYLE('',(#8501));
#8503=SURFACE_STYLE_FILL_AREA(#8502);
#8504=SURFACE_SIDE_STYLE('',(#8503));
#8505=SURFACE_STYLE_USAGE(.BOTH.,#8504);
#8506=PRESENTATION_STYLE_ASSIGNMENT((#8505));
#8507=STYLED_ITEM('',(#8506),#8500);
#8508=CARTESIAN_POINT('',(-1.585E-1,-3.194219723180E-1,2.015E-1));
#8509=DIRECTION('',(9.063077870368E-1,4.226182617403E-1,0.E0));
#8510=DIRECTION('',(0.E0,0.E0,-1.E0));
#8511=AXIS2_PLACEMENT_3D('',#8508,#8509,#8510);
#8512=PLANE('3764',#8511);
#8513=ORIENTED_EDGE('3991',*,*,#8328,.F.);
#8515=ORIENTED_EDGE('3989',*,*,#8514,.T.);
#8516=ORIENTED_EDGE('3978',*,*,#8473,.T.);
#8517=ORIENTED_EDGE('3980',*,*,#8494,.T.);
#8518=EDGE_LOOP('3764',(#8513,#8515,#8516,#8517));
#8519=FACE_OUTER_BOUND('3764',#8518,.F.);
#8521=FILL_AREA_STYLE_COLOUR('',#152);
#8522=FILL_AREA_STYLE('',(#8521));
#8523=SURFACE_STYLE_FILL_AREA(#8522);
#8524=SURFACE_SIDE_STYLE('',(#8523));
#8525=SURFACE_STYLE_USAGE(.BOTH.,#8524);
#8526=PRESENTATION_STYLE_ASSIGNMENT((#8525));
#8527=STYLED_ITEM('',(#8526),#8520);
#8528=CARTESIAN_POINT('',(-1.5E-1,-3.194219723180E-1,2.1E-1));
#8529=DIRECTION('',(0.E0,-4.226182617403E-1,9.063077870368E-1));
#8530=DIRECTION('',(-1.E0,0.E0,0.E0));
#8531=AXIS2_PLACEMENT_3D('',#8528,#8529,#8530);
#8532=PLANE('3763',#8531);
#8533=ORIENTED_EDGE('3977',*,*,#8475,.T.);
#8534=ORIENTED_EDGE('3989',*,*,#8514,.F.);
#8535=ORIENTED_EDGE('3990',*,*,#8370,.F.);
#8536=ORIENTED_EDGE('3988',*,*,#8451,.T.);
#8537=EDGE_LOOP('3763',(#8533,#8534,#8535,#8536));
#8538=FACE_OUTER_BOUND('3763',#8537,.F.);
#8540=FILL_AREA_STYLE_COLOUR('',#152);
#8541=FILL_AREA_STYLE('',(#8540));
#8542=SURFACE_STYLE_FILL_AREA(#8541);
#8543=SURFACE_SIDE_STYLE('',(#8542));
#8544=SURFACE_STYLE_USAGE(.BOTH.,#8543);
#8545=PRESENTATION_STYLE_ASSIGNMENT((#8544));
#8546=STYLED_ITEM('',(#8545),#8539);
#8547=CARTESIAN_POINT('',(-1.415E-1,1.284219723180E-1,2.015E-1));
#8548=DIRECTION('',(9.063077870368E-1,4.226182617403E-1,0.E0));
#8549=DIRECTION('',(0.E0,0.E0,-1.E0));
#8550=AXIS2_PLACEMENT_3D('',#8547,#8548,#8549);
#8551=PLANE('3769',#8550);
#8552=ORIENTED_EDGE('3987',*,*,#8431,.T.);
#8554=ORIENTED_EDGE('4001',*,*,#8553,.F.);
#8556=ORIENTED_EDGE('3999',*,*,#8555,.T.);
#8558=ORIENTED_EDGE('3998',*,*,#8557,.T.);
#8559=EDGE_LOOP('3769',(#8552,#8554,#8556,#8558));
#8560=FACE_OUTER_BOUND('3769',#8559,.F.);
#8562=FILL_AREA_STYLE_COLOUR('',#152);
#8563=FILL_AREA_STYLE('',(#8562));
#8564=SURFACE_STYLE_FILL_AREA(#8563);
#8565=SURFACE_SIDE_STYLE('',(#8564));
#8566=SURFACE_STYLE_USAGE(.BOTH.,#8565);
#8567=PRESENTATION_STYLE_ASSIGNMENT((#8566));
#8568=STYLED_ITEM('',(#8567),#8561);
#8569=CARTESIAN_POINT('',(-1.5E-1,1.284219723180E-1,2.1E-1));
#8570=DIRECTION('',(0.E0,4.226182617403E-1,9.063077870368E-1));
#8571=DIRECTION('',(-1.E0,0.E0,0.E0));
#8572=AXIS2_PLACEMENT_3D('',#8569,#8570,#8571);
#8573=PLANE('3770',#8572);
#8574=ORIENTED_EDGE('4002',*,*,#8390,.F.);
#8576=ORIENTED_EDGE('3996',*,*,#8575,.T.);
#8578=ORIENTED_EDGE('4000',*,*,#8577,.T.);
#8579=ORIENTED_EDGE('4001',*,*,#8553,.T.);
#8580=EDGE_LOOP('3770',(#8574,#8576,#8578,#8579));
#8581=FACE_OUTER_BOUND('3770',#8580,.F.);
#8583=FILL_AREA_STYLE_COLOUR('',#152);
#8584=FILL_AREA_STYLE('',(#8583));
#8585=SURFACE_STYLE_FILL_AREA(#8584);
#8586=SURFACE_SIDE_STYLE('',(#8585));
#8587=SURFACE_STYLE_USAGE(.BOTH.,#8586);
#8588=PRESENTATION_STYLE_ASSIGNMENT((#8587));
#8589=STYLED_ITEM('',(#8588),#8582);
#8590=CARTESIAN_POINT('',(-1.585E-1,1.284219723180E-1,2.015E-1));
#8591=DIRECTION('',(9.063077870368E-1,-4.226182617403E-1,0.E0));
#8592=DIRECTION('',(0.E0,0.E0,-1.E0));
#8593=AXIS2_PLACEMENT_3D('',#8590,#8591,#8592);
#8594=PLANE('3766',#8593);
#8595=ORIENTED_EDGE('3992',*,*,#8348,.T.);
#8597=ORIENTED_EDGE('3994',*,*,#8596,.F.);
#8599=ORIENTED_EDGE('3995',*,*,#8598,.F.);
#8600=ORIENTED_EDGE('3996',*,*,#8575,.F.);
#8601=EDGE_LOOP('3766',(#8595,#8597,#8599,#8600));
#8602=FACE_OUTER_BOUND('3766',#8601,.F.);
#8604=FILL_AREA_STYLE_COLOUR('',#152);
#8605=FILL_AREA_STYLE('',(#8604));
#8606=SURFACE_STYLE_FILL_AREA(#8605);
#8607=SURFACE_SIDE_STYLE('',(#8606));
#8608=SURFACE_STYLE_USAGE(.BOTH.,#8607);
#8609=PRESENTATION_STYLE_ASSIGNMENT((#8608));
#8610=STYLED_ITEM('',(#8609),#8603);
#8611=CARTESIAN_POINT('',(-1.5E-1,1.284219723180E-1,1.93E-1));
#8612=DIRECTION('',(0.E0,-4.226182617403E-1,9.063077870368E-1));
#8613=DIRECTION('',(-1.E0,0.E0,0.E0));
#8614=AXIS2_PLACEMENT_3D('',#8611,#8612,#8613);
#8615=PLANE('3767',#8614);
#8617=ORIENTED_EDGE('3997',*,*,#8616,.F.);
#8618=ORIENTED_EDGE('3994',*,*,#8596,.T.);
#8619=ORIENTED_EDGE('3983',*,*,#8306,.T.);
#8620=ORIENTED_EDGE('3998',*,*,#8557,.F.);
#8621=EDGE_LOOP('3767',(#8617,#8618,#8619,#8620));
#8622=FACE_OUTER_BOUND('3767',#8621,.F.);
#8624=FILL_AREA_STYLE_COLOUR('',#152);
#8625=FILL_AREA_STYLE('',(#8624));
#8626=SURFACE_STYLE_FILL_AREA(#8625);
#8627=SURFACE_SIDE_STYLE('',(#8626));
#8628=SURFACE_STYLE_USAGE(.BOTH.,#8627);
#8629=PRESENTATION_STYLE_ASSIGNMENT((#8628));
#8630=STYLED_ITEM('',(#8629),#8623);
#8631=CARTESIAN_POINT('',(-1.5E-1,1.37E-1,2.015E-1));
#8632=DIRECTION('',(0.E0,1.E0,0.E0));
#8633=DIRECTION('',(1.E0,0.E0,0.E0));
#8634=AXIS2_PLACEMENT_3D('',#8631,#8632,#8633);
#8635=PLANE('3768',#8634);
#8636=ORIENTED_EDGE('3999',*,*,#8555,.F.);
#8637=ORIENTED_EDGE('4000',*,*,#8577,.F.);
#8638=ORIENTED_EDGE('3995',*,*,#8598,.T.);
#8639=ORIENTED_EDGE('3997',*,*,#8616,.T.);
#8640=EDGE_LOOP('3768',(#8636,#8637,#8638,#8639));
#8641=FACE_OUTER_BOUND('3768',#8640,.F.);
#8643=FILL_AREA_STYLE_COLOUR('',#152);
#8644=FILL_AREA_STYLE('',(#8643));
#8645=SURFACE_STYLE_FILL_AREA(#8644);
#8646=SURFACE_SIDE_STYLE('',(#8645));
#8647=SURFACE_STYLE_USAGE(.BOTH.,#8646);
#8648=PRESENTATION_STYLE_ASSIGNMENT((#8647));
#8649=STYLED_ITEM('',(#8648),#8642);
#8650=CARTESIAN_POINT('',(-2.5E-1,-9.550000000003E-2,1.89E-1));
#8651=DIRECTION('',(0.E0,0.E0,1.E0));
#8652=DIRECTION('',(-1.E0,0.E0,0.E0));
#8653=AXIS2_PLACEMENT_3D('',#8650,#8651,#8652);
#8654=PLANE('3777',#8653);
#8655=ORIENTED_EDGE('4654',*,*,#4851,.T.);
#8657=ORIENTED_EDGE('4664',*,*,#8656,.F.);
#8659=ORIENTED_EDGE('4009',*,*,#8658,.T.);
#8661=ORIENTED_EDGE('4663',*,*,#8660,.F.);
#8662=EDGE_LOOP('3777',(#8655,#8657,#8659,#8661));
#8663=FACE_OUTER_BOUND('3777',#8662,.F.);
#8665=FILL_AREA_STYLE_COLOUR('',#152);
#8666=FILL_AREA_STYLE('',(#8665));
#8667=SURFACE_STYLE_FILL_AREA(#8666);
#8668=SURFACE_SIDE_STYLE('',(#8667));
#8669=SURFACE_STYLE_USAGE(.BOTH.,#8668);
#8670=PRESENTATION_STYLE_ASSIGNMENT((#8669));
#8671=STYLED_ITEM('',(#8670),#8664);
#8672=CARTESIAN_POINT('',(-2.5E-1,-9.550000000003E-2,1.89E-1));
#8673=DIRECTION('',(0.E0,0.E0,1.E0));
#8674=DIRECTION('',(-1.E0,0.E0,0.E0));
#8675=AXIS2_PLACEMENT_3D('',#8672,#8673,#8674);
#8676=PLANE('3777',#8675);
#8677=ORIENTED_EDGE('4658',*,*,#4437,.F.);
#8679=ORIENTED_EDGE('4662',*,*,#8678,.F.);
#8681=ORIENTED_EDGE('4013',*,*,#8680,.F.);
#8683=ORIENTED_EDGE('4665',*,*,#8682,.F.);
#8684=EDGE_LOOP('3777',(#8677,#8679,#8681,#8683));
#8685=FACE_OUTER_BOUND('3777',#8684,.F.);
#8687=FILL_AREA_STYLE_COLOUR('',#152);
#8688=FILL_AREA_STYLE('',(#8687));
#8689=SURFACE_STYLE_FILL_AREA(#8688);
#8690=SURFACE_SIDE_STYLE('',(#8689));
#8691=SURFACE_STYLE_USAGE(.POSITIVE.,#8690);
#8692=PRESENTATION_STYLE_ASSIGNMENT((#8691));
#8693=STYLED_ITEM('',(#8692),#8686);
#8694=CARTESIAN_POINT('',(-2.625E-1,-9.550000000003E-2,2.015E-1));
#8695=DIRECTION('',(1.E0,0.E0,0.E0));
#8696=DIRECTION('',(0.E0,0.E0,1.E0));
#8697=AXIS2_PLACEMENT_3D('',#8694,#8695,#8696);
#8698=PLANE('3782',#8697);
#8699=ORIENTED_EDGE('4655',*,*,#4857,.T.);
#8701=ORIENTED_EDGE('4668',*,*,#8700,.F.);
#8703=ORIENTED_EDGE('4021',*,*,#8702,.T.);
#8704=ORIENTED_EDGE('4664',*,*,#8656,.T.);
#8705=EDGE_LOOP('3782',(#8699,#8701,#8703,#8704));
#8706=FACE_OUTER_BOUND('3782',#8705,.F.);
#8708=FILL_AREA_STYLE_COLOUR('',#152);
#8709=FILL_AREA_STYLE('',(#8708));
#8710=SURFACE_STYLE_FILL_AREA(#8709);
#8711=SURFACE_SIDE_STYLE('',(#8710));
#8712=SURFACE_STYLE_USAGE(.BOTH.,#8711);
#8713=PRESENTATION_STYLE_ASSIGNMENT((#8712));
#8714=STYLED_ITEM('',(#8713),#8707);
#8715=CARTESIAN_POINT('',(-2.625E-1,-9.550000000003E-2,2.015E-1));
#8716=DIRECTION('',(1.E0,0.E0,0.E0));
#8717=DIRECTION('',(0.E0,0.E0,1.E0));
#8718=AXIS2_PLACEMENT_3D('',#8715,#8716,#8717);
#8719=PLANE('3782',#8718);
#8720=ORIENTED_EDGE('4659',*,*,#4439,.F.);
#8721=ORIENTED_EDGE('4665',*,*,#8682,.T.);
#8723=ORIENTED_EDGE('4022',*,*,#8722,.F.);
#8725=ORIENTED_EDGE('4669',*,*,#8724,.F.);
#8726=EDGE_LOOP('3782',(#8720,#8721,#8723,#8725));
#8727=FACE_OUTER_BOUND('3782',#8726,.F.);
#8729=FILL_AREA_STYLE_COLOUR('',#152);
#8730=FILL_AREA_STYLE('',(#8729));
#8731=SURFACE_STYLE_FILL_AREA(#8730);
#8732=SURFACE_SIDE_STYLE('',(#8731));
#8733=SURFACE_STYLE_USAGE(.POSITIVE.,#8732);
#8734=PRESENTATION_STYLE_ASSIGNMENT((#8733));
#8735=STYLED_ITEM('',(#8734),#8728);
#8736=CARTESIAN_POINT('',(-2.5E-1,-9.550000000003E-2,2.14E-1));
#8737=DIRECTION('',(0.E0,0.E0,1.E0));
#8738=DIRECTION('',(1.E0,0.E0,0.E0));
#8739=AXIS2_PLACEMENT_3D('',#8736,#8737,#8738);
#8740=PLANE('3788',#8739);
#8741=ORIENTED_EDGE('4657',*,*,#4855,.T.);
#8743=ORIENTED_EDGE('4667',*,*,#8742,.T.);
#8745=ORIENTED_EDGE('4020',*,*,#8744,.T.);
#8746=ORIENTED_EDGE('4668',*,*,#8700,.T.);
#8747=EDGE_LOOP('3788',(#8741,#8743,#8745,#8746));
#8748=FACE_OUTER_BOUND('3788',#8747,.F.);
#8750=FILL_AREA_STYLE_COLOUR('',#152);
#8751=FILL_AREA_STYLE('',(#8750));
#8752=SURFACE_STYLE_FILL_AREA(#8751);
#8753=SURFACE_SIDE_STYLE('',(#8752));
#8754=SURFACE_STYLE_USAGE(.BOTH.,#8753);
#8755=PRESENTATION_STYLE_ASSIGNMENT((#8754));
#8756=STYLED_ITEM('',(#8755),#8749);
#8757=CARTESIAN_POINT('',(-2.5E-1,-9.550000000003E-2,2.14E-1));
#8758=DIRECTION('',(0.E0,0.E0,1.E0));
#8759=DIRECTION('',(1.E0,0.E0,0.E0));
#8760=AXIS2_PLACEMENT_3D('',#8757,#8758,#8759);
#8761=PLANE('3788',#8760);
#8762=ORIENTED_EDGE('4661',*,*,#4441,.F.);
#8763=ORIENTED_EDGE('4669',*,*,#8724,.T.);
#8765=ORIENTED_EDGE('4032',*,*,#8764,.T.);
#8767=ORIENTED_EDGE('4666',*,*,#8766,.T.);
#8768=EDGE_LOOP('3788',(#8762,#8763,#8765,#8767));
#8769=FACE_OUTER_BOUND('3788',#8768,.F.);
#8771=FILL_AREA_STYLE_COLOUR('',#152);
#8772=FILL_AREA_STYLE('',(#8771));
#8773=SURFACE_STYLE_FILL_AREA(#8772);
#8774=SURFACE_SIDE_STYLE('',(#8773));
#8775=SURFACE_STYLE_USAGE(.POSITIVE.,#8774);
#8776=PRESENTATION_STYLE_ASSIGNMENT((#8775));
#8777=STYLED_ITEM('',(#8776),#8770);
#8778=CARTESIAN_POINT('',(-2.375E-1,-9.550000000003E-2,2.015E-1));
#8779=DIRECTION('',(1.E0,0.E0,0.E0));
#8780=DIRECTION('',(0.E0,0.E0,-1.E0));
#8781=AXIS2_PLACEMENT_3D('',#8778,#8779,#8780);
#8782=PLANE('3778',#8781);
#8783=ORIENTED_EDGE('4656',*,*,#4853,.T.);
#8784=ORIENTED_EDGE('4663',*,*,#8660,.T.);
#8786=ORIENTED_EDGE('4015',*,*,#8785,.F.);
#8787=ORIENTED_EDGE('4667',*,*,#8742,.F.);
#8788=EDGE_LOOP('3778',(#8783,#8784,#8786,#8787));
#8789=FACE_OUTER_BOUND('3778',#8788,.F.);
#8791=FILL_AREA_STYLE_COLOUR('',#152);
#8792=FILL_AREA_STYLE('',(#8791));
#8793=SURFACE_STYLE_FILL_AREA(#8792);
#8794=SURFACE_SIDE_STYLE('',(#8793));
#8795=SURFACE_STYLE_USAGE(.BOTH.,#8794);
#8796=PRESENTATION_STYLE_ASSIGNMENT((#8795));
#8797=STYLED_ITEM('',(#8796),#8790);
#8798=CARTESIAN_POINT('',(-2.375E-1,-9.550000000003E-2,2.015E-1));
#8799=DIRECTION('',(1.E0,0.E0,0.E0));
#8800=DIRECTION('',(0.E0,0.E0,-1.E0));
#8801=AXIS2_PLACEMENT_3D('',#8798,#8799,#8800);
#8802=PLANE('3778',#8801);
#8803=ORIENTED_EDGE('4660',*,*,#4443,.F.);
#8804=ORIENTED_EDGE('4666',*,*,#8766,.F.);
#8806=ORIENTED_EDGE('4017',*,*,#8805,.F.);
#8807=ORIENTED_EDGE('4662',*,*,#8678,.T.);
#8808=EDGE_LOOP('3778',(#8803,#8804,#8806,#8807));
#8809=FACE_OUTER_BOUND('3778',#8808,.F.);
#8811=FILL_AREA_STYLE_COLOUR('',#152);
#8812=FILL_AREA_STYLE('',(#8811));
#8813=SURFACE_STYLE_FILL_AREA(#8812);
#8814=SURFACE_SIDE_STYLE('',(#8813));
#8815=SURFACE_STYLE_USAGE(.POSITIVE.,#8814);
#8816=PRESENTATION_STYLE_ASSIGNMENT((#8815));
#8817=STYLED_ITEM('',(#8816),#8810);
#8818=CARTESIAN_POINT('',(-2.415E-1,-3.194219723180E-1,2.015E-1));
#8819=DIRECTION('',(9.063077870368E-1,-4.226182617403E-1,0.E0));
#8820=DIRECTION('',(0.E0,0.E0,-1.E0));
#8821=AXIS2_PLACEMENT_3D('',#8818,#8819,#8820);
#8822=PLANE('3779',#8821);
#8824=ORIENTED_EDGE('4006',*,*,#8823,.T.);
#8826=ORIENTED_EDGE('4018',*,*,#8825,.F.);
#8827=ORIENTED_EDGE('4015',*,*,#8785,.T.);
#8829=ORIENTED_EDGE('4011',*,*,#8828,.T.);
#8830=EDGE_LOOP('3779',(#8824,#8826,#8827,#8829));
#8831=FACE_OUTER_BOUND('3779',#8830,.F.);
#8833=FILL_AREA_STYLE_COLOUR('',#152);
#8834=FILL_AREA_STYLE('',(#8833));
#8835=SURFACE_STYLE_FILL_AREA(#8834);
#8836=SURFACE_SIDE_STYLE('',(#8835));
#8837=SURFACE_STYLE_USAGE(.BOTH.,#8836);
#8838=PRESENTATION_STYLE_ASSIGNMENT((#8837));
#8839=STYLED_ITEM('',(#8838),#8832);
#8840=CARTESIAN_POINT('',(-2.5E-1,-3.28E-1,2.015E-1));
#8841=DIRECTION('',(0.E0,1.E0,0.E0));
#8842=DIRECTION('',(1.E0,0.E0,0.E0));
#8843=AXIS2_PLACEMENT_3D('',#8840,#8841,#8842);
#8844=PLANE('3775',#8843);
#8846=ORIENTED_EDGE('4005',*,*,#8845,.F.);
#8848=ORIENTED_EDGE('4008',*,*,#8847,.F.);
#8850=ORIENTED_EDGE('4007',*,*,#8849,.F.);
#8851=ORIENTED_EDGE('4006',*,*,#8823,.F.);
#8852=EDGE_LOOP('3775',(#8846,#8848,#8850,#8851));
#8853=FACE_OUTER_BOUND('3775',#8852,.F.);
#8855=FILL_AREA_STYLE_COLOUR('',#152);
#8856=FILL_AREA_STYLE('',(#8855));
#8857=SURFACE_STYLE_FILL_AREA(#8856);
#8858=SURFACE_SIDE_STYLE('',(#8857));
#8859=SURFACE_STYLE_USAGE(.BOTH.,#8858);
#8860=PRESENTATION_STYLE_ASSIGNMENT((#8859));
#8861=STYLED_ITEM('',(#8860),#8854);
#8862=CARTESIAN_POINT('',(-2.5E-1,-3.194219723180E-1,1.93E-1));
#8863=DIRECTION('',(0.E0,4.226182617403E-1,9.063077870368E-1));
#8864=DIRECTION('',(-1.E0,0.E0,0.E0));
#8865=AXIS2_PLACEMENT_3D('',#8862,#8863,#8864);
#8866=PLANE('3776',#8865);
#8867=ORIENTED_EDGE('4009',*,*,#8658,.F.);
#8869=ORIENTED_EDGE('4010',*,*,#8868,.F.);
#8870=ORIENTED_EDGE('4005',*,*,#8845,.T.);
#8871=ORIENTED_EDGE('4011',*,*,#8828,.F.);
#8872=EDGE_LOOP('3776',(#8867,#8869,#8870,#8871));
#8873=FACE_OUTER_BOUND('3776',#8872,.F.);
#8875=FILL_AREA_STYLE_COLOUR('',#152);
#8876=FILL_AREA_STYLE('',(#8875));
#8877=SURFACE_STYLE_FILL_AREA(#8876);
#8878=SURFACE_SIDE_STYLE('',(#8877));
#8879=SURFACE_STYLE_USAGE(.BOTH.,#8878);
#8880=PRESENTATION_STYLE_ASSIGNMENT((#8879));
#8881=STYLED_ITEM('',(#8880),#8874);
#8882=CARTESIAN_POINT('',(-2.585E-1,-3.194219723180E-1,2.015E-1));
#8883=DIRECTION('',(9.063077870368E-1,4.226182617403E-1,0.E0));
#8884=DIRECTION('',(0.E0,0.E0,-1.E0));
#8885=AXIS2_PLACEMENT_3D('',#8882,#8883,#8884);
#8886=PLANE('3781',#8885);
#8887=ORIENTED_EDGE('4021',*,*,#8702,.F.);
#8889=ORIENTED_EDGE('4019',*,*,#8888,.T.);
#8890=ORIENTED_EDGE('4008',*,*,#8847,.T.);
#8891=ORIENTED_EDGE('4010',*,*,#8868,.T.);
#8892=EDGE_LOOP('3781',(#8887,#8889,#8890,#8891));
#8893=FACE_OUTER_BOUND('3781',#8892,.F.);
#8895=FILL_AREA_STYLE_COLOUR('',#152);
#8896=FILL_AREA_STYLE('',(#8895));
#8897=SURFACE_STYLE_FILL_AREA(#8896);
#8898=SURFACE_SIDE_STYLE('',(#8897));
#8899=SURFACE_STYLE_USAGE(.BOTH.,#8898);
#8900=PRESENTATION_STYLE_ASSIGNMENT((#8899));
#8901=STYLED_ITEM('',(#8900),#8894);
#8902=CARTESIAN_POINT('',(-2.5E-1,-3.194219723180E-1,2.1E-1));
#8903=DIRECTION('',(0.E0,-4.226182617403E-1,9.063077870368E-1));
#8904=DIRECTION('',(-1.E0,0.E0,0.E0));
#8905=AXIS2_PLACEMENT_3D('',#8902,#8903,#8904);
#8906=PLANE('3780',#8905);
#8907=ORIENTED_EDGE('4007',*,*,#8849,.T.);
#8908=ORIENTED_EDGE('4019',*,*,#8888,.F.);
#8909=ORIENTED_EDGE('4020',*,*,#8744,.F.);
#8910=ORIENTED_EDGE('4018',*,*,#8825,.T.);
#8911=EDGE_LOOP('3780',(#8907,#8908,#8909,#8910));
#8912=FACE_OUTER_BOUND('3780',#8911,.F.);
#8914=FILL_AREA_STYLE_COLOUR('',#152);
#8915=FILL_AREA_STYLE('',(#8914));
#8916=SURFACE_STYLE_FILL_AREA(#8915);
#8917=SURFACE_SIDE_STYLE('',(#8916));
#8918=SURFACE_STYLE_USAGE(.BOTH.,#8917);
#8919=PRESENTATION_STYLE_ASSIGNMENT((#8918));
#8920=STYLED_ITEM('',(#8919),#8913);
#8921=CARTESIAN_POINT('',(-2.415E-1,1.284219723180E-1,2.015E-1));
#8922=DIRECTION('',(9.063077870368E-1,4.226182617403E-1,0.E0));
#8923=DIRECTION('',(0.E0,0.E0,-1.E0));
#8924=AXIS2_PLACEMENT_3D('',#8921,#8922,#8923);
#8925=PLANE('3786',#8924);
#8926=ORIENTED_EDGE('4017',*,*,#8805,.T.);
#8928=ORIENTED_EDGE('4031',*,*,#8927,.F.);
#8930=ORIENTED_EDGE('4029',*,*,#8929,.T.);
#8932=ORIENTED_EDGE('4028',*,*,#8931,.T.);
#8933=EDGE_LOOP('3786',(#8926,#8928,#8930,#8932));
#8934=FACE_OUTER_BOUND('3786',#8933,.F.);
#8936=FILL_AREA_STYLE_COLOUR('',#152);
#8937=FILL_AREA_STYLE('',(#8936));
#8938=SURFACE_STYLE_FILL_AREA(#8937);
#8939=SURFACE_SIDE_STYLE('',(#8938));
#8940=SURFACE_STYLE_USAGE(.BOTH.,#8939);
#8941=PRESENTATION_STYLE_ASSIGNMENT((#8940));
#8942=STYLED_ITEM('',(#8941),#8935);
#8943=CARTESIAN_POINT('',(-2.5E-1,1.284219723180E-1,2.1E-1));
#8944=DIRECTION('',(0.E0,4.226182617403E-1,9.063077870368E-1));
#8945=DIRECTION('',(-1.E0,0.E0,0.E0));
#8946=AXIS2_PLACEMENT_3D('',#8943,#8944,#8945);
#8947=PLANE('3787',#8946);
#8948=ORIENTED_EDGE('4032',*,*,#8764,.F.);
#8950=ORIENTED_EDGE('4026',*,*,#8949,.T.);
#8952=ORIENTED_EDGE('4030',*,*,#8951,.T.);
#8953=ORIENTED_EDGE('4031',*,*,#8927,.T.);
#8954=EDGE_LOOP('3787',(#8948,#8950,#8952,#8953));
#8955=FACE_OUTER_BOUND('3787',#8954,.F.);
#8957=FILL_AREA_STYLE_COLOUR('',#152);
#8958=FILL_AREA_STYLE('',(#8957));
#8959=SURFACE_STYLE_FILL_AREA(#8958);
#8960=SURFACE_SIDE_STYLE('',(#8959));
#8961=SURFACE_STYLE_USAGE(.BOTH.,#8960);
#8962=PRESENTATION_STYLE_ASSIGNMENT((#8961));
#8963=STYLED_ITEM('',(#8962),#8956);
#8964=CARTESIAN_POINT('',(-2.585E-1,1.284219723180E-1,2.015E-1));
#8965=DIRECTION('',(9.063077870368E-1,-4.226182617403E-1,0.E0));
#8966=DIRECTION('',(0.E0,0.E0,-1.E0));
#8967=AXIS2_PLACEMENT_3D('',#8964,#8965,#8966);
#8968=PLANE('3783',#8967);
#8969=ORIENTED_EDGE('4022',*,*,#8722,.T.);
#8971=ORIENTED_EDGE('4024',*,*,#8970,.F.);
#8973=ORIENTED_EDGE('4025',*,*,#8972,.F.);
#8974=ORIENTED_EDGE('4026',*,*,#8949,.F.);
#8975=EDGE_LOOP('3783',(#8969,#8971,#8973,#8974));
#8976=FACE_OUTER_BOUND('3783',#8975,.F.);
#8978=FILL_AREA_STYLE_COLOUR('',#152);
#8979=FILL_AREA_STYLE('',(#8978));
#8980=SURFACE_STYLE_FILL_AREA(#8979);
#8981=SURFACE_SIDE_STYLE('',(#8980));
#8982=SURFACE_STYLE_USAGE(.BOTH.,#8981);
#8983=PRESENTATION_STYLE_ASSIGNMENT((#8982));
#8984=STYLED_ITEM('',(#8983),#8977);
#8985=CARTESIAN_POINT('',(-2.5E-1,1.284219723180E-1,1.93E-1));
#8986=DIRECTION('',(0.E0,-4.226182617403E-1,9.063077870368E-1));
#8987=DIRECTION('',(-1.E0,0.E0,0.E0));
#8988=AXIS2_PLACEMENT_3D('',#8985,#8986,#8987);
#8989=PLANE('3784',#8988);
#8991=ORIENTED_EDGE('4027',*,*,#8990,.F.);
#8992=ORIENTED_EDGE('4024',*,*,#8970,.T.);
#8993=ORIENTED_EDGE('4013',*,*,#8680,.T.);
#8994=ORIENTED_EDGE('4028',*,*,#8931,.F.);
#8995=EDGE_LOOP('3784',(#8991,#8992,#8993,#8994));
#8996=FACE_OUTER_BOUND('3784',#8995,.F.);
#8998=FILL_AREA_STYLE_COLOUR('',#152);
#8999=FILL_AREA_STYLE('',(#8998));
#9000=SURFACE_STYLE_FILL_AREA(#8999);
#9001=SURFACE_SIDE_STYLE('',(#9000));
#9002=SURFACE_STYLE_USAGE(.BOTH.,#9001);
#9003=PRESENTATION_STYLE_ASSIGNMENT((#9002));
#9004=STYLED_ITEM('',(#9003),#8997);
#9005=CARTESIAN_POINT('',(-2.5E-1,1.37E-1,2.015E-1));
#9006=DIRECTION('',(0.E0,1.E0,0.E0));
#9007=DIRECTION('',(1.E0,0.E0,0.E0));
#9008=AXIS2_PLACEMENT_3D('',#9005,#9006,#9007);
#9009=PLANE('3785',#9008);
#9010=ORIENTED_EDGE('4029',*,*,#8929,.F.);
#9011=ORIENTED_EDGE('4030',*,*,#8951,.F.);
#9012=ORIENTED_EDGE('4025',*,*,#8972,.T.);
#9013=ORIENTED_EDGE('4027',*,*,#8990,.T.);
#9014=EDGE_LOOP('3785',(#9010,#9011,#9012,#9013));
#9015=FACE_OUTER_BOUND('3785',#9014,.F.);
#9017=FILL_AREA_STYLE_COLOUR('',#152);
#9018=FILL_AREA_STYLE('',(#9017));
#9019=SURFACE_STYLE_FILL_AREA(#9018);
#9020=SURFACE_SIDE_STYLE('',(#9019));
#9021=SURFACE_STYLE_USAGE(.BOTH.,#9020);
#9022=PRESENTATION_STYLE_ASSIGNMENT((#9021));
#9023=STYLED_ITEM('',(#9022),#9016);
#9024=CARTESIAN_POINT('',(1.5E-1,-9.550000000003E-2,8.9E-2));
#9025=DIRECTION('',(0.E0,0.E0,1.E0));
#9026=DIRECTION('',(-1.E0,0.E0,0.E0));
#9027=AXIS2_PLACEMENT_3D('',#9024,#9025,#9026);
#9028=PLANE('3791',#9027);
#9029=ORIENTED_EDGE('4670',*,*,#4861,.T.);
#9031=ORIENTED_EDGE('4680',*,*,#9030,.F.);
#9033=ORIENTED_EDGE('4037',*,*,#9032,.T.);
#9035=ORIENTED_EDGE('4679',*,*,#9034,.F.);
#9036=EDGE_LOOP('3791',(#9029,#9031,#9033,#9035));
#9037=FACE_OUTER_BOUND('3791',#9036,.F.);
#9039=FILL_AREA_STYLE_COLOUR('',#152);
#9040=FILL_AREA_STYLE('',(#9039));
#9041=SURFACE_STYLE_FILL_AREA(#9040);
#9042=SURFACE_SIDE_STYLE('',(#9041));
#9043=SURFACE_STYLE_USAGE(.BOTH.,#9042);
#9044=PRESENTATION_STYLE_ASSIGNMENT((#9043));
#9045=STYLED_ITEM('',(#9044),#9038);
#9046=CARTESIAN_POINT('',(1.5E-1,-9.550000000003E-2,8.9E-2));
#9047=DIRECTION('',(0.E0,0.E0,1.E0));
#9048=DIRECTION('',(-1.E0,0.E0,0.E0));
#9049=AXIS2_PLACEMENT_3D('',#9046,#9047,#9048);
#9050=PLANE('3791',#9049);
#9051=ORIENTED_EDGE('4674',*,*,#4447,.F.);
#9053=ORIENTED_EDGE('4678',*,*,#9052,.F.);
#9055=ORIENTED_EDGE('4041',*,*,#9054,.F.);
#9057=ORIENTED_EDGE('4681',*,*,#9056,.F.);
#9058=EDGE_LOOP('3791',(#9051,#9053,#9055,#9057));
#9059=FACE_OUTER_BOUND('3791',#9058,.F.);
#9061=FILL_AREA_STYLE_COLOUR('',#152);
#9062=FILL_AREA_STYLE('',(#9061));
#9063=SURFACE_STYLE_FILL_AREA(#9062);
#9064=SURFACE_SIDE_STYLE('',(#9063));
#9065=SURFACE_STYLE_USAGE(.POSITIVE.,#9064);
#9066=PRESENTATION_STYLE_ASSIGNMENT((#9065));
#9067=STYLED_ITEM('',(#9066),#9060);
#9068=CARTESIAN_POINT('',(1.375E-1,-9.550000000003E-2,1.015E-1));
#9069=DIRECTION('',(1.E0,0.E0,0.E0));
#9070=DIRECTION('',(0.E0,0.E0,1.E0));
#9071=AXIS2_PLACEMENT_3D('',#9068,#9069,#9070);
#9072=PLANE('3796',#9071);
#9073=ORIENTED_EDGE('4671',*,*,#4867,.T.);
#9075=ORIENTED_EDGE('4684',*,*,#9074,.F.);
#9077=ORIENTED_EDGE('4049',*,*,#9076,.T.);
#9078=ORIENTED_EDGE('4680',*,*,#9030,.T.);
#9079=EDGE_LOOP('3796',(#9073,#9075,#9077,#9078));
#9080=FACE_OUTER_BOUND('3796',#9079,.F.);
#9082=FILL_AREA_STYLE_COLOUR('',#152);
#9083=FILL_AREA_STYLE('',(#9082));
#9084=SURFACE_STYLE_FILL_AREA(#9083);
#9085=SURFACE_SIDE_STYLE('',(#9084));
#9086=SURFACE_STYLE_USAGE(.BOTH.,#9085);
#9087=PRESENTATION_STYLE_ASSIGNMENT((#9086));
#9088=STYLED_ITEM('',(#9087),#9081);
#9089=CARTESIAN_POINT('',(1.375E-1,-9.550000000003E-2,1.015E-1));
#9090=DIRECTION('',(1.E0,0.E0,0.E0));
#9091=DIRECTION('',(0.E0,0.E0,1.E0));
#9092=AXIS2_PLACEMENT_3D('',#9089,#9090,#9091);
#9093=PLANE('3796',#9092);
#9094=ORIENTED_EDGE('4675',*,*,#4449,.F.);
#9095=ORIENTED_EDGE('4681',*,*,#9056,.T.);
#9097=ORIENTED_EDGE('4050',*,*,#9096,.F.);
#9099=ORIENTED_EDGE('4685',*,*,#9098,.F.);
#9100=EDGE_LOOP('3796',(#9094,#9095,#9097,#9099));
#9101=FACE_OUTER_BOUND('3796',#9100,.F.);
#9103=FILL_AREA_STYLE_COLOUR('',#152);
#9104=FILL_AREA_STYLE('',(#9103));
#9105=SURFACE_STYLE_FILL_AREA(#9104);
#9106=SURFACE_SIDE_STYLE('',(#9105));
#9107=SURFACE_STYLE_USAGE(.POSITIVE.,#9106);
#9108=PRESENTATION_STYLE_ASSIGNMENT((#9107));
#9109=STYLED_ITEM('',(#9108),#9102);
#9110=CARTESIAN_POINT('',(1.5E-1,-9.550000000003E-2,1.14E-1));
#9111=DIRECTION('',(0.E0,0.E0,1.E0));
#9112=DIRECTION('',(1.E0,0.E0,0.E0));
#9113=AXIS2_PLACEMENT_3D('',#9110,#9111,#9112);
#9114=PLANE('3802',#9113);
#9115=ORIENTED_EDGE('4673',*,*,#4865,.T.);
#9117=ORIENTED_EDGE('4683',*,*,#9116,.T.);
#9119=ORIENTED_EDGE('4048',*,*,#9118,.T.);
#9120=ORIENTED_EDGE('4684',*,*,#9074,.T.);
#9121=EDGE_LOOP('3802',(#9115,#9117,#9119,#9120));
#9122=FACE_OUTER_BOUND('3802',#9121,.F.);
#9124=FILL_AREA_STYLE_COLOUR('',#152);
#9125=FILL_AREA_STYLE('',(#9124));
#9126=SURFACE_STYLE_FILL_AREA(#9125);
#9127=SURFACE_SIDE_STYLE('',(#9126));
#9128=SURFACE_STYLE_USAGE(.BOTH.,#9127);
#9129=PRESENTATION_STYLE_ASSIGNMENT((#9128));
#9130=STYLED_ITEM('',(#9129),#9123);
#9131=CARTESIAN_POINT('',(1.5E-1,-9.550000000003E-2,1.14E-1));
#9132=DIRECTION('',(0.E0,0.E0,1.E0));
#9133=DIRECTION('',(1.E0,0.E0,0.E0));
#9134=AXIS2_PLACEMENT_3D('',#9131,#9132,#9133);
#9135=PLANE('3802',#9134);
#9136=ORIENTED_EDGE('4677',*,*,#4451,.F.);
#9137=ORIENTED_EDGE('4685',*,*,#9098,.T.);
#9139=ORIENTED_EDGE('4060',*,*,#9138,.T.);
#9141=ORIENTED_EDGE('4682',*,*,#9140,.T.);
#9142=EDGE_LOOP('3802',(#9136,#9137,#9139,#9141));
#9143=FACE_OUTER_BOUND('3802',#9142,.F.);
#9145=FILL_AREA_STYLE_COLOUR('',#152);
#9146=FILL_AREA_STYLE('',(#9145));
#9147=SURFACE_STYLE_FILL_AREA(#9146);
#9148=SURFACE_SIDE_STYLE('',(#9147));
#9149=SURFACE_STYLE_USAGE(.POSITIVE.,#9148);
#9150=PRESENTATION_STYLE_ASSIGNMENT((#9149));
#9151=STYLED_ITEM('',(#9150),#9144);
#9152=CARTESIAN_POINT('',(1.625E-1,-9.550000000003E-2,1.015E-1));
#9153=DIRECTION('',(1.E0,0.E0,0.E0));
#9154=DIRECTION('',(0.E0,0.E0,-1.E0));
#9155=AXIS2_PLACEMENT_3D('',#9152,#9153,#9154);
#9156=PLANE('3792',#9155);
#9157=ORIENTED_EDGE('4672',*,*,#4863,.T.);
#9158=ORIENTED_EDGE('4679',*,*,#9034,.T.);
#9160=ORIENTED_EDGE('4043',*,*,#9159,.F.);
#9161=ORIENTED_EDGE('4683',*,*,#9116,.F.);
#9162=EDGE_LOOP('3792',(#9157,#9158,#9160,#9161));
#9163=FACE_OUTER_BOUND('3792',#9162,.F.);
#9165=FILL_AREA_STYLE_COLOUR('',#152);
#9166=FILL_AREA_STYLE('',(#9165));
#9167=SURFACE_STYLE_FILL_AREA(#9166);
#9168=SURFACE_SIDE_STYLE('',(#9167));
#9169=SURFACE_STYLE_USAGE(.BOTH.,#9168);
#9170=PRESENTATION_STYLE_ASSIGNMENT((#9169));
#9171=STYLED_ITEM('',(#9170),#9164);
#9172=CARTESIAN_POINT('',(1.625E-1,-9.550000000003E-2,1.015E-1));
#9173=DIRECTION('',(1.E0,0.E0,0.E0));
#9174=DIRECTION('',(0.E0,0.E0,-1.E0));
#9175=AXIS2_PLACEMENT_3D('',#9172,#9173,#9174);
#9176=PLANE('3792',#9175);
#9177=ORIENTED_EDGE('4676',*,*,#4453,.F.);
#9178=ORIENTED_EDGE('4682',*,*,#9140,.F.);
#9180=ORIENTED_EDGE('4045',*,*,#9179,.F.);
#9181=ORIENTED_EDGE('4678',*,*,#9052,.T.);
#9182=EDGE_LOOP('3792',(#9177,#9178,#9180,#9181));
#9183=FACE_OUTER_BOUND('3792',#9182,.F.);
#9185=FILL_AREA_STYLE_COLOUR('',#152);
#9186=FILL_AREA_STYLE('',(#9185));
#9187=SURFACE_STYLE_FILL_AREA(#9186);
#9188=SURFACE_SIDE_STYLE('',(#9187));
#9189=SURFACE_STYLE_USAGE(.POSITIVE.,#9188);
#9190=PRESENTATION_STYLE_ASSIGNMENT((#9189));
#9191=STYLED_ITEM('',(#9190),#9184);
#9192=CARTESIAN_POINT('',(1.585E-1,-3.194219723180E-1,1.015E-1));
#9193=DIRECTION('',(9.063077870368E-1,-4.226182617403E-1,0.E0));
#9194=DIRECTION('',(0.E0,0.E0,-1.E0));
#9195=AXIS2_PLACEMENT_3D('',#9192,#9193,#9194);
#9196=PLANE('3793',#9195);
#9198=ORIENTED_EDGE('4034',*,*,#9197,.T.);
#9200=ORIENTED_EDGE('4046',*,*,#9199,.F.);
#9201=ORIENTED_EDGE('4043',*,*,#9159,.T.);
#9203=ORIENTED_EDGE('4039',*,*,#9202,.T.);
#9204=EDGE_LOOP('3793',(#9198,#9200,#9201,#9203));
#9205=FACE_OUTER_BOUND('3793',#9204,.F.);
#9207=FILL_AREA_STYLE_COLOUR('',#152);
#9208=FILL_AREA_STYLE('',(#9207));
#9209=SURFACE_STYLE_FILL_AREA(#9208);
#9210=SURFACE_SIDE_STYLE('',(#9209));
#9211=SURFACE_STYLE_USAGE(.BOTH.,#9210);
#9212=PRESENTATION_STYLE_ASSIGNMENT((#9211));
#9213=STYLED_ITEM('',(#9212),#9206);
#9214=CARTESIAN_POINT('',(1.5E-1,-3.28E-1,1.015E-1));
#9215=DIRECTION('',(0.E0,1.E0,0.E0));
#9216=DIRECTION('',(1.E0,0.E0,0.E0));
#9217=AXIS2_PLACEMENT_3D('',#9214,#9215,#9216);
#9218=PLANE('3789',#9217);
#9220=ORIENTED_EDGE('4033',*,*,#9219,.F.);
#9222=ORIENTED_EDGE('4036',*,*,#9221,.F.);
#9224=ORIENTED_EDGE('4035',*,*,#9223,.F.);
#9225=ORIENTED_EDGE('4034',*,*,#9197,.F.);
#9226=EDGE_LOOP('3789',(#9220,#9222,#9224,#9225));
#9227=FACE_OUTER_BOUND('3789',#9226,.F.);
#9229=FILL_AREA_STYLE_COLOUR('',#152);
#9230=FILL_AREA_STYLE('',(#9229));
#9231=SURFACE_STYLE_FILL_AREA(#9230);
#9232=SURFACE_SIDE_STYLE('',(#9231));
#9233=SURFACE_STYLE_USAGE(.BOTH.,#9232);
#9234=PRESENTATION_STYLE_ASSIGNMENT((#9233));
#9235=STYLED_ITEM('',(#9234),#9228);
#9236=CARTESIAN_POINT('',(1.5E-1,-3.194219723180E-1,9.3E-2));
#9237=DIRECTION('',(0.E0,4.226182617403E-1,9.063077870368E-1));
#9238=DIRECTION('',(-1.E0,0.E0,0.E0));
#9239=AXIS2_PLACEMENT_3D('',#9236,#9237,#9238);
#9240=PLANE('3790',#9239);
#9241=ORIENTED_EDGE('4037',*,*,#9032,.F.);
#9243=ORIENTED_EDGE('4038',*,*,#9242,.F.);
#9244=ORIENTED_EDGE('4033',*,*,#9219,.T.);
#9245=ORIENTED_EDGE('4039',*,*,#9202,.F.);
#9246=EDGE_LOOP('3790',(#9241,#9243,#9244,#9245));
#9247=FACE_OUTER_BOUND('3790',#9246,.F.);
#9249=FILL_AREA_STYLE_COLOUR('',#152);
#9250=FILL_AREA_STYLE('',(#9249));
#9251=SURFACE_STYLE_FILL_AREA(#9250);
#9252=SURFACE_SIDE_STYLE('',(#9251));
#9253=SURFACE_STYLE_USAGE(.BOTH.,#9252);
#9254=PRESENTATION_STYLE_ASSIGNMENT((#9253));
#9255=STYLED_ITEM('',(#9254),#9248);
#9256=CARTESIAN_POINT('',(1.415E-1,-3.194219723180E-1,1.015E-1));
#9257=DIRECTION('',(9.063077870368E-1,4.226182617403E-1,0.E0));
#9258=DIRECTION('',(0.E0,0.E0,-1.E0));
#9259=AXIS2_PLACEMENT_3D('',#9256,#9257,#9258);
#9260=PLANE('3795',#9259);
#9261=ORIENTED_EDGE('4049',*,*,#9076,.F.);
#9263=ORIENTED_EDGE('4047',*,*,#9262,.T.);
#9264=ORIENTED_EDGE('4036',*,*,#9221,.T.);
#9265=ORIENTED_EDGE('4038',*,*,#9242,.T.);
#9266=EDGE_LOOP('3795',(#9261,#9263,#9264,#9265));
#9267=FACE_OUTER_BOUND('3795',#9266,.F.);
#9269=FILL_AREA_STYLE_COLOUR('',#152);
#9270=FILL_AREA_STYLE('',(#9269));
#9271=SURFACE_STYLE_FILL_AREA(#9270);
#9272=SURFACE_SIDE_STYLE('',(#9271));
#9273=SURFACE_STYLE_USAGE(.BOTH.,#9272);
#9274=PRESENTATION_STYLE_ASSIGNMENT((#9273));
#9275=STYLED_ITEM('',(#9274),#9268);
#9276=CARTESIAN_POINT('',(1.5E-1,-3.194219723180E-1,1.1E-1));
#9277=DIRECTION('',(0.E0,-4.226182617403E-1,9.063077870368E-1));
#9278=DIRECTION('',(-1.E0,0.E0,0.E0));
#9279=AXIS2_PLACEMENT_3D('',#9276,#9277,#9278);
#9280=PLANE('3794',#9279);
#9281=ORIENTED_EDGE('4035',*,*,#9223,.T.);
#9282=ORIENTED_EDGE('4047',*,*,#9262,.F.);
#9283=ORIENTED_EDGE('4048',*,*,#9118,.F.);
#9284=ORIENTED_EDGE('4046',*,*,#9199,.T.);
#9285=EDGE_LOOP('3794',(#9281,#9282,#9283,#9284));
#9286=FACE_OUTER_BOUND('3794',#9285,.F.);
#9288=FILL_AREA_STYLE_COLOUR('',#152);
#9289=FILL_AREA_STYLE('',(#9288));
#9290=SURFACE_STYLE_FILL_AREA(#9289);
#9291=SURFACE_SIDE_STYLE('',(#9290));
#9292=SURFACE_STYLE_USAGE(.BOTH.,#9291);
#9293=PRESENTATION_STYLE_ASSIGNMENT((#9292));
#9294=STYLED_ITEM('',(#9293),#9287);
#9295=CARTESIAN_POINT('',(1.585E-1,1.284219723180E-1,1.015E-1));
#9296=DIRECTION('',(9.063077870368E-1,4.226182617403E-1,0.E0));
#9297=DIRECTION('',(0.E0,0.E0,-1.E0));
#9298=AXIS2_PLACEMENT_3D('',#9295,#9296,#9297);
#9299=PLANE('3800',#9298);
#9300=ORIENTED_EDGE('4045',*,*,#9179,.T.);
#9302=ORIENTED_EDGE('4059',*,*,#9301,.F.);
#9304=ORIENTED_EDGE('4057',*,*,#9303,.T.);
#9306=ORIENTED_EDGE('4056',*,*,#9305,.T.);
#9307=EDGE_LOOP('3800',(#9300,#9302,#9304,#9306));
#9308=FACE_OUTER_BOUND('3800',#9307,.F.);
#9310=FILL_AREA_STYLE_COLOUR('',#152);
#9311=FILL_AREA_STYLE('',(#9310));
#9312=SURFACE_STYLE_FILL_AREA(#9311);
#9313=SURFACE_SIDE_STYLE('',(#9312));
#9314=SURFACE_STYLE_USAGE(.BOTH.,#9313);
#9315=PRESENTATION_STYLE_ASSIGNMENT((#9314));
#9316=STYLED_ITEM('',(#9315),#9309);
#9317=CARTESIAN_POINT('',(1.5E-1,1.284219723180E-1,1.1E-1));
#9318=DIRECTION('',(0.E0,4.226182617403E-1,9.063077870368E-1));
#9319=DIRECTION('',(-1.E0,0.E0,0.E0));
#9320=AXIS2_PLACEMENT_3D('',#9317,#9318,#9319);
#9321=PLANE('3801',#9320);
#9322=ORIENTED_EDGE('4060',*,*,#9138,.F.);
#9324=ORIENTED_EDGE('4054',*,*,#9323,.T.);
#9326=ORIENTED_EDGE('4058',*,*,#9325,.T.);
#9327=ORIENTED_EDGE('4059',*,*,#9301,.T.);
#9328=EDGE_LOOP('3801',(#9322,#9324,#9326,#9327));
#9329=FACE_OUTER_BOUND('3801',#9328,.F.);
#9331=FILL_AREA_STYLE_COLOUR('',#152);
#9332=FILL_AREA_STYLE('',(#9331));
#9333=SURFACE_STYLE_FILL_AREA(#9332);
#9334=SURFACE_SIDE_STYLE('',(#9333));
#9335=SURFACE_STYLE_USAGE(.BOTH.,#9334);
#9336=PRESENTATION_STYLE_ASSIGNMENT((#9335));
#9337=STYLED_ITEM('',(#9336),#9330);
#9338=CARTESIAN_POINT('',(1.415E-1,1.284219723180E-1,1.015E-1));
#9339=DIRECTION('',(9.063077870368E-1,-4.226182617403E-1,0.E0));
#9340=DIRECTION('',(0.E0,0.E0,-1.E0));
#9341=AXIS2_PLACEMENT_3D('',#9338,#9339,#9340);
#9342=PLANE('3797',#9341);
#9343=ORIENTED_EDGE('4050',*,*,#9096,.T.);
#9345=ORIENTED_EDGE('4052',*,*,#9344,.F.);
#9347=ORIENTED_EDGE('4053',*,*,#9346,.F.);
#9348=ORIENTED_EDGE('4054',*,*,#9323,.F.);
#9349=EDGE_LOOP('3797',(#9343,#9345,#9347,#9348));
#9350=FACE_OUTER_BOUND('3797',#9349,.F.);
#9352=FILL_AREA_STYLE_COLOUR('',#152);
#9353=FILL_AREA_STYLE('',(#9352));
#9354=SURFACE_STYLE_FILL_AREA(#9353);
#9355=SURFACE_SIDE_STYLE('',(#9354));
#9356=SURFACE_STYLE_USAGE(.BOTH.,#9355);
#9357=PRESENTATION_STYLE_ASSIGNMENT((#9356));
#9358=STYLED_ITEM('',(#9357),#9351);
#9359=CARTESIAN_POINT('',(1.5E-1,1.284219723180E-1,9.3E-2));
#9360=DIRECTION('',(0.E0,-4.226182617403E-1,9.063077870368E-1));
#9361=DIRECTION('',(-1.E0,0.E0,0.E0));
#9362=AXIS2_PLACEMENT_3D('',#9359,#9360,#9361);
#9363=PLANE('3798',#9362);
#9365=ORIENTED_EDGE('4055',*,*,#9364,.F.);
#9366=ORIENTED_EDGE('4052',*,*,#9344,.T.);
#9367=ORIENTED_EDGE('4041',*,*,#9054,.T.);
#9368=ORIENTED_EDGE('4056',*,*,#9305,.F.);
#9369=EDGE_LOOP('3798',(#9365,#9366,#9367,#9368));
#9370=FACE_OUTER_BOUND('3798',#9369,.F.);
#9372=FILL_AREA_STYLE_COLOUR('',#152);
#9373=FILL_AREA_STYLE('',(#9372));
#9374=SURFACE_STYLE_FILL_AREA(#9373);
#9375=SURFACE_SIDE_STYLE('',(#9374));
#9376=SURFACE_STYLE_USAGE(.BOTH.,#9375);
#9377=PRESENTATION_STYLE_ASSIGNMENT((#9376));
#9378=STYLED_ITEM('',(#9377),#9371);
#9379=CARTESIAN_POINT('',(1.5E-1,1.37E-1,1.015E-1));
#9380=DIRECTION('',(0.E0,1.E0,0.E0));
#9381=DIRECTION('',(1.E0,0.E0,0.E0));
#9382=AXIS2_PLACEMENT_3D('',#9379,#9380,#9381);
#9383=PLANE('3799',#9382);
#9384=ORIENTED_EDGE('4057',*,*,#9303,.F.);
#9385=ORIENTED_EDGE('4058',*,*,#9325,.F.);
#9386=ORIENTED_EDGE('4053',*,*,#9346,.T.);
#9387=ORIENTED_EDGE('4055',*,*,#9364,.T.);
#9388=EDGE_LOOP('3799',(#9384,#9385,#9386,#9387));
#9389=FACE_OUTER_BOUND('3799',#9388,.F.);
#9391=FILL_AREA_STYLE_COLOUR('',#152);
#9392=FILL_AREA_STYLE('',(#9391));
#9393=SURFACE_STYLE_FILL_AREA(#9392);
#9394=SURFACE_SIDE_STYLE('',(#9393));
#9395=SURFACE_STYLE_USAGE(.BOTH.,#9394);
#9396=PRESENTATION_STYLE_ASSIGNMENT((#9395));
#9397=STYLED_ITEM('',(#9396),#9390);
#9398=CARTESIAN_POINT('',(2.5E-1,-9.550000000003E-2,8.9E-2));
#9399=DIRECTION('',(0.E0,0.E0,1.E0));
#9400=DIRECTION('',(-1.E0,0.E0,0.E0));
#9401=AXIS2_PLACEMENT_3D('',#9398,#9399,#9400);
#9402=PLANE('3805',#9401);
#9403=ORIENTED_EDGE('4686',*,*,#4871,.T.);
#9405=ORIENTED_EDGE('4696',*,*,#9404,.F.);
#9407=ORIENTED_EDGE('4065',*,*,#9406,.T.);
#9409=ORIENTED_EDGE('4695',*,*,#9408,.F.);
#9410=EDGE_LOOP('3805',(#9403,#9405,#9407,#9409));
#9411=FACE_OUTER_BOUND('3805',#9410,.F.);
#9413=FILL_AREA_STYLE_COLOUR('',#152);
#9414=FILL_AREA_STYLE('',(#9413));
#9415=SURFACE_STYLE_FILL_AREA(#9414);
#9416=SURFACE_SIDE_STYLE('',(#9415));
#9417=SURFACE_STYLE_USAGE(.BOTH.,#9416);
#9418=PRESENTATION_STYLE_ASSIGNMENT((#9417));
#9419=STYLED_ITEM('',(#9418),#9412);
#9420=CARTESIAN_POINT('',(2.5E-1,-9.550000000003E-2,8.9E-2));
#9421=DIRECTION('',(0.E0,0.E0,1.E0));
#9422=DIRECTION('',(-1.E0,0.E0,0.E0));
#9423=AXIS2_PLACEMENT_3D('',#9420,#9421,#9422);
#9424=PLANE('3805',#9423);
#9425=ORIENTED_EDGE('4690',*,*,#4457,.F.);
#9427=ORIENTED_EDGE('4694',*,*,#9426,.F.);
#9429=ORIENTED_EDGE('4069',*,*,#9428,.F.);
#9431=ORIENTED_EDGE('4697',*,*,#9430,.F.);
#9432=EDGE_LOOP('3805',(#9425,#9427,#9429,#9431));
#9433=FACE_OUTER_BOUND('3805',#9432,.F.);
#9435=FILL_AREA_STYLE_COLOUR('',#152);
#9436=FILL_AREA_STYLE('',(#9435));
#9437=SURFACE_STYLE_FILL_AREA(#9436);
#9438=SURFACE_SIDE_STYLE('',(#9437));
#9439=SURFACE_STYLE_USAGE(.POSITIVE.,#9438);
#9440=PRESENTATION_STYLE_ASSIGNMENT((#9439));
#9441=STYLED_ITEM('',(#9440),#9434);
#9442=CARTESIAN_POINT('',(2.375E-1,-9.550000000003E-2,1.015E-1));
#9443=DIRECTION('',(1.E0,0.E0,0.E0));
#9444=DIRECTION('',(0.E0,0.E0,1.E0));
#9445=AXIS2_PLACEMENT_3D('',#9442,#9443,#9444);
#9446=PLANE('3810',#9445);
#9447=ORIENTED_EDGE('4687',*,*,#4877,.T.);
#9449=ORIENTED_EDGE('4700',*,*,#9448,.F.);
#9451=ORIENTED_EDGE('4077',*,*,#9450,.T.);
#9452=ORIENTED_EDGE('4696',*,*,#9404,.T.);
#9453=EDGE_LOOP('3810',(#9447,#9449,#9451,#9452));
#9454=FACE_OUTER_BOUND('3810',#9453,.F.);
#9456=FILL_AREA_STYLE_COLOUR('',#152);
#9457=FILL_AREA_STYLE('',(#9456));
#9458=SURFACE_STYLE_FILL_AREA(#9457);
#9459=SURFACE_SIDE_STYLE('',(#9458));
#9460=SURFACE_STYLE_USAGE(.BOTH.,#9459);
#9461=PRESENTATION_STYLE_ASSIGNMENT((#9460));
#9462=STYLED_ITEM('',(#9461),#9455);
#9463=CARTESIAN_POINT('',(2.375E-1,-9.550000000003E-2,1.015E-1));
#9464=DIRECTION('',(1.E0,0.E0,0.E0));
#9465=DIRECTION('',(0.E0,0.E0,1.E0));
#9466=AXIS2_PLACEMENT_3D('',#9463,#9464,#9465);
#9467=PLANE('3810',#9466);
#9468=ORIENTED_EDGE('4691',*,*,#4459,.F.);
#9469=ORIENTED_EDGE('4697',*,*,#9430,.T.);
#9471=ORIENTED_EDGE('4078',*,*,#9470,.F.);
#9473=ORIENTED_EDGE('4701',*,*,#9472,.F.);
#9474=EDGE_LOOP('3810',(#9468,#9469,#9471,#9473));
#9475=FACE_OUTER_BOUND('3810',#9474,.F.);
#9477=FILL_AREA_STYLE_COLOUR('',#152);
#9478=FILL_AREA_STYLE('',(#9477));
#9479=SURFACE_STYLE_FILL_AREA(#9478);
#9480=SURFACE_SIDE_STYLE('',(#9479));
#9481=SURFACE_STYLE_USAGE(.POSITIVE.,#9480);
#9482=PRESENTATION_STYLE_ASSIGNMENT((#9481));
#9483=STYLED_ITEM('',(#9482),#9476);
#9484=CARTESIAN_POINT('',(2.5E-1,-9.550000000003E-2,1.14E-1));
#9485=DIRECTION('',(0.E0,0.E0,1.E0));
#9486=DIRECTION('',(1.E0,0.E0,0.E0));
#9487=AXIS2_PLACEMENT_3D('',#9484,#9485,#9486);
#9488=PLANE('3816',#9487);
#9489=ORIENTED_EDGE('4689',*,*,#4875,.T.);
#9491=ORIENTED_EDGE('4699',*,*,#9490,.T.);
#9493=ORIENTED_EDGE('4076',*,*,#9492,.T.);
#9494=ORIENTED_EDGE('4700',*,*,#9448,.T.);
#9495=EDGE_LOOP('3816',(#9489,#9491,#9493,#9494));
#9496=FACE_OUTER_BOUND('3816',#9495,.F.);
#9498=FILL_AREA_STYLE_COLOUR('',#152);
#9499=FILL_AREA_STYLE('',(#9498));
#9500=SURFACE_STYLE_FILL_AREA(#9499);
#9501=SURFACE_SIDE_STYLE('',(#9500));
#9502=SURFACE_STYLE_USAGE(.BOTH.,#9501);
#9503=PRESENTATION_STYLE_ASSIGNMENT((#9502));
#9504=STYLED_ITEM('',(#9503),#9497);
#9505=CARTESIAN_POINT('',(2.5E-1,-9.550000000003E-2,1.14E-1));
#9506=DIRECTION('',(0.E0,0.E0,1.E0));
#9507=DIRECTION('',(1.E0,0.E0,0.E0));
#9508=AXIS2_PLACEMENT_3D('',#9505,#9506,#9507);
#9509=PLANE('3816',#9508);
#9510=ORIENTED_EDGE('4693',*,*,#4461,.F.);
#9511=ORIENTED_EDGE('4701',*,*,#9472,.T.);
#9513=ORIENTED_EDGE('4088',*,*,#9512,.T.);
#9515=ORIENTED_EDGE('4698',*,*,#9514,.T.);
#9516=EDGE_LOOP('3816',(#9510,#9511,#9513,#9515));
#9517=FACE_OUTER_BOUND('3816',#9516,.F.);
#9519=FILL_AREA_STYLE_COLOUR('',#152);
#9520=FILL_AREA_STYLE('',(#9519));
#9521=SURFACE_STYLE_FILL_AREA(#9520);
#9522=SURFACE_SIDE_STYLE('',(#9521));
#9523=SURFACE_STYLE_USAGE(.POSITIVE.,#9522);
#9524=PRESENTATION_STYLE_ASSIGNMENT((#9523));
#9525=STYLED_ITEM('',(#9524),#9518);
#9526=CARTESIAN_POINT('',(2.625E-1,-9.550000000003E-2,1.015E-1));
#9527=DIRECTION('',(1.E0,0.E0,0.E0));
#9528=DIRECTION('',(0.E0,0.E0,-1.E0));
#9529=AXIS2_PLACEMENT_3D('',#9526,#9527,#9528);
#9530=PLANE('3806',#9529);
#9531=ORIENTED_EDGE('4688',*,*,#4873,.T.);
#9532=ORIENTED_EDGE('4695',*,*,#9408,.T.);
#9534=ORIENTED_EDGE('4071',*,*,#9533,.F.);
#9535=ORIENTED_EDGE('4699',*,*,#9490,.F.);
#9536=EDGE_LOOP('3806',(#9531,#9532,#9534,#9535));
#9537=FACE_OUTER_BOUND('3806',#9536,.F.);
#9539=FILL_AREA_STYLE_COLOUR('',#152);
#9540=FILL_AREA_STYLE('',(#9539));
#9541=SURFACE_STYLE_FILL_AREA(#9540);
#9542=SURFACE_SIDE_STYLE('',(#9541));
#9543=SURFACE_STYLE_USAGE(.BOTH.,#9542);
#9544=PRESENTATION_STYLE_ASSIGNMENT((#9543));
#9545=STYLED_ITEM('',(#9544),#9538);
#9546=CARTESIAN_POINT('',(2.625E-1,-9.550000000003E-2,1.015E-1));
#9547=DIRECTION('',(1.E0,0.E0,0.E0));
#9548=DIRECTION('',(0.E0,0.E0,-1.E0));
#9549=AXIS2_PLACEMENT_3D('',#9546,#9547,#9548);
#9550=PLANE('3806',#9549);
#9551=ORIENTED_EDGE('4692',*,*,#4463,.F.);
#9552=ORIENTED_EDGE('4698',*,*,#9514,.F.);
#9554=ORIENTED_EDGE('4073',*,*,#9553,.F.);
#9555=ORIENTED_EDGE('4694',*,*,#9426,.T.);
#9556=EDGE_LOOP('3806',(#9551,#9552,#9554,#9555));
#9557=FACE_OUTER_BOUND('3806',#9556,.F.);
#9559=FILL_AREA_STYLE_COLOUR('',#152);
#9560=FILL_AREA_STYLE('',(#9559));
#9561=SURFACE_STYLE_FILL_AREA(#9560);
#9562=SURFACE_SIDE_STYLE('',(#9561));
#9563=SURFACE_STYLE_USAGE(.POSITIVE.,#9562);
#9564=PRESENTATION_STYLE_ASSIGNMENT((#9563));
#9565=STYLED_ITEM('',(#9564),#9558);
#9566=CARTESIAN_POINT('',(2.585E-1,-3.194219723180E-1,1.015E-1));
#9567=DIRECTION('',(9.063077870368E-1,-4.226182617403E-1,0.E0));
#9568=DIRECTION('',(0.E0,0.E0,-1.E0));
#9569=AXIS2_PLACEMENT_3D('',#9566,#9567,#9568);
#9570=PLANE('3807',#9569);
#9572=ORIENTED_EDGE('4062',*,*,#9571,.T.);
#9574=ORIENTED_EDGE('4074',*,*,#9573,.F.);
#9575=ORIENTED_EDGE('4071',*,*,#9533,.T.);
#9577=ORIENTED_EDGE('4067',*,*,#9576,.T.);
#9578=EDGE_LOOP('3807',(#9572,#9574,#9575,#9577));
#9579=FACE_OUTER_BOUND('3807',#9578,.F.);
#9581=FILL_AREA_STYLE_COLOUR('',#152);
#9582=FILL_AREA_STYLE('',(#9581));
#9583=SURFACE_STYLE_FILL_AREA(#9582);
#9584=SURFACE_SIDE_STYLE('',(#9583));
#9585=SURFACE_STYLE_USAGE(.BOTH.,#9584);
#9586=PRESENTATION_STYLE_ASSIGNMENT((#9585));
#9587=STYLED_ITEM('',(#9586),#9580);
#9588=CARTESIAN_POINT('',(2.5E-1,-3.28E-1,1.015E-1));
#9589=DIRECTION('',(0.E0,1.E0,0.E0));
#9590=DIRECTION('',(1.E0,0.E0,0.E0));
#9591=AXIS2_PLACEMENT_3D('',#9588,#9589,#9590);
#9592=PLANE('3803',#9591);
#9594=ORIENTED_EDGE('4061',*,*,#9593,.F.);
#9596=ORIENTED_EDGE('4064',*,*,#9595,.F.);
#9598=ORIENTED_EDGE('4063',*,*,#9597,.F.);
#9599=ORIENTED_EDGE('4062',*,*,#9571,.F.);
#9600=EDGE_LOOP('3803',(#9594,#9596,#9598,#9599));
#9601=FACE_OUTER_BOUND('3803',#9600,.F.);
#9603=FILL_AREA_STYLE_COLOUR('',#152);
#9604=FILL_AREA_STYLE('',(#9603));
#9605=SURFACE_STYLE_FILL_AREA(#9604);
#9606=SURFACE_SIDE_STYLE('',(#9605));
#9607=SURFACE_STYLE_USAGE(.BOTH.,#9606);
#9608=PRESENTATION_STYLE_ASSIGNMENT((#9607));
#9609=STYLED_ITEM('',(#9608),#9602);
#9610=CARTESIAN_POINT('',(2.5E-1,-3.194219723180E-1,9.3E-2));
#9611=DIRECTION('',(0.E0,4.226182617403E-1,9.063077870368E-1));
#9612=DIRECTION('',(-1.E0,0.E0,0.E0));
#9613=AXIS2_PLACEMENT_3D('',#9610,#9611,#9612);
#9614=PLANE('3804',#9613);
#9615=ORIENTED_EDGE('4065',*,*,#9406,.F.);
#9617=ORIENTED_EDGE('4066',*,*,#9616,.F.);
#9618=ORIENTED_EDGE('4061',*,*,#9593,.T.);
#9619=ORIENTED_EDGE('4067',*,*,#9576,.F.);
#9620=EDGE_LOOP('3804',(#9615,#9617,#9618,#9619));
#9621=FACE_OUTER_BOUND('3804',#9620,.F.);
#9623=FILL_AREA_STYLE_COLOUR('',#152);
#9624=FILL_AREA_STYLE('',(#9623));
#9625=SURFACE_STYLE_FILL_AREA(#9624);
#9626=SURFACE_SIDE_STYLE('',(#9625));
#9627=SURFACE_STYLE_USAGE(.BOTH.,#9626);
#9628=PRESENTATION_STYLE_ASSIGNMENT((#9627));
#9629=STYLED_ITEM('',(#9628),#9622);
#9630=CARTESIAN_POINT('',(2.415E-1,-3.194219723180E-1,1.015E-1));
#9631=DIRECTION('',(9.063077870368E-1,4.226182617403E-1,0.E0));
#9632=DIRECTION('',(0.E0,0.E0,-1.E0));
#9633=AXIS2_PLACEMENT_3D('',#9630,#9631,#9632);
#9634=PLANE('3809',#9633);
#9635=ORIENTED_EDGE('4077',*,*,#9450,.F.);
#9637=ORIENTED_EDGE('4075',*,*,#9636,.T.);
#9638=ORIENTED_EDGE('4064',*,*,#9595,.T.);
#9639=ORIENTED_EDGE('4066',*,*,#9616,.T.);
#9640=EDGE_LOOP('3809',(#9635,#9637,#9638,#9639));
#9641=FACE_OUTER_BOUND('3809',#9640,.F.);
#9643=FILL_AREA_STYLE_COLOUR('',#152);
#9644=FILL_AREA_STYLE('',(#9643));
#9645=SURFACE_STYLE_FILL_AREA(#9644);
#9646=SURFACE_SIDE_STYLE('',(#9645));
#9647=SURFACE_STYLE_USAGE(.BOTH.,#9646);
#9648=PRESENTATION_STYLE_ASSIGNMENT((#9647));
#9649=STYLED_ITEM('',(#9648),#9642);
#9650=CARTESIAN_POINT('',(2.5E-1,-3.194219723180E-1,1.1E-1));
#9651=DIRECTION('',(0.E0,-4.226182617403E-1,9.063077870368E-1));
#9652=DIRECTION('',(-1.E0,0.E0,0.E0));
#9653=AXIS2_PLACEMENT_3D('',#9650,#9651,#9652);
#9654=PLANE('3808',#9653);
#9655=ORIENTED_EDGE('4063',*,*,#9597,.T.);
#9656=ORIENTED_EDGE('4075',*,*,#9636,.F.);
#9657=ORIENTED_EDGE('4076',*,*,#9492,.F.);
#9658=ORIENTED_EDGE('4074',*,*,#9573,.T.);
#9659=EDGE_LOOP('3808',(#9655,#9656,#9657,#9658));
#9660=FACE_OUTER_BOUND('3808',#9659,.F.);
#9662=FILL_AREA_STYLE_COLOUR('',#152);
#9663=FILL_AREA_STYLE('',(#9662));
#9664=SURFACE_STYLE_FILL_AREA(#9663);
#9665=SURFACE_SIDE_STYLE('',(#9664));
#9666=SURFACE_STYLE_USAGE(.BOTH.,#9665);
#9667=PRESENTATION_STYLE_ASSIGNMENT((#9666));
#9668=STYLED_ITEM('',(#9667),#9661);
#9669=CARTESIAN_POINT('',(2.585E-1,1.284219723180E-1,1.015E-1));
#9670=DIRECTION('',(9.063077870368E-1,4.226182617403E-1,0.E0));
#9671=DIRECTION('',(0.E0,0.E0,-1.E0));
#9672=AXIS2_PLACEMENT_3D('',#9669,#9670,#9671);
#9673=PLANE('3814',#9672);
#9674=ORIENTED_EDGE('4073',*,*,#9553,.T.);
#9676=ORIENTED_EDGE('4087',*,*,#9675,.F.);
#9678=ORIENTED_EDGE('4085',*,*,#9677,.T.);
#9680=ORIENTED_EDGE('4084',*,*,#9679,.T.);
#9681=EDGE_LOOP('3814',(#9674,#9676,#9678,#9680));
#9682=FACE_OUTER_BOUND('3814',#9681,.F.);
#9684=FILL_AREA_STYLE_COLOUR('',#152);
#9685=FILL_AREA_STYLE('',(#9684));
#9686=SURFACE_STYLE_FILL_AREA(#9685);
#9687=SURFACE_SIDE_STYLE('',(#9686));
#9688=SURFACE_STYLE_USAGE(.BOTH.,#9687);
#9689=PRESENTATION_STYLE_ASSIGNMENT((#9688));
#9690=STYLED_ITEM('',(#9689),#9683);
#9691=CARTESIAN_POINT('',(2.5E-1,1.284219723180E-1,1.1E-1));
#9692=DIRECTION('',(0.E0,4.226182617403E-1,9.063077870368E-1));
#9693=DIRECTION('',(-1.E0,0.E0,0.E0));
#9694=AXIS2_PLACEMENT_3D('',#9691,#9692,#9693);
#9695=PLANE('3815',#9694);
#9696=ORIENTED_EDGE('4088',*,*,#9512,.F.);
#9698=ORIENTED_EDGE('4082',*,*,#9697,.T.);
#9700=ORIENTED_EDGE('4086',*,*,#9699,.T.);
#9701=ORIENTED_EDGE('4087',*,*,#9675,.T.);
#9702=EDGE_LOOP('3815',(#9696,#9698,#9700,#9701));
#9703=FACE_OUTER_BOUND('3815',#9702,.F.);
#9705=FILL_AREA_STYLE_COLOUR('',#152);
#9706=FILL_AREA_STYLE('',(#9705));
#9707=SURFACE_STYLE_FILL_AREA(#9706);
#9708=SURFACE_SIDE_STYLE('',(#9707));
#9709=SURFACE_STYLE_USAGE(.BOTH.,#9708);
#9710=PRESENTATION_STYLE_ASSIGNMENT((#9709));
#9711=STYLED_ITEM('',(#9710),#9704);
#9712=CARTESIAN_POINT('',(2.415E-1,1.284219723180E-1,1.015E-1));
#9713=DIRECTION('',(9.063077870368E-1,-4.226182617403E-1,0.E0));
#9714=DIRECTION('',(0.E0,0.E0,-1.E0));
#9715=AXIS2_PLACEMENT_3D('',#9712,#9713,#9714);
#9716=PLANE('3811',#9715);
#9717=ORIENTED_EDGE('4078',*,*,#9470,.T.);
#9719=ORIENTED_EDGE('4080',*,*,#9718,.F.);
#9721=ORIENTED_EDGE('4081',*,*,#9720,.F.);
#9722=ORIENTED_EDGE('4082',*,*,#9697,.F.);
#9723=EDGE_LOOP('3811',(#9717,#9719,#9721,#9722));
#9724=FACE_OUTER_BOUND('3811',#9723,.F.);
#9726=FILL_AREA_STYLE_COLOUR('',#152);
#9727=FILL_AREA_STYLE('',(#9726));
#9728=SURFACE_STYLE_FILL_AREA(#9727);
#9729=SURFACE_SIDE_STYLE('',(#9728));
#9730=SURFACE_STYLE_USAGE(.BOTH.,#9729);
#9731=PRESENTATION_STYLE_ASSIGNMENT((#9730));
#9732=STYLED_ITEM('',(#9731),#9725);
#9733=CARTESIAN_POINT('',(2.5E-1,1.284219723180E-1,9.3E-2));
#9734=DIRECTION('',(0.E0,-4.226182617403E-1,9.063077870368E-1));
#9735=DIRECTION('',(-1.E0,0.E0,0.E0));
#9736=AXIS2_PLACEMENT_3D('',#9733,#9734,#9735);
#9737=PLANE('3812',#9736);
#9739=ORIENTED_EDGE('4083',*,*,#9738,.F.);
#9740=ORIENTED_EDGE('4080',*,*,#9718,.T.);
#9741=ORIENTED_EDGE('4069',*,*,#9428,.T.);
#9742=ORIENTED_EDGE('4084',*,*,#9679,.F.);
#9743=EDGE_LOOP('3812',(#9739,#9740,#9741,#9742));
#9744=FACE_OUTER_BOUND('3812',#9743,.F.);
#9746=FILL_AREA_STYLE_COLOUR('',#152);
#9747=FILL_AREA_STYLE('',(#9746));
#9748=SURFACE_STYLE_FILL_AREA(#9747);
#9749=SURFACE_SIDE_STYLE('',(#9748));
#9750=SURFACE_STYLE_USAGE(.BOTH.,#9749);
#9751=PRESENTATION_STYLE_ASSIGNMENT((#9750));
#9752=STYLED_ITEM('',(#9751),#9745);
#9753=CARTESIAN_POINT('',(2.5E-1,1.37E-1,1.015E-1));
#9754=DIRECTION('',(0.E0,1.E0,0.E0));
#9755=DIRECTION('',(1.E0,0.E0,0.E0));
#9756=AXIS2_PLACEMENT_3D('',#9753,#9754,#9755);
#9757=PLANE('3813',#9756);
#9758=ORIENTED_EDGE('4085',*,*,#9677,.F.);
#9759=ORIENTED_EDGE('4086',*,*,#9699,.F.);
#9760=ORIENTED_EDGE('4081',*,*,#9720,.T.);
#9761=ORIENTED_EDGE('4083',*,*,#9738,.T.);
#9762=EDGE_LOOP('3813',(#9758,#9759,#9760,#9761));
#9763=FACE_OUTER_BOUND('3813',#9762,.F.);
#9765=FILL_AREA_STYLE_COLOUR('',#152);
#9766=FILL_AREA_STYLE('',(#9765));
#9767=SURFACE_STYLE_FILL_AREA(#9766);
#9768=SURFACE_SIDE_STYLE('',(#9767));
#9769=SURFACE_STYLE_USAGE(.BOTH.,#9768);
#9770=PRESENTATION_STYLE_ASSIGNMENT((#9769));
#9771=STYLED_ITEM('',(#9770),#9764);
#9772=CARTESIAN_POINT('',(5.E-2,-9.550000000003E-2,8.9E-2));
#9773=DIRECTION('',(0.E0,0.E0,1.E0));
#9774=DIRECTION('',(-1.E0,0.E0,0.E0));
#9775=AXIS2_PLACEMENT_3D('',#9772,#9773,#9774);
#9776=PLANE('3819',#9775);
#9777=ORIENTED_EDGE('4702',*,*,#4881,.T.);
#9779=ORIENTED_EDGE('4712',*,*,#9778,.F.);
#9781=ORIENTED_EDGE('4093',*,*,#9780,.T.);
#9783=ORIENTED_EDGE('4711',*,*,#9782,.F.);
#9784=EDGE_LOOP('3819',(#9777,#9779,#9781,#9783));
#9785=FACE_OUTER_BOUND('3819',#9784,.F.);
#9787=FILL_AREA_STYLE_COLOUR('',#152);
#9788=FILL_AREA_STYLE('',(#9787));
#9789=SURFACE_STYLE_FILL_AREA(#9788);
#9790=SURFACE_SIDE_STYLE('',(#9789));
#9791=SURFACE_STYLE_USAGE(.BOTH.,#9790);
#9792=PRESENTATION_STYLE_ASSIGNMENT((#9791));
#9793=STYLED_ITEM('',(#9792),#9786);
#9794=CARTESIAN_POINT('',(5.E-2,-9.550000000003E-2,8.9E-2));
#9795=DIRECTION('',(0.E0,0.E0,1.E0));
#9796=DIRECTION('',(-1.E0,0.E0,0.E0));
#9797=AXIS2_PLACEMENT_3D('',#9794,#9795,#9796);
#9798=PLANE('3819',#9797);
#9799=ORIENTED_EDGE('4706',*,*,#4467,.F.);
#9801=ORIENTED_EDGE('4710',*,*,#9800,.F.);
#9803=ORIENTED_EDGE('4097',*,*,#9802,.F.);
#9805=ORIENTED_EDGE('4713',*,*,#9804,.F.);
#9806=EDGE_LOOP('3819',(#9799,#9801,#9803,#9805));
#9807=FACE_OUTER_BOUND('3819',#9806,.F.);
#9809=FILL_AREA_STYLE_COLOUR('',#152);
#9810=FILL_AREA_STYLE('',(#9809));
#9811=SURFACE_STYLE_FILL_AREA(#9810);
#9812=SURFACE_SIDE_STYLE('',(#9811));
#9813=SURFACE_STYLE_USAGE(.POSITIVE.,#9812);
#9814=PRESENTATION_STYLE_ASSIGNMENT((#9813));
#9815=STYLED_ITEM('',(#9814),#9808);
#9816=CARTESIAN_POINT('',(3.75E-2,-9.550000000003E-2,1.015E-1));
#9817=DIRECTION('',(1.E0,0.E0,0.E0));
#9818=DIRECTION('',(0.E0,0.E0,1.E0));
#9819=AXIS2_PLACEMENT_3D('',#9816,#9817,#9818);
#9820=PLANE('3824',#9819);
#9821=ORIENTED_EDGE('4703',*,*,#4887,.T.);
#9823=ORIENTED_EDGE('4716',*,*,#9822,.F.);
#9825=ORIENTED_EDGE('4105',*,*,#9824,.T.);
#9826=ORIENTED_EDGE('4712',*,*,#9778,.T.);
#9827=EDGE_LOOP('3824',(#9821,#9823,#9825,#9826));
#9828=FACE_OUTER_BOUND('3824',#9827,.F.);
#9830=FILL_AREA_STYLE_COLOUR('',#152);
#9831=FILL_AREA_STYLE('',(#9830));
#9832=SURFACE_STYLE_FILL_AREA(#9831);
#9833=SURFACE_SIDE_STYLE('',(#9832));
#9834=SURFACE_STYLE_USAGE(.BOTH.,#9833);
#9835=PRESENTATION_STYLE_ASSIGNMENT((#9834));
#9836=STYLED_ITEM('',(#9835),#9829);
#9837=CARTESIAN_POINT('',(3.75E-2,-9.550000000003E-2,1.015E-1));
#9838=DIRECTION('',(1.E0,0.E0,0.E0));
#9839=DIRECTION('',(0.E0,0.E0,1.E0));
#9840=AXIS2_PLACEMENT_3D('',#9837,#9838,#9839);
#9841=PLANE('3824',#9840);
#9842=ORIENTED_EDGE('4707',*,*,#4469,.F.);
#9843=ORIENTED_EDGE('4713',*,*,#9804,.T.);
#9845=ORIENTED_EDGE('4106',*,*,#9844,.F.);
#9847=ORIENTED_EDGE('4717',*,*,#9846,.F.);
#9848=EDGE_LOOP('3824',(#9842,#9843,#9845,#9847));
#9849=FACE_OUTER_BOUND('3824',#9848,.F.);
#9851=FILL_AREA_STYLE_COLOUR('',#152);
#9852=FILL_AREA_STYLE('',(#9851));
#9853=SURFACE_STYLE_FILL_AREA(#9852);
#9854=SURFACE_SIDE_STYLE('',(#9853));
#9855=SURFACE_STYLE_USAGE(.POSITIVE.,#9854);
#9856=PRESENTATION_STYLE_ASSIGNMENT((#9855));
#9857=STYLED_ITEM('',(#9856),#9850);
#9858=CARTESIAN_POINT('',(5.E-2,-9.550000000003E-2,1.14E-1));
#9859=DIRECTION('',(0.E0,0.E0,1.E0));
#9860=DIRECTION('',(1.E0,0.E0,0.E0));
#9861=AXIS2_PLACEMENT_3D('',#9858,#9859,#9860);
#9862=PLANE('3830',#9861);
#9863=ORIENTED_EDGE('4705',*,*,#4885,.T.);
#9865=ORIENTED_EDGE('4715',*,*,#9864,.T.);
#9867=ORIENTED_EDGE('4104',*,*,#9866,.T.);
#9868=ORIENTED_EDGE('4716',*,*,#9822,.T.);
#9869=EDGE_LOOP('3830',(#9863,#9865,#9867,#9868));
#9870=FACE_OUTER_BOUND('3830',#9869,.F.);
#9872=FILL_AREA_STYLE_COLOUR('',#152);
#9873=FILL_AREA_STYLE('',(#9872));
#9874=SURFACE_STYLE_FILL_AREA(#9873);
#9875=SURFACE_SIDE_STYLE('',(#9874));
#9876=SURFACE_STYLE_USAGE(.BOTH.,#9875);
#9877=PRESENTATION_STYLE_ASSIGNMENT((#9876));
#9878=STYLED_ITEM('',(#9877),#9871);
#9879=CARTESIAN_POINT('',(5.E-2,-9.550000000003E-2,1.14E-1));
#9880=DIRECTION('',(0.E0,0.E0,1.E0));
#9881=DIRECTION('',(1.E0,0.E0,0.E0));
#9882=AXIS2_PLACEMENT_3D('',#9879,#9880,#9881);
#9883=PLANE('3830',#9882);
#9884=ORIENTED_EDGE('4709',*,*,#4471,.F.);
#9885=ORIENTED_EDGE('4717',*,*,#9846,.T.);
#9887=ORIENTED_EDGE('4116',*,*,#9886,.T.);
#9889=ORIENTED_EDGE('4714',*,*,#9888,.T.);
#9890=EDGE_LOOP('3830',(#9884,#9885,#9887,#9889));
#9891=FACE_OUTER_BOUND('3830',#9890,.F.);
#9893=FILL_AREA_STYLE_COLOUR('',#152);
#9894=FILL_AREA_STYLE('',(#9893));
#9895=SURFACE_STYLE_FILL_AREA(#9894);
#9896=SURFACE_SIDE_STYLE('',(#9895));
#9897=SURFACE_STYLE_USAGE(.POSITIVE.,#9896);
#9898=PRESENTATION_STYLE_ASSIGNMENT((#9897));
#9899=STYLED_ITEM('',(#9898),#9892);
#9900=CARTESIAN_POINT('',(6.25E-2,-9.550000000003E-2,1.015E-1));
#9901=DIRECTION('',(1.E0,0.E0,0.E0));
#9902=DIRECTION('',(0.E0,0.E0,-1.E0));
#9903=AXIS2_PLACEMENT_3D('',#9900,#9901,#9902);
#9904=PLANE('3820',#9903);
#9905=ORIENTED_EDGE('4704',*,*,#4883,.T.);
#9906=ORIENTED_EDGE('4711',*,*,#9782,.T.);
#9908=ORIENTED_EDGE('4099',*,*,#9907,.F.);
#9909=ORIENTED_EDGE('4715',*,*,#9864,.F.);
#9910=EDGE_LOOP('3820',(#9905,#9906,#9908,#9909));
#9911=FACE_OUTER_BOUND('3820',#9910,.F.);
#9913=FILL_AREA_STYLE_COLOUR('',#152);
#9914=FILL_AREA_STYLE('',(#9913));
#9915=SURFACE_STYLE_FILL_AREA(#9914);
#9916=SURFACE_SIDE_STYLE('',(#9915));
#9917=SURFACE_STYLE_USAGE(.BOTH.,#9916);
#9918=PRESENTATION_STYLE_ASSIGNMENT((#9917));
#9919=STYLED_ITEM('',(#9918),#9912);
#9920=CARTESIAN_POINT('',(6.25E-2,-9.550000000003E-2,1.015E-1));
#9921=DIRECTION('',(1.E0,0.E0,0.E0));
#9922=DIRECTION('',(0.E0,0.E0,-1.E0));
#9923=AXIS2_PLACEMENT_3D('',#9920,#9921,#9922);
#9924=PLANE('3820',#9923);
#9925=ORIENTED_EDGE('4708',*,*,#4473,.F.);
#9926=ORIENTED_EDGE('4714',*,*,#9888,.F.);
#9928=ORIENTED_EDGE('4101',*,*,#9927,.F.);
#9929=ORIENTED_EDGE('4710',*,*,#9800,.T.);
#9930=EDGE_LOOP('3820',(#9925,#9926,#9928,#9929));
#9931=FACE_OUTER_BOUND('3820',#9930,.F.);
#9933=FILL_AREA_STYLE_COLOUR('',#152);
#9934=FILL_AREA_STYLE('',(#9933));
#9935=SURFACE_STYLE_FILL_AREA(#9934);
#9936=SURFACE_SIDE_STYLE('',(#9935));
#9937=SURFACE_STYLE_USAGE(.POSITIVE.,#9936);
#9938=PRESENTATION_STYLE_ASSIGNMENT((#9937));
#9939=STYLED_ITEM('',(#9938),#9932);
#9940=CARTESIAN_POINT('',(5.85E-2,-3.194219723180E-1,1.015E-1));
#9941=DIRECTION('',(9.063077870368E-1,-4.226182617403E-1,0.E0));
#9942=DIRECTION('',(0.E0,0.E0,-1.E0));
#9943=AXIS2_PLACEMENT_3D('',#9940,#9941,#9942);
#9944=PLANE('3821',#9943);
#9946=ORIENTED_EDGE('4090',*,*,#9945,.T.);
#9948=ORIENTED_EDGE('4102',*,*,#9947,.F.);
#9949=ORIENTED_EDGE('4099',*,*,#9907,.T.);
#9951=ORIENTED_EDGE('4095',*,*,#9950,.T.);
#9952=EDGE_LOOP('3821',(#9946,#9948,#9949,#9951));
#9953=FACE_OUTER_BOUND('3821',#9952,.F.);
#9955=FILL_AREA_STYLE_COLOUR('',#152);
#9956=FILL_AREA_STYLE('',(#9955));
#9957=SURFACE_STYLE_FILL_AREA(#9956);
#9958=SURFACE_SIDE_STYLE('',(#9957));
#9959=SURFACE_STYLE_USAGE(.BOTH.,#9958);
#9960=PRESENTATION_STYLE_ASSIGNMENT((#9959));
#9961=STYLED_ITEM('',(#9960),#9954);
#9962=CARTESIAN_POINT('',(5.E-2,-3.28E-1,1.015E-1));
#9963=DIRECTION('',(0.E0,1.E0,0.E0));
#9964=DIRECTION('',(1.E0,0.E0,0.E0));
#9965=AXIS2_PLACEMENT_3D('',#9962,#9963,#9964);
#9966=PLANE('3817',#9965);
#9968=ORIENTED_EDGE('4089',*,*,#9967,.F.);
#9970=ORIENTED_EDGE('4092',*,*,#9969,.F.);
#9972=ORIENTED_EDGE('4091',*,*,#9971,.F.);
#9973=ORIENTED_EDGE('4090',*,*,#9945,.F.);
#9974=EDGE_LOOP('3817',(#9968,#9970,#9972,#9973));
#9975=FACE_OUTER_BOUND('3817',#9974,.F.);
#9977=FILL_AREA_STYLE_COLOUR('',#152);
#9978=FILL_AREA_STYLE('',(#9977));
#9979=SURFACE_STYLE_FILL_AREA(#9978);
#9980=SURFACE_SIDE_STYLE('',(#9979));
#9981=SURFACE_STYLE_USAGE(.BOTH.,#9980);
#9982=PRESENTATION_STYLE_ASSIGNMENT((#9981));
#9983=STYLED_ITEM('',(#9982),#9976);
#9984=CARTESIAN_POINT('',(4.999999999999E-2,-3.194219723180E-1,9.3E-2));
#9985=DIRECTION('',(0.E0,4.226182617403E-1,9.063077870368E-1));
#9986=DIRECTION('',(-1.E0,0.E0,0.E0));
#9987=AXIS2_PLACEMENT_3D('',#9984,#9985,#9986);
#9988=PLANE('3818',#9987);
#9989=ORIENTED_EDGE('4093',*,*,#9780,.F.);
#9991=ORIENTED_EDGE('4094',*,*,#9990,.F.);
#9992=ORIENTED_EDGE('4089',*,*,#9967,.T.);
#9993=ORIENTED_EDGE('4095',*,*,#9950,.F.);
#9994=EDGE_LOOP('3818',(#9989,#9991,#9992,#9993));
#9995=FACE_OUTER_BOUND('3818',#9994,.F.);
#9997=FILL_AREA_STYLE_COLOUR('',#152);
#9998=FILL_AREA_STYLE('',(#9997));
#9999=SURFACE_STYLE_FILL_AREA(#9998);
#10000=SURFACE_SIDE_STYLE('',(#9999));
#10001=SURFACE_STYLE_USAGE(.BOTH.,#10000);
#10002=PRESENTATION_STYLE_ASSIGNMENT((#10001));
#10003=STYLED_ITEM('',(#10002),#9996);
#10004=CARTESIAN_POINT('',(4.15E-2,-3.194219723180E-1,1.015E-1));
#10005=DIRECTION('',(9.063077870368E-1,4.226182617403E-1,0.E0));
#10006=DIRECTION('',(0.E0,0.E0,-1.E0));
#10007=AXIS2_PLACEMENT_3D('',#10004,#10005,#10006);
#10008=PLANE('3823',#10007);
#10009=ORIENTED_EDGE('4105',*,*,#9824,.F.);
#10011=ORIENTED_EDGE('4103',*,*,#10010,.T.);
#10012=ORIENTED_EDGE('4092',*,*,#9969,.T.);
#10013=ORIENTED_EDGE('4094',*,*,#9990,.T.);
#10014=EDGE_LOOP('3823',(#10009,#10011,#10012,#10013));
#10015=FACE_OUTER_BOUND('3823',#10014,.F.);
#10017=FILL_AREA_STYLE_COLOUR('',#152);
#10018=FILL_AREA_STYLE('',(#10017));
#10019=SURFACE_STYLE_FILL_AREA(#10018);
#10020=SURFACE_SIDE_STYLE('',(#10019));
#10021=SURFACE_STYLE_USAGE(.BOTH.,#10020);
#10022=PRESENTATION_STYLE_ASSIGNMENT((#10021));
#10023=STYLED_ITEM('',(#10022),#10016);
#10024=CARTESIAN_POINT('',(4.999999999999E-2,-3.194219723180E-1,1.1E-1));
#10025=DIRECTION('',(0.E0,-4.226182617403E-1,9.063077870368E-1));
#10026=DIRECTION('',(-1.E0,0.E0,0.E0));
#10027=AXIS2_PLACEMENT_3D('',#10024,#10025,#10026);
#10028=PLANE('3822',#10027);
#10029=ORIENTED_EDGE('4091',*,*,#9971,.T.);
#10030=ORIENTED_EDGE('4103',*,*,#10010,.F.);
#10031=ORIENTED_EDGE('4104',*,*,#9866,.F.);
#10032=ORIENTED_EDGE('4102',*,*,#9947,.T.);
#10033=EDGE_LOOP('3822',(#10029,#10030,#10031,#10032));
#10034=FACE_OUTER_BOUND('3822',#10033,.F.);
#10036=FILL_AREA_STYLE_COLOUR('',#152);
#10037=FILL_AREA_STYLE('',(#10036));
#10038=SURFACE_STYLE_FILL_AREA(#10037);
#10039=SURFACE_SIDE_STYLE('',(#10038));
#10040=SURFACE_STYLE_USAGE(.BOTH.,#10039);
#10041=PRESENTATION_STYLE_ASSIGNMENT((#10040));
#10042=STYLED_ITEM('',(#10041),#10035);
#10043=CARTESIAN_POINT('',(5.85E-2,1.284219723180E-1,1.015E-1));
#10044=DIRECTION('',(9.063077870368E-1,4.226182617403E-1,0.E0));
#10045=DIRECTION('',(0.E0,0.E0,-1.E0));
#10046=AXIS2_PLACEMENT_3D('',#10043,#10044,#10045);
#10047=PLANE('3828',#10046);
#10048=ORIENTED_EDGE('4101',*,*,#9927,.T.);
#10050=ORIENTED_EDGE('4115',*,*,#10049,.F.);
#10052=ORIENTED_EDGE('4113',*,*,#10051,.T.);
#10054=ORIENTED_EDGE('4112',*,*,#10053,.T.);
#10055=EDGE_LOOP('3828',(#10048,#10050,#10052,#10054));
#10056=FACE_OUTER_BOUND('3828',#10055,.F.);
#10058=FILL_AREA_STYLE_COLOUR('',#152);
#10059=FILL_AREA_STYLE('',(#10058));
#10060=SURFACE_STYLE_FILL_AREA(#10059);
#10061=SURFACE_SIDE_STYLE('',(#10060));
#10062=SURFACE_STYLE_USAGE(.BOTH.,#10061);
#10063=PRESENTATION_STYLE_ASSIGNMENT((#10062));
#10064=STYLED_ITEM('',(#10063),#10057);
#10065=CARTESIAN_POINT('',(4.999999999999E-2,1.284219723180E-1,1.1E-1));
#10066=DIRECTION('',(0.E0,4.226182617403E-1,9.063077870368E-1));
#10067=DIRECTION('',(-1.E0,0.E0,0.E0));
#10068=AXIS2_PLACEMENT_3D('',#10065,#10066,#10067);
#10069=PLANE('3829',#10068);
#10070=ORIENTED_EDGE('4116',*,*,#9886,.F.);
#10072=ORIENTED_EDGE('4110',*,*,#10071,.T.);
#10074=ORIENTED_EDGE('4114',*,*,#10073,.T.);
#10075=ORIENTED_EDGE('4115',*,*,#10049,.T.);
#10076=EDGE_LOOP('3829',(#10070,#10072,#10074,#10075));
#10077=FACE_OUTER_BOUND('3829',#10076,.F.);
#10079=FILL_AREA_STYLE_COLOUR('',#152);
#10080=FILL_AREA_STYLE('',(#10079));
#10081=SURFACE_STYLE_FILL_AREA(#10080);
#10082=SURFACE_SIDE_STYLE('',(#10081));
#10083=SURFACE_STYLE_USAGE(.BOTH.,#10082);
#10084=PRESENTATION_STYLE_ASSIGNMENT((#10083));
#10085=STYLED_ITEM('',(#10084),#10078);
#10086=CARTESIAN_POINT('',(4.15E-2,1.284219723180E-1,1.015E-1));
#10087=DIRECTION('',(9.063077870368E-1,-4.226182617403E-1,0.E0));
#10088=DIRECTION('',(0.E0,0.E0,-1.E0));
#10089=AXIS2_PLACEMENT_3D('',#10086,#10087,#10088);
#10090=PLANE('3825',#10089);
#10091=ORIENTED_EDGE('4106',*,*,#9844,.T.);
#10093=ORIENTED_EDGE('4108',*,*,#10092,.F.);
#10095=ORIENTED_EDGE('4109',*,*,#10094,.F.);
#10096=ORIENTED_EDGE('4110',*,*,#10071,.F.);
#10097=EDGE_LOOP('3825',(#10091,#10093,#10095,#10096));
#10098=FACE_OUTER_BOUND('3825',#10097,.F.);
#10100=FILL_AREA_STYLE_COLOUR('',#152);
#10101=FILL_AREA_STYLE('',(#10100));
#10102=SURFACE_STYLE_FILL_AREA(#10101);
#10103=SURFACE_SIDE_STYLE('',(#10102));
#10104=SURFACE_STYLE_USAGE(.BOTH.,#10103);
#10105=PRESENTATION_STYLE_ASSIGNMENT((#10104));
#10106=STYLED_ITEM('',(#10105),#10099);
#10107=CARTESIAN_POINT('',(4.999999999999E-2,1.284219723180E-1,9.3E-2));
#10108=DIRECTION('',(0.E0,-4.226182617403E-1,9.063077870368E-1));
#10109=DIRECTION('',(-1.E0,0.E0,0.E0));
#10110=AXIS2_PLACEMENT_3D('',#10107,#10108,#10109);
#10111=PLANE('3826',#10110);
#10113=ORIENTED_EDGE('4111',*,*,#10112,.F.);
#10114=ORIENTED_EDGE('4108',*,*,#10092,.T.);
#10115=ORIENTED_EDGE('4097',*,*,#9802,.T.);
#10116=ORIENTED_EDGE('4112',*,*,#10053,.F.);
#10117=EDGE_LOOP('3826',(#10113,#10114,#10115,#10116));
#10118=FACE_OUTER_BOUND('3826',#10117,.F.);
#10120=FILL_AREA_STYLE_COLOUR('',#152);
#10121=FILL_AREA_STYLE('',(#10120));
#10122=SURFACE_STYLE_FILL_AREA(#10121);
#10123=SURFACE_SIDE_STYLE('',(#10122));
#10124=SURFACE_STYLE_USAGE(.BOTH.,#10123);
#10125=PRESENTATION_STYLE_ASSIGNMENT((#10124));
#10126=STYLED_ITEM('',(#10125),#10119);
#10127=CARTESIAN_POINT('',(5.E-2,1.37E-1,1.015E-1));
#10128=DIRECTION('',(0.E0,1.E0,0.E0));
#10129=DIRECTION('',(1.E0,0.E0,0.E0));
#10130=AXIS2_PLACEMENT_3D('',#10127,#10128,#10129);
#10131=PLANE('3827',#10130);
#10132=ORIENTED_EDGE('4113',*,*,#10051,.F.);
#10133=ORIENTED_EDGE('4114',*,*,#10073,.F.);
#10134=ORIENTED_EDGE('4109',*,*,#10094,.T.);
#10135=ORIENTED_EDGE('4111',*,*,#10112,.T.);
#10136=EDGE_LOOP('3827',(#10132,#10133,#10134,#10135));
#10137=FACE_OUTER_BOUND('3827',#10136,.F.);
#10139=FILL_AREA_STYLE_COLOUR('',#152);
#10140=FILL_AREA_STYLE('',(#10139));
#10141=SURFACE_STYLE_FILL_AREA(#10140);
#10142=SURFACE_SIDE_STYLE('',(#10141));
#10143=SURFACE_STYLE_USAGE(.BOTH.,#10142);
#10144=PRESENTATION_STYLE_ASSIGNMENT((#10143));
#10145=STYLED_ITEM('',(#10144),#10138);
#10146=CARTESIAN_POINT('',(-5.E-2,-9.550000000003E-2,8.9E-2));
#10147=DIRECTION('',(0.E0,0.E0,1.E0));
#10148=DIRECTION('',(-1.E0,0.E0,0.E0));
#10149=AXIS2_PLACEMENT_3D('',#10146,#10147,#10148);
#10150=PLANE('3833',#10149);
#10151=ORIENTED_EDGE('4718',*,*,#4891,.T.);
#10153=ORIENTED_EDGE('4728',*,*,#10152,.F.);
#10155=ORIENTED_EDGE('4121',*,*,#10154,.T.);
#10157=ORIENTED_EDGE('4727',*,*,#10156,.F.);
#10158=EDGE_LOOP('3833',(#10151,#10153,#10155,#10157));
#10159=FACE_OUTER_BOUND('3833',#10158,.F.);
#10161=FILL_AREA_STYLE_COLOUR('',#152);
#10162=FILL_AREA_STYLE('',(#10161));
#10163=SURFACE_STYLE_FILL_AREA(#10162);
#10164=SURFACE_SIDE_STYLE('',(#10163));
#10165=SURFACE_STYLE_USAGE(.BOTH.,#10164);
#10166=PRESENTATION_STYLE_ASSIGNMENT((#10165));
#10167=STYLED_ITEM('',(#10166),#10160);
#10168=CARTESIAN_POINT('',(-5.E-2,-9.550000000003E-2,8.9E-2));
#10169=DIRECTION('',(0.E0,0.E0,1.E0));
#10170=DIRECTION('',(-1.E0,0.E0,0.E0));
#10171=AXIS2_PLACEMENT_3D('',#10168,#10169,#10170);
#10172=PLANE('3833',#10171);
#10173=ORIENTED_EDGE('4722',*,*,#4477,.F.);
#10175=ORIENTED_EDGE('4726',*,*,#10174,.F.);
#10177=ORIENTED_EDGE('4125',*,*,#10176,.F.);
#10179=ORIENTED_EDGE('4729',*,*,#10178,.F.);
#10180=EDGE_LOOP('3833',(#10173,#10175,#10177,#10179));
#10181=FACE_OUTER_BOUND('3833',#10180,.F.);
#10183=FILL_AREA_STYLE_COLOUR('',#152);
#10184=FILL_AREA_STYLE('',(#10183));
#10185=SURFACE_STYLE_FILL_AREA(#10184);
#10186=SURFACE_SIDE_STYLE('',(#10185));
#10187=SURFACE_STYLE_USAGE(.POSITIVE.,#10186);
#10188=PRESENTATION_STYLE_ASSIGNMENT((#10187));
#10189=STYLED_ITEM('',(#10188),#10182);
#10190=CARTESIAN_POINT('',(-6.25E-2,-9.550000000003E-2,1.015E-1));
#10191=DIRECTION('',(1.E0,0.E0,0.E0));
#10192=DIRECTION('',(0.E0,0.E0,1.E0));
#10193=AXIS2_PLACEMENT_3D('',#10190,#10191,#10192);
#10194=PLANE('3856',#10193);
#10195=ORIENTED_EDGE('4719',*,*,#4897,.T.);
#10197=ORIENTED_EDGE('4733',*,*,#10196,.T.);
#10199=ORIENTED_EDGE('4171',*,*,#10198,.F.);
#10200=ORIENTED_EDGE('4728',*,*,#10152,.T.);
#10201=EDGE_LOOP('3856',(#10195,#10197,#10199,#10200));
#10202=FACE_OUTER_BOUND('3856',#10201,.F.);
#10204=FILL_AREA_STYLE_COLOUR('',#152);
#10205=FILL_AREA_STYLE('',(#10204));
#10206=SURFACE_STYLE_FILL_AREA(#10205);
#10207=SURFACE_SIDE_STYLE('',(#10206));
#10208=SURFACE_STYLE_USAGE(.BOTH.,#10207);
#10209=PRESENTATION_STYLE_ASSIGNMENT((#10208));
#10210=STYLED_ITEM('',(#10209),#10203);
#10211=CARTESIAN_POINT('',(-6.25E-2,-9.550000000003E-2,1.015E-1));
#10212=DIRECTION('',(1.E0,0.E0,0.E0));
#10213=DIRECTION('',(0.E0,0.E0,1.E0));
#10214=AXIS2_PLACEMENT_3D('',#10211,#10212,#10213);
#10215=PLANE('3856',#10214);
#10216=ORIENTED_EDGE('4723',*,*,#4479,.F.);
#10217=ORIENTED_EDGE('4729',*,*,#10178,.T.);
#10219=ORIENTED_EDGE('4172',*,*,#10218,.F.);
#10221=ORIENTED_EDGE('4732',*,*,#10220,.T.);
#10222=EDGE_LOOP('3856',(#10216,#10217,#10219,#10221));
#10223=FACE_OUTER_BOUND('3856',#10222,.F.);
#10225=FILL_AREA_STYLE_COLOUR('',#152);
#10226=FILL_AREA_STYLE('',(#10225));
#10227=SURFACE_STYLE_FILL_AREA(#10226);
#10228=SURFACE_SIDE_STYLE('',(#10227));
#10229=SURFACE_STYLE_USAGE(.POSITIVE.,#10228);
#10230=PRESENTATION_STYLE_ASSIGNMENT((#10229));
#10231=STYLED_ITEM('',(#10230),#10224);
#10232=CARTESIAN_POINT('',(-5.E-2,-9.550000000003E-2,1.14E-1));
#10233=DIRECTION('',(0.E0,0.E0,1.E0));
#10234=DIRECTION('',(1.E0,0.E0,0.E0));
#10235=AXIS2_PLACEMENT_3D('',#10232,#10233,#10234);
#10236=PLANE('3837',#10235);
#10237=ORIENTED_EDGE('4721',*,*,#4895,.T.);
#10239=ORIENTED_EDGE('4731',*,*,#10238,.T.);
#10241=ORIENTED_EDGE('4132',*,*,#10240,.T.);
#10242=ORIENTED_EDGE('4733',*,*,#10196,.F.);
#10243=EDGE_LOOP('3837',(#10237,#10239,#10241,#10242));
#10244=FACE_OUTER_BOUND('3837',#10243,.F.);
#10246=FILL_AREA_STYLE_COLOUR('',#152);
#10247=FILL_AREA_STYLE('',(#10246));
#10248=SURFACE_STYLE_FILL_AREA(#10247);
#10249=SURFACE_SIDE_STYLE('',(#10248));
#10250=SURFACE_STYLE_USAGE(.BOTH.,#10249);
#10251=PRESENTATION_STYLE_ASSIGNMENT((#10250));
#10252=STYLED_ITEM('',(#10251),#10245);
#10253=CARTESIAN_POINT('',(-5.E-2,-9.550000000003E-2,1.14E-1));
#10254=DIRECTION('',(0.E0,0.E0,1.E0));
#10255=DIRECTION('',(1.E0,0.E0,0.E0));
#10256=AXIS2_PLACEMENT_3D('',#10253,#10254,#10255);
#10257=PLANE('3837',#10256);
#10258=ORIENTED_EDGE('4725',*,*,#4481,.F.);
#10259=ORIENTED_EDGE('4732',*,*,#10220,.F.);
#10261=ORIENTED_EDGE('4134',*,*,#10260,.F.);
#10263=ORIENTED_EDGE('4730',*,*,#10262,.T.);
#10264=EDGE_LOOP('3837',(#10258,#10259,#10261,#10263));
#10265=FACE_OUTER_BOUND('3837',#10264,.F.);
#10267=FILL_AREA_STYLE_COLOUR('',#152);
#10268=FILL_AREA_STYLE('',(#10267));
#10269=SURFACE_STYLE_FILL_AREA(#10268);
#10270=SURFACE_SIDE_STYLE('',(#10269));
#10271=SURFACE_STYLE_USAGE(.POSITIVE.,#10270);
#10272=PRESENTATION_STYLE_ASSIGNMENT((#10271));
#10273=STYLED_ITEM('',(#10272),#10266);
#10274=CARTESIAN_POINT('',(-3.75E-2,-9.550000000003E-2,1.015E-1));
#10275=DIRECTION('',(1.E0,0.E0,0.E0));
#10276=DIRECTION('',(0.E0,0.E0,-1.E0));
#10277=AXIS2_PLACEMENT_3D('',#10274,#10275,#10276);
#10278=PLANE('3834',#10277);
#10279=ORIENTED_EDGE('4720',*,*,#4893,.T.);
#10280=ORIENTED_EDGE('4727',*,*,#10156,.T.);
#10282=ORIENTED_EDGE('4127',*,*,#10281,.F.);
#10283=ORIENTED_EDGE('4731',*,*,#10238,.F.);
#10284=EDGE_LOOP('3834',(#10279,#10280,#10282,#10283));
#10285=FACE_OUTER_BOUND('3834',#10284,.F.);
#10287=FILL_AREA_STYLE_COLOUR('',#152);
#10288=FILL_AREA_STYLE('',(#10287));
#10289=SURFACE_STYLE_FILL_AREA(#10288);
#10290=SURFACE_SIDE_STYLE('',(#10289));
#10291=SURFACE_STYLE_USAGE(.BOTH.,#10290);
#10292=PRESENTATION_STYLE_ASSIGNMENT((#10291));
#10293=STYLED_ITEM('',(#10292),#10286);
#10294=CARTESIAN_POINT('',(-3.75E-2,-9.550000000003E-2,1.015E-1));
#10295=DIRECTION('',(1.E0,0.E0,0.E0));
#10296=DIRECTION('',(0.E0,0.E0,-1.E0));
#10297=AXIS2_PLACEMENT_3D('',#10294,#10295,#10296);
#10298=PLANE('3834',#10297);
#10299=ORIENTED_EDGE('4724',*,*,#4483,.F.);
#10300=ORIENTED_EDGE('4730',*,*,#10262,.F.);
#10302=ORIENTED_EDGE('4129',*,*,#10301,.F.);
#10303=ORIENTED_EDGE('4726',*,*,#10174,.T.);
#10304=EDGE_LOOP('3834',(#10299,#10300,#10302,#10303));
#10305=FACE_OUTER_BOUND('3834',#10304,.F.);
#10307=FILL_AREA_STYLE_COLOUR('',#152);
#10308=FILL_AREA_STYLE('',(#10307));
#10309=SURFACE_STYLE_FILL_AREA(#10308);
#10310=SURFACE_SIDE_STYLE('',(#10309));
#10311=SURFACE_STYLE_USAGE(.POSITIVE.,#10310);
#10312=PRESENTATION_STYLE_ASSIGNMENT((#10311));
#10313=STYLED_ITEM('',(#10312),#10306);
#10314=CARTESIAN_POINT('',(-4.15E-2,-3.194219723180E-1,1.015E-1));
#10315=DIRECTION('',(9.063077870368E-1,-4.226182617403E-1,0.E0));
#10316=DIRECTION('',(0.E0,0.E0,-1.E0));
#10317=AXIS2_PLACEMENT_3D('',#10314,#10315,#10316);
#10318=PLANE('3835',#10317);
#10320=ORIENTED_EDGE('4118',*,*,#10319,.T.);
#10322=ORIENTED_EDGE('4130',*,*,#10321,.F.);
#10323=ORIENTED_EDGE('4127',*,*,#10281,.T.);
#10325=ORIENTED_EDGE('4123',*,*,#10324,.T.);
#10326=EDGE_LOOP('3835',(#10320,#10322,#10323,#10325));
#10327=FACE_OUTER_BOUND('3835',#10326,.F.);
#10329=FILL_AREA_STYLE_COLOUR('',#152);
#10330=FILL_AREA_STYLE('',(#10329));
#10331=SURFACE_STYLE_FILL_AREA(#10330);
#10332=SURFACE_SIDE_STYLE('',(#10331));
#10333=SURFACE_STYLE_USAGE(.BOTH.,#10332);
#10334=PRESENTATION_STYLE_ASSIGNMENT((#10333));
#10335=STYLED_ITEM('',(#10334),#10328);
#10336=CARTESIAN_POINT('',(-5.E-2,-3.28E-1,1.015E-1));
#10337=DIRECTION('',(0.E0,1.E0,0.E0));
#10338=DIRECTION('',(1.E0,0.E0,0.E0));
#10339=AXIS2_PLACEMENT_3D('',#10336,#10337,#10338);
#10340=PLANE('3831',#10339);
#10342=ORIENTED_EDGE('4117',*,*,#10341,.F.);
#10344=ORIENTED_EDGE('4120',*,*,#10343,.F.);
#10346=ORIENTED_EDGE('4119',*,*,#10345,.F.);
#10347=ORIENTED_EDGE('4118',*,*,#10319,.F.);
#10348=EDGE_LOOP('3831',(#10342,#10344,#10346,#10347));
#10349=FACE_OUTER_BOUND('3831',#10348,.F.);
#10351=FILL_AREA_STYLE_COLOUR('',#152);
#10352=FILL_AREA_STYLE('',(#10351));
#10353=SURFACE_STYLE_FILL_AREA(#10352);
#10354=SURFACE_SIDE_STYLE('',(#10353));
#10355=SURFACE_STYLE_USAGE(.BOTH.,#10354);
#10356=PRESENTATION_STYLE_ASSIGNMENT((#10355));
#10357=STYLED_ITEM('',(#10356),#10350);
#10358=CARTESIAN_POINT('',(-4.999999999999E-2,-3.194219723180E-1,9.3E-2));
#10359=DIRECTION('',(0.E0,4.226182617403E-1,9.063077870368E-1));
#10360=DIRECTION('',(-1.E0,0.E0,0.E0));
#10361=AXIS2_PLACEMENT_3D('',#10358,#10359,#10360);
#10362=PLANE('3832',#10361);
#10363=ORIENTED_EDGE('4121',*,*,#10154,.F.);
#10365=ORIENTED_EDGE('4122',*,*,#10364,.F.);
#10366=ORIENTED_EDGE('4117',*,*,#10341,.T.);
#10367=ORIENTED_EDGE('4123',*,*,#10324,.F.);
#10368=EDGE_LOOP('3832',(#10363,#10365,#10366,#10367));
#10369=FACE_OUTER_BOUND('3832',#10368,.F.);
#10371=FILL_AREA_STYLE_COLOUR('',#152);
#10372=FILL_AREA_STYLE('',(#10371));
#10373=SURFACE_STYLE_FILL_AREA(#10372);
#10374=SURFACE_SIDE_STYLE('',(#10373));
#10375=SURFACE_STYLE_USAGE(.BOTH.,#10374);
#10376=PRESENTATION_STYLE_ASSIGNMENT((#10375));
#10377=STYLED_ITEM('',(#10376),#10370);
#10378=CARTESIAN_POINT('',(-5.85E-2,-3.194219723180E-1,1.015E-1));
#10379=DIRECTION('',(9.063077870368E-1,4.226182617403E-1,0.E0));
#10380=DIRECTION('',(0.E0,0.E0,-1.E0));
#10381=AXIS2_PLACEMENT_3D('',#10378,#10379,#10380);
#10382=PLANE('3857',#10381);
#10383=ORIENTED_EDGE('4171',*,*,#10198,.T.);
#10385=ORIENTED_EDGE('4131',*,*,#10384,.T.);
#10386=ORIENTED_EDGE('4120',*,*,#10343,.T.);
#10387=ORIENTED_EDGE('4122',*,*,#10364,.T.);
#10388=EDGE_LOOP('3857',(#10383,#10385,#10386,#10387));
#10389=FACE_OUTER_BOUND('3857',#10388,.F.);
#10391=FILL_AREA_STYLE_COLOUR('',#152);
#10392=FILL_AREA_STYLE('',(#10391));
#10393=SURFACE_STYLE_FILL_AREA(#10392);
#10394=SURFACE_SIDE_STYLE('',(#10393));
#10395=SURFACE_STYLE_USAGE(.BOTH.,#10394);
#10396=PRESENTATION_STYLE_ASSIGNMENT((#10395));
#10397=STYLED_ITEM('',(#10396),#10390);
#10398=CARTESIAN_POINT('',(-4.999999999999E-2,-3.194219723180E-1,1.1E-1));
#10399=DIRECTION('',(0.E0,-4.226182617403E-1,9.063077870368E-1));
#10400=DIRECTION('',(-1.E0,0.E0,0.E0));
#10401=AXIS2_PLACEMENT_3D('',#10398,#10399,#10400);
#10402=PLANE('3836',#10401);
#10403=ORIENTED_EDGE('4119',*,*,#10345,.T.);
#10404=ORIENTED_EDGE('4131',*,*,#10384,.F.);
#10405=ORIENTED_EDGE('4132',*,*,#10240,.F.);
#10406=ORIENTED_EDGE('4130',*,*,#10321,.T.);
#10407=EDGE_LOOP('3836',(#10403,#10404,#10405,#10406));
#10408=FACE_OUTER_BOUND('3836',#10407,.F.);
#10410=FILL_AREA_STYLE_COLOUR('',#152);
#10411=FILL_AREA_STYLE('',(#10410));
#10412=SURFACE_STYLE_FILL_AREA(#10411);
#10413=SURFACE_SIDE_STYLE('',(#10412));
#10414=SURFACE_STYLE_USAGE(.BOTH.,#10413);
#10415=PRESENTATION_STYLE_ASSIGNMENT((#10414));
#10416=STYLED_ITEM('',(#10415),#10409);
#10417=CARTESIAN_POINT('',(-4.15E-2,1.284219723180E-1,1.015E-1));
#10418=DIRECTION('',(9.063077870368E-1,4.226182617403E-1,0.E0));
#10419=DIRECTION('',(0.E0,0.E0,-1.E0));
#10420=AXIS2_PLACEMENT_3D('',#10417,#10418,#10419);
#10421=PLANE('3840',#10420);
#10422=ORIENTED_EDGE('4129',*,*,#10301,.T.);
#10424=ORIENTED_EDGE('4137',*,*,#10423,.T.);
#10426=ORIENTED_EDGE('4138',*,*,#10425,.T.);
#10428=ORIENTED_EDGE('4141',*,*,#10427,.F.);
#10429=EDGE_LOOP('3840',(#10422,#10424,#10426,#10428));
#10430=FACE_OUTER_BOUND('3840',#10429,.F.);
#10432=FILL_AREA_STYLE_COLOUR('',#152);
#10433=FILL_AREA_STYLE('',(#10432));
#10434=SURFACE_STYLE_FILL_AREA(#10433);
#10435=SURFACE_SIDE_STYLE('',(#10434));
#10436=SURFACE_STYLE_USAGE(.BOTH.,#10435);
#10437=PRESENTATION_STYLE_ASSIGNMENT((#10436));
#10438=STYLED_ITEM('',(#10437),#10431);
#10439=CARTESIAN_POINT('',(-4.999999999999E-2,1.284219723180E-1,1.1E-1));
#10440=DIRECTION('',(0.E0,4.226182617403E-1,9.063077870368E-1));
#10441=DIRECTION('',(-1.E0,0.E0,0.E0));
#10442=AXIS2_PLACEMENT_3D('',#10439,#10440,#10441);
#10443=PLANE('3838',#10442);
#10444=ORIENTED_EDGE('4134',*,*,#10260,.T.);
#10446=ORIENTED_EDGE('4135',*,*,#10445,.F.);
#10448=ORIENTED_EDGE('4136',*,*,#10447,.F.);
#10449=ORIENTED_EDGE('4137',*,*,#10423,.F.);
#10450=EDGE_LOOP('3838',(#10444,#10446,#10448,#10449));
#10451=FACE_OUTER_BOUND('3838',#10450,.F.);
#10453=FILL_AREA_STYLE_COLOUR('',#152);
#10454=FILL_AREA_STYLE('',(#10453));
#10455=SURFACE_STYLE_FILL_AREA(#10454);
#10456=SURFACE_SIDE_STYLE('',(#10455));
#10457=SURFACE_STYLE_USAGE(.BOTH.,#10456);
#10458=PRESENTATION_STYLE_ASSIGNMENT((#10457));
#10459=STYLED_ITEM('',(#10458),#10452);
#10460=CARTESIAN_POINT('',(-5.85E-2,1.284219723180E-1,1.015E-1));
#10461=DIRECTION('',(9.063077870368E-1,-4.226182617403E-1,0.E0));
#10462=DIRECTION('',(0.E0,0.E0,-1.E0));
#10463=AXIS2_PLACEMENT_3D('',#10460,#10461,#10462);
#10464=PLANE('3858',#10463);
#10465=ORIENTED_EDGE('4172',*,*,#10218,.T.);
#10467=ORIENTED_EDGE('4142',*,*,#10466,.T.);
#10469=ORIENTED_EDGE('4139',*,*,#10468,.T.);
#10470=ORIENTED_EDGE('4135',*,*,#10445,.T.);
#10471=EDGE_LOOP('3858',(#10465,#10467,#10469,#10470));
#10472=FACE_OUTER_BOUND('3858',#10471,.F.);
#10474=FILL_AREA_STYLE_COLOUR('',#152);
#10475=FILL_AREA_STYLE('',(#10474));
#10476=SURFACE_STYLE_FILL_AREA(#10475);
#10477=SURFACE_SIDE_STYLE('',(#10476));
#10478=SURFACE_STYLE_USAGE(.BOTH.,#10477);
#10479=PRESENTATION_STYLE_ASSIGNMENT((#10478));
#10480=STYLED_ITEM('',(#10479),#10473);
#10481=CARTESIAN_POINT('',(-4.999999999999E-2,1.284219723180E-1,9.3E-2));
#10482=DIRECTION('',(0.E0,-4.226182617403E-1,9.063077870368E-1));
#10483=DIRECTION('',(-1.E0,0.E0,0.E0));
#10484=AXIS2_PLACEMENT_3D('',#10481,#10482,#10483);
#10485=PLANE('3841',#10484);
#10487=ORIENTED_EDGE('4140',*,*,#10486,.T.);
#10488=ORIENTED_EDGE('4142',*,*,#10466,.F.);
#10489=ORIENTED_EDGE('4125',*,*,#10176,.T.);
#10490=ORIENTED_EDGE('4141',*,*,#10427,.T.);
#10491=EDGE_LOOP('3841',(#10487,#10488,#10489,#10490));
#10492=FACE_OUTER_BOUND('3841',#10491,.F.);
#10494=FILL_AREA_STYLE_COLOUR('',#152);
#10495=FILL_AREA_STYLE('',(#10494));
#10496=SURFACE_STYLE_FILL_AREA(#10495);
#10497=SURFACE_SIDE_STYLE('',(#10496));
#10498=SURFACE_STYLE_USAGE(.BOTH.,#10497);
#10499=PRESENTATION_STYLE_ASSIGNMENT((#10498));
#10500=STYLED_ITEM('',(#10499),#10493);
#10501=CARTESIAN_POINT('',(-5.E-2,1.37E-1,1.015E-1));
#10502=DIRECTION('',(0.E0,1.E0,0.E0));
#10503=DIRECTION('',(1.E0,0.E0,0.E0));
#10504=AXIS2_PLACEMENT_3D('',#10501,#10502,#10503);
#10505=PLANE('3839',#10504);
#10506=ORIENTED_EDGE('4138',*,*,#10425,.F.);
#10507=ORIENTED_EDGE('4136',*,*,#10447,.T.);
#10508=ORIENTED_EDGE('4139',*,*,#10468,.F.);
#10509=ORIENTED_EDGE('4140',*,*,#10486,.F.);
#10510=EDGE_LOOP('3839',(#10506,#10507,#10508,#10509));
#10511=FACE_OUTER_BOUND('3839',#10510,.F.);
#10513=FILL_AREA_STYLE_COLOUR('',#152);
#10514=FILL_AREA_STYLE('',(#10513));
#10515=SURFACE_STYLE_FILL_AREA(#10514);
#10516=SURFACE_SIDE_STYLE('',(#10515));
#10517=SURFACE_STYLE_USAGE(.BOTH.,#10516);
#10518=PRESENTATION_STYLE_ASSIGNMENT((#10517));
#10519=STYLED_ITEM('',(#10518),#10512);
#10520=CARTESIAN_POINT('',(-1.5E-1,-9.550000000003E-2,8.9E-2));
#10521=DIRECTION('',(0.E0,0.E0,1.E0));
#10522=DIRECTION('',(-1.E0,0.E0,0.E0));
#10523=AXIS2_PLACEMENT_3D('',#10520,#10521,#10522);
#10524=PLANE('3844',#10523);
#10525=ORIENTED_EDGE('4734',*,*,#4901,.T.);
#10527=ORIENTED_EDGE('4744',*,*,#10526,.F.);
#10529=ORIENTED_EDGE('4147',*,*,#10528,.T.);
#10531=ORIENTED_EDGE('4743',*,*,#10530,.F.);
#10532=EDGE_LOOP('3844',(#10525,#10527,#10529,#10531));
#10533=FACE_OUTER_BOUND('3844',#10532,.F.);
#10535=FILL_AREA_STYLE_COLOUR('',#152);
#10536=FILL_AREA_STYLE('',(#10535));
#10537=SURFACE_STYLE_FILL_AREA(#10536);
#10538=SURFACE_SIDE_STYLE('',(#10537));
#10539=SURFACE_STYLE_USAGE(.BOTH.,#10538);
#10540=PRESENTATION_STYLE_ASSIGNMENT((#10539));
#10541=STYLED_ITEM('',(#10540),#10534);
#10542=CARTESIAN_POINT('',(-1.5E-1,-9.550000000003E-2,8.9E-2));
#10543=DIRECTION('',(0.E0,0.E0,1.E0));
#10544=DIRECTION('',(-1.E0,0.E0,0.E0));
#10545=AXIS2_PLACEMENT_3D('',#10542,#10543,#10544);
#10546=PLANE('3844',#10545);
#10547=ORIENTED_EDGE('4738',*,*,#4487,.F.);
#10549=ORIENTED_EDGE('4742',*,*,#10548,.F.);
#10551=ORIENTED_EDGE('4151',*,*,#10550,.F.);
#10553=ORIENTED_EDGE('4745',*,*,#10552,.F.);
#10554=EDGE_LOOP('3844',(#10547,#10549,#10551,#10553));
#10555=FACE_OUTER_BOUND('3844',#10554,.F.);
#10557=FILL_AREA_STYLE_COLOUR('',#152);
#10558=FILL_AREA_STYLE('',(#10557));
#10559=SURFACE_STYLE_FILL_AREA(#10558);
#10560=SURFACE_SIDE_STYLE('',(#10559));
#10561=SURFACE_STYLE_USAGE(.POSITIVE.,#10560);
#10562=PRESENTATION_STYLE_ASSIGNMENT((#10561));
#10563=STYLED_ITEM('',(#10562),#10556);
#10564=CARTESIAN_POINT('',(-1.625E-1,-9.550000000003E-2,1.015E-1));
#10565=DIRECTION('',(1.E0,0.E0,0.E0));
#10566=DIRECTION('',(0.E0,0.E0,1.E0));
#10567=AXIS2_PLACEMENT_3D('',#10564,#10565,#10566);
#10568=PLANE('3849',#10567);
#10569=ORIENTED_EDGE('4735',*,*,#4907,.T.);
#10571=ORIENTED_EDGE('4748',*,*,#10570,.F.);
#10573=ORIENTED_EDGE('4159',*,*,#10572,.T.);
#10574=ORIENTED_EDGE('4744',*,*,#10526,.T.);
#10575=EDGE_LOOP('3849',(#10569,#10571,#10573,#10574));
#10576=FACE_OUTER_BOUND('3849',#10575,.F.);
#10578=FILL_AREA_STYLE_COLOUR('',#152);
#10579=FILL_AREA_STYLE('',(#10578));
#10580=SURFACE_STYLE_FILL_AREA(#10579);
#10581=SURFACE_SIDE_STYLE('',(#10580));
#10582=SURFACE_STYLE_USAGE(.BOTH.,#10581);
#10583=PRESENTATION_STYLE_ASSIGNMENT((#10582));
#10584=STYLED_ITEM('',(#10583),#10577);
#10585=CARTESIAN_POINT('',(-1.625E-1,-9.550000000003E-2,1.015E-1));
#10586=DIRECTION('',(1.E0,0.E0,0.E0));
#10587=DIRECTION('',(0.E0,0.E0,1.E0));
#10588=AXIS2_PLACEMENT_3D('',#10585,#10586,#10587);
#10589=PLANE('3849',#10588);
#10590=ORIENTED_EDGE('4739',*,*,#4489,.F.);
#10591=ORIENTED_EDGE('4745',*,*,#10552,.T.);
#10593=ORIENTED_EDGE('4160',*,*,#10592,.F.);
#10595=ORIENTED_EDGE('4749',*,*,#10594,.F.);
#10596=EDGE_LOOP('3849',(#10590,#10591,#10593,#10595));
#10597=FACE_OUTER_BOUND('3849',#10596,.F.);
#10599=FILL_AREA_STYLE_COLOUR('',#152);
#10600=FILL_AREA_STYLE('',(#10599));
#10601=SURFACE_STYLE_FILL_AREA(#10600);
#10602=SURFACE_SIDE_STYLE('',(#10601));
#10603=SURFACE_STYLE_USAGE(.POSITIVE.,#10602);
#10604=PRESENTATION_STYLE_ASSIGNMENT((#10603));
#10605=STYLED_ITEM('',(#10604),#10598);
#10606=CARTESIAN_POINT('',(-1.5E-1,-9.550000000003E-2,1.14E-1));
#10607=DIRECTION('',(0.E0,0.E0,1.E0));
#10608=DIRECTION('',(1.E0,0.E0,0.E0));
#10609=AXIS2_PLACEMENT_3D('',#10606,#10607,#10608);
#10610=PLANE('3855',#10609);
#10611=ORIENTED_EDGE('4737',*,*,#4905,.T.);
#10613=ORIENTED_EDGE('4747',*,*,#10612,.T.);
#10615=ORIENTED_EDGE('4158',*,*,#10614,.T.);
#10616=ORIENTED_EDGE('4748',*,*,#10570,.T.);
#10617=EDGE_LOOP('3855',(#10611,#10613,#10615,#10616));
#10618=FACE_OUTER_BOUND('3855',#10617,.F.);
#10620=FILL_AREA_STYLE_COLOUR('',#152);
#10621=FILL_AREA_STYLE('',(#10620));
#10622=SURFACE_STYLE_FILL_AREA(#10621);
#10623=SURFACE_SIDE_STYLE('',(#10622));
#10624=SURFACE_STYLE_USAGE(.BOTH.,#10623);
#10625=PRESENTATION_STYLE_ASSIGNMENT((#10624));
#10626=STYLED_ITEM('',(#10625),#10619);
#10627=CARTESIAN_POINT('',(-1.5E-1,-9.550000000003E-2,1.14E-1));
#10628=DIRECTION('',(0.E0,0.E0,1.E0));
#10629=DIRECTION('',(1.E0,0.E0,0.E0));
#10630=AXIS2_PLACEMENT_3D('',#10627,#10628,#10629);
#10631=PLANE('3855',#10630);
#10632=ORIENTED_EDGE('4741',*,*,#4491,.F.);
#10633=ORIENTED_EDGE('4749',*,*,#10594,.T.);
#10635=ORIENTED_EDGE('4170',*,*,#10634,.T.);
#10637=ORIENTED_EDGE('4746',*,*,#10636,.T.);
#10638=EDGE_LOOP('3855',(#10632,#10633,#10635,#10637));
#10639=FACE_OUTER_BOUND('3855',#10638,.F.);
#10641=FILL_AREA_STYLE_COLOUR('',#152);
#10642=FILL_AREA_STYLE('',(#10641));
#10643=SURFACE_STYLE_FILL_AREA(#10642);
#10644=SURFACE_SIDE_STYLE('',(#10643));
#10645=SURFACE_STYLE_USAGE(.POSITIVE.,#10644);
#10646=PRESENTATION_STYLE_ASSIGNMENT((#10645));
#10647=STYLED_ITEM('',(#10646),#10640);
#10648=CARTESIAN_POINT('',(-1.375E-1,-9.550000000003E-2,1.015E-1));
#10649=DIRECTION('',(1.E0,0.E0,0.E0));
#10650=DIRECTION('',(0.E0,0.E0,-1.E0));
#10651=AXIS2_PLACEMENT_3D('',#10648,#10649,#10650);
#10652=PLANE('3845',#10651);
#10653=ORIENTED_EDGE('4736',*,*,#4903,.T.);
#10654=ORIENTED_EDGE('4743',*,*,#10530,.T.);
#10656=ORIENTED_EDGE('4153',*,*,#10655,.F.);
#10657=ORIENTED_EDGE('4747',*,*,#10612,.F.);
#10658=EDGE_LOOP('3845',(#10653,#10654,#10656,#10657));
#10659=FACE_OUTER_BOUND('3845',#10658,.F.);
#10661=FILL_AREA_STYLE_COLOUR('',#152);
#10662=FILL_AREA_STYLE('',(#10661));
#10663=SURFACE_STYLE_FILL_AREA(#10662);
#10664=SURFACE_SIDE_STYLE('',(#10663));
#10665=SURFACE_STYLE_USAGE(.BOTH.,#10664);
#10666=PRESENTATION_STYLE_ASSIGNMENT((#10665));
#10667=STYLED_ITEM('',(#10666),#10660);
#10668=CARTESIAN_POINT('',(-1.375E-1,-9.550000000003E-2,1.015E-1));
#10669=DIRECTION('',(1.E0,0.E0,0.E0));
#10670=DIRECTION('',(0.E0,0.E0,-1.E0));
#10671=AXIS2_PLACEMENT_3D('',#10668,#10669,#10670);
#10672=PLANE('3845',#10671);
#10673=ORIENTED_EDGE('4740',*,*,#4493,.F.);
#10674=ORIENTED_EDGE('4746',*,*,#10636,.F.);
#10676=ORIENTED_EDGE('4155',*,*,#10675,.F.);
#10677=ORIENTED_EDGE('4742',*,*,#10548,.T.);
#10678=EDGE_LOOP('3845',(#10673,#10674,#10676,#10677));
#10679=FACE_OUTER_BOUND('3845',#10678,.F.);
#10681=FILL_AREA_STYLE_COLOUR('',#152);
#10682=FILL_AREA_STYLE('',(#10681));
#10683=SURFACE_STYLE_FILL_AREA(#10682);
#10684=SURFACE_SIDE_STYLE('',(#10683));
#10685=SURFACE_STYLE_USAGE(.POSITIVE.,#10684);
#10686=PRESENTATION_STYLE_ASSIGNMENT((#10685));
#10687=STYLED_ITEM('',(#10686),#10680);
#10688=CARTESIAN_POINT('',(-1.415E-1,-3.194219723180E-1,1.015E-1));
#10689=DIRECTION('',(9.063077870368E-1,-4.226182617403E-1,0.E0));
#10690=DIRECTION('',(0.E0,0.E0,-1.E0));
#10691=AXIS2_PLACEMENT_3D('',#10688,#10689,#10690);
#10692=PLANE('3846',#10691);
#10694=ORIENTED_EDGE('4144',*,*,#10693,.T.);
#10696=ORIENTED_EDGE('4156',*,*,#10695,.F.);
#10697=ORIENTED_EDGE('4153',*,*,#10655,.T.);
#10699=ORIENTED_EDGE('4149',*,*,#10698,.T.);
#10700=EDGE_LOOP('3846',(#10694,#10696,#10697,#10699));
#10701=FACE_OUTER_BOUND('3846',#10700,.F.);
#10703=FILL_AREA_STYLE_COLOUR('',#152);
#10704=FILL_AREA_STYLE('',(#10703));
#10705=SURFACE_STYLE_FILL_AREA(#10704);
#10706=SURFACE_SIDE_STYLE('',(#10705));
#10707=SURFACE_STYLE_USAGE(.BOTH.,#10706);
#10708=PRESENTATION_STYLE_ASSIGNMENT((#10707));
#10709=STYLED_ITEM('',(#10708),#10702);
#10710=CARTESIAN_POINT('',(-1.5E-1,-3.28E-1,1.015E-1));
#10711=DIRECTION('',(0.E0,1.E0,0.E0));
#10712=DIRECTION('',(1.E0,0.E0,0.E0));
#10713=AXIS2_PLACEMENT_3D('',#10710,#10711,#10712);
#10714=PLANE('3842',#10713);
#10716=ORIENTED_EDGE('4143',*,*,#10715,.F.);
#10718=ORIENTED_EDGE('4146',*,*,#10717,.F.);
#10720=ORIENTED_EDGE('4145',*,*,#10719,.F.);
#10721=ORIENTED_EDGE('4144',*,*,#10693,.F.);
#10722=EDGE_LOOP('3842',(#10716,#10718,#10720,#10721));
#10723=FACE_OUTER_BOUND('3842',#10722,.F.);
#10725=FILL_AREA_STYLE_COLOUR('',#152);
#10726=FILL_AREA_STYLE('',(#10725));
#10727=SURFACE_STYLE_FILL_AREA(#10726);
#10728=SURFACE_SIDE_STYLE('',(#10727));
#10729=SURFACE_STYLE_USAGE(.BOTH.,#10728);
#10730=PRESENTATION_STYLE_ASSIGNMENT((#10729));
#10731=STYLED_ITEM('',(#10730),#10724);
#10732=CARTESIAN_POINT('',(-1.5E-1,-3.194219723180E-1,9.3E-2));
#10733=DIRECTION('',(0.E0,4.226182617403E-1,9.063077870368E-1));
#10734=DIRECTION('',(-1.E0,0.E0,0.E0));
#10735=AXIS2_PLACEMENT_3D('',#10732,#10733,#10734);
#10736=PLANE('3843',#10735);
#10737=ORIENTED_EDGE('4147',*,*,#10528,.F.);
#10739=ORIENTED_EDGE('4148',*,*,#10738,.F.);
#10740=ORIENTED_EDGE('4143',*,*,#10715,.T.);
#10741=ORIENTED_EDGE('4149',*,*,#10698,.F.);
#10742=EDGE_LOOP('3843',(#10737,#10739,#10740,#10741));
#10743=FACE_OUTER_BOUND('3843',#10742,.F.);
#10745=FILL_AREA_STYLE_COLOUR('',#152);
#10746=FILL_AREA_STYLE('',(#10745));
#10747=SURFACE_STYLE_FILL_AREA(#10746);
#10748=SURFACE_SIDE_STYLE('',(#10747));
#10749=SURFACE_STYLE_USAGE(.BOTH.,#10748);
#10750=PRESENTATION_STYLE_ASSIGNMENT((#10749));
#10751=STYLED_ITEM('',(#10750),#10744);
#10752=CARTESIAN_POINT('',(-1.585E-1,-3.194219723180E-1,1.015E-1));
#10753=DIRECTION('',(9.063077870368E-1,4.226182617403E-1,0.E0));
#10754=DIRECTION('',(0.E0,0.E0,-1.E0));
#10755=AXIS2_PLACEMENT_3D('',#10752,#10753,#10754);
#10756=PLANE('3848',#10755);
#10757=ORIENTED_EDGE('4159',*,*,#10572,.F.);
#10759=ORIENTED_EDGE('4157',*,*,#10758,.T.);
#10760=ORIENTED_EDGE('4146',*,*,#10717,.T.);
#10761=ORIENTED_EDGE('4148',*,*,#10738,.T.);
#10762=EDGE_LOOP('3848',(#10757,#10759,#10760,#10761));
#10763=FACE_OUTER_BOUND('3848',#10762,.F.);
#10765=FILL_AREA_STYLE_COLOUR('',#152);
#10766=FILL_AREA_STYLE('',(#10765));
#10767=SURFACE_STYLE_FILL_AREA(#10766);
#10768=SURFACE_SIDE_STYLE('',(#10767));
#10769=SURFACE_STYLE_USAGE(.BOTH.,#10768);
#10770=PRESENTATION_STYLE_ASSIGNMENT((#10769));
#10771=STYLED_ITEM('',(#10770),#10764);
#10772=CARTESIAN_POINT('',(-1.5E-1,-3.194219723180E-1,1.1E-1));
#10773=DIRECTION('',(0.E0,-4.226182617403E-1,9.063077870368E-1));
#10774=DIRECTION('',(-1.E0,0.E0,0.E0));
#10775=AXIS2_PLACEMENT_3D('',#10772,#10773,#10774);
#10776=PLANE('3847',#10775);
#10777=ORIENTED_EDGE('4145',*,*,#10719,.T.);
#10778=ORIENTED_EDGE('4157',*,*,#10758,.F.);
#10779=ORIENTED_EDGE('4158',*,*,#10614,.F.);
#10780=ORIENTED_EDGE('4156',*,*,#10695,.T.);
#10781=EDGE_LOOP('3847',(#10777,#10778,#10779,#10780));
#10782=FACE_OUTER_BOUND('3847',#10781,.F.);
#10784=FILL_AREA_STYLE_COLOUR('',#152);
#10785=FILL_AREA_STYLE('',(#10784));
#10786=SURFACE_STYLE_FILL_AREA(#10785);
#10787=SURFACE_SIDE_STYLE('',(#10786));
#10788=SURFACE_STYLE_USAGE(.BOTH.,#10787);
#10789=PRESENTATION_STYLE_ASSIGNMENT((#10788));
#10790=STYLED_ITEM('',(#10789),#10783);
#10791=CARTESIAN_POINT('',(-1.415E-1,1.284219723180E-1,1.015E-1));
#10792=DIRECTION('',(9.063077870368E-1,4.226182617403E-1,0.E0));
#10793=DIRECTION('',(0.E0,0.E0,-1.E0));
#10794=AXIS2_PLACEMENT_3D('',#10791,#10792,#10793);
#10795=PLANE('3853',#10794);
#10796=ORIENTED_EDGE('4155',*,*,#10675,.T.);
#10798=ORIENTED_EDGE('4169',*,*,#10797,.F.);
#10800=ORIENTED_EDGE('4167',*,*,#10799,.T.);
#10802=ORIENTED_EDGE('4166',*,*,#10801,.T.);
#10803=EDGE_LOOP('3853',(#10796,#10798,#10800,#10802));
#10804=FACE_OUTER_BOUND('3853',#10803,.F.);
#10806=FILL_AREA_STYLE_COLOUR('',#152);
#10807=FILL_AREA_STYLE('',(#10806));
#10808=SURFACE_STYLE_FILL_AREA(#10807);
#10809=SURFACE_SIDE_STYLE('',(#10808));
#10810=SURFACE_STYLE_USAGE(.BOTH.,#10809);
#10811=PRESENTATION_STYLE_ASSIGNMENT((#10810));
#10812=STYLED_ITEM('',(#10811),#10805);
#10813=CARTESIAN_POINT('',(-1.5E-1,1.284219723180E-1,1.1E-1));
#10814=DIRECTION('',(0.E0,4.226182617403E-1,9.063077870368E-1));
#10815=DIRECTION('',(-1.E0,0.E0,0.E0));
#10816=AXIS2_PLACEMENT_3D('',#10813,#10814,#10815);
#10817=PLANE('3854',#10816);
#10818=ORIENTED_EDGE('4170',*,*,#10634,.F.);
#10820=ORIENTED_EDGE('4164',*,*,#10819,.T.);
#10822=ORIENTED_EDGE('4168',*,*,#10821,.T.);
#10823=ORIENTED_EDGE('4169',*,*,#10797,.T.);
#10824=EDGE_LOOP('3854',(#10818,#10820,#10822,#10823));
#10825=FACE_OUTER_BOUND('3854',#10824,.F.);
#10827=FILL_AREA_STYLE_COLOUR('',#152);
#10828=FILL_AREA_STYLE('',(#10827));
#10829=SURFACE_STYLE_FILL_AREA(#10828);
#10830=SURFACE_SIDE_STYLE('',(#10829));
#10831=SURFACE_STYLE_USAGE(.BOTH.,#10830);
#10832=PRESENTATION_STYLE_ASSIGNMENT((#10831));
#10833=STYLED_ITEM('',(#10832),#10826);
#10834=CARTESIAN_POINT('',(-1.585E-1,1.284219723180E-1,1.015E-1));
#10835=DIRECTION('',(9.063077870368E-1,-4.226182617403E-1,0.E0));
#10836=DIRECTION('',(0.E0,0.E0,-1.E0));
#10837=AXIS2_PLACEMENT_3D('',#10834,#10835,#10836);
#10838=PLANE('3850',#10837);
#10839=ORIENTED_EDGE('4160',*,*,#10592,.T.);
#10841=ORIENTED_EDGE('4162',*,*,#10840,.F.);
#10843=ORIENTED_EDGE('4163',*,*,#10842,.F.);
#10844=ORIENTED_EDGE('4164',*,*,#10819,.F.);
#10845=EDGE_LOOP('3850',(#10839,#10841,#10843,#10844));
#10846=FACE_OUTER_BOUND('3850',#10845,.F.);
#10848=FILL_AREA_STYLE_COLOUR('',#152);
#10849=FILL_AREA_STYLE('',(#10848));
#10850=SURFACE_STYLE_FILL_AREA(#10849);
#10851=SURFACE_SIDE_STYLE('',(#10850));
#10852=SURFACE_STYLE_USAGE(.BOTH.,#10851);
#10853=PRESENTATION_STYLE_ASSIGNMENT((#10852));
#10854=STYLED_ITEM('',(#10853),#10847);
#10855=CARTESIAN_POINT('',(-1.5E-1,1.284219723180E-1,9.3E-2));
#10856=DIRECTION('',(0.E0,-4.226182617403E-1,9.063077870368E-1));
#10857=DIRECTION('',(-1.E0,0.E0,0.E0));
#10858=AXIS2_PLACEMENT_3D('',#10855,#10856,#10857);
#10859=PLANE('3851',#10858);
#10861=ORIENTED_EDGE('4165',*,*,#10860,.F.);
#10862=ORIENTED_EDGE('4162',*,*,#10840,.T.);
#10863=ORIENTED_EDGE('4151',*,*,#10550,.T.);
#10864=ORIENTED_EDGE('4166',*,*,#10801,.F.);
#10865=EDGE_LOOP('3851',(#10861,#10862,#10863,#10864));
#10866=FACE_OUTER_BOUND('3851',#10865,.F.);
#10868=FILL_AREA_STYLE_COLOUR('',#152);
#10869=FILL_AREA_STYLE('',(#10868));
#10870=SURFACE_STYLE_FILL_AREA(#10869);
#10871=SURFACE_SIDE_STYLE('',(#10870));
#10872=SURFACE_STYLE_USAGE(.BOTH.,#10871);
#10873=PRESENTATION_STYLE_ASSIGNMENT((#10872));
#10874=STYLED_ITEM('',(#10873),#10867);
#10875=CARTESIAN_POINT('',(-1.5E-1,1.37E-1,1.015E-1));
#10876=DIRECTION('',(0.E0,1.E0,0.E0));
#10877=DIRECTION('',(1.E0,0.E0,0.E0));
#10878=AXIS2_PLACEMENT_3D('',#10875,#10876,#10877);
#10879=PLANE('3852',#10878);
#10880=ORIENTED_EDGE('4167',*,*,#10799,.F.);
#10881=ORIENTED_EDGE('4168',*,*,#10821,.F.);
#10882=ORIENTED_EDGE('4163',*,*,#10842,.T.);
#10883=ORIENTED_EDGE('4165',*,*,#10860,.T.);
#10884=EDGE_LOOP('3852',(#10880,#10881,#10882,#10883));
#10885=FACE_OUTER_BOUND('3852',#10884,.F.);
#10887=FILL_AREA_STYLE_COLOUR('',#152);
#10888=FILL_AREA_STYLE('',(#10887));
#10889=SURFACE_STYLE_FILL_AREA(#10888);
#10890=SURFACE_SIDE_STYLE('',(#10889));
#10891=SURFACE_STYLE_USAGE(.BOTH.,#10890);
#10892=PRESENTATION_STYLE_ASSIGNMENT((#10891));
#10893=STYLED_ITEM('',(#10892),#10886);
#10894=CARTESIAN_POINT('',(-2.5E-1,-9.550000000003E-2,8.9E-2));
#10895=DIRECTION('',(0.E0,0.E0,1.E0));
#10896=DIRECTION('',(-1.E0,0.E0,0.E0));
#10897=AXIS2_PLACEMENT_3D('',#10894,#10895,#10896);
#10898=PLANE('3861',#10897);
#10899=ORIENTED_EDGE('4750',*,*,#4911,.T.);
#10901=ORIENTED_EDGE('4760',*,*,#10900,.F.);
#10903=ORIENTED_EDGE('4177',*,*,#10902,.T.);
#10905=ORIENTED_EDGE('4759',*,*,#10904,.F.);
#10906=EDGE_LOOP('3861',(#10899,#10901,#10903,#10905));
#10907=FACE_OUTER_BOUND('3861',#10906,.F.);
#10909=FILL_AREA_STYLE_COLOUR('',#152);
#10910=FILL_AREA_STYLE('',(#10909));
#10911=SURFACE_STYLE_FILL_AREA(#10910);
#10912=SURFACE_SIDE_STYLE('',(#10911));
#10913=SURFACE_STYLE_USAGE(.BOTH.,#10912);
#10914=PRESENTATION_STYLE_ASSIGNMENT((#10913));
#10915=STYLED_ITEM('',(#10914),#10908);
#10916=CARTESIAN_POINT('',(-2.5E-1,-9.550000000003E-2,8.9E-2));
#10917=DIRECTION('',(0.E0,0.E0,1.E0));
#10918=DIRECTION('',(-1.E0,0.E0,0.E0));
#10919=AXIS2_PLACEMENT_3D('',#10916,#10917,#10918);
#10920=PLANE('3861',#10919);
#10921=ORIENTED_EDGE('4754',*,*,#4497,.F.);
#10923=ORIENTED_EDGE('4758',*,*,#10922,.F.);
#10925=ORIENTED_EDGE('4181',*,*,#10924,.F.);
#10927=ORIENTED_EDGE('4761',*,*,#10926,.F.);
#10928=EDGE_LOOP('3861',(#10921,#10923,#10925,#10927));
#10929=FACE_OUTER_BOUND('3861',#10928,.F.);
#10931=FILL_AREA_STYLE_COLOUR('',#152);
#10932=FILL_AREA_STYLE('',(#10931));
#10933=SURFACE_STYLE_FILL_AREA(#10932);
#10934=SURFACE_SIDE_STYLE('',(#10933));
#10935=SURFACE_STYLE_USAGE(.POSITIVE.,#10934);
#10936=PRESENTATION_STYLE_ASSIGNMENT((#10935));
#10937=STYLED_ITEM('',(#10936),#10930);
#10938=CARTESIAN_POINT('',(-2.625E-1,-9.550000000003E-2,1.015E-1));
#10939=DIRECTION('',(1.E0,0.E0,0.E0));
#10940=DIRECTION('',(0.E0,0.E0,1.E0));
#10941=AXIS2_PLACEMENT_3D('',#10938,#10939,#10940);
#10942=PLANE('3866',#10941);
#10943=ORIENTED_EDGE('4751',*,*,#4917,.T.);
#10945=ORIENTED_EDGE('4764',*,*,#10944,.F.);
#10947=ORIENTED_EDGE('4189',*,*,#10946,.T.);
#10948=ORIENTED_EDGE('4760',*,*,#10900,.T.);
#10949=EDGE_LOOP('3866',(#10943,#10945,#10947,#10948));
#10950=FACE_OUTER_BOUND('3866',#10949,.F.);
#10952=FILL_AREA_STYLE_COLOUR('',#152);
#10953=FILL_AREA_STYLE('',(#10952));
#10954=SURFACE_STYLE_FILL_AREA(#10953);
#10955=SURFACE_SIDE_STYLE('',(#10954));
#10956=SURFACE_STYLE_USAGE(.BOTH.,#10955);
#10957=PRESENTATION_STYLE_ASSIGNMENT((#10956));
#10958=STYLED_ITEM('',(#10957),#10951);
#10959=CARTESIAN_POINT('',(-2.625E-1,-9.550000000003E-2,1.015E-1));
#10960=DIRECTION('',(1.E0,0.E0,0.E0));
#10961=DIRECTION('',(0.E0,0.E0,1.E0));
#10962=AXIS2_PLACEMENT_3D('',#10959,#10960,#10961);
#10963=PLANE('3866',#10962);
#10964=ORIENTED_EDGE('4755',*,*,#4499,.F.);
#10965=ORIENTED_EDGE('4761',*,*,#10926,.T.);
#10967=ORIENTED_EDGE('4190',*,*,#10966,.F.);
#10969=ORIENTED_EDGE('4765',*,*,#10968,.F.);
#10970=EDGE_LOOP('3866',(#10964,#10965,#10967,#10969));
#10971=FACE_OUTER_BOUND('3866',#10970,.F.);
#10973=FILL_AREA_STYLE_COLOUR('',#152);
#10974=FILL_AREA_STYLE('',(#10973));
#10975=SURFACE_STYLE_FILL_AREA(#10974);
#10976=SURFACE_SIDE_STYLE('',(#10975));
#10977=SURFACE_STYLE_USAGE(.POSITIVE.,#10976);
#10978=PRESENTATION_STYLE_ASSIGNMENT((#10977));
#10979=STYLED_ITEM('',(#10978),#10972);
#10980=CARTESIAN_POINT('',(-2.5E-1,-9.550000000003E-2,1.14E-1));
#10981=DIRECTION('',(0.E0,0.E0,1.E0));
#10982=DIRECTION('',(1.E0,0.E0,0.E0));
#10983=AXIS2_PLACEMENT_3D('',#10980,#10981,#10982);
#10984=PLANE('3872',#10983);
#10985=ORIENTED_EDGE('4753',*,*,#4915,.T.);
#10987=ORIENTED_EDGE('4763',*,*,#10986,.T.);
#10989=ORIENTED_EDGE('4188',*,*,#10988,.T.);
#10990=ORIENTED_EDGE('4764',*,*,#10944,.T.);
#10991=EDGE_LOOP('3872',(#10985,#10987,#10989,#10990));
#10992=FACE_OUTER_BOUND('3872',#10991,.F.);
#10994=FILL_AREA_STYLE_COLOUR('',#152);
#10995=FILL_AREA_STYLE('',(#10994));
#10996=SURFACE_STYLE_FILL_AREA(#10995);
#10997=SURFACE_SIDE_STYLE('',(#10996));
#10998=SURFACE_STYLE_USAGE(.BOTH.,#10997);
#10999=PRESENTATION_STYLE_ASSIGNMENT((#10998));
#11000=STYLED_ITEM('',(#10999),#10993);
#11001=CARTESIAN_POINT('',(-2.5E-1,-9.550000000003E-2,1.14E-1));
#11002=DIRECTION('',(0.E0,0.E0,1.E0));
#11003=DIRECTION('',(1.E0,0.E0,0.E0));
#11004=AXIS2_PLACEMENT_3D('',#11001,#11002,#11003);
#11005=PLANE('3872',#11004);
#11006=ORIENTED_EDGE('4757',*,*,#4501,.F.);
#11007=ORIENTED_EDGE('4765',*,*,#10968,.T.);
#11009=ORIENTED_EDGE('4200',*,*,#11008,.T.);
#11011=ORIENTED_EDGE('4762',*,*,#11010,.T.);
#11012=EDGE_LOOP('3872',(#11006,#11007,#11009,#11011));
#11013=FACE_OUTER_BOUND('3872',#11012,.F.);
#11015=FILL_AREA_STYLE_COLOUR('',#152);
#11016=FILL_AREA_STYLE('',(#11015));
#11017=SURFACE_STYLE_FILL_AREA(#11016);
#11018=SURFACE_SIDE_STYLE('',(#11017));
#11019=SURFACE_STYLE_USAGE(.POSITIVE.,#11018);
#11020=PRESENTATION_STYLE_ASSIGNMENT((#11019));
#11021=STYLED_ITEM('',(#11020),#11014);
#11022=CARTESIAN_POINT('',(-2.375E-1,-9.550000000003E-2,1.015E-1));
#11023=DIRECTION('',(1.E0,0.E0,0.E0));
#11024=DIRECTION('',(0.E0,0.E0,-1.E0));
#11025=AXIS2_PLACEMENT_3D('',#11022,#11023,#11024);
#11026=PLANE('3862',#11025);
#11027=ORIENTED_EDGE('4752',*,*,#4913,.T.);
#11028=ORIENTED_EDGE('4759',*,*,#10904,.T.);
#11030=ORIENTED_EDGE('4183',*,*,#11029,.F.);
#11031=ORIENTED_EDGE('4763',*,*,#10986,.F.);
#11032=EDGE_LOOP('3862',(#11027,#11028,#11030,#11031));
#11033=FACE_OUTER_BOUND('3862',#11032,.F.);
#11035=FILL_AREA_STYLE_COLOUR('',#152);
#11036=FILL_AREA_STYLE('',(#11035));
#11037=SURFACE_STYLE_FILL_AREA(#11036);
#11038=SURFACE_SIDE_STYLE('',(#11037));
#11039=SURFACE_STYLE_USAGE(.BOTH.,#11038);
#11040=PRESENTATION_STYLE_ASSIGNMENT((#11039));
#11041=STYLED_ITEM('',(#11040),#11034);
#11042=CARTESIAN_POINT('',(-2.375E-1,-9.550000000003E-2,1.015E-1));
#11043=DIRECTION('',(1.E0,0.E0,0.E0));
#11044=DIRECTION('',(0.E0,0.E0,-1.E0));
#11045=AXIS2_PLACEMENT_3D('',#11042,#11043,#11044);
#11046=PLANE('3862',#11045);
#11047=ORIENTED_EDGE('4756',*,*,#4503,.F.);
#11048=ORIENTED_EDGE('4762',*,*,#11010,.F.);
#11050=ORIENTED_EDGE('4185',*,*,#11049,.F.);
#11051=ORIENTED_EDGE('4758',*,*,#10922,.T.);
#11052=EDGE_LOOP('3862',(#11047,#11048,#11050,#11051));
#11053=FACE_OUTER_BOUND('3862',#11052,.F.);
#11055=FILL_AREA_STYLE_COLOUR('',#152);
#11056=FILL_AREA_STYLE('',(#11055));
#11057=SURFACE_STYLE_FILL_AREA(#11056);
#11058=SURFACE_SIDE_STYLE('',(#11057));
#11059=SURFACE_STYLE_USAGE(.POSITIVE.,#11058);
#11060=PRESENTATION_STYLE_ASSIGNMENT((#11059));
#11061=STYLED_ITEM('',(#11060),#11054);
#11062=CARTESIAN_POINT('',(-2.415E-1,-3.194219723180E-1,1.015E-1));
#11063=DIRECTION('',(9.063077870368E-1,-4.226182617403E-1,0.E0));
#11064=DIRECTION('',(0.E0,0.E0,-1.E0));
#11065=AXIS2_PLACEMENT_3D('',#11062,#11063,#11064);
#11066=PLANE('3863',#11065);
#11068=ORIENTED_EDGE('4174',*,*,#11067,.T.);
#11070=ORIENTED_EDGE('4186',*,*,#11069,.F.);
#11071=ORIENTED_EDGE('4183',*,*,#11029,.T.);
#11073=ORIENTED_EDGE('4179',*,*,#11072,.T.);
#11074=EDGE_LOOP('3863',(#11068,#11070,#11071,#11073));
#11075=FACE_OUTER_BOUND('3863',#11074,.F.);
#11077=FILL_AREA_STYLE_COLOUR('',#152);
#11078=FILL_AREA_STYLE('',(#11077));
#11079=SURFACE_STYLE_FILL_AREA(#11078);
#11080=SURFACE_SIDE_STYLE('',(#11079));
#11081=SURFACE_STYLE_USAGE(.BOTH.,#11080);
#11082=PRESENTATION_STYLE_ASSIGNMENT((#11081));
#11083=STYLED_ITEM('',(#11082),#11076);
#11084=CARTESIAN_POINT('',(-2.5E-1,-3.28E-1,1.015E-1));
#11085=DIRECTION('',(0.E0,1.E0,0.E0));
#11086=DIRECTION('',(1.E0,0.E0,0.E0));
#11087=AXIS2_PLACEMENT_3D('',#11084,#11085,#11086);
#11088=PLANE('3859',#11087);
#11090=ORIENTED_EDGE('4173',*,*,#11089,.F.);
#11092=ORIENTED_EDGE('4176',*,*,#11091,.F.);
#11094=ORIENTED_EDGE('4175',*,*,#11093,.F.);
#11095=ORIENTED_EDGE('4174',*,*,#11067,.F.);
#11096=EDGE_LOOP('3859',(#11090,#11092,#11094,#11095));
#11097=FACE_OUTER_BOUND('3859',#11096,.F.);
#11099=FILL_AREA_STYLE_COLOUR('',#152);
#11100=FILL_AREA_STYLE('',(#11099));
#11101=SURFACE_STYLE_FILL_AREA(#11100);
#11102=SURFACE_SIDE_STYLE('',(#11101));
#11103=SURFACE_STYLE_USAGE(.BOTH.,#11102);
#11104=PRESENTATION_STYLE_ASSIGNMENT((#11103));
#11105=STYLED_ITEM('',(#11104),#11098);
#11106=CARTESIAN_POINT('',(-2.5E-1,-3.194219723180E-1,9.3E-2));
#11107=DIRECTION('',(0.E0,4.226182617403E-1,9.063077870368E-1));
#11108=DIRECTION('',(-1.E0,0.E0,0.E0));
#11109=AXIS2_PLACEMENT_3D('',#11106,#11107,#11108);
#11110=PLANE('3860',#11109);
#11111=ORIENTED_EDGE('4177',*,*,#10902,.F.);
#11113=ORIENTED_EDGE('4178',*,*,#11112,.F.);
#11114=ORIENTED_EDGE('4173',*,*,#11089,.T.);
#11115=ORIENTED_EDGE('4179',*,*,#11072,.F.);
#11116=EDGE_LOOP('3860',(#11111,#11113,#11114,#11115));
#11117=FACE_OUTER_BOUND('3860',#11116,.F.);
#11119=FILL_AREA_STYLE_COLOUR('',#152);
#11120=FILL_AREA_STYLE('',(#11119));
#11121=SURFACE_STYLE_FILL_AREA(#11120);
#11122=SURFACE_SIDE_STYLE('',(#11121));
#11123=SURFACE_STYLE_USAGE(.BOTH.,#11122);
#11124=PRESENTATION_STYLE_ASSIGNMENT((#11123));
#11125=STYLED_ITEM('',(#11124),#11118);
#11126=CARTESIAN_POINT('',(-2.585E-1,-3.194219723180E-1,1.015E-1));
#11127=DIRECTION('',(9.063077870368E-1,4.226182617403E-1,0.E0));
#11128=DIRECTION('',(0.E0,0.E0,-1.E0));
#11129=AXIS2_PLACEMENT_3D('',#11126,#11127,#11128);
#11130=PLANE('3865',#11129);
#11131=ORIENTED_EDGE('4189',*,*,#10946,.F.);
#11133=ORIENTED_EDGE('4187',*,*,#11132,.T.);
#11134=ORIENTED_EDGE('4176',*,*,#11091,.T.);
#11135=ORIENTED_EDGE('4178',*,*,#11112,.T.);
#11136=EDGE_LOOP('3865',(#11131,#11133,#11134,#11135));
#11137=FACE_OUTER_BOUND('3865',#11136,.F.);
#11139=FILL_AREA_STYLE_COLOUR('',#152);
#11140=FILL_AREA_STYLE('',(#11139));
#11141=SURFACE_STYLE_FILL_AREA(#11140);
#11142=SURFACE_SIDE_STYLE('',(#11141));
#11143=SURFACE_STYLE_USAGE(.BOTH.,#11142);
#11144=PRESENTATION_STYLE_ASSIGNMENT((#11143));
#11145=STYLED_ITEM('',(#11144),#11138);
#11146=CARTESIAN_POINT('',(-2.5E-1,-3.194219723180E-1,1.1E-1));
#11147=DIRECTION('',(0.E0,-4.226182617403E-1,9.063077870368E-1));
#11148=DIRECTION('',(-1.E0,0.E0,0.E0));
#11149=AXIS2_PLACEMENT_3D('',#11146,#11147,#11148);
#11150=PLANE('3864',#11149);
#11151=ORIENTED_EDGE('4175',*,*,#11093,.T.);
#11152=ORIENTED_EDGE('4187',*,*,#11132,.F.);
#11153=ORIENTED_EDGE('4188',*,*,#10988,.F.);
#11154=ORIENTED_EDGE('4186',*,*,#11069,.T.);
#11155=EDGE_LOOP('3864',(#11151,#11152,#11153,#11154));
#11156=FACE_OUTER_BOUND('3864',#11155,.F.);
#11158=FILL_AREA_STYLE_COLOUR('',#152);
#11159=FILL_AREA_STYLE('',(#11158));
#11160=SURFACE_STYLE_FILL_AREA(#11159);
#11161=SURFACE_SIDE_STYLE('',(#11160));
#11162=SURFACE_STYLE_USAGE(.BOTH.,#11161);
#11163=PRESENTATION_STYLE_ASSIGNMENT((#11162));
#11164=STYLED_ITEM('',(#11163),#11157);
#11165=CARTESIAN_POINT('',(-2.415E-1,1.284219723180E-1,1.015E-1));
#11166=DIRECTION('',(9.063077870368E-1,4.226182617403E-1,0.E0));
#11167=DIRECTION('',(0.E0,0.E0,-1.E0));
#11168=AXIS2_PLACEMENT_3D('',#11165,#11166,#11167);
#11169=PLANE('3870',#11168);
#11170=ORIENTED_EDGE('4185',*,*,#11049,.T.);
#11172=ORIENTED_EDGE('4199',*,*,#11171,.F.);
#11174=ORIENTED_EDGE('4197',*,*,#11173,.T.);
#11176=ORIENTED_EDGE('4196',*,*,#11175,.T.);
#11177=EDGE_LOOP('3870',(#11170,#11172,#11174,#11176));
#11178=FACE_OUTER_BOUND('3870',#11177,.F.);
#11180=FILL_AREA_STYLE_COLOUR('',#152);
#11181=FILL_AREA_STYLE('',(#11180));
#11182=SURFACE_STYLE_FILL_AREA(#11181);
#11183=SURFACE_SIDE_STYLE('',(#11182));
#11184=SURFACE_STYLE_USAGE(.BOTH.,#11183);
#11185=PRESENTATION_STYLE_ASSIGNMENT((#11184));
#11186=STYLED_ITEM('',(#11185),#11179);
#11187=CARTESIAN_POINT('',(-2.5E-1,1.284219723180E-1,1.1E-1));
#11188=DIRECTION('',(0.E0,4.226182617403E-1,9.063077870368E-1));
#11189=DIRECTION('',(-1.E0,0.E0,0.E0));
#11190=AXIS2_PLACEMENT_3D('',#11187,#11188,#11189);
#11191=PLANE('3871',#11190);
#11192=ORIENTED_EDGE('4200',*,*,#11008,.F.);
#11194=ORIENTED_EDGE('4194',*,*,#11193,.T.);
#11196=ORIENTED_EDGE('4198',*,*,#11195,.T.);
#11197=ORIENTED_EDGE('4199',*,*,#11171,.T.);
#11198=EDGE_LOOP('3871',(#11192,#11194,#11196,#11197));
#11199=FACE_OUTER_BOUND('3871',#11198,.F.);
#11201=FILL_AREA_STYLE_COLOUR('',#152);
#11202=FILL_AREA_STYLE('',(#11201));
#11203=SURFACE_STYLE_FILL_AREA(#11202);
#11204=SURFACE_SIDE_STYLE('',(#11203));
#11205=SURFACE_STYLE_USAGE(.BOTH.,#11204);
#11206=PRESENTATION_STYLE_ASSIGNMENT((#11205));
#11207=STYLED_ITEM('',(#11206),#11200);
#11208=CARTESIAN_POINT('',(-2.585E-1,1.284219723180E-1,1.015E-1));
#11209=DIRECTION('',(9.063077870368E-1,-4.226182617403E-1,0.E0));
#11210=DIRECTION('',(0.E0,0.E0,-1.E0));
#11211=AXIS2_PLACEMENT_3D('',#11208,#11209,#11210);
#11212=PLANE('3867',#11211);
#11213=ORIENTED_EDGE('4190',*,*,#10966,.T.);
#11215=ORIENTED_EDGE('4192',*,*,#11214,.F.);
#11217=ORIENTED_EDGE('4193',*,*,#11216,.F.);
#11218=ORIENTED_EDGE('4194',*,*,#11193,.F.);
#11219=EDGE_LOOP('3867',(#11213,#11215,#11217,#11218));
#11220=FACE_OUTER_BOUND('3867',#11219,.F.);
#11222=FILL_AREA_STYLE_COLOUR('',#152);
#11223=FILL_AREA_STYLE('',(#11222));
#11224=SURFACE_STYLE_FILL_AREA(#11223);
#11225=SURFACE_SIDE_STYLE('',(#11224));
#11226=SURFACE_STYLE_USAGE(.BOTH.,#11225);
#11227=PRESENTATION_STYLE_ASSIGNMENT((#11226));
#11228=STYLED_ITEM('',(#11227),#11221);
#11229=CARTESIAN_POINT('',(-2.5E-1,1.284219723180E-1,9.3E-2));
#11230=DIRECTION('',(0.E0,-4.226182617403E-1,9.063077870368E-1));
#11231=DIRECTION('',(-1.E0,0.E0,0.E0));
#11232=AXIS2_PLACEMENT_3D('',#11229,#11230,#11231);
#11233=PLANE('3868',#11232);
#11235=ORIENTED_EDGE('4195',*,*,#11234,.F.);
#11236=ORIENTED_EDGE('4192',*,*,#11214,.T.);
#11237=ORIENTED_EDGE('4181',*,*,#10924,.T.);
#11238=ORIENTED_EDGE('4196',*,*,#11175,.F.);
#11239=EDGE_LOOP('3868',(#11235,#11236,#11237,#11238));
#11240=FACE_OUTER_BOUND('3868',#11239,.F.);
#11242=FILL_AREA_STYLE_COLOUR('',#152);
#11243=FILL_AREA_STYLE('',(#11242));
#11244=SURFACE_STYLE_FILL_AREA(#11243);
#11245=SURFACE_SIDE_STYLE('',(#11244));
#11246=SURFACE_STYLE_USAGE(.BOTH.,#11245);
#11247=PRESENTATION_STYLE_ASSIGNMENT((#11246));
#11248=STYLED_ITEM('',(#11247),#11241);
#11249=CARTESIAN_POINT('',(-2.5E-1,1.37E-1,1.015E-1));
#11250=DIRECTION('',(0.E0,1.E0,0.E0));
#11251=DIRECTION('',(1.E0,0.E0,0.E0));
#11252=AXIS2_PLACEMENT_3D('',#11249,#11250,#11251);
#11253=PLANE('3869',#11252);
#11254=ORIENTED_EDGE('4197',*,*,#11173,.F.);
#11255=ORIENTED_EDGE('4198',*,*,#11195,.F.);
#11256=ORIENTED_EDGE('4193',*,*,#11216,.T.);
#11257=ORIENTED_EDGE('4195',*,*,#11234,.T.);
#11258=EDGE_LOOP('3869',(#11254,#11255,#11256,#11257));
#11259=FACE_OUTER_BOUND('3869',#11258,.F.);
#11261=FILL_AREA_STYLE_COLOUR('',#152);
#11262=FILL_AREA_STYLE('',(#11261));
#11263=SURFACE_STYLE_FILL_AREA(#11262);
#11264=SURFACE_SIDE_STYLE('',(#11263));
#11265=SURFACE_STYLE_USAGE(.BOTH.,#11264);
#11266=PRESENTATION_STYLE_ASSIGNMENT((#11265));
#11267=STYLED_ITEM('',(#11266),#11260);
#11268=CARTESIAN_POINT('',(1.8E-1,4.25E-2,2.735E-1));
#11269=DIRECTION('',(1.E0,0.E0,0.E0));
#11270=DIRECTION('',(0.E0,1.E0,0.E0));
#11271=AXIS2_PLACEMENT_3D('',#11268,#11269,#11270);
#11272=PLANE('3702',#11271);
#11273=ORIENTED_EDGE('4254',*,*,#4646,.F.);
#11274=ORIENTED_EDGE('4400',*,*,#4300,.F.);
#11275=ORIENTED_EDGE('4501',*,*,#4522,.F.);
#11276=ORIENTED_EDGE('4511',*,*,#4544,.T.);
#11277=ORIENTED_EDGE('4521',*,*,#4566,.F.);
#11278=ORIENTED_EDGE('4530',*,*,#4588,.T.);
#11279=ORIENTED_EDGE('4330',*,*,#4610,.F.);
#11280=EDGE_LOOP('3702',(#11273,#11274,#11275,#11276,#11277,#11278,#11279));
#11281=FACE_OUTER_BOUND('3702',#11280,.F.);
#11283=FILL_AREA_STYLE_COLOUR('',#183);
#11284=FILL_AREA_STYLE('',(#11283));
#11285=SURFACE_STYLE_FILL_AREA(#11284);
#11286=SURFACE_SIDE_STYLE('',(#11285));
#11287=SURFACE_STYLE_USAGE(.BOTH.,#11286);
#11288=PRESENTATION_STYLE_ASSIGNMENT((#11287));
#11289=STYLED_ITEM('',(#11288),#11282);
#11290=CLOSED_SHELL('',(#4237,#4259,#4285,#4507,#4529,#4551,#4573,#4595,#4617,
#4650,#4676,#4697,#4921,#4942,#4961,#4990,#5011,#5037,#5059,#5079,#5099,#5118,
#5141,#5162,#5189,#5225,#5246,#5268,#5292,#5319,#5340,#5361,#5390,#5410,#5430,
#5450,#5480,#5501,#5528,#5558,#5578,#5600,#5622,#5651,#5672,#5693,#5714,#5735,
#5756,#5781,#5803,#5823,#5843,#5863,#5883,#5903,#5923,#5943,#5970,#5999,#6020,
#6042,#6061,#6080,#6101,#6127,#6147,#6167,#6187,#6206,#6225,#6246,#6267,#6287,
#6306,#6326,#6346,#6366,#6385,#6406,#6426,#6448,#6468,#6487,#6507,#6527,#6547,
#6567,#6586,#6612,#6632,#6652,#6672,#6691,#6712,#6733,#6753,#6772,#6794,#6816,
#6837,#6858,#6879,#6900,#6920,#6940,#6962,#6984,#7004,#7024,#7043,#7065,#7086,
#7107,#7127,#7146,#7168,#7190,#7211,#7232,#7253,#7274,#7294,#7314,#7336,#7358,
#7378,#7398,#7417,#7439,#7460,#7481,#7501,#7520,#7542,#7564,#7585,#7606,#7627,
#7648,#7668,#7688,#7710,#7732,#7752,#7772,#7791,#7813,#7834,#7855,#7875,#7894,
#7916,#7938,#7959,#7980,#8001,#8022,#8042,#8062,#8084,#8106,#8126,#8146,#8165,
#8187,#8208,#8229,#8249,#8268,#8290,#8312,#8333,#8354,#8375,#8396,#8416,#8436,
#8458,#8480,#8500,#8520,#8539,#8561,#8582,#8603,#8623,#8642,#8664,#8686,#8707,
#8728,#8749,#8770,#8790,#8810,#8832,#8854,#8874,#8894,#8913,#8935,#8956,#8977,
#8997,#9016,#9038,#9060,#9081,#9102,#9123,#9144,#9164,#9184,#9206,#9228,#9248,
#9268,#9287,#9309,#9330,#9351,#9371,#9390,#9412,#9434,#9455,#9476,#9497,#9518,
#9538,#9558,#9580,#9602,#9622,#9642,#9661,#9683,#9704,#9725,#9745,#9764,#9786,
#9808,#9829,#9850,#9871,#9892,#9912,#9932,#9954,#9976,#9996,#10016,#10035,
#10057,#10078,#10099,#10119,#10138,#10160,#10182,#10203,#10224,#10245,#10266,
#10286,#10306,#10328,#10350,#10370,#10390,#10409,#10431,#10452,#10473,#10493,
#10512,#10534,#10556,#10577,#10598,#10619,#10640,#10660,#10680,#10702,#10724,
#10744,#10764,#10783,#10805,#10826,#10847,#10867,#10886,#10908,#10930,#10951,
#10972,#10993,#11014,#11034,#11054,#11076,#11098,#11118,#11138,#11157,#11179,
#11200,#11221,#11241,#11260,#11282));
#11291=MANIFOLD_SOLID_BREP('',#11290);
#11292=PRESENTATION_LAYER_ASSIGNMENT('COLOR11','',(#11291));
#11294=LENGTH_MEASURE_WITH_UNIT(LENGTH_MEASURE(2.54E1),#11293);
#11295=(CONVERSION_BASED_UNIT('INCH',#11294)LENGTH_UNIT()NAMED_UNIT(*));
#11297=PLANE_ANGLE_MEASURE_WITH_UNIT(PLANE_ANGLE_MEASURE(1.745329251994E-2),
#11296);
#11298=(CONVERSION_BASED_UNIT('DEGREE',#11297)NAMED_UNIT(*)PLANE_ANGLE_UNIT());
#11300=UNCERTAINTY_MEASURE_WITH_UNIT(LENGTH_MEASURE(8.468350962987E-5),#11295,
'distance_accuracy_value',
'Maximum model space distance between geometric entities at asserted connectivities');
#11303=MECHANICAL_DESIGN_GEOMETRIC_PRESENTATION_REPRESENTATION('',(#4244,#4266,
#4292,#4514,#4536,#4558,#4580,#4602,#4624,#4657,#4683,#4704,#4928,#4949,#4968,
#4997,#5018,#5044,#5066,#5086,#5106,#5125,#5148,#5169,#5196,#5232,#5253,#5275,
#5299,#5326,#5347,#5368,#5397,#5417,#5437,#5457,#5487,#5508,#5535,#5565,#5585,
#5607,#5629,#5658,#5679,#5700,#5721,#5742,#5763,#5788,#5810,#5830,#5850,#5870,
#5890,#5910,#5930,#5950,#5977,#6006,#6027,#6049,#6068,#6087,#6108,#6134,#6154,
#6174,#6194,#6213,#6232,#6253,#6274,#6294,#6313,#6333,#6353,#6373,#6392,#6413,
#6433,#6455,#6475,#6494,#6514,#6534,#6554,#6574,#6593,#6619,#6639,#6659,#6679,
#6698,#6719,#6740,#6760,#6779,#6801,#6823,#6844,#6865,#6886,#6907,#6927,#6947,
#6969,#6991,#7011,#7031,#7050,#7072,#7093,#7114,#7134,#7153,#7175,#7197,#7218,
#7239,#7260,#7281,#7301,#7321,#7343,#7365,#7385,#7405,#7424,#7446,#7467,#7488,
#7508,#7527,#7549,#7571,#7592,#7613,#7634,#7655,#7675,#7695,#7717,#7739,#7759,
#7779,#7798,#7820,#7841,#7862,#7882,#7901,#7923,#7945,#7966,#7987,#8008,#8029,
#8049,#8069,#8091,#8113,#8133,#8153,#8172,#8194,#8215,#8236,#8256,#8275,#8297,
#8319,#8340,#8361,#8382,#8403,#8423,#8443,#8465,#8487,#8507,#8527,#8546,#8568,
#8589,#8610,#8630,#8649,#8671,#8693,#8714,#8735,#8756,#8777,#8797,#8817,#8839,
#8861,#8881,#8901,#8920,#8942,#8963,#8984,#9004,#9023,#9045,#9067,#9088,#9109,
#9130,#9151,#9171,#9191,#9213,#9235,#9255,#9275,#9294,#9316,#9337,#9358,#9378,
#9397,#9419,#9441,#9462,#9483,#9504,#9525,#9545,#9565,#9587,#9609,#9629,#9649,
#9668,#9690,#9711,#9732,#9752,#9771,#9793,#9815,#9836,#9857,#9878,#9899,#9919,
#9939,#9961,#9983,#10003,#10023,#10042,#10064,#10085,#10106,#10126,#10145,
#10167,#10189,#10210,#10231,#10252,#10273,#10293,#10313,#10335,#10357,#10377,
#10397,#10416,#10438,#10459,#10480,#10500,#10519,#10541,#10563,#10584,#10605,
#10626,#10647,#10667,#10687,#10709,#10731,#10751,#10771,#10790,#10812,#10833,
#10854,#10874,#10893,#10915,#10937,#10958,#10979,#11000,#11021,#11041,#11061,
#11083,#11105,#11125,#11145,#11164,#11186,#11207,#11228,#11248,#11267,#11289),
#11301);
#11304=APPLICATION_CONTEXT('automotive_design');
#11305=APPLICATION_PROTOCOL_DEFINITION('international standard',
'automotive_design',2001,#11304);
#11306=PRODUCT_DEFINITION_CONTEXT('part definition',#11304,'design');
#11307=PRODUCT_CONTEXT('',#11304,'mechanical');
#11308=PRODUCT('69168-X12','69168-X12','NOT SPECIFIED',(#11307));
#11309=PRODUCT_DEFINITION_FORMATION('1','LAST_VERSION',#11308);
#11317=LENGTH_MEASURE_WITH_UNIT(LENGTH_MEASURE(2.54E1),#11316);
#11318=(CONVERSION_BASED_UNIT('INCH',#11317)LENGTH_UNIT()NAMED_UNIT(*));
#11319=DERIVED_UNIT_ELEMENT(#11318,2.E0);
#11320=DERIVED_UNIT((#11319));
#11321=MEASURE_REPRESENTATION_ITEM('surface area measure',AREA_MEASURE(
1.693545004316E0),#11320);
#11326=LENGTH_MEASURE_WITH_UNIT(LENGTH_MEASURE(2.54E1),#11325);
#11327=(CONVERSION_BASED_UNIT('INCH',#11326)LENGTH_UNIT()NAMED_UNIT(*));
#11328=DERIVED_UNIT_ELEMENT(#11327,3.E0);
#11329=DERIVED_UNIT((#11328));
#11330=MEASURE_REPRESENTATION_ITEM('volume measure',VOLUME_MEASURE(
3.064845820907E-2),#11329);
#11334=CARTESIAN_POINT('centre point',(-3.899694664798E-9,-6.082066767637E-2,
1.395888913653E-1));
#11339=LENGTH_MEASURE_WITH_UNIT(LENGTH_MEASURE(2.54E1),#11338);
#11340=(CONVERSION_BASED_UNIT('INCH',#11339)LENGTH_UNIT()NAMED_UNIT(*));
#11341=DERIVED_UNIT_ELEMENT(#11340,2.E0);
#11342=DERIVED_UNIT((#11341));
#11343=MEASURE_REPRESENTATION_ITEM('surface area measure',AREA_MEASURE(
1.693545004316E0),#11342);
#11348=LENGTH_MEASURE_WITH_UNIT(LENGTH_MEASURE(2.54E1),#11347);
#11349=(CONVERSION_BASED_UNIT('INCH',#11348)LENGTH_UNIT()NAMED_UNIT(*));
#11350=DERIVED_UNIT_ELEMENT(#11349,3.E0);
#11351=DERIVED_UNIT((#11350));
#11352=MEASURE_REPRESENTATION_ITEM('volume measure',VOLUME_MEASURE(
3.064845820907E-2),#11351);
#11356=CARTESIAN_POINT('centre point',(-3.899694664798E-9,-6.082066767637E-2,
1.395888913653E-1));
#11361=PRODUCT_RELATED_PRODUCT_CATEGORY('part','',(#11308));
#11363=GENERAL_PROPERTY('','PDMREV','user defined attribute');
#11364=GENERAL_PROPERTY_ASSOCIATION('user defined attribute','',#11363,#11362);
#11365=DESCRIPTIVE_REPRESENTATION_ITEM('PDMREV','0+');
#11369=GENERAL_PROPERTY('','PDMDB','user defined attribute');
#11370=GENERAL_PROPERTY_ASSOCIATION('user defined attribute','',#11369,#11368);
#11371=DESCRIPTIVE_REPRESENTATION_ITEM('PDMDB','');
#11375=GENERAL_PROPERTY('','PDMRL','user defined attribute');
#11376=GENERAL_PROPERTY_ASSOCIATION('user defined attribute','',#11375,#11374);
#11377=DESCRIPTIVE_REPRESENTATION_ITEM('PDMRL','');
#11381=GENERAL_PROPERTY('','PROI_REVISION','user defined attribute');
#11382=GENERAL_PROPERTY_ASSOCIATION('user defined attribute','',#11381,#11380);
#11383=DESCRIPTIVE_REPRESENTATION_ITEM('PROI_REVISION','');
#11387=GENERAL_PROPERTY('','PROI_VERSION','user defined attribute');
#11388=GENERAL_PROPERTY_ASSOCIATION('user defined attribute','',#11387,#11386);
#11389=DESCRIPTIVE_REPRESENTATION_ITEM('PROI_VERSION','0');
#11393=GENERAL_PROPERTY('','PROI_BRANCH','user defined attribute');
#11394=GENERAL_PROPERTY_ASSOCIATION('user defined attribute','',#11393,#11392);
#11395=DESCRIPTIVE_REPRESENTATION_ITEM('PROI_BRANCH','');
#11399=GENERAL_PROPERTY('','PROI_RELEASE','user defined attribute');
#11400=GENERAL_PROPERTY_ASSOCIATION('user defined attribute','',#11399,#11398);
#11401=DESCRIPTIVE_REPRESENTATION_ITEM('PROI_RELEASE','');
#11405=GENERAL_PROPERTY('','PTC_MODIFIED','user defined attribute');
#11406=GENERAL_PROPERTY_ASSOCIATION('user defined attribute','',#11405,#11404);
#11407=DESCRIPTIVE_REPRESENTATION_ITEM('PTC_MODIFIED','NO');
#11410=DESCRIPTIVE_REPRESENTATION_ITEM('attribute description','Yes No');
#11415=GENERAL_PROPERTY('','PROI_CREATED_BY','user defined attribute');
#11416=GENERAL_PROPERTY_ASSOCIATION('user defined attribute','',#11415,#11414);
#11417=DESCRIPTIVE_REPRESENTATION_ITEM('PROI_CREATED_BY','');
#11421=GENERAL_PROPERTY('','PROI_CREATED_ON','user defined attribute');
#11422=GENERAL_PROPERTY_ASSOCIATION('user defined attribute','',#11421,#11420);
#11423=DESCRIPTIVE_REPRESENTATION_ITEM('PROI_CREATED_ON',
'06/03/2010 03:16:46 PM');
#11427=GENERAL_PROPERTY('','PROI_LOCATION','user defined attribute');
#11428=GENERAL_PROPERTY_ASSOCIATION('user defined attribute','',#11427,#11426);
#11429=DESCRIPTIVE_REPRESENTATION_ITEM('PROI_LOCATION','');
#11433=GENERAL_PROPERTY('','PTC_ORGANIZATION_ID','user defined attribute');
#11434=GENERAL_PROPERTY_ASSOCIATION('user defined attribute','',#11433,#11432);
#11435=DESCRIPTIVE_REPRESENTATION_ITEM('PTC_ORGANIZATION_ID',
'CDC ProjectLink Pilot');
#11439=GENERAL_PROPERTY('','PTC_WM_REVISION','user defined attribute');
#11440=GENERAL_PROPERTY_ASSOCIATION('user defined attribute','',#11439,#11438);
#11441=DESCRIPTIVE_REPRESENTATION_ITEM('PTC_WM_REVISION','N');
#11445=GENERAL_PROPERTY('','PTC_WM_ITERATION','user defined attribute');
#11446=GENERAL_PROPERTY_ASSOCIATION('user defined attribute','',#11445,#11444);
#11447=DESCRIPTIVE_REPRESENTATION_ITEM('PTC_WM_ITERATION','2');
#11451=GENERAL_PROPERTY('','PTC_WM_VERSION','user defined attribute');
#11452=GENERAL_PROPERTY_ASSOCIATION('user defined attribute','',#11451,#11450);
#11453=DESCRIPTIVE_REPRESENTATION_ITEM('PTC_WM_VERSION','N.2');
#11457=GENERAL_PROPERTY('','PTC_WM_LIFECYCLE_STATE','user defined attribute');
#11458=GENERAL_PROPERTY_ASSOCIATION('user defined attribute','',#11457,#11456);
#11459=DESCRIPTIVE_REPRESENTATION_ITEM('PTC_WM_LIFECYCLE_STATE','Released');
#11463=GENERAL_PROPERTY('','PTC_WM_LIFECYCLE','user defined attribute');
#11464=GENERAL_PROPERTY_ASSOCIATION('user defined attribute','',#11463,#11462);
#11465=DESCRIPTIVE_REPRESENTATION_ITEM('PTC_WM_LIFECYCLE',
'FCI-ELX_EPMDocument_LF');
#11469=GENERAL_PROPERTY('','PTC_WM_LOCATION','user defined attribute');
#11470=GENERAL_PROPERTY_ASSOCIATION('user defined attribute','',#11469,#11468);
#11471=DESCRIPTIVE_REPRESENTATION_ITEM('PTC_WM_LOCATION',
'/Products/HPL 679 - PV/BERGCON HEADER-5NCF/CAD');
#11475=GENERAL_PROPERTY('','PTC_WM_CREATED_BY','user defined attribute');
#11476=GENERAL_PROPERTY_ASSOCIATION('user defined attribute','',#11475,#11474);
#11477=DESCRIPTIVE_REPRESENTATION_ITEM('PTC_WM_CREATED_BY',
'David Shen (ShenD: CDC ProjectLink Pilot)');
#11481=GENERAL_PROPERTY('','PTC_WM_CREATED_ON','user defined attribute');
#11482=GENERAL_PROPERTY_ASSOCIATION('user defined attribute','',#11481,#11480);
#11483=DESCRIPTIVE_REPRESENTATION_ITEM('PTC_WM_CREATED_ON',
'04-Jun-10 03:39:52 AM');
#11487=GENERAL_PROPERTY('','PTC_WM_MODIFIED_BY','user defined attribute');
#11488=GENERAL_PROPERTY_ASSOCIATION('user defined attribute','',#11487,#11486);
#11489=DESCRIPTIVE_REPRESENTATION_ITEM('PTC_WM_MODIFIED_BY',
'wcadmin, wcadmin (Administrator: CDC ProjectLink Pilot)');
#11493=GENERAL_PROPERTY('','PTC_WM_MODIFIED_ON','user defined attribute');
#11494=GENERAL_PROPERTY_ASSOCIATION('user defined attribute','',#11493,#11492);
#11495=DESCRIPTIVE_REPRESENTATION_ITEM('PTC_WM_MODIFIED_ON',
'22-May-11 03:51:25 AM');
#11499=GENERAL_PROPERTY('','PTC_WM_TEAM','user defined attribute');
#11500=GENERAL_PROPERTY_ASSOCIATION('user defined attribute','',#11499,#11498);
#11501=DESCRIPTIVE_REPRESENTATION_ITEM('PTC_WM_TEAM','FCITeam');
#11505=GENERAL_PROPERTY('','DOCUMENT_TYPE','user defined attribute');
#11506=GENERAL_PROPERTY_ASSOCIATION('user defined attribute','',#11505,#11504);
#11507=DESCRIPTIVE_REPRESENTATION_ITEM('DOCUMENT_TYPE','-');
#1=DRAUGHTING_PRE_DEFINED_COLOUR('black');
#2=COLOUR_RGB('',0.E0,0.E0,2.E-1);
#3=COLOUR_RGB('',0.E0,0.E0,4.E-1);
#4=COLOUR_RGB('',0.E0,0.E0,6.E-1);
#5=COLOUR_RGB('',0.E0,0.E0,8.E-1);
#6=COLOUR_RGB('',0.E0,2.E-1,0.E0);
#7=COLOUR_RGB('',0.E0,2.E-1,2.E-1);
#8=COLOUR_RGB('',0.E0,2.E-1,4.E-1);
#9=COLOUR_RGB('',0.E0,2.E-1,6.E-1);
#10=COLOUR_RGB('',0.E0,2.E-1,8.E-1);
#11=COLOUR_RGB('',0.E0,4.E-1,0.E0);
#12=COLOUR_RGB('',0.E0,4.E-1,2.E-1);
#13=COLOUR_RGB('',0.E0,4.E-1,4.E-1);
#14=COLOUR_RGB('',0.E0,4.E-1,6.E-1);
#15=COLOUR_RGB('',0.E0,4.E-1,8.E-1);
#16=COLOUR_RGB('',0.E0,6.E-1,0.E0);
#17=COLOUR_RGB('',0.E0,6.E-1,2.E-1);
#18=COLOUR_RGB('',0.E0,6.E-1,4.E-1);
#19=COLOUR_RGB('',0.E0,6.E-1,6.E-1);
#20=COLOUR_RGB('',0.E0,6.E-1,8.E-1);
#21=COLOUR_RGB('',0.E0,8.E-1,0.E0);
#22=COLOUR_RGB('',0.E0,8.E-1,2.E-1);
#23=COLOUR_RGB('',0.E0,8.E-1,4.E-1);
#24=COLOUR_RGB('',0.E0,8.E-1,6.E-1);
#25=COLOUR_RGB('',0.E0,8.E-1,8.E-1);
#26=DRAUGHTING_PRE_DEFINED_COLOUR('green');
#27=COLOUR_RGB('',0.E0,1.E0,2.E-1);
#28=COLOUR_RGB('',0.E0,1.E0,4.E-1);
#29=COLOUR_RGB('',0.E0,1.E0,6.E-1);
#30=COLOUR_RGB('',0.E0,1.E0,8.E-1);
#31=COLOUR_RGB('',2.E-1,0.E0,0.E0);
#32=COLOUR_RGB('',2.E-1,0.E0,2.E-1);
#33=COLOUR_RGB('',2.E-1,0.E0,4.E-1);
#34=COLOUR_RGB('',2.E-1,0.E0,6.E-1);
#35=COLOUR_RGB('',2.E-1,0.E0,8.E-1);
#36=COLOUR_RGB('',2.E-1,2.E-1,0.E0);
#37=COLOUR_RGB('',2.E-1,2.E-1,2.E-1);
#38=COLOUR_RGB('',2.E-1,2.E-1,4.E-1);
#39=COLOUR_RGB('',2.E-1,2.E-1,6.E-1);
#40=COLOUR_RGB('',2.E-1,2.E-1,8.E-1);
#41=COLOUR_RGB('',2.E-1,4.E-1,0.E0);
#42=COLOUR_RGB('',2.E-1,4.E-1,2.E-1);
#43=COLOUR_RGB('',2.E-1,4.E-1,4.E-1);
#44=COLOUR_RGB('',2.E-1,4.E-1,6.E-1);
#45=COLOUR_RGB('',2.E-1,4.E-1,8.E-1);
#46=COLOUR_RGB('',2.E-1,6.E-1,0.E0);
#47=COLOUR_RGB('',2.E-1,6.E-1,2.E-1);
#48=COLOUR_RGB('',2.E-1,6.E-1,4.E-1);
#49=COLOUR_RGB('',2.E-1,6.E-1,6.E-1);
#50=COLOUR_RGB('',2.E-1,6.E-1,8.E-1);
#51=COLOUR_RGB('',2.E-1,8.E-1,0.E0);
#52=COLOUR_RGB('',2.E-1,8.E-1,2.E-1);
#53=COLOUR_RGB('',2.E-1,8.E-1,4.E-1);
#54=COLOUR_RGB('',2.E-1,8.E-1,6.E-1);
#55=COLOUR_RGB('',2.E-1,8.E-1,8.E-1);
#56=COLOUR_RGB('',2.E-1,1.E0,0.E0);
#57=COLOUR_RGB('',2.E-1,1.E0,2.E-1);
#58=COLOUR_RGB('',2.E-1,1.E0,4.E-1);
#59=COLOUR_RGB('',2.E-1,1.E0,6.E-1);
#60=COLOUR_RGB('',2.E-1,1.E0,8.E-1);
#61=COLOUR_RGB('',4.E-1,0.E0,0.E0);
#62=COLOUR_RGB('',4.E-1,0.E0,2.E-1);
#63=COLOUR_RGB('',4.E-1,0.E0,4.E-1);
#64=COLOUR_RGB('',4.E-1,0.E0,6.E-1);
#65=COLOUR_RGB('',4.E-1,0.E0,8.E-1);
#66=COLOUR_RGB('',4.E-1,2.E-1,0.E0);
#67=COLOUR_RGB('',4.E-1,2.E-1,2.E-1);
#68=COLOUR_RGB('',4.E-1,2.E-1,4.E-1);
#69=COLOUR_RGB('',4.E-1,2.E-1,6.E-1);
#70=COLOUR_RGB('',4.E-1,2.E-1,8.E-1);
#71=COLOUR_RGB('',4.E-1,4.E-1,0.E0);
#72=COLOUR_RGB('',4.E-1,4.E-1,2.E-1);
#73=COLOUR_RGB('',4.E-1,4.E-1,4.E-1);
#74=COLOUR_RGB('',4.E-1,4.E-1,6.E-1);
#75=COLOUR_RGB('',4.E-1,4.E-1,8.E-1);
#76=COLOUR_RGB('',4.E-1,6.E-1,0.E0);
#77=COLOUR_RGB('',4.E-1,6.E-1,2.E-1);
#78=COLOUR_RGB('',4.E-1,6.E-1,4.E-1);
#79=COLOUR_RGB('',4.E-1,6.E-1,6.E-1);
#80=COLOUR_RGB('',4.E-1,6.E-1,8.E-1);
#81=COLOUR_RGB('',4.E-1,8.E-1,0.E0);
#82=COLOUR_RGB('',4.E-1,8.E-1,2.E-1);
#83=COLOUR_RGB('',4.E-1,8.E-1,4.E-1);
#84=COLOUR_RGB('',4.E-1,8.E-1,6.E-1);
#85=COLOUR_RGB('',4.E-1,8.E-1,8.E-1);
#86=COLOUR_RGB('',4.E-1,1.E0,0.E0);
#87=COLOUR_RGB('',4.E-1,1.E0,2.E-1);
#88=COLOUR_RGB('',4.E-1,1.E0,4.E-1);
#89=COLOUR_RGB('',4.E-1,1.E0,6.E-1);
#90=COLOUR_RGB('',4.E-1,1.E0,8.E-1);
#91=COLOUR_RGB('',6.E-1,0.E0,0.E0);
#92=COLOUR_RGB('',6.E-1,0.E0,2.E-1);
#93=COLOUR_RGB('',6.E-1,0.E0,4.E-1);
#94=COLOUR_RGB('',6.E-1,0.E0,6.E-1);
#95=COLOUR_RGB('',6.E-1,0.E0,8.E-1);
#96=COLOUR_RGB('',6.E-1,2.E-1,0.E0);
#97=COLOUR_RGB('',6.E-1,2.E-1,2.E-1);
#98=COLOUR_RGB('',6.E-1,2.E-1,4.E-1);
#99=COLOUR_RGB('',6.E-1,2.E-1,6.E-1);
#100=COLOUR_RGB('',6.E-1,2.E-1,8.E-1);
#101=COLOUR_RGB('',6.E-1,4.E-1,0.E0);
#102=COLOUR_RGB('',6.E-1,4.E-1,2.E-1);
#103=COLOUR_RGB('',6.E-1,4.E-1,4.E-1);
#104=COLOUR_RGB('',6.E-1,4.E-1,6.E-1);
#105=COLOUR_RGB('',6.E-1,4.E-1,8.E-1);
#106=COLOUR_RGB('',6.E-1,6.E-1,0.E0);
#107=COLOUR_RGB('',6.E-1,6.E-1,2.E-1);
#108=COLOUR_RGB('',6.E-1,6.E-1,4.E-1);
#109=COLOUR_RGB('',6.E-1,6.E-1,6.E-1);
#110=COLOUR_RGB('',6.E-1,6.E-1,8.E-1);
#111=COLOUR_RGB('',6.E-1,8.E-1,0.E0);
#112=COLOUR_RGB('',6.E-1,8.E-1,2.E-1);
#113=COLOUR_RGB('',6.E-1,8.E-1,4.E-1);
#114=COLOUR_RGB('',6.E-1,8.E-1,6.E-1);
#115=COLOUR_RGB('',6.E-1,8.E-1,8.E-1);
#116=COLOUR_RGB('',6.E-1,1.E0,0.E0);
#117=COLOUR_RGB('',6.E-1,1.E0,2.E-1);
#118=COLOUR_RGB('',6.E-1,1.E0,4.E-1);
#119=COLOUR_RGB('',6.E-1,1.E0,6.E-1);
#120=COLOUR_RGB('',6.E-1,1.E0,8.E-1);
#121=COLOUR_RGB('',8.E-1,0.E0,0.E0);
#122=COLOUR_RGB('',8.E-1,0.E0,2.E-1);
#123=COLOUR_RGB('',8.E-1,0.E0,4.E-1);
#124=COLOUR_RGB('',8.E-1,0.E0,6.E-1);
#125=COLOUR_RGB('',8.E-1,0.E0,8.E-1);
#126=COLOUR_RGB('',8.E-1,2.E-1,0.E0);
#127=COLOUR_RGB('',8.E-1,2.E-1,2.E-1);
#128=COLOUR_RGB('',8.E-1,2.E-1,4.E-1);
#129=COLOUR_RGB('',8.E-1,2.E-1,6.E-1);
#130=COLOUR_RGB('',8.E-1,2.E-1,8.E-1);
#131=COLOUR_RGB('',8.E-1,4.E-1,0.E0);
#132=COLOUR_RGB('',8.E-1,4.E-1,2.E-1);
#133=COLOUR_RGB('',8.E-1,4.E-1,4.E-1);
#134=COLOUR_RGB('',8.E-1,4.E-1,6.E-1);
#135=COLOUR_RGB('',8.E-1,4.E-1,8.E-1);
#136=COLOUR_RGB('',8.E-1,6.E-1,0.E0);
#137=COLOUR_RGB('',8.E-1,6.E-1,2.E-1);
#138=COLOUR_RGB('',8.E-1,6.E-1,4.E-1);
#139=COLOUR_RGB('',8.E-1,6.E-1,6.E-1);
#140=COLOUR_RGB('',8.E-1,6.E-1,8.E-1);
#141=COLOUR_RGB('',8.E-1,8.E-1,0.E0);
#142=COLOUR_RGB('',8.E-1,8.E-1,2.E-1);
#143=COLOUR_RGB('',8.E-1,8.E-1,4.E-1);
#144=COLOUR_RGB('',8.E-1,8.E-1,6.E-1);
#145=COLOUR_RGB('',8.E-1,8.E-1,8.E-1);
#146=COLOUR_RGB('',8.E-1,1.E0,0.E0);
#147=COLOUR_RGB('',8.E-1,1.E0,2.E-1);
#148=COLOUR_RGB('',8.E-1,1.E0,4.E-1);
#149=COLOUR_RGB('',8.E-1,1.E0,6.E-1);
#150=COLOUR_RGB('',8.E-1,1.E0,8.E-1);
#151=COLOUR_RGB('',8.784E-1,9.49E-1,1.E0);
#152=COLOUR_RGB('',9.949494949495E-1,8.834089335200E-1,4.017959422970E-3);
#153=DRAUGHTING_PRE_DEFINED_COLOUR('red');
#154=COLOUR_RGB('',1.E0,0.E0,2.E-1);
#155=COLOUR_RGB('',1.E0,0.E0,4.E-1);
#156=COLOUR_RGB('',1.E0,0.E0,6.E-1);
#157=COLOUR_RGB('',1.E0,0.E0,8.E-1);
#158=COLOUR_RGB('',1.E0,2.E-1,0.E0);
#159=COLOUR_RGB('',1.E0,2.E-1,2.E-1);
#160=COLOUR_RGB('',1.E0,2.E-1,4.E-1);
#161=COLOUR_RGB('',1.E0,2.E-1,6.E-1);
#162=COLOUR_RGB('',1.E0,2.E-1,8.E-1);
#163=COLOUR_RGB('',1.E0,4.E-1,0.E0);
#164=COLOUR_RGB('',1.E0,4.E-1,2.E-1);
#165=COLOUR_RGB('',1.E0,4.E-1,4.E-1);
#166=COLOUR_RGB('',1.E0,4.E-1,6.E-1);
#167=COLOUR_RGB('',1.E0,4.E-1,8.E-1);
#168=COLOUR_RGB('',1.E0,6.E-1,0.E0);
#169=COLOUR_RGB('',1.E0,6.E-1,2.E-1);
#170=COLOUR_RGB('',1.E0,6.E-1,4.E-1);
#171=COLOUR_RGB('',1.E0,6.E-1,6.E-1);
#172=COLOUR_RGB('',1.E0,6.E-1,8.E-1);
#173=COLOUR_RGB('',1.E0,8.E-1,0.E0);
#174=COLOUR_RGB('',1.E0,8.E-1,2.E-1);
#175=COLOUR_RGB('',1.E0,8.E-1,4.E-1);
#176=COLOUR_RGB('',1.E0,8.E-1,6.E-1);
#177=COLOUR_RGB('',1.E0,8.E-1,8.E-1);
#178=DRAUGHTING_PRE_DEFINED_COLOUR('yellow');
#179=COLOUR_RGB('',1.E0,1.E0,2.E-1);
#180=COLOUR_RGB('',1.E0,1.E0,4.E-1);
#181=COLOUR_RGB('',1.E0,1.E0,6.E-1);
#182=COLOUR_RGB('',1.E0,1.E0,8.E-1);
#183=DRAUGHTING_PRE_DEFINED_COLOUR('white');
#204=CIRCLE('4398',#203,1.E-2);
#213=CIRCLE('4393',#212,1.E-2);
#230=CIRCLE('4390',#229,1.E-2);
#239=CIRCLE('4385',#238,1.E-2);
#540=CIRCLE('4281',#539,1.5E-2);
#549=CIRCLE('4282',#548,1.5E-2);
#558=CIRCLE('4283',#557,1.5E-2);
#567=CIRCLE('4284',#566,1.5E-2);
#576=CIRCLE('4285',#575,1.5E-2);
#585=CIRCLE('4286',#584,1.5E-2);
#602=CIRCLE('4293',#601,1.E-2);
#619=CIRCLE('4296',#618,1.E-2);
#636=CIRCLE('4299',#635,1.E-2);
#653=CIRCLE('4302',#652,1.E-2);
#670=CIRCLE('4305',#669,1.E-2);
#687=CIRCLE('4308',#686,1.E-2);
#972=CIRCLE('4329',#971,1.5E-2);
#1053=CIRCLE('4336',#1052,1.5E-2);
#1062=CIRCLE('4337',#1061,1.5E-2);
#1071=CIRCLE('4338',#1070,1.5E-2);
#1080=CIRCLE('4339',#1079,1.5E-2);
#1285=CIRCLE('4415',#1284,1.E-2);
#1438=CIRCLE('4474',#1437,1.E-2);
#1547=CIRCLE('4409',#1546,1.E-2);
#1592=CIRCLE('4350',#1591,1.5E-2);
#1689=CIRCLE('4479',#1688,1.E-2);
#4227=EDGE_CURVE('4209',#3656,#3657,#191,.T.);
#4229=EDGE_CURVE('4212',#3661,#3656,#535,.T.);
#4231=EDGE_CURVE('4211',#3659,#3661,#923,.T.);
#4233=EDGE_CURVE('4210',#3657,#3659,#976,.T.);
#4237=ADVANCED_FACE('3552',(#4236),#4226,.F.);
#4250=EDGE_CURVE('4238',#3713,#3715,#187,.T.);
#4252=EDGE_CURVE('4281',#3715,#3656,#540,.T.);
#4255=EDGE_CURVE('4329',#3657,#3713,#972,.T.);
#4259=ADVANCED_FACE('3597',(#4258),#4249,.T.);
#4272=EDGE_CURVE('4235',#3708,#3709,#263,.T.);
#4274=EDGE_CURVE('4240',#3717,#3708,#1012,.T.);
#4276=EDGE_CURVE('4239',#3715,#3717,#544,.T.);
#4279=EDGE_CURVE('4237',#3711,#3713,#967,.T.);
#4281=EDGE_CURVE('4236',#3711,#3709,#939,.T.);
#4285=ADVANCED_FACE('3558',(#4284),#4271,.F.);
#4298=EDGE_CURVE('4366',#3911,#3857,#467,.T.);
#4300=EDGE_CURVE('4400',#3911,#3745,#3249,.T.);
#4302=EDGE_CURVE('4253',#3743,#3745,#195,.T.);
#4304=EDGE_CURVE('4399',#3743,#3957,#199,.T.);
#4306=EDGE_CURVE('4398',#3957,#3955,#204,.T.);
#4308=EDGE_CURVE('4397',#3953,#3955,#1405,.T.);
#4310=EDGE_CURVE('4396',#3951,#3953,#1498,.T.);
#4312=EDGE_CURVE('4395',#3951,#3791,#1474,.T.);
#4314=EDGE_CURVE('4394',#3791,#3949,#208,.T.);
#4316=EDGE_CURVE('4393',#3949,#3947,#213,.T.);
#4318=EDGE_CURVE('4392',#3947,#3721,#217,.T.);
#4320=EDGE_CURVE('4241',#3720,#3721,#221,.T.);
#4322=EDGE_CURVE('4391',#3720,#3945,#225,.T.);
#4324=EDGE_CURVE('4390',#3945,#3943,#230,.T.);
#4326=EDGE_CURVE('4389',#3943,#3751,#234,.T.);
#4328=EDGE_CURVE('4388',#3751,#3941,#1369,.T.);
#4330=EDGE_CURVE('4387',#3939,#3941,#1321,.T.);
#4332=EDGE_CURVE('4386',#3937,#3939,#1289,.T.);
#4334=EDGE_CURVE('4385',#3937,#3935,#239,.T.);
#4336=EDGE_CURVE('4384',#3935,#3765,#243,.T.);
#4338=EDGE_CURVE('4263',#3763,#3765,#247,.T.);
#4340=EDGE_CURVE('4383',#3763,#3933,#1260,.T.);
#4342=EDGE_CURVE('4382',#3893,#3933,#1232,.T.);
#4344=EDGE_CURVE('4355',#3891,#3893,#251,.T.);
#4346=EDGE_CURVE('4381',#3891,#3931,#1200,.T.);
#4348=EDGE_CURVE('4380',#3931,#3929,#1188,.T.);
#4350=EDGE_CURVE('4379',#3929,#3901,#1176,.T.);
#4352=EDGE_CURVE('4365',#3909,#3901,#255,.T.);
#4354=EDGE_CURVE('4378',#3909,#3927,#1132,.T.);
#4356=EDGE_CURVE('4377',#3927,#3696,#1108,.T.);
#4358=EDGE_CURVE('4230',#3696,#3699,#259,.T.);
#4360=EDGE_CURVE('4376',#3699,#3925,#1084,.T.);
#4362=EDGE_CURVE('4375',#3925,#3923,#1648,.T.);
#4364=EDGE_CURVE('4374',#3923,#3921,#1672,.T.);
#4366=EDGE_CURVE('4373',#3921,#3919,#1032,.T.);
#4368=EDGE_CURVE('4372',#3919,#3708,#1016,.T.);
#4371=EDGE_CURVE('4371',#3709,#3917,#963,.T.);
#4373=EDGE_CURVE('4370',#3917,#3837,#931,.T.);
#4375=EDGE_CURVE('4314',#3835,#3837,#267,.T.);
#4377=EDGE_CURVE('4369',#3835,#3915,#895,.T.);
#4379=EDGE_CURVE('4368',#3915,#3913,#907,.T.);
#4381=EDGE_CURVE('4367',#3913,#3847,#527,.T.);
#4383=EDGE_CURVE('4326',#3857,#3847,#271,.T.);
#4387=EDGE_CURVE('4578',#4040,#4041,#275,.T.);
#4389=EDGE_CURVE('4579',#4041,#4043,#279,.T.);
#4391=EDGE_CURVE('4581',#4043,#4045,#283,.T.);
#4393=EDGE_CURVE('4580',#4045,#4040,#287,.T.);
#4397=EDGE_CURVE('4594',#4056,#4057,#291,.T.);
#4399=EDGE_CURVE('4595',#4057,#4059,#295,.T.);
#4401=EDGE_CURVE('4597',#4059,#4061,#299,.T.);
#4403=EDGE_CURVE('4596',#4061,#4056,#303,.T.);
#4407=EDGE_CURVE('4610',#4072,#4073,#307,.T.);
#4409=EDGE_CURVE('4611',#4073,#4075,#311,.T.);
#4411=EDGE_CURVE('4613',#4075,#4077,#315,.T.);
#4413=EDGE_CURVE('4612',#4077,#4072,#319,.T.);
#4417=EDGE_CURVE('4626',#4088,#4089,#323,.T.);
#4419=EDGE_CURVE('4627',#4089,#4091,#327,.T.);
#4421=EDGE_CURVE('4629',#4091,#4093,#331,.T.);
#4423=EDGE_CURVE('4628',#4093,#4088,#335,.T.);
#4427=EDGE_CURVE('4642',#4104,#4105,#339,.T.);
#4429=EDGE_CURVE('4643',#4105,#4107,#343,.T.);
#4431=EDGE_CURVE('4645',#4107,#4109,#347,.T.);
#4433=EDGE_CURVE('4644',#4109,#4104,#351,.T.);
#4437=EDGE_CURVE('4658',#4120,#4121,#355,.T.);
#4439=EDGE_CURVE('4659',#4121,#4123,#359,.T.);
#4441=EDGE_CURVE('4661',#4123,#4125,#363,.T.);
#4443=EDGE_CURVE('4660',#4125,#4120,#367,.T.);
#4447=EDGE_CURVE('4674',#4136,#4137,#371,.T.);
#4449=EDGE_CURVE('4675',#4137,#4139,#375,.T.);
#4451=EDGE_CURVE('4677',#4139,#4141,#379,.T.);
#4453=EDGE_CURVE('4676',#4141,#4136,#383,.T.);
#4457=EDGE_CURVE('4690',#4152,#4153,#387,.T.);
#4459=EDGE_CURVE('4691',#4153,#4155,#391,.T.);
#4461=EDGE_CURVE('4693',#4155,#4157,#395,.T.);
#4463=EDGE_CURVE('4692',#4157,#4152,#399,.T.);
#4467=EDGE_CURVE('4706',#4168,#4169,#403,.T.);
#4469=EDGE_CURVE('4707',#4169,#4171,#407,.T.);
#4471=EDGE_CURVE('4709',#4171,#4173,#411,.T.);
#4473=EDGE_CURVE('4708',#4173,#4168,#415,.T.);
#4477=EDGE_CURVE('4722',#4184,#4185,#419,.T.);
#4479=EDGE_CURVE('4723',#4185,#4187,#423,.T.);
#4481=EDGE_CURVE('4725',#4187,#4189,#427,.T.);
#4483=EDGE_CURVE('4724',#4189,#4184,#431,.T.);
#4487=EDGE_CURVE('4738',#4200,#4201,#435,.T.);
#4489=EDGE_CURVE('4739',#4201,#4203,#439,.T.);
#4491=EDGE_CURVE('4741',#4203,#4205,#443,.T.);
#4493=EDGE_CURVE('4740',#4205,#4200,#447,.T.);
#4497=EDGE_CURVE('4754',#4216,#4217,#451,.T.);
#4499=EDGE_CURVE('4755',#4217,#4219,#455,.T.);
#4501=EDGE_CURVE('4757',#4219,#4221,#459,.T.);
#4503=EDGE_CURVE('4756',#4221,#4216,#463,.T.);
#4507=ADVANCED_FACE('3576',(#4386,#4396,#4406,#4416,#4426,#4436,#4446,#4456,
#4466,#4476,#4486,#4496,#4506),#4297,.T.);
#4520=EDGE_CURVE('4500',#3995,#3855,#475,.T.);
#4522=EDGE_CURVE('4501',#3995,#3911,#3253,.T.);
#4525=EDGE_CURVE('4325',#3857,#3855,#471,.T.);
#4529=ADVANCED_FACE('3669',(#4528),#4519,.F.);
#4542=EDGE_CURVE('4510',#4007,#3853,#479,.T.);
#4544=EDGE_CURVE('4511',#3995,#4007,#3257,.T.);
#4547=EDGE_CURVE('4324',#3855,#3853,#515,.T.);
#4551=ADVANCED_FACE('3673',(#4550),#4541,.F.);
#4564=EDGE_CURVE('4520',#4019,#3851,#491,.T.);
#4566=EDGE_CURVE('4521',#4019,#4007,#3261,.T.);
#4569=EDGE_CURVE('4323',#3853,#3851,#483,.T.);
#4573=ADVANCED_FACE('3677',(#4572),#4563,.F.);
#4586=EDGE_CURVE('4331',#3849,#3861,#487,.T.);
#4588=EDGE_CURVE('4530',#4019,#3861,#3265,.T.);
#4591=EDGE_CURVE('4322',#3851,#3849,#511,.T.);
#4595=ADVANCED_FACE('3681',(#4594),#4585,.F.);
#4608=EDGE_CURVE('4245',#3728,#3729,#495,.T.);
#4610=EDGE_CURVE('4330',#3729,#3861,#3269,.T.);
#4613=EDGE_CURVE('4321',#3849,#3728,#499,.T.);
#4617=ADVANCED_FACE('3568',(#4616),#4607,.T.);
#4631=EDGE_CURVE('4246',#3731,#3728,#507,.T.);
#4633=EDGE_CURVE('4247',#3733,#3731,#695,.T.);
#4635=EDGE_CURVE('4248',#3733,#3735,#1697,.T.);
#4637=EDGE_CURVE('4249',#3737,#3735,#1680,.T.);
#4639=EDGE_CURVE('4250',#3737,#3739,#1676,.T.);
#4641=EDGE_CURVE('4251',#3741,#3739,#678,.T.);
#4643=EDGE_CURVE('4252',#3741,#3743,#1458,.T.);
#4646=EDGE_CURVE('4254',#3745,#3729,#3245,.T.);
#4650=ADVANCED_FACE('3560',(#4649),#4629,.T.);
#4663=EDGE_CURVE('4320',#3847,#3831,#523,.T.);
#4665=EDGE_CURVE('4310',#3831,#3731,#503,.T.);
#4676=ADVANCED_FACE('3566',(#4675),#4662,.T.);
#4689=EDGE_CURVE('4311',#3831,#3833,#519,.T.);
#4693=EDGE_CURVE('4537',#3833,#3913,#531,.T.);
#4697=ADVANCED_FACE('3687',(#4696),#4688,.F.);
#4710=EDGE_CURVE('4279',#3796,#3797,#891,.T.);
#4712=EDGE_CURVE('4280',#3661,#3797,#927,.T.);
#4717=EDGE_CURVE('4282',#3669,#3717,#549,.T.);
#4719=EDGE_CURVE('4216',#3669,#3664,#553,.T.);
#4721=EDGE_CURVE('4283',#3677,#3664,#558,.T.);
#4723=EDGE_CURVE('4220',#3677,#3672,#562,.T.);
#4725=EDGE_CURVE('4284',#3685,#3672,#567,.T.);
#4727=EDGE_CURVE('4224',#3685,#3680,#571,.T.);
#4729=EDGE_CURVE('4285',#3701,#3680,#576,.T.);
#4731=EDGE_CURVE('4232',#3701,#3703,#580,.T.);
#4733=EDGE_CURVE('4286',#3689,#3703,#585,.T.);
#4735=EDGE_CURVE('4226',#3689,#3691,#589,.T.);
#4737=EDGE_CURVE('4287',#3799,#3691,#1148,.T.);
#4739=EDGE_CURVE('4288',#3799,#3801,#1168,.T.);
#4741=EDGE_CURVE('4289',#3801,#3803,#1184,.T.);
#4743=EDGE_CURVE('4290',#3803,#3805,#1196,.T.);
#4745=EDGE_CURVE('4291',#3777,#3805,#1224,.T.);
#4747=EDGE_CURVE('4269',#3777,#3775,#593,.T.);
#4749=EDGE_CURVE('4292',#3807,#3775,#597,.T.);
#4751=EDGE_CURVE('4293',#3809,#3807,#602,.T.);
#4753=EDGE_CURVE('4294',#3769,#3809,#606,.T.);
#4755=EDGE_CURVE('4265',#3769,#3767,#610,.T.);
#4757=EDGE_CURVE('4295',#3811,#3767,#614,.T.);
#4759=EDGE_CURVE('4296',#3813,#3811,#619,.T.);
#4761=EDGE_CURVE('4297',#3755,#3813,#623,.T.);
#4763=EDGE_CURVE('4258',#3755,#3753,#627,.T.);
#4765=EDGE_CURVE('4298',#3815,#3753,#631,.T.);
#4767=EDGE_CURVE('4299',#3817,#3815,#636,.T.);
#4769=EDGE_CURVE('4300',#3725,#3817,#640,.T.);
#4771=EDGE_CURVE('4243',#3725,#3723,#644,.T.);
#4773=EDGE_CURVE('4301',#3819,#3723,#648,.T.);
#4775=EDGE_CURVE('4302',#3821,#3819,#653,.T.);
#4777=EDGE_CURVE('4303',#3789,#3821,#657,.T.);
#4779=EDGE_CURVE('4275',#3789,#3787,#661,.T.);
#4781=EDGE_CURVE('4304',#3823,#3787,#665,.T.);
#4783=EDGE_CURVE('4305',#3825,#3823,#670,.T.);
#4785=EDGE_CURVE('4306',#3741,#3825,#674,.T.);
#4788=EDGE_CURVE('4307',#3827,#3739,#682,.T.);
#4790=EDGE_CURVE('4308',#3829,#3827,#687,.T.);
#4792=EDGE_CURVE('4309',#3733,#3829,#691,.T.);
#4797=EDGE_CURVE('4312',#3833,#3796,#903,.T.);
#4801=EDGE_CURVE('4574',#4032,#4033,#699,.T.);
#4803=EDGE_CURVE('4576',#4037,#4032,#703,.T.);
#4805=EDGE_CURVE('4577',#4035,#4037,#707,.T.);
#4807=EDGE_CURVE('4575',#4033,#4035,#711,.T.);
#4811=EDGE_CURVE('4590',#4048,#4049,#715,.T.);
#4813=EDGE_CURVE('4592',#4053,#4048,#719,.T.);
#4815=EDGE_CURVE('4593',#4051,#4053,#723,.T.);
#4817=EDGE_CURVE('4591',#4049,#4051,#727,.T.);
#4821=EDGE_CURVE('4606',#4064,#4065,#731,.T.);
#4823=EDGE_CURVE('4608',#4069,#4064,#735,.T.);
#4825=EDGE_CURVE('4609',#4067,#4069,#739,.T.);
#4827=EDGE_CURVE('4607',#4065,#4067,#743,.T.);
#4831=EDGE_CURVE('4622',#4080,#4081,#747,.T.);
#4833=EDGE_CURVE('4624',#4085,#4080,#751,.T.);
#4835=EDGE_CURVE('4625',#4083,#4085,#755,.T.);
#4837=EDGE_CURVE('4623',#4081,#4083,#759,.T.);
#4841=EDGE_CURVE('4638',#4096,#4097,#763,.T.);
#4843=EDGE_CURVE('4640',#4101,#4096,#767,.T.);
#4845=EDGE_CURVE('4641',#4099,#4101,#771,.T.);
#4847=EDGE_CURVE('4639',#4097,#4099,#775,.T.);
#4851=EDGE_CURVE('4654',#4112,#4113,#779,.T.);
#4853=EDGE_CURVE('4656',#4117,#4112,#783,.T.);
#4855=EDGE_CURVE('4657',#4115,#4117,#787,.T.);
#4857=EDGE_CURVE('4655',#4113,#4115,#791,.T.);
#4861=EDGE_CURVE('4670',#4128,#4129,#795,.T.);
#4863=EDGE_CURVE('4672',#4133,#4128,#799,.T.);
#4865=EDGE_CURVE('4673',#4131,#4133,#803,.T.);
#4867=EDGE_CURVE('4671',#4129,#4131,#807,.T.);
#4871=EDGE_CURVE('4686',#4144,#4145,#811,.T.);
#4873=EDGE_CURVE('4688',#4149,#4144,#815,.T.);
#4875=EDGE_CURVE('4689',#4147,#4149,#819,.T.);
#4877=EDGE_CURVE('4687',#4145,#4147,#823,.T.);
#4881=EDGE_CURVE('4702',#4160,#4161,#827,.T.);
#4883=EDGE_CURVE('4704',#4165,#4160,#831,.T.);
#4885=EDGE_CURVE('4705',#4163,#4165,#835,.T.);
#4887=EDGE_CURVE('4703',#4161,#4163,#839,.T.);
#4891=EDGE_CURVE('4718',#4176,#4177,#843,.T.);
#4893=EDGE_CURVE('4720',#4181,#4176,#847,.T.);
#4895=EDGE_CURVE('4721',#4179,#4181,#851,.T.);
#4897=EDGE_CURVE('4719',#4177,#4179,#855,.T.);
#4901=EDGE_CURVE('4734',#4192,#4193,#859,.T.);
#4903=EDGE_CURVE('4736',#4197,#4192,#863,.T.);
#4905=EDGE_CURVE('4737',#4195,#4197,#867,.T.);
#4907=EDGE_CURVE('4735',#4193,#4195,#871,.T.);
#4911=EDGE_CURVE('4750',#4208,#4209,#875,.T.);
#4913=EDGE_CURVE('4752',#4213,#4208,#879,.T.);
#4915=EDGE_CURVE('4753',#4211,#4213,#883,.T.);
#4917=EDGE_CURVE('4751',#4209,#4211,#887,.T.);
#4921=ADVANCED_FACE('3564',(#4800,#4810,#4820,#4830,#4840,#4850,#4860,#4870,
#4880,#4890,#4900,#4910,#4920),#4709,.F.);
#4935=EDGE_CURVE('4536',#3796,#3915,#911,.T.);
#4938=EDGE_CURVE('4313',#3797,#3835,#899,.T.);
#4942=ADVANCED_FACE('3685',(#4941),#4933,.T.);
#4961=ADVANCED_FACE('3686',(#4960),#4954,.T.);
#4976=EDGE_CURVE('4315',#3837,#3839,#935,.T.);
#4978=EDGE_CURVE('4316',#3841,#3839,#915,.T.);
#4980=EDGE_CURVE('4317',#3843,#3841,#992,.T.);
#4982=EDGE_CURVE('4318',#3845,#3843,#919,.T.);
#4984=EDGE_CURVE('4319',#3659,#3845,#980,.T.);
#4990=ADVANCED_FACE('3565',(#4989),#4973,.T.);
#5004=EDGE_CURVE('4402',#3917,#3959,#959,.T.);
#5006=EDGE_CURVE('4401',#3839,#3959,#1000,.T.);
#5011=ADVANCED_FACE('3577',(#5010),#5002,.T.);
#5025=EDGE_CURVE('4328',#3859,#3711,#943,.T.);
#5027=EDGE_CURVE('4425',#3859,#3973,#947,.T.);
#5029=EDGE_CURVE('4433',#3981,#3973,#951,.T.);
#5031=EDGE_CURVE('4439',#3981,#3959,#955,.T.);
#5037=ADVANCED_FACE('3701',(#5036),#5023,.F.);
#5050=EDGE_CURVE('4327',#3845,#3859,#984,.T.);
#5059=ADVANCED_FACE('3567',(#5058),#5049,.T.);
#5074=EDGE_CURVE('4426',#3973,#3843,#988,.T.);
#5079=ADVANCED_FACE('3600',(#5078),#5071,.T.);
#5092=EDGE_CURVE('4432',#3981,#3841,#996,.T.);
#5099=ADVANCED_FACE('3603',(#5098),#5091,.T.);
#5118=ADVANCED_FACE('3606',(#5117),#5111,.T.);
#5131=EDGE_CURVE('4424',#3708,#3871,#1004,.T.);
#5133=EDGE_CURVE('4339',#3871,#3667,#1080,.T.);
#5135=EDGE_CURVE('4215',#3667,#3669,#1008,.T.);
#5141=ADVANCED_FACE('3598',(#5140),#5130,.T.);
#5155=EDGE_CURVE('4541',#3919,#3873,#1028,.T.);
#5157=EDGE_CURVE('4340',#3873,#3871,#1020,.T.);
#5162=ADVANCED_FACE('3694',(#5161),#5153,.T.);
#5175=EDGE_CURVE('4341',#3873,#3875,#1024,.T.);
#5179=EDGE_CURVE('4406',#3965,#3921,#1036,.T.);
#5181=EDGE_CURVE('4442',#3965,#3987,#1040,.T.);
#5183=EDGE_CURVE('4437',#3979,#3987,#1044,.T.);
#5185=EDGE_CURVE('4431',#3979,#3875,#1048,.T.);
#5189=ADVANCED_FACE('3700',(#5188),#5174,.T.);
#5202=EDGE_CURVE('4335',#3868,#3869,#1088,.T.);
#5204=EDGE_CURVE('4336',#3681,#3868,#1053,.T.);
#5206=EDGE_CURVE('4222',#3681,#3683,#1057,.T.);
#5208=EDGE_CURVE('4337',#3673,#3683,#1062,.T.);
#5210=EDGE_CURVE('4218',#3673,#3675,#1066,.T.);
#5212=EDGE_CURVE('4338',#3665,#3675,#1071,.T.);
#5214=EDGE_CURVE('4214',#3665,#3667,#1075,.T.);
#5219=EDGE_CURVE('4342',#3875,#3877,#1656,.T.);
#5221=EDGE_CURVE('4343',#3877,#3869,#1628,.T.);
#5225=ADVANCED_FACE('3570',(#5224),#5201,.T.);
#5239=EDGE_CURVE('4491',#3868,#3699,#1092,.T.);
#5242=EDGE_CURVE('4540',#3869,#3925,#1652,.T.);
#5246=ADVANCED_FACE('3693',(#5245),#5237,.T.);
#5260=EDGE_CURVE('4231',#3699,#3701,#1096,.T.);
#5263=EDGE_CURVE('4221',#3680,#3681,#1100,.T.);
#5268=ADVANCED_FACE('3659',(#5267),#5258,.T.);
#5281=EDGE_CURVE('4229',#3696,#3697,#1104,.T.);
#5283=EDGE_CURVE('4234',#3705,#3697,#1596,.T.);
#5285=EDGE_CURVE('4233',#3703,#3705,#1583,.T.);
#5292=ADVANCED_FACE('3557',(#5291),#5280,.F.);
#5307=EDGE_CURVE('4404',#3961,#3927,#1112,.T.);
#5309=EDGE_CURVE('4440',#3961,#3983,#1116,.T.);
#5311=EDGE_CURVE('4434',#3975,#3983,#1120,.T.);
#5313=EDGE_CURVE('4427',#3975,#3883,#1124,.T.);
#5315=EDGE_CURVE('4347',#3697,#3883,#1128,.T.);
#5319=ADVANCED_FACE('3695',(#5318),#5304,.T.);
#5332=EDGE_CURVE('4403',#3961,#3907,#1140,.T.);
#5336=EDGE_CURVE('4364',#3907,#3909,#1136,.T.);
#5340=ADVANCED_FACE('3578',(#5339),#5331,.T.);
#5354=EDGE_CURVE('4363',#3907,#3905,#1164,.T.);
#5356=EDGE_CURVE('4435',#3905,#3983,#1144,.T.);
#5361=ADVANCED_FACE('3607',(#5360),#5352,.T.);
#5374=EDGE_CURVE('4360',#3901,#3799,#1172,.T.);
#5377=EDGE_CURVE('4227',#3691,#3693,#1152,.T.);
#5379=EDGE_CURVE('4349',#3693,#3885,#1156,.T.);
#5381=EDGE_CURVE('4361',#3903,#3885,#1160,.T.);
#5383=EDGE_CURVE('4362',#3905,#3903,#1604,.T.);
#5390=ADVANCED_FACE('3575',(#5389),#5373,.F.);
#5406=EDGE_CURVE('4539',#3801,#3929,#1180,.T.);
#5410=ADVANCED_FACE('3690',(#5409),#5402,.T.);
#5426=EDGE_CURVE('4538',#3803,#3931,#1192,.T.);
#5430=ADVANCED_FACE('3689',(#5429),#5422,.F.);
#5446=EDGE_CURVE('4354',#3805,#3891,#1204,.T.);
#5450=ADVANCED_FACE('3688',(#5449),#5442,.F.);
#5465=EDGE_CURVE('4356',#3895,#3893,#1228,.T.);
#5467=EDGE_CURVE('4357',#3897,#3895,#1208,.T.);
#5469=EDGE_CURVE('4358',#3899,#3897,#1567,.T.);
#5471=EDGE_CURVE('4359',#3881,#3899,#1212,.T.);
#5473=EDGE_CURVE('4345',#3881,#3779,#1216,.T.);
#5475=EDGE_CURVE('4270',#3779,#3777,#1220,.T.);
#5480=ADVANCED_FACE('3574',(#5479),#5462,.F.);
#5493=EDGE_CURVE('4505',#3933,#4001,#1256,.T.);
#5495=EDGE_CURVE('4506',#3895,#4001,#1575,.T.);
#5501=ADVANCED_FACE('3671',(#5500),#5492,.F.);
#5514=EDGE_CURVE('4262',#3762,#3763,#1236,.T.);
#5516=EDGE_CURVE('4344',#3879,#3762,#1240,.T.);
#5518=EDGE_CURVE('4533',#3879,#4025,#1244,.T.);
#5520=EDGE_CURVE('4525',#4013,#4025,#1248,.T.);
#5522=EDGE_CURVE('4515',#4013,#4001,#1252,.T.);
#5528=ADVANCED_FACE('3696',(#5527),#5513,.T.);
#5543=EDGE_CURVE('4264',#3765,#3767,#1264,.T.);
#5546=EDGE_CURVE('4266',#3769,#3771,#1522,.T.);
#5548=EDGE_CURVE('4267',#3773,#3771,#1538,.T.);
#5550=EDGE_CURVE('4268',#3773,#3775,#1534,.T.);
#5554=EDGE_CURVE('4271',#3762,#3779,#1555,.T.);
#5558=ADVANCED_FACE('3562',(#5557),#5540,.T.);
#5572=EDGE_CURVE('4416',#3935,#3811,#1272,.T.);
#5578=ADVANCED_FACE('3585',(#5577),#5570,.T.);
#5592=EDGE_CURVE('4415',#3937,#3971,#1285,.T.);
#5594=EDGE_CURVE('4417',#3813,#3971,#1268,.T.);
#5600=ADVANCED_FACE('3586',(#5599),#5590,.F.);
#5613=EDGE_CURVE('4413',#3759,#3937,#1317,.T.);
#5615=EDGE_CURVE('4260',#3759,#3757,#1276,.T.);
#5617=EDGE_CURVE('4414',#3971,#3757,#1280,.T.);
#5622=ADVANCED_FACE('3584',(#5621),#5612,.F.);
#5636=EDGE_CURVE('4503',#3998,#3939,#1293,.T.);
#5638=EDGE_CURVE('4513',#3998,#4010,#1297,.T.);
#5640=EDGE_CURVE('4523',#4022,#4010,#1301,.T.);
#5642=EDGE_CURVE('4531',#4022,#3863,#1305,.T.);
#5644=EDGE_CURVE('4332',#3749,#3863,#1309,.T.);
#5646=EDGE_CURVE('4261',#3759,#3749,#1313,.T.);
#5651=ADVANCED_FACE('3697',(#5650),#5634,.F.);
#5664=EDGE_CURVE('4502',#3998,#3999,#1325,.T.);
#5668=EDGE_CURVE('4504',#3941,#3999,#1365,.T.);
#5672=ADVANCED_FACE('3670',(#5671),#5663,.F.);
#5685=EDGE_CURVE('4512',#4010,#4011,#1329,.T.);
#5689=EDGE_CURVE('4514',#4011,#3999,#1361,.T.);
#5693=ADVANCED_FACE('3674',(#5692),#5684,.F.);
#5706=EDGE_CURVE('4522',#4022,#4023,#1337,.T.);
#5710=EDGE_CURVE('4524',#4011,#4023,#1357,.T.);
#5714=ADVANCED_FACE('3678',(#5713),#5705,.F.);
#5727=EDGE_CURVE('4333',#3865,#3863,#1333,.T.);
#5731=EDGE_CURVE('4532',#3865,#4023,#1353,.T.);
#5735=ADVANCED_FACE('3682',(#5734),#5726,.F.);
#5748=EDGE_CURVE('4255',#3748,#3749,#1341,.T.);
#5752=EDGE_CURVE('4334',#3865,#3748,#1349,.T.);
#5756=ADVANCED_FACE('3569',(#5755),#5747,.T.);
#5770=EDGE_CURVE('4256',#3748,#3751,#1345,.T.);
#5772=EDGE_CURVE('4257',#3753,#3751,#1373,.T.);
#5775=EDGE_CURVE('4259',#3755,#3757,#1518,.T.);
#5781=ADVANCED_FACE('3561',(#5780),#5768,.T.);
#5803=ADVANCED_FACE('3691',(#5802),#5793,.T.);
#5818=EDGE_CURVE('4418',#3943,#3815,#1377,.T.);
#5823=ADVANCED_FACE('3588',(#5822),#5815,.T.);
#5838=EDGE_CURVE('4419',#3817,#3945,#1381,.T.);
#5843=ADVANCED_FACE('3589',(#5842),#5835,.F.);
#5856=EDGE_CURVE('4244',#3725,#3720,#1385,.T.);
#5863=ADVANCED_FACE('3590',(#5862),#5855,.F.);
#5877=EDGE_CURVE('4242',#3721,#3723,#1389,.T.);
#5883=ADVANCED_FACE('3559',(#5882),#5875,.T.);
#5898=EDGE_CURVE('4443',#3947,#3819,#1397,.T.);
#5903=ADVANCED_FACE('3609',(#5902),#5895,.T.);
#5917=EDGE_CURVE('4444',#3821,#3949,#1393,.T.);
#5923=ADVANCED_FACE('3610',(#5922),#5915,.F.);
#5937=EDGE_CURVE('4276',#3789,#3791,#1401,.T.);
#5943=ADVANCED_FACE('3611',(#5942),#5935,.F.);
#5956=EDGE_CURVE('4272',#3782,#3783,#1413,.T.);
#5958=EDGE_CURVE('4273',#3785,#3783,#1446,.T.);
#5960=EDGE_CURVE('4274',#3785,#3787,#1462,.T.);
#5964=EDGE_CURVE('4277',#3793,#3791,#1470,.T.);
#5966=EDGE_CURVE('4278',#3782,#3793,#1466,.T.);
#5970=ADVANCED_FACE('3563',(#5969),#5955,.T.);
#5984=EDGE_CURVE('4473',#3955,#3783,#1409,.T.);
#5987=EDGE_CURVE('4351',#3887,#3782,#1417,.T.);
#5989=EDGE_CURVE('4534',#3887,#4027,#1421,.T.);
#5991=EDGE_CURVE('4527',#4015,#4027,#1425,.T.);
#5993=EDGE_CURVE('4517',#4015,#4003,#1429,.T.);
#5995=EDGE_CURVE('4507',#3953,#4003,#1433,.T.);
#5999=ADVANCED_FACE('3699',(#5998),#5982,.T.);
#6013=EDGE_CURVE('4474',#3989,#3955,#1438,.T.);
#6015=EDGE_CURVE('4475',#3785,#3989,#1442,.T.);
#6020=ADVANCED_FACE('3641',(#6019),#6011,.F.);
#6034=EDGE_CURVE('4477',#3825,#3957,#1450,.T.);
#6037=EDGE_CURVE('4476',#3989,#3823,#1454,.T.);
#6042=ADVANCED_FACE('3643',(#6041),#6032,.F.);
#6061=ADVANCED_FACE('3644',(#6060),#6054,.F.);
#6080=ADVANCED_FACE('3642',(#6079),#6073,.T.);
#6095=EDGE_CURVE('4352',#3793,#3889,#1494,.T.);
#6097=EDGE_CURVE('4353',#3887,#3889,#1510,.T.);
#6101=ADVANCED_FACE('3573',(#6100),#6092,.T.);
#6116=EDGE_CURVE('4509',#4005,#3951,#1478,.T.);
#6118=EDGE_CURVE('4519',#4005,#4017,#1482,.T.);
#6120=EDGE_CURVE('4529',#4029,#4017,#1486,.T.);
#6122=EDGE_CURVE('4535',#4029,#3889,#1490,.T.);
#6127=ADVANCED_FACE('3692',(#6126),#6113,.F.);
#6141=EDGE_CURVE('4508',#4005,#4003,#1502,.T.);
#6147=ADVANCED_FACE('3672',(#6146),#6139,.F.);
#6161=EDGE_CURVE('4518',#4017,#4015,#1506,.T.);
#6167=ADVANCED_FACE('3676',(#6166),#6159,.F.);
#6181=EDGE_CURVE('4528',#4029,#4027,#1514,.T.);
#6187=ADVANCED_FACE('3680',(#6186),#6179,.F.);
#6206=ADVANCED_FACE('3684',(#6205),#6199,.F.);
#6225=ADVANCED_FACE('3587',(#6224),#6218,.F.);
#6240=EDGE_CURVE('4412',#3809,#3967,#1530,.T.);
#6242=EDGE_CURVE('4408',#3967,#3771,#1542,.T.);
#6246=ADVANCED_FACE('3583',(#6245),#6237,.F.);
#6260=EDGE_CURVE('4411',#3969,#3807,#1526,.T.);
#6262=EDGE_CURVE('4409',#3969,#3967,#1547,.T.);
#6267=ADVANCED_FACE('3582',(#6266),#6258,.F.);
#6281=EDGE_CURVE('4410',#3773,#3969,#1551,.T.);
#6287=ADVANCED_FACE('3581',(#6286),#6279,.T.);
#6306=ADVANCED_FACE('3580',(#6305),#6299,.F.);
#6322=EDGE_CURVE('4346',#3879,#3881,#1559,.T.);
#6326=ADVANCED_FACE('3571',(#6325),#6318,.T.);
#6342=EDGE_CURVE('4526',#3899,#4025,#1563,.T.);
#6346=ADVANCED_FACE('3683',(#6345),#6338,.F.);
#6362=EDGE_CURVE('4516',#3897,#4013,#1571,.T.);
#6366=ADVANCED_FACE('3679',(#6365),#6358,.F.);
#6385=ADVANCED_FACE('3675',(#6384),#6378,.F.);
#6398=EDGE_CURVE('4225',#3688,#3689,#1579,.T.);
#6400=EDGE_CURVE('4228',#3693,#3688,#1587,.T.);
#6406=ADVANCED_FACE('3556',(#6405),#6397,.F.);
#6422=EDGE_CURVE('4350',#3705,#3688,#1592,.T.);
#6426=ADVANCED_FACE('3660',(#6425),#6418,.T.);
#6440=EDGE_CURVE('4348',#3883,#3885,#1600,.T.);
#6448=ADVANCED_FACE('3572',(#6447),#6438,.T.);
#6462=EDGE_CURVE('4428',#3903,#3975,#1608,.T.);
#6468=ADVANCED_FACE('3601',(#6467),#6460,.T.);
#6487=ADVANCED_FACE('3604',(#6486),#6480,.T.);
#6502=EDGE_CURVE('4223',#3683,#3685,#1612,.T.);
#6507=ADVANCED_FACE('3555',(#6506),#6499,.F.);
#6522=EDGE_CURVE('4217',#3672,#3673,#1616,.T.);
#6527=ADVANCED_FACE('3612',(#6526),#6519,.T.);
#6542=EDGE_CURVE('4219',#3675,#3677,#1620,.T.);
#6547=ADVANCED_FACE('3554',(#6546),#6539,.F.);
#6562=EDGE_CURVE('4213',#3664,#3665,#1624,.T.);
#6567=ADVANCED_FACE('3599',(#6566),#6559,.T.);
#6586=ADVANCED_FACE('3553',(#6585),#6579,.F.);
#6600=EDGE_CURVE('4429',#3877,#3977,#1632,.T.);
#6602=EDGE_CURVE('4436',#3985,#3977,#1636,.T.);
#6604=EDGE_CURVE('4441',#3985,#3963,#1640,.T.);
#6606=EDGE_CURVE('4405',#3923,#3963,#1644,.T.);
#6612=ADVANCED_FACE('3698',(#6611),#6598,.F.);
#6628=EDGE_CURVE('4430',#3977,#3979,#1660,.T.);
#6632=ADVANCED_FACE('3602',(#6631),#6624,.T.);
#6648=EDGE_CURVE('4438',#3985,#3987,#1664,.T.);
#6652=ADVANCED_FACE('3605',(#6651),#6644,.T.);
#6668=EDGE_CURVE('4407',#3965,#3963,#1668,.T.);
#6672=ADVANCED_FACE('3608',(#6671),#6664,.T.);
#6691=ADVANCED_FACE('3579',(#6690),#6684,.T.);
#6705=EDGE_CURVE('4480',#3737,#3993,#1693,.T.);
#6707=EDGE_CURVE('4481',#3993,#3827,#1701,.T.);
#6712=ADVANCED_FACE('3646',(#6711),#6703,.T.);
#6726=EDGE_CURVE('4478',#3991,#3735,#1684,.T.);
#6728=EDGE_CURVE('4479',#3993,#3991,#1689,.T.);
#6733=ADVANCED_FACE('3645',(#6732),#6724,.F.);
#6748=EDGE_CURVE('4482',#3829,#3991,#1705,.T.);
#6753=ADVANCED_FACE('3648',(#6752),#6745,.F.);
#6772=ADVANCED_FACE('3647',(#6771),#6765,.F.);
#6786=EDGE_CURVE('4584',#3280,#4033,#1717,.T.);
#6788=EDGE_CURVE('3877',#3280,#3281,#1709,.T.);
#6790=EDGE_CURVE('4583',#4032,#3281,#1749,.T.);
#6794=ADVANCED_FACE('3705',(#6793),#6784,.F.);
#6808=EDGE_CURVE('4582',#3285,#4040,#1753,.T.);
#6810=EDGE_CURVE('3881',#3284,#3285,#1821,.T.);
#6812=EDGE_CURVE('4585',#4041,#3284,#1721,.T.);
#6816=ADVANCED_FACE('3705',(#6815),#6806,.F.);
#6830=EDGE_CURVE('4588',#3291,#4035,#1733,.T.);
#6832=EDGE_CURVE('3889',#3291,#3280,#1713,.T.);
#6837=ADVANCED_FACE('3710',(#6836),#6828,.F.);
#6852=EDGE_CURVE('3890',#3293,#3284,#1809,.T.);
#6854=EDGE_CURVE('4589',#4043,#3293,#1737,.T.);
#6858=ADVANCED_FACE('3710',(#6857),#6849,.F.);
#6872=EDGE_CURVE('4587',#4037,#3287,#1725,.T.);
#6874=EDGE_CURVE('3888',#3287,#3291,#1729,.T.);
#6879=ADVANCED_FACE('3716',(#6878),#6870,.T.);
#6894=EDGE_CURVE('3900',#3293,#3289,#1741,.T.);
#6896=EDGE_CURVE('4586',#3289,#4045,#1745,.T.);
#6900=ADVANCED_FACE('3716',(#6899),#6891,.T.);
#6915=EDGE_CURVE('3883',#3287,#3281,#1765,.T.);
#6920=ADVANCED_FACE('3706',(#6919),#6912,.T.);
#6935=EDGE_CURVE('3885',#3285,#3289,#1793,.T.);
#6940=ADVANCED_FACE('3706',(#6939),#6932,.T.);
#6953=EDGE_CURVE('3874',#3273,#3275,#1757,.T.);
#6955=EDGE_CURVE('3886',#3287,#3275,#1761,.T.);
#6958=EDGE_CURVE('3879',#3281,#3273,#1777,.T.);
#6962=ADVANCED_FACE('3707',(#6961),#6952,.T.);
#6975=EDGE_CURVE('3873',#3272,#3273,#1773,.T.);
#6977=EDGE_CURVE('3876',#3277,#3272,#1781,.T.);
#6979=EDGE_CURVE('3875',#3275,#3277,#1785,.T.);
#6984=ADVANCED_FACE('3703',(#6983),#6974,.F.);
#6998=EDGE_CURVE('3878',#3272,#3280,#1769,.T.);
#7004=ADVANCED_FACE('3704',(#7003),#6996,.F.);
#7018=EDGE_CURVE('3887',#3291,#3277,#1789,.T.);
#7024=ADVANCED_FACE('3709',(#7023),#7016,.F.);
#7043=ADVANCED_FACE('3708',(#7042),#7036,.T.);
#7057=EDGE_CURVE('3899',#3301,#3289,#1797,.T.);
#7059=EDGE_CURVE('3897',#3301,#3299,#1801,.T.);
#7061=EDGE_CURVE('3896',#3299,#3285,#1825,.T.);
#7065=ADVANCED_FACE('3714',(#7064),#7055,.T.);
#7079=EDGE_CURVE('3894',#3293,#3297,#1817,.T.);
#7081=EDGE_CURVE('3898',#3297,#3301,#1805,.T.);
#7086=ADVANCED_FACE('3715',(#7085),#7077,.T.);
#7100=EDGE_CURVE('3892',#3295,#3284,#1813,.T.);
#7102=EDGE_CURVE('3893',#3297,#3295,#1829,.T.);
#7107=ADVANCED_FACE('3711',(#7106),#7098,.F.);
#7120=EDGE_CURVE('3895',#3295,#3299,#1833,.T.);
#7127=ADVANCED_FACE('3712',(#7126),#7119,.F.);
#7146=ADVANCED_FACE('3713',(#7145),#7139,.T.);
#7160=EDGE_CURVE('4600',#3312,#4049,#1845,.T.);
#7162=EDGE_CURVE('3905',#3312,#3313,#1837,.T.);
#7164=EDGE_CURVE('4599',#4048,#3313,#1877,.T.);
#7168=ADVANCED_FACE('3719',(#7167),#7158,.F.);
#7182=EDGE_CURVE('4598',#3317,#4056,#1881,.T.);
#7184=EDGE_CURVE('3909',#3316,#3317,#1949,.T.);
#7186=EDGE_CURVE('4601',#4057,#3316,#1849,.T.);
#7190=ADVANCED_FACE('3719',(#7189),#7180,.F.);
#7204=EDGE_CURVE('4604',#3323,#4051,#1861,.T.);
#7206=EDGE_CURVE('3917',#3323,#3312,#1841,.T.);
#7211=ADVANCED_FACE('3724',(#7210),#7202,.F.);
#7226=EDGE_CURVE('3918',#3325,#3316,#1937,.T.);
#7228=EDGE_CURVE('4605',#4059,#3325,#1865,.T.);
#7232=ADVANCED_FACE('3724',(#7231),#7223,.F.);
#7246=EDGE_CURVE('4603',#4053,#3319,#1853,.T.);
#7248=EDGE_CURVE('3916',#3319,#3323,#1857,.T.);
#7253=ADVANCED_FACE('3730',(#7252),#7244,.T.);
#7268=EDGE_CURVE('3928',#3325,#3321,#1869,.T.);
#7270=EDGE_CURVE('4602',#3321,#4061,#1873,.T.);
#7274=ADVANCED_FACE('3730',(#7273),#7265,.T.);
#7289=EDGE_CURVE('3911',#3319,#3313,#1893,.T.);
#7294=ADVANCED_FACE('3720',(#7293),#7286,.T.);
#7309=EDGE_CURVE('3913',#3317,#3321,#1921,.T.);
#7314=ADVANCED_FACE('3720',(#7313),#7306,.T.);
#7327=EDGE_CURVE('3902',#3305,#3307,#1885,.T.);
#7329=EDGE_CURVE('3914',#3319,#3307,#1889,.T.);
#7332=EDGE_CURVE('3907',#3313,#3305,#1905,.T.);
#7336=ADVANCED_FACE('3721',(#7335),#7326,.T.);
#7349=EDGE_CURVE('3901',#3304,#3305,#1901,.T.);
#7351=EDGE_CURVE('3904',#3309,#3304,#1909,.T.);
#7353=EDGE_CURVE('3903',#3307,#3309,#1913,.T.);
#7358=ADVANCED_FACE('3717',(#7357),#7348,.F.);
#7372=EDGE_CURVE('3906',#3304,#3312,#1897,.T.);
#7378=ADVANCED_FACE('3718',(#7377),#7370,.F.);
#7392=EDGE_CURVE('3915',#3323,#3309,#1917,.T.);
#7398=ADVANCED_FACE('3723',(#7397),#7390,.F.);
#7417=ADVANCED_FACE('3722',(#7416),#7410,.T.);
#7431=EDGE_CURVE('3927',#3333,#3321,#1925,.T.);
#7433=EDGE_CURVE('3925',#3333,#3331,#1929,.T.);
#7435=EDGE_CURVE('3924',#3331,#3317,#1953,.T.);
#7439=ADVANCED_FACE('3728',(#7438),#7429,.T.);
#7453=EDGE_CURVE('3922',#3325,#3329,#1945,.T.);
#7455=EDGE_CURVE('3926',#3329,#3333,#1933,.T.);
#7460=ADVANCED_FACE('3729',(#7459),#7451,.T.);
#7474=EDGE_CURVE('3920',#3327,#3316,#1941,.T.);
#7476=EDGE_CURVE('3921',#3329,#3327,#1957,.T.);
#7481=ADVANCED_FACE('3725',(#7480),#7472,.F.);
#7494=EDGE_CURVE('3923',#3327,#3331,#1961,.T.);
#7501=ADVANCED_FACE('3726',(#7500),#7493,.F.);
#7520=ADVANCED_FACE('3727',(#7519),#7513,.T.);
#7534=EDGE_CURVE('4616',#3344,#4065,#1977,.T.);
#7536=EDGE_CURVE('3932',#3344,#3345,#1965,.T.);
#7538=EDGE_CURVE('4615',#4064,#3345,#1993,.T.);
#7542=ADVANCED_FACE('3733',(#7541),#7532,.F.);
#7556=EDGE_CURVE('4614',#3349,#4072,#2013,.T.);
#7558=EDGE_CURVE('3935',#3348,#3349,#2081,.T.);
#7560=EDGE_CURVE('4617',#4073,#3348,#1981,.T.);
#7564=ADVANCED_FACE('3733',(#7563),#7554,.F.);
#7578=EDGE_CURVE('4619',#4067,#3364,#1969,.T.);
#7580=EDGE_CURVE('3947',#3364,#3344,#1973,.T.);
#7585=ADVANCED_FACE('3741',(#7584),#7576,.F.);
#7600=EDGE_CURVE('3948',#3360,#3348,#2069,.T.);
#7602=EDGE_CURVE('4618',#3360,#4075,#1985,.T.);
#7606=ADVANCED_FACE('3741',(#7605),#7597,.F.);
#7620=EDGE_CURVE('4620',#3365,#4069,#2001,.T.);
#7622=EDGE_CURVE('3943',#3364,#3365,#2045,.T.);
#7627=ADVANCED_FACE('3738',(#7626),#7618,.T.);
#7642=EDGE_CURVE('3941',#3360,#3361,#1989,.T.);
#7644=EDGE_CURVE('4621',#4077,#3361,#2005,.T.);
#7648=ADVANCED_FACE('3738',(#7647),#7639,.T.);
#7663=EDGE_CURVE('4208',#3345,#3365,#1997,.T.);
#7668=ADVANCED_FACE('3755',(#7667),#7660,.T.);
#7683=EDGE_CURVE('4205',#3361,#3349,#2009,.T.);
#7688=ADVANCED_FACE('3755',(#7687),#7680,.T.);
#7701=EDGE_CURVE('4201',#3337,#3340,#2017,.T.);
#7703=EDGE_CURVE('4207',#3340,#3365,#2049,.T.);
#7706=EDGE_CURVE('4202',#3345,#3337,#2029,.T.);
#7710=ADVANCED_FACE('3743',(#7709),#7700,.T.);
#7723=EDGE_CURVE('3929',#3336,#3337,#2025,.T.);
#7725=EDGE_CURVE('3931',#3341,#3336,#2033,.T.);
#7727=EDGE_CURVE('3930',#3340,#3341,#2037,.T.);
#7732=ADVANCED_FACE('3731',(#7731),#7722,.F.);
#7746=EDGE_CURVE('3933',#3336,#3344,#2021,.T.);
#7752=ADVANCED_FACE('3732',(#7751),#7744,.F.);
#7766=EDGE_CURVE('3946',#3364,#3341,#2041,.T.);
#7772=ADVANCED_FACE('3740',(#7771),#7764,.F.);
#7791=ADVANCED_FACE('3739',(#7790),#7784,.T.);
#7805=EDGE_CURVE('4206',#3357,#3361,#2053,.T.);
#7807=EDGE_CURVE('4204',#3357,#3353,#2057,.T.);
#7809=EDGE_CURVE('4203',#3353,#3349,#2085,.T.);
#7813=ADVANCED_FACE('3736',(#7812),#7803,.T.);
#7827=EDGE_CURVE('3942',#3356,#3360,#2061,.T.);
#7829=EDGE_CURVE('3939',#3356,#3357,#2065,.T.);
#7834=ADVANCED_FACE('3737',(#7833),#7825,.T.);
#7848=EDGE_CURVE('3938',#3348,#3352,#2077,.T.);
#7850=EDGE_CURVE('3940',#3352,#3356,#2073,.T.);
#7855=ADVANCED_FACE('3742',(#7854),#7846,.F.);
#7868=EDGE_CURVE('3937',#3352,#3353,#2089,.T.);
#7875=ADVANCED_FACE('3734',(#7874),#7867,.F.);
#7894=ADVANCED_FACE('3735',(#7893),#7887,.T.);
#7908=EDGE_CURVE('4632',#3376,#4081,#2101,.T.);
#7910=EDGE_CURVE('3953',#3376,#3377,#2093,.T.);
#7912=EDGE_CURVE('4631',#4080,#3377,#2125,.T.);
#7916=ADVANCED_FACE('3746',(#7915),#7906,.F.);
#7930=EDGE_CURVE('4630',#3381,#4088,#2129,.T.);
#7932=EDGE_CURVE('3957',#3380,#3381,#2213,.T.);
#7934=EDGE_CURVE('4633',#4089,#3380,#2105,.T.);
#7938=ADVANCED_FACE('3746',(#7937),#7928,.F.);
#7952=EDGE_CURVE('4637',#4083,#3387,#2097,.T.);
#7954=EDGE_CURVE('4003',#3376,#3387,#2157,.T.);
#7959=ADVANCED_FACE('3772',(#7958),#7950,.F.);
#7974=EDGE_CURVE('4004',#3389,#3380,#2197,.T.);
#7976=EDGE_CURVE('4636',#3389,#4091,#2109,.T.);
#7980=ADVANCED_FACE('3772',(#7979),#7971,.F.);
#7994=EDGE_CURVE('4635',#4085,#3383,#2113,.T.);
#7996=EDGE_CURVE('3964',#3383,#3387,#2117,.T.);
#8001=ADVANCED_FACE('3750',(#8000),#7992,.T.);
#8016=EDGE_CURVE('3966',#3385,#3389,#2185,.T.);
#8018=EDGE_CURVE('4634',#3385,#4093,#2121,.T.);
#8022=ADVANCED_FACE('3750',(#8021),#8013,.T.);
#8037=EDGE_CURVE('3959',#3383,#3377,#2141,.T.);
#8042=ADVANCED_FACE('3747',(#8041),#8034,.T.);
#8057=EDGE_CURVE('3961',#3381,#3385,#2173,.T.);
#8062=ADVANCED_FACE('3747',(#8061),#8054,.T.);
#8075=EDGE_CURVE('3950',#3369,#3371,#2133,.T.);
#8077=EDGE_CURVE('3962',#3383,#3371,#2137,.T.);
#8080=EDGE_CURVE('3955',#3377,#3369,#2153,.T.);
#8084=ADVANCED_FACE('3748',(#8083),#8074,.T.);
#8097=EDGE_CURVE('3949',#3368,#3369,#2149,.T.);
#8099=EDGE_CURVE('3952',#3373,#3368,#2161,.T.);
#8101=EDGE_CURVE('3951',#3371,#3373,#2165,.T.);
#8106=ADVANCED_FACE('3744',(#8105),#8096,.F.);
#8120=EDGE_CURVE('3954',#3368,#3376,#2145,.T.);
#8126=ADVANCED_FACE('3745',(#8125),#8118,.F.);
#8140=EDGE_CURVE('3963',#3387,#3373,#2169,.T.);
#8146=ADVANCED_FACE('3773',(#8145),#8138,.F.);
#8165=ADVANCED_FACE('3749',(#8164),#8158,.T.);
#8179=EDGE_CURVE('3969',#3385,#3393,#2193,.T.);
#8181=EDGE_CURVE('3970',#3393,#3395,#2177,.T.);
#8183=EDGE_CURVE('3973',#3381,#3395,#2181,.T.);
#8187=ADVANCED_FACE('3753',(#8186),#8177,.T.);
#8201=EDGE_CURVE('3967',#3391,#3389,#2189,.T.);
#8203=EDGE_CURVE('3968',#3393,#3391,#2217,.T.);
#8208=ADVANCED_FACE('3751',(#8207),#8199,.T.);
#8222=EDGE_CURVE('3974',#3380,#3397,#2209,.T.);
#8224=EDGE_CURVE('3971',#3397,#3391,#2201,.T.);
#8229=ADVANCED_FACE('3774',(#8228),#8220,.F.);
#8242=EDGE_CURVE('3972',#3395,#3397,#2205,.T.);
#8249=ADVANCED_FACE('3754',(#8248),#8241,.F.);
#8268=ADVANCED_FACE('3752',(#8267),#8261,.T.);
#8282=EDGE_CURVE('4648',#3408,#4097,#2229,.T.);
#8284=EDGE_CURVE('3979',#3408,#3409,#2221,.T.);
#8286=EDGE_CURVE('4647',#4096,#3409,#2261,.T.);
#8290=ADVANCED_FACE('3760',(#8289),#8280,.F.);
#8304=EDGE_CURVE('4646',#3413,#4104,#2265,.T.);
#8306=EDGE_CURVE('3983',#3412,#3413,#2333,.T.);
#8308=EDGE_CURVE('4649',#4105,#3412,#2233,.T.);
#8312=ADVANCED_FACE('3760',(#8311),#8302,.F.);
#8326=EDGE_CURVE('4652',#3419,#4099,#2245,.T.);
#8328=EDGE_CURVE('3991',#3419,#3408,#2225,.T.);
#8333=ADVANCED_FACE('3765',(#8332),#8324,.F.);
#8348=EDGE_CURVE('3992',#3421,#3412,#2321,.T.);
#8350=EDGE_CURVE('4653',#4107,#3421,#2249,.T.);
#8354=ADVANCED_FACE('3765',(#8353),#8345,.F.);
#8368=EDGE_CURVE('4651',#4101,#3415,#2237,.T.);
#8370=EDGE_CURVE('3990',#3415,#3419,#2241,.T.);
#8375=ADVANCED_FACE('3771',(#8374),#8366,.T.);
#8390=EDGE_CURVE('4002',#3421,#3417,#2253,.T.);
#8392=EDGE_CURVE('4650',#3417,#4109,#2257,.T.);
#8396=ADVANCED_FACE('3771',(#8395),#8387,.T.);
#8411=EDGE_CURVE('3985',#3415,#3409,#2277,.T.);
#8416=ADVANCED_FACE('3761',(#8415),#8408,.T.);
#8431=EDGE_CURVE('3987',#3413,#3417,#2305,.T.);
#8436=ADVANCED_FACE('3761',(#8435),#8428,.T.);
#8449=EDGE_CURVE('3976',#3401,#3403,#2269,.T.);
#8451=EDGE_CURVE('3988',#3415,#3403,#2273,.T.);
#8454=EDGE_CURVE('3981',#3409,#3401,#2289,.T.);
#8458=ADVANCED_FACE('3762',(#8457),#8448,.T.);
#8471=EDGE_CURVE('3975',#3400,#3401,#2285,.T.);
#8473=EDGE_CURVE('3978',#3405,#3400,#2293,.T.);
#8475=EDGE_CURVE('3977',#3403,#3405,#2297,.T.);
#8480=ADVANCED_FACE('3758',(#8479),#8470,.F.);
#8494=EDGE_CURVE('3980',#3400,#3408,#2281,.T.);
#8500=ADVANCED_FACE('3759',(#8499),#8492,.F.);
#8514=EDGE_CURVE('3989',#3419,#3405,#2301,.T.);
#8520=ADVANCED_FACE('3764',(#8519),#8512,.F.);
#8539=ADVANCED_FACE('3763',(#8538),#8532,.T.);
#8553=EDGE_CURVE('4001',#3429,#3417,#2309,.T.);
#8555=EDGE_CURVE('3999',#3429,#3427,#2313,.T.);
#8557=EDGE_CURVE('3998',#3427,#3413,#2337,.T.);
#8561=ADVANCED_FACE('3769',(#8560),#8551,.T.);
#8575=EDGE_CURVE('3996',#3421,#3425,#2329,.T.);
#8577=EDGE_CURVE('4000',#3425,#3429,#2317,.T.);
#8582=ADVANCED_FACE('3770',(#8581),#8573,.T.);
#8596=EDGE_CURVE('3994',#3423,#3412,#2325,.T.);
#8598=EDGE_CURVE('3995',#3425,#3423,#2341,.T.);
#8603=ADVANCED_FACE('3766',(#8602),#8594,.F.);
#8616=EDGE_CURVE('3997',#3423,#3427,#2345,.T.);
#8623=ADVANCED_FACE('3767',(#8622),#8615,.F.);
#8642=ADVANCED_FACE('3768',(#8641),#8635,.T.);
#8656=EDGE_CURVE('4664',#3440,#4113,#2357,.T.);
#8658=EDGE_CURVE('4009',#3440,#3441,#2349,.T.);
#8660=EDGE_CURVE('4663',#4112,#3441,#2389,.T.);
#8664=ADVANCED_FACE('3777',(#8663),#8654,.F.);
#8678=EDGE_CURVE('4662',#3445,#4120,#2393,.T.);
#8680=EDGE_CURVE('4013',#3444,#3445,#2461,.T.);
#8682=EDGE_CURVE('4665',#4121,#3444,#2361,.T.);
#8686=ADVANCED_FACE('3777',(#8685),#8676,.F.);
#8700=EDGE_CURVE('4668',#3451,#4115,#2373,.T.);
#8702=EDGE_CURVE('4021',#3451,#3440,#2353,.T.);
#8707=ADVANCED_FACE('3782',(#8706),#8698,.F.);
#8722=EDGE_CURVE('4022',#3453,#3444,#2449,.T.);
#8724=EDGE_CURVE('4669',#4123,#3453,#2377,.T.);
#8728=ADVANCED_FACE('3782',(#8727),#8719,.F.);
#8742=EDGE_CURVE('4667',#4117,#3447,#2365,.T.);
#8744=EDGE_CURVE('4020',#3447,#3451,#2369,.T.);
#8749=ADVANCED_FACE('3788',(#8748),#8740,.T.);
#8764=EDGE_CURVE('4032',#3453,#3449,#2381,.T.);
#8766=EDGE_CURVE('4666',#3449,#4125,#2385,.T.);
#8770=ADVANCED_FACE('3788',(#8769),#8761,.T.);
#8785=EDGE_CURVE('4015',#3447,#3441,#2405,.T.);
#8790=ADVANCED_FACE('3778',(#8789),#8782,.T.);
#8805=EDGE_CURVE('4017',#3445,#3449,#2433,.T.);
#8810=ADVANCED_FACE('3778',(#8809),#8802,.T.);
#8823=EDGE_CURVE('4006',#3433,#3435,#2397,.T.);
#8825=EDGE_CURVE('4018',#3447,#3435,#2401,.T.);
#8828=EDGE_CURVE('4011',#3441,#3433,#2417,.T.);
#8832=ADVANCED_FACE('3779',(#8831),#8822,.T.);
#8845=EDGE_CURVE('4005',#3432,#3433,#2413,.T.);
#8847=EDGE_CURVE('4008',#3437,#3432,#2421,.T.);
#8849=EDGE_CURVE('4007',#3435,#3437,#2425,.T.);
#8854=ADVANCED_FACE('3775',(#8853),#8844,.F.);
#8868=EDGE_CURVE('4010',#3432,#3440,#2409,.T.);
#8874=ADVANCED_FACE('3776',(#8873),#8866,.F.);
#8888=EDGE_CURVE('4019',#3451,#3437,#2429,.T.);
#8894=ADVANCED_FACE('3781',(#8893),#8886,.F.);
#8913=ADVANCED_FACE('3780',(#8912),#8906,.T.);
#8927=EDGE_CURVE('4031',#3461,#3449,#2437,.T.);
#8929=EDGE_CURVE('4029',#3461,#3459,#2441,.T.);
#8931=EDGE_CURVE('4028',#3459,#3445,#2465,.T.);
#8935=ADVANCED_FACE('3786',(#8934),#8925,.T.);
#8949=EDGE_CURVE('4026',#3453,#3457,#2457,.T.);
#8951=EDGE_CURVE('4030',#3457,#3461,#2445,.T.);
#8956=ADVANCED_FACE('3787',(#8955),#8947,.T.);
#8970=EDGE_CURVE('4024',#3455,#3444,#2453,.T.);
#8972=EDGE_CURVE('4025',#3457,#3455,#2469,.T.);
#8977=ADVANCED_FACE('3783',(#8976),#8968,.F.);
#8990=EDGE_CURVE('4027',#3455,#3459,#2473,.T.);
#8997=ADVANCED_FACE('3784',(#8996),#8989,.F.);
#9016=ADVANCED_FACE('3785',(#9015),#9009,.T.);
#9030=EDGE_CURVE('4680',#3472,#4129,#2485,.T.);
#9032=EDGE_CURVE('4037',#3472,#3473,#2477,.T.);
#9034=EDGE_CURVE('4679',#4128,#3473,#2517,.T.);
#9038=ADVANCED_FACE('3791',(#9037),#9028,.F.);
#9052=EDGE_CURVE('4678',#3477,#4136,#2521,.T.);
#9054=EDGE_CURVE('4041',#3476,#3477,#2589,.T.);
#9056=EDGE_CURVE('4681',#4137,#3476,#2489,.T.);
#9060=ADVANCED_FACE('3791',(#9059),#9050,.F.);
#9074=EDGE_CURVE('4684',#3483,#4131,#2501,.T.);
#9076=EDGE_CURVE('4049',#3483,#3472,#2481,.T.);
#9081=ADVANCED_FACE('3796',(#9080),#9072,.F.);
#9096=EDGE_CURVE('4050',#3485,#3476,#2577,.T.);
#9098=EDGE_CURVE('4685',#4139,#3485,#2505,.T.);
#9102=ADVANCED_FACE('3796',(#9101),#9093,.F.);
#9116=EDGE_CURVE('4683',#4133,#3479,#2493,.T.);
#9118=EDGE_CURVE('4048',#3479,#3483,#2497,.T.);
#9123=ADVANCED_FACE('3802',(#9122),#9114,.T.);
#9138=EDGE_CURVE('4060',#3485,#3481,#2509,.T.);
#9140=EDGE_CURVE('4682',#3481,#4141,#2513,.T.);
#9144=ADVANCED_FACE('3802',(#9143),#9135,.T.);
#9159=EDGE_CURVE('4043',#3479,#3473,#2533,.T.);
#9164=ADVANCED_FACE('3792',(#9163),#9156,.T.);
#9179=EDGE_CURVE('4045',#3477,#3481,#2561,.T.);
#9184=ADVANCED_FACE('3792',(#9183),#9176,.T.);
#9197=EDGE_CURVE('4034',#3465,#3467,#2525,.T.);
#9199=EDGE_CURVE('4046',#3479,#3467,#2529,.T.);
#9202=EDGE_CURVE('4039',#3473,#3465,#2545,.T.);
#9206=ADVANCED_FACE('3793',(#9205),#9196,.T.);
#9219=EDGE_CURVE('4033',#3464,#3465,#2541,.T.);
#9221=EDGE_CURVE('4036',#3469,#3464,#2549,.T.);
#9223=EDGE_CURVE('4035',#3467,#3469,#2553,.T.);
#9228=ADVANCED_FACE('3789',(#9227),#9218,.F.);
#9242=EDGE_CURVE('4038',#3464,#3472,#2537,.T.);
#9248=ADVANCED_FACE('3790',(#9247),#9240,.F.);
#9262=EDGE_CURVE('4047',#3483,#3469,#2557,.T.);
#9268=ADVANCED_FACE('3795',(#9267),#9260,.F.);
#9287=ADVANCED_FACE('3794',(#9286),#9280,.T.);
#9301=EDGE_CURVE('4059',#3493,#3481,#2565,.T.);
#9303=EDGE_CURVE('4057',#3493,#3491,#2569,.T.);
#9305=EDGE_CURVE('4056',#3491,#3477,#2593,.T.);
#9309=ADVANCED_FACE('3800',(#9308),#9299,.T.);
#9323=EDGE_CURVE('4054',#3485,#3489,#2585,.T.);
#9325=EDGE_CURVE('4058',#3489,#3493,#2573,.T.);
#9330=ADVANCED_FACE('3801',(#9329),#9321,.T.);
#9344=EDGE_CURVE('4052',#3487,#3476,#2581,.T.);
#9346=EDGE_CURVE('4053',#3489,#3487,#2597,.T.);
#9351=ADVANCED_FACE('3797',(#9350),#9342,.F.);
#9364=EDGE_CURVE('4055',#3487,#3491,#2601,.T.);
#9371=ADVANCED_FACE('3798',(#9370),#9363,.F.);
#9390=ADVANCED_FACE('3799',(#9389),#9383,.T.);
#9404=EDGE_CURVE('4696',#3504,#4145,#2613,.T.);
#9406=EDGE_CURVE('4065',#3504,#3505,#2605,.T.);
#9408=EDGE_CURVE('4695',#4144,#3505,#2645,.T.);
#9412=ADVANCED_FACE('3805',(#9411),#9402,.F.);
#9426=EDGE_CURVE('4694',#3509,#4152,#2649,.T.);
#9428=EDGE_CURVE('4069',#3508,#3509,#2717,.T.);
#9430=EDGE_CURVE('4697',#4153,#3508,#2617,.T.);
#9434=ADVANCED_FACE('3805',(#9433),#9424,.F.);
#9448=EDGE_CURVE('4700',#3515,#4147,#2629,.T.);
#9450=EDGE_CURVE('4077',#3515,#3504,#2609,.T.);
#9455=ADVANCED_FACE('3810',(#9454),#9446,.F.);
#9470=EDGE_CURVE('4078',#3517,#3508,#2705,.T.);
#9472=EDGE_CURVE('4701',#4155,#3517,#2633,.T.);
#9476=ADVANCED_FACE('3810',(#9475),#9467,.F.);
#9490=EDGE_CURVE('4699',#4149,#3511,#2621,.T.);
#9492=EDGE_CURVE('4076',#3511,#3515,#2625,.T.);
#9497=ADVANCED_FACE('3816',(#9496),#9488,.T.);
#9512=EDGE_CURVE('4088',#3517,#3513,#2637,.T.);
#9514=EDGE_CURVE('4698',#3513,#4157,#2641,.T.);
#9518=ADVANCED_FACE('3816',(#9517),#9509,.T.);
#9533=EDGE_CURVE('4071',#3511,#3505,#2661,.T.);
#9538=ADVANCED_FACE('3806',(#9537),#9530,.T.);
#9553=EDGE_CURVE('4073',#3509,#3513,#2689,.T.);
#9558=ADVANCED_FACE('3806',(#9557),#9550,.T.);
#9571=EDGE_CURVE('4062',#3497,#3499,#2653,.T.);
#9573=EDGE_CURVE('4074',#3511,#3499,#2657,.T.);
#9576=EDGE_CURVE('4067',#3505,#3497,#2673,.T.);
#9580=ADVANCED_FACE('3807',(#9579),#9570,.T.);
#9593=EDGE_CURVE('4061',#3496,#3497,#2669,.T.);
#9595=EDGE_CURVE('4064',#3501,#3496,#2677,.T.);
#9597=EDGE_CURVE('4063',#3499,#3501,#2681,.T.);
#9602=ADVANCED_FACE('3803',(#9601),#9592,.F.);
#9616=EDGE_CURVE('4066',#3496,#3504,#2665,.T.);
#9622=ADVANCED_FACE('3804',(#9621),#9614,.F.);
#9636=EDGE_CURVE('4075',#3515,#3501,#2685,.T.);
#9642=ADVANCED_FACE('3809',(#9641),#9634,.F.);
#9661=ADVANCED_FACE('3808',(#9660),#9654,.T.);
#9675=EDGE_CURVE('4087',#3525,#3513,#2693,.T.);
#9677=EDGE_CURVE('4085',#3525,#3523,#2697,.T.);
#9679=EDGE_CURVE('4084',#3523,#3509,#2721,.T.);
#9683=ADVANCED_FACE('3814',(#9682),#9673,.T.);
#9697=EDGE_CURVE('4082',#3517,#3521,#2713,.T.);
#9699=EDGE_CURVE('4086',#3521,#3525,#2701,.T.);
#9704=ADVANCED_FACE('3815',(#9703),#9695,.T.);
#9718=EDGE_CURVE('4080',#3519,#3508,#2709,.T.);
#9720=EDGE_CURVE('4081',#3521,#3519,#2725,.T.);
#9725=ADVANCED_FACE('3811',(#9724),#9716,.F.);
#9738=EDGE_CURVE('4083',#3519,#3523,#2729,.T.);
#9745=ADVANCED_FACE('3812',(#9744),#9737,.F.);
#9764=ADVANCED_FACE('3813',(#9763),#9757,.T.);
#9778=EDGE_CURVE('4712',#3536,#4161,#2741,.T.);
#9780=EDGE_CURVE('4093',#3536,#3537,#2733,.T.);
#9782=EDGE_CURVE('4711',#4160,#3537,#2773,.T.);
#9786=ADVANCED_FACE('3819',(#9785),#9776,.F.);
#9800=EDGE_CURVE('4710',#3541,#4168,#2777,.T.);
#9802=EDGE_CURVE('4097',#3540,#3541,#2845,.T.);
#9804=EDGE_CURVE('4713',#4169,#3540,#2745,.T.);
#9808=ADVANCED_FACE('3819',(#9807),#9798,.F.);
#9822=EDGE_CURVE('4716',#3547,#4163,#2757,.T.);
#9824=EDGE_CURVE('4105',#3547,#3536,#2737,.T.);
#9829=ADVANCED_FACE('3824',(#9828),#9820,.F.);
#9844=EDGE_CURVE('4106',#3549,#3540,#2833,.T.);
#9846=EDGE_CURVE('4717',#4171,#3549,#2761,.T.);
#9850=ADVANCED_FACE('3824',(#9849),#9841,.F.);
#9864=EDGE_CURVE('4715',#4165,#3543,#2749,.T.);
#9866=EDGE_CURVE('4104',#3543,#3547,#2753,.T.);
#9871=ADVANCED_FACE('3830',(#9870),#9862,.T.);
#9886=EDGE_CURVE('4116',#3549,#3545,#2765,.T.);
#9888=EDGE_CURVE('4714',#3545,#4173,#2769,.T.);
#9892=ADVANCED_FACE('3830',(#9891),#9883,.T.);
#9907=EDGE_CURVE('4099',#3543,#3537,#2789,.T.);
#9912=ADVANCED_FACE('3820',(#9911),#9904,.T.);
#9927=EDGE_CURVE('4101',#3541,#3545,#2817,.T.);
#9932=ADVANCED_FACE('3820',(#9931),#9924,.T.);
#9945=EDGE_CURVE('4090',#3529,#3531,#2781,.T.);
#9947=EDGE_CURVE('4102',#3543,#3531,#2785,.T.);
#9950=EDGE_CURVE('4095',#3537,#3529,#2801,.T.);
#9954=ADVANCED_FACE('3821',(#9953),#9944,.T.);
#9967=EDGE_CURVE('4089',#3528,#3529,#2797,.T.);
#9969=EDGE_CURVE('4092',#3533,#3528,#2805,.T.);
#9971=EDGE_CURVE('4091',#3531,#3533,#2809,.T.);
#9976=ADVANCED_FACE('3817',(#9975),#9966,.F.);
#9990=EDGE_CURVE('4094',#3528,#3536,#2793,.T.);
#9996=ADVANCED_FACE('3818',(#9995),#9988,.F.);
#10010=EDGE_CURVE('4103',#3547,#3533,#2813,.T.);
#10016=ADVANCED_FACE('3823',(#10015),#10008,.F.);
#10035=ADVANCED_FACE('3822',(#10034),#10028,.T.);
#10049=EDGE_CURVE('4115',#3557,#3545,#2821,.T.);
#10051=EDGE_CURVE('4113',#3557,#3555,#2825,.T.);
#10053=EDGE_CURVE('4112',#3555,#3541,#2849,.T.);
#10057=ADVANCED_FACE('3828',(#10056),#10047,.T.);
#10071=EDGE_CURVE('4110',#3549,#3553,#2841,.T.);
#10073=EDGE_CURVE('4114',#3553,#3557,#2829,.T.);
#10078=ADVANCED_FACE('3829',(#10077),#10069,.T.);
#10092=EDGE_CURVE('4108',#3551,#3540,#2837,.T.);
#10094=EDGE_CURVE('4109',#3553,#3551,#2853,.T.);
#10099=ADVANCED_FACE('3825',(#10098),#10090,.F.);
#10112=EDGE_CURVE('4111',#3551,#3555,#2857,.T.);
#10119=ADVANCED_FACE('3826',(#10118),#10111,.F.);
#10138=ADVANCED_FACE('3827',(#10137),#10131,.T.);
#10152=EDGE_CURVE('4728',#3568,#4177,#2869,.T.);
#10154=EDGE_CURVE('4121',#3568,#3569,#2861,.T.);
#10156=EDGE_CURVE('4727',#4176,#3569,#2893,.T.);
#10160=ADVANCED_FACE('3833',(#10159),#10150,.F.);
#10174=EDGE_CURVE('4726',#3573,#4184,#2897,.T.);
#10176=EDGE_CURVE('4125',#3572,#3573,#2981,.T.);
#10178=EDGE_CURVE('4729',#4185,#3572,#2873,.T.);
#10182=ADVANCED_FACE('3833',(#10181),#10172,.F.);
#10196=EDGE_CURVE('4733',#4179,#3579,#2865,.T.);
#10198=EDGE_CURVE('4171',#3568,#3579,#2925,.T.);
#10203=ADVANCED_FACE('3856',(#10202),#10194,.F.);
#10218=EDGE_CURVE('4172',#3581,#3572,#2965,.T.);
#10220=EDGE_CURVE('4732',#3581,#4187,#2877,.T.);
#10224=ADVANCED_FACE('3856',(#10223),#10215,.F.);
#10238=EDGE_CURVE('4731',#4181,#3575,#2881,.T.);
#10240=EDGE_CURVE('4132',#3575,#3579,#2885,.T.);
#10245=ADVANCED_FACE('3837',(#10244),#10236,.T.);
#10260=EDGE_CURVE('4134',#3577,#3581,#2953,.T.);
#10262=EDGE_CURVE('4730',#3577,#4189,#2889,.T.);
#10266=ADVANCED_FACE('3837',(#10265),#10257,.T.);
#10281=EDGE_CURVE('4127',#3575,#3569,#2909,.T.);
#10286=ADVANCED_FACE('3834',(#10285),#10278,.T.);
#10301=EDGE_CURVE('4129',#3573,#3577,#2941,.T.);
#10306=ADVANCED_FACE('3834',(#10305),#10298,.T.);
#10319=EDGE_CURVE('4118',#3561,#3563,#2901,.T.);
#10321=EDGE_CURVE('4130',#3575,#3563,#2905,.T.);
#10324=EDGE_CURVE('4123',#3569,#3561,#2921,.T.);
#10328=ADVANCED_FACE('3835',(#10327),#10318,.T.);
#10341=EDGE_CURVE('4117',#3560,#3561,#2917,.T.);
#10343=EDGE_CURVE('4120',#3565,#3560,#2929,.T.);
#10345=EDGE_CURVE('4119',#3563,#3565,#2933,.T.);
#10350=ADVANCED_FACE('3831',(#10349),#10340,.F.);
#10364=EDGE_CURVE('4122',#3560,#3568,#2913,.T.);
#10370=ADVANCED_FACE('3832',(#10369),#10362,.F.);
#10384=EDGE_CURVE('4131',#3579,#3565,#2937,.T.);
#10390=ADVANCED_FACE('3857',(#10389),#10382,.F.);
#10409=ADVANCED_FACE('3836',(#10408),#10402,.T.);
#10423=EDGE_CURVE('4137',#3577,#3585,#2961,.T.);
#10425=EDGE_CURVE('4138',#3585,#3587,#2945,.T.);
#10427=EDGE_CURVE('4141',#3573,#3587,#2949,.T.);
#10431=ADVANCED_FACE('3840',(#10430),#10421,.T.);
#10445=EDGE_CURVE('4135',#3583,#3581,#2957,.T.);
#10447=EDGE_CURVE('4136',#3585,#3583,#2985,.T.);
#10452=ADVANCED_FACE('3838',(#10451),#10443,.T.);
#10466=EDGE_CURVE('4142',#3572,#3589,#2977,.T.);
#10468=EDGE_CURVE('4139',#3589,#3583,#2969,.T.);
#10473=ADVANCED_FACE('3858',(#10472),#10464,.F.);
#10486=EDGE_CURVE('4140',#3587,#3589,#2973,.T.);
#10493=ADVANCED_FACE('3841',(#10492),#10485,.F.);
#10512=ADVANCED_FACE('3839',(#10511),#10505,.T.);
#10526=EDGE_CURVE('4744',#3600,#4193,#2997,.T.);
#10528=EDGE_CURVE('4147',#3600,#3601,#2989,.T.);
#10530=EDGE_CURVE('4743',#4192,#3601,#3029,.T.);
#10534=ADVANCED_FACE('3844',(#10533),#10524,.F.);
#10548=EDGE_CURVE('4742',#3605,#4200,#3033,.T.);
#10550=EDGE_CURVE('4151',#3604,#3605,#3101,.T.);
#10552=EDGE_CURVE('4745',#4201,#3604,#3001,.T.);
#10556=ADVANCED_FACE('3844',(#10555),#10546,.F.);
#10570=EDGE_CURVE('4748',#3611,#4195,#3013,.T.);
#10572=EDGE_CURVE('4159',#3611,#3600,#2993,.T.);
#10577=ADVANCED_FACE('3849',(#10576),#10568,.F.);
#10592=EDGE_CURVE('4160',#3613,#3604,#3089,.T.);
#10594=EDGE_CURVE('4749',#4203,#3613,#3017,.T.);
#10598=ADVANCED_FACE('3849',(#10597),#10589,.F.);
#10612=EDGE_CURVE('4747',#4197,#3607,#3005,.T.);
#10614=EDGE_CURVE('4158',#3607,#3611,#3009,.T.);
#10619=ADVANCED_FACE('3855',(#10618),#10610,.T.);
#10634=EDGE_CURVE('4170',#3613,#3609,#3021,.T.);
#10636=EDGE_CURVE('4746',#3609,#4205,#3025,.T.);
#10640=ADVANCED_FACE('3855',(#10639),#10631,.T.);
#10655=EDGE_CURVE('4153',#3607,#3601,#3045,.T.);
#10660=ADVANCED_FACE('3845',(#10659),#10652,.T.);
#10675=EDGE_CURVE('4155',#3605,#3609,#3073,.T.);
#10680=ADVANCED_FACE('3845',(#10679),#10672,.T.);
#10693=EDGE_CURVE('4144',#3593,#3595,#3037,.T.);
#10695=EDGE_CURVE('4156',#3607,#3595,#3041,.T.);
#10698=EDGE_CURVE('4149',#3601,#3593,#3057,.T.);
#10702=ADVANCED_FACE('3846',(#10701),#10692,.T.);
#10715=EDGE_CURVE('4143',#3592,#3593,#3053,.T.);
#10717=EDGE_CURVE('4146',#3597,#3592,#3061,.T.);
#10719=EDGE_CURVE('4145',#3595,#3597,#3065,.T.);
#10724=ADVANCED_FACE('3842',(#10723),#10714,.F.);
#10738=EDGE_CURVE('4148',#3592,#3600,#3049,.T.);
#10744=ADVANCED_FACE('3843',(#10743),#10736,.F.);
#10758=EDGE_CURVE('4157',#3611,#3597,#3069,.T.);
#10764=ADVANCED_FACE('3848',(#10763),#10756,.F.);
#10783=ADVANCED_FACE('3847',(#10782),#10776,.T.);
#10797=EDGE_CURVE('4169',#3621,#3609,#3077,.T.);
#10799=EDGE_CURVE('4167',#3621,#3619,#3081,.T.);
#10801=EDGE_CURVE('4166',#3619,#3605,#3105,.T.);
#10805=ADVANCED_FACE('3853',(#10804),#10795,.T.);
#10819=EDGE_CURVE('4164',#3613,#3617,#3097,.T.);
#10821=EDGE_CURVE('4168',#3617,#3621,#3085,.T.);
#10826=ADVANCED_FACE('3854',(#10825),#10817,.T.);
#10840=EDGE_CURVE('4162',#3615,#3604,#3093,.T.);
#10842=EDGE_CURVE('4163',#3617,#3615,#3109,.T.);
#10847=ADVANCED_FACE('3850',(#10846),#10838,.F.);
#10860=EDGE_CURVE('4165',#3615,#3619,#3113,.T.);
#10867=ADVANCED_FACE('3851',(#10866),#10859,.F.);
#10886=ADVANCED_FACE('3852',(#10885),#10879,.T.);
#10900=EDGE_CURVE('4760',#3632,#4209,#3125,.T.);
#10902=EDGE_CURVE('4177',#3632,#3633,#3117,.T.);
#10904=EDGE_CURVE('4759',#4208,#3633,#3157,.T.);
#10908=ADVANCED_FACE('3861',(#10907),#10898,.F.);
#10922=EDGE_CURVE('4758',#3637,#4216,#3161,.T.);
#10924=EDGE_CURVE('4181',#3636,#3637,#3229,.T.);
#10926=EDGE_CURVE('4761',#4217,#3636,#3129,.T.);
#10930=ADVANCED_FACE('3861',(#10929),#10920,.F.);
#10944=EDGE_CURVE('4764',#3643,#4211,#3141,.T.);
#10946=EDGE_CURVE('4189',#3643,#3632,#3121,.T.);
#10951=ADVANCED_FACE('3866',(#10950),#10942,.F.);
#10966=EDGE_CURVE('4190',#3645,#3636,#3217,.T.);
#10968=EDGE_CURVE('4765',#4219,#3645,#3145,.T.);
#10972=ADVANCED_FACE('3866',(#10971),#10963,.F.);
#10986=EDGE_CURVE('4763',#4213,#3639,#3133,.T.);
#10988=EDGE_CURVE('4188',#3639,#3643,#3137,.T.);
#10993=ADVANCED_FACE('3872',(#10992),#10984,.T.);
#11008=EDGE_CURVE('4200',#3645,#3641,#3149,.T.);
#11010=EDGE_CURVE('4762',#3641,#4221,#3153,.T.);
#11014=ADVANCED_FACE('3872',(#11013),#11005,.T.);
#11029=EDGE_CURVE('4183',#3639,#3633,#3173,.T.);
#11034=ADVANCED_FACE('3862',(#11033),#11026,.T.);
#11049=EDGE_CURVE('4185',#3637,#3641,#3201,.T.);
#11054=ADVANCED_FACE('3862',(#11053),#11046,.T.);
#11067=EDGE_CURVE('4174',#3625,#3627,#3165,.T.);
#11069=EDGE_CURVE('4186',#3639,#3627,#3169,.T.);
#11072=EDGE_CURVE('4179',#3633,#3625,#3185,.T.);
#11076=ADVANCED_FACE('3863',(#11075),#11066,.T.);
#11089=EDGE_CURVE('4173',#3624,#3625,#3181,.T.);
#11091=EDGE_CURVE('4176',#3629,#3624,#3189,.T.);
#11093=EDGE_CURVE('4175',#3627,#3629,#3193,.T.);
#11098=ADVANCED_FACE('3859',(#11097),#11088,.F.);
#11112=EDGE_CURVE('4178',#3624,#3632,#3177,.T.);
#11118=ADVANCED_FACE('3860',(#11117),#11110,.F.);
#11132=EDGE_CURVE('4187',#3643,#3629,#3197,.T.);
#11138=ADVANCED_FACE('3865',(#11137),#11130,.F.);
#11157=ADVANCED_FACE('3864',(#11156),#11150,.T.);
#11171=EDGE_CURVE('4199',#3653,#3641,#3205,.T.);
#11173=EDGE_CURVE('4197',#3653,#3651,#3209,.T.);
#11175=EDGE_CURVE('4196',#3651,#3637,#3233,.T.);
#11179=ADVANCED_FACE('3870',(#11178),#11169,.T.);
#11193=EDGE_CURVE('4194',#3645,#3649,#3225,.T.);
#11195=EDGE_CURVE('4198',#3649,#3653,#3213,.T.);
#11200=ADVANCED_FACE('3871',(#11199),#11191,.T.);
#11214=EDGE_CURVE('4192',#3647,#3636,#3221,.T.);
#11216=EDGE_CURVE('4193',#3649,#3647,#3237,.T.);
#11221=ADVANCED_FACE('3867',(#11220),#11212,.F.);
#11234=EDGE_CURVE('4195',#3647,#3651,#3241,.T.);
#11241=ADVANCED_FACE('3868',(#11240),#11233,.F.);
#11260=ADVANCED_FACE('3869',(#11259),#11253,.T.);
#11282=ADVANCED_FACE('3702',(#11281),#11272,.F.);
#11293=(LENGTH_UNIT()NAMED_UNIT(*)SI_UNIT(.MILLI.,.METRE.));
#11296=(NAMED_UNIT(*)PLANE_ANGLE_UNIT()SI_UNIT($,.RADIAN.));
#11299=(NAMED_UNIT(*)SI_UNIT($,.STERADIAN.)SOLID_ANGLE_UNIT());
#11301=(GEOMETRIC_REPRESENTATION_CONTEXT(3)GLOBAL_UNCERTAINTY_ASSIGNED_CONTEXT((
#11300))GLOBAL_UNIT_ASSIGNED_CONTEXT((#11295,#11298,#11299))REPRESENTATION_CONTEXT('ID1','3'));
#11302=ADVANCED_BREP_SHAPE_REPRESENTATION('',(#11291),#11301);
#11310=PRODUCT_DEFINITION('part definition','',#11309,#11306);
#11311=PRODUCT_DEFINITION_SHAPE('','SHAPE FOR 69168-X12.',#11310);
#11312=SHAPE_ASPECT('','solid data associated with 69168-X12',#11311,.F.);
#11313=PROPERTY_DEFINITION('',
'shape for solid data with which properties are associated',#11312);
#11314=SHAPE_REPRESENTATION('',(#11291),#11301);
#11315=SHAPE_DEFINITION_REPRESENTATION(#11313,#11314);
#11316=(LENGTH_UNIT()NAMED_UNIT(*)SI_UNIT(.MILLI.,.METRE.));
#11322=PROPERTY_DEFINITION('geometric validation property','area of 69168-X12',
#11312);
#11323=REPRESENTATION('surface area',(#11321),#11301);
#11324=PROPERTY_DEFINITION_REPRESENTATION(#11322,#11323);
#11325=(LENGTH_UNIT()NAMED_UNIT(*)SI_UNIT(.MILLI.,.METRE.));
#11331=PROPERTY_DEFINITION('geometric validation property',
'volume of 69168-X12',#11312);
#11332=REPRESENTATION('volume',(#11330),#11301);
#11333=PROPERTY_DEFINITION_REPRESENTATION(#11331,#11332);
#11335=PROPERTY_DEFINITION('geometric validation property',
'centroid of 69168-X12',#11312);
#11336=REPRESENTATION('centroid',(#11334),#11301);
#11337=PROPERTY_DEFINITION_REPRESENTATION(#11335,#11336);
#11338=(LENGTH_UNIT()NAMED_UNIT(*)SI_UNIT(.MILLI.,.METRE.));
#11344=PROPERTY_DEFINITION('geometric validation property','area of 69168-X12',
#11311);
#11345=REPRESENTATION('surface area',(#11343),#11301);
#11346=PROPERTY_DEFINITION_REPRESENTATION(#11344,#11345);
#11347=(LENGTH_UNIT()NAMED_UNIT(*)SI_UNIT(.MILLI.,.METRE.));
#11353=PROPERTY_DEFINITION('geometric validation property',
'volume of 69168-X12',#11311);
#11354=REPRESENTATION('volume',(#11352),#11301);
#11355=PROPERTY_DEFINITION_REPRESENTATION(#11353,#11354);
#11357=PROPERTY_DEFINITION('geometric validation property',
'centroid of 69168-X12',#11311);
#11358=REPRESENTATION('centroid',(#11356),#11301);
#11359=PROPERTY_DEFINITION_REPRESENTATION(#11357,#11358);
#11360=SHAPE_DEFINITION_REPRESENTATION(#11311,#11302);
#11362=PROPERTY_DEFINITION('PDMREV','user defined attribute',#11310);
#11366=REPRESENTATION('',(#11365),#11301);
#11367=PROPERTY_DEFINITION_REPRESENTATION(#11362,#11366);
#11368=PROPERTY_DEFINITION('PDMDB','user defined attribute',#11310);
#11372=REPRESENTATION('',(#11371),#11301);
#11373=PROPERTY_DEFINITION_REPRESENTATION(#11368,#11372);
#11374=PROPERTY_DEFINITION('PDMRL','user defined attribute',#11310);
#11378=REPRESENTATION('',(#11377),#11301);
#11379=PROPERTY_DEFINITION_REPRESENTATION(#11374,#11378);
#11380=PROPERTY_DEFINITION('PROI_REVISION','user defined attribute',#11310);
#11384=REPRESENTATION('',(#11383),#11301);
#11385=PROPERTY_DEFINITION_REPRESENTATION(#11380,#11384);
#11386=PROPERTY_DEFINITION('PROI_VERSION','user defined attribute',#11310);
#11390=REPRESENTATION('',(#11389),#11301);
#11391=PROPERTY_DEFINITION_REPRESENTATION(#11386,#11390);
#11392=PROPERTY_DEFINITION('PROI_BRANCH','user defined attribute',#11310);
#11396=REPRESENTATION('',(#11395),#11301);
#11397=PROPERTY_DEFINITION_REPRESENTATION(#11392,#11396);
#11398=PROPERTY_DEFINITION('PROI_RELEASE','user defined attribute',#11310);
#11402=REPRESENTATION('',(#11401),#11301);
#11403=PROPERTY_DEFINITION_REPRESENTATION(#11398,#11402);
#11404=PROPERTY_DEFINITION('PTC_MODIFIED','user defined attribute',#11310);
#11408=REPRESENTATION('',(#11407),#11301);
#11409=PROPERTY_DEFINITION_REPRESENTATION(#11404,#11408);
#11411=REPRESENTATION('',(#11410),#11301);
#11412=PROPERTY_DEFINITION('attribute type designation','Yes No',#11405);
#11413=PROPERTY_DEFINITION_REPRESENTATION(#11412,#11411);
#11414=PROPERTY_DEFINITION('PROI_CREATED_BY','user defined attribute',#11310);
#11418=REPRESENTATION('',(#11417),#11301);
#11419=PROPERTY_DEFINITION_REPRESENTATION(#11414,#11418);
#11420=PROPERTY_DEFINITION('PROI_CREATED_ON','user defined attribute',#11310);
#11424=REPRESENTATION('',(#11423),#11301);
#11425=PROPERTY_DEFINITION_REPRESENTATION(#11420,#11424);
#11426=PROPERTY_DEFINITION('PROI_LOCATION','user defined attribute',#11310);
#11430=REPRESENTATION('',(#11429),#11301);
#11431=PROPERTY_DEFINITION_REPRESENTATION(#11426,#11430);
#11432=PROPERTY_DEFINITION('PTC_ORGANIZATION_ID','user defined attribute',
#11310);
#11436=REPRESENTATION('',(#11435),#11301);
#11437=PROPERTY_DEFINITION_REPRESENTATION(#11432,#11436);
#11438=PROPERTY_DEFINITION('PTC_WM_REVISION','user defined attribute',#11310);
#11442=REPRESENTATION('',(#11441),#11301);
#11443=PROPERTY_DEFINITION_REPRESENTATION(#11438,#11442);
#11444=PROPERTY_DEFINITION('PTC_WM_ITERATION','user defined attribute',#11310);
#11448=REPRESENTATION('',(#11447),#11301);
#11449=PROPERTY_DEFINITION_REPRESENTATION(#11444,#11448);
#11450=PROPERTY_DEFINITION('PTC_WM_VERSION','user defined attribute',#11310);
#11454=REPRESENTATION('',(#11453),#11301);
#11455=PROPERTY_DEFINITION_REPRESENTATION(#11450,#11454);
#11456=PROPERTY_DEFINITION('PTC_WM_LIFECYCLE_STATE','user defined attribute',
#11310);
#11460=REPRESENTATION('',(#11459),#11301);
#11461=PROPERTY_DEFINITION_REPRESENTATION(#11456,#11460);
#11462=PROPERTY_DEFINITION('PTC_WM_LIFECYCLE','user defined attribute',#11310);
#11466=REPRESENTATION('',(#11465),#11301);
#11467=PROPERTY_DEFINITION_REPRESENTATION(#11462,#11466);
#11468=PROPERTY_DEFINITION('PTC_WM_LOCATION','user defined attribute',#11310);
#11472=REPRESENTATION('',(#11471),#11301);
#11473=PROPERTY_DEFINITION_REPRESENTATION(#11468,#11472);
#11474=PROPERTY_DEFINITION('PTC_WM_CREATED_BY','user defined attribute',#11310);
#11478=REPRESENTATION('',(#11477),#11301);
#11479=PROPERTY_DEFINITION_REPRESENTATION(#11474,#11478);
#11480=PROPERTY_DEFINITION('PTC_WM_CREATED_ON','user defined attribute',#11310);
#11484=REPRESENTATION('',(#11483),#11301);
#11485=PROPERTY_DEFINITION_REPRESENTATION(#11480,#11484);
#11486=PROPERTY_DEFINITION('PTC_WM_MODIFIED_BY','user defined attribute',
#11310);
#11490=REPRESENTATION('',(#11489),#11301);
#11491=PROPERTY_DEFINITION_REPRESENTATION(#11486,#11490);
#11492=PROPERTY_DEFINITION('PTC_WM_MODIFIED_ON','user defined attribute',
#11310);
#11496=REPRESENTATION('',(#11495),#11301);
#11497=PROPERTY_DEFINITION_REPRESENTATION(#11492,#11496);
#11498=PROPERTY_DEFINITION('PTC_WM_TEAM','user defined attribute',#11310);
#11502=REPRESENTATION('',(#11501),#11301);
#11503=PROPERTY_DEFINITION_REPRESENTATION(#11498,#11502);
#11504=PROPERTY_DEFINITION('DOCUMENT_TYPE','user defined attribute',#11310);
#11508=REPRESENTATION('',(#11507),#11301);
#11509=PROPERTY_DEFINITION_REPRESENTATION(#11504,#11508);
ENDSEC;
END-ISO-10303-21;

