ISO-10303-21;
HEADER;
FILE_DESCRIPTION(('CAx-IF Rec.Pracs.---Model Styling and Organization---1.5---2016-08-15','CAx-IF Rec.Pracs.---Geometric and Assembly Validation Properties---4.4---2016-08-17','CAx-IF Rec.Pracs.---User Defined Attributes---1.5---2016-08-15','CAx-IF Rec.Pracs.---External References---2.1---2005-01-19'),'2;1');
FILE_NAME('465660.step','2026-08-12T01:08:47',('Unspecified'),('Unspecified'),'CAD Exchanger 3.10.2 (cadexchanger.com)','Unspecified','');
FILE_SCHEMA(('AUTOMOTIVE_DESIGN { 1 0 10303 214 1 1 1 1 }'));
ENDSEC;
DATA;
#1=APPLICATION_CONTEXT('core data for automotive mechanical design processes');
#2=APPLICATION_PROTOCOL_DEFINITION('international standard','automotive_design',2000,#1);
#3=PRODUCT_CONTEXT('',#1,'mechanical');
#4=PRODUCT('744770xxx','744770xxx',$,(#3));
#5=PRODUCT_DEFINITION_FORMATION('',$,#4);
#6=PRODUCT_DEFINITION_CONTEXT('part definition',#1,'design');
#7=PRODUCT_DEFINITION('design',$,#5,#6);
#8=PRODUCT_DEFINITION_SHAPE('',$,#7);
#9=AXIS2_PLACEMENT_3D('',#10,#11,#12);
#10=CARTESIAN_POINT('',(0.0,0.0,0.0));
#11=DIRECTION('',(0.0,0.0,1.0));
#12=DIRECTION('',(1.0,0.0,0.0));
#13=AXIS2_PLACEMENT_3D('',#14,#15,#16);
#14=CARTESIAN_POINT('',(0.0,-8.67361738E-16,0.05));
#15=DIRECTION('',(0.0,0.0,1.0));
#16=DIRECTION('',(1.0,-1.110223025E-16,0.0));
#17=AXIS2_PLACEMENT_3D('',#18,#19,#20);
#18=CARTESIAN_POINT('',(0.0,0.0,6.2));
#19=DIRECTION('',(0.0,0.0,1.0));
#20=DIRECTION('',(1.0,0.0,0.0));
#21=AXIS2_PLACEMENT_3D('',#22,#23,#24);
#22=CARTESIAN_POINT('',(1.061775174E-14,2.371144454E-14,0.0));
#23=DIRECTION('',(6.938893904E-17,-4.976952824E-17,1.0));
#24=DIRECTION('',(-1.0,2.213796723E-16,6.938893904E-17));
#25=(GEOMETRIC_REPRESENTATION_CONTEXT(3)GLOBAL_UNIT_ASSIGNED_CONTEXT((#26,#27,#28))REPRESENTATION_CONTEXT('',''));
#26=(LENGTH_UNIT()NAMED_UNIT(*)SI_UNIT(.MILLI.,.METRE.));
#27=(NAMED_UNIT(*)PLANE_ANGLE_UNIT()SI_UNIT($,.RADIAN.));
#28=(NAMED_UNIT(*)SI_UNIT($,.STERADIAN.)SOLID_ANGLE_UNIT());
#29=SHAPE_REPRESENTATION('',(#9,#13,#17,#21),#25);
#30=SHAPE_DEFINITION_REPRESENTATION(#8,#29);
#31=PRODUCT_RELATED_PRODUCT_CATEGORY('assembly',$,(#4));
#32=MANIFOLD_SOLID_BREP('',#33);
#33=CLOSED_SHELL('',(#34,#1421,#1445,#1469,#1489,#1513,#1533,#1557,#1581,#1590,#1631,#1656,#1681,#1706,#1740,#1765,#1790,#1850,#1868,#1887,#1896,#1928,#1953,#1978,#2014,#2050,#2075,#2100,#2125,#2150,#2175,#2200,#2225,#2243,#2264,#2300,#2366,#2418,#2443,#2515,#2587,#2645,#2663,#2681,#2691,#2723,#2748,#2773,#2798,#2834,#2859,#2898,#2913,#2943,#2966,#2989,#3012,#3035,#3058,#3081,#3104,#3127,#3150,#3173,#3189,#3209,#3239,#3262,#3285,#3301,#3313,#3343,#3366,#3389,#3405,#3417,#3449,#3474,#3499,#3524,#3579,#3604,#3654,#3669,#3732,#3757,#3802,#3851,#3876,#3966,#3984,#4001,#4010,#4051,#4076,#4101,#4126,#4160,#4185,#4210,#4270,#4288,#4307,#4316,#4357,#4382,#4407,#4432,#4466,#4491,#4516,#4576,#4594,#4613,#4622,#4663,#4688,#4713,#4738,#4772,#4797,#4822,#4882,#4900,#4919,#4928,#4969,#4994,#5019,#5044,#5078,#5103,#5128,#5188,#5206,#5225,#5234,#5265,#5289,#5313,#5330,#5342,#5373,#5397,#5421,#5438,#5450,#5481,#5505,#5529,#5546,#5558,#5589,#5613,#5637,#5661,#5685,#5709,#5733,#5757,#5781,#5805,#5829,#5853,#5870,#5891,#5922,#5946,#5970,#5994,#6018,#6042,#6066,#6090,#6114,#6138,#6162,#6179,#6199,#6223));
#34=ADVANCED_FACE('',(#35,#46,#57,#137,#262,#375,#456,#542,#572,#602,#697,#790,#870,#950,#1030,#1110,#1144,#1178,#1212,#1318),#1416,.F.);
#35=FACE_BOUND('',#36,.T.);
#36=EDGE_LOOP('',(#37));
#37=ORIENTED_EDGE('',*,*,#38,.T.);
#38=EDGE_CURVE('',#39,#39,#41,.T.);
#39=VERTEX_POINT('',#40);
#40=CARTESIAN_POINT('',(-2.440466238,-2.019517685,7.25));
#41=CIRCLE('',#42,0.5);
#42=AXIS2_PLACEMENT_3D('',#43,#44,#45);
#43=CARTESIAN_POINT('',(-2.940466238,-2.019517685,7.25));
#44=DIRECTION('',(0.0,0.0,-1.0));
#45=DIRECTION('',(1.0,0.0,0.0));
#46=FACE_BOUND('',#47,.T.);
#47=EDGE_LOOP('',(#48));
#48=ORIENTED_EDGE('',*,*,#49,.T.);
#49=EDGE_CURVE('',#50,#50,#52,.F.);
#50=VERTEX_POINT('',#51);
#51=CARTESIAN_POINT('',(-4.725,0.0,7.25));
#52=CIRCLE('',#53,4.725);
#53=AXIS2_PLACEMENT_3D('',#54,#55,#56);
#54=CARTESIAN_POINT('',(0.0,0.0,7.25));
#55=DIRECTION('',(0.0,0.0,-1.0));
#56=DIRECTION('',(-1.0,0.0,0.0));
#57=FACE_BOUND('',#58,.T.);
#58=EDGE_LOOP('',(#59,#70,#82,#91,#100,#109,#121,#130));
#59=ORIENTED_EDGE('',*,*,#60,.T.);
#60=EDGE_CURVE('',#61,#63,#65,.T.);
#61=VERTEX_POINT('',#62);
#62=CARTESIAN_POINT('',(0.685782365,1.703677757,7.25));
#63=VERTEX_POINT('',#64);
#64=CARTESIAN_POINT('',(2.386921727,1.703677757,7.25));
#65=B_SPLINE_CURVE_WITH_KNOTS('',3,(#66,#67,#68,#69),.UNSPECIFIED.,.F.,.U.,(4,4),(0.9,1.0),.PIECEWISE_BEZIER_KNOTS.);
#66=CARTESIAN_POINT('',(0.685782365,1.703677757,7.25));
#67=CARTESIAN_POINT('',(0.855896301,1.703677757,7.25));
#68=CARTESIAN_POINT('',(2.233819184,1.703677757,7.25));
#69=CARTESIAN_POINT('',(2.386921727,1.703677757,7.25));
#70=ORIENTED_EDGE('',*,*,#71,.T.);
#71=EDGE_CURVE('',#63,#72,#74,.T.);
#72=VERTEX_POINT('',#73);
#73=CARTESIAN_POINT('',(2.807251108,1.703677757,7.25));
#74=B_SPLINE_CURVE_WITH_KNOTS('',3,(#75,#76,#77,#78,#79,#80,#81),.UNSPECIFIED.,.F.,.U.,(4,3,4),(0.0,0.1,0.2),.PIECEWISE_BEZIER_KNOTS.);
#75=CARTESIAN_POINT('',(2.386921727,1.703677757,7.25));
#76=CARTESIAN_POINT('',(2.401901182,1.806325608,7.25));
#77=CARTESIAN_POINT('',(2.490287953,1.885160647,7.25));
#78=CARTESIAN_POINT('',(2.597086417,1.885160647,7.25));
#79=CARTESIAN_POINT('',(2.703884881,1.885160647,7.25));
#80=CARTESIAN_POINT('',(2.792271652,1.806325608,7.25));
#81=CARTESIAN_POINT('',(2.807251108,1.703677757,7.25));
#82=ORIENTED_EDGE('',*,*,#83,.T.);
#83=EDGE_CURVE('',#72,#84,#86,.T.);
#84=VERTEX_POINT('',#85);
#85=CARTESIAN_POINT('',(3.089200117,1.703677757,7.25));
#86=B_SPLINE_CURVE_WITH_KNOTS('',3,(#87,#88,#89,#90),.UNSPECIFIED.,.F.,.U.,(4,4),(0.2,0.3),.PIECEWISE_BEZIER_KNOTS.);
#87=CARTESIAN_POINT('',(2.807251108,1.703677757,7.25));
#88=CARTESIAN_POINT('',(2.835446009,1.703677757,7.25));
#89=CARTESIAN_POINT('',(3.063824706,1.703677757,7.25));
#90=CARTESIAN_POINT('',(3.089200117,1.703677757,7.25));
#91=ORIENTED_EDGE('',*,*,#92,.T.);
#92=EDGE_CURVE('',#84,#93,#95,.T.);
#93=VERTEX_POINT('',#94);
#94=CARTESIAN_POINT('',(3.089200117,1.641870873,7.25));
#95=B_SPLINE_CURVE_WITH_KNOTS('',3,(#96,#97,#98,#99),.UNSPECIFIED.,.F.,.U.,(4,4),(0.3,0.4),.PIECEWISE_BEZIER_KNOTS.);
#96=CARTESIAN_POINT('',(3.089200117,1.703677757,7.25));
#97=CARTESIAN_POINT('',(3.089200117,1.697497068,7.25));
#98=CARTESIAN_POINT('',(3.089200117,1.647433492,7.25));
#99=CARTESIAN_POINT('',(3.089200117,1.641870873,7.25));
#100=ORIENTED_EDGE('',*,*,#101,.T.);
#101=EDGE_CURVE('',#93,#102,#104,.T.);
#102=VERTEX_POINT('',#103);
#103=CARTESIAN_POINT('',(2.807251108,1.641870873,7.25));
#104=B_SPLINE_CURVE_WITH_KNOTS('',3,(#105,#106,#107,#108),.UNSPECIFIED.,.F.,.U.,(4,4),(0.4,0.5),.PIECEWISE_BEZIER_KNOTS.);
#105=CARTESIAN_POINT('',(3.089200117,1.641870873,7.25));
#106=CARTESIAN_POINT('',(3.061005216,1.641870873,7.25));
#107=CARTESIAN_POINT('',(2.832626518,1.641870873,7.25));
#108=CARTESIAN_POINT('',(2.807251108,1.641870873,7.25));
#109=ORIENTED_EDGE('',*,*,#110,.T.);
#110=EDGE_CURVE('',#102,#111,#113,.T.);
#111=VERTEX_POINT('',#112);
#112=CARTESIAN_POINT('',(2.386921727,1.641870873,7.25));
#113=B_SPLINE_CURVE_WITH_KNOTS('',3,(#114,#115,#116,#117,#118,#119,#120),.UNSPECIFIED.,.F.,.U.,(4,3,4),(0.5,0.6,0.7),.PIECEWISE_BEZIER_KNOTS.);
#114=CARTESIAN_POINT('',(2.807251108,1.641870873,7.25));
#115=CARTESIAN_POINT('',(2.792271652,1.539223022,7.25));
#116=CARTESIAN_POINT('',(2.703884881,1.460387982,7.25));
#117=CARTESIAN_POINT('',(2.597086417,1.460387982,7.25));
#118=CARTESIAN_POINT('',(2.490287953,1.460387982,7.25));
#119=CARTESIAN_POINT('',(2.401901182,1.539223022,7.25));
#120=CARTESIAN_POINT('',(2.386921727,1.641870873,7.25));
#121=ORIENTED_EDGE('',*,*,#122,.T.);
#122=EDGE_CURVE('',#111,#123,#125,.T.);
#123=VERTEX_POINT('',#124);
#124=CARTESIAN_POINT('',(0.64962414,1.641870873,7.25));
#125=B_SPLINE_CURVE_WITH_KNOTS('',3,(#126,#127,#128,#129),.UNSPECIFIED.,.F.,.U.,(4,4),(0.7,0.8),.PIECEWISE_BEZIER_KNOTS.);
#126=CARTESIAN_POINT('',(2.386921727,1.641870873,7.25));
#127=CARTESIAN_POINT('',(2.213191968,1.641870873,7.25));
#128=CARTESIAN_POINT('',(0.805980923,1.641870873,7.25));
#129=CARTESIAN_POINT('',(0.64962414,1.641870873,7.25));
#130=ORIENTED_EDGE('',*,*,#131,.T.);
#131=EDGE_CURVE('',#123,#61,#132,.T.);
#132=B_SPLINE_CURVE_WITH_KNOTS('',3,(#133,#134,#135,#136),.UNSPECIFIED.,.F.,.U.,(4,4),(0.8,0.9),.PIECEWISE_BEZIER_KNOTS.);
#133=CARTESIAN_POINT('',(0.64962414,1.641870873,7.25));
#134=CARTESIAN_POINT('',(0.653239963,1.648051561,7.25));
#135=CARTESIAN_POINT('',(0.682528125,1.698115137,7.25));
#136=CARTESIAN_POINT('',(0.685782365,1.703677757,7.25));
#137=FACE_BOUND('',#138,.T.);
#138=EDGE_LOOP('',(#139,#150,#159,#168,#177,#189,#201,#210,#219,#228,#237,#246,#255));
#139=ORIENTED_EDGE('',*,*,#140,.T.);
#140=EDGE_CURVE('',#141,#143,#145,.T.);
#141=VERTEX_POINT('',#142);
#142=CARTESIAN_POINT('',(-2.183279743,-0.777765273,7.25));
#143=VERTEX_POINT('',#144);
#144=CARTESIAN_POINT('',(-2.183279743,-1.600916399,7.25));
#145=B_SPLINE_CURVE_WITH_KNOTS('',3,(#146,#147,#148,#149),.UNSPECIFIED.,.F.,.U.,(4,4),(0.878124203,0.984247346),.PIECEWISE_BEZIER_KNOTS.);
#146=CARTESIAN_POINT('',(-2.183279743,-0.777765273,7.25));
#147=CARTESIAN_POINT('',(-2.183279743,-1.052148982,7.25));
#148=CARTESIAN_POINT('',(-2.183279743,-1.32653269,7.25));
#149=CARTESIAN_POINT('',(-2.183279743,-1.600916399,7.25));
#150=ORIENTED_EDGE('',*,*,#151,.T.);
#151=EDGE_CURVE('',#143,#152,#154,.T.);
#152=VERTEX_POINT('',#153);
#153=CARTESIAN_POINT('',(-2.305466238,-1.600916399,7.25));
#154=B_SPLINE_CURVE_WITH_KNOTS('',3,(#155,#156,#157,#158),.UNSPECIFIED.,.F.,.U.,(4,4),(0.984247346,1.0),.PIECEWISE_BEZIER_KNOTS.);
#155=CARTESIAN_POINT('',(-2.183279743,-1.600916399,7.25));
#156=CARTESIAN_POINT('',(-2.224008574,-1.600916399,7.25));
#157=CARTESIAN_POINT('',(-2.264737406,-1.600916399,7.25));
#158=CARTESIAN_POINT('',(-2.305466238,-1.600916399,7.25));
#159=ORIENTED_EDGE('',*,*,#160,.T.);
#160=EDGE_CURVE('',#152,#161,#163,.T.);
#161=VERTEX_POINT('',#162);
#162=CARTESIAN_POINT('',(-2.305466238,-0.635,7.25));
#163=B_SPLINE_CURVE_WITH_KNOTS('',3,(#164,#165,#166,#167),.UNSPECIFIED.,.F.,.U.,(4,4),(0.0,0.124528876),.PIECEWISE_BEZIER_KNOTS.);
#164=CARTESIAN_POINT('',(-2.305466238,-1.600916399,7.25));
#165=CARTESIAN_POINT('',(-2.305466238,-1.278944266,7.25));
#166=CARTESIAN_POINT('',(-2.305466238,-0.956972133,7.25));
#167=CARTESIAN_POINT('',(-2.305466238,-0.635,7.25));
#168=ORIENTED_EDGE('',*,*,#169,.T.);
#169=EDGE_CURVE('',#161,#170,#172,.T.);
#170=VERTEX_POINT('',#171);
#171=CARTESIAN_POINT('',(-2.11511254,-0.635,7.25));
#172=B_SPLINE_CURVE_WITH_KNOTS('',3,(#173,#174,#175,#176),.UNSPECIFIED.,.F.,.U.,(4,4),(0.124528876,0.149069853),.PIECEWISE_BEZIER_KNOTS.);
#173=CARTESIAN_POINT('',(-2.305466238,-0.635,7.25));
#174=CARTESIAN_POINT('',(-2.242015005,-0.635,7.25));
#175=CARTESIAN_POINT('',(-2.178563773,-0.635,7.25));
#176=CARTESIAN_POINT('',(-2.11511254,-0.635,7.25));
#177=ORIENTED_EDGE('',*,*,#178,.T.);
#178=EDGE_CURVE('',#170,#179,#181,.T.);
#179=VERTEX_POINT('',#180);
#180=CARTESIAN_POINT('',(-1.839228296,-1.462009646,7.25));
#181=B_SPLINE_CURVE_WITH_KNOTS('',3,(#182,#183,#184,#185,#186,#187,#188),.UNSPECIFIED.,.F.,.U.,(4,3,4),(0.149069853,0.24203924,0.261468231),.UNSPECIFIED.);
#182=CARTESIAN_POINT('',(-2.11511254,-0.635,7.25));
#183=CARTESIAN_POINT('',(-2.038585209,-0.862867095,7.25));
#184=CARTESIAN_POINT('',(-1.962057878,-1.090734191,7.25));
#185=CARTESIAN_POINT('',(-1.885530547,-1.318601286,7.25));
#186=CARTESIAN_POINT('',(-1.863971072,-1.382796584,7.25));
#187=CARTESIAN_POINT('',(-1.848874598,-1.430498392,7.25));
#188=CARTESIAN_POINT('',(-1.839228296,-1.462009646,7.25));
#189=ORIENTED_EDGE('',*,*,#190,.T.);
#190=EDGE_CURVE('',#179,#191,#193,.T.);
#191=VERTEX_POINT('',#192);
#192=CARTESIAN_POINT('',(-1.554340836,-0.635,7.25));
#193=B_SPLINE_CURVE_WITH_KNOTS('',3,(#194,#195,#196,#197,#198,#199,#200),.UNSPECIFIED.,.F.,.U.,(4,3,4),(0.261468231,0.282521875,0.374240109),.UNSPECIFIED.);
#194=CARTESIAN_POINT('',(-1.839228296,-1.462009646,7.25));
#195=CARTESIAN_POINT('',(-1.82829582,-1.426639871,7.25));
#196=CARTESIAN_POINT('',(-1.810932476,-1.375192926,7.25));
#197=CARTESIAN_POINT('',(-1.78778135,-1.307025723,7.25));
#198=CARTESIAN_POINT('',(-1.711523529,-1.082488804,7.25));
#199=CARTESIAN_POINT('',(-1.632154341,-0.859008574,7.25));
#200=CARTESIAN_POINT('',(-1.554340836,-0.635,7.25));
#201=ORIENTED_EDGE('',*,*,#202,.T.);
#202=EDGE_CURVE('',#191,#203,#205,.T.);
#203=VERTEX_POINT('',#204);
#204=CARTESIAN_POINT('',(-1.384565916,-0.635,7.25));
#205=B_SPLINE_CURVE_WITH_KNOTS('',3,(#206,#207,#208,#209),.UNSPECIFIED.,.F.,.U.,(4,4),(0.374240109,0.396128007),.PIECEWISE_BEZIER_KNOTS.);
#206=CARTESIAN_POINT('',(-1.554340836,-0.635,7.25));
#207=CARTESIAN_POINT('',(-1.497749196,-0.635,7.25));
#208=CARTESIAN_POINT('',(-1.441157556,-0.635,7.25));
#209=CARTESIAN_POINT('',(-1.384565916,-0.635,7.25));
#210=ORIENTED_EDGE('',*,*,#211,.T.);
#211=EDGE_CURVE('',#203,#212,#214,.T.);
#212=VERTEX_POINT('',#213);
#213=CARTESIAN_POINT('',(-1.384565916,-1.600916399,7.25));
#214=B_SPLINE_CURVE_WITH_KNOTS('',3,(#215,#216,#217,#218),.UNSPECIFIED.,.F.,.U.,(4,4),(0.396128007,0.520656883),.PIECEWISE_BEZIER_KNOTS.);
#215=CARTESIAN_POINT('',(-1.384565916,-0.635,7.25));
#216=CARTESIAN_POINT('',(-1.384565916,-0.956972133,7.25));
#217=CARTESIAN_POINT('',(-1.384565916,-1.278944266,7.25));
#218=CARTESIAN_POINT('',(-1.384565916,-1.600916399,7.25));
#219=ORIENTED_EDGE('',*,*,#220,.T.);
#220=EDGE_CURVE('',#212,#221,#223,.T.);
#221=VERTEX_POINT('',#222);
#222=CARTESIAN_POINT('',(-1.507395498,-1.600916399,7.25));
#223=B_SPLINE_CURVE_WITH_KNOTS('',3,(#224,#225,#226,#227),.UNSPECIFIED.,.F.,.U.,(4,4),(0.520656883,0.536492446),.PIECEWISE_BEZIER_KNOTS.);
#224=CARTESIAN_POINT('',(-1.384565916,-1.600916399,7.25));
#225=CARTESIAN_POINT('',(-1.42550911,-1.600916399,7.25));
#226=CARTESIAN_POINT('',(-1.466452304,-1.600916399,7.25));
#227=CARTESIAN_POINT('',(-1.507395498,-1.600916399,7.25));
#228=ORIENTED_EDGE('',*,*,#229,.T.);
#229=EDGE_CURVE('',#221,#230,#232,.T.);
#230=VERTEX_POINT('',#231);
#231=CARTESIAN_POINT('',(-1.507395498,-0.791270096,7.25));
#232=B_SPLINE_CURVE_WITH_KNOTS('',3,(#233,#234,#235,#236),.UNSPECIFIED.,.F.,.U.,(4,4),(0.536492446,0.640874506),.PIECEWISE_BEZIER_KNOTS.);
#233=CARTESIAN_POINT('',(-1.507395498,-1.600916399,7.25));
#234=CARTESIAN_POINT('',(-1.507395498,-1.331034298,7.25));
#235=CARTESIAN_POINT('',(-1.507395498,-1.061152197,7.25));
#236=CARTESIAN_POINT('',(-1.507395498,-0.791270096,7.25));
#237=ORIENTED_EDGE('',*,*,#238,.T.);
#238=EDGE_CURVE('',#230,#239,#241,.T.);
#239=VERTEX_POINT('',#240);
#240=CARTESIAN_POINT('',(-1.790996785,-1.600916399,7.25));
#241=B_SPLINE_CURVE_WITH_KNOTS('',3,(#242,#243,#244,#245),.UNSPECIFIED.,.F.,.U.,(4,4),(0.640874506,0.751474906),.PIECEWISE_BEZIER_KNOTS.);
#242=CARTESIAN_POINT('',(-1.507395498,-0.791270096,7.25));
#243=CARTESIAN_POINT('',(-1.60192926,-1.061152197,7.25));
#244=CARTESIAN_POINT('',(-1.696463023,-1.331034298,7.25));
#245=CARTESIAN_POINT('',(-1.790996785,-1.600916399,7.25));
#246=ORIENTED_EDGE('',*,*,#247,.T.);
#247=EDGE_CURVE('',#239,#248,#250,.T.);
#248=VERTEX_POINT('',#249);
#249=CARTESIAN_POINT('',(-1.904180064,-1.600916399,7.25));
#250=B_SPLINE_CURVE_WITH_KNOTS('',3,(#251,#252,#253,#254),.UNSPECIFIED.,.F.,.U.,(4,4),(0.751474906,0.766066838),.PIECEWISE_BEZIER_KNOTS.);
#251=CARTESIAN_POINT('',(-1.790996785,-1.600916399,7.25));
#252=CARTESIAN_POINT('',(-1.828724544,-1.600916399,7.25));
#253=CARTESIAN_POINT('',(-1.866452304,-1.600916399,7.25));
#254=CARTESIAN_POINT('',(-1.904180064,-1.600916399,7.25));
#255=ORIENTED_EDGE('',*,*,#256,.T.);
#256=EDGE_CURVE('',#248,#141,#257,.T.);
#257=B_SPLINE_CURVE_WITH_KNOTS('',3,(#258,#259,#260,#261),.UNSPECIFIED.,.F.,.U.,(4,4),(0.766066838,0.878124203),.PIECEWISE_BEZIER_KNOTS.);
#258=CARTESIAN_POINT('',(-1.904180064,-1.600916399,7.25));
#259=CARTESIAN_POINT('',(-1.99721329,-1.32653269,7.25));
#260=CARTESIAN_POINT('',(-2.090246517,-1.052148982,7.25));
#261=CARTESIAN_POINT('',(-2.183279743,-0.777765273,7.25));
#262=FACE_BOUND('',#263,.T.);
#263=EDGE_LOOP('',(#264,#275,#284,#314,#334,#343));
#264=ORIENTED_EDGE('',*,*,#265,.T.);
#265=EDGE_CURVE('',#266,#268,#270,.T.);
#266=VERTEX_POINT('',#267);
#267=CARTESIAN_POINT('',(-0.588424437,-1.600916399,7.25));
#268=VERTEX_POINT('',#269);
#269=CARTESIAN_POINT('',(-0.710610932,-1.600916399,7.25));
#270=B_SPLINE_CURVE_WITH_KNOTS('',3,(#271,#272,#273,#274),.UNSPECIFIED.,.F.,.U.,(4,4),(0.937795278,0.973259865),.PIECEWISE_BEZIER_KNOTS.);
#271=CARTESIAN_POINT('',(-0.588424437,-1.600916399,7.25));
#272=CARTESIAN_POINT('',(-0.629153269,-1.600916399,7.25));
#273=CARTESIAN_POINT('',(-0.669882101,-1.600916399,7.25));
#274=CARTESIAN_POINT('',(-0.710610932,-1.600916399,7.25));
#275=ORIENTED_EDGE('',*,*,#276,.T.);
#276=EDGE_CURVE('',#268,#277,#279,.T.);
#277=VERTEX_POINT('',#278);
#278=CARTESIAN_POINT('',(-0.735691318,-1.512813505,7.25));
#279=B_SPLINE_CURVE_WITH_KNOTS('',3,(#280,#281,#282,#283),.UNSPECIFIED.,.F.,.U.,(4,4),(0.973259865,1.0),.PIECEWISE_BEZIER_KNOTS.);
#280=CARTESIAN_POINT('',(-0.710610932,-1.600916399,7.25));
#281=CARTESIAN_POINT('',(-0.723472669,-1.5764791,7.25));
#282=CARTESIAN_POINT('',(-0.731832797,-1.546897106,7.25));
#283=CARTESIAN_POINT('',(-0.735691318,-1.512813505,7.25));
#284=ORIENTED_EDGE('',*,*,#285,.T.);
#285=EDGE_CURVE('',#277,#286,#288,.T.);
#286=VERTEX_POINT('',#287);
#287=CARTESIAN_POINT('',(-0.74340836,-1.156543408,7.25));
#288=B_SPLINE_CURVE_WITH_KNOTS('',3,(#289,#290,#291,#292,#293,#294,#295,#296,#297,#298,#299,#300,#301,#302,#303,#304,#305,#306,#307,#308,#309,#310,#311,#312,#313),.UNSPECIFIED.,.F.,.U.,(4,3,2,3,2,2,3,3,3,4),(0.0,0.043563822,0.079275974,0.137980882,0.185553076,0.212958796,0.240364516,0.267788989,0.299022718,0.3618741),.UNSPECIFIED.);
#289=CARTESIAN_POINT('',(-0.735691318,-1.512813505,7.25));
#290=CARTESIAN_POINT('',(-0.778135048,-1.550755627,7.25));
#291=CARTESIAN_POINT('',(-0.819935691,-1.577765273,7.25));
#292=CARTESIAN_POINT('',(-0.861093248,-1.593842444,7.25));
#293=CARTESIAN_POINT('',(-0.901474904,-1.609616528,7.25));
#294=CARTESIAN_POINT('',(-0.945337621,-1.616993569,7.25));
#295=CARTESIAN_POINT('',(-1.069453376,-1.616993569,7.25));
#296=CARTESIAN_POINT('',(-1.128617363,-1.598344051,7.25));
#297=CARTESIAN_POINT('',(-1.170418006,-1.560401929,7.25));
#298=CARTESIAN_POINT('',(-1.21154602,-1.523070347,7.25));
#299=CARTESIAN_POINT('',(-1.232797428,-1.475514469,7.25));
#300=CARTESIAN_POINT('',(-1.232797428,-1.382266881,7.25));
#301=CARTESIAN_POINT('',(-1.224437299,-1.350755627,7.25));
#302=CARTESIAN_POINT('',(-1.193569132,-1.294163987,7.25));
#303=CARTESIAN_POINT('',(-1.172990354,-1.271655949,7.25));
#304=CARTESIAN_POINT('',(-1.147266881,-1.254292605,7.25));
#305=CARTESIAN_POINT('',(-1.122283414,-1.237428764,7.25));
#306=CARTESIAN_POINT('',(-1.093247588,-1.224067524,7.25));
#307=CARTESIAN_POINT('',(-1.061736334,-1.215064309,7.25));
#308=CARTESIAN_POINT('',(-1.038803616,-1.208512103,7.25));
#309=CARTESIAN_POINT('',(-1.003215434,-1.203488746,7.25));
#310=CARTESIAN_POINT('',(-0.95562701,-1.197700965,7.25));
#311=CARTESIAN_POINT('',(-0.859816448,-1.186048329,7.25));
#312=CARTESIAN_POINT('',(-0.788424437,-1.172620579,7.25));
#313=CARTESIAN_POINT('',(-0.74340836,-1.156543408,7.25));
#314=ORIENTED_EDGE('',*,*,#315,.T.);
#315=EDGE_CURVE('',#286,#316,#318,.T.);
#316=VERTEX_POINT('',#317);
#317=CARTESIAN_POINT('',(-1.094533762,-1.115385852,7.25));
#318=B_SPLINE_CURVE_WITH_KNOTS('',3,(#319,#320,#321,#322,#323,#324,#325,#326,#327,#328,#329,#330,#331,#332,#333),.UNSPECIFIED.,.F.,.U.,(4,2,3,3,3,4),(0.3618741,0.365413816,0.403339354,0.445351932,0.482793293,0.518253237),.UNSPECIFIED.);
#319=CARTESIAN_POINT('',(-0.74340836,-1.156543408,7.25));
#320=CARTESIAN_POINT('',(-0.742765273,-1.140466238,7.25));
#321=CARTESIAN_POINT('',(-0.742765273,-1.129533762,7.25));
#322=CARTESIAN_POINT('',(-0.742765273,-1.076800643,7.25));
#323=CARTESIAN_POINT('',(-0.753697749,-1.042717042,7.25));
#324=CARTESIAN_POINT('',(-0.776205788,-1.022138264,7.25));
#325=CARTESIAN_POINT('',(-0.806119762,-0.994788345,7.25));
#326=CARTESIAN_POINT('',(-0.852090032,-0.982266881,7.25));
#327=CARTESIAN_POINT('',(-0.911897106,-0.981623794,7.25));
#328=CARTESIAN_POINT('',(-0.967189265,-0.981029255,7.25));
#329=CARTESIAN_POINT('',(-1.008360129,-0.991913183,7.25));
#330=CARTESIAN_POINT('',(-1.035369775,-1.011205788,7.25));
#331=CARTESIAN_POINT('',(-1.062257756,-1.030411489,7.25));
#332=CARTESIAN_POINT('',(-1.081672026,-1.065868167,7.25));
#333=CARTESIAN_POINT('',(-1.094533762,-1.115385852,7.25));
#334=ORIENTED_EDGE('',*,*,#335,.T.);
#335=EDGE_CURVE('',#316,#336,#338,.T.);
#336=VERTEX_POINT('',#337);
#337=CARTESIAN_POINT('',(-1.21221865,-1.099951768,7.25));
#338=B_SPLINE_CURVE_WITH_KNOTS('',3,(#339,#340,#341,#342),.UNSPECIFIED.,.F.,.U.,(4,4),(0.518253237,0.552703734),.PIECEWISE_BEZIER_KNOTS.);
#339=CARTESIAN_POINT('',(-1.094533762,-1.115385852,7.25));
#340=CARTESIAN_POINT('',(-1.133762058,-1.110241158,7.25));
#341=CARTESIAN_POINT('',(-1.172990354,-1.105096463,7.25));
#342=CARTESIAN_POINT('',(-1.21221865,-1.099951768,7.25));
#343=ORIENTED_EDGE('',*,*,#344,.T.);
#344=EDGE_CURVE('',#336,#266,#345,.T.);
#345=B_SPLINE_CURVE_WITH_KNOTS('',3,(#346,#347,#348,#349,#350,#351,#352,#353,#354,#355,#356,#357,#358,#359,#360,#361,#362,#363,#364,#365,#366,#367,#368,#369,#370,#371,#372,#373,#374),.UNSPECIFIED.,.F.,.U.,(4,3,3,2,3,2,3,3,3,3,4),(0.552703734,0.591087799,0.628264512,0.673559569,0.718372764,0.745662116,0.772951468,0.804970043,0.851074148,0.911992416,0.937795278),.UNSPECIFIED.);
#346=CARTESIAN_POINT('',(-1.21221865,-1.099951768,7.25));
#347=CARTESIAN_POINT('',(-1.20192926,-1.050434084,7.25));
#348=CARTESIAN_POINT('',(-1.184565916,-1.010562701,7.25));
#349=CARTESIAN_POINT('',(-1.160128617,-0.979694534,7.25));
#350=CARTESIAN_POINT('',(-1.136004283,-0.94922169,7.25));
#351=CARTESIAN_POINT('',(-1.10096463,-0.925675241,7.25));
#352=CARTESIAN_POINT('',(-1.055305466,-0.908954984,7.25));
#353=CARTESIAN_POINT('',(-1.009286907,-0.892103117,7.25));
#354=CARTESIAN_POINT('',(-0.956270096,-0.884517685,7.25));
#355=CARTESIAN_POINT('',(-0.836012862,-0.884517685,7.25));
#356=CARTESIAN_POINT('',(-0.78778135,-0.89159164,7.25));
#357=CARTESIAN_POINT('',(-0.749839228,-0.90573955,7.25));
#358=CARTESIAN_POINT('',(-0.712461693,-0.919676936,7.25));
#359=CARTESIAN_POINT('',(-0.68488746,-0.937250804,7.25));
#360=CARTESIAN_POINT('',(-0.650160772,-0.979694534,7.25));
#361=CARTESIAN_POINT('',(-0.637942122,-1.00670418,7.25));
#362=CARTESIAN_POINT('',(-0.630868167,-1.038858521,7.25));
#363=CARTESIAN_POINT('',(-0.626342024,-1.059431901,7.25));
#364=CARTESIAN_POINT('',(-0.624437299,-1.096093248,7.25));
#365=CARTESIAN_POINT('',(-0.624437299,-1.148826367,7.25));
#366=CARTESIAN_POINT('',(-0.624437299,-1.201773848,7.25));
#367=CARTESIAN_POINT('',(-0.624437299,-1.254721329,7.25));
#368=CARTESIAN_POINT('',(-0.624437299,-1.30766881,7.25));
#369=CARTESIAN_POINT('',(-0.624437299,-1.418279743,7.25));
#370=CARTESIAN_POINT('',(-0.621864952,-1.487733119,7.25));
#371=CARTESIAN_POINT('',(-0.617363344,-1.517315113,7.25));
#372=CARTESIAN_POINT('',(-0.612942828,-1.54636422,7.25));
#373=CARTESIAN_POINT('',(-0.602572347,-1.574549839,7.25));
#374=CARTESIAN_POINT('',(-0.588424437,-1.600916399,7.25));
#375=FACE_BOUND('',#376,.T.);
#376=EDGE_LOOP('',(#377,#399,#408,#417,#426,#435,#449));
#377=ORIENTED_EDGE('',*,*,#378,.T.);
#378=EDGE_CURVE('',#379,#381,#383,.T.);
#379=VERTEX_POINT('',#380);
#380=CARTESIAN_POINT('',(-0.108038585,-1.031141479,7.25));
#381=VERTEX_POINT('',#382);
#382=CARTESIAN_POINT('',(-0.325401929,-1.600916399,7.25));
#383=B_SPLINE_CURVE_WITH_KNOTS('',3,(#384,#385,#386,#387,#388,#389,#390,#391,#392,#393,#394,#395,#396,#397,#398),.UNSPECIFIED.,.F.,.U.,(4,2,3,3,3,4),(0.610615743,0.64951561,0.683995038,0.719625122,0.782799083,0.947219657),.UNSPECIFIED.);
#384=CARTESIAN_POINT('',(-0.108038585,-1.031141479,7.25));
#385=CARTESIAN_POINT('',(-0.136334405,-1.015064309,7.25));
#386=CARTESIAN_POINT('',(-0.165273312,-1.00670418,7.25));
#387=CARTESIAN_POINT('',(-0.218649518,-1.00670418,7.25));
#388=CARTESIAN_POINT('',(-0.241800643,-1.014421222,7.25));
#389=CARTESIAN_POINT('',(-0.261736334,-1.030498392,7.25));
#390=CARTESIAN_POINT('',(-0.281747444,-1.046636384,7.25));
#391=CARTESIAN_POINT('',(-0.296463023,-1.067797428,7.25));
#392=CARTESIAN_POINT('',(-0.305466238,-1.095450161,7.25));
#393=CARTESIAN_POINT('',(-0.31919339,-1.137612127,7.25));
#394=CARTESIAN_POINT('',(-0.325401929,-1.184196141,7.25));
#395=CARTESIAN_POINT('',(-0.325401929,-1.234356913,7.25));
#396=CARTESIAN_POINT('',(-0.325401929,-1.356543408,7.25));
#397=CARTESIAN_POINT('',(-0.325401929,-1.478729904,7.25));
#398=CARTESIAN_POINT('',(-0.325401929,-1.600916399,7.25));
#399=ORIENTED_EDGE('',*,*,#400,.T.);
#400=EDGE_CURVE('',#381,#401,#403,.T.);
#401=VERTEX_POINT('',#402);
#402=CARTESIAN_POINT('',(-0.443086817,-1.600916399,7.25));
#403=B_SPLINE_CURVE_WITH_KNOTS('',3,(#404,#405,#406,#407),.UNSPECIFIED.,.F.,.U.,(4,4),(0.947219657,1.0),.PIECEWISE_BEZIER_KNOTS.);
#404=CARTESIAN_POINT('',(-0.325401929,-1.600916399,7.25));
#405=CARTESIAN_POINT('',(-0.364630225,-1.600916399,7.25));
#406=CARTESIAN_POINT('',(-0.403858521,-1.600916399,7.25));
#407=CARTESIAN_POINT('',(-0.443086817,-1.600916399,7.25));
#408=ORIENTED_EDGE('',*,*,#409,.T.);
#409=EDGE_CURVE('',#401,#410,#412,.T.);
#410=VERTEX_POINT('',#411);
#411=CARTESIAN_POINT('',(-0.443086817,-0.899951768,7.25));
#412=B_SPLINE_CURVE_WITH_KNOTS('',3,(#413,#414,#415,#416),.UNSPECIFIED.,.F.,.U.,(4,4),(0.0,0.314374721),.PIECEWISE_BEZIER_KNOTS.);
#413=CARTESIAN_POINT('',(-0.443086817,-1.600916399,7.25));
#414=CARTESIAN_POINT('',(-0.443086817,-1.367261522,7.25));
#415=CARTESIAN_POINT('',(-0.443086817,-1.133606645,7.25));
#416=CARTESIAN_POINT('',(-0.443086817,-0.899951768,7.25));
#417=ORIENTED_EDGE('',*,*,#418,.T.);
#418=EDGE_CURVE('',#410,#419,#421,.T.);
#419=VERTEX_POINT('',#420);
#420=CARTESIAN_POINT('',(-0.336334405,-0.899951768,7.25));
#421=B_SPLINE_CURVE_WITH_KNOTS('',3,(#422,#423,#424,#425),.UNSPECIFIED.,.F.,.U.,(4,4),(0.314374721,0.362251972),.PIECEWISE_BEZIER_KNOTS.);
#422=CARTESIAN_POINT('',(-0.443086817,-0.899951768,7.25));
#423=CARTESIAN_POINT('',(-0.40750268,-0.899951768,7.25));
#424=CARTESIAN_POINT('',(-0.371918542,-0.899951768,7.25));
#425=CARTESIAN_POINT('',(-0.336334405,-0.899951768,7.25));
#426=ORIENTED_EDGE('',*,*,#427,.T.);
#427=EDGE_CURVE('',#419,#428,#430,.T.);
#428=VERTEX_POINT('',#429);
#429=CARTESIAN_POINT('',(-0.336334405,-1.006061093,7.25));
#430=B_SPLINE_CURVE_WITH_KNOTS('',3,(#431,#432,#433,#434),.UNSPECIFIED.,.F.,.U.,(4,4),(0.362251972,0.409840806),.PIECEWISE_BEZIER_KNOTS.);
#431=CARTESIAN_POINT('',(-0.336334405,-0.899951768,7.25));
#432=CARTESIAN_POINT('',(-0.336334405,-0.935321543,7.25));
#433=CARTESIAN_POINT('',(-0.336334405,-0.970691318,7.25));
#434=CARTESIAN_POINT('',(-0.336334405,-1.006061093,7.25));
#435=ORIENTED_EDGE('',*,*,#436,.T.);
#436=EDGE_CURVE('',#428,#437,#439,.T.);
#437=VERTEX_POINT('',#438);
#438=CARTESIAN_POINT('',(-0.066881029,-0.922459807,7.25));
#439=B_SPLINE_CURVE_WITH_KNOTS('',3,(#440,#441,#442,#443,#444,#445,#446,#447,#448),.UNSPECIFIED.,.F.,.U.,(4,3,2,4),(0.409840806,0.465242073,0.502901973,0.55849516),.UNSPECIFIED.);
#440=CARTESIAN_POINT('',(-0.336334405,-1.006061093,7.25));
#441=CARTESIAN_POINT('',(-0.309324759,-0.956543408,7.25));
#442=CARTESIAN_POINT('',(-0.28488746,-0.923745981,7.25));
#443=CARTESIAN_POINT('',(-0.262379421,-0.908311897,7.25));
#444=CARTESIAN_POINT('',(-0.239134029,-0.892372199,7.25));
#445=CARTESIAN_POINT('',(-0.21414791,-0.884517685,7.25));
#446=CARTESIAN_POINT('',(-0.147266881,-0.884517685,7.25));
#447=CARTESIAN_POINT('',(-0.107395498,-0.897379421,7.25));
#448=CARTESIAN_POINT('',(-0.066881029,-0.922459807,7.25));
#449=ORIENTED_EDGE('',*,*,#450,.T.);
#450=EDGE_CURVE('',#437,#379,#451,.T.);
#451=B_SPLINE_CURVE_WITH_KNOTS('',3,(#452,#453,#454,#455),.UNSPECIFIED.,.F.,.U.,(4,4),(0.55849516,0.610615743),.PIECEWISE_BEZIER_KNOTS.);
#452=CARTESIAN_POINT('',(-0.066881029,-0.922459807,7.25));
#453=CARTESIAN_POINT('',(-0.080600214,-0.958687031,7.25));
#454=CARTESIAN_POINT('',(-0.0943194,-0.994914255,7.25));
#455=CARTESIAN_POINT('',(-0.108038585,-1.031141479,7.25));
#456=FACE_BOUND('',#457,.T.);
#457=EDGE_LOOP('',(#458,#467,#474,#481,#488,#495,#502,#509,#516,#523,#530,#537));
#458=ORIENTED_EDGE('',*,*,#459,.T.);
#459=EDGE_CURVE('',#460,#462,#464,.T.);
#460=VERTEX_POINT('',#461);
#461=CARTESIAN_POINT('',(0.125401929,-1.323745981,7.25));
#462=VERTEX_POINT('',#463);
#463=CARTESIAN_POINT('',(0.125401929,-1.600916399,7.25));
#464=B_SPLINE_CURVE_WITH_KNOTS('',1,(#465,#466),.UNSPECIFIED.,.F.,.U.,(2,2),(0.90531839,0.971672494),.PIECEWISE_BEZIER_KNOTS.);
#465=CARTESIAN_POINT('',(0.125401929,-1.323745981,7.25));
#466=CARTESIAN_POINT('',(0.125401929,-1.600916399,7.25));
#467=ORIENTED_EDGE('',*,*,#468,.T.);
#468=EDGE_CURVE('',#462,#469,#471,.T.);
#469=VERTEX_POINT('',#470);
#470=CARTESIAN_POINT('',(0.007073955,-1.600916399,7.25));
#471=B_SPLINE_CURVE_WITH_KNOTS('',1,(#472,#473),.UNSPECIFIED.,.F.,.U.,(2,2),(0.971672494,1.0),.PIECEWISE_BEZIER_KNOTS.);
#472=CARTESIAN_POINT('',(0.125401929,-1.600916399,7.25));
#473=CARTESIAN_POINT('',(0.007073955,-1.600916399,7.25));
#474=ORIENTED_EDGE('',*,*,#475,.T.);
#475=EDGE_CURVE('',#469,#476,#478,.T.);
#476=VERTEX_POINT('',#477);
#477=CARTESIAN_POINT('',(0.007073955,-0.635,7.25));
#478=B_SPLINE_CURVE_WITH_KNOTS('',1,(#479,#480),.UNSPECIFIED.,.F.,.U.,(2,2),(0.0,0.231238664),.PIECEWISE_BEZIER_KNOTS.);
#479=CARTESIAN_POINT('',(0.007073955,-1.600916399,7.25));
#480=CARTESIAN_POINT('',(0.007073955,-0.635,7.25));
#481=ORIENTED_EDGE('',*,*,#482,.T.);
#482=EDGE_CURVE('',#476,#483,#485,.T.);
#483=VERTEX_POINT('',#484);
#484=CARTESIAN_POINT('',(0.125401929,-0.635,7.25));
#485=B_SPLINE_CURVE_WITH_KNOTS('',1,(#486,#487),.UNSPECIFIED.,.F.,.U.,(2,2),(0.231238664,0.259566171),.PIECEWISE_BEZIER_KNOTS.);
#486=CARTESIAN_POINT('',(0.007073955,-0.635,7.25));
#487=CARTESIAN_POINT('',(0.125401929,-0.635,7.25));
#488=ORIENTED_EDGE('',*,*,#489,.T.);
#489=EDGE_CURVE('',#483,#490,#492,.T.);
#490=VERTEX_POINT('',#491);
#491=CARTESIAN_POINT('',(0.125401929,-1.184196141,7.25));
#492=B_SPLINE_CURVE_WITH_KNOTS('',1,(#493,#494),.UNSPECIFIED.,.F.,.U.,(2,2),(0.259566171,0.391042748),.PIECEWISE_BEZIER_KNOTS.);
#493=CARTESIAN_POINT('',(0.125401929,-0.635,7.25));
#494=CARTESIAN_POINT('',(0.125401929,-1.184196141,7.25));
#495=ORIENTED_EDGE('',*,*,#496,.T.);
#496=EDGE_CURVE('',#490,#497,#499,.T.);
#497=VERTEX_POINT('',#498);
#498=CARTESIAN_POINT('',(0.407717042,-0.899951768,7.25));
#499=B_SPLINE_CURVE_WITH_KNOTS('',1,(#500,#501),.UNSPECIFIED.,.F.,.U.,(2,2),(0.391042748,0.486950552),.PIECEWISE_BEZIER_KNOTS.);
#500=CARTESIAN_POINT('',(0.125401929,-1.184196141,7.25));
#501=CARTESIAN_POINT('',(0.407717042,-0.899951768,7.25));
#502=ORIENTED_EDGE('',*,*,#503,.T.);
#503=EDGE_CURVE('',#497,#504,#506,.T.);
#504=VERTEX_POINT('',#505);
#505=CARTESIAN_POINT('',(0.562057878,-0.899951768,7.25));
#506=B_SPLINE_CURVE_WITH_KNOTS('',1,(#507,#508),.UNSPECIFIED.,.F.,.U.,(2,2),(0.486950552,0.523899473),.PIECEWISE_BEZIER_KNOTS.);
#507=CARTESIAN_POINT('',(0.407717042,-0.899951768,7.25));
#508=CARTESIAN_POINT('',(0.562057878,-0.899951768,7.25));
#509=ORIENTED_EDGE('',*,*,#510,.T.);
#510=EDGE_CURVE('',#504,#511,#513,.T.);
#511=VERTEX_POINT('',#512);
#512=CARTESIAN_POINT('',(0.293247588,-1.161045016,7.25));
#513=B_SPLINE_CURVE_WITH_KNOTS('',1,(#514,#515),.UNSPECIFIED.,.F.,.U.,(2,2),(0.523899473,0.61361111),.PIECEWISE_BEZIER_KNOTS.);
#514=CARTESIAN_POINT('',(0.562057878,-0.899951768,7.25));
#515=CARTESIAN_POINT('',(0.293247588,-1.161045016,7.25));
#516=ORIENTED_EDGE('',*,*,#517,.T.);
#517=EDGE_CURVE('',#511,#518,#520,.T.);
#518=VERTEX_POINT('',#519);
#519=CARTESIAN_POINT('',(0.589067524,-1.600916399,7.25));
#520=B_SPLINE_CURVE_WITH_KNOTS('',1,(#521,#522),.UNSPECIFIED.,.F.,.U.,(2,2),(0.61361111,0.740513906),.PIECEWISE_BEZIER_KNOTS.);
#521=CARTESIAN_POINT('',(0.293247588,-1.161045016,7.25));
#522=CARTESIAN_POINT('',(0.589067524,-1.600916399,7.25));
#523=ORIENTED_EDGE('',*,*,#524,.T.);
#524=EDGE_CURVE('',#518,#525,#527,.T.);
#525=VERTEX_POINT('',#526);
#526=CARTESIAN_POINT('',(0.44244373,-1.600916399,7.25));
#527=B_SPLINE_CURVE_WITH_KNOTS('',1,(#528,#529),.UNSPECIFIED.,.F.,.U.,(2,2),(0.740513906,0.775615381),.PIECEWISE_BEZIER_KNOTS.);
#528=CARTESIAN_POINT('',(0.589067524,-1.600916399,7.25));
#529=CARTESIAN_POINT('',(0.44244373,-1.600916399,7.25));
#530=ORIENTED_EDGE('',*,*,#531,.T.);
#531=EDGE_CURVE('',#525,#532,#534,.T.);
#532=VERTEX_POINT('',#533);
#533=CARTESIAN_POINT('',(0.207717042,-1.244003215,7.25));
#534=B_SPLINE_CURVE_WITH_KNOTS('',1,(#535,#536),.UNSPECIFIED.,.F.,.U.,(2,2),(0.775615381,0.87788176),.PIECEWISE_BEZIER_KNOTS.);
#535=CARTESIAN_POINT('',(0.44244373,-1.600916399,7.25));
#536=CARTESIAN_POINT('',(0.207717042,-1.244003215,7.25));
#537=ORIENTED_EDGE('',*,*,#538,.T.);
#538=EDGE_CURVE('',#532,#460,#539,.T.);
#539=B_SPLINE_CURVE_WITH_KNOTS('',1,(#540,#541),.UNSPECIFIED.,.F.,.U.,(2,2),(0.87788176,0.90531839),.PIECEWISE_BEZIER_KNOTS.);
#540=CARTESIAN_POINT('',(0.207717042,-1.244003215,7.25));
#541=CARTESIAN_POINT('',(0.125401929,-1.323745981,7.25));
#542=FACE_BOUND('',#543,.T.);
#543=EDGE_LOOP('',(#544,#553,#560,#567));
#544=ORIENTED_EDGE('',*,*,#545,.T.);
#545=EDGE_CURVE('',#546,#548,#550,.T.);
#546=VERTEX_POINT('',#547);
#547=CARTESIAN_POINT('',(0.802572347,-0.635,7.25));
#548=VERTEX_POINT('',#549);
#549=CARTESIAN_POINT('',(0.802572347,-0.770691318,7.25));
#550=B_SPLINE_CURVE_WITH_KNOTS('',1,(#551,#552),.UNSPECIFIED.,.F.,.U.,(2,2),(0.5,0.767088608),.PIECEWISE_BEZIER_KNOTS.);
#551=CARTESIAN_POINT('',(0.802572347,-0.635,7.25));
#552=CARTESIAN_POINT('',(0.802572347,-0.770691318,7.25));
#553=ORIENTED_EDGE('',*,*,#554,.T.);
#554=EDGE_CURVE('',#548,#555,#557,.T.);
#555=VERTEX_POINT('',#556);
#556=CARTESIAN_POINT('',(0.684244373,-0.770691318,7.25));
#557=B_SPLINE_CURVE_WITH_KNOTS('',1,(#558,#559),.UNSPECIFIED.,.F.,.U.,(2,2),(0.767088608,1.0),.PIECEWISE_BEZIER_KNOTS.);
#558=CARTESIAN_POINT('',(0.802572347,-0.770691318,7.25));
#559=CARTESIAN_POINT('',(0.684244373,-0.770691318,7.25));
#560=ORIENTED_EDGE('',*,*,#561,.T.);
#561=EDGE_CURVE('',#555,#562,#564,.T.);
#562=VERTEX_POINT('',#563);
#563=CARTESIAN_POINT('',(0.684244373,-0.635,7.25));
#564=B_SPLINE_CURVE_WITH_KNOTS('',1,(#565,#566),.UNSPECIFIED.,.F.,.U.,(2,2),(0.0,0.267088608),.PIECEWISE_BEZIER_KNOTS.);
#565=CARTESIAN_POINT('',(0.684244373,-0.770691318,7.25));
#566=CARTESIAN_POINT('',(0.684244373,-0.635,7.25));
#567=ORIENTED_EDGE('',*,*,#568,.T.);
#568=EDGE_CURVE('',#562,#546,#569,.T.);
#569=B_SPLINE_CURVE_WITH_KNOTS('',1,(#570,#571),.UNSPECIFIED.,.F.,.U.,(2,2),(0.267088608,0.5),.PIECEWISE_BEZIER_KNOTS.);
#570=CARTESIAN_POINT('',(0.684244373,-0.635,7.25));
#571=CARTESIAN_POINT('',(0.802572347,-0.635,7.25));
#572=FACE_BOUND('',#573,.T.);
#573=EDGE_LOOP('',(#574,#583,#590,#597));
#574=ORIENTED_EDGE('',*,*,#575,.T.);
#575=EDGE_CURVE('',#576,#578,#580,.T.);
#576=VERTEX_POINT('',#577);
#577=CARTESIAN_POINT('',(0.802572347,-0.899951768,7.25));
#578=VERTEX_POINT('',#579);
#579=CARTESIAN_POINT('',(0.802572347,-1.600916399,7.25));
#580=B_SPLINE_CURVE_WITH_KNOTS('',1,(#581,#582),.UNSPECIFIED.,.F.,.U.,(2,2),(0.5,0.927786499),.PIECEWISE_BEZIER_KNOTS.);
#581=CARTESIAN_POINT('',(0.802572347,-0.899951768,7.25));
#582=CARTESIAN_POINT('',(0.802572347,-1.600916399,7.25));
#583=ORIENTED_EDGE('',*,*,#584,.T.);
#584=EDGE_CURVE('',#578,#585,#587,.T.);
#585=VERTEX_POINT('',#586);
#586=CARTESIAN_POINT('',(0.684244373,-1.600916399,7.25));
#587=B_SPLINE_CURVE_WITH_KNOTS('',1,(#588,#589),.UNSPECIFIED.,.F.,.U.,(2,2),(0.927786499,1.0),.PIECEWISE_BEZIER_KNOTS.);
#588=CARTESIAN_POINT('',(0.802572347,-1.600916399,7.25));
#589=CARTESIAN_POINT('',(0.684244373,-1.600916399,7.25));
#590=ORIENTED_EDGE('',*,*,#591,.T.);
#591=EDGE_CURVE('',#585,#592,#594,.T.);
#592=VERTEX_POINT('',#593);
#593=CARTESIAN_POINT('',(0.684244373,-0.899951768,7.25));
#594=B_SPLINE_CURVE_WITH_KNOTS('',1,(#595,#596),.UNSPECIFIED.,.F.,.U.,(2,2),(0.0,0.427786499),.PIECEWISE_BEZIER_KNOTS.);
#595=CARTESIAN_POINT('',(0.684244373,-1.600916399,7.25));
#596=CARTESIAN_POINT('',(0.684244373,-0.899951768,7.25));
#597=ORIENTED_EDGE('',*,*,#598,.T.);
#598=EDGE_CURVE('',#592,#576,#599,.T.);
#599=B_SPLINE_CURVE_WITH_KNOTS('',1,(#600,#601),.UNSPECIFIED.,.F.,.U.,(2,2),(0.427786499,0.5),.PIECEWISE_BEZIER_KNOTS.);
#600=CARTESIAN_POINT('',(0.684244373,-0.899951768,7.25));
#601=CARTESIAN_POINT('',(0.802572347,-0.899951768,7.25));
#602=FACE_BOUND('',#603,.T.);
#603=EDGE_LOOP('',(#604,#631,#640,#649,#658,#667,#690));
#604=ORIENTED_EDGE('',*,*,#605,.T.);
#605=EDGE_CURVE('',#606,#608,#610,.T.);
#606=VERTEX_POINT('',#607);
#607=CARTESIAN_POINT('',(1.432797428,-1.600916399,7.25));
#608=VERTEX_POINT('',#609);
#609=CARTESIAN_POINT('',(1.099678457,-1.600916399,7.25));
#610=B_SPLINE_CURVE_WITH_KNOTS('',3,(#611,#612,#613,#614,#615,#616,#617,#618,#619,#620,#621,#622,#623,#624,#625,#626,#627,#628,#629,#630),.UNSPECIFIED.,.F.,.U.,(4,3,3,2,3,2,3,4),(0.582301817,0.697897259,0.727682193,0.749965874,0.772249555,0.818209178,0.864168802,0.967967528),.UNSPECIFIED.);
#611=CARTESIAN_POINT('',(1.432797428,-1.600916399,7.25));
#612=CARTESIAN_POINT('',(1.432797428,-1.45857985,7.25));
#613=CARTESIAN_POINT('',(1.432797428,-1.316243301,7.25));
#614=CARTESIAN_POINT('',(1.432797428,-1.173906752,7.25));
#615=CARTESIAN_POINT('',(1.432797428,-1.125675241,7.25));
#616=CARTESIAN_POINT('',(1.42829582,-1.089662379,7.25));
#617=CARTESIAN_POINT('',(1.419292605,-1.06522508,7.25));
#618=CARTESIAN_POINT('',(1.410421143,-1.0411454,7.25));
#619=CARTESIAN_POINT('',(1.393569132,-1.022138264,7.25));
#620=CARTESIAN_POINT('',(1.345980707,-0.993842444,7.25));
#621=CARTESIAN_POINT('',(1.318327974,-0.986768489,7.25));
#622=CARTESIAN_POINT('',(1.286173633,-0.986125402,7.25));
#623=CARTESIAN_POINT('',(1.235402945,-0.985109988,7.25));
#624=CARTESIAN_POINT('',(1.191639871,-1.002845659,7.25));
#625=CARTESIAN_POINT('',(1.118327974,-1.067154341,7.25));
#626=CARTESIAN_POINT('',(1.099678457,-1.128247588,7.25));
#627=CARTESIAN_POINT('',(1.099678457,-1.217636656,7.25));
#628=CARTESIAN_POINT('',(1.099678457,-1.34539657,7.25));
#629=CARTESIAN_POINT('',(1.099678457,-1.473156484,7.25));
#630=CARTESIAN_POINT('',(1.099678457,-1.600916399,7.25));
#631=ORIENTED_EDGE('',*,*,#632,.T.);
#632=EDGE_CURVE('',#608,#633,#635,.T.);
#633=VERTEX_POINT('',#634);
#634=CARTESIAN_POINT('',(0.981350482,-1.600916399,7.25));
#635=B_SPLINE_CURVE_WITH_KNOTS('',3,(#636,#637,#638,#639),.UNSPECIFIED.,.F.,.U.,(4,4),(0.967967528,1.0),.PIECEWISE_BEZIER_KNOTS.);
#636=CARTESIAN_POINT('',(1.099678457,-1.600916399,7.25));
#637=CARTESIAN_POINT('',(1.060235798,-1.600916399,7.25));
#638=CARTESIAN_POINT('',(1.02079314,-1.600916399,7.25));
#639=CARTESIAN_POINT('',(0.981350482,-1.600916399,7.25));
#640=ORIENTED_EDGE('',*,*,#641,.T.);
#641=EDGE_CURVE('',#633,#642,#644,.T.);
#642=VERTEX_POINT('',#643);
#643=CARTESIAN_POINT('',(0.981350482,-0.899951768,7.25));
#644=B_SPLINE_CURVE_WITH_KNOTS('',3,(#645,#646,#647,#648),.UNSPECIFIED.,.F.,.U.,(4,4),(0.0,0.189757578),.PIECEWISE_BEZIER_KNOTS.);
#645=CARTESIAN_POINT('',(0.981350482,-1.600916399,7.25));
#646=CARTESIAN_POINT('',(0.981350482,-1.367261522,7.25));
#647=CARTESIAN_POINT('',(0.981350482,-1.133606645,7.25));
#648=CARTESIAN_POINT('',(0.981350482,-0.899951768,7.25));
#649=ORIENTED_EDGE('',*,*,#650,.T.);
#650=EDGE_CURVE('',#642,#651,#653,.T.);
#651=VERTEX_POINT('',#652);
#652=CARTESIAN_POINT('',(1.088102894,-0.899951768,7.25));
#653=B_SPLINE_CURVE_WITH_KNOTS('',3,(#654,#655,#656,#657),.UNSPECIFIED.,.F.,.U.,(4,4),(0.189757578,0.218656438),.PIECEWISE_BEZIER_KNOTS.);
#654=CARTESIAN_POINT('',(0.981350482,-0.899951768,7.25));
#655=CARTESIAN_POINT('',(1.01693462,-0.899951768,7.25));
#656=CARTESIAN_POINT('',(1.052518757,-0.899951768,7.25));
#657=CARTESIAN_POINT('',(1.088102894,-0.899951768,7.25));
#658=ORIENTED_EDGE('',*,*,#659,.T.);
#659=EDGE_CURVE('',#651,#660,#662,.T.);
#660=VERTEX_POINT('',#661);
#661=CARTESIAN_POINT('',(1.088102894,-0.999630225,7.25));
#662=B_SPLINE_CURVE_WITH_KNOTS('',3,(#663,#664,#665,#666),.UNSPECIFIED.,.F.,.U.,(4,4),(0.218656438,0.245640314),.PIECEWISE_BEZIER_KNOTS.);
#663=CARTESIAN_POINT('',(1.088102894,-0.899951768,7.25));
#664=CARTESIAN_POINT('',(1.088102894,-0.933177921,7.25));
#665=CARTESIAN_POINT('',(1.088102894,-0.966404073,7.25));
#666=CARTESIAN_POINT('',(1.088102894,-0.999630225,7.25));
#667=ORIENTED_EDGE('',*,*,#668,.T.);
#668=EDGE_CURVE('',#660,#669,#671,.T.);
#669=VERTEX_POINT('',#670);
#670=CARTESIAN_POINT('',(1.551125402,-1.600916399,7.25));
#671=B_SPLINE_CURVE_WITH_KNOTS('',3,(#672,#673,#674,#675,#676,#677,#678,#679,#680,#681,#682,#683,#684,#685,#686,#687,#688,#689),.UNSPECIFIED.,.F.,.U.,(4,2,3,3,3,3,4),(0.245640314,0.317563337,0.34899989,0.376335386,0.402372375,0.433633459,0.550269345),.UNSPECIFIED.);
#672=CARTESIAN_POINT('',(1.088102894,-0.999630225,7.25));
#673=CARTESIAN_POINT('',(1.139549839,-0.923102894,7.25));
#674=CARTESIAN_POINT('',(1.21414791,-0.884517685,7.25));
#675=CARTESIAN_POINT('',(1.353697749,-0.884517685,7.25));
#676=CARTESIAN_POINT('',(1.392282958,-0.892234727,7.25));
#677=CARTESIAN_POINT('',(1.427652733,-0.907025723,7.25));
#678=CARTESIAN_POINT('',(1.463251406,-0.921912441,7.25));
#679=CARTESIAN_POINT('',(1.490032154,-0.942395498,7.25));
#680=CARTESIAN_POINT('',(1.507395498,-0.966832797,7.25));
#681=CARTESIAN_POINT('',(1.525062481,-0.99169744,7.25));
#682=CARTESIAN_POINT('',(1.537620579,-1.02085209,7.25));
#683=CARTESIAN_POINT('',(1.544051447,-1.054935691,7.25));
#684=CARTESIAN_POINT('',(1.54818984,-1.076869174,7.25));
#685=CARTESIAN_POINT('',(1.551125402,-1.115385852,7.25));
#686=CARTESIAN_POINT('',(1.551125402,-1.170048232,7.25));
#687=CARTESIAN_POINT('',(1.551125402,-1.313670954,7.25));
#688=CARTESIAN_POINT('',(1.551125402,-1.457293676,7.25));
#689=CARTESIAN_POINT('',(1.551125402,-1.600916399,7.25));
#690=ORIENTED_EDGE('',*,*,#691,.T.);
#691=EDGE_CURVE('',#669,#606,#692,.T.);
#692=B_SPLINE_CURVE_WITH_KNOTS('',3,(#693,#694,#695,#696),.UNSPECIFIED.,.F.,.U.,(4,4),(0.550269345,0.582301817),.PIECEWISE_BEZIER_KNOTS.);
#693=CARTESIAN_POINT('',(1.551125402,-1.600916399,7.25));
#694=CARTESIAN_POINT('',(1.511682744,-1.600916399,7.25));
#695=CARTESIAN_POINT('',(1.472240086,-1.600916399,7.25));
#696=CARTESIAN_POINT('',(1.432797428,-1.600916399,7.25));
#697=FACE_BOUND('',#698,.T.);
#698=EDGE_LOOP('',(#699,#710,#732,#741,#760,#783));
#699=ORIENTED_EDGE('',*,*,#700,.T.);
#700=EDGE_CURVE('',#701,#703,#705,.T.);
#701=VERTEX_POINT('',#702);
#702=CARTESIAN_POINT('',(2.198713826,-0.899951768,7.25));
#703=VERTEX_POINT('',#704);
#704=CARTESIAN_POINT('',(2.305466238,-0.899951768,7.25));
#705=B_SPLINE_CURVE_WITH_KNOTS('',3,(#706,#707,#708,#709),.UNSPECIFIED.,.F.,.U.,(4,4),(0.580207516,0.606665047),.PIECEWISE_BEZIER_KNOTS.);
#706=CARTESIAN_POINT('',(2.198713826,-0.899951768,7.25));
#707=CARTESIAN_POINT('',(2.234297964,-0.899951768,7.25));
#708=CARTESIAN_POINT('',(2.269882101,-0.899951768,7.25));
#709=CARTESIAN_POINT('',(2.305466238,-0.899951768,7.25));
#710=ORIENTED_EDGE('',*,*,#711,.T.);
#711=EDGE_CURVE('',#703,#712,#714,.T.);
#712=VERTEX_POINT('',#713);
#713=CARTESIAN_POINT('',(1.711254019,-1.658151125,7.25));
#714=B_SPLINE_CURVE_WITH_KNOTS('',3,(#715,#716,#717,#718,#719,#720,#721,#722,#723,#724,#725,#726,#727,#728,#729,#730,#731),.UNSPECIFIED.,.F.,.U.,(4,3,3,2,2,3,4),(0.606665047,0.756803569,0.815199864,0.85815535,0.901110836,0.95187641,1.0),.UNSPECIFIED.);
#715=CARTESIAN_POINT('',(2.305466238,-0.899951768,7.25));
#716=CARTESIAN_POINT('',(2.305466238,-1.101881029,7.25));
#717=CARTESIAN_POINT('',(2.305466238,-1.303810289,7.25));
#718=CARTESIAN_POINT('',(2.305466238,-1.50573955,7.25));
#719=CARTESIAN_POINT('',(2.305466238,-1.614421222,7.25));
#720=CARTESIAN_POINT('',(2.294533762,-1.69159164,7.25));
#721=CARTESIAN_POINT('',(2.272025723,-1.737250804,7.25));
#722=CARTESIAN_POINT('',(2.249643408,-1.782654929,7.25));
#723=CARTESIAN_POINT('',(2.214790997,-1.81892283,7.25));
#724=CARTESIAN_POINT('',(2.118327974,-1.871655949,7.25));
#725=CARTESIAN_POINT('',(2.059163987,-1.884517685,7.25));
#726=CARTESIAN_POINT('',(1.904823151,-1.884517685,7.25));
#727=CARTESIAN_POINT('',(1.837299035,-1.865868167,7.25));
#728=CARTESIAN_POINT('',(1.78585209,-1.828569132,7.25));
#729=CARTESIAN_POINT('',(1.73409954,-1.791048533,7.25));
#730=CARTESIAN_POINT('',(1.709324759,-1.73403537,7.25));
#731=CARTESIAN_POINT('',(1.711254019,-1.658151125,7.25));
#732=ORIENTED_EDGE('',*,*,#733,.T.);
#733=EDGE_CURVE('',#712,#734,#736,.T.);
#734=VERTEX_POINT('',#735);
#735=CARTESIAN_POINT('',(1.827009646,-1.673585209,7.25));
#736=B_SPLINE_CURVE_WITH_KNOTS('',3,(#737,#738,#739,#740),.UNSPECIFIED.,.F.,.U.,(4,4),(0.0,0.028942778),.PIECEWISE_BEZIER_KNOTS.);
#737=CARTESIAN_POINT('',(1.711254019,-1.658151125,7.25));
#738=CARTESIAN_POINT('',(1.749839228,-1.66329582,7.25));
#739=CARTESIAN_POINT('',(1.788424437,-1.668440514,7.25));
#740=CARTESIAN_POINT('',(1.827009646,-1.673585209,7.25));
#741=ORIENTED_EDGE('',*,*,#742,.T.);
#742=EDGE_CURVE('',#734,#743,#745,.T.);
#743=VERTEX_POINT('',#744);
#744=CARTESIAN_POINT('',(2.18778135,-1.510241158,7.25));
#745=B_SPLINE_CURVE_WITH_KNOTS('',3,(#746,#747,#748,#749,#750,#751,#752,#753,#754,#755,#756,#757,#758,#759),.UNSPECIFIED.,.F.,.U.,(4,3,2,2,3,4),(0.028942778,0.051755771,0.08115379,0.113124136,0.145094482,0.182838977),.UNSPECIFIED.);
#746=CARTESIAN_POINT('',(1.827009646,-1.673585209,7.25));
#747=CARTESIAN_POINT('',(1.831511254,-1.710241158,7.25));
#748=CARTESIAN_POINT('',(1.845016077,-1.736607717,7.25));
#749=CARTESIAN_POINT('',(1.867524116,-1.753327974,7.25));
#750=CARTESIAN_POINT('',(1.897361179,-1.77549265,7.25));
#751=CARTESIAN_POINT('',(1.937620579,-1.787411576,7.25));
#752=CARTESIAN_POINT('',(2.045016077,-1.787411576,7.25));
#753=CARTESIAN_POINT('',(2.087459807,-1.7764791,7.25));
#754=CARTESIAN_POINT('',(2.147909968,-1.732749196,7.25));
#755=CARTESIAN_POINT('',(2.168488746,-1.701881029,7.25));
#756=CARTESIAN_POINT('',(2.178778135,-1.662009646,7.25));
#757=CARTESIAN_POINT('',(2.184936711,-1.638145165,7.25));
#758=CARTESIAN_POINT('',(2.18778135,-1.587411576,7.25));
#759=CARTESIAN_POINT('',(2.18778135,-1.510241158,7.25));
#760=ORIENTED_EDGE('',*,*,#761,.T.);
#761=EDGE_CURVE('',#743,#762,#764,.T.);
#762=VERTEX_POINT('',#763);
#763=CARTESIAN_POINT('',(2.198713826,-0.986125402,7.25));
#764=B_SPLINE_CURVE_WITH_KNOTS('',3,(#765,#766,#767,#768,#769,#770,#771,#772,#773,#774,#775,#776,#777,#778,#779,#780,#781,#782),.UNSPECIFIED.,.F.,.U.,(4,2,3,2,3,2,2,4),(0.182838977,0.235524243,0.30181987,0.369369062,0.415142527,0.45829933,0.501456133,0.558850231),.UNSPECIFIED.);
#765=CARTESIAN_POINT('',(2.18778135,-1.510241158,7.25));
#766=CARTESIAN_POINT('',(2.135048232,-1.571334405,7.25));
#767=CARTESIAN_POINT('',(2.070096463,-1.600916399,7.25));
#768=CARTESIAN_POINT('',(1.895819936,-1.600916399,7.25));
#769=CARTESIAN_POINT('',(1.821221865,-1.566832797,7.25));
#770=CARTESIAN_POINT('',(1.767845659,-1.496736334,7.25));
#771=CARTESIAN_POINT('',(1.715015443,-1.427356894,7.25));
#772=CARTESIAN_POINT('',(1.688745981,-1.344324759,7.25));
#773=CARTESIAN_POINT('',(1.688745981,-1.180337621,7.25));
#774=CARTESIAN_POINT('',(1.700321543,-1.118601286,7.25));
#775=CARTESIAN_POINT('',(1.724758842,-1.061366559,7.25));
#776=CARTESIAN_POINT('',(1.748731663,-1.00521969,7.25));
#777=CARTESIAN_POINT('',(1.784565916,-0.961688103,7.25));
#778=CARTESIAN_POINT('',(1.877170418,-0.899951768,7.25));
#779=CARTESIAN_POINT('',(1.931189711,-0.884517685,7.25));
#780=CARTESIAN_POINT('',(2.076527331,-0.884517685,7.25));
#781=CARTESIAN_POINT('',(2.144694534,-0.918601286,7.25));
#782=CARTESIAN_POINT('',(2.198713826,-0.986125402,7.25));
#783=ORIENTED_EDGE('',*,*,#784,.T.);
#784=EDGE_CURVE('',#762,#701,#785,.T.);
#785=B_SPLINE_CURVE_WITH_KNOTS('',3,(#786,#787,#788,#789),.UNSPECIFIED.,.F.,.U.,(4,4),(0.558850231,0.580207516),.PIECEWISE_BEZIER_KNOTS.);
#786=CARTESIAN_POINT('',(2.198713826,-0.986125402,7.25));
#787=CARTESIAN_POINT('',(2.198713826,-0.957400857,7.25));
#788=CARTESIAN_POINT('',(2.198713826,-0.928676313,7.25));
#789=CARTESIAN_POINT('',(2.198713826,-0.899951768,7.25));
#790=FACE_BOUND('',#791,.T.);
#791=EDGE_LOOP('',(#792,#803,#815,#824,#833,#842,#854,#863));
#792=ORIENTED_EDGE('',*,*,#793,.T.);
#793=EDGE_CURVE('',#794,#796,#798,.T.);
#794=VERTEX_POINT('',#795);
#795=CARTESIAN_POINT('',(0.404392092,1.223616798,7.25));
#796=VERTEX_POINT('',#797);
#797=CARTESIAN_POINT('',(1.677512796,1.223483766,7.25));
#798=B_SPLINE_CURVE_WITH_KNOTS('',3,(#799,#800,#801,#802),.UNSPECIFIED.,.F.,.U.,(4,4),(0.9,1.0),.PIECEWISE_BEZIER_KNOTS.);
#799=CARTESIAN_POINT('',(0.404392092,1.223616798,7.25));
#800=CARTESIAN_POINT('',(0.531704162,1.223603495,7.25));
#801=CARTESIAN_POINT('',(1.562931932,1.223495739,7.25));
#802=CARTESIAN_POINT('',(1.677512796,1.223483766,7.25));
#803=ORIENTED_EDGE('',*,*,#804,.T.);
#804=EDGE_CURVE('',#796,#805,#807,.T.);
#805=VERTEX_POINT('',#806);
#806=CARTESIAN_POINT('',(2.09781557,1.223483766,7.25));
#807=B_SPLINE_CURVE_WITH_KNOTS('',3,(#808,#809,#810,#811,#812,#813,#814),.UNSPECIFIED.,.F.,.U.,(4,3,4),(0.0,0.1,0.2),.PIECEWISE_BEZIER_KNOTS.);
#808=CARTESIAN_POINT('',(1.677512796,1.223483766,7.25));
#809=CARTESIAN_POINT('',(1.692465645,1.326131617,7.25));
#810=CARTESIAN_POINT('',(1.780852416,1.404966656,7.25));
#811=CARTESIAN_POINT('',(1.88765088,1.404966656,7.25));
#812=CARTESIAN_POINT('',(1.99447595,1.404966656,7.25));
#813=CARTESIAN_POINT('',(2.082862721,1.326131617,7.25));
#814=CARTESIAN_POINT('',(2.09781557,1.223483766,7.25));
#815=ORIENTED_EDGE('',*,*,#816,.T.);
#816=EDGE_CURVE('',#805,#817,#819,.T.);
#817=VERTEX_POINT('',#818);
#818=CARTESIAN_POINT('',(3.089200117,1.223483766,7.25));
#819=B_SPLINE_CURVE_WITH_KNOTS('',3,(#820,#821,#822,#823),.UNSPECIFIED.,.F.,.U.,(4,4),(0.2,0.3),.PIECEWISE_BEZIER_KNOTS.);
#820=CARTESIAN_POINT('',(2.09781557,1.223483766,7.25));
#821=CARTESIAN_POINT('',(2.196954025,1.223483766,7.25));
#822=CARTESIAN_POINT('',(2.999975508,1.223483766,7.25));
#823=CARTESIAN_POINT('',(3.089200117,1.223483766,7.25));
#824=ORIENTED_EDGE('',*,*,#825,.T.);
#825=EDGE_CURVE('',#817,#826,#828,.T.);
#826=VERTEX_POINT('',#827);
#827=CARTESIAN_POINT('',(3.089200117,1.161676882,7.25));
#828=B_SPLINE_CURVE_WITH_KNOTS('',3,(#829,#830,#831,#832),.UNSPECIFIED.,.F.,.U.,(4,4),(0.3,0.4),.PIECEWISE_BEZIER_KNOTS.);
#829=CARTESIAN_POINT('',(3.089200117,1.223483766,7.25));
#830=CARTESIAN_POINT('',(3.089200117,1.217303077,7.25));
#831=CARTESIAN_POINT('',(3.089200117,1.167239501,7.25));
#832=CARTESIAN_POINT('',(3.089200117,1.161676882,7.25));
#833=ORIENTED_EDGE('',*,*,#834,.T.);
#834=EDGE_CURVE('',#826,#835,#837,.T.);
#835=VERTEX_POINT('',#836);
#836=CARTESIAN_POINT('',(2.09781557,1.161676882,7.25));
#837=B_SPLINE_CURVE_WITH_KNOTS('',3,(#838,#839,#840,#841),.UNSPECIFIED.,.F.,.U.,(4,4),(0.4,0.5),.PIECEWISE_BEZIER_KNOTS.);
#838=CARTESIAN_POINT('',(3.089200117,1.161676882,7.25));
#839=CARTESIAN_POINT('',(2.990061662,1.161676882,7.25));
#840=CARTESIAN_POINT('',(2.18704018,1.161676882,7.25));
#841=CARTESIAN_POINT('',(2.09781557,1.161676882,7.25));
#842=ORIENTED_EDGE('',*,*,#843,.T.);
#843=EDGE_CURVE('',#835,#844,#846,.T.);
#844=VERTEX_POINT('',#845);
#845=CARTESIAN_POINT('',(1.677512796,1.161676882,7.25));
#846=B_SPLINE_CURVE_WITH_KNOTS('',3,(#847,#848,#849,#850,#851,#852,#853),.UNSPECIFIED.,.F.,.U.,(4,3,4),(0.5,0.6,0.7),.PIECEWISE_BEZIER_KNOTS.);
#847=CARTESIAN_POINT('',(2.09781557,1.161676882,7.25));
#848=CARTESIAN_POINT('',(2.082862721,1.059029031,7.25));
#849=CARTESIAN_POINT('',(1.99447595,0.980193991,7.25));
#850=CARTESIAN_POINT('',(1.88765088,0.980193991,7.25));
#851=CARTESIAN_POINT('',(1.780852416,0.980193991,7.25));
#852=CARTESIAN_POINT('',(1.692465645,1.059029031,7.25));
#853=CARTESIAN_POINT('',(1.677512796,1.161676882,7.25));
#854=ORIENTED_EDGE('',*,*,#855,.T.);
#855=EDGE_CURVE('',#844,#856,#858,.T.);
#856=VERTEX_POINT('',#857);
#857=CARTESIAN_POINT('',(0.367728344,1.161676882,7.25));
#858=B_SPLINE_CURVE_WITH_KNOTS('',3,(#859,#860,#861,#862),.UNSPECIFIED.,.F.,.U.,(4,4),(0.7,0.8),.PIECEWISE_BEZIER_KNOTS.);
#859=CARTESIAN_POINT('',(1.677512796,1.161676882,7.25));
#860=CARTESIAN_POINT('',(1.546534351,1.161676882,7.25));
#861=CARTESIAN_POINT('',(0.485608945,1.161676882,7.25));
#862=CARTESIAN_POINT('',(0.367728344,1.161676882,7.25));
#863=ORIENTED_EDGE('',*,*,#864,.T.);
#864=EDGE_CURVE('',#856,#794,#865,.T.);
#865=B_SPLINE_CURVE_WITH_KNOTS('',3,(#866,#867,#868,#869),.UNSPECIFIED.,.F.,.U.,(4,4),(0.8,0.9),.PIECEWISE_BEZIER_KNOTS.);
#866=CARTESIAN_POINT('',(0.367728344,1.161676882,7.25));
#867=CARTESIAN_POINT('',(0.371394719,1.167870873,7.25));
#868=CARTESIAN_POINT('',(0.401092354,1.218042206,7.25));
#869=CARTESIAN_POINT('',(0.404392092,1.223616798,7.25));
#870=FACE_BOUND('',#871,.T.);
#871=EDGE_LOOP('',(#872,#883,#895,#904,#913,#922,#934,#943));
#872=ORIENTED_EDGE('',*,*,#873,.T.);
#873=EDGE_CURVE('',#874,#876,#878,.T.);
#874=VERTEX_POINT('',#875);
#875=CARTESIAN_POINT('',(-3.089200117,0.743289775,7.25));
#876=VERTEX_POINT('',#877);
#877=CARTESIAN_POINT('',(2.386921727,0.743289775,7.25));
#878=B_SPLINE_CURVE_WITH_KNOTS('',3,(#879,#880,#881,#882),.UNSPECIFIED.,.F.,.U.,(4,4),(0.9,1.0),.PIECEWISE_BEZIER_KNOTS.);
#879=CARTESIAN_POINT('',(-3.089200117,0.743289775,7.25));
#880=CARTESIAN_POINT('',(-2.541587933,0.743289775,7.25));
#881=CARTESIAN_POINT('',(1.894070761,0.743289775,7.25));
#882=CARTESIAN_POINT('',(2.386921727,0.743289775,7.25));
#883=ORIENTED_EDGE('',*,*,#884,.T.);
#884=EDGE_CURVE('',#876,#885,#887,.T.);
#885=VERTEX_POINT('',#886);
#886=CARTESIAN_POINT('',(2.807251108,0.743289775,7.25));
#887=B_SPLINE_CURVE_WITH_KNOTS('',3,(#888,#889,#890,#891,#892,#893,#894),.UNSPECIFIED.,.F.,.U.,(4,3,4),(0.0,0.1,0.2),.PIECEWISE_BEZIER_KNOTS.);
#888=CARTESIAN_POINT('',(2.386921727,0.743289775,7.25));
#889=CARTESIAN_POINT('',(2.401901182,0.845937626,7.25));
#890=CARTESIAN_POINT('',(2.490287953,0.924772665,7.25));
#891=CARTESIAN_POINT('',(2.597086417,0.924772665,7.25));
#892=CARTESIAN_POINT('',(2.703884881,0.924772665,7.25));
#893=CARTESIAN_POINT('',(2.792271652,0.845937626,7.25));
#894=CARTESIAN_POINT('',(2.807251108,0.743289775,7.25));
#895=ORIENTED_EDGE('',*,*,#896,.T.);
#896=EDGE_CURVE('',#885,#897,#899,.T.);
#897=VERTEX_POINT('',#898);
#898=CARTESIAN_POINT('',(3.089200117,0.743289775,7.25));
#899=B_SPLINE_CURVE_WITH_KNOTS('',3,(#900,#901,#902,#903),.UNSPECIFIED.,.F.,.U.,(4,4),(0.2,0.3),.PIECEWISE_BEZIER_KNOTS.);
#900=CARTESIAN_POINT('',(2.807251108,0.743289775,7.25));
#901=CARTESIAN_POINT('',(2.835446009,0.743289775,7.25));
#902=CARTESIAN_POINT('',(3.063824706,0.743289775,7.25));
#903=CARTESIAN_POINT('',(3.089200117,0.743289775,7.25));
#904=ORIENTED_EDGE('',*,*,#905,.T.);
#905=EDGE_CURVE('',#897,#906,#908,.T.);
#906=VERTEX_POINT('',#907);
#907=CARTESIAN_POINT('',(3.089200117,0.681482891,7.25));
#908=B_SPLINE_CURVE_WITH_KNOTS('',3,(#909,#910,#911,#912),.UNSPECIFIED.,.F.,.U.,(4,4),(0.3,0.4),.PIECEWISE_BEZIER_KNOTS.);
#909=CARTESIAN_POINT('',(3.089200117,0.743289775,7.25));
#910=CARTESIAN_POINT('',(3.089200117,0.737109086,7.25));
#911=CARTESIAN_POINT('',(3.089200117,0.68704551,7.25));
#912=CARTESIAN_POINT('',(3.089200117,0.681482891,7.25));
#913=ORIENTED_EDGE('',*,*,#914,.T.);
#914=EDGE_CURVE('',#906,#915,#917,.T.);
#915=VERTEX_POINT('',#916);
#916=CARTESIAN_POINT('',(2.807251108,0.681482891,7.25));
#917=B_SPLINE_CURVE_WITH_KNOTS('',3,(#918,#919,#920,#921),.UNSPECIFIED.,.F.,.U.,(4,4),(0.4,0.5),.PIECEWISE_BEZIER_KNOTS.);
#918=CARTESIAN_POINT('',(3.089200117,0.681482891,7.25));
#919=CARTESIAN_POINT('',(3.061005216,0.681482891,7.25));
#920=CARTESIAN_POINT('',(2.832626518,0.681482891,7.25));
#921=CARTESIAN_POINT('',(2.807251108,0.681482891,7.25));
#922=ORIENTED_EDGE('',*,*,#923,.T.);
#923=EDGE_CURVE('',#915,#924,#926,.T.);
#924=VERTEX_POINT('',#925);
#925=CARTESIAN_POINT('',(2.386921727,0.681482891,7.25));
#926=B_SPLINE_CURVE_WITH_KNOTS('',3,(#927,#928,#929,#930,#931,#932,#933),.UNSPECIFIED.,.F.,.U.,(4,3,4),(0.5,0.6,0.7),.PIECEWISE_BEZIER_KNOTS.);
#927=CARTESIAN_POINT('',(2.807251108,0.681482891,7.25));
#928=CARTESIAN_POINT('',(2.792271652,0.57883504,7.25));
#929=CARTESIAN_POINT('',(2.703884881,0.5,7.25));
#930=CARTESIAN_POINT('',(2.597086417,0.5,7.25));
#931=CARTESIAN_POINT('',(2.490287953,0.5,7.25));
#932=CARTESIAN_POINT('',(2.401901182,0.57883504,7.25));
#933=CARTESIAN_POINT('',(2.386921727,0.681482891,7.25));
#934=ORIENTED_EDGE('',*,*,#935,.T.);
#935=EDGE_CURVE('',#924,#936,#938,.T.);
#936=VERTEX_POINT('',#937);
#937=CARTESIAN_POINT('',(-3.089200117,0.681482891,7.25));
#938=B_SPLINE_CURVE_WITH_KNOTS('',3,(#939,#940,#941,#942),.UNSPECIFIED.,.F.,.U.,(4,4),(0.7,0.8),.PIECEWISE_BEZIER_KNOTS.);
#939=CARTESIAN_POINT('',(2.386921727,0.681482891,7.25));
#940=CARTESIAN_POINT('',(1.839309542,0.681482891,7.25));
#941=CARTESIAN_POINT('',(-2.596349151,0.681482891,7.25));
#942=CARTESIAN_POINT('',(-3.089200117,0.681482891,7.25));
#943=ORIENTED_EDGE('',*,*,#944,.T.);
#944=EDGE_CURVE('',#936,#874,#945,.T.);
#945=B_SPLINE_CURVE_WITH_KNOTS('',3,(#946,#947,#948,#949),.UNSPECIFIED.,.F.,.U.,(4,4),(0.8,0.9),.PIECEWISE_BEZIER_KNOTS.);
#946=CARTESIAN_POINT('',(-3.089200117,0.681482891,7.25));
#947=CARTESIAN_POINT('',(-3.089200117,0.687663579,7.25));
#948=CARTESIAN_POINT('',(-3.089200117,0.737727155,7.25));
#949=CARTESIAN_POINT('',(-3.089200117,0.743289775,7.25));
#950=FACE_BOUND('',#951,.T.);
#951=EDGE_LOOP('',(#952,#963,#975,#984,#993,#1002,#1014,#1023));
#952=ORIENTED_EDGE('',*,*,#953,.T.);
#953=EDGE_CURVE('',#954,#956,#958,.T.);
#954=VERTEX_POINT('',#955);
#955=CARTESIAN_POINT('',(0.96935437,2.183845141,7.25));
#956=VERTEX_POINT('',#957);
#957=CARTESIAN_POINT('',(1.677512796,2.183845141,7.25));
#958=B_SPLINE_CURVE_WITH_KNOTS('',3,(#959,#960,#961,#962),.UNSPECIFIED.,.F.,.U.,(4,4),(0.9,1.0),.PIECEWISE_BEZIER_KNOTS.);
#959=CARTESIAN_POINT('',(0.96935437,2.183845141,7.25));
#960=CARTESIAN_POINT('',(1.040170213,2.183845141,7.25));
#961=CARTESIAN_POINT('',(1.613778538,2.183845141,7.25));
#962=CARTESIAN_POINT('',(1.677512796,2.183845141,7.25));
#963=ORIENTED_EDGE('',*,*,#964,.T.);
#964=EDGE_CURVE('',#956,#965,#967,.T.);
#965=VERTEX_POINT('',#966);
#966=CARTESIAN_POINT('',(2.09781557,2.183845141,7.25));
#967=B_SPLINE_CURVE_WITH_KNOTS('',3,(#968,#969,#970,#971,#972,#973,#974),.UNSPECIFIED.,.F.,.U.,(4,3,4),(0.0,0.1,0.2),.PIECEWISE_BEZIER_KNOTS.);
#968=CARTESIAN_POINT('',(1.677512796,2.183845141,7.25));
#969=CARTESIAN_POINT('',(1.692465645,2.286519599,7.25));
#970=CARTESIAN_POINT('',(1.780852416,2.365354638,7.25));
#971=CARTESIAN_POINT('',(1.88765088,2.365354638,7.25));
#972=CARTESIAN_POINT('',(1.99447595,2.365354638,7.25));
#973=CARTESIAN_POINT('',(2.082862721,2.286519599,7.25));
#974=CARTESIAN_POINT('',(2.09781557,2.183845141,7.25));
#975=ORIENTED_EDGE('',*,*,#976,.T.);
#976=EDGE_CURVE('',#965,#977,#979,.T.);
#977=VERTEX_POINT('',#978);
#978=CARTESIAN_POINT('',(3.089200117,2.183871748,7.25));
#979=B_SPLINE_CURVE_WITH_KNOTS('',3,(#980,#981,#982,#983),.UNSPECIFIED.,.F.,.U.,(4,4),(0.2,0.3),.PIECEWISE_BEZIER_KNOTS.);
#980=CARTESIAN_POINT('',(2.09781557,2.183845141,7.25));
#981=CARTESIAN_POINT('',(2.196954025,2.183847802,7.25));
#982=CARTESIAN_POINT('',(2.999975508,2.183869353,7.25));
#983=CARTESIAN_POINT('',(3.089200117,2.183871748,7.25));
#984=ORIENTED_EDGE('',*,*,#985,.T.);
#985=EDGE_CURVE('',#977,#986,#988,.T.);
#986=VERTEX_POINT('',#987);
#987=CARTESIAN_POINT('',(3.089200117,2.122064864,7.25));
#988=B_SPLINE_CURVE_WITH_KNOTS('',3,(#989,#990,#991,#992),.UNSPECIFIED.,.F.,.U.,(4,4),(0.3,0.4),.PIECEWISE_BEZIER_KNOTS.);
#989=CARTESIAN_POINT('',(3.089200117,2.183871748,7.25));
#990=CARTESIAN_POINT('',(3.089200117,2.177691059,7.25));
#991=CARTESIAN_POINT('',(3.089200117,2.127627483,7.25));
#992=CARTESIAN_POINT('',(3.089200117,2.122064864,7.25));
#993=ORIENTED_EDGE('',*,*,#994,.T.);
#994=EDGE_CURVE('',#986,#995,#997,.T.);
#995=VERTEX_POINT('',#996);
#996=CARTESIAN_POINT('',(2.09781557,2.122064864,7.25));
#997=B_SPLINE_CURVE_WITH_KNOTS('',3,(#998,#999,#1000,#1001),.UNSPECIFIED.,.F.,.U.,(4,4),(0.4,0.5),.PIECEWISE_BEZIER_KNOTS.);
#998=CARTESIAN_POINT('',(3.089200117,2.122064864,7.25));
#999=CARTESIAN_POINT('',(2.990061662,2.122064864,7.25));
#1000=CARTESIAN_POINT('',(2.18704018,2.122064864,7.25));
#1001=CARTESIAN_POINT('',(2.09781557,2.122064864,7.25));
#1002=ORIENTED_EDGE('',*,*,#1003,.T.);
#1003=EDGE_CURVE('',#995,#1004,#1006,.T.);
#1004=VERTEX_POINT('',#1005);
#1005=CARTESIAN_POINT('',(1.677512796,2.122064864,7.25));
#1006=B_SPLINE_CURVE_WITH_KNOTS('',3,(#1007,#1008,#1009,#1010,#1011,#1012,#1013),.UNSPECIFIED.,.F.,.U.,(4,3,4),(0.5,0.6,0.7),.PIECEWISE_BEZIER_KNOTS.);
#1007=CARTESIAN_POINT('',(2.09781557,2.122064864,7.25));
#1008=CARTESIAN_POINT('',(2.082862721,2.019417013,7.25));
#1009=CARTESIAN_POINT('',(1.99447595,1.940581973,7.25));
#1010=CARTESIAN_POINT('',(1.88765088,1.940581973,7.25));
#1011=CARTESIAN_POINT('',(1.780852416,1.940581973,7.25));
#1012=CARTESIAN_POINT('',(1.692465645,2.019417013,7.25));
#1013=CARTESIAN_POINT('',(1.677512796,2.122064864,7.25));
#1014=ORIENTED_EDGE('',*,*,#1015,.T.);
#1015=EDGE_CURVE('',#1004,#1016,#1018,.T.);
#1016=VERTEX_POINT('',#1017);
#1017=CARTESIAN_POINT('',(0.932983294,2.122064864,7.25));
#1018=B_SPLINE_CURVE_WITH_KNOTS('',3,(#1019,#1020,#1021,#1022),.UNSPECIFIED.,.F.,.U.,(4,4),(0.7,0.8),.PIECEWISE_BEZIER_KNOTS.);
#1019=CARTESIAN_POINT('',(1.677512796,2.122064864,7.25));
#1020=CARTESIAN_POINT('',(1.603059846,2.122064864,7.25));
#1021=CARTESIAN_POINT('',(0.999990949,2.122064864,7.25));
#1022=CARTESIAN_POINT('',(0.932983294,2.122064864,7.25));
#1023=ORIENTED_EDGE('',*,*,#1024,.T.);
#1024=EDGE_CURVE('',#1016,#954,#1025,.T.);
#1025=B_SPLINE_CURVE_WITH_KNOTS('',3,(#1026,#1027,#1028,#1029),.UNSPECIFIED.,.F.,.U.,(4,4),(0.8,0.9),.PIECEWISE_BEZIER_KNOTS.);
#1026=CARTESIAN_POINT('',(0.932983294,2.122064864,7.25));
#1027=CARTESIAN_POINT('',(0.936620402,2.128242892,7.25));
#1028=CARTESIAN_POINT('',(0.966080973,2.178284916,7.25));
#1029=CARTESIAN_POINT('',(0.96935437,2.183845141,7.25));
#1030=FACE_BOUND('',#1031,.T.);
#1031=EDGE_LOOP('',(#1032,#1043,#1055,#1064,#1073,#1082,#1094,#1103));
#1032=ORIENTED_EDGE('',*,*,#1033,.T.);
#1033=EDGE_CURVE('',#1034,#1036,#1038,.T.);
#1034=VERTEX_POINT('',#1035);
#1035=CARTESIAN_POINT('',(-3.089200117,2.645414587,7.25));
#1036=VERTEX_POINT('',#1037);
#1037=CARTESIAN_POINT('',(2.386921727,2.645414587,7.25));
#1038=B_SPLINE_CURVE_WITH_KNOTS('',3,(#1039,#1040,#1041,#1042),.UNSPECIFIED.,.F.,.U.,(4,4),(0.9,1.0),.PIECEWISE_BEZIER_KNOTS.);
#1039=CARTESIAN_POINT('',(-3.089200117,2.645414587,7.25));
#1040=CARTESIAN_POINT('',(-2.541587933,2.645414587,7.25));
#1041=CARTESIAN_POINT('',(1.894070761,2.645414587,7.25));
#1042=CARTESIAN_POINT('',(2.386921727,2.645414587,7.25));
#1043=ORIENTED_EDGE('',*,*,#1044,.T.);
#1044=EDGE_CURVE('',#1036,#1045,#1047,.T.);
#1045=VERTEX_POINT('',#1046);
#1046=CARTESIAN_POINT('',(2.807251108,2.645414587,7.25));
#1047=B_SPLINE_CURVE_WITH_KNOTS('',3,(#1048,#1049,#1050,#1051,#1052,#1053,#1054),.UNSPECIFIED.,.F.,.U.,(4,3,4),(0.0,0.1,0.2),.PIECEWISE_BEZIER_KNOTS.);
#1048=CARTESIAN_POINT('',(2.386921727,2.645414587,7.25));
#1049=CARTESIAN_POINT('',(2.401901182,2.748062438,7.25));
#1050=CARTESIAN_POINT('',(2.490287953,2.826897478,7.25));
#1051=CARTESIAN_POINT('',(2.597086417,2.826897478,7.25));
#1052=CARTESIAN_POINT('',(2.703884881,2.826897478,7.25));
#1053=CARTESIAN_POINT('',(2.792271652,2.748062438,7.25));
#1054=CARTESIAN_POINT('',(2.807251108,2.645414587,7.25));
#1055=ORIENTED_EDGE('',*,*,#1056,.T.);
#1056=EDGE_CURVE('',#1045,#1057,#1059,.T.);
#1057=VERTEX_POINT('',#1058);
#1058=CARTESIAN_POINT('',(3.089200117,2.645414587,7.25));
#1059=B_SPLINE_CURVE_WITH_KNOTS('',3,(#1060,#1061,#1062,#1063),.UNSPECIFIED.,.F.,.U.,(4,4),(0.2,0.3),.PIECEWISE_BEZIER_KNOTS.);
#1060=CARTESIAN_POINT('',(2.807251108,2.645414587,7.25));
#1061=CARTESIAN_POINT('',(2.835446009,2.645414587,7.25));
#1062=CARTESIAN_POINT('',(3.063824706,2.645414587,7.25));
#1063=CARTESIAN_POINT('',(3.089200117,2.645414587,7.25));
#1064=ORIENTED_EDGE('',*,*,#1065,.T.);
#1065=EDGE_CURVE('',#1057,#1066,#1068,.T.);
#1066=VERTEX_POINT('',#1067);
#1067=CARTESIAN_POINT('',(3.089200117,2.583634309,7.25));
#1068=B_SPLINE_CURVE_WITH_KNOTS('',3,(#1069,#1070,#1071,#1072),.UNSPECIFIED.,.F.,.U.,(4,4),(0.3,0.4),.PIECEWISE_BEZIER_KNOTS.);
#1069=CARTESIAN_POINT('',(3.089200117,2.645414587,7.25));
#1070=CARTESIAN_POINT('',(3.089200117,2.639236559,7.25));
#1071=CARTESIAN_POINT('',(3.089200117,2.589194534,7.25));
#1072=CARTESIAN_POINT('',(3.089200117,2.583634309,7.25));
#1073=ORIENTED_EDGE('',*,*,#1074,.T.);
#1074=EDGE_CURVE('',#1066,#1075,#1077,.T.);
#1075=VERTEX_POINT('',#1076);
#1076=CARTESIAN_POINT('',(2.807251108,2.583634309,7.25));
#1077=B_SPLINE_CURVE_WITH_KNOTS('',3,(#1078,#1079,#1080,#1081),.UNSPECIFIED.,.F.,.U.,(4,4),(0.4,0.5),.PIECEWISE_BEZIER_KNOTS.);
#1078=CARTESIAN_POINT('',(3.089200117,2.583634309,7.25));
#1079=CARTESIAN_POINT('',(3.061005216,2.583634309,7.25));
#1080=CARTESIAN_POINT('',(2.832626518,2.583634309,7.25));
#1081=CARTESIAN_POINT('',(2.807251108,2.583634309,7.25));
#1082=ORIENTED_EDGE('',*,*,#1083,.T.);
#1083=EDGE_CURVE('',#1075,#1084,#1086,.T.);
#1084=VERTEX_POINT('',#1085);
#1085=CARTESIAN_POINT('',(2.386921727,2.583634309,7.25));
#1086=B_SPLINE_CURVE_WITH_KNOTS('',3,(#1087,#1088,#1089,#1090,#1091,#1092,#1093),.UNSPECIFIED.,.F.,.U.,(4,3,4),(0.5,0.6,0.7),.PIECEWISE_BEZIER_KNOTS.);
#1087=CARTESIAN_POINT('',(2.807251108,2.583634309,7.25));
#1088=CARTESIAN_POINT('',(2.792271652,2.480986458,7.25));
#1089=CARTESIAN_POINT('',(2.703884881,2.402151419,7.25));
#1090=CARTESIAN_POINT('',(2.597086417,2.402151419,7.25));
#1091=CARTESIAN_POINT('',(2.490287953,2.402151419,7.25));
#1092=CARTESIAN_POINT('',(2.401901182,2.480986458,7.25));
#1093=CARTESIAN_POINT('',(2.386921727,2.583634309,7.25));
#1094=ORIENTED_EDGE('',*,*,#1095,.T.);
#1095=EDGE_CURVE('',#1084,#1096,#1098,.T.);
#1096=VERTEX_POINT('',#1097);
#1097=CARTESIAN_POINT('',(-3.089200117,2.583634309,7.25));
#1098=B_SPLINE_CURVE_WITH_KNOTS('',3,(#1099,#1100,#1101,#1102),.UNSPECIFIED.,.F.,.U.,(4,4),(0.7,0.8),.PIECEWISE_BEZIER_KNOTS.);
#1099=CARTESIAN_POINT('',(2.386921727,2.583634309,7.25));
#1100=CARTESIAN_POINT('',(1.839309542,2.583634309,7.25));
#1101=CARTESIAN_POINT('',(-2.596349151,2.583634309,7.25));
#1102=CARTESIAN_POINT('',(-3.089200117,2.583634309,7.25));
#1103=ORIENTED_EDGE('',*,*,#1104,.T.);
#1104=EDGE_CURVE('',#1096,#1034,#1105,.T.);
#1105=B_SPLINE_CURVE_WITH_KNOTS('',3,(#1106,#1107,#1108,#1109),.UNSPECIFIED.,.F.,.U.,(4,4),(0.8,0.9),.PIECEWISE_BEZIER_KNOTS.);
#1106=CARTESIAN_POINT('',(-3.089200117,2.583634309,7.25));
#1107=CARTESIAN_POINT('',(-3.089200117,2.589812337,7.25));
#1108=CARTESIAN_POINT('',(-3.089200117,2.639854362,7.25));
#1109=CARTESIAN_POINT('',(-3.089200117,2.645414587,7.25));
#1110=FACE_BOUND('',#1111,.T.);
#1111=EDGE_LOOP('',(#1112,#1122,#1130,#1138));
#1112=ORIENTED_EDGE('',*,*,#1113,.T.);
#1113=EDGE_CURVE('',#1114,#1116,#1118,.T.);
#1114=VERTEX_POINT('',#1115);
#1115=CARTESIAN_POINT('',(-2.561220864,1.641870873,7.25));
#1116=VERTEX_POINT('',#1117);
#1117=CARTESIAN_POINT('',(-3.089200117,1.641870873,7.25));
#1118=LINE('',#1119,#1120);
#1119=CARTESIAN_POINT('',(-2.561220864,1.641870873,7.25));
#1120=VECTOR('',#1121,1.0);
#1121=DIRECTION('',(-1.0,0.0,0.0));
#1122=ORIENTED_EDGE('',*,*,#1123,.T.);
#1123=EDGE_CURVE('',#1116,#1124,#1126,.T.);
#1124=VERTEX_POINT('',#1125);
#1125=CARTESIAN_POINT('',(-3.089200117,1.703677757,7.25));
#1126=LINE('',#1127,#1128);
#1127=CARTESIAN_POINT('',(-3.089200117,1.641870873,7.25));
#1128=VECTOR('',#1129,1.0);
#1129=DIRECTION('',(0.0,1.0,0.0));
#1130=ORIENTED_EDGE('',*,*,#1131,.T.);
#1131=EDGE_CURVE('',#1124,#1132,#1134,.T.);
#1132=VERTEX_POINT('',#1133);
#1133=CARTESIAN_POINT('',(-2.56444025,1.703677757,7.25));
#1134=LINE('',#1135,#1136);
#1135=CARTESIAN_POINT('',(-3.089200117,1.703677757,7.25));
#1136=VECTOR('',#1137,1.0);
#1137=DIRECTION('',(1.0,0.0,0.0));
#1138=ORIENTED_EDGE('',*,*,#1139,.T.);
#1139=EDGE_CURVE('',#1132,#1114,#1140,.T.);
#1140=LINE('',#1141,#1142);
#1141=CARTESIAN_POINT('',(-2.56444025,1.703677757,7.25));
#1142=VECTOR('',#1143,1.0);
#1143=DIRECTION('',(0.0520173,-0.998646184,0.0));
#1144=FACE_BOUND('',#1145,.T.);
#1145=EDGE_LOOP('',(#1146,#1156,#1164,#1172));
#1146=ORIENTED_EDGE('',*,*,#1147,.T.);
#1147=EDGE_CURVE('',#1148,#1150,#1152,.T.);
#1148=VERTEX_POINT('',#1149);
#1149=CARTESIAN_POINT('',(-2.536184154,1.161676882,7.25));
#1150=VERTEX_POINT('',#1151);
#1151=CARTESIAN_POINT('',(-3.089200117,1.161676882,7.25));
#1152=LINE('',#1153,#1154);
#1153=CARTESIAN_POINT('',(-2.536184154,1.161676882,7.25));
#1154=VECTOR('',#1155,1.0);
#1155=DIRECTION('',(-1.0,0.0,0.0));
#1156=ORIENTED_EDGE('',*,*,#1157,.T.);
#1157=EDGE_CURVE('',#1150,#1158,#1160,.T.);
#1158=VERTEX_POINT('',#1159);
#1159=CARTESIAN_POINT('',(-3.089200117,1.223483766,7.25));
#1160=LINE('',#1161,#1162);
#1161=CARTESIAN_POINT('',(-3.089200117,1.161676882,7.25));
#1162=VECTOR('',#1163,1.0);
#1163=DIRECTION('',(0.0,1.0,0.0));
#1164=ORIENTED_EDGE('',*,*,#1165,.T.);
#1165=EDGE_CURVE('',#1158,#1166,#1168,.T.);
#1166=VERTEX_POINT('',#1167);
#1167=CARTESIAN_POINT('',(-2.53940354,1.223483766,7.25));
#1168=LINE('',#1169,#1170);
#1169=CARTESIAN_POINT('',(-3.089200117,1.223483766,7.25));
#1170=VECTOR('',#1171,1.0);
#1171=DIRECTION('',(1.0,0.0,0.0));
#1172=ORIENTED_EDGE('',*,*,#1173,.T.);
#1173=EDGE_CURVE('',#1166,#1148,#1174,.T.);
#1174=LINE('',#1175,#1176);
#1175=CARTESIAN_POINT('',(-2.53940354,1.223483766,7.25));
#1176=VECTOR('',#1177,1.0);
#1177=DIRECTION('',(0.0520173,-0.998646184,0.0));
#1178=FACE_BOUND('',#1179,.T.);
#1179=EDGE_LOOP('',(#1180,#1190,#1198,#1206));
#1180=ORIENTED_EDGE('',*,*,#1181,.T.);
#1181=EDGE_CURVE('',#1182,#1184,#1186,.T.);
#1182=VERTEX_POINT('',#1183);
#1183=CARTESIAN_POINT('',(-2.586257574,2.122064864,7.25));
#1184=VERTEX_POINT('',#1185);
#1185=CARTESIAN_POINT('',(-3.089200117,2.122064864,7.25));
#1186=LINE('',#1187,#1188);
#1187=CARTESIAN_POINT('',(-2.586257574,2.122064864,7.25));
#1188=VECTOR('',#1189,1.0);
#1189=DIRECTION('',(-1.0,0.0,0.0));
#1190=ORIENTED_EDGE('',*,*,#1191,.T.);
#1191=EDGE_CURVE('',#1184,#1192,#1194,.T.);
#1192=VERTEX_POINT('',#1193);
#1193=CARTESIAN_POINT('',(-3.089200117,2.183871748,7.25));
#1194=LINE('',#1195,#1196);
#1195=CARTESIAN_POINT('',(-3.089200117,2.122064864,7.25));
#1196=VECTOR('',#1197,1.0);
#1197=DIRECTION('',(0.0,1.0,0.0));
#1198=ORIENTED_EDGE('',*,*,#1199,.T.);
#1199=EDGE_CURVE('',#1192,#1200,#1202,.T.);
#1200=VERTEX_POINT('',#1201);
#1201=CARTESIAN_POINT('',(-2.58947696,2.183845141,7.25));
#1202=LINE('',#1203,#1204);
#1203=CARTESIAN_POINT('',(-3.089200117,2.183871748,7.25));
#1204=VECTOR('',#1205,1.0);
#1205=DIRECTION('',(0.999999999,-5.324246612E-05,0.0));
#1206=ORIENTED_EDGE('',*,*,#1207,.T.);
#1207=EDGE_CURVE('',#1200,#1182,#1208,.T.);
#1208=LINE('',#1209,#1210);
#1209=CARTESIAN_POINT('',(-2.58947696,2.183845141,7.25));
#1210=VECTOR('',#1211,1.0);
#1211=DIRECTION('',(0.052039641,-0.99864502,0.0));
#1212=FACE_BOUND('',#1213,.T.);
#1213=EDGE_LOOP('',(#1214,#1224,#1232,#1240,#1248,#1256,#1264,#1272,#1280,#1288,#1296,#1304,#1312));
#1214=ORIENTED_EDGE('',*,*,#1215,.T.);
#1215=EDGE_CURVE('',#1216,#1218,#1220,.T.);
#1216=VERTEX_POINT('',#1217);
#1217=CARTESIAN_POINT('',(-1.988436276,0.8048572,7.25));
#1218=VERTEX_POINT('',#1219);
#1219=CARTESIAN_POINT('',(-2.393999054,0.8048572,7.25));
#1220=LINE('',#1221,#1222);
#1221=CARTESIAN_POINT('',(-1.988436276,0.8048572,7.25));
#1222=VECTOR('',#1223,1.0);
#1223=DIRECTION('',(-1.0,0.0,0.0));
#1224=ORIENTED_EDGE('',*,*,#1225,.T.);
#1225=EDGE_CURVE('',#1218,#1226,#1228,.T.);
#1226=VERTEX_POINT('',#1227);
#1227=CARTESIAN_POINT('',(-2.483529904,2.521854032,7.25));
#1228=LINE('',#1229,#1230);
#1229=CARTESIAN_POINT('',(-2.393999054,0.8048572,7.25));
#1230=VECTOR('',#1231,1.0);
#1231=DIRECTION('',(-0.052073119,0.998643275,0.0));
#1232=ORIENTED_EDGE('',*,*,#1233,.T.);
#1233=EDGE_CURVE('',#1226,#1234,#1236,.T.);
#1234=VERTEX_POINT('',#1235);
#1235=CARTESIAN_POINT('',(-2.051653305,2.521854032,7.25));
#1236=LINE('',#1237,#1238);
#1237=CARTESIAN_POINT('',(-2.483529904,2.521854032,7.25));
#1238=VECTOR('',#1239,1.0);
#1239=DIRECTION('',(1.0,0.0,0.0));
#1240=ORIENTED_EDGE('',*,*,#1241,.T.);
#1241=EDGE_CURVE('',#1234,#1242,#1244,.T.);
#1242=VERTEX_POINT('',#1243);
#1243=CARTESIAN_POINT('',(-2.009508619,1.63104203,7.25));
#1244=LINE('',#1245,#1246);
#1245=CARTESIAN_POINT('',(-2.051653305,2.521854032,7.25));
#1246=VECTOR('',#1247,1.0);
#1247=DIRECTION('',(0.047257557,-0.998882738,0.0));
#1248=ORIENTED_EDGE('',*,*,#1249,.T.);
#1249=EDGE_CURVE('',#1242,#1250,#1252,.T.);
#1250=VERTEX_POINT('',#1251);
#1251=CARTESIAN_POINT('',(-1.819910748,1.895084869,7.25));
#1252=LINE('',#1253,#1254);
#1253=CARTESIAN_POINT('',(-2.009508619,1.63104203,7.25));
#1254=VECTOR('',#1255,1.0);
#1255=DIRECTION('',(0.583264947,0.812281972,0.0));
#1256=ORIENTED_EDGE('',*,*,#1257,.T.);
#1257=EDGE_CURVE('',#1250,#1258,#1260,.T.);
#1258=VERTEX_POINT('',#1259);
#1259=CARTESIAN_POINT('',(-1.372229892,1.895084869,7.25));
#1260=LINE('',#1261,#1262);
#1261=CARTESIAN_POINT('',(-1.819910748,1.895084869,7.25));
#1262=VECTOR('',#1263,1.0);
#1263=DIRECTION('',(1.0,0.0,0.0));
#1264=ORIENTED_EDGE('',*,*,#1265,.T.);
#1265=EDGE_CURVE('',#1258,#1266,#1268,.T.);
#1266=VERTEX_POINT('',#1267);
#1267=CARTESIAN_POINT('',(-1.324817121,1.621197627,7.25));
#1268=LINE('',#1269,#1270);
#1269=CARTESIAN_POINT('',(-1.372229892,1.895084869,7.25));
#1270=VECTOR('',#1271,1.0);
#1271=DIRECTION('',(0.170573604,-0.985344937,0.0));
#1272=ORIENTED_EDGE('',*,*,#1273,.T.);
#1273=EDGE_CURVE('',#1266,#1274,#1276,.T.);
#1274=VERTEX_POINT('',#1275);
#1275=CARTESIAN_POINT('',(-0.787578808,2.521854032,7.25));
#1276=LINE('',#1277,#1278);
#1277=CARTESIAN_POINT('',(-1.324817121,1.621197627,7.25));
#1278=VECTOR('',#1279,1.0);
#1279=DIRECTION('',(0.512281584,0.858817547,0.0));
#1280=ORIENTED_EDGE('',*,*,#1281,.T.);
#1281=EDGE_CURVE('',#1274,#1282,#1284,.T.);
#1282=VERTEX_POINT('',#1283);
#1283=CARTESIAN_POINT('',(-0.303021352,2.521854032,7.25));
#1284=LINE('',#1285,#1286);
#1285=CARTESIAN_POINT('',(-0.787578808,2.521854032,7.25));
#1286=VECTOR('',#1287,1.0);
#1287=DIRECTION('',(1.0,0.0,0.0));
#1288=ORIENTED_EDGE('',*,*,#1289,.T.);
#1289=EDGE_CURVE('',#1282,#1290,#1292,.T.);
#1290=VERTEX_POINT('',#1291);
#1291=CARTESIAN_POINT('',(-1.309012864,0.8048572,7.25));
#1292=LINE('',#1293,#1294);
#1293=CARTESIAN_POINT('',(-0.303021352,2.521854032,7.25));
#1294=VECTOR('',#1295,1.0);
#1295=DIRECTION('',(-0.505523561,-0.862812801,0.0));
#1296=ORIENTED_EDGE('',*,*,#1297,.T.);
#1297=EDGE_CURVE('',#1290,#1298,#1300,.T.);
#1298=VERTEX_POINT('',#1299);
#1299=CARTESIAN_POINT('',(-1.751425634,0.8048572,7.25));
#1300=LINE('',#1301,#1302);
#1301=CARTESIAN_POINT('',(-1.309012864,0.8048572,7.25));
#1302=VECTOR('',#1303,1.0);
#1303=DIRECTION('',(-1.0,0.0,0.0));
#1304=ORIENTED_EDGE('',*,*,#1305,.T.);
#1305=EDGE_CURVE('',#1298,#1306,#1308,.T.);
#1306=VERTEX_POINT('',#1307);
#1307=CARTESIAN_POINT('',(-1.79357032,1.099790178,7.25));
#1308=LINE('',#1309,#1310);
#1309=CARTESIAN_POINT('',(-1.751425634,0.8048572,7.25));
#1310=VECTOR('',#1311,1.0);
#1311=DIRECTION('',(-0.141458864,0.989944135,0.0));
#1312=ORIENTED_EDGE('',*,*,#1313,.T.);
#1313=EDGE_CURVE('',#1306,#1216,#1314,.T.);
#1314=LINE('',#1315,#1316);
#1315=CARTESIAN_POINT('',(-1.79357032,1.099790178,7.25));
#1316=VECTOR('',#1317,1.0);
#1317=DIRECTION('',(-0.55125633,-0.834335939,0.0));
#1318=FACE_BOUND('',#1319,.T.);
#1319=EDGE_LOOP('',(#1320,#1330,#1338,#1346,#1354,#1362,#1370,#1378,#1386,#1394,#1402,#1410));
#1320=ORIENTED_EDGE('',*,*,#1321,.T.);
#1321=EDGE_CURVE('',#1322,#1324,#1326,.F.);
#1322=VERTEX_POINT('',#1323);
#1323=CARTESIAN_POINT('',(-0.181775562,2.521854032,7.25));
#1324=VERTEX_POINT('',#1325);
#1325=CARTESIAN_POINT('',(1.044730566,2.521854032,7.25));
#1326=LINE('',#1327,#1328);
#1327=CARTESIAN_POINT('',(1.044730566,2.521854032,7.25));
#1328=VECTOR('',#1329,1.0);
#1329=DIRECTION('',(-1.0,0.0,0.0));
#1330=ORIENTED_EDGE('',*,*,#1331,.T.);
#1331=EDGE_CURVE('',#1324,#1332,#1334,.F.);
#1332=VERTEX_POINT('',#1333);
#1333=CARTESIAN_POINT('',(0.793299204,2.094686782,7.25));
#1334=LINE('',#1335,#1336);
#1335=CARTESIAN_POINT('',(0.793299204,2.094686782,7.25));
#1336=VECTOR('',#1337,1.0);
#1337=DIRECTION('',(0.507254689,0.861796194,0.0));
#1338=ORIENTED_EDGE('',*,*,#1339,.T.);
#1339=EDGE_CURVE('',#1332,#1340,#1342,.F.);
#1340=VERTEX_POINT('',#1341);
#1341=CARTESIAN_POINT('',(0.071943958,2.094686782,7.25));
#1342=LINE('',#1343,#1344);
#1343=CARTESIAN_POINT('',(0.071943958,2.094686782,7.25));
#1344=VECTOR('',#1345,1.0);
#1345=DIRECTION('',(1.0,0.0,0.0));
#1346=ORIENTED_EDGE('',*,*,#1347,.T.);
#1347=EDGE_CURVE('',#1340,#1348,#1350,.F.);
#1348=VERTEX_POINT('',#1349);
#1349=CARTESIAN_POINT('',(-0.049461471,1.895084869,7.25));
#1350=LINE('',#1351,#1352);
#1351=CARTESIAN_POINT('',(-0.049461471,1.895084869,7.25));
#1352=VECTOR('',#1353,1.0);
#1353=DIRECTION('',(0.519661496,0.854372243,0.0));
#1354=ORIENTED_EDGE('',*,*,#1355,.T.);
#1355=EDGE_CURVE('',#1348,#1356,#1358,.F.);
#1356=VERTEX_POINT('',#1357);
#1357=CARTESIAN_POINT('',(0.67420854,1.895084869,7.25));
#1358=LINE('',#1359,#1360);
#1359=CARTESIAN_POINT('',(0.67420854,1.895084869,7.25));
#1360=VECTOR('',#1361,1.0);
#1361=DIRECTION('',(-1.0,0.0,0.0));
#1362=ORIENTED_EDGE('',*,*,#1363,.T.);
#1363=EDGE_CURVE('',#1356,#1364,#1366,.F.);
#1364=VERTEX_POINT('',#1365);
#1365=CARTESIAN_POINT('',(0.424613027,1.468476356,7.25));
#1366=LINE('',#1367,#1368);
#1367=CARTESIAN_POINT('',(0.424613027,1.468476356,7.25));
#1368=VECTOR('',#1369,1.0);
#1369=DIRECTION('',(0.504988503,0.863126069,0.0));
#1370=ORIENTED_EDGE('',*,*,#1371,.T.);
#1371=EDGE_CURVE('',#1364,#1372,#1374,.F.);
#1372=VERTEX_POINT('',#1373);
#1373=CARTESIAN_POINT('',(-0.302223157,1.468476356,7.25));
#1374=LINE('',#1375,#1376);
#1375=CARTESIAN_POINT('',(-0.302223157,1.468476356,7.25));
#1376=VECTOR('',#1377,1.0);
#1377=DIRECTION('',(1.0,0.0,0.0));
#1378=ORIENTED_EDGE('',*,*,#1379,.T.);
#1379=EDGE_CURVE('',#1372,#1380,#1382,.F.);
#1380=VERTEX_POINT('',#1381);
#1381=CARTESIAN_POINT('',(-0.446350532,1.223616798,7.25));
#1382=LINE('',#1383,#1384);
#1383=CARTESIAN_POINT('',(-0.446350532,1.223616798,7.25));
#1384=VECTOR('',#1385,1.0);
#1385=DIRECTION('',(0.507261555,0.861792153,0.0));
#1386=ORIENTED_EDGE('',*,*,#1387,.T.);
#1387=EDGE_CURVE('',#1380,#1388,#1390,.F.);
#1388=VERTEX_POINT('',#1389);
#1389=CARTESIAN_POINT('',(0.28080493,1.223616798,7.25));
#1390=LINE('',#1391,#1392);
#1391=CARTESIAN_POINT('',(0.28080493,1.223616798,7.25));
#1392=VECTOR('',#1393,1.0);
#1393=DIRECTION('',(-1.0,0.0,0.0));
#1394=ORIENTED_EDGE('',*,*,#1395,.T.);
#1395=EDGE_CURVE('',#1388,#1396,#1398,.F.);
#1396=VERTEX_POINT('',#1397);
#1397=CARTESIAN_POINT('',(0.033045265,0.8048572,7.25));
#1398=LINE('',#1399,#1400);
#1399=CARTESIAN_POINT('',(0.033045265,0.8048572,7.25));
#1400=VECTOR('',#1401,1.0);
#1401=DIRECTION('',(0.509202703,0.860646622,0.0));
#1402=ORIENTED_EDGE('',*,*,#1403,.T.);
#1403=EDGE_CURVE('',#1396,#1404,#1406,.F.);
#1404=VERTEX_POINT('',#1405);
#1405=CARTESIAN_POINT('',(-1.182498988,0.8048572,7.25));
#1406=LINE('',#1407,#1408);
#1407=CARTESIAN_POINT('',(-1.182498988,0.8048572,7.25));
#1408=VECTOR('',#1409,1.0);
#1409=DIRECTION('',(1.0,0.0,0.0));
#1410=ORIENTED_EDGE('',*,*,#1411,.T.);
#1411=EDGE_CURVE('',#1404,#1322,#1412,.F.);
#1412=LINE('',#1413,#1414);
#1413=CARTESIAN_POINT('',(-0.181775562,2.521854032,7.25));
#1414=VECTOR('',#1415,1.0);
#1415=DIRECTION('',(-0.503548846,-0.863966758,0.0));
#1416=PLANE('',#1417);
#1417=AXIS2_PLACEMENT_3D('',#1418,#1419,#1420);
#1418=CARTESIAN_POINT('',(0.0,0.0,7.25));
#1419=DIRECTION('',(0.0,0.0,-1.0));
#1420=DIRECTION('',(-1.0,0.0,0.0));
#1421=ADVANCED_FACE('',(#1422),#1440,.T.);
#1422=FACE_BOUND('',#1423,.T.);
#1423=EDGE_LOOP('',(#1424,#1433,#1438,#1439));
#1424=ORIENTED_EDGE('',*,*,#1425,.T.);
#1425=EDGE_CURVE('',#1426,#1426,#1428,.F.);
#1426=VERTEX_POINT('',#1427);
#1427=CARTESIAN_POINT('',(-4.925,0.0,7.05));
#1428=CIRCLE('',#1429,4.925);
#1429=AXIS2_PLACEMENT_3D('',#1430,#1431,#1432);
#1430=CARTESIAN_POINT('',(0.0,0.0,7.05));
#1431=DIRECTION('',(0.0,0.0,-1.0));
#1432=DIRECTION('',(-1.0,0.0,0.0));
#1433=ORIENTED_EDGE('',*,*,#1434,.T.);
#1434=EDGE_CURVE('',#1426,#50,#1435,.F.);
#1435=B_SPLINE_CURVE_WITH_KNOTS('',1,(#1436,#1437),.UNSPECIFIED.,.F.,.U.,(2,2),(0.0,0.282842712),.PIECEWISE_BEZIER_KNOTS.);
#1436=CARTESIAN_POINT('',(-4.725,-1.157291225E-15,7.25));
#1437=CARTESIAN_POINT('',(-4.925,-1.206277097E-15,7.05));
#1438=ORIENTED_EDGE('',*,*,#49,.F.);
#1439=ORIENTED_EDGE('',*,*,#1434,.F.);
#1440=CONICAL_SURFACE('',#1441,4.725,0.785398163);
#1441=AXIS2_PLACEMENT_3D('',#1442,#1443,#1444);
#1442=CARTESIAN_POINT('',(0.0,0.0,7.25));
#1443=DIRECTION('',(0.0,0.0,-1.0));
#1444=DIRECTION('',(-1.0,0.0,0.0));
#1445=ADVANCED_FACE('',(#1446),#1464,.T.);
#1446=FACE_BOUND('',#1447,.T.);
#1447=EDGE_LOOP('',(#1448,#1457,#1462,#1463));
#1448=ORIENTED_EDGE('',*,*,#1449,.T.);
#1449=EDGE_CURVE('',#1450,#1450,#1452,.F.);
#1450=VERTEX_POINT('',#1451);
#1451=CARTESIAN_POINT('',(-4.925,0.0,6.2));
#1452=CIRCLE('',#1453,4.925);
#1453=AXIS2_PLACEMENT_3D('',#1454,#1455,#1456);
#1454=CARTESIAN_POINT('',(0.0,0.0,6.2));
#1455=DIRECTION('',(0.0,0.0,-1.0));
#1456=DIRECTION('',(-1.0,0.0,0.0));
#1457=ORIENTED_EDGE('',*,*,#1458,.T.);
#1458=EDGE_CURVE('',#1450,#1426,#1459,.F.);
#1459=B_SPLINE_CURVE_WITH_KNOTS('',1,(#1460,#1461),.UNSPECIFIED.,.F.,.U.,(2,2),(-7.05,-6.2),.PIECEWISE_BEZIER_KNOTS.);
#1460=CARTESIAN_POINT('',(-4.925,-1.206277097E-15,7.05));
#1461=CARTESIAN_POINT('',(-4.925,-1.206277097E-15,6.2));
#1462=ORIENTED_EDGE('',*,*,#1425,.F.);
#1463=ORIENTED_EDGE('',*,*,#1458,.F.);
#1464=CYLINDRICAL_SURFACE('',#1465,4.925);
#1465=AXIS2_PLACEMENT_3D('',#1466,#1467,#1468);
#1466=CARTESIAN_POINT('',(0.0,0.0,0.0));
#1467=DIRECTION('',(0.0,0.0,-1.0));
#1468=DIRECTION('',(-1.0,0.0,0.0));
#1469=ADVANCED_FACE('',(#1470,#1481),#1484,.F.);
#1470=FACE_BOUND('',#1471,.T.);
#1471=EDGE_LOOP('',(#1472));
#1472=ORIENTED_EDGE('',*,*,#1473,.T.);
#1473=EDGE_CURVE('',#1474,#1474,#1476,.F.);
#1474=VERTEX_POINT('',#1475);
#1475=CARTESIAN_POINT('',(-2.9,0.0,6.2));
#1476=CIRCLE('',#1477,2.9);
#1477=AXIS2_PLACEMENT_3D('',#1478,#1479,#1480);
#1478=CARTESIAN_POINT('',(0.0,0.0,6.2));
#1479=DIRECTION('',(0.0,0.0,-1.0));
#1480=DIRECTION('',(-1.0,0.0,0.0));
#1481=FACE_BOUND('',#1482,.T.);
#1482=EDGE_LOOP('',(#1483));
#1483=ORIENTED_EDGE('',*,*,#1449,.F.);
#1484=PLANE('',#1485);
#1485=AXIS2_PLACEMENT_3D('',#1486,#1487,#1488);
#1486=CARTESIAN_POINT('',(-4.925,0.0,6.2));
#1487=DIRECTION('',(0.0,0.0,1.0));
#1488=DIRECTION('',(1.0,0.0,0.0));
#1489=ADVANCED_FACE('',(#1490),#1508,.T.);
#1490=FACE_BOUND('',#1491,.T.);
#1491=EDGE_LOOP('',(#1492,#1501,#1506,#1507));
#1492=ORIENTED_EDGE('',*,*,#1493,.T.);
#1493=EDGE_CURVE('',#1494,#1494,#1496,.F.);
#1494=VERTEX_POINT('',#1495);
#1495=CARTESIAN_POINT('',(-2.9,0.0,1.3));
#1496=CIRCLE('',#1497,2.9);
#1497=AXIS2_PLACEMENT_3D('',#1498,#1499,#1500);
#1498=CARTESIAN_POINT('',(0.0,0.0,1.3));
#1499=DIRECTION('',(0.0,0.0,-1.0));
#1500=DIRECTION('',(-1.0,0.0,0.0));
#1501=ORIENTED_EDGE('',*,*,#1502,.T.);
#1502=EDGE_CURVE('',#1494,#1474,#1503,.F.);
#1503=B_SPLINE_CURVE_WITH_KNOTS('',1,(#1504,#1505),.UNSPECIFIED.,.F.,.U.,(2,2),(-6.2,-1.3),.PIECEWISE_BEZIER_KNOTS.);
#1504=CARTESIAN_POINT('',(-2.9,-7.102951435E-16,6.2));
#1505=CARTESIAN_POINT('',(-2.9,-7.102951435E-16,1.3));
#1506=ORIENTED_EDGE('',*,*,#1473,.F.);
#1507=ORIENTED_EDGE('',*,*,#1502,.F.);
#1508=CYLINDRICAL_SURFACE('',#1509,2.9);
#1509=AXIS2_PLACEMENT_3D('',#1510,#1511,#1512);
#1510=CARTESIAN_POINT('',(0.0,0.0,0.0));
#1511=DIRECTION('',(0.0,0.0,-1.0));
#1512=DIRECTION('',(-1.0,0.0,0.0));
#1513=ADVANCED_FACE('',(#1514,#1525),#1528,.F.);
#1514=FACE_BOUND('',#1515,.T.);
#1515=EDGE_LOOP('',(#1516));
#1516=ORIENTED_EDGE('',*,*,#1517,.T.);
#1517=EDGE_CURVE('',#1518,#1518,#1520,.F.);
#1518=VERTEX_POINT('',#1519);
#1519=CARTESIAN_POINT('',(-4.925,0.0,1.3));
#1520=CIRCLE('',#1521,4.925);
#1521=AXIS2_PLACEMENT_3D('',#1522,#1523,#1524);
#1522=CARTESIAN_POINT('',(0.0,0.0,1.3));
#1523=DIRECTION('',(0.0,0.0,-1.0));
#1524=DIRECTION('',(-1.0,0.0,0.0));
#1525=FACE_BOUND('',#1526,.T.);
#1526=EDGE_LOOP('',(#1527));
#1527=ORIENTED_EDGE('',*,*,#1493,.F.);
#1528=PLANE('',#1529);
#1529=AXIS2_PLACEMENT_3D('',#1530,#1531,#1532);
#1530=CARTESIAN_POINT('',(-2.9,0.0,1.3));
#1531=DIRECTION('',(0.0,0.0,-1.0));
#1532=DIRECTION('',(-1.0,0.0,0.0));
#1533=ADVANCED_FACE('',(#1534),#1552,.T.);
#1534=FACE_BOUND('',#1535,.T.);
#1535=EDGE_LOOP('',(#1536,#1545,#1550,#1551));
#1536=ORIENTED_EDGE('',*,*,#1537,.T.);
#1537=EDGE_CURVE('',#1538,#1538,#1540,.F.);
#1538=VERTEX_POINT('',#1539);
#1539=CARTESIAN_POINT('',(-4.925,0.0,0.45));
#1540=CIRCLE('',#1541,4.925);
#1541=AXIS2_PLACEMENT_3D('',#1542,#1543,#1544);
#1542=CARTESIAN_POINT('',(0.0,0.0,0.45));
#1543=DIRECTION('',(0.0,0.0,-1.0));
#1544=DIRECTION('',(-1.0,0.0,0.0));
#1545=ORIENTED_EDGE('',*,*,#1546,.T.);
#1546=EDGE_CURVE('',#1538,#1518,#1547,.F.);
#1547=B_SPLINE_CURVE_WITH_KNOTS('',1,(#1548,#1549),.UNSPECIFIED.,.F.,.U.,(2,2),(-1.3,-0.45),.PIECEWISE_BEZIER_KNOTS.);
#1548=CARTESIAN_POINT('',(-4.925,-1.206277097E-15,1.3));
#1549=CARTESIAN_POINT('',(-4.925,-1.206277097E-15,0.45));
#1550=ORIENTED_EDGE('',*,*,#1517,.F.);
#1551=ORIENTED_EDGE('',*,*,#1546,.F.);
#1552=CYLINDRICAL_SURFACE('',#1553,4.925);
#1553=AXIS2_PLACEMENT_3D('',#1554,#1555,#1556);
#1554=CARTESIAN_POINT('',(0.0,0.0,0.0));
#1555=DIRECTION('',(0.0,0.0,-1.0));
#1556=DIRECTION('',(-1.0,0.0,0.0));
#1557=ADVANCED_FACE('',(#1558),#1576,.T.);
#1558=FACE_BOUND('',#1559,.T.);
#1559=EDGE_LOOP('',(#1560,#1569,#1574,#1575));
#1560=ORIENTED_EDGE('',*,*,#1561,.T.);
#1561=EDGE_CURVE('',#1562,#1562,#1564,.F.);
#1562=VERTEX_POINT('',#1563);
#1563=CARTESIAN_POINT('',(-4.725,0.0,0.25));
#1564=CIRCLE('',#1565,4.725);
#1565=AXIS2_PLACEMENT_3D('',#1566,#1567,#1568);
#1566=CARTESIAN_POINT('',(0.0,0.0,0.25));
#1567=DIRECTION('',(0.0,0.0,-1.0));
#1568=DIRECTION('',(-1.0,0.0,0.0));
#1569=ORIENTED_EDGE('',*,*,#1570,.T.);
#1570=EDGE_CURVE('',#1562,#1538,#1571,.T.);
#1571=B_SPLINE_CURVE_WITH_KNOTS('',1,(#1572,#1573),.UNSPECIFIED.,.F.,.U.,(2,2),(-0.282842712,0.0),.PIECEWISE_BEZIER_KNOTS.);
#1572=CARTESIAN_POINT('',(-4.725,5.786456126E-16,0.25));
#1573=CARTESIAN_POINT('',(-4.925,6.031385486E-16,0.45));
#1574=ORIENTED_EDGE('',*,*,#1537,.F.);
#1575=ORIENTED_EDGE('',*,*,#1570,.F.);
#1576=CONICAL_SURFACE('',#1577,4.925,0.785398163);
#1577=AXIS2_PLACEMENT_3D('',#1578,#1579,#1580);
#1578=CARTESIAN_POINT('',(0.0,0.0,0.45));
#1579=DIRECTION('',(0.0,0.0,1.0));
#1580=DIRECTION('',(1.0,0.0,0.0));
#1581=ADVANCED_FACE('',(#1582),#1585,.F.);
#1582=FACE_BOUND('',#1583,.T.);
#1583=EDGE_LOOP('',(#1584));
#1584=ORIENTED_EDGE('',*,*,#1561,.F.);
#1585=PLANE('',#1586);
#1586=AXIS2_PLACEMENT_3D('',#1587,#1588,#1589);
#1587=CARTESIAN_POINT('',(-4.725,0.0,0.25));
#1588=DIRECTION('',(0.0,0.0,1.0));
#1589=DIRECTION('',(1.0,0.0,0.0));
#1590=ADVANCED_FACE('',(#1591),#1620,.T.);
#1591=FACE_BOUND('',#1592,.T.);
#1592=EDGE_LOOP('',(#1593,#1594,#1602,#1614));
#1593=ORIENTED_EDGE('',*,*,#71,.F.);
#1594=ORIENTED_EDGE('',*,*,#1595,.T.);
#1595=EDGE_CURVE('',#63,#1596,#1598,.F.);
#1596=VERTEX_POINT('',#1597);
#1597=CARTESIAN_POINT('',(2.386921727,1.703677757,7.26));
#1598=LINE('',#1599,#1600);
#1599=CARTESIAN_POINT('',(2.386921727,1.703677757,7.26));
#1600=VECTOR('',#1601,1.0);
#1601=DIRECTION('',(0.0,0.0,-1.0));
#1602=ORIENTED_EDGE('',*,*,#1603,.T.);
#1603=EDGE_CURVE('',#1596,#1604,#1606,.T.);
#1604=VERTEX_POINT('',#1605);
#1605=CARTESIAN_POINT('',(2.807251108,1.703677757,7.26));
#1606=B_SPLINE_CURVE_WITH_KNOTS('',3,(#1607,#1608,#1609,#1610,#1611,#1612,#1613),.UNSPECIFIED.,.F.,.U.,(4,3,4),(0.0,0.1,0.2),.PIECEWISE_BEZIER_KNOTS.);
#1607=CARTESIAN_POINT('',(2.386921727,1.703677757,7.26));
#1608=CARTESIAN_POINT('',(2.401901182,1.806325608,7.26));
#1609=CARTESIAN_POINT('',(2.490287953,1.885160647,7.26));
#1610=CARTESIAN_POINT('',(2.597086417,1.885160647,7.26));
#1611=CARTESIAN_POINT('',(2.703884881,1.885160647,7.26));
#1612=CARTESIAN_POINT('',(2.792271652,1.806325608,7.26));
#1613=CARTESIAN_POINT('',(2.807251108,1.703677757,7.26));
#1614=ORIENTED_EDGE('',*,*,#1615,.T.);
#1615=EDGE_CURVE('',#1604,#72,#1616,.T.);
#1616=LINE('',#1617,#1618);
#1617=CARTESIAN_POINT('',(2.807251108,1.703677757,7.26));
#1618=VECTOR('',#1619,1.0);
#1619=DIRECTION('',(0.0,0.0,-1.0));
#1620=B_SPLINE_SURFACE_WITH_KNOTS('',3,1,((#1621,#1622),(#1623,#1624),(#1625,#1626),(#1627,#1628),(#1629,#1630)),.UNSPECIFIED.,.F.,.F.,.U.,(4,1,4),(2,2),(0.0,0.1,0.2),(0.0,1.0),.UNSPECIFIED.);
#1621=CARTESIAN_POINT('',(2.386921727,1.703677757,7.26));
#1622=CARTESIAN_POINT('',(2.386921727,1.703677757,7.25));
#1623=CARTESIAN_POINT('',(2.401901182,1.806325608,7.26));
#1624=CARTESIAN_POINT('',(2.401901182,1.806325608,7.25));
#1625=CARTESIAN_POINT('',(2.597086417,1.963995687,7.26));
#1626=CARTESIAN_POINT('',(2.597086417,1.963995687,7.25));
#1627=CARTESIAN_POINT('',(2.792271652,1.806325608,7.26));
#1628=CARTESIAN_POINT('',(2.792271652,1.806325608,7.25));
#1629=CARTESIAN_POINT('',(2.807251108,1.703677757,7.26));
#1630=CARTESIAN_POINT('',(2.807251108,1.703677757,7.25));
#1631=ADVANCED_FACE('',(#1632),#1651,.T.);
#1632=FACE_BOUND('',#1633,.T.);
#1633=EDGE_LOOP('',(#1634,#1635,#1636,#1645));
#1634=ORIENTED_EDGE('',*,*,#83,.F.);
#1635=ORIENTED_EDGE('',*,*,#1615,.F.);
#1636=ORIENTED_EDGE('',*,*,#1637,.T.);
#1637=EDGE_CURVE('',#1604,#1638,#1640,.T.);
#1638=VERTEX_POINT('',#1639);
#1639=CARTESIAN_POINT('',(3.089200117,1.703677757,7.26));
#1640=B_SPLINE_CURVE_WITH_KNOTS('',3,(#1641,#1642,#1643,#1644),.UNSPECIFIED.,.F.,.U.,(4,4),(0.2,0.3),.PIECEWISE_BEZIER_KNOTS.);
#1641=CARTESIAN_POINT('',(2.807251108,1.703677757,7.26));
#1642=CARTESIAN_POINT('',(2.835446009,1.703677757,7.26));
#1643=CARTESIAN_POINT('',(3.063824706,1.703677757,7.26));
#1644=CARTESIAN_POINT('',(3.089200117,1.703677757,7.26));
#1645=ORIENTED_EDGE('',*,*,#1646,.T.);
#1646=EDGE_CURVE('',#1638,#84,#1647,.T.);
#1647=LINE('',#1648,#1649);
#1648=CARTESIAN_POINT('',(3.089200117,1.703677757,7.26));
#1649=VECTOR('',#1650,1.0);
#1650=DIRECTION('',(0.0,0.0,-1.0));
#1651=PLANE('',#1652);
#1652=AXIS2_PLACEMENT_3D('',#1653,#1654,#1655);
#1653=CARTESIAN_POINT('',(2.807251108,1.703677757,7.26));
#1654=DIRECTION('',(0.0,1.0,0.0));
#1655=DIRECTION('',(0.0,0.0,1.0));
#1656=ADVANCED_FACE('',(#1657),#1676,.T.);
#1657=FACE_BOUND('',#1658,.T.);
#1658=EDGE_LOOP('',(#1659,#1660,#1661,#1670));
#1659=ORIENTED_EDGE('',*,*,#92,.F.);
#1660=ORIENTED_EDGE('',*,*,#1646,.F.);
#1661=ORIENTED_EDGE('',*,*,#1662,.T.);
#1662=EDGE_CURVE('',#1638,#1663,#1665,.T.);
#1663=VERTEX_POINT('',#1664);
#1664=CARTESIAN_POINT('',(3.089200117,1.641870873,7.26));
#1665=B_SPLINE_CURVE_WITH_KNOTS('',3,(#1666,#1667,#1668,#1669),.UNSPECIFIED.,.F.,.U.,(4,4),(0.3,0.4),.PIECEWISE_BEZIER_KNOTS.);
#1666=CARTESIAN_POINT('',(3.089200117,1.703677757,7.26));
#1667=CARTESIAN_POINT('',(3.089200117,1.697497068,7.26));
#1668=CARTESIAN_POINT('',(3.089200117,1.647433492,7.26));
#1669=CARTESIAN_POINT('',(3.089200117,1.641870873,7.26));
#1670=ORIENTED_EDGE('',*,*,#1671,.T.);
#1671=EDGE_CURVE('',#1663,#93,#1672,.T.);
#1672=LINE('',#1673,#1674);
#1673=CARTESIAN_POINT('',(3.089200117,1.641870873,7.26));
#1674=VECTOR('',#1675,1.0);
#1675=DIRECTION('',(0.0,0.0,-1.0));
#1676=PLANE('',#1677);
#1677=AXIS2_PLACEMENT_3D('',#1678,#1679,#1680);
#1678=CARTESIAN_POINT('',(3.089200117,1.703677757,7.26));
#1679=DIRECTION('',(1.0,0.0,0.0));
#1680=DIRECTION('',(0.0,0.0,-1.0));
#1681=ADVANCED_FACE('',(#1682),#1701,.T.);
#1682=FACE_BOUND('',#1683,.T.);
#1683=EDGE_LOOP('',(#1684,#1685,#1686,#1695));
#1684=ORIENTED_EDGE('',*,*,#101,.F.);
#1685=ORIENTED_EDGE('',*,*,#1671,.F.);
#1686=ORIENTED_EDGE('',*,*,#1687,.T.);
#1687=EDGE_CURVE('',#1663,#1688,#1690,.T.);
#1688=VERTEX_POINT('',#1689);
#1689=CARTESIAN_POINT('',(2.807251108,1.641870873,7.26));
#1690=B_SPLINE_CURVE_WITH_KNOTS('',3,(#1691,#1692,#1693,#1694),.UNSPECIFIED.,.F.,.U.,(4,4),(0.4,0.5),.PIECEWISE_BEZIER_KNOTS.);
#1691=CARTESIAN_POINT('',(3.089200117,1.641870873,7.26));
#1692=CARTESIAN_POINT('',(3.061005216,1.641870873,7.26));
#1693=CARTESIAN_POINT('',(2.832626518,1.641870873,7.26));
#1694=CARTESIAN_POINT('',(2.807251108,1.641870873,7.26));
#1695=ORIENTED_EDGE('',*,*,#1696,.T.);
#1696=EDGE_CURVE('',#1688,#102,#1697,.T.);
#1697=LINE('',#1698,#1699);
#1698=CARTESIAN_POINT('',(2.807251108,1.641870873,7.26));
#1699=VECTOR('',#1700,1.0);
#1700=DIRECTION('',(0.0,0.0,-1.0));
#1701=PLANE('',#1702);
#1702=AXIS2_PLACEMENT_3D('',#1703,#1704,#1705);
#1703=CARTESIAN_POINT('',(3.089200117,1.641870873,7.26));
#1704=DIRECTION('',(0.0,-1.0,0.0));
#1705=DIRECTION('',(0.0,0.0,-1.0));
#1706=ADVANCED_FACE('',(#1707),#1729,.T.);
#1707=FACE_BOUND('',#1708,.T.);
#1708=EDGE_LOOP('',(#1709,#1710,#1711,#1723));
#1709=ORIENTED_EDGE('',*,*,#110,.F.);
#1710=ORIENTED_EDGE('',*,*,#1696,.F.);
#1711=ORIENTED_EDGE('',*,*,#1712,.T.);
#1712=EDGE_CURVE('',#1688,#1713,#1715,.T.);
#1713=VERTEX_POINT('',#1714);
#1714=CARTESIAN_POINT('',(2.386921727,1.641870873,7.26));
#1715=B_SPLINE_CURVE_WITH_KNOTS('',3,(#1716,#1717,#1718,#1719,#1720,#1721,#1722),.UNSPECIFIED.,.F.,.U.,(4,3,4),(0.5,0.6,0.7),.PIECEWISE_BEZIER_KNOTS.);
#1716=CARTESIAN_POINT('',(2.807251108,1.641870873,7.26));
#1717=CARTESIAN_POINT('',(2.792271652,1.539223022,7.26));
#1718=CARTESIAN_POINT('',(2.703884881,1.460387982,7.26));
#1719=CARTESIAN_POINT('',(2.597086417,1.460387982,7.26));
#1720=CARTESIAN_POINT('',(2.490287953,1.460387982,7.26));
#1721=CARTESIAN_POINT('',(2.401901182,1.539223022,7.26));
#1722=CARTESIAN_POINT('',(2.386921727,1.641870873,7.26));
#1723=ORIENTED_EDGE('',*,*,#1724,.T.);
#1724=EDGE_CURVE('',#1713,#111,#1725,.T.);
#1725=LINE('',#1726,#1727);
#1726=CARTESIAN_POINT('',(2.386921727,1.641870873,7.26));
#1727=VECTOR('',#1728,1.0);
#1728=DIRECTION('',(0.0,0.0,-1.0));
#1729=B_SPLINE_SURFACE_WITH_KNOTS('',3,1,((#1730,#1731),(#1732,#1733),(#1734,#1735),(#1736,#1737),(#1738,#1739)),.UNSPECIFIED.,.F.,.F.,.U.,(4,1,4),(2,2),(0.5,0.6,0.7),(0.0,1.0),.UNSPECIFIED.);
#1730=CARTESIAN_POINT('',(2.807251108,1.641870873,7.26));
#1731=CARTESIAN_POINT('',(2.807251108,1.641870873,7.25));
#1732=CARTESIAN_POINT('',(2.792271652,1.539223022,7.26));
#1733=CARTESIAN_POINT('',(2.792271652,1.539223022,7.25));
#1734=CARTESIAN_POINT('',(2.597086417,1.381552942,7.26));
#1735=CARTESIAN_POINT('',(2.597086417,1.381552942,7.25));
#1736=CARTESIAN_POINT('',(2.401901182,1.539223022,7.26));
#1737=CARTESIAN_POINT('',(2.401901182,1.539223022,7.25));
#1738=CARTESIAN_POINT('',(2.386921727,1.641870873,7.26));
#1739=CARTESIAN_POINT('',(2.386921727,1.641870873,7.25));
#1740=ADVANCED_FACE('',(#1741),#1760,.T.);
#1741=FACE_BOUND('',#1742,.T.);
#1742=EDGE_LOOP('',(#1743,#1744,#1745,#1754));
#1743=ORIENTED_EDGE('',*,*,#122,.F.);
#1744=ORIENTED_EDGE('',*,*,#1724,.F.);
#1745=ORIENTED_EDGE('',*,*,#1746,.T.);
#1746=EDGE_CURVE('',#1713,#1747,#1749,.T.);
#1747=VERTEX_POINT('',#1748);
#1748=CARTESIAN_POINT('',(0.64962414,1.641870873,7.26));
#1749=B_SPLINE_CURVE_WITH_KNOTS('',3,(#1750,#1751,#1752,#1753),.UNSPECIFIED.,.F.,.U.,(4,4),(0.7,0.8),.PIECEWISE_BEZIER_KNOTS.);
#1750=CARTESIAN_POINT('',(2.386921727,1.641870873,7.26));
#1751=CARTESIAN_POINT('',(2.213191968,1.641870873,7.26));
#1752=CARTESIAN_POINT('',(0.805980923,1.641870873,7.26));
#1753=CARTESIAN_POINT('',(0.64962414,1.641870873,7.26));
#1754=ORIENTED_EDGE('',*,*,#1755,.T.);
#1755=EDGE_CURVE('',#1747,#123,#1756,.T.);
#1756=LINE('',#1757,#1758);
#1757=CARTESIAN_POINT('',(0.64962414,1.641870873,7.26));
#1758=VECTOR('',#1759,1.0);
#1759=DIRECTION('',(0.0,0.0,-1.0));
#1760=PLANE('',#1761);
#1761=AXIS2_PLACEMENT_3D('',#1762,#1763,#1764);
#1762=CARTESIAN_POINT('',(2.386921727,1.641870873,7.26));
#1763=DIRECTION('',(2.496295813E-16,-1.0,0.0));
#1764=DIRECTION('',(1.0,2.496295813E-16,0.0));
#1765=ADVANCED_FACE('',(#1766),#1785,.T.);
#1766=FACE_BOUND('',#1767,.T.);
#1767=EDGE_LOOP('',(#1768,#1769,#1770,#1779));
#1768=ORIENTED_EDGE('',*,*,#131,.F.);
#1769=ORIENTED_EDGE('',*,*,#1755,.F.);
#1770=ORIENTED_EDGE('',*,*,#1771,.T.);
#1771=EDGE_CURVE('',#1747,#1772,#1774,.T.);
#1772=VERTEX_POINT('',#1773);
#1773=CARTESIAN_POINT('',(0.685782365,1.703677757,7.26));
#1774=B_SPLINE_CURVE_WITH_KNOTS('',3,(#1775,#1776,#1777,#1778),.UNSPECIFIED.,.F.,.U.,(4,4),(0.8,0.9),.PIECEWISE_BEZIER_KNOTS.);
#1775=CARTESIAN_POINT('',(0.64962414,1.641870873,7.26));
#1776=CARTESIAN_POINT('',(0.653239963,1.648051561,7.26));
#1777=CARTESIAN_POINT('',(0.682528125,1.698115137,7.26));
#1778=CARTESIAN_POINT('',(0.685782365,1.703677757,7.26));
#1779=ORIENTED_EDGE('',*,*,#1780,.T.);
#1780=EDGE_CURVE('',#1772,#61,#1781,.T.);
#1781=LINE('',#1782,#1783);
#1782=CARTESIAN_POINT('',(0.685782365,1.703677757,7.26));
#1783=VECTOR('',#1784,1.0);
#1784=DIRECTION('',(0.0,0.0,-1.0));
#1785=PLANE('',#1786);
#1786=AXIS2_PLACEMENT_3D('',#1787,#1788,#1789);
#1787=CARTESIAN_POINT('',(0.64962414,1.641870873,7.26));
#1788=DIRECTION('',(-0.863144826,0.504956443,0.0));
#1789=DIRECTION('',(-0.504956443,-0.863144826,0.0));
#1790=ADVANCED_FACE('',(#1791),#1835,.T.);
#1791=FACE_BOUND('',#1792,.T.);
#1792=EDGE_LOOP('',(#1793,#1811,#1818,#1834));
#1793=ORIENTED_EDGE('',*,*,#1794,.T.);
#1794=EDGE_CURVE('',#1795,#1795,#1797,.T.);
#1795=VERTEX_POINT('',#1796);
#1796=CARTESIAN_POINT('',(2.446493665,1.672761011,7.26));
#1797=B_SPLINE_CURVE_WITH_KNOTS('',3,(#1798,#1799,#1800,#1801,#1802,#1803,#1804,#1805,#1806,#1807,#1808,#1809,#1810),.UNSPECIFIED.,.T.,.U.,(1,3,3,3,3,3,1),(-0.25,0.0,0.25,0.5,0.75,1.0,1.25),.UNSPECIFIED.);
#1798=CARTESIAN_POINT('',(2.446493665,1.672761011,7.26));
#1799=CARTESIAN_POINT('',(2.446493665,1.589589113,7.26));
#1800=CARTESIAN_POINT('',(2.513914519,1.522168259,7.26));
#1801=CARTESIAN_POINT('',(2.597086417,1.522168259,7.26));
#1802=CARTESIAN_POINT('',(2.680258315,1.522168259,7.26));
#1803=CARTESIAN_POINT('',(2.747679169,1.589589113,7.26));
#1804=CARTESIAN_POINT('',(2.747679169,1.672761011,7.26));
#1805=CARTESIAN_POINT('',(2.747679169,1.755959516,7.26));
#1806=CARTESIAN_POINT('',(2.680258315,1.82338037,7.26));
#1807=CARTESIAN_POINT('',(2.597086417,1.82338037,7.26));
#1808=CARTESIAN_POINT('',(2.513914519,1.82338037,7.26));
#1809=CARTESIAN_POINT('',(2.446493665,1.755959516,7.26));
#1810=CARTESIAN_POINT('',(2.446493665,1.672761011,7.26));
#1811=ORIENTED_EDGE('',*,*,#1812,.T.);
#1812=EDGE_CURVE('',#1795,#1813,#1815,.T.);
#1813=VERTEX_POINT('',#1814);
#1814=CARTESIAN_POINT('',(2.446493665,1.672761011,7.25));
#1815=B_SPLINE_CURVE_WITH_KNOTS('',1,(#1816,#1817),.UNSPECIFIED.,.F.,.U.,(2,2),(0.0,1.0),.PIECEWISE_BEZIER_KNOTS.);
#1816=CARTESIAN_POINT('',(2.446493665,1.672761011,7.26));
#1817=CARTESIAN_POINT('',(2.446493665,1.672761011,7.25));
#1818=ORIENTED_EDGE('',*,*,#1819,.T.);
#1819=EDGE_CURVE('',#1813,#1813,#1820,.F.);
#1820=B_SPLINE_CURVE_WITH_KNOTS('',3,(#1821,#1822,#1823,#1824,#1825,#1826,#1827,#1828,#1829,#1830,#1831,#1832,#1833),.UNSPECIFIED.,.T.,.U.,(1,3,3,3,3,3,1),(-0.25,0.0,0.25,0.5,0.75,1.0,1.25),.UNSPECIFIED.);
#1821=CARTESIAN_POINT('',(2.446493665,1.672761011,7.25));
#1822=CARTESIAN_POINT('',(2.446493665,1.589589113,7.25));
#1823=CARTESIAN_POINT('',(2.513914519,1.522168259,7.25));
#1824=CARTESIAN_POINT('',(2.597086417,1.522168259,7.25));
#1825=CARTESIAN_POINT('',(2.680258315,1.522168259,7.25));
#1826=CARTESIAN_POINT('',(2.747679169,1.589589113,7.25));
#1827=CARTESIAN_POINT('',(2.747679169,1.672761011,7.25));
#1828=CARTESIAN_POINT('',(2.747679169,1.755959516,7.25));
#1829=CARTESIAN_POINT('',(2.680258315,1.82338037,7.25));
#1830=CARTESIAN_POINT('',(2.597086417,1.82338037,7.25));
#1831=CARTESIAN_POINT('',(2.513914519,1.82338037,7.25));
#1832=CARTESIAN_POINT('',(2.446493665,1.755959516,7.25));
#1833=CARTESIAN_POINT('',(2.446493665,1.672761011,7.25));
#1834=ORIENTED_EDGE('',*,*,#1812,.F.);
#1835=B_SPLINE_SURFACE_WITH_KNOTS('',3,1,((#1836,#1837),(#1838,#1839),(#1840,#1841),(#1842,#1843),(#1844,#1845),(#1846,#1847),(#1848,#1849)),.UNSPECIFIED.,.T.,.F.,.U.,(1,1,1,1,1,1,1,1,1,1,1),(2,2),(-0.7625,-0.525,-0.2625,0.0,0.2375,0.475,0.7375,1.0,1.2375,1.475,1.7375),(0.0,1.0),.UNSPECIFIED.);
#1836=CARTESIAN_POINT('',(2.616309269,1.906657419,7.26));
#1837=CARTESIAN_POINT('',(2.616309269,1.906657419,7.25));
#1838=CARTESIAN_POINT('',(2.371437884,1.6816687,7.26));
#1839=CARTESIAN_POINT('',(2.371437884,1.6816687,7.25));
#1840=CARTESIAN_POINT('',(2.579218806,1.455863503,7.26));
#1841=CARTESIAN_POINT('',(2.579218806,1.455863503,7.25));
#1842=CARTESIAN_POINT('',(2.821259588,1.644946019,7.26));
#1843=CARTESIAN_POINT('',(2.821259588,1.644946019,7.25));
#1844=CARTESIAN_POINT('',(2.616309269,1.906657419,7.26));
#1845=CARTESIAN_POINT('',(2.616309269,1.906657419,7.25));
#1846=CARTESIAN_POINT('',(2.371437884,1.6816687,7.26));
#1847=CARTESIAN_POINT('',(2.371437884,1.6816687,7.25));
#1848=CARTESIAN_POINT('',(2.579218806,1.455863503,7.26));
#1849=CARTESIAN_POINT('',(2.579218806,1.455863503,7.25));
#1850=ADVANCED_FACE('',(#1851),#1863,.T.);
#1851=FACE_BOUND('',#1852,.T.);
#1852=EDGE_LOOP('',(#1853,#1854,#1855,#1862));
#1853=ORIENTED_EDGE('',*,*,#60,.F.);
#1854=ORIENTED_EDGE('',*,*,#1780,.F.);
#1855=ORIENTED_EDGE('',*,*,#1856,.T.);
#1856=EDGE_CURVE('',#1772,#1596,#1857,.T.);
#1857=B_SPLINE_CURVE_WITH_KNOTS('',3,(#1858,#1859,#1860,#1861),.UNSPECIFIED.,.F.,.U.,(4,4),(0.9,1.0),.PIECEWISE_BEZIER_KNOTS.);
#1858=CARTESIAN_POINT('',(0.685782365,1.703677757,7.26));
#1859=CARTESIAN_POINT('',(0.855896301,1.703677757,7.26));
#1860=CARTESIAN_POINT('',(2.233819184,1.703677757,7.26));
#1861=CARTESIAN_POINT('',(2.386921727,1.703677757,7.26));
#1862=ORIENTED_EDGE('',*,*,#1595,.F.);
#1863=PLANE('',#1864);
#1864=AXIS2_PLACEMENT_3D('',#1865,#1866,#1867);
#1865=CARTESIAN_POINT('',(0.685782365,1.703677757,7.26));
#1866=DIRECTION('',(-1.274677662E-16,1.0,0.0));
#1867=DIRECTION('',(-1.0,-1.274677662E-16,0.0));
#1868=ADVANCED_FACE('',(#1869,#1872),#1882,.T.);
#1869=FACE_BOUND('',#1870,.T.);
#1870=EDGE_LOOP('',(#1871));
#1871=ORIENTED_EDGE('',*,*,#1794,.F.);
#1872=FACE_BOUND('',#1873,.T.);
#1873=EDGE_LOOP('',(#1874,#1875,#1876,#1877,#1878,#1879,#1880,#1881));
#1874=ORIENTED_EDGE('',*,*,#1603,.F.);
#1875=ORIENTED_EDGE('',*,*,#1856,.F.);
#1876=ORIENTED_EDGE('',*,*,#1771,.F.);
#1877=ORIENTED_EDGE('',*,*,#1746,.F.);
#1878=ORIENTED_EDGE('',*,*,#1712,.F.);
#1879=ORIENTED_EDGE('',*,*,#1687,.F.);
#1880=ORIENTED_EDGE('',*,*,#1662,.F.);
#1881=ORIENTED_EDGE('',*,*,#1637,.F.);
#1882=PLANE('',#1883);
#1883=AXIS2_PLACEMENT_3D('',#1884,#1885,#1886);
#1884=CARTESIAN_POINT('',(2.597086417,1.885160647,7.26));
#1885=DIRECTION('',(0.0,0.0,1.0));
#1886=DIRECTION('',(1.0,0.0,0.0));
#1887=ADVANCED_FACE('',(#1888),#1891,.F.);
#1888=FACE_BOUND('',#1889,.T.);
#1889=EDGE_LOOP('',(#1890));
#1890=ORIENTED_EDGE('',*,*,#1819,.F.);
#1891=PLANE('',#1892);
#1892=AXIS2_PLACEMENT_3D('',#1893,#1894,#1895);
#1893=CARTESIAN_POINT('',(0.0,0.0,7.25));
#1894=DIRECTION('',(0.0,0.0,-1.0));
#1895=DIRECTION('',(-1.0,0.0,0.0));
#1896=ADVANCED_FACE('',(#1897),#1923,.T.);
#1897=FACE_BOUND('',#1898,.T.);
#1898=EDGE_LOOP('',(#1899,#1900,#1908,#1917));
#1899=ORIENTED_EDGE('',*,*,#151,.F.);
#1900=ORIENTED_EDGE('',*,*,#1901,.T.);
#1901=EDGE_CURVE('',#143,#1902,#1904,.F.);
#1902=VERTEX_POINT('',#1903);
#1903=CARTESIAN_POINT('',(-2.183279743,-1.600916399,7.26));
#1904=LINE('',#1905,#1906);
#1905=CARTESIAN_POINT('',(-2.183279743,-1.600916399,7.26));
#1906=VECTOR('',#1907,1.0);
#1907=DIRECTION('',(0.0,0.0,-1.0));
#1908=ORIENTED_EDGE('',*,*,#1909,.T.);
#1909=EDGE_CURVE('',#1902,#1910,#1912,.T.);
#1910=VERTEX_POINT('',#1911);
#1911=CARTESIAN_POINT('',(-2.305466238,-1.600916399,7.26));
#1912=B_SPLINE_CURVE_WITH_KNOTS('',3,(#1913,#1914,#1915,#1916),.UNSPECIFIED.,.F.,.U.,(4,4),(0.984247346,1.0),.PIECEWISE_BEZIER_KNOTS.);
#1913=CARTESIAN_POINT('',(-2.183279743,-1.600916399,7.26));
#1914=CARTESIAN_POINT('',(-2.224008574,-1.600916399,7.26));
#1915=CARTESIAN_POINT('',(-2.264737406,-1.600916399,7.26));
#1916=CARTESIAN_POINT('',(-2.305466238,-1.600916399,7.26));
#1917=ORIENTED_EDGE('',*,*,#1918,.T.);
#1918=EDGE_CURVE('',#1910,#152,#1919,.T.);
#1919=LINE('',#1920,#1921);
#1920=CARTESIAN_POINT('',(-2.305466238,-1.600916399,7.26));
#1921=VECTOR('',#1922,1.0);
#1922=DIRECTION('',(0.0,0.0,-1.0));
#1923=PLANE('',#1924);
#1924=AXIS2_PLACEMENT_3D('',#1925,#1926,#1927);
#1925=CARTESIAN_POINT('',(-2.183279743,-1.600916399,7.26));
#1926=DIRECTION('',(0.0,-1.0,0.0));
#1927=DIRECTION('',(0.0,0.0,-1.0));
#1928=ADVANCED_FACE('',(#1929),#1948,.T.);
#1929=FACE_BOUND('',#1930,.T.);
#1930=EDGE_LOOP('',(#1931,#1932,#1933,#1942));
#1931=ORIENTED_EDGE('',*,*,#160,.F.);
#1932=ORIENTED_EDGE('',*,*,#1918,.F.);
#1933=ORIENTED_EDGE('',*,*,#1934,.T.);
#1934=EDGE_CURVE('',#1910,#1935,#1937,.T.);
#1935=VERTEX_POINT('',#1936);
#1936=CARTESIAN_POINT('',(-2.305466238,-0.635,7.26));
#1937=B_SPLINE_CURVE_WITH_KNOTS('',3,(#1938,#1939,#1940,#1941),.UNSPECIFIED.,.F.,.U.,(4,4),(0.0,0.124528876),.PIECEWISE_BEZIER_KNOTS.);
#1938=CARTESIAN_POINT('',(-2.305466238,-1.600916399,7.26));
#1939=CARTESIAN_POINT('',(-2.305466238,-1.278944266,7.26));
#1940=CARTESIAN_POINT('',(-2.305466238,-0.956972133,7.26));
#1941=CARTESIAN_POINT('',(-2.305466238,-0.635,7.26));
#1942=ORIENTED_EDGE('',*,*,#1943,.T.);
#1943=EDGE_CURVE('',#1935,#161,#1944,.T.);
#1944=LINE('',#1945,#1946);
#1945=CARTESIAN_POINT('',(-2.305466238,-0.635,7.26));
#1946=VECTOR('',#1947,1.0);
#1947=DIRECTION('',(0.0,0.0,-1.0));
#1948=PLANE('',#1949);
#1949=AXIS2_PLACEMENT_3D('',#1950,#1951,#1952);
#1950=CARTESIAN_POINT('',(-2.305466238,-1.600916399,7.26));
#1951=DIRECTION('',(-1.0,0.0,0.0));
#1952=DIRECTION('',(0.0,0.0,1.0));
#1953=ADVANCED_FACE('',(#1954),#1973,.T.);
#1954=FACE_BOUND('',#1955,.T.);
#1955=EDGE_LOOP('',(#1956,#1957,#1958,#1967));
#1956=ORIENTED_EDGE('',*,*,#169,.F.);
#1957=ORIENTED_EDGE('',*,*,#1943,.F.);
#1958=ORIENTED_EDGE('',*,*,#1959,.T.);
#1959=EDGE_CURVE('',#1935,#1960,#1962,.T.);
#1960=VERTEX_POINT('',#1961);
#1961=CARTESIAN_POINT('',(-2.11511254,-0.635,7.26));
#1962=B_SPLINE_CURVE_WITH_KNOTS('',3,(#1963,#1964,#1965,#1966),.UNSPECIFIED.,.F.,.U.,(4,4),(0.124528876,0.149069853),.PIECEWISE_BEZIER_KNOTS.);
#1963=CARTESIAN_POINT('',(-2.305466238,-0.635,7.26));
#1964=CARTESIAN_POINT('',(-2.242015005,-0.635,7.26));
#1965=CARTESIAN_POINT('',(-2.178563773,-0.635,7.26));
#1966=CARTESIAN_POINT('',(-2.11511254,-0.635,7.26));
#1967=ORIENTED_EDGE('',*,*,#1968,.T.);
#1968=EDGE_CURVE('',#1960,#170,#1969,.T.);
#1969=LINE('',#1970,#1971);
#1970=CARTESIAN_POINT('',(-2.11511254,-0.635,7.26));
#1971=VECTOR('',#1972,1.0);
#1972=DIRECTION('',(0.0,0.0,-1.0));
#1973=PLANE('',#1974);
#1974=AXIS2_PLACEMENT_3D('',#1975,#1976,#1977);
#1975=CARTESIAN_POINT('',(-2.305466238,-0.635,7.26));
#1976=DIRECTION('',(-1.13914485E-15,1.0,0.0));
#1977=DIRECTION('',(-1.0,-1.13914485E-15,0.0));
#1978=ADVANCED_FACE('',(#1979),#2001,.T.);
#1979=FACE_BOUND('',#1980,.T.);
#1980=EDGE_LOOP('',(#1981,#1982,#1983,#1995));
#1981=ORIENTED_EDGE('',*,*,#178,.F.);
#1982=ORIENTED_EDGE('',*,*,#1968,.F.);
#1983=ORIENTED_EDGE('',*,*,#1984,.T.);
#1984=EDGE_CURVE('',#1960,#1985,#1987,.T.);
#1985=VERTEX_POINT('',#1986);
#1986=CARTESIAN_POINT('',(-1.839228296,-1.462009646,7.26));
#1987=B_SPLINE_CURVE_WITH_KNOTS('',3,(#1988,#1989,#1990,#1991,#1992,#1993,#1994),.UNSPECIFIED.,.F.,.U.,(4,3,4),(0.149069853,0.24203924,0.261468231),.UNSPECIFIED.);
#1988=CARTESIAN_POINT('',(-2.11511254,-0.635,7.26));
#1989=CARTESIAN_POINT('',(-2.038585209,-0.862867095,7.26));
#1990=CARTESIAN_POINT('',(-1.962057878,-1.090734191,7.26));
#1991=CARTESIAN_POINT('',(-1.885530547,-1.318601286,7.26));
#1992=CARTESIAN_POINT('',(-1.863971072,-1.382796584,7.26));
#1993=CARTESIAN_POINT('',(-1.848874598,-1.430498392,7.26));
#1994=CARTESIAN_POINT('',(-1.839228296,-1.462009646,7.26));
#1995=ORIENTED_EDGE('',*,*,#1996,.T.);
#1996=EDGE_CURVE('',#1985,#179,#1997,.T.);
#1997=LINE('',#1998,#1999);
#1998=CARTESIAN_POINT('',(-1.839228296,-1.462009646,7.26));
#1999=VECTOR('',#2000,1.0);
#2000=DIRECTION('',(0.0,0.0,-1.0));
#2001=B_SPLINE_SURFACE_WITH_KNOTS('',3,1,((#2002,#2003),(#2004,#2005),(#2006,#2007),(#2008,#2009),(#2010,#2011),(#2012,#2013)),.UNSPECIFIED.,.F.,.F.,.U.,(4,1,1,4),(2,2),(0.149069853,0.205269042,0.233368636,0.261468231),(0.0,1.0),.UNSPECIFIED.);
#2002=CARTESIAN_POINT('',(-2.11511254,-0.635,7.26));
#2003=CARTESIAN_POINT('',(-2.11511254,-0.635,7.25));
#2004=CARTESIAN_POINT('',(-2.068852432,-0.772743684,7.26));
#2005=CARTESIAN_POINT('',(-2.068852432,-0.772743684,7.25));
#2006=CARTESIAN_POINT('',(-1.997416139,-0.985862543,7.26));
#2007=CARTESIAN_POINT('',(-1.997416139,-0.985862543,7.25));
#2008=CARTESIAN_POINT('',(-1.910352269,-1.244007688,7.26));
#2009=CARTESIAN_POINT('',(-1.910352269,-1.244007688,7.25));
#2010=CARTESIAN_POINT('',(-1.853179468,-1.416435818,7.26));
#2011=CARTESIAN_POINT('',(-1.853179468,-1.416435818,7.25));
#2012=CARTESIAN_POINT('',(-1.839228296,-1.462009646,7.26));
#2013=CARTESIAN_POINT('',(-1.839228296,-1.462009646,7.25));
#2014=ADVANCED_FACE('',(#2015),#2037,.T.);
#2015=FACE_BOUND('',#2016,.T.);
#2016=EDGE_LOOP('',(#2017,#2018,#2019,#2031));
#2017=ORIENTED_EDGE('',*,*,#190,.F.);
#2018=ORIENTED_EDGE('',*,*,#1996,.F.);
#2019=ORIENTED_EDGE('',*,*,#2020,.T.);
#2020=EDGE_CURVE('',#1985,#2021,#2023,.T.);
#2021=VERTEX_POINT('',#2022);
#2022=CARTESIAN_POINT('',(-1.554340836,-0.635,7.26));
#2023=B_SPLINE_CURVE_WITH_KNOTS('',3,(#2024,#2025,#2026,#2027,#2028,#2029,#2030),.UNSPECIFIED.,.F.,.U.,(4,3,4),(0.261468231,0.282521875,0.374240109),.UNSPECIFIED.);
#2024=CARTESIAN_POINT('',(-1.839228296,-1.462009646,7.26));
#2025=CARTESIAN_POINT('',(-1.82829582,-1.426639871,7.26));
#2026=CARTESIAN_POINT('',(-1.810932476,-1.375192926,7.26));
#2027=CARTESIAN_POINT('',(-1.78778135,-1.307025723,7.26));
#2028=CARTESIAN_POINT('',(-1.711523529,-1.082488804,7.26));
#2029=CARTESIAN_POINT('',(-1.632154341,-0.859008574,7.26));
#2030=CARTESIAN_POINT('',(-1.554340836,-0.635,7.26));
#2031=ORIENTED_EDGE('',*,*,#2032,.T.);
#2032=EDGE_CURVE('',#2021,#191,#2033,.T.);
#2033=LINE('',#2034,#2035);
#2034=CARTESIAN_POINT('',(-1.554340836,-0.635,7.26));
#2035=VECTOR('',#2036,1.0);
#2036=DIRECTION('',(0.0,0.0,-1.0));
#2037=B_SPLINE_SURFACE_WITH_KNOTS('',3,1,((#2038,#2039),(#2040,#2041),(#2042,#2043),(#2044,#2045),(#2046,#2047),(#2048,#2049)),.UNSPECIFIED.,.F.,.F.,.U.,(4,1,1,4),(2,2),(0.261468231,0.2896612,0.31785417,0.374240109),(0.0,1.0),.UNSPECIFIED.);
#2038=CARTESIAN_POINT('',(-1.839228296,-1.462009646,7.26));
#2039=CARTESIAN_POINT('',(-1.839228296,-1.462009646,7.25));
#2040=CARTESIAN_POINT('',(-1.8245886,-1.414645923,7.26));
#2041=CARTESIAN_POINT('',(-1.8245886,-1.414645923,7.25));
#2042=CARTESIAN_POINT('',(-1.766648416,-1.244520876,7.26));
#2043=CARTESIAN_POINT('',(-1.766648416,-1.244520876,7.25));
#2044=CARTESIAN_POINT('',(-1.676935324,-0.984987661,7.26));
#2045=CARTESIAN_POINT('',(-1.676935324,-0.984987661,7.25));
#2046=CARTESIAN_POINT('',(-1.602178516,-0.772714534,7.26));
#2047=CARTESIAN_POINT('',(-1.602178516,-0.772714534,7.25));
#2048=CARTESIAN_POINT('',(-1.554340836,-0.635,7.26));
#2049=CARTESIAN_POINT('',(-1.554340836,-0.635,7.25));
#2050=ADVANCED_FACE('',(#2051),#2070,.T.);
#2051=FACE_BOUND('',#2052,.T.);
#2052=EDGE_LOOP('',(#2053,#2054,#2055,#2064));
#2053=ORIENTED_EDGE('',*,*,#202,.F.);
#2054=ORIENTED_EDGE('',*,*,#2032,.F.);
#2055=ORIENTED_EDGE('',*,*,#2056,.T.);
#2056=EDGE_CURVE('',#2021,#2057,#2059,.T.);
#2057=VERTEX_POINT('',#2058);
#2058=CARTESIAN_POINT('',(-1.384565916,-0.635,7.26));
#2059=B_SPLINE_CURVE_WITH_KNOTS('',3,(#2060,#2061,#2062,#2063),.UNSPECIFIED.,.F.,.U.,(4,4),(0.374240109,0.396128007),.PIECEWISE_BEZIER_KNOTS.);
#2060=CARTESIAN_POINT('',(-1.554340836,-0.635,7.26));
#2061=CARTESIAN_POINT('',(-1.497749196,-0.635,7.26));
#2062=CARTESIAN_POINT('',(-1.441157556,-0.635,7.26));
#2063=CARTESIAN_POINT('',(-1.384565916,-0.635,7.26));
#2064=ORIENTED_EDGE('',*,*,#2065,.T.);
#2065=EDGE_CURVE('',#2057,#203,#2066,.T.);
#2066=LINE('',#2067,#2068);
#2067=CARTESIAN_POINT('',(-1.384565916,-0.635,7.26));
#2068=VECTOR('',#2069,1.0);
#2069=DIRECTION('',(0.0,0.0,-1.0));
#2070=PLANE('',#2071);
#2071=AXIS2_PLACEMENT_3D('',#2072,#2073,#2074);
#2072=CARTESIAN_POINT('',(-1.554340836,-0.635,7.26));
#2073=DIRECTION('',(0.0,1.0,0.0));
#2074=DIRECTION('',(0.0,0.0,1.0));
#2075=ADVANCED_FACE('',(#2076),#2095,.T.);
#2076=FACE_BOUND('',#2077,.T.);
#2077=EDGE_LOOP('',(#2078,#2079,#2080,#2089));
#2078=ORIENTED_EDGE('',*,*,#211,.F.);
#2079=ORIENTED_EDGE('',*,*,#2065,.F.);
#2080=ORIENTED_EDGE('',*,*,#2081,.T.);
#2081=EDGE_CURVE('',#2057,#2082,#2084,.T.);
#2082=VERTEX_POINT('',#2083);
#2083=CARTESIAN_POINT('',(-1.384565916,-1.600916399,7.26));
#2084=B_SPLINE_CURVE_WITH_KNOTS('',3,(#2085,#2086,#2087,#2088),.UNSPECIFIED.,.F.,.U.,(4,4),(0.396128007,0.520656883),.PIECEWISE_BEZIER_KNOTS.);
#2085=CARTESIAN_POINT('',(-1.384565916,-0.635,7.26));
#2086=CARTESIAN_POINT('',(-1.384565916,-0.956972133,7.26));
#2087=CARTESIAN_POINT('',(-1.384565916,-1.278944266,7.26));
#2088=CARTESIAN_POINT('',(-1.384565916,-1.600916399,7.26));
#2089=ORIENTED_EDGE('',*,*,#2090,.T.);
#2090=EDGE_CURVE('',#2082,#212,#2091,.T.);
#2091=LINE('',#2092,#2093);
#2092=CARTESIAN_POINT('',(-1.384565916,-1.600916399,7.26));
#2093=VECTOR('',#2094,1.0);
#2094=DIRECTION('',(0.0,0.0,-1.0));
#2095=PLANE('',#2096);
#2096=AXIS2_PLACEMENT_3D('',#2097,#2098,#2099);
#2097=CARTESIAN_POINT('',(-1.384565916,-0.635,7.26));
#2098=DIRECTION('',(1.0,0.0,0.0));
#2099=DIRECTION('',(0.0,0.0,-1.0));
#2100=ADVANCED_FACE('',(#2101),#2120,.T.);
#2101=FACE_BOUND('',#2102,.T.);
#2102=EDGE_LOOP('',(#2103,#2104,#2105,#2114));
#2103=ORIENTED_EDGE('',*,*,#220,.F.);
#2104=ORIENTED_EDGE('',*,*,#2090,.F.);
#2105=ORIENTED_EDGE('',*,*,#2106,.T.);
#2106=EDGE_CURVE('',#2082,#2107,#2109,.T.);
#2107=VERTEX_POINT('',#2108);
#2108=CARTESIAN_POINT('',(-1.507395498,-1.600916399,7.26));
#2109=B_SPLINE_CURVE_WITH_KNOTS('',3,(#2110,#2111,#2112,#2113),.UNSPECIFIED.,.F.,.U.,(4,4),(0.520656883,0.536492446),.PIECEWISE_BEZIER_KNOTS.);
#2110=CARTESIAN_POINT('',(-1.384565916,-1.600916399,7.26));
#2111=CARTESIAN_POINT('',(-1.42550911,-1.600916399,7.26));
#2112=CARTESIAN_POINT('',(-1.466452304,-1.600916399,7.26));
#2113=CARTESIAN_POINT('',(-1.507395498,-1.600916399,7.26));
#2114=ORIENTED_EDGE('',*,*,#2115,.T.);
#2115=EDGE_CURVE('',#2107,#221,#2116,.T.);
#2116=LINE('',#2117,#2118);
#2117=CARTESIAN_POINT('',(-1.507395498,-1.600916399,7.26));
#2118=VECTOR('',#2119,1.0);
#2119=DIRECTION('',(0.0,0.0,-1.0));
#2120=PLANE('',#2121);
#2121=AXIS2_PLACEMENT_3D('',#2122,#2123,#2124);
#2122=CARTESIAN_POINT('',(-1.384565916,-1.600916399,7.26));
#2123=DIRECTION('',(0.0,-1.0,0.0));
#2124=DIRECTION('',(0.0,0.0,-1.0));
#2125=ADVANCED_FACE('',(#2126),#2145,.T.);
#2126=FACE_BOUND('',#2127,.T.);
#2127=EDGE_LOOP('',(#2128,#2129,#2130,#2139));
#2128=ORIENTED_EDGE('',*,*,#229,.F.);
#2129=ORIENTED_EDGE('',*,*,#2115,.F.);
#2130=ORIENTED_EDGE('',*,*,#2131,.T.);
#2131=EDGE_CURVE('',#2107,#2132,#2134,.T.);
#2132=VERTEX_POINT('',#2133);
#2133=CARTESIAN_POINT('',(-1.507395498,-0.791270096,7.26));
#2134=B_SPLINE_CURVE_WITH_KNOTS('',3,(#2135,#2136,#2137,#2138),.UNSPECIFIED.,.F.,.U.,(4,4),(0.536492446,0.640874506),.PIECEWISE_BEZIER_KNOTS.);
#2135=CARTESIAN_POINT('',(-1.507395498,-1.600916399,7.26));
#2136=CARTESIAN_POINT('',(-1.507395498,-1.331034298,7.26));
#2137=CARTESIAN_POINT('',(-1.507395498,-1.061152197,7.26));
#2138=CARTESIAN_POINT('',(-1.507395498,-0.791270096,7.26));
#2139=ORIENTED_EDGE('',*,*,#2140,.T.);
#2140=EDGE_CURVE('',#2132,#230,#2141,.T.);
#2141=LINE('',#2142,#2143);
#2142=CARTESIAN_POINT('',(-1.507395498,-0.791270096,7.26));
#2143=VECTOR('',#2144,1.0);
#2144=DIRECTION('',(0.0,0.0,-1.0));
#2145=PLANE('',#2146);
#2146=AXIS2_PLACEMENT_3D('',#2147,#2148,#2149);
#2147=CARTESIAN_POINT('',(-1.507395498,-1.600916399,7.26));
#2148=DIRECTION('',(-1.0,0.0,0.0));
#2149=DIRECTION('',(0.0,0.0,1.0));
#2150=ADVANCED_FACE('',(#2151),#2170,.T.);
#2151=FACE_BOUND('',#2152,.T.);
#2152=EDGE_LOOP('',(#2153,#2154,#2155,#2164));
#2153=ORIENTED_EDGE('',*,*,#238,.F.);
#2154=ORIENTED_EDGE('',*,*,#2140,.F.);
#2155=ORIENTED_EDGE('',*,*,#2156,.T.);
#2156=EDGE_CURVE('',#2132,#2157,#2159,.T.);
#2157=VERTEX_POINT('',#2158);
#2158=CARTESIAN_POINT('',(-1.790996785,-1.600916399,7.26));
#2159=B_SPLINE_CURVE_WITH_KNOTS('',3,(#2160,#2161,#2162,#2163),.UNSPECIFIED.,.F.,.U.,(4,4),(0.640874506,0.751474906),.PIECEWISE_BEZIER_KNOTS.);
#2160=CARTESIAN_POINT('',(-1.507395498,-0.791270096,7.26));
#2161=CARTESIAN_POINT('',(-1.60192926,-1.061152197,7.26));
#2162=CARTESIAN_POINT('',(-1.696463023,-1.331034298,7.26));
#2163=CARTESIAN_POINT('',(-1.790996785,-1.600916399,7.26));
#2164=ORIENTED_EDGE('',*,*,#2165,.T.);
#2165=EDGE_CURVE('',#2157,#239,#2166,.T.);
#2166=LINE('',#2167,#2168);
#2167=CARTESIAN_POINT('',(-1.790996785,-1.600916399,7.26));
#2168=VECTOR('',#2169,1.0);
#2169=DIRECTION('',(0.0,0.0,-1.0));
#2170=PLANE('',#2171);
#2171=AXIS2_PLACEMENT_3D('',#2172,#2173,#2174);
#2172=CARTESIAN_POINT('',(-1.507395498,-0.791270096,7.26));
#2173=DIRECTION('',(0.94377652,-0.33058415,0.0));
#2174=DIRECTION('',(0.33058415,0.94377652,0.0));
#2175=ADVANCED_FACE('',(#2176),#2195,.T.);
#2176=FACE_BOUND('',#2177,.T.);
#2177=EDGE_LOOP('',(#2178,#2179,#2180,#2189));
#2178=ORIENTED_EDGE('',*,*,#247,.F.);
#2179=ORIENTED_EDGE('',*,*,#2165,.F.);
#2180=ORIENTED_EDGE('',*,*,#2181,.T.);
#2181=EDGE_CURVE('',#2157,#2182,#2184,.T.);
#2182=VERTEX_POINT('',#2183);
#2183=CARTESIAN_POINT('',(-1.904180064,-1.600916399,7.26));
#2184=B_SPLINE_CURVE_WITH_KNOTS('',3,(#2185,#2186,#2187,#2188),.UNSPECIFIED.,.F.,.U.,(4,4),(0.751474906,0.766066838),.PIECEWISE_BEZIER_KNOTS.);
#2185=CARTESIAN_POINT('',(-1.790996785,-1.600916399,7.26));
#2186=CARTESIAN_POINT('',(-1.828724544,-1.600916399,7.26));
#2187=CARTESIAN_POINT('',(-1.866452304,-1.600916399,7.26));
#2188=CARTESIAN_POINT('',(-1.904180064,-1.600916399,7.26));
#2189=ORIENTED_EDGE('',*,*,#2190,.T.);
#2190=EDGE_CURVE('',#2182,#248,#2191,.T.);
#2191=LINE('',#2192,#2193);
#2192=CARTESIAN_POINT('',(-1.904180064,-1.600916399,7.26));
#2193=VECTOR('',#2194,1.0);
#2194=DIRECTION('',(0.0,0.0,-1.0));
#2195=PLANE('',#2196);
#2196=AXIS2_PLACEMENT_3D('',#2197,#2198,#2199);
#2197=CARTESIAN_POINT('',(-1.790996785,-1.600916399,7.26));
#2198=DIRECTION('',(0.0,-1.0,0.0));
#2199=DIRECTION('',(0.0,0.0,-1.0));
#2200=ADVANCED_FACE('',(#2201),#2220,.T.);
#2201=FACE_BOUND('',#2202,.T.);
#2202=EDGE_LOOP('',(#2203,#2204,#2205,#2214));
#2203=ORIENTED_EDGE('',*,*,#256,.F.);
#2204=ORIENTED_EDGE('',*,*,#2190,.F.);
#2205=ORIENTED_EDGE('',*,*,#2206,.T.);
#2206=EDGE_CURVE('',#2182,#2207,#2209,.T.);
#2207=VERTEX_POINT('',#2208);
#2208=CARTESIAN_POINT('',(-2.183279743,-0.777765273,7.26));
#2209=B_SPLINE_CURVE_WITH_KNOTS('',3,(#2210,#2211,#2212,#2213),.UNSPECIFIED.,.F.,.U.,(4,4),(0.766066838,0.878124203),.PIECEWISE_BEZIER_KNOTS.);
#2210=CARTESIAN_POINT('',(-1.904180064,-1.600916399,7.26));
#2211=CARTESIAN_POINT('',(-1.99721329,-1.32653269,7.26));
#2212=CARTESIAN_POINT('',(-2.090246517,-1.052148982,7.26));
#2213=CARTESIAN_POINT('',(-2.183279743,-0.777765273,7.26));
#2214=ORIENTED_EDGE('',*,*,#2215,.T.);
#2215=EDGE_CURVE('',#2207,#141,#2216,.T.);
#2216=LINE('',#2217,#2218);
#2217=CARTESIAN_POINT('',(-2.183279743,-0.777765273,7.26));
#2218=VECTOR('',#2219,1.0);
#2219=DIRECTION('',(0.0,0.0,-1.0));
#2220=PLANE('',#2221);
#2221=AXIS2_PLACEMENT_3D('',#2222,#2223,#2224);
#2222=CARTESIAN_POINT('',(-1.904180064,-1.600916399,7.26));
#2223=DIRECTION('',(-0.947043,-0.321106767,0.0));
#2224=DIRECTION('',(0.321106767,-0.947043,0.0));
#2225=ADVANCED_FACE('',(#2226),#2238,.T.);
#2226=FACE_BOUND('',#2227,.T.);
#2227=EDGE_LOOP('',(#2228,#2229,#2230,#2237));
#2228=ORIENTED_EDGE('',*,*,#140,.F.);
#2229=ORIENTED_EDGE('',*,*,#2215,.F.);
#2230=ORIENTED_EDGE('',*,*,#2231,.T.);
#2231=EDGE_CURVE('',#2207,#1902,#2232,.T.);
#2232=B_SPLINE_CURVE_WITH_KNOTS('',3,(#2233,#2234,#2235,#2236),.UNSPECIFIED.,.F.,.U.,(4,4),(0.878124203,0.984247346),.PIECEWISE_BEZIER_KNOTS.);
#2233=CARTESIAN_POINT('',(-2.183279743,-0.777765273,7.26));
#2234=CARTESIAN_POINT('',(-2.183279743,-1.052148982,7.26));
#2235=CARTESIAN_POINT('',(-2.183279743,-1.32653269,7.26));
#2236=CARTESIAN_POINT('',(-2.183279743,-1.600916399,7.26));
#2237=ORIENTED_EDGE('',*,*,#1901,.F.);
#2238=PLANE('',#2239);
#2239=AXIS2_PLACEMENT_3D('',#2240,#2241,#2242);
#2240=CARTESIAN_POINT('',(-2.183279743,-0.777765273,7.26));
#2241=DIRECTION('',(1.0,0.0,0.0));
#2242=DIRECTION('',(0.0,0.0,-1.0));
#2243=ADVANCED_FACE('',(#2244),#2259,.T.);
#2244=FACE_BOUND('',#2245,.T.);
#2245=EDGE_LOOP('',(#2246,#2247,#2248,#2249,#2250,#2251,#2252,#2253,#2254,#2255,#2256,#2257,#2258));
#2246=ORIENTED_EDGE('',*,*,#1909,.F.);
#2247=ORIENTED_EDGE('',*,*,#2231,.F.);
#2248=ORIENTED_EDGE('',*,*,#2206,.F.);
#2249=ORIENTED_EDGE('',*,*,#2181,.F.);
#2250=ORIENTED_EDGE('',*,*,#2156,.F.);
#2251=ORIENTED_EDGE('',*,*,#2131,.F.);
#2252=ORIENTED_EDGE('',*,*,#2106,.F.);
#2253=ORIENTED_EDGE('',*,*,#2081,.F.);
#2254=ORIENTED_EDGE('',*,*,#2056,.F.);
#2255=ORIENTED_EDGE('',*,*,#2020,.F.);
#2256=ORIENTED_EDGE('',*,*,#1984,.F.);
#2257=ORIENTED_EDGE('',*,*,#1959,.F.);
#2258=ORIENTED_EDGE('',*,*,#1934,.F.);
#2259=PLANE('',#2260);
#2260=AXIS2_PLACEMENT_3D('',#2261,#2262,#2263);
#2261=CARTESIAN_POINT('',(-1.976332215,-1.048231052,7.26));
#2262=DIRECTION('',(0.0,0.0,1.0));
#2263=DIRECTION('',(1.0,0.0,0.0));
#2264=ADVANCED_FACE('',(#2265),#2291,.T.);
#2265=FACE_BOUND('',#2266,.T.);
#2266=EDGE_LOOP('',(#2267,#2268,#2276,#2285));
#2267=ORIENTED_EDGE('',*,*,#276,.F.);
#2268=ORIENTED_EDGE('',*,*,#2269,.T.);
#2269=EDGE_CURVE('',#268,#2270,#2272,.F.);
#2270=VERTEX_POINT('',#2271);
#2271=CARTESIAN_POINT('',(-0.710610932,-1.600916399,7.26));
#2272=LINE('',#2273,#2274);
#2273=CARTESIAN_POINT('',(-0.710610932,-1.600916399,7.26));
#2274=VECTOR('',#2275,1.0);
#2275=DIRECTION('',(0.0,0.0,-1.0));
#2276=ORIENTED_EDGE('',*,*,#2277,.T.);
#2277=EDGE_CURVE('',#2270,#2278,#2280,.T.);
#2278=VERTEX_POINT('',#2279);
#2279=CARTESIAN_POINT('',(-0.735691318,-1.512813505,7.26));
#2280=B_SPLINE_CURVE_WITH_KNOTS('',3,(#2281,#2282,#2283,#2284),.UNSPECIFIED.,.F.,.U.,(4,4),(0.973259865,1.0),.PIECEWISE_BEZIER_KNOTS.);
#2281=CARTESIAN_POINT('',(-0.710610932,-1.600916399,7.26));
#2282=CARTESIAN_POINT('',(-0.723472669,-1.5764791,7.26));
#2283=CARTESIAN_POINT('',(-0.731832797,-1.546897106,7.26));
#2284=CARTESIAN_POINT('',(-0.735691318,-1.512813505,7.26));
#2285=ORIENTED_EDGE('',*,*,#2286,.T.);
#2286=EDGE_CURVE('',#2278,#277,#2287,.T.);
#2287=LINE('',#2288,#2289);
#2288=CARTESIAN_POINT('',(-0.735691318,-1.512813505,7.26));
#2289=VECTOR('',#2290,1.0);
#2290=DIRECTION('',(0.0,0.0,-1.0));
#2291=B_SPLINE_SURFACE_WITH_KNOTS('',3,1,((#2292,#2293),(#2294,#2295),(#2296,#2297),(#2298,#2299)),.UNSPECIFIED.,.F.,.F.,.U.,(4,4),(2,2),(0.973259865,1.0),(0.0,1.0),.PIECEWISE_BEZIER_KNOTS.);
#2292=CARTESIAN_POINT('',(-0.710610932,-1.600916399,7.26));
#2293=CARTESIAN_POINT('',(-0.710610932,-1.600916399,7.25));
#2294=CARTESIAN_POINT('',(-0.723472669,-1.5764791,7.26));
#2295=CARTESIAN_POINT('',(-0.723472669,-1.5764791,7.25));
#2296=CARTESIAN_POINT('',(-0.731832797,-1.546897106,7.26));
#2297=CARTESIAN_POINT('',(-0.731832797,-1.546897106,7.25));
#2298=CARTESIAN_POINT('',(-0.735691318,-1.512813505,7.26));
#2299=CARTESIAN_POINT('',(-0.735691318,-1.512813505,7.25));
#2300=ADVANCED_FACE('',(#2301),#2341,.T.);
#2301=FACE_BOUND('',#2302,.T.);
#2302=EDGE_LOOP('',(#2303,#2304,#2305,#2335));
#2303=ORIENTED_EDGE('',*,*,#285,.F.);
#2304=ORIENTED_EDGE('',*,*,#2286,.F.);
#2305=ORIENTED_EDGE('',*,*,#2306,.T.);
#2306=EDGE_CURVE('',#2278,#2307,#2309,.T.);
#2307=VERTEX_POINT('',#2308);
#2308=CARTESIAN_POINT('',(-0.74340836,-1.156543408,7.26));
#2309=B_SPLINE_CURVE_WITH_KNOTS('',3,(#2310,#2311,#2312,#2313,#2314,#2315,#2316,#2317,#2318,#2319,#2320,#2321,#2322,#2323,#2324,#2325,#2326,#2327,#2328,#2329,#2330,#2331,#2332,#2333,#2334),.UNSPECIFIED.,.F.,.U.,(4,3,2,3,2,2,3,3,3,4),(0.0,0.043563822,0.079275974,0.137980882,0.185553076,0.212958796,0.240364516,0.267788989,0.299022718,0.3618741),.UNSPECIFIED.);
#2310=CARTESIAN_POINT('',(-0.735691318,-1.512813505,7.26));
#2311=CARTESIAN_POINT('',(-0.778135048,-1.550755627,7.26));
#2312=CARTESIAN_POINT('',(-0.819935691,-1.577765273,7.26));
#2313=CARTESIAN_POINT('',(-0.861093248,-1.593842444,7.26));
#2314=CARTESIAN_POINT('',(-0.901474904,-1.609616528,7.26));
#2315=CARTESIAN_POINT('',(-0.945337621,-1.616993569,7.26));
#2316=CARTESIAN_POINT('',(-1.069453376,-1.616993569,7.26));
#2317=CARTESIAN_POINT('',(-1.128617363,-1.598344051,7.26));
#2318=CARTESIAN_POINT('',(-1.170418006,-1.560401929,7.26));
#2319=CARTESIAN_POINT('',(-1.21154602,-1.523070347,7.26));
#2320=CARTESIAN_POINT('',(-1.232797428,-1.475514469,7.26));
#2321=CARTESIAN_POINT('',(-1.232797428,-1.382266881,7.26));
#2322=CARTESIAN_POINT('',(-1.224437299,-1.350755627,7.26));
#2323=CARTESIAN_POINT('',(-1.193569132,-1.294163987,7.26));
#2324=CARTESIAN_POINT('',(-1.172990354,-1.271655949,7.26));
#2325=CARTESIAN_POINT('',(-1.147266881,-1.254292605,7.26));
#2326=CARTESIAN_POINT('',(-1.122283414,-1.237428764,7.26));
#2327=CARTESIAN_POINT('',(-1.093247588,-1.224067524,7.26));
#2328=CARTESIAN_POINT('',(-1.061736334,-1.215064309,7.26));
#2329=CARTESIAN_POINT('',(-1.038803616,-1.208512103,7.26));
#2330=CARTESIAN_POINT('',(-1.003215434,-1.203488746,7.26));
#2331=CARTESIAN_POINT('',(-0.95562701,-1.197700965,7.26));
#2332=CARTESIAN_POINT('',(-0.859816448,-1.186048329,7.26));
#2333=CARTESIAN_POINT('',(-0.788424437,-1.172620579,7.26));
#2334=CARTESIAN_POINT('',(-0.74340836,-1.156543408,7.26));
#2335=ORIENTED_EDGE('',*,*,#2336,.T.);
#2336=EDGE_CURVE('',#2307,#286,#2337,.T.);
#2337=LINE('',#2338,#2339);
#2338=CARTESIAN_POINT('',(-0.74340836,-1.156543408,7.26));
#2339=VECTOR('',#2340,1.0);
#2340=DIRECTION('',(0.0,0.0,-1.0));
#2341=B_SPLINE_SURFACE_WITH_KNOTS('',3,1,((#2342,#2343),(#2344,#2345),(#2346,#2347),(#2348,#2349),(#2350,#2351),(#2352,#2353),(#2354,#2355),(#2356,#2357),(#2358,#2359),(#2360,#2361),(#2362,#2363),(#2364,#2365)),.UNSPECIFIED.,.F.,.F.,.U.,(4,1,1,1,1,1,1,1,1,4),(2,2),(0.0,0.045234262,0.090468525,0.135702787,0.18093705,0.226171312,0.271405575,0.294022706,0.316639837,0.3618741),(0.0,1.0),.UNSPECIFIED.);
#2342=CARTESIAN_POINT('',(-0.735691318,-1.512813505,7.26));
#2343=CARTESIAN_POINT('',(-0.735691318,-1.512813505,7.25));
#2344=CARTESIAN_POINT('',(-0.779762539,-1.552210506,7.26));
#2345=CARTESIAN_POINT('',(-0.779762539,-1.552210506,7.25));
#2346=CARTESIAN_POINT('',(-0.853112529,-1.606337575,7.26));
#2347=CARTESIAN_POINT('',(-0.853112529,-1.606337575,7.25));
#2348=CARTESIAN_POINT('',(-1.045158106,-1.625508349,7.26));
#2349=CARTESIAN_POINT('',(-1.045158106,-1.625508349,7.25));
#2350=CARTESIAN_POINT('',(-1.173034412,-1.581361183,7.26));
#2351=CARTESIAN_POINT('',(-1.173034412,-1.581361183,7.25));
#2352=CARTESIAN_POINT('',(-1.255543431,-1.437438552,7.26));
#2353=CARTESIAN_POINT('',(-1.255543431,-1.437438552,7.25));
#2354=CARTESIAN_POINT('',(-1.197982411,-1.268362233,7.26));
#2355=CARTESIAN_POINT('',(-1.197982411,-1.268362233,7.25));
#2356=CARTESIAN_POINT('',(-1.075568923,-1.213146904,7.26));
#2357=CARTESIAN_POINT('',(-1.075568923,-1.213146904,7.25));
#2358=CARTESIAN_POINT('',(-0.984165775,-1.201201675,7.26));
#2359=CARTESIAN_POINT('',(-0.984165775,-1.201201675,7.25));
#2360=CARTESIAN_POINT('',(-0.839885529,-1.183092586,7.26));
#2361=CARTESIAN_POINT('',(-0.839885529,-1.183092586,7.25));
#2362=CARTESIAN_POINT('',(-0.775806519,-1.168114179,7.26));
#2363=CARTESIAN_POINT('',(-0.775806519,-1.168114179,7.25));
#2364=CARTESIAN_POINT('',(-0.74340836,-1.156543408,7.26));
#2365=CARTESIAN_POINT('',(-0.74340836,-1.156543408,7.25));
#2366=ADVANCED_FACE('',(#2367),#2397,.T.);
#2367=FACE_BOUND('',#2368,.T.);
#2368=EDGE_LOOP('',(#2369,#2370,#2371,#2391));
#2369=ORIENTED_EDGE('',*,*,#315,.F.);
#2370=ORIENTED_EDGE('',*,*,#2336,.F.);
#2371=ORIENTED_EDGE('',*,*,#2372,.T.);
#2372=EDGE_CURVE('',#2307,#2373,#2375,.T.);
#2373=VERTEX_POINT('',#2374);
#2374=CARTESIAN_POINT('',(-1.094533762,-1.115385852,7.26));
#2375=B_SPLINE_CURVE_WITH_KNOTS('',3,(#2376,#2377,#2378,#2379,#2380,#2381,#2382,#2383,#2384,#2385,#2386,#2387,#2388,#2389,#2390),.UNSPECIFIED.,.F.,.U.,(4,2,3,3,3,4),(0.3618741,0.365413816,0.403339354,0.445351932,0.482793293,0.518253237),.UNSPECIFIED.);
#2376=CARTESIAN_POINT('',(-0.74340836,-1.156543408,7.26));
#2377=CARTESIAN_POINT('',(-0.742765273,-1.140466238,7.26));
#2378=CARTESIAN_POINT('',(-0.742765273,-1.129533762,7.26));
#2379=CARTESIAN_POINT('',(-0.742765273,-1.076800643,7.26));
#2380=CARTESIAN_POINT('',(-0.753697749,-1.042717042,7.26));
#2381=CARTESIAN_POINT('',(-0.776205788,-1.022138264,7.26));
#2382=CARTESIAN_POINT('',(-0.806119762,-0.994788345,7.26));
#2383=CARTESIAN_POINT('',(-0.852090032,-0.982266881,7.26));
#2384=CARTESIAN_POINT('',(-0.911897106,-0.981623794,7.26));
#2385=CARTESIAN_POINT('',(-0.967189265,-0.981029255,7.26));
#2386=CARTESIAN_POINT('',(-1.008360129,-0.991913183,7.26));
#2387=CARTESIAN_POINT('',(-1.035369775,-1.011205788,7.26));
#2388=CARTESIAN_POINT('',(-1.062257756,-1.030411489,7.26));
#2389=CARTESIAN_POINT('',(-1.081672026,-1.065868167,7.26));
#2390=CARTESIAN_POINT('',(-1.094533762,-1.115385852,7.26));
#2391=ORIENTED_EDGE('',*,*,#2392,.T.);
#2392=EDGE_CURVE('',#2373,#316,#2393,.T.);
#2393=LINE('',#2394,#2395);
#2394=CARTESIAN_POINT('',(-1.094533762,-1.115385852,7.26));
#2395=VECTOR('',#2396,1.0);
#2396=DIRECTION('',(0.0,0.0,-1.0));
#2397=B_SPLINE_SURFACE_WITH_KNOTS('',3,1,((#2398,#2399),(#2400,#2401),(#2402,#2403),(#2404,#2405),(#2406,#2407),(#2408,#2409),(#2410,#2411),(#2412,#2413),(#2414,#2415),(#2416,#2417)),.UNSPECIFIED.,.F.,.F.,.U.,(4,1,1,1,1,1,1,4),(2,2),(0.3618741,0.371647796,0.381421492,0.400968884,0.420516276,0.440063668,0.479158452,0.518253237),(0.0,1.0),.UNSPECIFIED.);
#2398=CARTESIAN_POINT('',(-0.74340836,-1.156543408,7.26));
#2399=CARTESIAN_POINT('',(-0.74340836,-1.156543408,7.25));
#2400=CARTESIAN_POINT('',(-0.7416327,-1.112151898,7.26));
#2401=CARTESIAN_POINT('',(-0.7416327,-1.112151898,7.25));
#2402=CARTESIAN_POINT('',(-0.743282549,-1.107671985,7.26));
#2403=CARTESIAN_POINT('',(-0.743282549,-1.107671985,7.25));
#2404=CARTESIAN_POINT('',(-0.749556085,-1.056472553,7.26));
#2405=CARTESIAN_POINT('',(-0.749556085,-1.056472553,7.25));
#2406=CARTESIAN_POINT('',(-0.767431324,-1.025472484,7.26));
#2407=CARTESIAN_POINT('',(-0.767431324,-1.025472484,7.25));
#2408=CARTESIAN_POINT('',(-0.817018575,-0.992370017,7.26));
#2409=CARTESIAN_POINT('',(-0.817018575,-0.992370017,7.25));
#2410=CARTESIAN_POINT('',(-0.913363579,-0.975886172,7.26));
#2411=CARTESIAN_POINT('',(-0.913363579,-0.975886172,7.25));
#2412=CARTESIAN_POINT('',(-1.044258056,-0.991731268,7.26));
#2413=CARTESIAN_POINT('',(-1.044258056,-0.991731268,7.25));
#2414=CARTESIAN_POINT('',(-1.080353626,-1.06079233,7.26));
#2415=CARTESIAN_POINT('',(-1.080353626,-1.06079233,7.25));
#2416=CARTESIAN_POINT('',(-1.094533762,-1.115385852,7.26));
#2417=CARTESIAN_POINT('',(-1.094533762,-1.115385852,7.25));
#2418=ADVANCED_FACE('',(#2419),#2438,.T.);
#2419=FACE_BOUND('',#2420,.T.);
#2420=EDGE_LOOP('',(#2421,#2422,#2423,#2432));
#2421=ORIENTED_EDGE('',*,*,#335,.F.);
#2422=ORIENTED_EDGE('',*,*,#2392,.F.);
#2423=ORIENTED_EDGE('',*,*,#2424,.T.);
#2424=EDGE_CURVE('',#2373,#2425,#2427,.T.);
#2425=VERTEX_POINT('',#2426);
#2426=CARTESIAN_POINT('',(-1.21221865,-1.099951768,7.26));
#2427=B_SPLINE_CURVE_WITH_KNOTS('',3,(#2428,#2429,#2430,#2431),.UNSPECIFIED.,.F.,.U.,(4,4),(0.518253237,0.552703734),.PIECEWISE_BEZIER_KNOTS.);
#2428=CARTESIAN_POINT('',(-1.094533762,-1.115385852,7.26));
#2429=CARTESIAN_POINT('',(-1.133762058,-1.110241158,7.26));
#2430=CARTESIAN_POINT('',(-1.172990354,-1.105096463,7.26));
#2431=CARTESIAN_POINT('',(-1.21221865,-1.099951768,7.26));
#2432=ORIENTED_EDGE('',*,*,#2433,.T.);
#2433=EDGE_CURVE('',#2425,#336,#2434,.T.);
#2434=LINE('',#2435,#2436);
#2435=CARTESIAN_POINT('',(-1.21221865,-1.099951768,7.26));
#2436=VECTOR('',#2437,1.0);
#2437=DIRECTION('',(0.0,0.0,-1.0));
#2438=PLANE('',#2439);
#2439=AXIS2_PLACEMENT_3D('',#2440,#2441,#2442);
#2440=CARTESIAN_POINT('',(-1.094533762,-1.115385852,7.26));
#2441=DIRECTION('',(-0.130034037,-0.991509531,0.0));
#2442=DIRECTION('',(0.991509531,-0.130034037,0.0));
#2443=ADVANCED_FACE('',(#2444),#2488,.T.);
#2444=FACE_BOUND('',#2445,.T.);
#2445=EDGE_LOOP('',(#2446,#2447,#2448,#2482));
#2446=ORIENTED_EDGE('',*,*,#344,.F.);
#2447=ORIENTED_EDGE('',*,*,#2433,.F.);
#2448=ORIENTED_EDGE('',*,*,#2449,.T.);
#2449=EDGE_CURVE('',#2425,#2450,#2452,.T.);
#2450=VERTEX_POINT('',#2451);
#2451=CARTESIAN_POINT('',(-0.588424437,-1.600916399,7.26));
#2452=B_SPLINE_CURVE_WITH_KNOTS('',3,(#2453,#2454,#2455,#2456,#2457,#2458,#2459,#2460,#2461,#2462,#2463,#2464,#2465,#2466,#2467,#2468,#2469,#2470,#2471,#2472,#2473,#2474,#2475,#2476,#2477,#2478,#2479,#2480,#2481),.UNSPECIFIED.,.F.,.U.,(4,3,3,2,3,2,3,3,3,3,4),(0.552703734,0.591087799,0.628264512,0.673559569,0.718372764,0.745662116,0.772951468,0.804970043,0.851074148,0.911992416,0.937795278),.UNSPECIFIED.);
#2453=CARTESIAN_POINT('',(-1.21221865,-1.099951768,7.26));
#2454=CARTESIAN_POINT('',(-1.20192926,-1.050434084,7.26));
#2455=CARTESIAN_POINT('',(-1.184565916,-1.010562701,7.26));
#2456=CARTESIAN_POINT('',(-1.160128617,-0.979694534,7.26));
#2457=CARTESIAN_POINT('',(-1.136004283,-0.94922169,7.26));
#2458=CARTESIAN_POINT('',(-1.10096463,-0.925675241,7.26));
#2459=CARTESIAN_POINT('',(-1.055305466,-0.908954984,7.26));
#2460=CARTESIAN_POINT('',(-1.009286907,-0.892103117,7.26));
#2461=CARTESIAN_POINT('',(-0.956270096,-0.884517685,7.26));
#2462=CARTESIAN_POINT('',(-0.836012862,-0.884517685,7.26));
#2463=CARTESIAN_POINT('',(-0.78778135,-0.89159164,7.26));
#2464=CARTESIAN_POINT('',(-0.749839228,-0.90573955,7.26));
#2465=CARTESIAN_POINT('',(-0.712461693,-0.919676936,7.26));
#2466=CARTESIAN_POINT('',(-0.68488746,-0.937250804,7.26));
#2467=CARTESIAN_POINT('',(-0.650160772,-0.979694534,7.26));
#2468=CARTESIAN_POINT('',(-0.637942122,-1.00670418,7.26));
#2469=CARTESIAN_POINT('',(-0.630868167,-1.038858521,7.26));
#2470=CARTESIAN_POINT('',(-0.626342024,-1.059431901,7.26));
#2471=CARTESIAN_POINT('',(-0.624437299,-1.096093248,7.26));
#2472=CARTESIAN_POINT('',(-0.624437299,-1.148826367,7.26));
#2473=CARTESIAN_POINT('',(-0.624437299,-1.201773848,7.26));
#2474=CARTESIAN_POINT('',(-0.624437299,-1.254721329,7.26));
#2475=CARTESIAN_POINT('',(-0.624437299,-1.30766881,7.26));
#2476=CARTESIAN_POINT('',(-0.624437299,-1.418279743,7.26));
#2477=CARTESIAN_POINT('',(-0.621864952,-1.487733119,7.26));
#2478=CARTESIAN_POINT('',(-0.617363344,-1.517315113,7.26));
#2479=CARTESIAN_POINT('',(-0.612942828,-1.54636422,7.26));
#2480=CARTESIAN_POINT('',(-0.602572347,-1.574549839,7.26));
#2481=CARTESIAN_POINT('',(-0.588424437,-1.600916399,7.26));
#2482=ORIENTED_EDGE('',*,*,#2483,.T.);
#2483=EDGE_CURVE('',#2450,#266,#2484,.T.);
#2484=LINE('',#2485,#2486);
#2485=CARTESIAN_POINT('',(-0.588424437,-1.600916399,7.26));
#2486=VECTOR('',#2487,1.0);
#2487=DIRECTION('',(0.0,0.0,-1.0));
#2488=B_SPLINE_SURFACE_WITH_KNOTS('',3,1,((#2489,#2490),(#2491,#2492),(#2493,#2494),(#2495,#2496),(#2497,#2498),(#2499,#2500),(#2501,#2502),(#2503,#2504),(#2505,#2506),(#2507,#2508),(#2509,#2510),(#2511,#2512),(#2513,#2514)),.UNSPECIFIED.,.F.,.F.,.U.,(4,1,1,1,1,1,1,1,1,1,4),(2,2),(0.552703734,0.64897662,0.697113063,0.721181285,0.745249506,0.793385949,0.817454171,0.841522392,0.889658835,0.913727057,0.937795278),(0.0,1.0),.UNSPECIFIED.);
#2489=CARTESIAN_POINT('',(-1.21221865,-1.099951768,7.26));
#2490=CARTESIAN_POINT('',(-1.21221865,-1.099951768,7.25));
#2491=CARTESIAN_POINT('',(-1.186411346,-0.975754123,7.26));
#2492=CARTESIAN_POINT('',(-1.186411346,-0.975754123,7.25));
#2493=CARTESIAN_POINT('',(-1.063280914,-0.878688946,7.26));
#2494=CARTESIAN_POINT('',(-1.063280914,-0.878688946,7.25));
#2495=CARTESIAN_POINT('',(-0.829086359,-0.883979451,7.26));
#2496=CARTESIAN_POINT('',(-0.829086359,-0.883979451,7.25));
#2497=CARTESIAN_POINT('',(-0.74114248,-0.903937421,7.26));
#2498=CARTESIAN_POINT('',(-0.74114248,-0.903937421,7.25));
#2499=CARTESIAN_POINT('',(-0.632945924,-0.97366217,7.26));
#2500=CARTESIAN_POINT('',(-0.632945924,-0.97366217,7.25));
#2501=CARTESIAN_POINT('',(-0.624633115,-1.058765832,7.26));
#2502=CARTESIAN_POINT('',(-0.624633115,-1.058765832,7.25));
#2503=CARTESIAN_POINT('',(-0.62431314,-1.197452732,7.26));
#2504=CARTESIAN_POINT('',(-0.62431314,-1.197452732,7.25));
#2505=CARTESIAN_POINT('',(-0.624986438,-1.291221168,7.26));
#2506=CARTESIAN_POINT('',(-0.624986438,-1.291221168,7.25));
#2507=CARTESIAN_POINT('',(-0.621089963,-1.468762722,7.26));
#2508=CARTESIAN_POINT('',(-0.621089963,-1.468762722,7.25));
#2509=CARTESIAN_POINT('',(-0.6213604,-1.512777289,7.26));
#2510=CARTESIAN_POINT('',(-0.6213604,-1.512777289,7.25));
#2511=CARTESIAN_POINT('',(-0.60162123,-1.576322375,7.26));
#2512=CARTESIAN_POINT('',(-0.60162123,-1.576322375,7.25));
#2513=CARTESIAN_POINT('',(-0.588424437,-1.600916399,7.26));
#2514=CARTESIAN_POINT('',(-0.588424437,-1.600916399,7.25));
#2515=ADVANCED_FACE('',(#2516),#2576,.T.);
#2516=FACE_BOUND('',#2517,.T.);
#2517=EDGE_LOOP('',(#2518,#2541,#2549,#2570));
#2518=ORIENTED_EDGE('',*,*,#2519,.T.);
#2519=EDGE_CURVE('',#2520,#2522,#2524,.F.);
#2520=VERTEX_POINT('',#2521);
#2521=CARTESIAN_POINT('',(-0.742765273,-1.249790997,7.25));
#2522=VERTEX_POINT('',#2523);
#2523=CARTESIAN_POINT('',(-1.069453376,-1.492234727,7.25));
#2524=B_SPLINE_CURVE_WITH_KNOTS('',3,(#2525,#2526,#2527,#2528,#2529,#2530,#2531,#2532,#2533,#2534,#2535,#2536,#2537,#2538,#2539,#2540),.UNSPECIFIED.,.F.,.U.,(4,3,3,3,3,4),(0.499265096,0.607595819,0.730441237,0.841672752,0.958533284,1.0),.UNSPECIFIED.);
#2525=CARTESIAN_POINT('',(-1.069453376,-1.492234727,7.25));
#2526=CARTESIAN_POINT('',(-1.044973079,-1.513406875,7.25));
#2527=CARTESIAN_POINT('',(-1.010289389,-1.524389068,7.25));
#2528=CARTESIAN_POINT('',(-0.963987138,-1.523745981,7.25));
#2529=CARTESIAN_POINT('',(-0.917702748,-1.523103142,7.25));
#2530=CARTESIAN_POINT('',(-0.877170418,-1.514099678,7.25));
#2531=CARTESIAN_POINT('',(-0.841157556,-1.494163987,7.25));
#2532=CARTESIAN_POINT('',(-0.805636938,-1.474500788,7.25));
#2533=CARTESIAN_POINT('',(-0.779421222,-1.446575563,7.25));
#2534=CARTESIAN_POINT('',(-0.762700965,-1.411848875,7.25));
#2535=CARTESIAN_POINT('',(-0.749974577,-1.385417147,7.25));
#2536=CARTESIAN_POINT('',(-0.74340836,-1.345610932,7.25));
#2537=CARTESIAN_POINT('',(-0.74340836,-1.292877814,7.25));
#2538=CARTESIAN_POINT('',(-0.74340836,-1.278515541,7.25));
#2539=CARTESIAN_POINT('',(-0.742979636,-1.264153269,7.25));
#2540=CARTESIAN_POINT('',(-0.742765273,-1.249790997,7.25));
#2541=ORIENTED_EDGE('',*,*,#2542,.T.);
#2542=EDGE_CURVE('',#2522,#2543,#2545,.F.);
#2543=VERTEX_POINT('',#2544);
#2544=CARTESIAN_POINT('',(-1.069453376,-1.492234727,7.26));
#2545=LINE('',#2546,#2547);
#2546=CARTESIAN_POINT('',(-1.069453376,-1.492234727,7.26));
#2547=VECTOR('',#2548,1.0);
#2548=DIRECTION('',(0.0,0.0,-1.0));
#2549=ORIENTED_EDGE('',*,*,#2550,.T.);
#2550=EDGE_CURVE('',#2543,#2551,#2553,.T.);
#2551=VERTEX_POINT('',#2552);
#2552=CARTESIAN_POINT('',(-0.742765273,-1.249790997,7.26));
#2553=B_SPLINE_CURVE_WITH_KNOTS('',3,(#2554,#2555,#2556,#2557,#2558,#2559,#2560,#2561,#2562,#2563,#2564,#2565,#2566,#2567,#2568,#2569),.UNSPECIFIED.,.F.,.U.,(4,3,3,3,3,4),(0.499265096,0.607595819,0.730441237,0.841672752,0.958533284,1.0),.UNSPECIFIED.);
#2554=CARTESIAN_POINT('',(-1.069453376,-1.492234727,7.26));
#2555=CARTESIAN_POINT('',(-1.044973079,-1.513406875,7.26));
#2556=CARTESIAN_POINT('',(-1.010289389,-1.524389068,7.26));
#2557=CARTESIAN_POINT('',(-0.963987138,-1.523745981,7.26));
#2558=CARTESIAN_POINT('',(-0.917702748,-1.523103142,7.26));
#2559=CARTESIAN_POINT('',(-0.877170418,-1.514099678,7.26));
#2560=CARTESIAN_POINT('',(-0.841157556,-1.494163987,7.26));
#2561=CARTESIAN_POINT('',(-0.805636938,-1.474500788,7.26));
#2562=CARTESIAN_POINT('',(-0.779421222,-1.446575563,7.26));
#2563=CARTESIAN_POINT('',(-0.762700965,-1.411848875,7.26));
#2564=CARTESIAN_POINT('',(-0.749974577,-1.385417147,7.26));
#2565=CARTESIAN_POINT('',(-0.74340836,-1.345610932,7.26));
#2566=CARTESIAN_POINT('',(-0.74340836,-1.292877814,7.26));
#2567=CARTESIAN_POINT('',(-0.74340836,-1.278515541,7.26));
#2568=CARTESIAN_POINT('',(-0.742979636,-1.264153269,7.26));
#2569=CARTESIAN_POINT('',(-0.742765273,-1.249790997,7.26));
#2570=ORIENTED_EDGE('',*,*,#2571,.T.);
#2571=EDGE_CURVE('',#2551,#2520,#2572,.T.);
#2572=LINE('',#2573,#2574);
#2573=CARTESIAN_POINT('',(-0.742765273,-1.249790997,7.26));
#2574=VECTOR('',#2575,1.0);
#2575=DIRECTION('',(0.0,0.0,-1.0));
#2576=B_SPLINE_SURFACE_WITH_KNOTS('',3,1,((#2577,#2578),(#2579,#2580),(#2581,#2582),(#2583,#2584),(#2585,#2586)),.UNSPECIFIED.,.F.,.F.,.U.,(4,1,4),(2,2),(0.499265096,0.749632548,1.0),(0.0,1.0),.UNSPECIFIED.);
#2577=CARTESIAN_POINT('',(-1.069453376,-1.492234727,7.26));
#2578=CARTESIAN_POINT('',(-1.069453376,-1.492234727,7.25));
#2579=CARTESIAN_POINT('',(-1.012875986,-1.541166524,7.26));
#2580=CARTESIAN_POINT('',(-1.012875986,-1.541166524,7.25));
#2581=CARTESIAN_POINT('',(-0.768739984,-1.527674805,7.26));
#2582=CARTESIAN_POINT('',(-0.768739984,-1.527674805,7.25));
#2583=CARTESIAN_POINT('',(-0.744059548,-1.336507425,7.26));
#2584=CARTESIAN_POINT('',(-0.744059548,-1.336507425,7.25));
#2585=CARTESIAN_POINT('',(-0.742765273,-1.249790997,7.26));
#2586=CARTESIAN_POINT('',(-0.742765273,-1.249790997,7.25));
#2587=ADVANCED_FACE('',(#2588),#2628,.T.);
#2588=FACE_BOUND('',#2589,.T.);
#2589=EDGE_LOOP('',(#2590,#2608,#2609,#2627));
#2590=ORIENTED_EDGE('',*,*,#2591,.T.);
#2591=EDGE_CURVE('',#2522,#2520,#2592,.F.);
#2592=B_SPLINE_CURVE_WITH_KNOTS('',3,(#2593,#2594,#2595,#2596,#2597,#2598,#2599,#2600,#2601,#2602,#2603,#2604,#2605,#2606,#2607),.UNSPECIFIED.,.F.,.U.,(4,3,3,3,2,4),(0.0,0.192720248,0.29576934,0.355183469,0.411410445,0.499265096),.UNSPECIFIED.);
#2593=CARTESIAN_POINT('',(-0.742765273,-1.249790997,7.25));
#2594=CARTESIAN_POINT('',(-0.78585209,-1.267154341,7.25));
#2595=CARTESIAN_POINT('',(-0.850803859,-1.281945338,7.25));
#2596=CARTESIAN_POINT('',(-0.937620579,-1.294163987,7.25));
#2597=CARTESIAN_POINT('',(-0.986522131,-1.301046428,7.25));
#2598=CARTESIAN_POINT('',(-1.021221865,-1.309598071,7.25));
#2599=CARTESIAN_POINT('',(-1.041800643,-1.317958199,7.25));
#2600=CARTESIAN_POINT('',(-1.062603666,-1.326409427,7.25));
#2601=CARTESIAN_POINT('',(-1.077813505,-1.339823151,7.25));
#2602=CARTESIAN_POINT('',(-1.088745981,-1.356543408,7.25));
#2603=CARTESIAN_POINT('',(-1.100165603,-1.374008713,7.25));
#2604=CARTESIAN_POINT('',(-1.105466238,-1.39255627,7.25));
#2605=CARTESIAN_POINT('',(-1.105466238,-1.445289389,7.25));
#2606=CARTESIAN_POINT('',(-1.093247588,-1.471655949,7.25));
#2607=CARTESIAN_POINT('',(-1.069453376,-1.492234727,7.25));
#2608=ORIENTED_EDGE('',*,*,#2571,.F.);
#2609=ORIENTED_EDGE('',*,*,#2610,.T.);
#2610=EDGE_CURVE('',#2551,#2543,#2611,.T.);
#2611=B_SPLINE_CURVE_WITH_KNOTS('',3,(#2612,#2613,#2614,#2615,#2616,#2617,#2618,#2619,#2620,#2621,#2622,#2623,#2624,#2625,#2626),.UNSPECIFIED.,.F.,.U.,(4,3,3,3,2,4),(0.0,0.192720248,0.29576934,0.355183469,0.411410445,0.499265096),.UNSPECIFIED.);
#2612=CARTESIAN_POINT('',(-0.742765273,-1.249790997,7.26));
#2613=CARTESIAN_POINT('',(-0.78585209,-1.267154341,7.26));
#2614=CARTESIAN_POINT('',(-0.850803859,-1.281945338,7.26));
#2615=CARTESIAN_POINT('',(-0.937620579,-1.294163987,7.26));
#2616=CARTESIAN_POINT('',(-0.986522131,-1.301046428,7.26));
#2617=CARTESIAN_POINT('',(-1.021221865,-1.309598071,7.26));
#2618=CARTESIAN_POINT('',(-1.041800643,-1.317958199,7.26));
#2619=CARTESIAN_POINT('',(-1.062603666,-1.326409427,7.26));
#2620=CARTESIAN_POINT('',(-1.077813505,-1.339823151,7.26));
#2621=CARTESIAN_POINT('',(-1.088745981,-1.356543408,7.26));
#2622=CARTESIAN_POINT('',(-1.100165603,-1.374008713,7.26));
#2623=CARTESIAN_POINT('',(-1.105466238,-1.39255627,7.26));
#2624=CARTESIAN_POINT('',(-1.105466238,-1.445289389,7.26));
#2625=CARTESIAN_POINT('',(-1.093247588,-1.471655949,7.26));
#2626=CARTESIAN_POINT('',(-1.069453376,-1.492234727,7.26));
#2627=ORIENTED_EDGE('',*,*,#2542,.F.);
#2628=B_SPLINE_SURFACE_WITH_KNOTS('',3,1,((#2629,#2630),(#2631,#2632),(#2633,#2634),(#2635,#2636),(#2637,#2638),(#2639,#2640),(#2641,#2642),(#2643,#2644)),.UNSPECIFIED.,.F.,.F.,.U.,(4,1,1,1,1,4),(2,2),(0.0,0.124816274,0.249632548,0.312040685,0.374448822,0.499265096),(0.0,1.0),.UNSPECIFIED.);
#2629=CARTESIAN_POINT('',(-0.742765273,-1.249790997,7.26));
#2630=CARTESIAN_POINT('',(-0.742765273,-1.249790997,7.25));
#2631=CARTESIAN_POINT('',(-0.770670675,-1.261036457,7.26));
#2632=CARTESIAN_POINT('',(-0.770670675,-1.261036457,7.25));
#2633=CARTESIAN_POINT('',(-0.840483609,-1.280835626,7.26));
#2634=CARTESIAN_POINT('',(-0.840483609,-1.280835626,7.25));
#2635=CARTESIAN_POINT('',(-0.995310321,-1.302858501,7.26));
#2636=CARTESIAN_POINT('',(-0.995310321,-1.302858501,7.25));
#2637=CARTESIAN_POINT('',(-1.057328775,-1.319030922,7.26));
#2638=CARTESIAN_POINT('',(-1.057328775,-1.319030922,7.25));
#2639=CARTESIAN_POINT('',(-1.122002908,-1.390829607,7.26));
#2640=CARTESIAN_POINT('',(-1.122002908,-1.390829607,7.25));
#2641=CARTESIAN_POINT('',(-1.103258131,-1.462998182,7.26));
#2642=CARTESIAN_POINT('',(-1.103258131,-1.462998182,7.25));
#2643=CARTESIAN_POINT('',(-1.069453376,-1.492234727,7.26));
#2644=CARTESIAN_POINT('',(-1.069453376,-1.492234727,7.25));
#2645=ADVANCED_FACE('',(#2646),#2658,.T.);
#2646=FACE_BOUND('',#2647,.T.);
#2647=EDGE_LOOP('',(#2648,#2649,#2650,#2657));
#2648=ORIENTED_EDGE('',*,*,#265,.F.);
#2649=ORIENTED_EDGE('',*,*,#2483,.F.);
#2650=ORIENTED_EDGE('',*,*,#2651,.T.);
#2651=EDGE_CURVE('',#2450,#2270,#2652,.T.);
#2652=B_SPLINE_CURVE_WITH_KNOTS('',3,(#2653,#2654,#2655,#2656),.UNSPECIFIED.,.F.,.U.,(4,4),(0.937795278,0.973259865),.PIECEWISE_BEZIER_KNOTS.);
#2653=CARTESIAN_POINT('',(-0.588424437,-1.600916399,7.26));
#2654=CARTESIAN_POINT('',(-0.629153269,-1.600916399,7.26));
#2655=CARTESIAN_POINT('',(-0.669882101,-1.600916399,7.26));
#2656=CARTESIAN_POINT('',(-0.710610932,-1.600916399,7.26));
#2657=ORIENTED_EDGE('',*,*,#2269,.F.);
#2658=PLANE('',#2659);
#2659=AXIS2_PLACEMENT_3D('',#2660,#2661,#2662);
#2660=CARTESIAN_POINT('',(-0.588424437,-1.600916399,7.26));
#2661=DIRECTION('',(0.0,-1.0,0.0));
#2662=DIRECTION('',(0.0,0.0,-1.0));
#2663=ADVANCED_FACE('',(#2664,#2668),#2676,.T.);
#2664=FACE_BOUND('',#2665,.T.);
#2665=EDGE_LOOP('',(#2666,#2667));
#2666=ORIENTED_EDGE('',*,*,#2550,.F.);
#2667=ORIENTED_EDGE('',*,*,#2610,.F.);
#2668=FACE_BOUND('',#2669,.T.);
#2669=EDGE_LOOP('',(#2670,#2671,#2672,#2673,#2674,#2675));
#2670=ORIENTED_EDGE('',*,*,#2277,.F.);
#2671=ORIENTED_EDGE('',*,*,#2651,.F.);
#2672=ORIENTED_EDGE('',*,*,#2449,.F.);
#2673=ORIENTED_EDGE('',*,*,#2424,.F.);
#2674=ORIENTED_EDGE('',*,*,#2372,.F.);
#2675=ORIENTED_EDGE('',*,*,#2306,.F.);
#2676=PLANE('',#2677);
#2677=AXIS2_PLACEMENT_3D('',#2678,#2679,#2680);
#2678=CARTESIAN_POINT('',(-0.726527331,-1.560482315,7.26));
#2679=DIRECTION('',(0.0,0.0,1.0));
#2680=DIRECTION('',(1.0,0.0,0.0));
#2681=ADVANCED_FACE('',(#2682),#2686,.F.);
#2682=FACE_BOUND('',#2683,.T.);
#2683=EDGE_LOOP('',(#2684,#2685));
#2684=ORIENTED_EDGE('',*,*,#2591,.F.);
#2685=ORIENTED_EDGE('',*,*,#2519,.F.);
#2686=PLANE('',#2687);
#2687=AXIS2_PLACEMENT_3D('',#2688,#2689,#2690);
#2688=CARTESIAN_POINT('',(0.0,0.0,7.25));
#2689=DIRECTION('',(0.0,0.0,-1.0));
#2690=DIRECTION('',(-1.0,0.0,0.0));
#2691=ADVANCED_FACE('',(#2692),#2718,.T.);
#2692=FACE_BOUND('',#2693,.T.);
#2693=EDGE_LOOP('',(#2694,#2695,#2703,#2712));
#2694=ORIENTED_EDGE('',*,*,#400,.F.);
#2695=ORIENTED_EDGE('',*,*,#2696,.T.);
#2696=EDGE_CURVE('',#381,#2697,#2699,.F.);
#2697=VERTEX_POINT('',#2698);
#2698=CARTESIAN_POINT('',(-0.325401929,-1.600916399,7.26));
#2699=LINE('',#2700,#2701);
#2700=CARTESIAN_POINT('',(-0.325401929,-1.600916399,7.26));
#2701=VECTOR('',#2702,1.0);
#2702=DIRECTION('',(0.0,0.0,-1.0));
#2703=ORIENTED_EDGE('',*,*,#2704,.T.);
#2704=EDGE_CURVE('',#2697,#2705,#2707,.T.);
#2705=VERTEX_POINT('',#2706);
#2706=CARTESIAN_POINT('',(-0.443086817,-1.600916399,7.26));
#2707=B_SPLINE_CURVE_WITH_KNOTS('',3,(#2708,#2709,#2710,#2711),.UNSPECIFIED.,.F.,.U.,(4,4),(0.947219657,1.0),.PIECEWISE_BEZIER_KNOTS.);
#2708=CARTESIAN_POINT('',(-0.325401929,-1.600916399,7.26));
#2709=CARTESIAN_POINT('',(-0.364630225,-1.600916399,7.26));
#2710=CARTESIAN_POINT('',(-0.403858521,-1.600916399,7.26));
#2711=CARTESIAN_POINT('',(-0.443086817,-1.600916399,7.26));
#2712=ORIENTED_EDGE('',*,*,#2713,.T.);
#2713=EDGE_CURVE('',#2705,#401,#2714,.T.);
#2714=LINE('',#2715,#2716);
#2715=CARTESIAN_POINT('',(-0.443086817,-1.600916399,7.26));
#2716=VECTOR('',#2717,1.0);
#2717=DIRECTION('',(0.0,0.0,-1.0));
#2718=PLANE('',#2719);
#2719=AXIS2_PLACEMENT_3D('',#2720,#2721,#2722);
#2720=CARTESIAN_POINT('',(-0.325401929,-1.600916399,7.26));
#2721=DIRECTION('',(0.0,-1.0,0.0));
#2722=DIRECTION('',(0.0,0.0,-1.0));
#2723=ADVANCED_FACE('',(#2724),#2743,.T.);
#2724=FACE_BOUND('',#2725,.T.);
#2725=EDGE_LOOP('',(#2726,#2727,#2728,#2737));
#2726=ORIENTED_EDGE('',*,*,#409,.F.);
#2727=ORIENTED_EDGE('',*,*,#2713,.F.);
#2728=ORIENTED_EDGE('',*,*,#2729,.T.);
#2729=EDGE_CURVE('',#2705,#2730,#2732,.T.);
#2730=VERTEX_POINT('',#2731);
#2731=CARTESIAN_POINT('',(-0.443086817,-0.899951768,7.26));
#2732=B_SPLINE_CURVE_WITH_KNOTS('',3,(#2733,#2734,#2735,#2736),.UNSPECIFIED.,.F.,.U.,(4,4),(0.0,0.314374721),.PIECEWISE_BEZIER_KNOTS.);
#2733=CARTESIAN_POINT('',(-0.443086817,-1.600916399,7.26));
#2734=CARTESIAN_POINT('',(-0.443086817,-1.367261522,7.26));
#2735=CARTESIAN_POINT('',(-0.443086817,-1.133606645,7.26));
#2736=CARTESIAN_POINT('',(-0.443086817,-0.899951768,7.26));
#2737=ORIENTED_EDGE('',*,*,#2738,.T.);
#2738=EDGE_CURVE('',#2730,#410,#2739,.T.);
#2739=LINE('',#2740,#2741);
#2740=CARTESIAN_POINT('',(-0.443086817,-0.899951768,7.26));
#2741=VECTOR('',#2742,1.0);
#2742=DIRECTION('',(0.0,0.0,-1.0));
#2743=PLANE('',#2744);
#2744=AXIS2_PLACEMENT_3D('',#2745,#2746,#2747);
#2745=CARTESIAN_POINT('',(-0.443086817,-1.600916399,7.26));
#2746=DIRECTION('',(-1.0,0.0,0.0));
#2747=DIRECTION('',(0.0,0.0,1.0));
#2748=ADVANCED_FACE('',(#2749),#2768,.T.);
#2749=FACE_BOUND('',#2750,.T.);
#2750=EDGE_LOOP('',(#2751,#2752,#2753,#2762));
#2751=ORIENTED_EDGE('',*,*,#418,.F.);
#2752=ORIENTED_EDGE('',*,*,#2738,.F.);
#2753=ORIENTED_EDGE('',*,*,#2754,.T.);
#2754=EDGE_CURVE('',#2730,#2755,#2757,.T.);
#2755=VERTEX_POINT('',#2756);
#2756=CARTESIAN_POINT('',(-0.336334405,-0.899951768,7.26));
#2757=B_SPLINE_CURVE_WITH_KNOTS('',3,(#2758,#2759,#2760,#2761),.UNSPECIFIED.,.F.,.U.,(4,4),(0.314374721,0.362251972),.PIECEWISE_BEZIER_KNOTS.);
#2758=CARTESIAN_POINT('',(-0.443086817,-0.899951768,7.26));
#2759=CARTESIAN_POINT('',(-0.40750268,-0.899951768,7.26));
#2760=CARTESIAN_POINT('',(-0.371918542,-0.899951768,7.26));
#2761=CARTESIAN_POINT('',(-0.336334405,-0.899951768,7.26));
#2762=ORIENTED_EDGE('',*,*,#2763,.T.);
#2763=EDGE_CURVE('',#2755,#419,#2764,.T.);
#2764=LINE('',#2765,#2766);
#2765=CARTESIAN_POINT('',(-0.336334405,-0.899951768,7.26));
#2766=VECTOR('',#2767,1.0);
#2767=DIRECTION('',(0.0,0.0,-1.0));
#2768=PLANE('',#2769);
#2769=AXIS2_PLACEMENT_3D('',#2770,#2771,#2772);
#2770=CARTESIAN_POINT('',(-0.443086817,-0.899951768,7.26));
#2771=DIRECTION('',(0.0,1.0,0.0));
#2772=DIRECTION('',(0.0,0.0,1.0));
#2773=ADVANCED_FACE('',(#2774),#2793,.T.);
#2774=FACE_BOUND('',#2775,.T.);
#2775=EDGE_LOOP('',(#2776,#2777,#2778,#2787));
#2776=ORIENTED_EDGE('',*,*,#427,.F.);
#2777=ORIENTED_EDGE('',*,*,#2763,.F.);
#2778=ORIENTED_EDGE('',*,*,#2779,.T.);
#2779=EDGE_CURVE('',#2755,#2780,#2782,.T.);
#2780=VERTEX_POINT('',#2781);
#2781=CARTESIAN_POINT('',(-0.336334405,-1.006061093,7.26));
#2782=B_SPLINE_CURVE_WITH_KNOTS('',3,(#2783,#2784,#2785,#2786),.UNSPECIFIED.,.F.,.U.,(4,4),(0.362251972,0.409840806),.PIECEWISE_BEZIER_KNOTS.);
#2783=CARTESIAN_POINT('',(-0.336334405,-0.899951768,7.26));
#2784=CARTESIAN_POINT('',(-0.336334405,-0.935321543,7.26));
#2785=CARTESIAN_POINT('',(-0.336334405,-0.970691318,7.26));
#2786=CARTESIAN_POINT('',(-0.336334405,-1.006061093,7.26));
#2787=ORIENTED_EDGE('',*,*,#2788,.T.);
#2788=EDGE_CURVE('',#2780,#428,#2789,.T.);
#2789=LINE('',#2790,#2791);
#2790=CARTESIAN_POINT('',(-0.336334405,-1.006061093,7.26));
#2791=VECTOR('',#2792,1.0);
#2792=DIRECTION('',(0.0,0.0,-1.0));
#2793=PLANE('',#2794);
#2794=AXIS2_PLACEMENT_3D('',#2795,#2796,#2797);
#2795=CARTESIAN_POINT('',(-0.336334405,-0.899951768,7.26));
#2796=DIRECTION('',(1.0,0.0,0.0));
#2797=DIRECTION('',(0.0,0.0,-1.0));
#2798=ADVANCED_FACE('',(#2799),#2823,.T.);
#2799=FACE_BOUND('',#2800,.T.);
#2800=EDGE_LOOP('',(#2801,#2802,#2803,#2817));
#2801=ORIENTED_EDGE('',*,*,#436,.F.);
#2802=ORIENTED_EDGE('',*,*,#2788,.F.);
#2803=ORIENTED_EDGE('',*,*,#2804,.T.);
#2804=EDGE_CURVE('',#2780,#2805,#2807,.T.);
#2805=VERTEX_POINT('',#2806);
#2806=CARTESIAN_POINT('',(-0.066881029,-0.922459807,7.26));
#2807=B_SPLINE_CURVE_WITH_KNOTS('',3,(#2808,#2809,#2810,#2811,#2812,#2813,#2814,#2815,#2816),.UNSPECIFIED.,.F.,.U.,(4,3,2,4),(0.409840806,0.465242073,0.502901973,0.55849516),.UNSPECIFIED.);
#2808=CARTESIAN_POINT('',(-0.336334405,-1.006061093,7.26));
#2809=CARTESIAN_POINT('',(-0.309324759,-0.956543408,7.26));
#2810=CARTESIAN_POINT('',(-0.28488746,-0.923745981,7.26));
#2811=CARTESIAN_POINT('',(-0.262379421,-0.908311897,7.26));
#2812=CARTESIAN_POINT('',(-0.239134029,-0.892372199,7.26));
#2813=CARTESIAN_POINT('',(-0.21414791,-0.884517685,7.26));
#2814=CARTESIAN_POINT('',(-0.147266881,-0.884517685,7.26));
#2815=CARTESIAN_POINT('',(-0.107395498,-0.897379421,7.26));
#2816=CARTESIAN_POINT('',(-0.066881029,-0.922459807,7.26));
#2817=ORIENTED_EDGE('',*,*,#2818,.T.);
#2818=EDGE_CURVE('',#2805,#437,#2819,.T.);
#2819=LINE('',#2820,#2821);
#2820=CARTESIAN_POINT('',(-0.066881029,-0.922459807,7.26));
#2821=VECTOR('',#2822,1.0);
#2822=DIRECTION('',(0.0,0.0,-1.0));
#2823=B_SPLINE_SURFACE_WITH_KNOTS('',3,1,((#2824,#2825),(#2826,#2827),(#2828,#2829),(#2830,#2831),(#2832,#2833)),.UNSPECIFIED.,.F.,.F.,.U.,(4,1,4),(2,2),(0.409840806,0.484167983,0.55849516),(0.0,1.0),.UNSPECIFIED.);
#2824=CARTESIAN_POINT('',(-0.336334405,-1.006061093,7.26));
#2825=CARTESIAN_POINT('',(-0.336334405,-1.006061093,7.25));
#2826=CARTESIAN_POINT('',(-0.300097855,-0.939627418,7.26));
#2827=CARTESIAN_POINT('',(-0.300097855,-0.939627418,7.25));
#2828=CARTESIAN_POINT('',(-0.24138469,-0.866476573,7.26));
#2829=CARTESIAN_POINT('',(-0.24138469,-0.866476573,7.25));
#2830=CARTESIAN_POINT('',(-0.121048209,-0.888927743,7.26));
#2831=CARTESIAN_POINT('',(-0.121048209,-0.888927743,7.25));
#2832=CARTESIAN_POINT('',(-0.066881029,-0.922459807,7.26));
#2833=CARTESIAN_POINT('',(-0.066881029,-0.922459807,7.25));
#2834=ADVANCED_FACE('',(#2835),#2854,.T.);
#2835=FACE_BOUND('',#2836,.T.);
#2836=EDGE_LOOP('',(#2837,#2838,#2839,#2848));
#2837=ORIENTED_EDGE('',*,*,#450,.F.);
#2838=ORIENTED_EDGE('',*,*,#2818,.F.);
#2839=ORIENTED_EDGE('',*,*,#2840,.T.);
#2840=EDGE_CURVE('',#2805,#2841,#2843,.T.);
#2841=VERTEX_POINT('',#2842);
#2842=CARTESIAN_POINT('',(-0.108038585,-1.031141479,7.26));
#2843=B_SPLINE_CURVE_WITH_KNOTS('',3,(#2844,#2845,#2846,#2847),.UNSPECIFIED.,.F.,.U.,(4,4),(0.55849516,0.610615743),.PIECEWISE_BEZIER_KNOTS.);
#2844=CARTESIAN_POINT('',(-0.066881029,-0.922459807,7.26));
#2845=CARTESIAN_POINT('',(-0.080600214,-0.958687031,7.26));
#2846=CARTESIAN_POINT('',(-0.0943194,-0.994914255,7.26));
#2847=CARTESIAN_POINT('',(-0.108038585,-1.031141479,7.26));
#2848=ORIENTED_EDGE('',*,*,#2849,.T.);
#2849=EDGE_CURVE('',#2841,#379,#2850,.T.);
#2850=LINE('',#2851,#2852);
#2851=CARTESIAN_POINT('',(-0.108038585,-1.031141479,7.26));
#2852=VECTOR('',#2853,1.0);
#2853=DIRECTION('',(0.0,0.0,-1.0));
#2854=PLANE('',#2855);
#2855=AXIS2_PLACEMENT_3D('',#2856,#2857,#2858);
#2856=CARTESIAN_POINT('',(-0.066881029,-0.922459807,7.26));
#2857=DIRECTION('',(0.935187216,-0.354153739,0.0));
#2858=DIRECTION('',(0.354153739,0.935187216,0.0));
#2859=ADVANCED_FACE('',(#2860),#2883,.T.);
#2860=FACE_BOUND('',#2861,.T.);
#2861=EDGE_LOOP('',(#2862,#2863,#2864,#2882));
#2862=ORIENTED_EDGE('',*,*,#378,.F.);
#2863=ORIENTED_EDGE('',*,*,#2849,.F.);
#2864=ORIENTED_EDGE('',*,*,#2865,.T.);
#2865=EDGE_CURVE('',#2841,#2697,#2866,.T.);
#2866=B_SPLINE_CURVE_WITH_KNOTS('',3,(#2867,#2868,#2869,#2870,#2871,#2872,#2873,#2874,#2875,#2876,#2877,#2878,#2879,#2880,#2881),.UNSPECIFIED.,.F.,.U.,(4,2,3,3,3,4),(0.610615743,0.64951561,0.683995038,0.719625122,0.782799083,0.947219657),.UNSPECIFIED.);
#2867=CARTESIAN_POINT('',(-0.108038585,-1.031141479,7.26));
#2868=CARTESIAN_POINT('',(-0.136334405,-1.015064309,7.26));
#2869=CARTESIAN_POINT('',(-0.165273312,-1.00670418,7.26));
#2870=CARTESIAN_POINT('',(-0.218649518,-1.00670418,7.26));
#2871=CARTESIAN_POINT('',(-0.241800643,-1.014421222,7.26));
#2872=CARTESIAN_POINT('',(-0.261736334,-1.030498392,7.26));
#2873=CARTESIAN_POINT('',(-0.281747444,-1.046636384,7.26));
#2874=CARTESIAN_POINT('',(-0.296463023,-1.067797428,7.26));
#2875=CARTESIAN_POINT('',(-0.305466238,-1.095450161,7.26));
#2876=CARTESIAN_POINT('',(-0.31919339,-1.137612127,7.26));
#2877=CARTESIAN_POINT('',(-0.325401929,-1.184196141,7.26));
#2878=CARTESIAN_POINT('',(-0.325401929,-1.234356913,7.26));
#2879=CARTESIAN_POINT('',(-0.325401929,-1.356543408,7.26));
#2880=CARTESIAN_POINT('',(-0.325401929,-1.478729904,7.26));
#2881=CARTESIAN_POINT('',(-0.325401929,-1.600916399,7.26));
#2882=ORIENTED_EDGE('',*,*,#2696,.F.);
#2883=B_SPLINE_SURFACE_WITH_KNOTS('',3,1,((#2884,#2885),(#2886,#2887),(#2888,#2889),(#2890,#2891),(#2892,#2893),(#2894,#2895),(#2896,#2897)),.UNSPECIFIED.,.F.,.F.,.U.,(4,1,1,1,4),(2,2),(0.610615743,0.694766721,0.7789177,0.863068678,0.947219657),(0.0,1.0),.UNSPECIFIED.);
#2884=CARTESIAN_POINT('',(-0.108038585,-1.031141479,7.26));
#2885=CARTESIAN_POINT('',(-0.108038585,-1.031141479,7.25));
#2886=CARTESIAN_POINT('',(-0.169250129,-0.996362193,7.26));
#2887=CARTESIAN_POINT('',(-0.169250129,-0.996362193,7.25));
#2888=CARTESIAN_POINT('',(-0.310688022,-1.015384495,7.26));
#2889=CARTESIAN_POINT('',(-0.310688022,-1.015384495,7.25));
#2890=CARTESIAN_POINT('',(-0.3292493,-1.230927546,7.26));
#2891=CARTESIAN_POINT('',(-0.3292493,-1.230927546,7.25));
#2892=CARTESIAN_POINT('',(-0.324302681,-1.411817562,7.26));
#2893=CARTESIAN_POINT('',(-0.324302681,-1.411817562,7.25));
#2894=CARTESIAN_POINT('',(-0.325401929,-1.538380957,7.26));
#2895=CARTESIAN_POINT('',(-0.325401929,-1.538380957,7.25));
#2896=CARTESIAN_POINT('',(-0.325401929,-1.600916399,7.26));
#2897=CARTESIAN_POINT('',(-0.325401929,-1.600916399,7.25));
#2898=ADVANCED_FACE('',(#2899),#2908,.T.);
#2899=FACE_BOUND('',#2900,.T.);
#2900=EDGE_LOOP('',(#2901,#2902,#2903,#2904,#2905,#2906,#2907));
#2901=ORIENTED_EDGE('',*,*,#2704,.F.);
#2902=ORIENTED_EDGE('',*,*,#2865,.F.);
#2903=ORIENTED_EDGE('',*,*,#2840,.F.);
#2904=ORIENTED_EDGE('',*,*,#2804,.F.);
#2905=ORIENTED_EDGE('',*,*,#2779,.F.);
#2906=ORIENTED_EDGE('',*,*,#2754,.F.);
#2907=ORIENTED_EDGE('',*,*,#2729,.F.);
#2908=PLANE('',#2909);
#2909=AXIS2_PLACEMENT_3D('',#2910,#2911,#2912);
#2910=CARTESIAN_POINT('',(-0.225978861,-0.890377077,7.26));
#2911=DIRECTION('',(0.0,0.0,1.0));
#2912=DIRECTION('',(1.0,0.0,0.0));
#2913=ADVANCED_FACE('',(#2914),#2938,.T.);
#2914=FACE_BOUND('',#2915,.T.);
#2915=EDGE_LOOP('',(#2916,#2917,#2925,#2932));
#2916=ORIENTED_EDGE('',*,*,#468,.F.);
#2917=ORIENTED_EDGE('',*,*,#2918,.T.);
#2918=EDGE_CURVE('',#462,#2919,#2921,.F.);
#2919=VERTEX_POINT('',#2920);
#2920=CARTESIAN_POINT('',(0.125401929,-1.600916399,7.26));
#2921=LINE('',#2922,#2923);
#2922=CARTESIAN_POINT('',(0.125401929,-1.600916399,7.26));
#2923=VECTOR('',#2924,1.0);
#2924=DIRECTION('',(0.0,0.0,-1.0));
#2925=ORIENTED_EDGE('',*,*,#2926,.T.);
#2926=EDGE_CURVE('',#2919,#2927,#2929,.T.);
#2927=VERTEX_POINT('',#2928);
#2928=CARTESIAN_POINT('',(0.007073955,-1.600916399,7.26));
#2929=B_SPLINE_CURVE_WITH_KNOTS('',1,(#2930,#2931),.UNSPECIFIED.,.F.,.U.,(2,2),(0.971672494,1.0),.PIECEWISE_BEZIER_KNOTS.);
#2930=CARTESIAN_POINT('',(0.125401929,-1.600916399,7.26));
#2931=CARTESIAN_POINT('',(0.007073955,-1.600916399,7.26));
#2932=ORIENTED_EDGE('',*,*,#2933,.T.);
#2933=EDGE_CURVE('',#2927,#469,#2934,.T.);
#2934=LINE('',#2935,#2936);
#2935=CARTESIAN_POINT('',(0.007073955,-1.600916399,7.26));
#2936=VECTOR('',#2937,1.0);
#2937=DIRECTION('',(0.0,0.0,-1.0));
#2938=PLANE('',#2939);
#2939=AXIS2_PLACEMENT_3D('',#2940,#2941,#2942);
#2940=CARTESIAN_POINT('',(0.125401929,-1.600916399,7.26));
#2941=DIRECTION('',(0.0,-1.0,0.0));
#2942=DIRECTION('',(0.0,0.0,-1.0));
#2943=ADVANCED_FACE('',(#2944),#2961,.T.);
#2944=FACE_BOUND('',#2945,.T.);
#2945=EDGE_LOOP('',(#2946,#2947,#2948,#2955));
#2946=ORIENTED_EDGE('',*,*,#475,.F.);
#2947=ORIENTED_EDGE('',*,*,#2933,.F.);
#2948=ORIENTED_EDGE('',*,*,#2949,.T.);
#2949=EDGE_CURVE('',#2927,#2950,#2952,.T.);
#2950=VERTEX_POINT('',#2951);
#2951=CARTESIAN_POINT('',(0.007073955,-0.635,7.26));
#2952=B_SPLINE_CURVE_WITH_KNOTS('',1,(#2953,#2954),.UNSPECIFIED.,.F.,.U.,(2,2),(0.0,0.231238664),.PIECEWISE_BEZIER_KNOTS.);
#2953=CARTESIAN_POINT('',(0.007073955,-1.600916399,7.26));
#2954=CARTESIAN_POINT('',(0.007073955,-0.635,7.26));
#2955=ORIENTED_EDGE('',*,*,#2956,.T.);
#2956=EDGE_CURVE('',#2950,#476,#2957,.T.);
#2957=LINE('',#2958,#2959);
#2958=CARTESIAN_POINT('',(0.007073955,-0.635,7.26));
#2959=VECTOR('',#2960,1.0);
#2960=DIRECTION('',(0.0,0.0,-1.0));
#2961=PLANE('',#2962);
#2962=AXIS2_PLACEMENT_3D('',#2963,#2964,#2965);
#2963=CARTESIAN_POINT('',(0.007073955,-1.600916399,7.26));
#2964=DIRECTION('',(-1.0,0.0,0.0));
#2965=DIRECTION('',(0.0,0.0,1.0));
#2966=ADVANCED_FACE('',(#2967),#2984,.T.);
#2967=FACE_BOUND('',#2968,.T.);
#2968=EDGE_LOOP('',(#2969,#2970,#2971,#2978));
#2969=ORIENTED_EDGE('',*,*,#482,.F.);
#2970=ORIENTED_EDGE('',*,*,#2956,.F.);
#2971=ORIENTED_EDGE('',*,*,#2972,.T.);
#2972=EDGE_CURVE('',#2950,#2973,#2975,.T.);
#2973=VERTEX_POINT('',#2974);
#2974=CARTESIAN_POINT('',(0.125401929,-0.635,7.26));
#2975=B_SPLINE_CURVE_WITH_KNOTS('',1,(#2976,#2977),.UNSPECIFIED.,.F.,.U.,(2,2),(0.231238664,0.259566171),.PIECEWISE_BEZIER_KNOTS.);
#2976=CARTESIAN_POINT('',(0.007073955,-0.635,7.26));
#2977=CARTESIAN_POINT('',(0.125401929,-0.635,7.26));
#2978=ORIENTED_EDGE('',*,*,#2979,.T.);
#2979=EDGE_CURVE('',#2973,#483,#2980,.T.);
#2980=LINE('',#2981,#2982);
#2981=CARTESIAN_POINT('',(0.125401929,-0.635,7.26));
#2982=VECTOR('',#2983,1.0);
#2983=DIRECTION('',(0.0,0.0,-1.0));
#2984=PLANE('',#2985);
#2985=AXIS2_PLACEMENT_3D('',#2986,#2987,#2988);
#2986=CARTESIAN_POINT('',(0.007073955,-0.635,7.26));
#2987=DIRECTION('',(0.0,1.0,0.0));
#2988=DIRECTION('',(0.0,0.0,1.0));
#2989=ADVANCED_FACE('',(#2990),#3007,.T.);
#2990=FACE_BOUND('',#2991,.T.);
#2991=EDGE_LOOP('',(#2992,#2993,#2994,#3001));
#2992=ORIENTED_EDGE('',*,*,#489,.F.);
#2993=ORIENTED_EDGE('',*,*,#2979,.F.);
#2994=ORIENTED_EDGE('',*,*,#2995,.T.);
#2995=EDGE_CURVE('',#2973,#2996,#2998,.T.);
#2996=VERTEX_POINT('',#2997);
#2997=CARTESIAN_POINT('',(0.125401929,-1.184196141,7.26));
#2998=B_SPLINE_CURVE_WITH_KNOTS('',1,(#2999,#3000),.UNSPECIFIED.,.F.,.U.,(2,2),(0.259566171,0.391042748),.PIECEWISE_BEZIER_KNOTS.);
#2999=CARTESIAN_POINT('',(0.125401929,-0.635,7.26));
#3000=CARTESIAN_POINT('',(0.125401929,-1.184196141,7.26));
#3001=ORIENTED_EDGE('',*,*,#3002,.T.);
#3002=EDGE_CURVE('',#2996,#490,#3003,.T.);
#3003=LINE('',#3004,#3005);
#3004=CARTESIAN_POINT('',(0.125401929,-1.184196141,7.26));
#3005=VECTOR('',#3006,1.0);
#3006=DIRECTION('',(0.0,0.0,-1.0));
#3007=PLANE('',#3008);
#3008=AXIS2_PLACEMENT_3D('',#3009,#3010,#3011);
#3009=CARTESIAN_POINT('',(0.125401929,-0.635,7.26));
#3010=DIRECTION('',(1.0,0.0,0.0));
#3011=DIRECTION('',(0.0,0.0,-1.0));
#3012=ADVANCED_FACE('',(#3013),#3030,.T.);
#3013=FACE_BOUND('',#3014,.T.);
#3014=EDGE_LOOP('',(#3015,#3016,#3017,#3024));
#3015=ORIENTED_EDGE('',*,*,#496,.F.);
#3016=ORIENTED_EDGE('',*,*,#3002,.F.);
#3017=ORIENTED_EDGE('',*,*,#3018,.T.);
#3018=EDGE_CURVE('',#2996,#3019,#3021,.T.);
#3019=VERTEX_POINT('',#3020);
#3020=CARTESIAN_POINT('',(0.407717042,-0.899951768,7.26));
#3021=B_SPLINE_CURVE_WITH_KNOTS('',1,(#3022,#3023),.UNSPECIFIED.,.F.,.U.,(2,2),(0.391042748,0.486950552),.PIECEWISE_BEZIER_KNOTS.);
#3022=CARTESIAN_POINT('',(0.125401929,-1.184196141,7.26));
#3023=CARTESIAN_POINT('',(0.407717042,-0.899951768,7.26));
#3024=ORIENTED_EDGE('',*,*,#3025,.T.);
#3025=EDGE_CURVE('',#3019,#497,#3026,.T.);
#3026=LINE('',#3027,#3028);
#3027=CARTESIAN_POINT('',(0.407717042,-0.899951768,7.26));
#3028=VECTOR('',#3029,1.0);
#3029=DIRECTION('',(0.0,0.0,-1.0));
#3030=PLANE('',#3031);
#3031=AXIS2_PLACEMENT_3D('',#3032,#3033,#3034);
#3032=CARTESIAN_POINT('',(0.125401929,-1.184196141,7.26));
#3033=DIRECTION('',(-0.709510523,0.70469484,0.0));
#3034=DIRECTION('',(-0.70469484,-0.709510523,0.0));
#3035=ADVANCED_FACE('',(#3036),#3053,.T.);
#3036=FACE_BOUND('',#3037,.T.);
#3037=EDGE_LOOP('',(#3038,#3039,#3040,#3047));
#3038=ORIENTED_EDGE('',*,*,#503,.F.);
#3039=ORIENTED_EDGE('',*,*,#3025,.F.);
#3040=ORIENTED_EDGE('',*,*,#3041,.T.);
#3041=EDGE_CURVE('',#3019,#3042,#3044,.T.);
#3042=VERTEX_POINT('',#3043);
#3043=CARTESIAN_POINT('',(0.562057878,-0.899951768,7.26));
#3044=B_SPLINE_CURVE_WITH_KNOTS('',1,(#3045,#3046),.UNSPECIFIED.,.F.,.U.,(2,2),(0.486950552,0.523899473),.PIECEWISE_BEZIER_KNOTS.);
#3045=CARTESIAN_POINT('',(0.407717042,-0.899951768,7.26));
#3046=CARTESIAN_POINT('',(0.562057878,-0.899951768,7.26));
#3047=ORIENTED_EDGE('',*,*,#3048,.T.);
#3048=EDGE_CURVE('',#3042,#504,#3049,.T.);
#3049=LINE('',#3050,#3051);
#3050=CARTESIAN_POINT('',(0.562057878,-0.899951768,7.26));
#3051=VECTOR('',#3052,1.0);
#3052=DIRECTION('',(0.0,0.0,-1.0));
#3053=PLANE('',#3054);
#3054=AXIS2_PLACEMENT_3D('',#3055,#3056,#3057);
#3055=CARTESIAN_POINT('',(0.407717042,-0.899951768,7.26));
#3056=DIRECTION('',(0.0,1.0,0.0));
#3057=DIRECTION('',(0.0,0.0,1.0));
#3058=ADVANCED_FACE('',(#3059),#3076,.T.);
#3059=FACE_BOUND('',#3060,.T.);
#3060=EDGE_LOOP('',(#3061,#3062,#3063,#3070));
#3061=ORIENTED_EDGE('',*,*,#510,.F.);
#3062=ORIENTED_EDGE('',*,*,#3048,.F.);
#3063=ORIENTED_EDGE('',*,*,#3064,.T.);
#3064=EDGE_CURVE('',#3042,#3065,#3067,.T.);
#3065=VERTEX_POINT('',#3066);
#3066=CARTESIAN_POINT('',(0.293247588,-1.161045016,7.26));
#3067=B_SPLINE_CURVE_WITH_KNOTS('',1,(#3068,#3069),.UNSPECIFIED.,.F.,.U.,(2,2),(0.523899473,0.61361111),.PIECEWISE_BEZIER_KNOTS.);
#3068=CARTESIAN_POINT('',(0.562057878,-0.899951768,7.26));
#3069=CARTESIAN_POINT('',(0.293247588,-1.161045016,7.26));
#3070=ORIENTED_EDGE('',*,*,#3071,.T.);
#3071=EDGE_CURVE('',#3065,#511,#3072,.T.);
#3072=LINE('',#3073,#3074);
#3073=CARTESIAN_POINT('',(0.293247588,-1.161045016,7.26));
#3074=VECTOR('',#3075,1.0);
#3075=DIRECTION('',(0.0,0.0,-1.0));
#3076=PLANE('',#3077);
#3077=AXIS2_PLACEMENT_3D('',#3078,#3079,#3080);
#3078=CARTESIAN_POINT('',(0.562057878,-0.899951768,7.26));
#3079=DIRECTION('',(0.69673523,-0.71732839,0.0));
#3080=DIRECTION('',(0.71732839,0.69673523,0.0));
#3081=ADVANCED_FACE('',(#3082),#3099,.T.);
#3082=FACE_BOUND('',#3083,.T.);
#3083=EDGE_LOOP('',(#3084,#3085,#3086,#3093));
#3084=ORIENTED_EDGE('',*,*,#517,.F.);
#3085=ORIENTED_EDGE('',*,*,#3071,.F.);
#3086=ORIENTED_EDGE('',*,*,#3087,.T.);
#3087=EDGE_CURVE('',#3065,#3088,#3090,.T.);
#3088=VERTEX_POINT('',#3089);
#3089=CARTESIAN_POINT('',(0.589067524,-1.600916399,7.26));
#3090=B_SPLINE_CURVE_WITH_KNOTS('',1,(#3091,#3092),.UNSPECIFIED.,.F.,.U.,(2,2),(0.61361111,0.740513906),.PIECEWISE_BEZIER_KNOTS.);
#3091=CARTESIAN_POINT('',(0.293247588,-1.161045016,7.26));
#3092=CARTESIAN_POINT('',(0.589067524,-1.600916399,7.26));
#3093=ORIENTED_EDGE('',*,*,#3094,.T.);
#3094=EDGE_CURVE('',#3088,#518,#3095,.T.);
#3095=LINE('',#3096,#3097);
#3096=CARTESIAN_POINT('',(0.589067524,-1.600916399,7.26));
#3097=VECTOR('',#3098,1.0);
#3098=DIRECTION('',(0.0,0.0,-1.0));
#3099=PLANE('',#3100);
#3100=AXIS2_PLACEMENT_3D('',#3101,#3102,#3103);
#3101=CARTESIAN_POINT('',(0.293247588,-1.161045016,7.26));
#3102=DIRECTION('',(0.829803826,0.558055204,0.0));
#3103=DIRECTION('',(-0.558055204,0.829803826,0.0));
#3104=ADVANCED_FACE('',(#3105),#3122,.T.);
#3105=FACE_BOUND('',#3106,.T.);
#3106=EDGE_LOOP('',(#3107,#3108,#3109,#3116));
#3107=ORIENTED_EDGE('',*,*,#524,.F.);
#3108=ORIENTED_EDGE('',*,*,#3094,.F.);
#3109=ORIENTED_EDGE('',*,*,#3110,.T.);
#3110=EDGE_CURVE('',#3088,#3111,#3113,.T.);
#3111=VERTEX_POINT('',#3112);
#3112=CARTESIAN_POINT('',(0.44244373,-1.600916399,7.26));
#3113=B_SPLINE_CURVE_WITH_KNOTS('',1,(#3114,#3115),.UNSPECIFIED.,.F.,.U.,(2,2),(0.740513906,0.775615381),.PIECEWISE_BEZIER_KNOTS.);
#3114=CARTESIAN_POINT('',(0.589067524,-1.600916399,7.26));
#3115=CARTESIAN_POINT('',(0.44244373,-1.600916399,7.26));
#3116=ORIENTED_EDGE('',*,*,#3117,.T.);
#3117=EDGE_CURVE('',#3111,#525,#3118,.T.);
#3118=LINE('',#3119,#3120);
#3119=CARTESIAN_POINT('',(0.44244373,-1.600916399,7.26));
#3120=VECTOR('',#3121,1.0);
#3121=DIRECTION('',(0.0,0.0,-1.0));
#3122=PLANE('',#3123);
#3123=AXIS2_PLACEMENT_3D('',#3124,#3125,#3126);
#3124=CARTESIAN_POINT('',(0.589067524,-1.600916399,7.26));
#3125=DIRECTION('',(0.0,-1.0,0.0));
#3126=DIRECTION('',(0.0,0.0,-1.0));
#3127=ADVANCED_FACE('',(#3128),#3145,.T.);
#3128=FACE_BOUND('',#3129,.T.);
#3129=EDGE_LOOP('',(#3130,#3131,#3132,#3139));
#3130=ORIENTED_EDGE('',*,*,#531,.F.);
#3131=ORIENTED_EDGE('',*,*,#3117,.F.);
#3132=ORIENTED_EDGE('',*,*,#3133,.T.);
#3133=EDGE_CURVE('',#3111,#3134,#3136,.T.);
#3134=VERTEX_POINT('',#3135);
#3135=CARTESIAN_POINT('',(0.207717042,-1.244003215,7.26));
#3136=B_SPLINE_CURVE_WITH_KNOTS('',1,(#3137,#3138),.UNSPECIFIED.,.F.,.U.,(2,2),(0.775615381,0.87788176),.PIECEWISE_BEZIER_KNOTS.);
#3137=CARTESIAN_POINT('',(0.44244373,-1.600916399,7.26));
#3138=CARTESIAN_POINT('',(0.207717042,-1.244003215,7.26));
#3139=ORIENTED_EDGE('',*,*,#3140,.T.);
#3140=EDGE_CURVE('',#3134,#532,#3141,.T.);
#3141=LINE('',#3142,#3143);
#3142=CARTESIAN_POINT('',(0.207717042,-1.244003215,7.26));
#3143=VECTOR('',#3144,1.0);
#3144=DIRECTION('',(0.0,0.0,-1.0));
#3145=PLANE('',#3146);
#3146=AXIS2_PLACEMENT_3D('',#3147,#3148,#3149);
#3147=CARTESIAN_POINT('',(0.44244373,-1.600916399,7.26));
#3148=DIRECTION('',(-0.835508022,-0.549478249,0.0));
#3149=DIRECTION('',(0.549478249,-0.835508022,0.0));
#3150=ADVANCED_FACE('',(#3151),#3168,.T.);
#3151=FACE_BOUND('',#3152,.T.);
#3152=EDGE_LOOP('',(#3153,#3154,#3155,#3162));
#3153=ORIENTED_EDGE('',*,*,#538,.F.);
#3154=ORIENTED_EDGE('',*,*,#3140,.F.);
#3155=ORIENTED_EDGE('',*,*,#3156,.T.);
#3156=EDGE_CURVE('',#3134,#3157,#3159,.T.);
#3157=VERTEX_POINT('',#3158);
#3158=CARTESIAN_POINT('',(0.125401929,-1.323745981,7.26));
#3159=B_SPLINE_CURVE_WITH_KNOTS('',1,(#3160,#3161),.UNSPECIFIED.,.F.,.U.,(2,2),(0.87788176,0.90531839),.PIECEWISE_BEZIER_KNOTS.);
#3160=CARTESIAN_POINT('',(0.207717042,-1.244003215,7.26));
#3161=CARTESIAN_POINT('',(0.125401929,-1.323745981,7.26));
#3162=ORIENTED_EDGE('',*,*,#3163,.T.);
#3163=EDGE_CURVE('',#3157,#460,#3164,.T.);
#3164=LINE('',#3165,#3166);
#3165=CARTESIAN_POINT('',(0.125401929,-1.323745981,7.26));
#3166=VECTOR('',#3167,1.0);
#3167=DIRECTION('',(0.0,0.0,-1.0));
#3168=PLANE('',#3169);
#3169=AXIS2_PLACEMENT_3D('',#3170,#3171,#3172);
#3170=CARTESIAN_POINT('',(0.207717042,-1.244003215,7.26));
#3171=DIRECTION('',(0.695795216,-0.718240223,0.0));
#3172=DIRECTION('',(0.718240223,0.695795216,0.0));
#3173=ADVANCED_FACE('',(#3174),#3184,.T.);
#3174=FACE_BOUND('',#3175,.T.);
#3175=EDGE_LOOP('',(#3176,#3177,#3178,#3183));
#3176=ORIENTED_EDGE('',*,*,#459,.F.);
#3177=ORIENTED_EDGE('',*,*,#3163,.F.);
#3178=ORIENTED_EDGE('',*,*,#3179,.T.);
#3179=EDGE_CURVE('',#3157,#2919,#3180,.T.);
#3180=B_SPLINE_CURVE_WITH_KNOTS('',1,(#3181,#3182),.UNSPECIFIED.,.F.,.U.,(2,2),(0.90531839,0.971672494),.PIECEWISE_BEZIER_KNOTS.);
#3181=CARTESIAN_POINT('',(0.125401929,-1.323745981,7.26));
#3182=CARTESIAN_POINT('',(0.125401929,-1.600916399,7.26));
#3183=ORIENTED_EDGE('',*,*,#2918,.F.);
#3184=PLANE('',#3185);
#3185=AXIS2_PLACEMENT_3D('',#3186,#3187,#3188);
#3186=CARTESIAN_POINT('',(0.125401929,-1.323745981,7.26));
#3187=DIRECTION('',(1.0,0.0,0.0));
#3188=DIRECTION('',(0.0,0.0,-1.0));
#3189=ADVANCED_FACE('',(#3190),#3204,.T.);
#3190=FACE_BOUND('',#3191,.T.);
#3191=EDGE_LOOP('',(#3192,#3193,#3194,#3195,#3196,#3197,#3198,#3199,#3200,#3201,#3202,#3203));
#3192=ORIENTED_EDGE('',*,*,#2926,.F.);
#3193=ORIENTED_EDGE('',*,*,#3179,.F.);
#3194=ORIENTED_EDGE('',*,*,#3156,.F.);
#3195=ORIENTED_EDGE('',*,*,#3133,.F.);
#3196=ORIENTED_EDGE('',*,*,#3110,.F.);
#3197=ORIENTED_EDGE('',*,*,#3087,.F.);
#3198=ORIENTED_EDGE('',*,*,#3064,.F.);
#3199=ORIENTED_EDGE('',*,*,#3041,.F.);
#3200=ORIENTED_EDGE('',*,*,#3018,.F.);
#3201=ORIENTED_EDGE('',*,*,#2995,.F.);
#3202=ORIENTED_EDGE('',*,*,#2972,.F.);
#3203=ORIENTED_EDGE('',*,*,#2949,.F.);
#3204=PLANE('',#3205);
#3205=AXIS2_PLACEMENT_3D('',#3206,#3207,#3208);
#3206=CARTESIAN_POINT('',(0.066237942,-1.600916399,7.26));
#3207=DIRECTION('',(0.0,0.0,1.0));
#3208=DIRECTION('',(1.0,0.0,0.0));
#3209=ADVANCED_FACE('',(#3210),#3234,.T.);
#3210=FACE_BOUND('',#3211,.T.);
#3211=EDGE_LOOP('',(#3212,#3213,#3221,#3228));
#3212=ORIENTED_EDGE('',*,*,#554,.F.);
#3213=ORIENTED_EDGE('',*,*,#3214,.T.);
#3214=EDGE_CURVE('',#548,#3215,#3217,.F.);
#3215=VERTEX_POINT('',#3216);
#3216=CARTESIAN_POINT('',(0.802572347,-0.770691318,7.26));
#3217=LINE('',#3218,#3219);
#3218=CARTESIAN_POINT('',(0.802572347,-0.770691318,7.26));
#3219=VECTOR('',#3220,1.0);
#3220=DIRECTION('',(0.0,0.0,-1.0));
#3221=ORIENTED_EDGE('',*,*,#3222,.T.);
#3222=EDGE_CURVE('',#3215,#3223,#3225,.T.);
#3223=VERTEX_POINT('',#3224);
#3224=CARTESIAN_POINT('',(0.684244373,-0.770691318,7.26));
#3225=B_SPLINE_CURVE_WITH_KNOTS('',1,(#3226,#3227),.UNSPECIFIED.,.F.,.U.,(2,2),(0.767088608,1.0),.PIECEWISE_BEZIER_KNOTS.);
#3226=CARTESIAN_POINT('',(0.802572347,-0.770691318,7.26));
#3227=CARTESIAN_POINT('',(0.684244373,-0.770691318,7.26));
#3228=ORIENTED_EDGE('',*,*,#3229,.T.);
#3229=EDGE_CURVE('',#3223,#555,#3230,.T.);
#3230=LINE('',#3231,#3232);
#3231=CARTESIAN_POINT('',(0.684244373,-0.770691318,7.26));
#3232=VECTOR('',#3233,1.0);
#3233=DIRECTION('',(0.0,0.0,-1.0));
#3234=PLANE('',#3235);
#3235=AXIS2_PLACEMENT_3D('',#3236,#3237,#3238);
#3236=CARTESIAN_POINT('',(0.802572347,-0.770691318,7.26));
#3237=DIRECTION('',(0.0,-1.0,0.0));
#3238=DIRECTION('',(0.0,0.0,-1.0));
#3239=ADVANCED_FACE('',(#3240),#3257,.T.);
#3240=FACE_BOUND('',#3241,.T.);
#3241=EDGE_LOOP('',(#3242,#3243,#3244,#3251));
#3242=ORIENTED_EDGE('',*,*,#561,.F.);
#3243=ORIENTED_EDGE('',*,*,#3229,.F.);
#3244=ORIENTED_EDGE('',*,*,#3245,.T.);
#3245=EDGE_CURVE('',#3223,#3246,#3248,.T.);
#3246=VERTEX_POINT('',#3247);
#3247=CARTESIAN_POINT('',(0.684244373,-0.635,7.26));
#3248=B_SPLINE_CURVE_WITH_KNOTS('',1,(#3249,#3250),.UNSPECIFIED.,.F.,.U.,(2,2),(0.0,0.267088608),.PIECEWISE_BEZIER_KNOTS.);
#3249=CARTESIAN_POINT('',(0.684244373,-0.770691318,7.26));
#3250=CARTESIAN_POINT('',(0.684244373,-0.635,7.26));
#3251=ORIENTED_EDGE('',*,*,#3252,.T.);
#3252=EDGE_CURVE('',#3246,#562,#3253,.T.);
#3253=LINE('',#3254,#3255);
#3254=CARTESIAN_POINT('',(0.684244373,-0.635,7.26));
#3255=VECTOR('',#3256,1.0);
#3256=DIRECTION('',(0.0,0.0,-1.0));
#3257=PLANE('',#3258);
#3258=AXIS2_PLACEMENT_3D('',#3259,#3260,#3261);
#3259=CARTESIAN_POINT('',(0.684244373,-0.770691318,7.26));
#3260=DIRECTION('',(-1.0,0.0,0.0));
#3261=DIRECTION('',(0.0,0.0,1.0));
#3262=ADVANCED_FACE('',(#3263),#3280,.T.);
#3263=FACE_BOUND('',#3264,.T.);
#3264=EDGE_LOOP('',(#3265,#3266,#3267,#3274));
#3265=ORIENTED_EDGE('',*,*,#568,.F.);
#3266=ORIENTED_EDGE('',*,*,#3252,.F.);
#3267=ORIENTED_EDGE('',*,*,#3268,.T.);
#3268=EDGE_CURVE('',#3246,#3269,#3271,.T.);
#3269=VERTEX_POINT('',#3270);
#3270=CARTESIAN_POINT('',(0.802572347,-0.635,7.26));
#3271=B_SPLINE_CURVE_WITH_KNOTS('',1,(#3272,#3273),.UNSPECIFIED.,.F.,.U.,(2,2),(0.267088608,0.5),.PIECEWISE_BEZIER_KNOTS.);
#3272=CARTESIAN_POINT('',(0.684244373,-0.635,7.26));
#3273=CARTESIAN_POINT('',(0.802572347,-0.635,7.26));
#3274=ORIENTED_EDGE('',*,*,#3275,.T.);
#3275=EDGE_CURVE('',#3269,#546,#3276,.T.);
#3276=LINE('',#3277,#3278);
#3277=CARTESIAN_POINT('',(0.802572347,-0.635,7.26));
#3278=VECTOR('',#3279,1.0);
#3279=DIRECTION('',(0.0,0.0,-1.0));
#3280=PLANE('',#3281);
#3281=AXIS2_PLACEMENT_3D('',#3282,#3283,#3284);
#3282=CARTESIAN_POINT('',(0.684244373,-0.635,7.26));
#3283=DIRECTION('',(0.0,1.0,0.0));
#3284=DIRECTION('',(0.0,0.0,1.0));
#3285=ADVANCED_FACE('',(#3286),#3296,.T.);
#3286=FACE_BOUND('',#3287,.T.);
#3287=EDGE_LOOP('',(#3288,#3289,#3290,#3295));
#3288=ORIENTED_EDGE('',*,*,#545,.F.);
#3289=ORIENTED_EDGE('',*,*,#3275,.F.);
#3290=ORIENTED_EDGE('',*,*,#3291,.T.);
#3291=EDGE_CURVE('',#3269,#3215,#3292,.T.);
#3292=B_SPLINE_CURVE_WITH_KNOTS('',1,(#3293,#3294),.UNSPECIFIED.,.F.,.U.,(2,2),(0.5,0.767088608),.PIECEWISE_BEZIER_KNOTS.);
#3293=CARTESIAN_POINT('',(0.802572347,-0.635,7.26));
#3294=CARTESIAN_POINT('',(0.802572347,-0.770691318,7.26));
#3295=ORIENTED_EDGE('',*,*,#3214,.F.);
#3296=PLANE('',#3297);
#3297=AXIS2_PLACEMENT_3D('',#3298,#3299,#3300);
#3298=CARTESIAN_POINT('',(0.802572347,-0.635,7.26));
#3299=DIRECTION('',(1.0,0.0,0.0));
#3300=DIRECTION('',(0.0,0.0,-1.0));
#3301=ADVANCED_FACE('',(#3302),#3308,.T.);
#3302=FACE_BOUND('',#3303,.T.);
#3303=EDGE_LOOP('',(#3304,#3305,#3306,#3307));
#3304=ORIENTED_EDGE('',*,*,#3222,.F.);
#3305=ORIENTED_EDGE('',*,*,#3291,.F.);
#3306=ORIENTED_EDGE('',*,*,#3268,.F.);
#3307=ORIENTED_EDGE('',*,*,#3245,.F.);
#3308=PLANE('',#3309);
#3309=AXIS2_PLACEMENT_3D('',#3310,#3311,#3312);
#3310=CARTESIAN_POINT('',(0.74340836,-0.770691318,7.26));
#3311=DIRECTION('',(0.0,0.0,1.0));
#3312=DIRECTION('',(1.0,0.0,0.0));
#3313=ADVANCED_FACE('',(#3314),#3338,.T.);
#3314=FACE_BOUND('',#3315,.T.);
#3315=EDGE_LOOP('',(#3316,#3317,#3325,#3332));
#3316=ORIENTED_EDGE('',*,*,#584,.F.);
#3317=ORIENTED_EDGE('',*,*,#3318,.T.);
#3318=EDGE_CURVE('',#578,#3319,#3321,.F.);
#3319=VERTEX_POINT('',#3320);
#3320=CARTESIAN_POINT('',(0.802572347,-1.600916399,7.26));
#3321=LINE('',#3322,#3323);
#3322=CARTESIAN_POINT('',(0.802572347,-1.600916399,7.26));
#3323=VECTOR('',#3324,1.0);
#3324=DIRECTION('',(0.0,0.0,-1.0));
#3325=ORIENTED_EDGE('',*,*,#3326,.T.);
#3326=EDGE_CURVE('',#3319,#3327,#3329,.T.);
#3327=VERTEX_POINT('',#3328);
#3328=CARTESIAN_POINT('',(0.684244373,-1.600916399,7.26));
#3329=B_SPLINE_CURVE_WITH_KNOTS('',1,(#3330,#3331),.UNSPECIFIED.,.F.,.U.,(2,2),(0.927786499,1.0),.PIECEWISE_BEZIER_KNOTS.);
#3330=CARTESIAN_POINT('',(0.802572347,-1.600916399,7.26));
#3331=CARTESIAN_POINT('',(0.684244373,-1.600916399,7.26));
#3332=ORIENTED_EDGE('',*,*,#3333,.T.);
#3333=EDGE_CURVE('',#3327,#585,#3334,.T.);
#3334=LINE('',#3335,#3336);
#3335=CARTESIAN_POINT('',(0.684244373,-1.600916399,7.26));
#3336=VECTOR('',#3337,1.0);
#3337=DIRECTION('',(0.0,0.0,-1.0));
#3338=PLANE('',#3339);
#3339=AXIS2_PLACEMENT_3D('',#3340,#3341,#3342);
#3340=CARTESIAN_POINT('',(0.802572347,-1.600916399,7.26));
#3341=DIRECTION('',(0.0,-1.0,0.0));
#3342=DIRECTION('',(0.0,0.0,-1.0));
#3343=ADVANCED_FACE('',(#3344),#3361,.T.);
#3344=FACE_BOUND('',#3345,.T.);
#3345=EDGE_LOOP('',(#3346,#3347,#3348,#3355));
#3346=ORIENTED_EDGE('',*,*,#591,.F.);
#3347=ORIENTED_EDGE('',*,*,#3333,.F.);
#3348=ORIENTED_EDGE('',*,*,#3349,.T.);
#3349=EDGE_CURVE('',#3327,#3350,#3352,.T.);
#3350=VERTEX_POINT('',#3351);
#3351=CARTESIAN_POINT('',(0.684244373,-0.899951768,7.26));
#3352=B_SPLINE_CURVE_WITH_KNOTS('',1,(#3353,#3354),.UNSPECIFIED.,.F.,.U.,(2,2),(0.0,0.427786499),.PIECEWISE_BEZIER_KNOTS.);
#3353=CARTESIAN_POINT('',(0.684244373,-1.600916399,7.26));
#3354=CARTESIAN_POINT('',(0.684244373,-0.899951768,7.26));
#3355=ORIENTED_EDGE('',*,*,#3356,.T.);
#3356=EDGE_CURVE('',#3350,#592,#3357,.T.);
#3357=LINE('',#3358,#3359);
#3358=CARTESIAN_POINT('',(0.684244373,-0.899951768,7.26));
#3359=VECTOR('',#3360,1.0);
#3360=DIRECTION('',(0.0,0.0,-1.0));
#3361=PLANE('',#3362);
#3362=AXIS2_PLACEMENT_3D('',#3363,#3364,#3365);
#3363=CARTESIAN_POINT('',(0.684244373,-1.600916399,7.26));
#3364=DIRECTION('',(-1.0,0.0,0.0));
#3365=DIRECTION('',(0.0,0.0,1.0));
#3366=ADVANCED_FACE('',(#3367),#3384,.T.);
#3367=FACE_BOUND('',#3368,.T.);
#3368=EDGE_LOOP('',(#3369,#3370,#3371,#3378));
#3369=ORIENTED_EDGE('',*,*,#598,.F.);
#3370=ORIENTED_EDGE('',*,*,#3356,.F.);
#3371=ORIENTED_EDGE('',*,*,#3372,.T.);
#3372=EDGE_CURVE('',#3350,#3373,#3375,.T.);
#3373=VERTEX_POINT('',#3374);
#3374=CARTESIAN_POINT('',(0.802572347,-0.899951768,7.26));
#3375=B_SPLINE_CURVE_WITH_KNOTS('',1,(#3376,#3377),.UNSPECIFIED.,.F.,.U.,(2,2),(0.427786499,0.5),.PIECEWISE_BEZIER_KNOTS.);
#3376=CARTESIAN_POINT('',(0.684244373,-0.899951768,7.26));
#3377=CARTESIAN_POINT('',(0.802572347,-0.899951768,7.26));
#3378=ORIENTED_EDGE('',*,*,#3379,.T.);
#3379=EDGE_CURVE('',#3373,#576,#3380,.T.);
#3380=LINE('',#3381,#3382);
#3381=CARTESIAN_POINT('',(0.802572347,-0.899951768,7.26));
#3382=VECTOR('',#3383,1.0);
#3383=DIRECTION('',(0.0,0.0,-1.0));
#3384=PLANE('',#3385);
#3385=AXIS2_PLACEMENT_3D('',#3386,#3387,#3388);
#3386=CARTESIAN_POINT('',(0.684244373,-0.899951768,7.26));
#3387=DIRECTION('',(0.0,1.0,0.0));
#3388=DIRECTION('',(0.0,0.0,1.0));
#3389=ADVANCED_FACE('',(#3390),#3400,.T.);
#3390=FACE_BOUND('',#3391,.T.);
#3391=EDGE_LOOP('',(#3392,#3393,#3394,#3399));
#3392=ORIENTED_EDGE('',*,*,#575,.F.);
#3393=ORIENTED_EDGE('',*,*,#3379,.F.);
#3394=ORIENTED_EDGE('',*,*,#3395,.T.);
#3395=EDGE_CURVE('',#3373,#3319,#3396,.T.);
#3396=B_SPLINE_CURVE_WITH_KNOTS('',1,(#3397,#3398),.UNSPECIFIED.,.F.,.U.,(2,2),(0.5,0.927786499),.PIECEWISE_BEZIER_KNOTS.);
#3397=CARTESIAN_POINT('',(0.802572347,-0.899951768,7.26));
#3398=CARTESIAN_POINT('',(0.802572347,-1.600916399,7.26));
#3399=ORIENTED_EDGE('',*,*,#3318,.F.);
#3400=PLANE('',#3401);
#3401=AXIS2_PLACEMENT_3D('',#3402,#3403,#3404);
#3402=CARTESIAN_POINT('',(0.802572347,-0.899951768,7.26));
#3403=DIRECTION('',(1.0,0.0,0.0));
#3404=DIRECTION('',(0.0,0.0,-1.0));
#3405=ADVANCED_FACE('',(#3406),#3412,.T.);
#3406=FACE_BOUND('',#3407,.T.);
#3407=EDGE_LOOP('',(#3408,#3409,#3410,#3411));
#3408=ORIENTED_EDGE('',*,*,#3326,.F.);
#3409=ORIENTED_EDGE('',*,*,#3395,.F.);
#3410=ORIENTED_EDGE('',*,*,#3372,.F.);
#3411=ORIENTED_EDGE('',*,*,#3349,.F.);
#3412=PLANE('',#3413);
#3413=AXIS2_PLACEMENT_3D('',#3414,#3415,#3416);
#3414=CARTESIAN_POINT('',(0.74340836,-1.600916399,7.26));
#3415=DIRECTION('',(0.0,0.0,1.0));
#3416=DIRECTION('',(1.0,0.0,0.0));
#3417=ADVANCED_FACE('',(#3418),#3444,.T.);
#3418=FACE_BOUND('',#3419,.T.);
#3419=EDGE_LOOP('',(#3420,#3421,#3429,#3438));
#3420=ORIENTED_EDGE('',*,*,#632,.F.);
#3421=ORIENTED_EDGE('',*,*,#3422,.T.);
#3422=EDGE_CURVE('',#608,#3423,#3425,.F.);
#3423=VERTEX_POINT('',#3424);
#3424=CARTESIAN_POINT('',(1.099678457,-1.600916399,7.26));
#3425=LINE('',#3426,#3427);
#3426=CARTESIAN_POINT('',(1.099678457,-1.600916399,7.26));
#3427=VECTOR('',#3428,1.0);
#3428=DIRECTION('',(0.0,0.0,-1.0));
#3429=ORIENTED_EDGE('',*,*,#3430,.T.);
#3430=EDGE_CURVE('',#3423,#3431,#3433,.T.);
#3431=VERTEX_POINT('',#3432);
#3432=CARTESIAN_POINT('',(0.981350482,-1.600916399,7.26));
#3433=B_SPLINE_CURVE_WITH_KNOTS('',3,(#3434,#3435,#3436,#3437),.UNSPECIFIED.,.F.,.U.,(4,4),(0.967967528,1.0),.PIECEWISE_BEZIER_KNOTS.);
#3434=CARTESIAN_POINT('',(1.099678457,-1.600916399,7.26));
#3435=CARTESIAN_POINT('',(1.060235798,-1.600916399,7.26));
#3436=CARTESIAN_POINT('',(1.02079314,-1.600916399,7.26));
#3437=CARTESIAN_POINT('',(0.981350482,-1.600916399,7.26));
#3438=ORIENTED_EDGE('',*,*,#3439,.T.);
#3439=EDGE_CURVE('',#3431,#633,#3440,.T.);
#3440=LINE('',#3441,#3442);
#3441=CARTESIAN_POINT('',(0.981350482,-1.600916399,7.26));
#3442=VECTOR('',#3443,1.0);
#3443=DIRECTION('',(0.0,0.0,-1.0));
#3444=PLANE('',#3445);
#3445=AXIS2_PLACEMENT_3D('',#3446,#3447,#3448);
#3446=CARTESIAN_POINT('',(1.099678457,-1.600916399,7.26));
#3447=DIRECTION('',(0.0,-1.0,0.0));
#3448=DIRECTION('',(0.0,0.0,-1.0));
#3449=ADVANCED_FACE('',(#3450),#3469,.T.);
#3450=FACE_BOUND('',#3451,.T.);
#3451=EDGE_LOOP('',(#3452,#3453,#3454,#3463));
#3452=ORIENTED_EDGE('',*,*,#641,.F.);
#3453=ORIENTED_EDGE('',*,*,#3439,.F.);
#3454=ORIENTED_EDGE('',*,*,#3455,.T.);
#3455=EDGE_CURVE('',#3431,#3456,#3458,.T.);
#3456=VERTEX_POINT('',#3457);
#3457=CARTESIAN_POINT('',(0.981350482,-0.899951768,7.26));
#3458=B_SPLINE_CURVE_WITH_KNOTS('',3,(#3459,#3460,#3461,#3462),.UNSPECIFIED.,.F.,.U.,(4,4),(0.0,0.189757578),.PIECEWISE_BEZIER_KNOTS.);
#3459=CARTESIAN_POINT('',(0.981350482,-1.600916399,7.26));
#3460=CARTESIAN_POINT('',(0.981350482,-1.367261522,7.26));
#3461=CARTESIAN_POINT('',(0.981350482,-1.133606645,7.26));
#3462=CARTESIAN_POINT('',(0.981350482,-0.899951768,7.26));
#3463=ORIENTED_EDGE('',*,*,#3464,.T.);
#3464=EDGE_CURVE('',#3456,#642,#3465,.T.);
#3465=LINE('',#3466,#3467);
#3466=CARTESIAN_POINT('',(0.981350482,-0.899951768,7.26));
#3467=VECTOR('',#3468,1.0);
#3468=DIRECTION('',(0.0,0.0,-1.0));
#3469=PLANE('',#3470);
#3470=AXIS2_PLACEMENT_3D('',#3471,#3472,#3473);
#3471=CARTESIAN_POINT('',(0.981350482,-1.600916399,7.26));
#3472=DIRECTION('',(-1.0,0.0,0.0));
#3473=DIRECTION('',(0.0,0.0,1.0));
#3474=ADVANCED_FACE('',(#3475),#3494,.T.);
#3475=FACE_BOUND('',#3476,.T.);
#3476=EDGE_LOOP('',(#3477,#3478,#3479,#3488));
#3477=ORIENTED_EDGE('',*,*,#650,.F.);
#3478=ORIENTED_EDGE('',*,*,#3464,.F.);
#3479=ORIENTED_EDGE('',*,*,#3480,.T.);
#3480=EDGE_CURVE('',#3456,#3481,#3483,.T.);
#3481=VERTEX_POINT('',#3482);
#3482=CARTESIAN_POINT('',(1.088102894,-0.899951768,7.26));
#3483=B_SPLINE_CURVE_WITH_KNOTS('',3,(#3484,#3485,#3486,#3487),.UNSPECIFIED.,.F.,.U.,(4,4),(0.189757578,0.218656438),.PIECEWISE_BEZIER_KNOTS.);
#3484=CARTESIAN_POINT('',(0.981350482,-0.899951768,7.26));
#3485=CARTESIAN_POINT('',(1.01693462,-0.899951768,7.26));
#3486=CARTESIAN_POINT('',(1.052518757,-0.899951768,7.26));
#3487=CARTESIAN_POINT('',(1.088102894,-0.899951768,7.26));
#3488=ORIENTED_EDGE('',*,*,#3489,.T.);
#3489=EDGE_CURVE('',#3481,#651,#3490,.T.);
#3490=LINE('',#3491,#3492);
#3491=CARTESIAN_POINT('',(1.088102894,-0.899951768,7.26));
#3492=VECTOR('',#3493,1.0);
#3493=DIRECTION('',(0.0,0.0,-1.0));
#3494=PLANE('',#3495);
#3495=AXIS2_PLACEMENT_3D('',#3496,#3497,#3498);
#3496=CARTESIAN_POINT('',(0.981350482,-0.899951768,7.26));
#3497=DIRECTION('',(0.0,1.0,0.0));
#3498=DIRECTION('',(0.0,0.0,1.0));
#3499=ADVANCED_FACE('',(#3500),#3519,.T.);
#3500=FACE_BOUND('',#3501,.T.);
#3501=EDGE_LOOP('',(#3502,#3503,#3504,#3513));
#3502=ORIENTED_EDGE('',*,*,#659,.F.);
#3503=ORIENTED_EDGE('',*,*,#3489,.F.);
#3504=ORIENTED_EDGE('',*,*,#3505,.T.);
#3505=EDGE_CURVE('',#3481,#3506,#3508,.T.);
#3506=VERTEX_POINT('',#3507);
#3507=CARTESIAN_POINT('',(1.088102894,-0.999630225,7.26));
#3508=B_SPLINE_CURVE_WITH_KNOTS('',3,(#3509,#3510,#3511,#3512),.UNSPECIFIED.,.F.,.U.,(4,4),(0.218656438,0.245640314),.PIECEWISE_BEZIER_KNOTS.);
#3509=CARTESIAN_POINT('',(1.088102894,-0.899951768,7.26));
#3510=CARTESIAN_POINT('',(1.088102894,-0.933177921,7.26));
#3511=CARTESIAN_POINT('',(1.088102894,-0.966404073,7.26));
#3512=CARTESIAN_POINT('',(1.088102894,-0.999630225,7.26));
#3513=ORIENTED_EDGE('',*,*,#3514,.T.);
#3514=EDGE_CURVE('',#3506,#660,#3515,.T.);
#3515=LINE('',#3516,#3517);
#3516=CARTESIAN_POINT('',(1.088102894,-0.999630225,7.26));
#3517=VECTOR('',#3518,1.0);
#3518=DIRECTION('',(0.0,0.0,-1.0));
#3519=PLANE('',#3520);
#3520=AXIS2_PLACEMENT_3D('',#3521,#3522,#3523);
#3521=CARTESIAN_POINT('',(1.088102894,-0.899951768,7.26));
#3522=DIRECTION('',(1.0,0.0,0.0));
#3523=DIRECTION('',(0.0,0.0,-1.0));
#3524=ADVANCED_FACE('',(#3525),#3558,.T.);
#3525=FACE_BOUND('',#3526,.T.);
#3526=EDGE_LOOP('',(#3527,#3528,#3529,#3552));
#3527=ORIENTED_EDGE('',*,*,#668,.F.);
#3528=ORIENTED_EDGE('',*,*,#3514,.F.);
#3529=ORIENTED_EDGE('',*,*,#3530,.T.);
#3530=EDGE_CURVE('',#3506,#3531,#3533,.T.);
#3531=VERTEX_POINT('',#3532);
#3532=CARTESIAN_POINT('',(1.551125402,-1.600916399,7.26));
#3533=B_SPLINE_CURVE_WITH_KNOTS('',3,(#3534,#3535,#3536,#3537,#3538,#3539,#3540,#3541,#3542,#3543,#3544,#3545,#3546,#3547,#3548,#3549,#3550,#3551),.UNSPECIFIED.,.F.,.U.,(4,2,3,3,3,3,4),(0.245640314,0.317563337,0.34899989,0.376335386,0.402372375,0.433633459,0.550269345),.UNSPECIFIED.);
#3534=CARTESIAN_POINT('',(1.088102894,-0.999630225,7.26));
#3535=CARTESIAN_POINT('',(1.139549839,-0.923102894,7.26));
#3536=CARTESIAN_POINT('',(1.21414791,-0.884517685,7.26));
#3537=CARTESIAN_POINT('',(1.353697749,-0.884517685,7.26));
#3538=CARTESIAN_POINT('',(1.392282958,-0.892234727,7.26));
#3539=CARTESIAN_POINT('',(1.427652733,-0.907025723,7.26));
#3540=CARTESIAN_POINT('',(1.463251406,-0.921912441,7.26));
#3541=CARTESIAN_POINT('',(1.490032154,-0.942395498,7.26));
#3542=CARTESIAN_POINT('',(1.507395498,-0.966832797,7.26));
#3543=CARTESIAN_POINT('',(1.525062481,-0.99169744,7.26));
#3544=CARTESIAN_POINT('',(1.537620579,-1.02085209,7.26));
#3545=CARTESIAN_POINT('',(1.544051447,-1.054935691,7.26));
#3546=CARTESIAN_POINT('',(1.54818984,-1.076869174,7.26));
#3547=CARTESIAN_POINT('',(1.551125402,-1.115385852,7.26));
#3548=CARTESIAN_POINT('',(1.551125402,-1.170048232,7.26));
#3549=CARTESIAN_POINT('',(1.551125402,-1.313670954,7.26));
#3550=CARTESIAN_POINT('',(1.551125402,-1.457293676,7.26));
#3551=CARTESIAN_POINT('',(1.551125402,-1.600916399,7.26));
#3552=ORIENTED_EDGE('',*,*,#3553,.T.);
#3553=EDGE_CURVE('',#3531,#669,#3554,.T.);
#3554=LINE('',#3555,#3556);
#3555=CARTESIAN_POINT('',(1.551125402,-1.600916399,7.26));
#3556=VECTOR('',#3557,1.0);
#3557=DIRECTION('',(0.0,0.0,-1.0));
#3558=B_SPLINE_SURFACE_WITH_KNOTS('',3,1,((#3559,#3560),(#3561,#3562),(#3563,#3564),(#3565,#3566),(#3567,#3568),(#3569,#3570),(#3571,#3572),(#3573,#3574),(#3575,#3576),(#3577,#3578)),.UNSPECIFIED.,.F.,.F.,.U.,(4,1,1,1,1,1,1,4),(2,2),(0.245640314,0.321797572,0.359876201,0.39795483,0.416994144,0.436033458,0.474112087,0.550269345),(0.0,1.0),.UNSPECIFIED.);
#3559=CARTESIAN_POINT('',(1.088102894,-0.999630225,7.26));
#3560=CARTESIAN_POINT('',(1.088102894,-0.999630225,7.25));
#3561=CARTESIAN_POINT('',(1.142578611,-0.918597595,7.26));
#3562=CARTESIAN_POINT('',(1.142578611,-0.918597595,7.25));
#3563=CARTESIAN_POINT('',(1.27498463,-0.862701578,7.26));
#3564=CARTESIAN_POINT('',(1.27498463,-0.862701578,7.25));
#3565=CARTESIAN_POINT('',(1.478754113,-0.910773186,7.26));
#3566=CARTESIAN_POINT('',(1.478754113,-0.910773186,7.25));
#3567=CARTESIAN_POINT('',(1.541936047,-1.023700262,7.26));
#3568=CARTESIAN_POINT('',(1.541936047,-1.023700262,7.25));
#3569=CARTESIAN_POINT('',(1.549526356,-1.089214652,7.26));
#3570=CARTESIAN_POINT('',(1.549526356,-1.089214652,7.25));
#3571=CARTESIAN_POINT('',(1.552039142,-1.213424872,7.26));
#3572=CARTESIAN_POINT('',(1.552039142,-1.213424872,7.25));
#3573=CARTESIAN_POINT('',(1.550440097,-1.35817108,7.26));
#3574=CARTESIAN_POINT('',(1.550440097,-1.35817108,7.25));
#3575=CARTESIAN_POINT('',(1.551125402,-1.507138119,7.26));
#3576=CARTESIAN_POINT('',(1.551125402,-1.507138119,7.25));
#3577=CARTESIAN_POINT('',(1.551125402,-1.600916399,7.26));
#3578=CARTESIAN_POINT('',(1.551125402,-1.600916399,7.25));
#3579=ADVANCED_FACE('',(#3580),#3599,.T.);
#3580=FACE_BOUND('',#3581,.T.);
#3581=EDGE_LOOP('',(#3582,#3583,#3584,#3593));
#3582=ORIENTED_EDGE('',*,*,#691,.F.);
#3583=ORIENTED_EDGE('',*,*,#3553,.F.);
#3584=ORIENTED_EDGE('',*,*,#3585,.T.);
#3585=EDGE_CURVE('',#3531,#3586,#3588,.T.);
#3586=VERTEX_POINT('',#3587);
#3587=CARTESIAN_POINT('',(1.432797428,-1.600916399,7.26));
#3588=B_SPLINE_CURVE_WITH_KNOTS('',3,(#3589,#3590,#3591,#3592),.UNSPECIFIED.,.F.,.U.,(4,4),(0.550269345,0.582301817),.PIECEWISE_BEZIER_KNOTS.);
#3589=CARTESIAN_POINT('',(1.551125402,-1.600916399,7.26));
#3590=CARTESIAN_POINT('',(1.511682744,-1.600916399,7.26));
#3591=CARTESIAN_POINT('',(1.472240086,-1.600916399,7.26));
#3592=CARTESIAN_POINT('',(1.432797428,-1.600916399,7.26));
#3593=ORIENTED_EDGE('',*,*,#3594,.T.);
#3594=EDGE_CURVE('',#3586,#606,#3595,.T.);
#3595=LINE('',#3596,#3597);
#3596=CARTESIAN_POINT('',(1.432797428,-1.600916399,7.26));
#3597=VECTOR('',#3598,1.0);
#3598=DIRECTION('',(0.0,0.0,-1.0));
#3599=PLANE('',#3600);
#3600=AXIS2_PLACEMENT_3D('',#3601,#3602,#3603);
#3601=CARTESIAN_POINT('',(1.551125402,-1.600916399,7.26));
#3602=DIRECTION('',(0.0,-1.0,0.0));
#3603=DIRECTION('',(0.0,0.0,-1.0));
#3604=ADVANCED_FACE('',(#3605),#3633,.T.);
#3605=FACE_BOUND('',#3606,.T.);
#3606=EDGE_LOOP('',(#3607,#3608,#3609,#3632));
#3607=ORIENTED_EDGE('',*,*,#605,.F.);
#3608=ORIENTED_EDGE('',*,*,#3594,.F.);
#3609=ORIENTED_EDGE('',*,*,#3610,.T.);
#3610=EDGE_CURVE('',#3586,#3423,#3611,.T.);
#3611=B_SPLINE_CURVE_WITH_KNOTS('',3,(#3612,#3613,#3614,#3615,#3616,#3617,#3618,#3619,#3620,#3621,#3622,#3623,#3624,#3625,#3626,#3627,#3628,#3629,#3630,#3631),.UNSPECIFIED.,.F.,.U.,(4,3,3,2,3,2,3,4),(0.582301817,0.697897259,0.727682193,0.749965874,0.772249555,0.818209178,0.864168802,0.967967528),.UNSPECIFIED.);
#3612=CARTESIAN_POINT('',(1.432797428,-1.600916399,7.26));
#3613=CARTESIAN_POINT('',(1.432797428,-1.45857985,7.26));
#3614=CARTESIAN_POINT('',(1.432797428,-1.316243301,7.26));
#3615=CARTESIAN_POINT('',(1.432797428,-1.173906752,7.26));
#3616=CARTESIAN_POINT('',(1.432797428,-1.125675241,7.26));
#3617=CARTESIAN_POINT('',(1.42829582,-1.089662379,7.26));
#3618=CARTESIAN_POINT('',(1.419292605,-1.06522508,7.26));
#3619=CARTESIAN_POINT('',(1.410421143,-1.0411454,7.26));
#3620=CARTESIAN_POINT('',(1.393569132,-1.022138264,7.26));
#3621=CARTESIAN_POINT('',(1.345980707,-0.993842444,7.26));
#3622=CARTESIAN_POINT('',(1.318327974,-0.986768489,7.26));
#3623=CARTESIAN_POINT('',(1.286173633,-0.986125402,7.26));
#3624=CARTESIAN_POINT('',(1.235402945,-0.985109988,7.26));
#3625=CARTESIAN_POINT('',(1.191639871,-1.002845659,7.26));
#3626=CARTESIAN_POINT('',(1.118327974,-1.067154341,7.26));
#3627=CARTESIAN_POINT('',(1.099678457,-1.128247588,7.26));
#3628=CARTESIAN_POINT('',(1.099678457,-1.217636656,7.26));
#3629=CARTESIAN_POINT('',(1.099678457,-1.34539657,7.26));
#3630=CARTESIAN_POINT('',(1.099678457,-1.473156484,7.26));
#3631=CARTESIAN_POINT('',(1.099678457,-1.600916399,7.26));
#3632=ORIENTED_EDGE('',*,*,#3422,.F.);
#3633=B_SPLINE_SURFACE_WITH_KNOTS('',3,1,((#3634,#3635),(#3636,#3637),(#3638,#3639),(#3640,#3641),(#3642,#3643),(#3644,#3645),(#3646,#3647),(#3648,#3649),(#3650,#3651),(#3652,#3653)),.UNSPECIFIED.,.F.,.F.,.U.,(4,1,1,1,1,1,1,4),(2,2),(0.582301817,0.678718245,0.726926459,0.775134672,0.823342886,0.8715511,0.919759314,0.967967528),(0.0,1.0),.UNSPECIFIED.);
#3634=CARTESIAN_POINT('',(1.432797428,-1.600916399,7.26));
#3635=CARTESIAN_POINT('',(1.432797428,-1.600916399,7.25));
#3636=CARTESIAN_POINT('',(1.432797428,-1.482195614,7.26));
#3637=CARTESIAN_POINT('',(1.432797428,-1.482195614,7.25));
#3638=CARTESIAN_POINT('',(1.419267731,-1.315557965,7.26));
#3639=CARTESIAN_POINT('',(1.419267731,-1.315557965,7.25));
#3640=CARTESIAN_POINT('',(1.455346923,-1.047600321,7.26));
#3641=CARTESIAN_POINT('',(1.455346923,-1.047600321,7.25));
#3642=CARTESIAN_POINT('',(1.270140145,-0.963675727,7.26));
#3643=CARTESIAN_POINT('',(1.270140145,-0.963675727,7.25));
#3644=CARTESIAN_POINT('',(1.124263135,-1.014625451,7.26));
#3645=CARTESIAN_POINT('',(1.124263135,-1.014625451,7.25));
#3646=CARTESIAN_POINT('',(1.093059505,-1.258966098,7.26));
#3647=CARTESIAN_POINT('',(1.093059505,-1.258966098,7.25));
#3648=CARTESIAN_POINT('',(1.101569586,-1.418886173,7.26));
#3649=CARTESIAN_POINT('',(1.101569586,-1.418886173,7.25));
#3650=CARTESIAN_POINT('',(1.099678457,-1.541579666,7.26));
#3651=CARTESIAN_POINT('',(1.099678457,-1.541579666,7.25));
#3652=CARTESIAN_POINT('',(1.099678457,-1.600916399,7.26));
#3653=CARTESIAN_POINT('',(1.099678457,-1.600916399,7.25));
#3654=ADVANCED_FACE('',(#3655),#3664,.T.);
#3655=FACE_BOUND('',#3656,.T.);
#3656=EDGE_LOOP('',(#3657,#3658,#3659,#3660,#3661,#3662,#3663));
#3657=ORIENTED_EDGE('',*,*,#3430,.F.);
#3658=ORIENTED_EDGE('',*,*,#3610,.F.);
#3659=ORIENTED_EDGE('',*,*,#3585,.F.);
#3660=ORIENTED_EDGE('',*,*,#3530,.F.);
#3661=ORIENTED_EDGE('',*,*,#3505,.F.);
#3662=ORIENTED_EDGE('',*,*,#3480,.F.);
#3663=ORIENTED_EDGE('',*,*,#3455,.F.);
#3664=PLANE('',#3665);
#3665=AXIS2_PLACEMENT_3D('',#3666,#3667,#3668);
#3666=CARTESIAN_POINT('',(1.540254021,-1.03800992,7.26));
#3667=DIRECTION('',(0.0,0.0,1.0));
#3668=DIRECTION('',(1.0,0.0,0.0));
#3669=ADVANCED_FACE('',(#3670),#3709,.T.);
#3670=FACE_BOUND('',#3671,.T.);
#3671=EDGE_LOOP('',(#3672,#3673,#3681,#3703));
#3672=ORIENTED_EDGE('',*,*,#711,.F.);
#3673=ORIENTED_EDGE('',*,*,#3674,.T.);
#3674=EDGE_CURVE('',#703,#3675,#3677,.F.);
#3675=VERTEX_POINT('',#3676);
#3676=CARTESIAN_POINT('',(2.305466238,-0.899951768,7.26));
#3677=LINE('',#3678,#3679);
#3678=CARTESIAN_POINT('',(2.305466238,-0.899951768,7.26));
#3679=VECTOR('',#3680,1.0);
#3680=DIRECTION('',(0.0,0.0,-1.0));
#3681=ORIENTED_EDGE('',*,*,#3682,.T.);
#3682=EDGE_CURVE('',#3675,#3683,#3685,.T.);
#3683=VERTEX_POINT('',#3684);
#3684=CARTESIAN_POINT('',(1.711254019,-1.658151125,7.26));
#3685=B_SPLINE_CURVE_WITH_KNOTS('',3,(#3686,#3687,#3688,#3689,#3690,#3691,#3692,#3693,#3694,#3695,#3696,#3697,#3698,#3699,#3700,#3701,#3702),.UNSPECIFIED.,.F.,.U.,(4,3,3,2,2,3,4),(0.606665047,0.756803569,0.815199864,0.85815535,0.901110836,0.95187641,1.0),.UNSPECIFIED.);
#3686=CARTESIAN_POINT('',(2.305466238,-0.899951768,7.26));
#3687=CARTESIAN_POINT('',(2.305466238,-1.101881029,7.26));
#3688=CARTESIAN_POINT('',(2.305466238,-1.303810289,7.26));
#3689=CARTESIAN_POINT('',(2.305466238,-1.50573955,7.26));
#3690=CARTESIAN_POINT('',(2.305466238,-1.614421222,7.26));
#3691=CARTESIAN_POINT('',(2.294533762,-1.69159164,7.26));
#3692=CARTESIAN_POINT('',(2.272025723,-1.737250804,7.26));
#3693=CARTESIAN_POINT('',(2.249643408,-1.782654929,7.26));
#3694=CARTESIAN_POINT('',(2.214790997,-1.81892283,7.26));
#3695=CARTESIAN_POINT('',(2.118327974,-1.871655949,7.26));
#3696=CARTESIAN_POINT('',(2.059163987,-1.884517685,7.26));
#3697=CARTESIAN_POINT('',(1.904823151,-1.884517685,7.26));
#3698=CARTESIAN_POINT('',(1.837299035,-1.865868167,7.26));
#3699=CARTESIAN_POINT('',(1.78585209,-1.828569132,7.26));
#3700=CARTESIAN_POINT('',(1.73409954,-1.791048533,7.26));
#3701=CARTESIAN_POINT('',(1.709324759,-1.73403537,7.26));
#3702=CARTESIAN_POINT('',(1.711254019,-1.658151125,7.26));
#3703=ORIENTED_EDGE('',*,*,#3704,.T.);
#3704=EDGE_CURVE('',#3683,#712,#3705,.T.);
#3705=LINE('',#3706,#3707);
#3706=CARTESIAN_POINT('',(1.711254019,-1.658151125,7.26));
#3707=VECTOR('',#3708,1.0);
#3708=DIRECTION('',(0.0,0.0,-1.0));
#3709=B_SPLINE_SURFACE_WITH_KNOTS('',3,1,((#3710,#3711),(#3712,#3713),(#3714,#3715),(#3716,#3717),(#3718,#3719),(#3720,#3721),(#3722,#3723),(#3724,#3725),(#3726,#3727),(#3728,#3729),(#3730,#3731)),.UNSPECIFIED.,.F.,.F.,.U.,(4,1,1,1,1,1,1,1,4),(2,2),(0.606665047,0.704998785,0.754165655,0.778749089,0.803332524,0.852499393,0.901666262,0.950833131,1.0),(0.0,1.0),.UNSPECIFIED.);
#3710=CARTESIAN_POINT('',(2.305466238,-0.899951768,7.26));
#3711=CARTESIAN_POINT('',(2.305466238,-0.899951768,7.25));
#3712=CARTESIAN_POINT('',(2.305466238,-1.032206028,7.26));
#3713=CARTESIAN_POINT('',(2.305466238,-1.032206028,7.25));
#3714=CARTESIAN_POINT('',(2.30431722,-1.242908418,7.26));
#3715=CARTESIAN_POINT('',(2.30431722,-1.242908418,7.25));
#3716=CARTESIAN_POINT('',(2.306998262,-1.445604371,7.26));
#3717=CARTESIAN_POINT('',(2.306998262,-1.445604371,7.25));
#3718=CARTESIAN_POINT('',(2.302785195,-1.623035632,7.26));
#3719=CARTESIAN_POINT('',(2.302785195,-1.623035632,7.25));
#3720=CARTESIAN_POINT('',(2.282692069,-1.735521967,7.26));
#3721=CARTESIAN_POINT('',(2.282692069,-1.735521967,7.25));
#3722=CARTESIAN_POINT('',(2.206634266,-1.847774316,7.26));
#3723=CARTESIAN_POINT('',(2.206634266,-1.847774316,7.25));
#3724=CARTESIAN_POINT('',(1.98506524,-1.901997754,7.26));
#3725=CARTESIAN_POINT('',(1.98506524,-1.901997754,7.25));
#3726=CARTESIAN_POINT('',(1.767221769,-1.851300592,7.26));
#3727=CARTESIAN_POINT('',(1.767221769,-1.851300592,7.25));
#3728=CARTESIAN_POINT('',(1.709282934,-1.735680476,7.26));
#3729=CARTESIAN_POINT('',(1.709282934,-1.735680476,7.25));
#3730=CARTESIAN_POINT('',(1.711254019,-1.658151125,7.26));
#3731=CARTESIAN_POINT('',(1.711254019,-1.658151125,7.25));
#3732=ADVANCED_FACE('',(#3733),#3752,.T.);
#3733=FACE_BOUND('',#3734,.T.);
#3734=EDGE_LOOP('',(#3735,#3736,#3737,#3746));
#3735=ORIENTED_EDGE('',*,*,#733,.F.);
#3736=ORIENTED_EDGE('',*,*,#3704,.F.);
#3737=ORIENTED_EDGE('',*,*,#3738,.T.);
#3738=EDGE_CURVE('',#3683,#3739,#3741,.T.);
#3739=VERTEX_POINT('',#3740);
#3740=CARTESIAN_POINT('',(1.827009646,-1.673585209,7.26));
#3741=B_SPLINE_CURVE_WITH_KNOTS('',3,(#3742,#3743,#3744,#3745),.UNSPECIFIED.,.F.,.U.,(4,4),(0.0,0.028942778),.PIECEWISE_BEZIER_KNOTS.);
#3742=CARTESIAN_POINT('',(1.711254019,-1.658151125,7.26));
#3743=CARTESIAN_POINT('',(1.749839228,-1.66329582,7.26));
#3744=CARTESIAN_POINT('',(1.788424437,-1.668440514,7.26));
#3745=CARTESIAN_POINT('',(1.827009646,-1.673585209,7.26));
#3746=ORIENTED_EDGE('',*,*,#3747,.T.);
#3747=EDGE_CURVE('',#3739,#734,#3748,.T.);
#3748=LINE('',#3749,#3750);
#3749=CARTESIAN_POINT('',(1.827009646,-1.673585209,7.26));
#3750=VECTOR('',#3751,1.0);
#3751=DIRECTION('',(0.0,0.0,-1.0));
#3752=PLANE('',#3753);
#3753=AXIS2_PLACEMENT_3D('',#3754,#3755,#3756);
#3754=CARTESIAN_POINT('',(1.711254019,-1.658151125,7.26));
#3755=DIRECTION('',(0.13216372,0.991227901,0.0));
#3756=DIRECTION('',(-0.991227901,0.13216372,0.0));
#3757=ADVANCED_FACE('',(#3758),#3787,.T.);
#3758=FACE_BOUND('',#3759,.T.);
#3759=EDGE_LOOP('',(#3760,#3761,#3762,#3781));
#3760=ORIENTED_EDGE('',*,*,#742,.F.);
#3761=ORIENTED_EDGE('',*,*,#3747,.F.);
#3762=ORIENTED_EDGE('',*,*,#3763,.T.);
#3763=EDGE_CURVE('',#3739,#3764,#3766,.T.);
#3764=VERTEX_POINT('',#3765);
#3765=CARTESIAN_POINT('',(2.18778135,-1.510241158,7.26));
#3766=B_SPLINE_CURVE_WITH_KNOTS('',3,(#3767,#3768,#3769,#3770,#3771,#3772,#3773,#3774,#3775,#3776,#3777,#3778,#3779,#3780),.UNSPECIFIED.,.F.,.U.,(4,3,2,2,3,4),(0.028942778,0.051755771,0.08115379,0.113124136,0.145094482,0.182838977),.UNSPECIFIED.);
#3767=CARTESIAN_POINT('',(1.827009646,-1.673585209,7.26));
#3768=CARTESIAN_POINT('',(1.831511254,-1.710241158,7.26));
#3769=CARTESIAN_POINT('',(1.845016077,-1.736607717,7.26));
#3770=CARTESIAN_POINT('',(1.867524116,-1.753327974,7.26));
#3771=CARTESIAN_POINT('',(1.897361179,-1.77549265,7.26));
#3772=CARTESIAN_POINT('',(1.937620579,-1.787411576,7.26));
#3773=CARTESIAN_POINT('',(2.045016077,-1.787411576,7.26));
#3774=CARTESIAN_POINT('',(2.087459807,-1.7764791,7.26));
#3775=CARTESIAN_POINT('',(2.147909968,-1.732749196,7.26));
#3776=CARTESIAN_POINT('',(2.168488746,-1.701881029,7.26));
#3777=CARTESIAN_POINT('',(2.178778135,-1.662009646,7.26));
#3778=CARTESIAN_POINT('',(2.184936711,-1.638145165,7.26));
#3779=CARTESIAN_POINT('',(2.18778135,-1.587411576,7.26));
#3780=CARTESIAN_POINT('',(2.18778135,-1.510241158,7.26));
#3781=ORIENTED_EDGE('',*,*,#3782,.T.);
#3782=EDGE_CURVE('',#3764,#743,#3783,.T.);
#3783=LINE('',#3784,#3785);
#3784=CARTESIAN_POINT('',(2.18778135,-1.510241158,7.26));
#3785=VECTOR('',#3786,1.0);
#3786=DIRECTION('',(0.0,0.0,-1.0));
#3787=B_SPLINE_SURFACE_WITH_KNOTS('',3,1,((#3788,#3789),(#3790,#3791),(#3792,#3793),(#3794,#3795),(#3796,#3797),(#3798,#3799),(#3800,#3801)),.UNSPECIFIED.,.F.,.F.,.U.,(4,1,1,1,4),(2,2),(0.028942778,0.067416828,0.105890878,0.144364927,0.182838977),(0.0,1.0),.UNSPECIFIED.);
#3788=CARTESIAN_POINT('',(1.827009646,-1.673585209,7.26));
#3789=CARTESIAN_POINT('',(1.827009646,-1.673585209,7.25));
#3790=CARTESIAN_POINT('',(1.834601596,-1.735405367,7.26));
#3791=CARTESIAN_POINT('',(1.834601596,-1.735405367,7.25));
#3792=CARTESIAN_POINT('',(1.907108256,-1.796755694,7.26));
#3793=CARTESIAN_POINT('',(1.907108256,-1.796755694,7.25));
#3794=CARTESIAN_POINT('',(2.118407267,-1.786896639,7.26));
#3795=CARTESIAN_POINT('',(2.118407267,-1.786896639,7.25));
#3796=CARTESIAN_POINT('',(2.190933343,-1.662314126,7.26));
#3797=CARTESIAN_POINT('',(2.190933343,-1.662314126,7.25));
#3798=CARTESIAN_POINT('',(2.18778135,-1.588903184,7.26));
#3799=CARTESIAN_POINT('',(2.18778135,-1.588903184,7.25));
#3800=CARTESIAN_POINT('',(2.18778135,-1.510241158,7.26));
#3801=CARTESIAN_POINT('',(2.18778135,-1.510241158,7.25));
#3802=ADVANCED_FACE('',(#3803),#3836,.T.);
#3803=FACE_BOUND('',#3804,.T.);
#3804=EDGE_LOOP('',(#3805,#3806,#3807,#3830));
#3805=ORIENTED_EDGE('',*,*,#761,.F.);
#3806=ORIENTED_EDGE('',*,*,#3782,.F.);
#3807=ORIENTED_EDGE('',*,*,#3808,.T.);
#3808=EDGE_CURVE('',#3764,#3809,#3811,.T.);
#3809=VERTEX_POINT('',#3810);
#3810=CARTESIAN_POINT('',(2.198713826,-0.986125402,7.26));
#3811=B_SPLINE_CURVE_WITH_KNOTS('',3,(#3812,#3813,#3814,#3815,#3816,#3817,#3818,#3819,#3820,#3821,#3822,#3823,#3824,#3825,#3826,#3827,#3828,#3829),.UNSPECIFIED.,.F.,.U.,(4,2,3,2,3,2,2,4),(0.182838977,0.235524243,0.30181987,0.369369062,0.415142527,0.45829933,0.501456133,0.558850231),.UNSPECIFIED.);
#3812=CARTESIAN_POINT('',(2.18778135,-1.510241158,7.26));
#3813=CARTESIAN_POINT('',(2.135048232,-1.571334405,7.26));
#3814=CARTESIAN_POINT('',(2.070096463,-1.600916399,7.26));
#3815=CARTESIAN_POINT('',(1.895819936,-1.600916399,7.26));
#3816=CARTESIAN_POINT('',(1.821221865,-1.566832797,7.26));
#3817=CARTESIAN_POINT('',(1.767845659,-1.496736334,7.26));
#3818=CARTESIAN_POINT('',(1.715015443,-1.427356894,7.26));
#3819=CARTESIAN_POINT('',(1.688745981,-1.344324759,7.26));
#3820=CARTESIAN_POINT('',(1.688745981,-1.180337621,7.26));
#3821=CARTESIAN_POINT('',(1.700321543,-1.118601286,7.26));
#3822=CARTESIAN_POINT('',(1.724758842,-1.061366559,7.26));
#3823=CARTESIAN_POINT('',(1.748731663,-1.00521969,7.26));
#3824=CARTESIAN_POINT('',(1.784565916,-0.961688103,7.26));
#3825=CARTESIAN_POINT('',(1.877170418,-0.899951768,7.26));
#3826=CARTESIAN_POINT('',(1.931189711,-0.884517685,7.26));
#3827=CARTESIAN_POINT('',(2.076527331,-0.884517685,7.26));
#3828=CARTESIAN_POINT('',(2.144694534,-0.918601286,7.26));
#3829=CARTESIAN_POINT('',(2.198713826,-0.986125402,7.26));
#3830=ORIENTED_EDGE('',*,*,#3831,.T.);
#3831=EDGE_CURVE('',#3809,#762,#3832,.T.);
#3832=LINE('',#3833,#3834);
#3833=CARTESIAN_POINT('',(2.198713826,-0.986125402,7.26));
#3834=VECTOR('',#3835,1.0);
#3835=DIRECTION('',(0.0,0.0,-1.0));
#3836=B_SPLINE_SURFACE_WITH_KNOTS('',3,1,((#3837,#3838),(#3839,#3840),(#3841,#3842),(#3843,#3844),(#3845,#3846),(#3847,#3848),(#3849,#3850)),.UNSPECIFIED.,.F.,.F.,.U.,(4,1,1,1,4),(2,2),(0.182838977,0.27684179,0.370844604,0.464847418,0.558850231),(0.0,1.0),.UNSPECIFIED.);
#3837=CARTESIAN_POINT('',(2.18778135,-1.510241158,7.26));
#3838=CARTESIAN_POINT('',(2.18778135,-1.510241158,7.25));
#3839=CARTESIAN_POINT('',(2.093693157,-1.619245772,7.26));
#3840=CARTESIAN_POINT('',(2.093693157,-1.619245772,7.25));
#3841=CARTESIAN_POINT('',(1.784909138,-1.626470458,7.26));
#3842=CARTESIAN_POINT('',(1.784909138,-1.626470458,7.25));
#3843=CARTESIAN_POINT('',(1.635978735,-1.242884691,7.26));
#3844=CARTESIAN_POINT('',(1.635978735,-1.242884691,7.25));
#3845=CARTESIAN_POINT('',(1.803868579,-0.843094213,7.26));
#3846=CARTESIAN_POINT('',(1.803868579,-0.843094213,7.25));
#3847=CARTESIAN_POINT('',(2.110238432,-0.875531159,7.26));
#3848=CARTESIAN_POINT('',(2.110238432,-0.875531159,7.25));
#3849=CARTESIAN_POINT('',(2.198713826,-0.986125402,7.26));
#3850=CARTESIAN_POINT('',(2.198713826,-0.986125402,7.25));
#3851=ADVANCED_FACE('',(#3852),#3871,.T.);
#3852=FACE_BOUND('',#3853,.T.);
#3853=EDGE_LOOP('',(#3854,#3855,#3856,#3865));
#3854=ORIENTED_EDGE('',*,*,#784,.F.);
#3855=ORIENTED_EDGE('',*,*,#3831,.F.);
#3856=ORIENTED_EDGE('',*,*,#3857,.T.);
#3857=EDGE_CURVE('',#3809,#3858,#3860,.T.);
#3858=VERTEX_POINT('',#3859);
#3859=CARTESIAN_POINT('',(2.198713826,-0.899951768,7.26));
#3860=B_SPLINE_CURVE_WITH_KNOTS('',3,(#3861,#3862,#3863,#3864),.UNSPECIFIED.,.F.,.U.,(4,4),(0.558850231,0.580207516),.PIECEWISE_BEZIER_KNOTS.);
#3861=CARTESIAN_POINT('',(2.198713826,-0.986125402,7.26));
#3862=CARTESIAN_POINT('',(2.198713826,-0.957400857,7.26));
#3863=CARTESIAN_POINT('',(2.198713826,-0.928676313,7.26));
#3864=CARTESIAN_POINT('',(2.198713826,-0.899951768,7.26));
#3865=ORIENTED_EDGE('',*,*,#3866,.T.);
#3866=EDGE_CURVE('',#3858,#701,#3867,.T.);
#3867=LINE('',#3868,#3869);
#3868=CARTESIAN_POINT('',(2.198713826,-0.899951768,7.26));
#3869=VECTOR('',#3870,1.0);
#3870=DIRECTION('',(0.0,0.0,-1.0));
#3871=PLANE('',#3872);
#3872=AXIS2_PLACEMENT_3D('',#3873,#3874,#3875);
#3873=CARTESIAN_POINT('',(2.198713826,-0.986125402,7.26));
#3874=DIRECTION('',(-1.0,0.0,0.0));
#3875=DIRECTION('',(0.0,0.0,1.0));
#3876=ADVANCED_FACE('',(#3877),#3939,.T.);
#3877=FACE_BOUND('',#3878,.T.);
#3878=EDGE_LOOP('',(#3879,#3906,#3913,#3938));
#3879=ORIENTED_EDGE('',*,*,#3880,.T.);
#3880=EDGE_CURVE('',#3881,#3881,#3883,.T.);
#3881=VERTEX_POINT('',#3882);
#3882=CARTESIAN_POINT('',(1.810932476,-1.238215434,7.26));
#3883=B_SPLINE_CURVE_WITH_KNOTS('',3,(#3884,#3885,#3886,#3887,#3888,#3889,#3890,#3891,#3892,#3893,#3894,#3895,#3896,#3897,#3898,#3899,#3900,#3901,#3902,#3903,#3904,#3905),.UNSPECIFIED.,.T.,.U.,(1,3,2,2,3,2,3,3,3,3,1),(-0.139356591,0.0,0.1196296,0.2392592,0.360296208,0.506488056,0.64641454,0.754586018,0.860643409,1.0,1.1196296),.UNSPECIFIED.);
#3884=CARTESIAN_POINT('',(1.810932476,-1.238215434,7.26));
#3885=CARTESIAN_POINT('',(1.810932476,-1.330819936,7.26));
#3886=CARTESIAN_POINT('',(1.828938907,-1.397700965,7.26));
#3887=CARTESIAN_POINT('',(1.902250804,-1.482588424,7.26));
#3888=CARTESIAN_POINT('',(1.948553055,-1.503810289,7.26));
#3889=CARTESIAN_POINT('',(2.0585209,-1.503810289,7.26));
#3890=CARTESIAN_POINT('',(2.104180064,-1.482588424,7.26));
#3891=CARTESIAN_POINT('',(2.140836013,-1.440787781,7.26));
#3892=CARTESIAN_POINT('',(2.178090306,-1.398304816,7.26));
#3893=CARTESIAN_POINT('',(2.196784566,-1.332106109,7.26));
#3894=CARTESIAN_POINT('',(2.196784566,-1.155900322,7.26));
#3895=CARTESIAN_POINT('',(2.177491961,-1.09159164,7.26));
#3896=CARTESIAN_POINT('',(2.139549839,-1.04721865,7.26));
#3897=CARTESIAN_POINT('',(2.101925359,-1.003217139,7.26));
#3898=CARTESIAN_POINT('',(2.055305466,-0.982266881,7.26));
#3899=CARTESIAN_POINT('',(2.001286174,-0.981623794,7.26));
#3900=CARTESIAN_POINT('',(1.948568182,-0.980996199,7.26));
#3901=CARTESIAN_POINT('',(1.903536977,-1.003488746,7.26));
#3902=CARTESIAN_POINT('',(1.866237942,-1.046575563,7.26));
#3903=CARTESIAN_POINT('',(1.829214387,-1.089344153,7.26));
#3904=CARTESIAN_POINT('',(1.810932476,-1.153327974,7.26));
#3905=CARTESIAN_POINT('',(1.810932476,-1.238215434,7.26));
#3906=ORIENTED_EDGE('',*,*,#3907,.T.);
#3907=EDGE_CURVE('',#3881,#3908,#3910,.T.);
#3908=VERTEX_POINT('',#3909);
#3909=CARTESIAN_POINT('',(1.810932476,-1.238215434,7.25));
#3910=B_SPLINE_CURVE_WITH_KNOTS('',1,(#3911,#3912),.UNSPECIFIED.,.F.,.U.,(2,2),(0.0,1.0),.PIECEWISE_BEZIER_KNOTS.);
#3911=CARTESIAN_POINT('',(1.810932476,-1.238215434,7.26));
#3912=CARTESIAN_POINT('',(1.810932476,-1.238215434,7.25));
#3913=ORIENTED_EDGE('',*,*,#3914,.T.);
#3914=EDGE_CURVE('',#3908,#3908,#3915,.F.);
#3915=B_SPLINE_CURVE_WITH_KNOTS('',3,(#3916,#3917,#3918,#3919,#3920,#3921,#3922,#3923,#3924,#3925,#3926,#3927,#3928,#3929,#3930,#3931,#3932,#3933,#3934,#3935,#3936,#3937),.UNSPECIFIED.,.T.,.U.,(1,3,2,2,3,2,3,3,3,3,1),(-0.139356591,0.0,0.1196296,0.2392592,0.360296208,0.506488056,0.64641454,0.754586018,0.860643409,1.0,1.1196296),.UNSPECIFIED.);
#3916=CARTESIAN_POINT('',(1.810932476,-1.238215434,7.25));
#3917=CARTESIAN_POINT('',(1.810932476,-1.330819936,7.25));
#3918=CARTESIAN_POINT('',(1.828938907,-1.397700965,7.25));
#3919=CARTESIAN_POINT('',(1.902250804,-1.482588424,7.25));
#3920=CARTESIAN_POINT('',(1.948553055,-1.503810289,7.25));
#3921=CARTESIAN_POINT('',(2.0585209,-1.503810289,7.25));
#3922=CARTESIAN_POINT('',(2.104180064,-1.482588424,7.25));
#3923=CARTESIAN_POINT('',(2.140836013,-1.440787781,7.25));
#3924=CARTESIAN_POINT('',(2.178090306,-1.398304816,7.25));
#3925=CARTESIAN_POINT('',(2.196784566,-1.332106109,7.25));
#3926=CARTESIAN_POINT('',(2.196784566,-1.155900322,7.25));
#3927=CARTESIAN_POINT('',(2.177491961,-1.09159164,7.25));
#3928=CARTESIAN_POINT('',(2.139549839,-1.04721865,7.25));
#3929=CARTESIAN_POINT('',(2.101925359,-1.003217139,7.25));
#3930=CARTESIAN_POINT('',(2.055305466,-0.982266881,7.25));
#3931=CARTESIAN_POINT('',(2.001286174,-0.981623794,7.25));
#3932=CARTESIAN_POINT('',(1.948568182,-0.980996199,7.25));
#3933=CARTESIAN_POINT('',(1.903536977,-1.003488746,7.25));
#3934=CARTESIAN_POINT('',(1.866237942,-1.046575563,7.25));
#3935=CARTESIAN_POINT('',(1.829214387,-1.089344153,7.25));
#3936=CARTESIAN_POINT('',(1.810932476,-1.153327974,7.25));
#3937=CARTESIAN_POINT('',(1.810932476,-1.238215434,7.25));
#3938=ORIENTED_EDGE('',*,*,#3907,.F.);
#3939=B_SPLINE_SURFACE_WITH_KNOTS('',3,1,((#3940,#3941),(#3942,#3943),(#3944,#3945),(#3946,#3947),(#3948,#3949),(#3950,#3951),(#3952,#3953),(#3954,#3955),(#3956,#3957),(#3958,#3959),(#3960,#3961),(#3962,#3963),(#3964,#3965)),.UNSPECIFIED.,.T.,.F.,.U.,(1,1,1,1,1,1,1,1,1,1,1,1,1,1,1,1,1),(2,2),(-0.251582888,-0.144967906,-0.072483953,0.0,0.085570349,0.171140699,0.342281397,0.48674464,0.558976261,0.631207883,0.748417112,0.855032094,0.927516047,1.0,1.085570349,1.171140699,1.342281397),(0.0,1.0),.UNSPECIFIED.);
#3940=CARTESIAN_POINT('',(1.82176083,-1.117299985,7.26));
#3941=CARTESIAN_POINT('',(1.82176083,-1.117299985,7.25));
#3942=CARTESIAN_POINT('',(1.803869507,-1.238210113,7.26));
#3943=CARTESIAN_POINT('',(1.803869507,-1.238210113,7.25));
#3944=CARTESIAN_POINT('',(1.829283719,-1.416324449,7.26));
#3945=CARTESIAN_POINT('',(1.829283719,-1.416324449,7.25));
#3946=CARTESIAN_POINT('',(1.941172312,-1.519336077,7.26));
#3947=CARTESIAN_POINT('',(1.941172312,-1.519336077,7.25));
#3948=CARTESIAN_POINT('',(2.142753138,-1.493585565,7.26));
#3949=CARTESIAN_POINT('',(2.142753138,-1.493585565,7.25));
#3950=CARTESIAN_POINT('',(2.202689503,-1.327476395,7.26));
#3951=CARTESIAN_POINT('',(2.202689503,-1.327476395,7.25));
#3952=CARTESIAN_POINT('',(2.193069743,-1.14585176,7.26));
#3953=CARTESIAN_POINT('',(2.193069743,-1.14585176,7.25));
#3954=CARTESIAN_POINT('',(2.152512575,-1.042044627,7.26));
#3955=CARTESIAN_POINT('',(2.152512575,-1.042044627,7.25));
#3956=CARTESIAN_POINT('',(2.018207365,-0.9515444,7.26));
#3957=CARTESIAN_POINT('',(2.018207365,-0.9515444,7.25));
#3958=CARTESIAN_POINT('',(1.869567502,-1.023301133,7.26));
#3959=CARTESIAN_POINT('',(1.869567502,-1.023301133,7.25));
#3960=CARTESIAN_POINT('',(1.82176083,-1.117299985,7.26));
#3961=CARTESIAN_POINT('',(1.82176083,-1.117299985,7.25));
#3962=CARTESIAN_POINT('',(1.803869507,-1.238210113,7.26));
#3963=CARTESIAN_POINT('',(1.803869507,-1.238210113,7.25));
#3964=CARTESIAN_POINT('',(1.829283719,-1.416324449,7.26));
#3965=CARTESIAN_POINT('',(1.829283719,-1.416324449,7.25));
#3966=ADVANCED_FACE('',(#3967),#3979,.T.);
#3967=FACE_BOUND('',#3968,.T.);
#3968=EDGE_LOOP('',(#3969,#3970,#3971,#3978));
#3969=ORIENTED_EDGE('',*,*,#700,.F.);
#3970=ORIENTED_EDGE('',*,*,#3866,.F.);
#3971=ORIENTED_EDGE('',*,*,#3972,.T.);
#3972=EDGE_CURVE('',#3858,#3675,#3973,.T.);
#3973=B_SPLINE_CURVE_WITH_KNOTS('',3,(#3974,#3975,#3976,#3977),.UNSPECIFIED.,.F.,.U.,(4,4),(0.580207516,0.606665047),.PIECEWISE_BEZIER_KNOTS.);
#3974=CARTESIAN_POINT('',(2.198713826,-0.899951768,7.26));
#3975=CARTESIAN_POINT('',(2.234297964,-0.899951768,7.26));
#3976=CARTESIAN_POINT('',(2.269882101,-0.899951768,7.26));
#3977=CARTESIAN_POINT('',(2.305466238,-0.899951768,7.26));
#3978=ORIENTED_EDGE('',*,*,#3674,.F.);
#3979=PLANE('',#3980);
#3980=AXIS2_PLACEMENT_3D('',#3981,#3982,#3983);
#3981=CARTESIAN_POINT('',(2.198713826,-0.899951768,7.26));
#3982=DIRECTION('',(0.0,1.0,0.0));
#3983=DIRECTION('',(0.0,0.0,1.0));
#3984=ADVANCED_FACE('',(#3985,#3988),#3996,.T.);
#3985=FACE_BOUND('',#3986,.T.);
#3986=EDGE_LOOP('',(#3987));
#3987=ORIENTED_EDGE('',*,*,#3880,.F.);
#3988=FACE_BOUND('',#3989,.T.);
#3989=EDGE_LOOP('',(#3990,#3991,#3992,#3993,#3994,#3995));
#3990=ORIENTED_EDGE('',*,*,#3682,.F.);
#3991=ORIENTED_EDGE('',*,*,#3972,.F.);
#3992=ORIENTED_EDGE('',*,*,#3857,.F.);
#3993=ORIENTED_EDGE('',*,*,#3808,.F.);
#3994=ORIENTED_EDGE('',*,*,#3763,.F.);
#3995=ORIENTED_EDGE('',*,*,#3738,.F.);
#3996=PLANE('',#3997);
#3997=AXIS2_PLACEMENT_3D('',#3998,#3999,#4000);
#3998=CARTESIAN_POINT('',(2.284319257,-1.705510012,7.26));
#3999=DIRECTION('',(0.0,0.0,1.0));
#4000=DIRECTION('',(1.0,0.0,0.0));
#4001=ADVANCED_FACE('',(#4002),#4005,.F.);
#4002=FACE_BOUND('',#4003,.T.);
#4003=EDGE_LOOP('',(#4004));
#4004=ORIENTED_EDGE('',*,*,#3914,.F.);
#4005=PLANE('',#4006);
#4006=AXIS2_PLACEMENT_3D('',#4007,#4008,#4009);
#4007=CARTESIAN_POINT('',(0.0,0.0,7.25));
#4008=DIRECTION('',(0.0,0.0,-1.0));
#4009=DIRECTION('',(-1.0,0.0,0.0));
#4010=ADVANCED_FACE('',(#4011),#4040,.T.);
#4011=FACE_BOUND('',#4012,.T.);
#4012=EDGE_LOOP('',(#4013,#4014,#4022,#4034));
#4013=ORIENTED_EDGE('',*,*,#804,.F.);
#4014=ORIENTED_EDGE('',*,*,#4015,.T.);
#4015=EDGE_CURVE('',#796,#4016,#4018,.F.);
#4016=VERTEX_POINT('',#4017);
#4017=CARTESIAN_POINT('',(1.677512796,1.223483766,7.26));
#4018=LINE('',#4019,#4020);
#4019=CARTESIAN_POINT('',(1.677512796,1.223483766,7.26));
#4020=VECTOR('',#4021,1.0);
#4021=DIRECTION('',(0.0,0.0,-1.0));
#4022=ORIENTED_EDGE('',*,*,#4023,.T.);
#4023=EDGE_CURVE('',#4016,#4024,#4026,.T.);
#4024=VERTEX_POINT('',#4025);
#4025=CARTESIAN_POINT('',(2.09781557,1.223483766,7.26));
#4026=B_SPLINE_CURVE_WITH_KNOTS('',3,(#4027,#4028,#4029,#4030,#4031,#4032,#4033),.UNSPECIFIED.,.F.,.U.,(4,3,4),(0.0,0.1,0.2),.PIECEWISE_BEZIER_KNOTS.);
#4027=CARTESIAN_POINT('',(1.677512796,1.223483766,7.26));
#4028=CARTESIAN_POINT('',(1.692465645,1.326131617,7.26));
#4029=CARTESIAN_POINT('',(1.780852416,1.404966656,7.26));
#4030=CARTESIAN_POINT('',(1.88765088,1.404966656,7.26));
#4031=CARTESIAN_POINT('',(1.99447595,1.404966656,7.26));
#4032=CARTESIAN_POINT('',(2.082862721,1.326131617,7.26));
#4033=CARTESIAN_POINT('',(2.09781557,1.223483766,7.26));
#4034=ORIENTED_EDGE('',*,*,#4035,.T.);
#4035=EDGE_CURVE('',#4024,#805,#4036,.T.);
#4036=LINE('',#4037,#4038);
#4037=CARTESIAN_POINT('',(2.09781557,1.223483766,7.26));
#4038=VECTOR('',#4039,1.0);
#4039=DIRECTION('',(0.0,0.0,-1.0));
#4040=B_SPLINE_SURFACE_WITH_KNOTS('',3,1,((#4041,#4042),(#4043,#4044),(#4045,#4046),(#4047,#4048),(#4049,#4050)),.UNSPECIFIED.,.F.,.F.,.U.,(4,1,4),(2,2),(0.0,0.1,0.2),(0.0,1.0),.UNSPECIFIED.);
#4041=CARTESIAN_POINT('',(1.677512796,1.223483766,7.26));
#4042=CARTESIAN_POINT('',(1.677512796,1.223483766,7.25));
#4043=CARTESIAN_POINT('',(1.692465645,1.326131617,7.26));
#4044=CARTESIAN_POINT('',(1.692465645,1.326131617,7.25));
#4045=CARTESIAN_POINT('',(1.887637577,1.483801696,7.26));
#4046=CARTESIAN_POINT('',(1.887637577,1.483801696,7.25));
#4047=CARTESIAN_POINT('',(2.082862721,1.326131617,7.26));
#4048=CARTESIAN_POINT('',(2.082862721,1.326131617,7.25));
#4049=CARTESIAN_POINT('',(2.09781557,1.223483766,7.26));
#4050=CARTESIAN_POINT('',(2.09781557,1.223483766,7.25));
#4051=ADVANCED_FACE('',(#4052),#4071,.T.);
#4052=FACE_BOUND('',#4053,.T.);
#4053=EDGE_LOOP('',(#4054,#4055,#4056,#4065));
#4054=ORIENTED_EDGE('',*,*,#816,.F.);
#4055=ORIENTED_EDGE('',*,*,#4035,.F.);
#4056=ORIENTED_EDGE('',*,*,#4057,.T.);
#4057=EDGE_CURVE('',#4024,#4058,#4060,.T.);
#4058=VERTEX_POINT('',#4059);
#4059=CARTESIAN_POINT('',(3.089200117,1.223483766,7.26));
#4060=B_SPLINE_CURVE_WITH_KNOTS('',3,(#4061,#4062,#4063,#4064),.UNSPECIFIED.,.F.,.U.,(4,4),(0.2,0.3),.PIECEWISE_BEZIER_KNOTS.);
#4061=CARTESIAN_POINT('',(2.09781557,1.223483766,7.26));
#4062=CARTESIAN_POINT('',(2.196954025,1.223483766,7.26));
#4063=CARTESIAN_POINT('',(2.999975508,1.223483766,7.26));
#4064=CARTESIAN_POINT('',(3.089200117,1.223483766,7.26));
#4065=ORIENTED_EDGE('',*,*,#4066,.T.);
#4066=EDGE_CURVE('',#4058,#817,#4067,.T.);
#4067=LINE('',#4068,#4069);
#4068=CARTESIAN_POINT('',(3.089200117,1.223483766,7.26));
#4069=VECTOR('',#4070,1.0);
#4070=DIRECTION('',(0.0,0.0,-1.0));
#4071=PLANE('',#4072);
#4072=AXIS2_PLACEMENT_3D('',#4073,#4074,#4075);
#4073=CARTESIAN_POINT('',(2.09781557,1.223483766,7.26));
#4074=DIRECTION('',(-2.187248482E-16,1.0,0.0));
#4075=DIRECTION('',(-1.0,-2.187248482E-16,0.0));
#4076=ADVANCED_FACE('',(#4077),#4096,.T.);
#4077=FACE_BOUND('',#4078,.T.);
#4078=EDGE_LOOP('',(#4079,#4080,#4081,#4090));
#4079=ORIENTED_EDGE('',*,*,#825,.F.);
#4080=ORIENTED_EDGE('',*,*,#4066,.F.);
#4081=ORIENTED_EDGE('',*,*,#4082,.T.);
#4082=EDGE_CURVE('',#4058,#4083,#4085,.T.);
#4083=VERTEX_POINT('',#4084);
#4084=CARTESIAN_POINT('',(3.089200117,1.161676882,7.26));
#4085=B_SPLINE_CURVE_WITH_KNOTS('',3,(#4086,#4087,#4088,#4089),.UNSPECIFIED.,.F.,.U.,(4,4),(0.3,0.4),.PIECEWISE_BEZIER_KNOTS.);
#4086=CARTESIAN_POINT('',(3.089200117,1.223483766,7.26));
#4087=CARTESIAN_POINT('',(3.089200117,1.217303077,7.26));
#4088=CARTESIAN_POINT('',(3.089200117,1.167239501,7.26));
#4089=CARTESIAN_POINT('',(3.089200117,1.161676882,7.26));
#4090=ORIENTED_EDGE('',*,*,#4091,.T.);
#4091=EDGE_CURVE('',#4083,#826,#4092,.T.);
#4092=LINE('',#4093,#4094);
#4093=CARTESIAN_POINT('',(3.089200117,1.161676882,7.26));
#4094=VECTOR('',#4095,1.0);
#4095=DIRECTION('',(0.0,0.0,-1.0));
#4096=PLANE('',#4097);
#4097=AXIS2_PLACEMENT_3D('',#4098,#4099,#4100);
#4098=CARTESIAN_POINT('',(3.089200117,1.223483766,7.26));
#4099=DIRECTION('',(1.0,0.0,0.0));
#4100=DIRECTION('',(0.0,0.0,-1.0));
#4101=ADVANCED_FACE('',(#4102),#4121,.T.);
#4102=FACE_BOUND('',#4103,.T.);
#4103=EDGE_LOOP('',(#4104,#4105,#4106,#4115));
#4104=ORIENTED_EDGE('',*,*,#834,.F.);
#4105=ORIENTED_EDGE('',*,*,#4091,.F.);
#4106=ORIENTED_EDGE('',*,*,#4107,.T.);
#4107=EDGE_CURVE('',#4083,#4108,#4110,.T.);
#4108=VERTEX_POINT('',#4109);
#4109=CARTESIAN_POINT('',(2.09781557,1.161676882,7.26));
#4110=B_SPLINE_CURVE_WITH_KNOTS('',3,(#4111,#4112,#4113,#4114),.UNSPECIFIED.,.F.,.U.,(4,4),(0.4,0.5),.PIECEWISE_BEZIER_KNOTS.);
#4111=CARTESIAN_POINT('',(3.089200117,1.161676882,7.26));
#4112=CARTESIAN_POINT('',(2.990061662,1.161676882,7.26));
#4113=CARTESIAN_POINT('',(2.18704018,1.161676882,7.26));
#4114=CARTESIAN_POINT('',(2.09781557,1.161676882,7.26));
#4115=ORIENTED_EDGE('',*,*,#4116,.T.);
#4116=EDGE_CURVE('',#4108,#835,#4117,.T.);
#4117=LINE('',#4118,#4119);
#4118=CARTESIAN_POINT('',(2.09781557,1.161676882,7.26));
#4119=VECTOR('',#4120,1.0);
#4120=DIRECTION('',(0.0,0.0,-1.0));
#4121=PLANE('',#4122);
#4122=AXIS2_PLACEMENT_3D('',#4123,#4124,#4125);
#4123=CARTESIAN_POINT('',(3.089200117,1.161676882,7.26));
#4124=DIRECTION('',(2.187248482E-16,-1.0,0.0));
#4125=DIRECTION('',(1.0,2.187248482E-16,0.0));
#4126=ADVANCED_FACE('',(#4127),#4149,.T.);
#4127=FACE_BOUND('',#4128,.T.);
#4128=EDGE_LOOP('',(#4129,#4130,#4131,#4143));
#4129=ORIENTED_EDGE('',*,*,#843,.F.);
#4130=ORIENTED_EDGE('',*,*,#4116,.F.);
#4131=ORIENTED_EDGE('',*,*,#4132,.T.);
#4132=EDGE_CURVE('',#4108,#4133,#4135,.T.);
#4133=VERTEX_POINT('',#4134);
#4134=CARTESIAN_POINT('',(1.677512796,1.161676882,7.26));
#4135=B_SPLINE_CURVE_WITH_KNOTS('',3,(#4136,#4137,#4138,#4139,#4140,#4141,#4142),.UNSPECIFIED.,.F.,.U.,(4,3,4),(0.5,0.6,0.7),.PIECEWISE_BEZIER_KNOTS.);
#4136=CARTESIAN_POINT('',(2.09781557,1.161676882,7.26));
#4137=CARTESIAN_POINT('',(2.082862721,1.059029031,7.26));
#4138=CARTESIAN_POINT('',(1.99447595,0.980193991,7.26));
#4139=CARTESIAN_POINT('',(1.88765088,0.980193991,7.26));
#4140=CARTESIAN_POINT('',(1.780852416,0.980193991,7.26));
#4141=CARTESIAN_POINT('',(1.692465645,1.059029031,7.26));
#4142=CARTESIAN_POINT('',(1.677512796,1.161676882,7.26));
#4143=ORIENTED_EDGE('',*,*,#4144,.T.);
#4144=EDGE_CURVE('',#4133,#844,#4145,.T.);
#4145=LINE('',#4146,#4147);
#4146=CARTESIAN_POINT('',(1.677512796,1.161676882,7.26));
#4147=VECTOR('',#4148,1.0);
#4148=DIRECTION('',(0.0,0.0,-1.0));
#4149=B_SPLINE_SURFACE_WITH_KNOTS('',3,1,((#4150,#4151),(#4152,#4153),(#4154,#4155),(#4156,#4157),(#4158,#4159)),.UNSPECIFIED.,.F.,.F.,.U.,(4,1,4),(2,2),(0.5,0.6,0.7),(0.0,1.0),.UNSPECIFIED.);
#4150=CARTESIAN_POINT('',(2.09781557,1.161676882,7.26));
#4151=CARTESIAN_POINT('',(2.09781557,1.161676882,7.25));
#4152=CARTESIAN_POINT('',(2.082862721,1.059029031,7.26));
#4153=CARTESIAN_POINT('',(2.082862721,1.059029031,7.25));
#4154=CARTESIAN_POINT('',(1.887637577,0.901358951,7.26));
#4155=CARTESIAN_POINT('',(1.887637577,0.901358951,7.25));
#4156=CARTESIAN_POINT('',(1.692465645,1.059029031,7.26));
#4157=CARTESIAN_POINT('',(1.692465645,1.059029031,7.25));
#4158=CARTESIAN_POINT('',(1.677512796,1.161676882,7.26));
#4159=CARTESIAN_POINT('',(1.677512796,1.161676882,7.25));
#4160=ADVANCED_FACE('',(#4161),#4180,.T.);
#4161=FACE_BOUND('',#4162,.T.);
#4162=EDGE_LOOP('',(#4163,#4164,#4165,#4174));
#4163=ORIENTED_EDGE('',*,*,#855,.F.);
#4164=ORIENTED_EDGE('',*,*,#4144,.F.);
#4165=ORIENTED_EDGE('',*,*,#4166,.T.);
#4166=EDGE_CURVE('',#4133,#4167,#4169,.T.);
#4167=VERTEX_POINT('',#4168);
#4168=CARTESIAN_POINT('',(0.367728344,1.161676882,7.26));
#4169=B_SPLINE_CURVE_WITH_KNOTS('',3,(#4170,#4171,#4172,#4173),.UNSPECIFIED.,.F.,.U.,(4,4),(0.7,0.8),.PIECEWISE_BEZIER_KNOTS.);
#4170=CARTESIAN_POINT('',(1.677512796,1.161676882,7.26));
#4171=CARTESIAN_POINT('',(1.546534351,1.161676882,7.26));
#4172=CARTESIAN_POINT('',(0.485608945,1.161676882,7.26));
#4173=CARTESIAN_POINT('',(0.367728344,1.161676882,7.26));
#4174=ORIENTED_EDGE('',*,*,#4175,.T.);
#4175=EDGE_CURVE('',#4167,#856,#4176,.T.);
#4176=LINE('',#4177,#4178);
#4177=CARTESIAN_POINT('',(0.367728344,1.161676882,7.26));
#4178=VECTOR('',#4179,1.0);
#4179=DIRECTION('',(0.0,0.0,-1.0));
#4180=PLANE('',#4181);
#4181=AXIS2_PLACEMENT_3D('',#4182,#4183,#4184);
#4182=CARTESIAN_POINT('',(1.677512796,1.161676882,7.26));
#4183=DIRECTION('',(1.655542896E-16,-1.0,0.0));
#4184=DIRECTION('',(1.0,1.655542896E-16,0.0));
#4185=ADVANCED_FACE('',(#4186),#4205,.T.);
#4186=FACE_BOUND('',#4187,.T.);
#4187=EDGE_LOOP('',(#4188,#4189,#4190,#4199));
#4188=ORIENTED_EDGE('',*,*,#864,.F.);
#4189=ORIENTED_EDGE('',*,*,#4175,.F.);
#4190=ORIENTED_EDGE('',*,*,#4191,.T.);
#4191=EDGE_CURVE('',#4167,#4192,#4194,.T.);
#4192=VERTEX_POINT('',#4193);
#4193=CARTESIAN_POINT('',(0.404392092,1.223616798,7.26));
#4194=B_SPLINE_CURVE_WITH_KNOTS('',3,(#4195,#4196,#4197,#4198),.UNSPECIFIED.,.F.,.U.,(4,4),(0.8,0.9),.PIECEWISE_BEZIER_KNOTS.);
#4195=CARTESIAN_POINT('',(0.367728344,1.161676882,7.26));
#4196=CARTESIAN_POINT('',(0.371394719,1.167870873,7.26));
#4197=CARTESIAN_POINT('',(0.401092354,1.218042206,7.26));
#4198=CARTESIAN_POINT('',(0.404392092,1.223616798,7.26));
#4199=ORIENTED_EDGE('',*,*,#4200,.T.);
#4200=EDGE_CURVE('',#4192,#794,#4201,.T.);
#4201=LINE('',#4202,#4203);
#4202=CARTESIAN_POINT('',(0.404392092,1.223616798,7.26));
#4203=VECTOR('',#4204,1.0);
#4204=DIRECTION('',(0.0,0.0,-1.0));
#4205=PLANE('',#4206);
#4206=AXIS2_PLACEMENT_3D('',#4207,#4208,#4209);
#4207=CARTESIAN_POINT('',(0.367728344,1.161676882,7.26));
#4208=DIRECTION('',(-0.860543616,0.509376762,0.0));
#4209=DIRECTION('',(-0.509376762,-0.860543616,0.0));
#4210=ADVANCED_FACE('',(#4211),#4255,.T.);
#4211=FACE_BOUND('',#4212,.T.);
#4212=EDGE_LOOP('',(#4213,#4231,#4238,#4254));
#4213=ORIENTED_EDGE('',*,*,#4214,.T.);
#4214=EDGE_CURVE('',#4215,#4215,#4217,.T.);
#4215=VERTEX_POINT('',#4216);
#4216=CARTESIAN_POINT('',(1.737058128,1.19256702,7.26));
#4217=B_SPLINE_CURVE_WITH_KNOTS('',3,(#4218,#4219,#4220,#4221,#4222,#4223,#4224,#4225,#4226,#4227,#4228,#4229,#4230),.UNSPECIFIED.,.T.,.U.,(1,3,3,3,3,3,1),(-0.25,0.0,0.25,0.5,0.75,1.0,1.25),.UNSPECIFIED.);
#4218=CARTESIAN_POINT('',(1.737058128,1.19256702,7.26));
#4219=CARTESIAN_POINT('',(1.737058128,1.109395122,7.26));
#4220=CARTESIAN_POINT('',(1.804478982,1.041974268,7.26));
#4221=CARTESIAN_POINT('',(1.88765088,1.041974268,7.26));
#4222=CARTESIAN_POINT('',(1.970849384,1.041974268,7.26));
#4223=CARTESIAN_POINT('',(2.038270238,1.109395122,7.26));
#4224=CARTESIAN_POINT('',(2.038270238,1.19256702,7.26));
#4225=CARTESIAN_POINT('',(2.038270238,1.275765525,7.26));
#4226=CARTESIAN_POINT('',(1.970849384,1.343186379,7.26));
#4227=CARTESIAN_POINT('',(1.88765088,1.343186379,7.26));
#4228=CARTESIAN_POINT('',(1.804478982,1.343186379,7.26));
#4229=CARTESIAN_POINT('',(1.737058128,1.275765525,7.26));
#4230=CARTESIAN_POINT('',(1.737058128,1.19256702,7.26));
#4231=ORIENTED_EDGE('',*,*,#4232,.T.);
#4232=EDGE_CURVE('',#4215,#4233,#4235,.T.);
#4233=VERTEX_POINT('',#4234);
#4234=CARTESIAN_POINT('',(1.737058128,1.19256702,7.25));
#4235=B_SPLINE_CURVE_WITH_KNOTS('',1,(#4236,#4237),.UNSPECIFIED.,.F.,.U.,(2,2),(0.0,1.0),.PIECEWISE_BEZIER_KNOTS.);
#4236=CARTESIAN_POINT('',(1.737058128,1.19256702,7.26));
#4237=CARTESIAN_POINT('',(1.737058128,1.19256702,7.25));
#4238=ORIENTED_EDGE('',*,*,#4239,.T.);
#4239=EDGE_CURVE('',#4233,#4233,#4240,.F.);
#4240=B_SPLINE_CURVE_WITH_KNOTS('',3,(#4241,#4242,#4243,#4244,#4245,#4246,#4247,#4248,#4249,#4250,#4251,#4252,#4253),.UNSPECIFIED.,.T.,.U.,(1,3,3,3,3,3,1),(-0.25,0.0,0.25,0.5,0.75,1.0,1.25),.UNSPECIFIED.);
#4241=CARTESIAN_POINT('',(1.737058128,1.19256702,7.25));
#4242=CARTESIAN_POINT('',(1.737058128,1.109395122,7.25));
#4243=CARTESIAN_POINT('',(1.804478982,1.041974268,7.25));
#4244=CARTESIAN_POINT('',(1.88765088,1.041974268,7.25));
#4245=CARTESIAN_POINT('',(1.970849384,1.041974268,7.25));
#4246=CARTESIAN_POINT('',(2.038270238,1.109395122,7.25));
#4247=CARTESIAN_POINT('',(2.038270238,1.19256702,7.25));
#4248=CARTESIAN_POINT('',(2.038270238,1.275765525,7.25));
#4249=CARTESIAN_POINT('',(1.970849384,1.343186379,7.25));
#4250=CARTESIAN_POINT('',(1.88765088,1.343186379,7.25));
#4251=CARTESIAN_POINT('',(1.804478982,1.343186379,7.25));
#4252=CARTESIAN_POINT('',(1.737058128,1.275765525,7.25));
#4253=CARTESIAN_POINT('',(1.737058128,1.19256702,7.25));
#4254=ORIENTED_EDGE('',*,*,#4232,.F.);
#4255=B_SPLINE_SURFACE_WITH_KNOTS('',3,1,((#4256,#4257),(#4258,#4259),(#4260,#4261),(#4262,#4263),(#4264,#4265),(#4266,#4267),(#4268,#4269)),.UNSPECIFIED.,.T.,.F.,.U.,(1,1,1,1,1,1,1,1,1,1,1),(2,2),(-0.7625,-0.513125,-0.26315625,0.0,0.2375,0.486875,0.73684375,1.0,1.2375,1.486875,1.73684375),(0.0,1.0),.UNSPECIFIED.);
#4256=CARTESIAN_POINT('',(1.902519149,1.422596443,7.26));
#4257=CARTESIAN_POINT('',(1.902519149,1.422596443,7.25));
#4258=CARTESIAN_POINT('',(1.661821243,1.201932529,7.26));
#4259=CARTESIAN_POINT('',(1.661821243,1.201932529,7.25));
#4260=CARTESIAN_POINT('',(1.873888474,0.971556775,7.26));
#4261=CARTESIAN_POINT('',(1.873888474,0.971556775,7.25));
#4262=CARTESIAN_POINT('',(2.112557203,1.173072319,7.26));
#4263=CARTESIAN_POINT('',(2.112557203,1.173072319,7.25));
#4264=CARTESIAN_POINT('',(1.902519149,1.422596443,7.26));
#4265=CARTESIAN_POINT('',(1.902519149,1.422596443,7.25));
#4266=CARTESIAN_POINT('',(1.661821243,1.201932529,7.26));
#4267=CARTESIAN_POINT('',(1.661821243,1.201932529,7.25));
#4268=CARTESIAN_POINT('',(1.873888474,0.971556775,7.26));
#4269=CARTESIAN_POINT('',(1.873888474,0.971556775,7.25));
#4270=ADVANCED_FACE('',(#4271),#4283,.T.);
#4271=FACE_BOUND('',#4272,.T.);
#4272=EDGE_LOOP('',(#4273,#4274,#4275,#4282));
#4273=ORIENTED_EDGE('',*,*,#793,.F.);
#4274=ORIENTED_EDGE('',*,*,#4200,.F.);
#4275=ORIENTED_EDGE('',*,*,#4276,.T.);
#4276=EDGE_CURVE('',#4192,#4016,#4277,.T.);
#4277=B_SPLINE_CURVE_WITH_KNOTS('',3,(#4278,#4279,#4280,#4281),.UNSPECIFIED.,.F.,.U.,(4,4),(0.9,1.0),.PIECEWISE_BEZIER_KNOTS.);
#4278=CARTESIAN_POINT('',(0.404392092,1.223616798,7.26));
#4279=CARTESIAN_POINT('',(0.531704162,1.223603495,7.26));
#4280=CARTESIAN_POINT('',(1.562931932,1.223495739,7.26));
#4281=CARTESIAN_POINT('',(1.677512796,1.223483766,7.26));
#4282=ORIENTED_EDGE('',*,*,#4015,.F.);
#4283=PLANE('',#4284);
#4284=AXIS2_PLACEMENT_3D('',#4285,#4286,#4287);
#4285=CARTESIAN_POINT('',(0.404392092,1.223616798,7.26));
#4286=DIRECTION('',(1.044932074E-04,0.999999995,0.0));
#4287=DIRECTION('',(-0.999999995,1.044932074E-04,0.0));
#4288=ADVANCED_FACE('',(#4289,#4292),#4302,.T.);
#4289=FACE_BOUND('',#4290,.T.);
#4290=EDGE_LOOP('',(#4291));
#4291=ORIENTED_EDGE('',*,*,#4214,.F.);
#4292=FACE_BOUND('',#4293,.T.);
#4293=EDGE_LOOP('',(#4294,#4295,#4296,#4297,#4298,#4299,#4300,#4301));
#4294=ORIENTED_EDGE('',*,*,#4023,.F.);
#4295=ORIENTED_EDGE('',*,*,#4276,.F.);
#4296=ORIENTED_EDGE('',*,*,#4191,.F.);
#4297=ORIENTED_EDGE('',*,*,#4166,.F.);
#4298=ORIENTED_EDGE('',*,*,#4132,.F.);
#4299=ORIENTED_EDGE('',*,*,#4107,.F.);
#4300=ORIENTED_EDGE('',*,*,#4082,.F.);
#4301=ORIENTED_EDGE('',*,*,#4057,.F.);
#4302=PLANE('',#4303);
#4303=AXIS2_PLACEMENT_3D('',#4304,#4305,#4306);
#4304=CARTESIAN_POINT('',(1.88765088,1.404966656,7.26));
#4305=DIRECTION('',(0.0,0.0,1.0));
#4306=DIRECTION('',(1.0,0.0,0.0));
#4307=ADVANCED_FACE('',(#4308),#4311,.F.);
#4308=FACE_BOUND('',#4309,.T.);
#4309=EDGE_LOOP('',(#4310));
#4310=ORIENTED_EDGE('',*,*,#4239,.F.);
#4311=PLANE('',#4312);
#4312=AXIS2_PLACEMENT_3D('',#4313,#4314,#4315);
#4313=CARTESIAN_POINT('',(0.0,0.0,7.25));
#4314=DIRECTION('',(0.0,0.0,-1.0));
#4315=DIRECTION('',(-1.0,0.0,0.0));
#4316=ADVANCED_FACE('',(#4317),#4346,.T.);
#4317=FACE_BOUND('',#4318,.T.);
#4318=EDGE_LOOP('',(#4319,#4320,#4328,#4340));
#4319=ORIENTED_EDGE('',*,*,#884,.F.);
#4320=ORIENTED_EDGE('',*,*,#4321,.T.);
#4321=EDGE_CURVE('',#876,#4322,#4324,.F.);
#4322=VERTEX_POINT('',#4323);
#4323=CARTESIAN_POINT('',(2.386921727,0.743289775,7.26));
#4324=LINE('',#4325,#4326);
#4325=CARTESIAN_POINT('',(2.386921727,0.743289775,7.26));
#4326=VECTOR('',#4327,1.0);
#4327=DIRECTION('',(0.0,0.0,-1.0));
#4328=ORIENTED_EDGE('',*,*,#4329,.T.);
#4329=EDGE_CURVE('',#4322,#4330,#4332,.T.);
#4330=VERTEX_POINT('',#4331);
#4331=CARTESIAN_POINT('',(2.807251108,0.743289775,7.26));
#4332=B_SPLINE_CURVE_WITH_KNOTS('',3,(#4333,#4334,#4335,#4336,#4337,#4338,#4339),.UNSPECIFIED.,.F.,.U.,(4,3,4),(0.0,0.1,0.2),.PIECEWISE_BEZIER_KNOTS.);
#4333=CARTESIAN_POINT('',(2.386921727,0.743289775,7.26));
#4334=CARTESIAN_POINT('',(2.401901182,0.845937626,7.26));
#4335=CARTESIAN_POINT('',(2.490287953,0.924772665,7.26));
#4336=CARTESIAN_POINT('',(2.597086417,0.924772665,7.26));
#4337=CARTESIAN_POINT('',(2.703884881,0.924772665,7.26));
#4338=CARTESIAN_POINT('',(2.792271652,0.845937626,7.26));
#4339=CARTESIAN_POINT('',(2.807251108,0.743289775,7.26));
#4340=ORIENTED_EDGE('',*,*,#4341,.T.);
#4341=EDGE_CURVE('',#4330,#885,#4342,.T.);
#4342=LINE('',#4343,#4344);
#4343=CARTESIAN_POINT('',(2.807251108,0.743289775,7.26));
#4344=VECTOR('',#4345,1.0);
#4345=DIRECTION('',(0.0,0.0,-1.0));
#4346=B_SPLINE_SURFACE_WITH_KNOTS('',3,1,((#4347,#4348),(#4349,#4350),(#4351,#4352),(#4353,#4354),(#4355,#4356)),.UNSPECIFIED.,.F.,.F.,.U.,(4,1,4),(2,2),(0.0,0.1,0.2),(0.0,1.0),.UNSPECIFIED.);
#4347=CARTESIAN_POINT('',(2.386921727,0.743289775,7.26));
#4348=CARTESIAN_POINT('',(2.386921727,0.743289775,7.25));
#4349=CARTESIAN_POINT('',(2.401901182,0.845937626,7.26));
#4350=CARTESIAN_POINT('',(2.401901182,0.845937626,7.25));
#4351=CARTESIAN_POINT('',(2.597086417,1.003607705,7.26));
#4352=CARTESIAN_POINT('',(2.597086417,1.003607705,7.25));
#4353=CARTESIAN_POINT('',(2.792271652,0.845937626,7.26));
#4354=CARTESIAN_POINT('',(2.792271652,0.845937626,7.25));
#4355=CARTESIAN_POINT('',(2.807251108,0.743289775,7.26));
#4356=CARTESIAN_POINT('',(2.807251108,0.743289775,7.25));
#4357=ADVANCED_FACE('',(#4358),#4377,.T.);
#4358=FACE_BOUND('',#4359,.T.);
#4359=EDGE_LOOP('',(#4360,#4361,#4362,#4371));
#4360=ORIENTED_EDGE('',*,*,#896,.F.);
#4361=ORIENTED_EDGE('',*,*,#4341,.F.);
#4362=ORIENTED_EDGE('',*,*,#4363,.T.);
#4363=EDGE_CURVE('',#4330,#4364,#4366,.T.);
#4364=VERTEX_POINT('',#4365);
#4365=CARTESIAN_POINT('',(3.089200117,0.743289775,7.26));
#4366=B_SPLINE_CURVE_WITH_KNOTS('',3,(#4367,#4368,#4369,#4370),.UNSPECIFIED.,.F.,.U.,(4,4),(0.2,0.3),.PIECEWISE_BEZIER_KNOTS.);
#4367=CARTESIAN_POINT('',(2.807251108,0.743289775,7.26));
#4368=CARTESIAN_POINT('',(2.835446009,0.743289775,7.26));
#4369=CARTESIAN_POINT('',(3.063824706,0.743289775,7.26));
#4370=CARTESIAN_POINT('',(3.089200117,0.743289775,7.26));
#4371=ORIENTED_EDGE('',*,*,#4372,.T.);
#4372=EDGE_CURVE('',#4364,#897,#4373,.T.);
#4373=LINE('',#4374,#4375);
#4374=CARTESIAN_POINT('',(3.089200117,0.743289775,7.26));
#4375=VECTOR('',#4376,1.0);
#4376=DIRECTION('',(0.0,0.0,-1.0));
#4377=PLANE('',#4378);
#4378=AXIS2_PLACEMENT_3D('',#4379,#4380,#4381);
#4379=CARTESIAN_POINT('',(2.807251108,0.743289775,7.26));
#4380=DIRECTION('',(0.0,1.0,0.0));
#4381=DIRECTION('',(0.0,0.0,1.0));
#4382=ADVANCED_FACE('',(#4383),#4402,.T.);
#4383=FACE_BOUND('',#4384,.T.);
#4384=EDGE_LOOP('',(#4385,#4386,#4387,#4396));
#4385=ORIENTED_EDGE('',*,*,#905,.F.);
#4386=ORIENTED_EDGE('',*,*,#4372,.F.);
#4387=ORIENTED_EDGE('',*,*,#4388,.T.);
#4388=EDGE_CURVE('',#4364,#4389,#4391,.T.);
#4389=VERTEX_POINT('',#4390);
#4390=CARTESIAN_POINT('',(3.089200117,0.681482891,7.26));
#4391=B_SPLINE_CURVE_WITH_KNOTS('',3,(#4392,#4393,#4394,#4395),.UNSPECIFIED.,.F.,.U.,(4,4),(0.3,0.4),.PIECEWISE_BEZIER_KNOTS.);
#4392=CARTESIAN_POINT('',(3.089200117,0.743289775,7.26));
#4393=CARTESIAN_POINT('',(3.089200117,0.737109086,7.26));
#4394=CARTESIAN_POINT('',(3.089200117,0.68704551,7.26));
#4395=CARTESIAN_POINT('',(3.089200117,0.681482891,7.26));
#4396=ORIENTED_EDGE('',*,*,#4397,.T.);
#4397=EDGE_CURVE('',#4389,#906,#4398,.T.);
#4398=LINE('',#4399,#4400);
#4399=CARTESIAN_POINT('',(3.089200117,0.681482891,7.26));
#4400=VECTOR('',#4401,1.0);
#4401=DIRECTION('',(0.0,0.0,-1.0));
#4402=PLANE('',#4403);
#4403=AXIS2_PLACEMENT_3D('',#4404,#4405,#4406);
#4404=CARTESIAN_POINT('',(3.089200117,0.743289775,7.26));
#4405=DIRECTION('',(1.0,0.0,0.0));
#4406=DIRECTION('',(0.0,0.0,-1.0));
#4407=ADVANCED_FACE('',(#4408),#4427,.T.);
#4408=FACE_BOUND('',#4409,.T.);
#4409=EDGE_LOOP('',(#4410,#4411,#4412,#4421));
#4410=ORIENTED_EDGE('',*,*,#914,.F.);
#4411=ORIENTED_EDGE('',*,*,#4397,.F.);
#4412=ORIENTED_EDGE('',*,*,#4413,.T.);
#4413=EDGE_CURVE('',#4389,#4414,#4416,.T.);
#4414=VERTEX_POINT('',#4415);
#4415=CARTESIAN_POINT('',(2.807251108,0.681482891,7.26));
#4416=B_SPLINE_CURVE_WITH_KNOTS('',3,(#4417,#4418,#4419,#4420),.UNSPECIFIED.,.F.,.U.,(4,4),(0.4,0.5),.PIECEWISE_BEZIER_KNOTS.);
#4417=CARTESIAN_POINT('',(3.089200117,0.681482891,7.26));
#4418=CARTESIAN_POINT('',(3.061005216,0.681482891,7.26));
#4419=CARTESIAN_POINT('',(2.832626518,0.681482891,7.26));
#4420=CARTESIAN_POINT('',(2.807251108,0.681482891,7.26));
#4421=ORIENTED_EDGE('',*,*,#4422,.T.);
#4422=EDGE_CURVE('',#4414,#915,#4423,.T.);
#4423=LINE('',#4424,#4425);
#4424=CARTESIAN_POINT('',(2.807251108,0.681482891,7.26));
#4425=VECTOR('',#4426,1.0);
#4426=DIRECTION('',(0.0,0.0,-1.0));
#4427=PLANE('',#4428);
#4428=AXIS2_PLACEMENT_3D('',#4429,#4430,#4431);
#4429=CARTESIAN_POINT('',(3.089200117,0.681482891,7.26));
#4430=DIRECTION('',(0.0,-1.0,0.0));
#4431=DIRECTION('',(0.0,0.0,-1.0));
#4432=ADVANCED_FACE('',(#4433),#4455,.T.);
#4433=FACE_BOUND('',#4434,.T.);
#4434=EDGE_LOOP('',(#4435,#4436,#4437,#4449));
#4435=ORIENTED_EDGE('',*,*,#923,.F.);
#4436=ORIENTED_EDGE('',*,*,#4422,.F.);
#4437=ORIENTED_EDGE('',*,*,#4438,.T.);
#4438=EDGE_CURVE('',#4414,#4439,#4441,.T.);
#4439=VERTEX_POINT('',#4440);
#4440=CARTESIAN_POINT('',(2.386921727,0.681482891,7.26));
#4441=B_SPLINE_CURVE_WITH_KNOTS('',3,(#4442,#4443,#4444,#4445,#4446,#4447,#4448),.UNSPECIFIED.,.F.,.U.,(4,3,4),(0.5,0.6,0.7),.PIECEWISE_BEZIER_KNOTS.);
#4442=CARTESIAN_POINT('',(2.807251108,0.681482891,7.26));
#4443=CARTESIAN_POINT('',(2.792271652,0.57883504,7.26));
#4444=CARTESIAN_POINT('',(2.703884881,0.5,7.26));
#4445=CARTESIAN_POINT('',(2.597086417,0.5,7.26));
#4446=CARTESIAN_POINT('',(2.490287953,0.5,7.26));
#4447=CARTESIAN_POINT('',(2.401901182,0.57883504,7.26));
#4448=CARTESIAN_POINT('',(2.386921727,0.681482891,7.26));
#4449=ORIENTED_EDGE('',*,*,#4450,.T.);
#4450=EDGE_CURVE('',#4439,#924,#4451,.T.);
#4451=LINE('',#4452,#4453);
#4452=CARTESIAN_POINT('',(2.386921727,0.681482891,7.26));
#4453=VECTOR('',#4454,1.0);
#4454=DIRECTION('',(0.0,0.0,-1.0));
#4455=B_SPLINE_SURFACE_WITH_KNOTS('',3,1,((#4456,#4457),(#4458,#4459),(#4460,#4461),(#4462,#4463),(#4464,#4465)),.UNSPECIFIED.,.F.,.F.,.U.,(4,1,4),(2,2),(0.5,0.6,0.7),(0.0,1.0),.UNSPECIFIED.);
#4456=CARTESIAN_POINT('',(2.807251108,0.681482891,7.26));
#4457=CARTESIAN_POINT('',(2.807251108,0.681482891,7.25));
#4458=CARTESIAN_POINT('',(2.792271652,0.57883504,7.26));
#4459=CARTESIAN_POINT('',(2.792271652,0.57883504,7.25));
#4460=CARTESIAN_POINT('',(2.597086417,0.42116496,7.26));
#4461=CARTESIAN_POINT('',(2.597086417,0.42116496,7.25));
#4462=CARTESIAN_POINT('',(2.401901182,0.57883504,7.26));
#4463=CARTESIAN_POINT('',(2.401901182,0.57883504,7.25));
#4464=CARTESIAN_POINT('',(2.386921727,0.681482891,7.26));
#4465=CARTESIAN_POINT('',(2.386921727,0.681482891,7.25));
#4466=ADVANCED_FACE('',(#4467),#4486,.T.);
#4467=FACE_BOUND('',#4468,.T.);
#4468=EDGE_LOOP('',(#4469,#4470,#4471,#4480));
#4469=ORIENTED_EDGE('',*,*,#935,.F.);
#4470=ORIENTED_EDGE('',*,*,#4450,.F.);
#4471=ORIENTED_EDGE('',*,*,#4472,.T.);
#4472=EDGE_CURVE('',#4439,#4473,#4475,.T.);
#4473=VERTEX_POINT('',#4474);
#4474=CARTESIAN_POINT('',(-3.089200117,0.681482891,7.26));
#4475=B_SPLINE_CURVE_WITH_KNOTS('',3,(#4476,#4477,#4478,#4479),.UNSPECIFIED.,.F.,.U.,(4,4),(0.7,0.8),.PIECEWISE_BEZIER_KNOTS.);
#4476=CARTESIAN_POINT('',(2.386921727,0.681482891,7.26));
#4477=CARTESIAN_POINT('',(1.839309542,0.681482891,7.26));
#4478=CARTESIAN_POINT('',(-2.596349151,0.681482891,7.26));
#4479=CARTESIAN_POINT('',(-3.089200117,0.681482891,7.26));
#4480=ORIENTED_EDGE('',*,*,#4481,.T.);
#4481=EDGE_CURVE('',#4473,#936,#4482,.T.);
#4482=LINE('',#4483,#4484);
#4483=CARTESIAN_POINT('',(-3.089200117,0.681482891,7.26));
#4484=VECTOR('',#4485,1.0);
#4485=DIRECTION('',(0.0,0.0,-1.0));
#4486=PLANE('',#4487);
#4487=AXIS2_PLACEMENT_3D('',#4488,#4489,#4490);
#4488=CARTESIAN_POINT('',(2.386921727,0.681482891,7.26));
#4489=DIRECTION('',(0.0,-1.0,0.0));
#4490=DIRECTION('',(0.0,0.0,-1.0));
#4491=ADVANCED_FACE('',(#4492),#4511,.T.);
#4492=FACE_BOUND('',#4493,.T.);
#4493=EDGE_LOOP('',(#4494,#4495,#4496,#4505));
#4494=ORIENTED_EDGE('',*,*,#944,.F.);
#4495=ORIENTED_EDGE('',*,*,#4481,.F.);
#4496=ORIENTED_EDGE('',*,*,#4497,.T.);
#4497=EDGE_CURVE('',#4473,#4498,#4500,.T.);
#4498=VERTEX_POINT('',#4499);
#4499=CARTESIAN_POINT('',(-3.089200117,0.743289775,7.26));
#4500=B_SPLINE_CURVE_WITH_KNOTS('',3,(#4501,#4502,#4503,#4504),.UNSPECIFIED.,.F.,.U.,(4,4),(0.8,0.9),.PIECEWISE_BEZIER_KNOTS.);
#4501=CARTESIAN_POINT('',(-3.089200117,0.681482891,7.26));
#4502=CARTESIAN_POINT('',(-3.089200117,0.687663579,7.26));
#4503=CARTESIAN_POINT('',(-3.089200117,0.737727155,7.26));
#4504=CARTESIAN_POINT('',(-3.089200117,0.743289775,7.26));
#4505=ORIENTED_EDGE('',*,*,#4506,.T.);
#4506=EDGE_CURVE('',#4498,#874,#4507,.T.);
#4507=LINE('',#4508,#4509);
#4508=CARTESIAN_POINT('',(-3.089200117,0.743289775,7.26));
#4509=VECTOR('',#4510,1.0);
#4510=DIRECTION('',(0.0,0.0,-1.0));
#4511=PLANE('',#4512);
#4512=AXIS2_PLACEMENT_3D('',#4513,#4514,#4515);
#4513=CARTESIAN_POINT('',(-3.089200117,0.681482891,7.26));
#4514=DIRECTION('',(-1.0,0.0,0.0));
#4515=DIRECTION('',(0.0,0.0,1.0));
#4516=ADVANCED_FACE('',(#4517),#4561,.T.);
#4517=FACE_BOUND('',#4518,.T.);
#4518=EDGE_LOOP('',(#4519,#4537,#4544,#4560));
#4519=ORIENTED_EDGE('',*,*,#4520,.T.);
#4520=EDGE_CURVE('',#4521,#4521,#4523,.T.);
#4521=VERTEX_POINT('',#4522);
#4522=CARTESIAN_POINT('',(2.446493665,0.712373029,7.26));
#4523=B_SPLINE_CURVE_WITH_KNOTS('',3,(#4524,#4525,#4526,#4527,#4528,#4529,#4530,#4531,#4532,#4533,#4534,#4535,#4536),.UNSPECIFIED.,.T.,.U.,(1,3,3,3,3,3,1),(-0.25,0.0,0.25,0.5,0.75,1.0,1.25),.UNSPECIFIED.);
#4524=CARTESIAN_POINT('',(2.446493665,0.712373029,7.26));
#4525=CARTESIAN_POINT('',(2.446493665,0.629201131,7.26));
#4526=CARTESIAN_POINT('',(2.513914519,0.561780277,7.26));
#4527=CARTESIAN_POINT('',(2.597086417,0.561780277,7.26));
#4528=CARTESIAN_POINT('',(2.680258315,0.561780277,7.26));
#4529=CARTESIAN_POINT('',(2.747679169,0.629201131,7.26));
#4530=CARTESIAN_POINT('',(2.747679169,0.712373029,7.26));
#4531=CARTESIAN_POINT('',(2.747679169,0.795571534,7.26));
#4532=CARTESIAN_POINT('',(2.680258315,0.862992388,7.26));
#4533=CARTESIAN_POINT('',(2.597086417,0.862992388,7.26));
#4534=CARTESIAN_POINT('',(2.513914519,0.862992388,7.26));
#4535=CARTESIAN_POINT('',(2.446493665,0.795571534,7.26));
#4536=CARTESIAN_POINT('',(2.446493665,0.712373029,7.26));
#4537=ORIENTED_EDGE('',*,*,#4538,.T.);
#4538=EDGE_CURVE('',#4521,#4539,#4541,.T.);
#4539=VERTEX_POINT('',#4540);
#4540=CARTESIAN_POINT('',(2.446493665,0.712373029,7.25));
#4541=B_SPLINE_CURVE_WITH_KNOTS('',1,(#4542,#4543),.UNSPECIFIED.,.F.,.U.,(2,2),(0.0,1.0),.PIECEWISE_BEZIER_KNOTS.);
#4542=CARTESIAN_POINT('',(2.446493665,0.712373029,7.26));
#4543=CARTESIAN_POINT('',(2.446493665,0.712373029,7.25));
#4544=ORIENTED_EDGE('',*,*,#4545,.T.);
#4545=EDGE_CURVE('',#4539,#4539,#4546,.F.);
#4546=B_SPLINE_CURVE_WITH_KNOTS('',3,(#4547,#4548,#4549,#4550,#4551,#4552,#4553,#4554,#4555,#4556,#4557,#4558,#4559),.UNSPECIFIED.,.T.,.U.,(1,3,3,3,3,3,1),(-0.25,0.0,0.25,0.5,0.75,1.0,1.25),.UNSPECIFIED.);
#4547=CARTESIAN_POINT('',(2.446493665,0.712373029,7.25));
#4548=CARTESIAN_POINT('',(2.446493665,0.629201131,7.25));
#4549=CARTESIAN_POINT('',(2.513914519,0.561780277,7.25));
#4550=CARTESIAN_POINT('',(2.597086417,0.561780277,7.25));
#4551=CARTESIAN_POINT('',(2.680258315,0.561780277,7.25));
#4552=CARTESIAN_POINT('',(2.747679169,0.629201131,7.25));
#4553=CARTESIAN_POINT('',(2.747679169,0.712373029,7.25));
#4554=CARTESIAN_POINT('',(2.747679169,0.795571534,7.25));
#4555=CARTESIAN_POINT('',(2.680258315,0.862992388,7.25));
#4556=CARTESIAN_POINT('',(2.597086417,0.862992388,7.25));
#4557=CARTESIAN_POINT('',(2.513914519,0.862992388,7.25));
#4558=CARTESIAN_POINT('',(2.446493665,0.795571534,7.25));
#4559=CARTESIAN_POINT('',(2.446493665,0.712373029,7.25));
#4560=ORIENTED_EDGE('',*,*,#4538,.F.);
#4561=B_SPLINE_SURFACE_WITH_KNOTS('',3,1,((#4562,#4563),(#4564,#4565),(#4566,#4567),(#4568,#4569),(#4570,#4571),(#4572,#4573),(#4574,#4575)),.UNSPECIFIED.,.T.,.F.,.U.,(1,1,1,1,1,1,1,1,1,1,1),(2,2),(-0.7625,-0.525,-0.2625,0.0,0.2375,0.475,0.7375,1.0,1.2375,1.475,1.7375),(0.0,1.0),.UNSPECIFIED.);
#4562=CARTESIAN_POINT('',(2.616309269,0.946269437,7.26));
#4563=CARTESIAN_POINT('',(2.616309269,0.946269437,7.25));
#4564=CARTESIAN_POINT('',(2.371437884,0.721280718,7.26));
#4565=CARTESIAN_POINT('',(2.371437884,0.721280718,7.25));
#4566=CARTESIAN_POINT('',(2.579218806,0.495475521,7.26));
#4567=CARTESIAN_POINT('',(2.579218806,0.495475521,7.25));
#4568=CARTESIAN_POINT('',(2.821259588,0.684558037,7.26));
#4569=CARTESIAN_POINT('',(2.821259588,0.684558037,7.25));
#4570=CARTESIAN_POINT('',(2.616309269,0.946269437,7.26));
#4571=CARTESIAN_POINT('',(2.616309269,0.946269437,7.25));
#4572=CARTESIAN_POINT('',(2.371437884,0.721280718,7.26));
#4573=CARTESIAN_POINT('',(2.371437884,0.721280718,7.25));
#4574=CARTESIAN_POINT('',(2.579218806,0.495475521,7.26));
#4575=CARTESIAN_POINT('',(2.579218806,0.495475521,7.25));
#4576=ADVANCED_FACE('',(#4577),#4589,.T.);
#4577=FACE_BOUND('',#4578,.T.);
#4578=EDGE_LOOP('',(#4579,#4580,#4581,#4588));
#4579=ORIENTED_EDGE('',*,*,#873,.F.);
#4580=ORIENTED_EDGE('',*,*,#4506,.F.);
#4581=ORIENTED_EDGE('',*,*,#4582,.T.);
#4582=EDGE_CURVE('',#4498,#4322,#4583,.T.);
#4583=B_SPLINE_CURVE_WITH_KNOTS('',3,(#4584,#4585,#4586,#4587),.UNSPECIFIED.,.F.,.U.,(4,4),(0.9,1.0),.PIECEWISE_BEZIER_KNOTS.);
#4584=CARTESIAN_POINT('',(-3.089200117,0.743289775,7.26));
#4585=CARTESIAN_POINT('',(-2.541587933,0.743289775,7.26));
#4586=CARTESIAN_POINT('',(1.894070761,0.743289775,7.26));
#4587=CARTESIAN_POINT('',(2.386921727,0.743289775,7.26));
#4588=ORIENTED_EDGE('',*,*,#4321,.F.);
#4589=PLANE('',#4590);
#4590=AXIS2_PLACEMENT_3D('',#4591,#4592,#4593);
#4591=CARTESIAN_POINT('',(-3.089200117,0.743289775,7.26));
#4592=DIRECTION('',(0.0,1.0,0.0));
#4593=DIRECTION('',(0.0,0.0,1.0));
#4594=ADVANCED_FACE('',(#4595,#4598),#4608,.T.);
#4595=FACE_BOUND('',#4596,.T.);
#4596=EDGE_LOOP('',(#4597));
#4597=ORIENTED_EDGE('',*,*,#4520,.F.);
#4598=FACE_BOUND('',#4599,.T.);
#4599=EDGE_LOOP('',(#4600,#4601,#4602,#4603,#4604,#4605,#4606,#4607));
#4600=ORIENTED_EDGE('',*,*,#4329,.F.);
#4601=ORIENTED_EDGE('',*,*,#4582,.F.);
#4602=ORIENTED_EDGE('',*,*,#4497,.F.);
#4603=ORIENTED_EDGE('',*,*,#4472,.F.);
#4604=ORIENTED_EDGE('',*,*,#4438,.F.);
#4605=ORIENTED_EDGE('',*,*,#4413,.F.);
#4606=ORIENTED_EDGE('',*,*,#4388,.F.);
#4607=ORIENTED_EDGE('',*,*,#4363,.F.);
#4608=PLANE('',#4609);
#4609=AXIS2_PLACEMENT_3D('',#4610,#4611,#4612);
#4610=CARTESIAN_POINT('',(2.597086417,0.924772665,7.26));
#4611=DIRECTION('',(0.0,0.0,1.0));
#4612=DIRECTION('',(1.0,0.0,0.0));
#4613=ADVANCED_FACE('',(#4614),#4617,.F.);
#4614=FACE_BOUND('',#4615,.T.);
#4615=EDGE_LOOP('',(#4616));
#4616=ORIENTED_EDGE('',*,*,#4545,.F.);
#4617=PLANE('',#4618);
#4618=AXIS2_PLACEMENT_3D('',#4619,#4620,#4621);
#4619=CARTESIAN_POINT('',(0.0,0.0,7.25));
#4620=DIRECTION('',(0.0,0.0,-1.0));
#4621=DIRECTION('',(-1.0,0.0,0.0));
#4622=ADVANCED_FACE('',(#4623),#4652,.T.);
#4623=FACE_BOUND('',#4624,.T.);
#4624=EDGE_LOOP('',(#4625,#4626,#4634,#4646));
#4625=ORIENTED_EDGE('',*,*,#964,.F.);
#4626=ORIENTED_EDGE('',*,*,#4627,.T.);
#4627=EDGE_CURVE('',#956,#4628,#4630,.F.);
#4628=VERTEX_POINT('',#4629);
#4629=CARTESIAN_POINT('',(1.677512796,2.183845141,7.26));
#4630=LINE('',#4631,#4632);
#4631=CARTESIAN_POINT('',(1.677512796,2.183845141,7.26));
#4632=VECTOR('',#4633,1.0);
#4633=DIRECTION('',(0.0,0.0,-1.0));
#4634=ORIENTED_EDGE('',*,*,#4635,.T.);
#4635=EDGE_CURVE('',#4628,#4636,#4638,.T.);
#4636=VERTEX_POINT('',#4637);
#4637=CARTESIAN_POINT('',(2.09781557,2.183845141,7.26));
#4638=B_SPLINE_CURVE_WITH_KNOTS('',3,(#4639,#4640,#4641,#4642,#4643,#4644,#4645),.UNSPECIFIED.,.F.,.U.,(4,3,4),(0.0,0.1,0.2),.PIECEWISE_BEZIER_KNOTS.);
#4639=CARTESIAN_POINT('',(1.677512796,2.183845141,7.26));
#4640=CARTESIAN_POINT('',(1.692465645,2.286519599,7.26));
#4641=CARTESIAN_POINT('',(1.780852416,2.365354638,7.26));
#4642=CARTESIAN_POINT('',(1.88765088,2.365354638,7.26));
#4643=CARTESIAN_POINT('',(1.99447595,2.365354638,7.26));
#4644=CARTESIAN_POINT('',(2.082862721,2.286519599,7.26));
#4645=CARTESIAN_POINT('',(2.09781557,2.183845141,7.26));
#4646=ORIENTED_EDGE('',*,*,#4647,.T.);
#4647=EDGE_CURVE('',#4636,#965,#4648,.T.);
#4648=LINE('',#4649,#4650);
#4649=CARTESIAN_POINT('',(2.09781557,2.183845141,7.26));
#4650=VECTOR('',#4651,1.0);
#4651=DIRECTION('',(0.0,0.0,-1.0));
#4652=B_SPLINE_SURFACE_WITH_KNOTS('',3,1,((#4653,#4654),(#4655,#4656),(#4657,#4658),(#4659,#4660),(#4661,#4662)),.UNSPECIFIED.,.F.,.F.,.U.,(4,1,4),(2,2),(0.0,0.1,0.2),(0.0,1.0),.UNSPECIFIED.);
#4653=CARTESIAN_POINT('',(1.677512796,2.183845141,7.26));
#4654=CARTESIAN_POINT('',(1.677512796,2.183845141,7.25));
#4655=CARTESIAN_POINT('',(1.692465645,2.286519599,7.26));
#4656=CARTESIAN_POINT('',(1.692465645,2.286519599,7.25));
#4657=CARTESIAN_POINT('',(1.887637577,2.444189678,7.26));
#4658=CARTESIAN_POINT('',(1.887637577,2.444189678,7.25));
#4659=CARTESIAN_POINT('',(2.082862721,2.286519599,7.26));
#4660=CARTESIAN_POINT('',(2.082862721,2.286519599,7.25));
#4661=CARTESIAN_POINT('',(2.09781557,2.183845141,7.26));
#4662=CARTESIAN_POINT('',(2.09781557,2.183845141,7.25));
#4663=ADVANCED_FACE('',(#4664),#4683,.T.);
#4664=FACE_BOUND('',#4665,.T.);
#4665=EDGE_LOOP('',(#4666,#4667,#4668,#4677));
#4666=ORIENTED_EDGE('',*,*,#976,.F.);
#4667=ORIENTED_EDGE('',*,*,#4647,.F.);
#4668=ORIENTED_EDGE('',*,*,#4669,.T.);
#4669=EDGE_CURVE('',#4636,#4670,#4672,.T.);
#4670=VERTEX_POINT('',#4671);
#4671=CARTESIAN_POINT('',(3.089200117,2.183871748,7.26));
#4672=B_SPLINE_CURVE_WITH_KNOTS('',3,(#4673,#4674,#4675,#4676),.UNSPECIFIED.,.F.,.U.,(4,4),(0.2,0.3),.PIECEWISE_BEZIER_KNOTS.);
#4673=CARTESIAN_POINT('',(2.09781557,2.183845141,7.26));
#4674=CARTESIAN_POINT('',(2.196954025,2.183847802,7.26));
#4675=CARTESIAN_POINT('',(2.999975508,2.183869353,7.26));
#4676=CARTESIAN_POINT('',(3.089200117,2.183871748,7.26));
#4677=ORIENTED_EDGE('',*,*,#4678,.T.);
#4678=EDGE_CURVE('',#4670,#977,#4679,.T.);
#4679=LINE('',#4680,#4681);
#4680=CARTESIAN_POINT('',(3.089200117,2.183871748,7.26));
#4681=VECTOR('',#4682,1.0);
#4682=DIRECTION('',(0.0,0.0,-1.0));
#4683=PLANE('',#4684);
#4684=AXIS2_PLACEMENT_3D('',#4685,#4686,#4687);
#4685=CARTESIAN_POINT('',(2.09781557,2.183845141,7.26));
#4686=DIRECTION('',(-2.683771234E-05,1.0,0.0));
#4687=DIRECTION('',(-1.0,-2.683771234E-05,0.0));
#4688=ADVANCED_FACE('',(#4689),#4708,.T.);
#4689=FACE_BOUND('',#4690,.T.);
#4690=EDGE_LOOP('',(#4691,#4692,#4693,#4702));
#4691=ORIENTED_EDGE('',*,*,#985,.F.);
#4692=ORIENTED_EDGE('',*,*,#4678,.F.);
#4693=ORIENTED_EDGE('',*,*,#4694,.T.);
#4694=EDGE_CURVE('',#4670,#4695,#4697,.T.);
#4695=VERTEX_POINT('',#4696);
#4696=CARTESIAN_POINT('',(3.089200117,2.122064864,7.26));
#4697=B_SPLINE_CURVE_WITH_KNOTS('',3,(#4698,#4699,#4700,#4701),.UNSPECIFIED.,.F.,.U.,(4,4),(0.3,0.4),.PIECEWISE_BEZIER_KNOTS.);
#4698=CARTESIAN_POINT('',(3.089200117,2.183871748,7.26));
#4699=CARTESIAN_POINT('',(3.089200117,2.177691059,7.26));
#4700=CARTESIAN_POINT('',(3.089200117,2.127627483,7.26));
#4701=CARTESIAN_POINT('',(3.089200117,2.122064864,7.26));
#4702=ORIENTED_EDGE('',*,*,#4703,.T.);
#4703=EDGE_CURVE('',#4695,#986,#4704,.T.);
#4704=LINE('',#4705,#4706);
#4705=CARTESIAN_POINT('',(3.089200117,2.122064864,7.26));
#4706=VECTOR('',#4707,1.0);
#4707=DIRECTION('',(0.0,0.0,-1.0));
#4708=PLANE('',#4709);
#4709=AXIS2_PLACEMENT_3D('',#4710,#4711,#4712);
#4710=CARTESIAN_POINT('',(3.089200117,2.183871748,7.26));
#4711=DIRECTION('',(1.0,0.0,0.0));
#4712=DIRECTION('',(0.0,0.0,-1.0));
#4713=ADVANCED_FACE('',(#4714),#4733,.T.);
#4714=FACE_BOUND('',#4715,.T.);
#4715=EDGE_LOOP('',(#4716,#4717,#4718,#4727));
#4716=ORIENTED_EDGE('',*,*,#994,.F.);
#4717=ORIENTED_EDGE('',*,*,#4703,.F.);
#4718=ORIENTED_EDGE('',*,*,#4719,.T.);
#4719=EDGE_CURVE('',#4695,#4720,#4722,.T.);
#4720=VERTEX_POINT('',#4721);
#4721=CARTESIAN_POINT('',(2.09781557,2.122064864,7.26));
#4722=B_SPLINE_CURVE_WITH_KNOTS('',3,(#4723,#4724,#4725,#4726),.UNSPECIFIED.,.F.,.U.,(4,4),(0.4,0.5),.PIECEWISE_BEZIER_KNOTS.);
#4723=CARTESIAN_POINT('',(3.089200117,2.122064864,7.26));
#4724=CARTESIAN_POINT('',(2.990061662,2.122064864,7.26));
#4725=CARTESIAN_POINT('',(2.18704018,2.122064864,7.26));
#4726=CARTESIAN_POINT('',(2.09781557,2.122064864,7.26));
#4727=ORIENTED_EDGE('',*,*,#4728,.T.);
#4728=EDGE_CURVE('',#4720,#995,#4729,.T.);
#4729=LINE('',#4730,#4731);
#4730=CARTESIAN_POINT('',(2.09781557,2.122064864,7.26));
#4731=VECTOR('',#4732,1.0);
#4732=DIRECTION('',(0.0,0.0,-1.0));
#4733=PLANE('',#4734);
#4734=AXIS2_PLACEMENT_3D('',#4735,#4736,#4737);
#4735=CARTESIAN_POINT('',(3.089200117,2.122064864,7.26));
#4736=DIRECTION('',(0.0,-1.0,0.0));
#4737=DIRECTION('',(0.0,0.0,-1.0));
#4738=ADVANCED_FACE('',(#4739),#4761,.T.);
#4739=FACE_BOUND('',#4740,.T.);
#4740=EDGE_LOOP('',(#4741,#4742,#4743,#4755));
#4741=ORIENTED_EDGE('',*,*,#1003,.F.);
#4742=ORIENTED_EDGE('',*,*,#4728,.F.);
#4743=ORIENTED_EDGE('',*,*,#4744,.T.);
#4744=EDGE_CURVE('',#4720,#4745,#4747,.T.);
#4745=VERTEX_POINT('',#4746);
#4746=CARTESIAN_POINT('',(1.677512796,2.122064864,7.26));
#4747=B_SPLINE_CURVE_WITH_KNOTS('',3,(#4748,#4749,#4750,#4751,#4752,#4753,#4754),.UNSPECIFIED.,.F.,.U.,(4,3,4),(0.5,0.6,0.7),.PIECEWISE_BEZIER_KNOTS.);
#4748=CARTESIAN_POINT('',(2.09781557,2.122064864,7.26));
#4749=CARTESIAN_POINT('',(2.082862721,2.019417013,7.26));
#4750=CARTESIAN_POINT('',(1.99447595,1.940581973,7.26));
#4751=CARTESIAN_POINT('',(1.88765088,1.940581973,7.26));
#4752=CARTESIAN_POINT('',(1.780852416,1.940581973,7.26));
#4753=CARTESIAN_POINT('',(1.692465645,2.019417013,7.26));
#4754=CARTESIAN_POINT('',(1.677512796,2.122064864,7.26));
#4755=ORIENTED_EDGE('',*,*,#4756,.T.);
#4756=EDGE_CURVE('',#4745,#1004,#4757,.T.);
#4757=LINE('',#4758,#4759);
#4758=CARTESIAN_POINT('',(1.677512796,2.122064864,7.26));
#4759=VECTOR('',#4760,1.0);
#4760=DIRECTION('',(0.0,0.0,-1.0));
#4761=B_SPLINE_SURFACE_WITH_KNOTS('',3,1,((#4762,#4763),(#4764,#4765),(#4766,#4767),(#4768,#4769),(#4770,#4771)),.UNSPECIFIED.,.F.,.F.,.U.,(4,1,4),(2,2),(0.5,0.6,0.7),(0.0,1.0),.UNSPECIFIED.);
#4762=CARTESIAN_POINT('',(2.09781557,2.122064864,7.26));
#4763=CARTESIAN_POINT('',(2.09781557,2.122064864,7.25));
#4764=CARTESIAN_POINT('',(2.082862721,2.019417013,7.26));
#4765=CARTESIAN_POINT('',(2.082862721,2.019417013,7.25));
#4766=CARTESIAN_POINT('',(1.887637577,1.861746933,7.26));
#4767=CARTESIAN_POINT('',(1.887637577,1.861746933,7.25));
#4768=CARTESIAN_POINT('',(1.692465645,2.019417013,7.26));
#4769=CARTESIAN_POINT('',(1.692465645,2.019417013,7.25));
#4770=CARTESIAN_POINT('',(1.677512796,2.122064864,7.26));
#4771=CARTESIAN_POINT('',(1.677512796,2.122064864,7.25));
#4772=ADVANCED_FACE('',(#4773),#4792,.T.);
#4773=FACE_BOUND('',#4774,.T.);
#4774=EDGE_LOOP('',(#4775,#4776,#4777,#4786));
#4775=ORIENTED_EDGE('',*,*,#1015,.F.);
#4776=ORIENTED_EDGE('',*,*,#4756,.F.);
#4777=ORIENTED_EDGE('',*,*,#4778,.T.);
#4778=EDGE_CURVE('',#4745,#4779,#4781,.T.);
#4779=VERTEX_POINT('',#4780);
#4780=CARTESIAN_POINT('',(0.932983294,2.122064864,7.26));
#4781=B_SPLINE_CURVE_WITH_KNOTS('',3,(#4782,#4783,#4784,#4785),.UNSPECIFIED.,.F.,.U.,(4,4),(0.7,0.8),.PIECEWISE_BEZIER_KNOTS.);
#4782=CARTESIAN_POINT('',(1.677512796,2.122064864,7.26));
#4783=CARTESIAN_POINT('',(1.603059846,2.122064864,7.26));
#4784=CARTESIAN_POINT('',(0.999990949,2.122064864,7.26));
#4785=CARTESIAN_POINT('',(0.932983294,2.122064864,7.26));
#4786=ORIENTED_EDGE('',*,*,#4787,.T.);
#4787=EDGE_CURVE('',#4779,#1016,#4788,.T.);
#4788=LINE('',#4789,#4790);
#4789=CARTESIAN_POINT('',(0.932983294,2.122064864,7.26));
#4790=VECTOR('',#4791,1.0);
#4791=DIRECTION('',(0.0,0.0,-1.0));
#4792=PLANE('',#4793);
#4793=AXIS2_PLACEMENT_3D('',#4794,#4795,#4796);
#4794=CARTESIAN_POINT('',(1.677512796,2.122064864,7.26));
#4795=DIRECTION('',(5.824898381E-16,-1.0,0.0));
#4796=DIRECTION('',(1.0,5.824898381E-16,0.0));
#4797=ADVANCED_FACE('',(#4798),#4817,.T.);
#4798=FACE_BOUND('',#4799,.T.);
#4799=EDGE_LOOP('',(#4800,#4801,#4802,#4811));
#4800=ORIENTED_EDGE('',*,*,#1024,.F.);
#4801=ORIENTED_EDGE('',*,*,#4787,.F.);
#4802=ORIENTED_EDGE('',*,*,#4803,.T.);
#4803=EDGE_CURVE('',#4779,#4804,#4806,.T.);
#4804=VERTEX_POINT('',#4805);
#4805=CARTESIAN_POINT('',(0.96935437,2.183845141,7.26));
#4806=B_SPLINE_CURVE_WITH_KNOTS('',3,(#4807,#4808,#4809,#4810),.UNSPECIFIED.,.F.,.U.,(4,4),(0.8,0.9),.PIECEWISE_BEZIER_KNOTS.);
#4807=CARTESIAN_POINT('',(0.932983294,2.122064864,7.26));
#4808=CARTESIAN_POINT('',(0.936620402,2.128242892,7.26));
#4809=CARTESIAN_POINT('',(0.966080973,2.178284916,7.26));
#4810=CARTESIAN_POINT('',(0.96935437,2.183845141,7.26));
#4811=ORIENTED_EDGE('',*,*,#4812,.T.);
#4812=EDGE_CURVE('',#4804,#954,#4813,.T.);
#4813=LINE('',#4814,#4815);
#4814=CARTESIAN_POINT('',(0.96935437,2.183845141,7.26));
#4815=VECTOR('',#4816,1.0);
#4816=DIRECTION('',(0.0,0.0,-1.0));
#4817=PLANE('',#4818);
#4818=AXIS2_PLACEMENT_3D('',#4819,#4820,#4821);
#4819=CARTESIAN_POINT('',(0.932983294,2.122064864,7.26));
#4820=DIRECTION('',(-0.861752891,0.507328252,0.0));
#4821=DIRECTION('',(-0.507328252,-0.861752891,0.0));
#4822=ADVANCED_FACE('',(#4823),#4867,.T.);
#4823=FACE_BOUND('',#4824,.T.);
#4824=EDGE_LOOP('',(#4825,#4843,#4850,#4866));
#4825=ORIENTED_EDGE('',*,*,#4826,.T.);
#4826=EDGE_CURVE('',#4827,#4827,#4829,.T.);
#4827=VERTEX_POINT('',#4828);
#4828=CARTESIAN_POINT('',(1.737058128,2.152955002,7.26));
#4829=B_SPLINE_CURVE_WITH_KNOTS('',3,(#4830,#4831,#4832,#4833,#4834,#4835,#4836,#4837,#4838,#4839,#4840,#4841,#4842),.UNSPECIFIED.,.T.,.U.,(1,3,3,3,3,3,1),(-0.25,0.0,0.25,0.5,0.75,1.0,1.25),.UNSPECIFIED.);
#4830=CARTESIAN_POINT('',(1.737058128,2.152955002,7.26));
#4831=CARTESIAN_POINT('',(1.737058128,2.069783104,7.26));
#4832=CARTESIAN_POINT('',(1.804478982,2.00236225,7.26));
#4833=CARTESIAN_POINT('',(1.88765088,2.00236225,7.26));
#4834=CARTESIAN_POINT('',(1.970849384,2.00236225,7.26));
#4835=CARTESIAN_POINT('',(2.038270238,2.069783104,7.26));
#4836=CARTESIAN_POINT('',(2.038270238,2.152955002,7.26));
#4837=CARTESIAN_POINT('',(2.038270238,2.236153507,7.26));
#4838=CARTESIAN_POINT('',(1.970849384,2.303574361,7.26));
#4839=CARTESIAN_POINT('',(1.88765088,2.303574361,7.26));
#4840=CARTESIAN_POINT('',(1.804478982,2.303574361,7.26));
#4841=CARTESIAN_POINT('',(1.737058128,2.236153507,7.26));
#4842=CARTESIAN_POINT('',(1.737058128,2.152955002,7.26));
#4843=ORIENTED_EDGE('',*,*,#4844,.T.);
#4844=EDGE_CURVE('',#4827,#4845,#4847,.T.);
#4845=VERTEX_POINT('',#4846);
#4846=CARTESIAN_POINT('',(1.737058128,2.152955002,7.25));
#4847=B_SPLINE_CURVE_WITH_KNOTS('',1,(#4848,#4849),.UNSPECIFIED.,.F.,.U.,(2,2),(0.0,1.0),.PIECEWISE_BEZIER_KNOTS.);
#4848=CARTESIAN_POINT('',(1.737058128,2.152955002,7.26));
#4849=CARTESIAN_POINT('',(1.737058128,2.152955002,7.25));
#4850=ORIENTED_EDGE('',*,*,#4851,.T.);
#4851=EDGE_CURVE('',#4845,#4845,#4852,.F.);
#4852=B_SPLINE_CURVE_WITH_KNOTS('',3,(#4853,#4854,#4855,#4856,#4857,#4858,#4859,#4860,#4861,#4862,#4863,#4864,#4865),.UNSPECIFIED.,.T.,.U.,(1,3,3,3,3,3,1),(-0.25,0.0,0.25,0.5,0.75,1.0,1.25),.UNSPECIFIED.);
#4853=CARTESIAN_POINT('',(1.737058128,2.152955002,7.25));
#4854=CARTESIAN_POINT('',(1.737058128,2.069783104,7.25));
#4855=CARTESIAN_POINT('',(1.804478982,2.00236225,7.25));
#4856=CARTESIAN_POINT('',(1.88765088,2.00236225,7.25));
#4857=CARTESIAN_POINT('',(1.970849384,2.00236225,7.25));
#4858=CARTESIAN_POINT('',(2.038270238,2.069783104,7.25));
#4859=CARTESIAN_POINT('',(2.038270238,2.152955002,7.25));
#4860=CARTESIAN_POINT('',(2.038270238,2.236153507,7.25));
#4861=CARTESIAN_POINT('',(1.970849384,2.303574361,7.25));
#4862=CARTESIAN_POINT('',(1.88765088,2.303574361,7.25));
#4863=CARTESIAN_POINT('',(1.804478982,2.303574361,7.25));
#4864=CARTESIAN_POINT('',(1.737058128,2.236153507,7.25));
#4865=CARTESIAN_POINT('',(1.737058128,2.152955002,7.25));
#4866=ORIENTED_EDGE('',*,*,#4844,.F.);
#4867=B_SPLINE_SURFACE_WITH_KNOTS('',3,1,((#4868,#4869),(#4870,#4871),(#4872,#4873),(#4874,#4875),(#4876,#4877),(#4878,#4879),(#4880,#4881)),.UNSPECIFIED.,.T.,.F.,.U.,(1,1,1,1,1,1,1,1,1,1,1),(2,2),(-0.7625,-0.513125,-0.26315625,0.0,0.2375,0.486875,0.73684375,1.0,1.2375,1.486875,1.73684375),(0.0,1.0),.UNSPECIFIED.);
#4868=CARTESIAN_POINT('',(1.902519149,2.382984425,7.26));
#4869=CARTESIAN_POINT('',(1.902519149,2.382984425,7.25));
#4870=CARTESIAN_POINT('',(1.661821243,2.162320511,7.26));
#4871=CARTESIAN_POINT('',(1.661821243,2.162320511,7.25));
#4872=CARTESIAN_POINT('',(1.873888474,1.931944757,7.26));
#4873=CARTESIAN_POINT('',(1.873888474,1.931944757,7.25));
#4874=CARTESIAN_POINT('',(2.112557203,2.133460301,7.26));
#4875=CARTESIAN_POINT('',(2.112557203,2.133460301,7.25));
#4876=CARTESIAN_POINT('',(1.902519149,2.382984425,7.26));
#4877=CARTESIAN_POINT('',(1.902519149,2.382984425,7.25));
#4878=CARTESIAN_POINT('',(1.661821243,2.162320511,7.26));
#4879=CARTESIAN_POINT('',(1.661821243,2.162320511,7.25));
#4880=CARTESIAN_POINT('',(1.873888474,1.931944757,7.26));
#4881=CARTESIAN_POINT('',(1.873888474,1.931944757,7.25));
#4882=ADVANCED_FACE('',(#4883),#4895,.T.);
#4883=FACE_BOUND('',#4884,.T.);
#4884=EDGE_LOOP('',(#4885,#4886,#4887,#4894));
#4885=ORIENTED_EDGE('',*,*,#953,.F.);
#4886=ORIENTED_EDGE('',*,*,#4812,.F.);
#4887=ORIENTED_EDGE('',*,*,#4888,.T.);
#4888=EDGE_CURVE('',#4804,#4628,#4889,.T.);
#4889=B_SPLINE_CURVE_WITH_KNOTS('',3,(#4890,#4891,#4892,#4893),.UNSPECIFIED.,.F.,.U.,(4,4),(0.9,1.0),.PIECEWISE_BEZIER_KNOTS.);
#4890=CARTESIAN_POINT('',(0.96935437,2.183845141,7.26));
#4891=CARTESIAN_POINT('',(1.040170213,2.183845141,7.26));
#4892=CARTESIAN_POINT('',(1.613778538,2.183845141,7.26));
#4893=CARTESIAN_POINT('',(1.677512796,2.183845141,7.26));
#4894=ORIENTED_EDGE('',*,*,#4627,.F.);
#4895=PLANE('',#4896);
#4896=AXIS2_PLACEMENT_3D('',#4897,#4898,#4899);
#4897=CARTESIAN_POINT('',(0.96935437,2.183845141,7.26));
#4898=DIRECTION('',(-6.124065652E-16,1.0,0.0));
#4899=DIRECTION('',(-1.0,-6.124065652E-16,0.0));
#4900=ADVANCED_FACE('',(#4901,#4904),#4914,.T.);
#4901=FACE_BOUND('',#4902,.T.);
#4902=EDGE_LOOP('',(#4903));
#4903=ORIENTED_EDGE('',*,*,#4826,.F.);
#4904=FACE_BOUND('',#4905,.T.);
#4905=EDGE_LOOP('',(#4906,#4907,#4908,#4909,#4910,#4911,#4912,#4913));
#4906=ORIENTED_EDGE('',*,*,#4635,.F.);
#4907=ORIENTED_EDGE('',*,*,#4888,.F.);
#4908=ORIENTED_EDGE('',*,*,#4803,.F.);
#4909=ORIENTED_EDGE('',*,*,#4778,.F.);
#4910=ORIENTED_EDGE('',*,*,#4744,.F.);
#4911=ORIENTED_EDGE('',*,*,#4719,.F.);
#4912=ORIENTED_EDGE('',*,*,#4694,.F.);
#4913=ORIENTED_EDGE('',*,*,#4669,.F.);
#4914=PLANE('',#4915);
#4915=AXIS2_PLACEMENT_3D('',#4916,#4917,#4918);
#4916=CARTESIAN_POINT('',(1.88765088,2.365354638,7.26));
#4917=DIRECTION('',(0.0,0.0,1.0));
#4918=DIRECTION('',(1.0,0.0,0.0));
#4919=ADVANCED_FACE('',(#4920),#4923,.F.);
#4920=FACE_BOUND('',#4921,.T.);
#4921=EDGE_LOOP('',(#4922));
#4922=ORIENTED_EDGE('',*,*,#4851,.F.);
#4923=PLANE('',#4924);
#4924=AXIS2_PLACEMENT_3D('',#4925,#4926,#4927);
#4925=CARTESIAN_POINT('',(0.0,0.0,7.25));
#4926=DIRECTION('',(0.0,0.0,-1.0));
#4927=DIRECTION('',(-1.0,0.0,0.0));
#4928=ADVANCED_FACE('',(#4929),#4958,.T.);
#4929=FACE_BOUND('',#4930,.T.);
#4930=EDGE_LOOP('',(#4931,#4932,#4940,#4952));
#4931=ORIENTED_EDGE('',*,*,#1044,.F.);
#4932=ORIENTED_EDGE('',*,*,#4933,.T.);
#4933=EDGE_CURVE('',#1036,#4934,#4936,.F.);
#4934=VERTEX_POINT('',#4935);
#4935=CARTESIAN_POINT('',(2.386921727,2.645414587,7.26));
#4936=LINE('',#4937,#4938);
#4937=CARTESIAN_POINT('',(2.386921727,2.645414587,7.26));
#4938=VECTOR('',#4939,1.0);
#4939=DIRECTION('',(0.0,0.0,-1.0));
#4940=ORIENTED_EDGE('',*,*,#4941,.T.);
#4941=EDGE_CURVE('',#4934,#4942,#4944,.T.);
#4942=VERTEX_POINT('',#4943);
#4943=CARTESIAN_POINT('',(2.807251108,2.645414587,7.26));
#4944=B_SPLINE_CURVE_WITH_KNOTS('',3,(#4945,#4946,#4947,#4948,#4949,#4950,#4951),.UNSPECIFIED.,.F.,.U.,(4,3,4),(0.0,0.1,0.2),.PIECEWISE_BEZIER_KNOTS.);
#4945=CARTESIAN_POINT('',(2.386921727,2.645414587,7.26));
#4946=CARTESIAN_POINT('',(2.401901182,2.748062438,7.26));
#4947=CARTESIAN_POINT('',(2.490287953,2.826897478,7.26));
#4948=CARTESIAN_POINT('',(2.597086417,2.826897478,7.26));
#4949=CARTESIAN_POINT('',(2.703884881,2.826897478,7.26));
#4950=CARTESIAN_POINT('',(2.792271652,2.748062438,7.26));
#4951=CARTESIAN_POINT('',(2.807251108,2.645414587,7.26));
#4952=ORIENTED_EDGE('',*,*,#4953,.T.);
#4953=EDGE_CURVE('',#4942,#1045,#4954,.T.);
#4954=LINE('',#4955,#4956);
#4955=CARTESIAN_POINT('',(2.807251108,2.645414587,7.26));
#4956=VECTOR('',#4957,1.0);
#4957=DIRECTION('',(0.0,0.0,-1.0));
#4958=B_SPLINE_SURFACE_WITH_KNOTS('',3,1,((#4959,#4960),(#4961,#4962),(#4963,#4964),(#4965,#4966),(#4967,#4968)),.UNSPECIFIED.,.F.,.F.,.U.,(4,1,4),(2,2),(0.0,0.1,0.2),(0.0,1.0),.UNSPECIFIED.);
#4959=CARTESIAN_POINT('',(2.386921727,2.645414587,7.26));
#4960=CARTESIAN_POINT('',(2.386921727,2.645414587,7.25));
#4961=CARTESIAN_POINT('',(2.401901182,2.748062438,7.26));
#4962=CARTESIAN_POINT('',(2.401901182,2.748062438,7.25));
#4963=CARTESIAN_POINT('',(2.597086417,2.905732517,7.26));
#4964=CARTESIAN_POINT('',(2.597086417,2.905732517,7.25));
#4965=CARTESIAN_POINT('',(2.792271652,2.748062438,7.26));
#4966=CARTESIAN_POINT('',(2.792271652,2.748062438,7.25));
#4967=CARTESIAN_POINT('',(2.807251108,2.645414587,7.26));
#4968=CARTESIAN_POINT('',(2.807251108,2.645414587,7.25));
#4969=ADVANCED_FACE('',(#4970),#4989,.T.);
#4970=FACE_BOUND('',#4971,.T.);
#4971=EDGE_LOOP('',(#4972,#4973,#4974,#4983));
#4972=ORIENTED_EDGE('',*,*,#1056,.F.);
#4973=ORIENTED_EDGE('',*,*,#4953,.F.);
#4974=ORIENTED_EDGE('',*,*,#4975,.T.);
#4975=EDGE_CURVE('',#4942,#4976,#4978,.T.);
#4976=VERTEX_POINT('',#4977);
#4977=CARTESIAN_POINT('',(3.089200117,2.645414587,7.26));
#4978=B_SPLINE_CURVE_WITH_KNOTS('',3,(#4979,#4980,#4981,#4982),.UNSPECIFIED.,.F.,.U.,(4,4),(0.2,0.3),.PIECEWISE_BEZIER_KNOTS.);
#4979=CARTESIAN_POINT('',(2.807251108,2.645414587,7.26));
#4980=CARTESIAN_POINT('',(2.835446009,2.645414587,7.26));
#4981=CARTESIAN_POINT('',(3.063824706,2.645414587,7.26));
#4982=CARTESIAN_POINT('',(3.089200117,2.645414587,7.26));
#4983=ORIENTED_EDGE('',*,*,#4984,.T.);
#4984=EDGE_CURVE('',#4976,#1057,#4985,.T.);
#4985=LINE('',#4986,#4987);
#4986=CARTESIAN_POINT('',(3.089200117,2.645414587,7.26));
#4987=VECTOR('',#4988,1.0);
#4988=DIRECTION('',(0.0,0.0,-1.0));
#4989=PLANE('',#4990);
#4990=AXIS2_PLACEMENT_3D('',#4991,#4992,#4993);
#4991=CARTESIAN_POINT('',(2.807251108,2.645414587,7.26));
#4992=DIRECTION('',(0.0,1.0,0.0));
#4993=DIRECTION('',(0.0,0.0,1.0));
#4994=ADVANCED_FACE('',(#4995),#5014,.T.);
#4995=FACE_BOUND('',#4996,.T.);
#4996=EDGE_LOOP('',(#4997,#4998,#4999,#5008));
#4997=ORIENTED_EDGE('',*,*,#1065,.F.);
#4998=ORIENTED_EDGE('',*,*,#4984,.F.);
#4999=ORIENTED_EDGE('',*,*,#5000,.T.);
#5000=EDGE_CURVE('',#4976,#5001,#5003,.T.);
#5001=VERTEX_POINT('',#5002);
#5002=CARTESIAN_POINT('',(3.089200117,2.583634309,7.26));
#5003=B_SPLINE_CURVE_WITH_KNOTS('',3,(#5004,#5005,#5006,#5007),.UNSPECIFIED.,.F.,.U.,(4,4),(0.3,0.4),.PIECEWISE_BEZIER_KNOTS.);
#5004=CARTESIAN_POINT('',(3.089200117,2.645414587,7.26));
#5005=CARTESIAN_POINT('',(3.089200117,2.639236559,7.26));
#5006=CARTESIAN_POINT('',(3.089200117,2.589194534,7.26));
#5007=CARTESIAN_POINT('',(3.089200117,2.583634309,7.26));
#5008=ORIENTED_EDGE('',*,*,#5009,.T.);
#5009=EDGE_CURVE('',#5001,#1066,#5010,.T.);
#5010=LINE('',#5011,#5012);
#5011=CARTESIAN_POINT('',(3.089200117,2.583634309,7.26));
#5012=VECTOR('',#5013,1.0);
#5013=DIRECTION('',(0.0,0.0,-1.0));
#5014=PLANE('',#5015);
#5015=AXIS2_PLACEMENT_3D('',#5016,#5017,#5018);
#5016=CARTESIAN_POINT('',(3.089200117,2.645414587,7.26));
#5017=DIRECTION('',(1.0,0.0,0.0));
#5018=DIRECTION('',(0.0,0.0,-1.0));
#5019=ADVANCED_FACE('',(#5020),#5039,.T.);
#5020=FACE_BOUND('',#5021,.T.);
#5021=EDGE_LOOP('',(#5022,#5023,#5024,#5033));
#5022=ORIENTED_EDGE('',*,*,#1074,.F.);
#5023=ORIENTED_EDGE('',*,*,#5009,.F.);
#5024=ORIENTED_EDGE('',*,*,#5025,.T.);
#5025=EDGE_CURVE('',#5001,#5026,#5028,.T.);
#5026=VERTEX_POINT('',#5027);
#5027=CARTESIAN_POINT('',(2.807251108,2.583634309,7.26));
#5028=B_SPLINE_CURVE_WITH_KNOTS('',3,(#5029,#5030,#5031,#5032),.UNSPECIFIED.,.F.,.U.,(4,4),(0.4,0.5),.PIECEWISE_BEZIER_KNOTS.);
#5029=CARTESIAN_POINT('',(3.089200117,2.583634309,7.26));
#5030=CARTESIAN_POINT('',(3.061005216,2.583634309,7.26));
#5031=CARTESIAN_POINT('',(2.832626518,2.583634309,7.26));
#5032=CARTESIAN_POINT('',(2.807251108,2.583634309,7.26));
#5033=ORIENTED_EDGE('',*,*,#5034,.T.);
#5034=EDGE_CURVE('',#5026,#1075,#5035,.T.);
#5035=LINE('',#5036,#5037);
#5036=CARTESIAN_POINT('',(2.807251108,2.583634309,7.26));
#5037=VECTOR('',#5038,1.0);
#5038=DIRECTION('',(0.0,0.0,-1.0));
#5039=PLANE('',#5040);
#5040=AXIS2_PLACEMENT_3D('',#5041,#5042,#5043);
#5041=CARTESIAN_POINT('',(3.089200117,2.583634309,7.26));
#5042=DIRECTION('',(0.0,-1.0,0.0));
#5043=DIRECTION('',(0.0,0.0,-1.0));
#5044=ADVANCED_FACE('',(#5045),#5067,.T.);
#5045=FACE_BOUND('',#5046,.T.);
#5046=EDGE_LOOP('',(#5047,#5048,#5049,#5061));
#5047=ORIENTED_EDGE('',*,*,#1083,.F.);
#5048=ORIENTED_EDGE('',*,*,#5034,.F.);
#5049=ORIENTED_EDGE('',*,*,#5050,.T.);
#5050=EDGE_CURVE('',#5026,#5051,#5053,.T.);
#5051=VERTEX_POINT('',#5052);
#5052=CARTESIAN_POINT('',(2.386921727,2.583634309,7.26));
#5053=B_SPLINE_CURVE_WITH_KNOTS('',3,(#5054,#5055,#5056,#5057,#5058,#5059,#5060),.UNSPECIFIED.,.F.,.U.,(4,3,4),(0.5,0.6,0.7),.PIECEWISE_BEZIER_KNOTS.);
#5054=CARTESIAN_POINT('',(2.807251108,2.583634309,7.26));
#5055=CARTESIAN_POINT('',(2.792271652,2.480986458,7.26));
#5056=CARTESIAN_POINT('',(2.703884881,2.402151419,7.26));
#5057=CARTESIAN_POINT('',(2.597086417,2.402151419,7.26));
#5058=CARTESIAN_POINT('',(2.490287953,2.402151419,7.26));
#5059=CARTESIAN_POINT('',(2.401901182,2.480986458,7.26));
#5060=CARTESIAN_POINT('',(2.386921727,2.583634309,7.26));
#5061=ORIENTED_EDGE('',*,*,#5062,.T.);
#5062=EDGE_CURVE('',#5051,#1084,#5063,.T.);
#5063=LINE('',#5064,#5065);
#5064=CARTESIAN_POINT('',(2.386921727,2.583634309,7.26));
#5065=VECTOR('',#5066,1.0);
#5066=DIRECTION('',(0.0,0.0,-1.0));
#5067=B_SPLINE_SURFACE_WITH_KNOTS('',3,1,((#5068,#5069),(#5070,#5071),(#5072,#5073),(#5074,#5075),(#5076,#5077)),.UNSPECIFIED.,.F.,.F.,.U.,(4,1,4),(2,2),(0.5,0.6,0.7),(0.0,1.0),.UNSPECIFIED.);
#5068=CARTESIAN_POINT('',(2.807251108,2.583634309,7.26));
#5069=CARTESIAN_POINT('',(2.807251108,2.583634309,7.25));
#5070=CARTESIAN_POINT('',(2.792271652,2.480986458,7.26));
#5071=CARTESIAN_POINT('',(2.792271652,2.480986458,7.25));
#5072=CARTESIAN_POINT('',(2.597086417,2.323316379,7.26));
#5073=CARTESIAN_POINT('',(2.597086417,2.323316379,7.25));
#5074=CARTESIAN_POINT('',(2.401901182,2.480986458,7.26));
#5075=CARTESIAN_POINT('',(2.401901182,2.480986458,7.25));
#5076=CARTESIAN_POINT('',(2.386921727,2.583634309,7.26));
#5077=CARTESIAN_POINT('',(2.386921727,2.583634309,7.25));
#5078=ADVANCED_FACE('',(#5079),#5098,.T.);
#5079=FACE_BOUND('',#5080,.T.);
#5080=EDGE_LOOP('',(#5081,#5082,#5083,#5092));
#5081=ORIENTED_EDGE('',*,*,#1095,.F.);
#5082=ORIENTED_EDGE('',*,*,#5062,.F.);
#5083=ORIENTED_EDGE('',*,*,#5084,.T.);
#5084=EDGE_CURVE('',#5051,#5085,#5087,.T.);
#5085=VERTEX_POINT('',#5086);
#5086=CARTESIAN_POINT('',(-3.089200117,2.583634309,7.26));
#5087=B_SPLINE_CURVE_WITH_KNOTS('',3,(#5088,#5089,#5090,#5091),.UNSPECIFIED.,.F.,.U.,(4,4),(0.7,0.8),.PIECEWISE_BEZIER_KNOTS.);
#5088=CARTESIAN_POINT('',(2.386921727,2.583634309,7.26));
#5089=CARTESIAN_POINT('',(1.839309542,2.583634309,7.26));
#5090=CARTESIAN_POINT('',(-2.596349151,2.583634309,7.26));
#5091=CARTESIAN_POINT('',(-3.089200117,2.583634309,7.26));
#5092=ORIENTED_EDGE('',*,*,#5093,.T.);
#5093=EDGE_CURVE('',#5085,#1096,#5094,.T.);
#5094=LINE('',#5095,#5096);
#5095=CARTESIAN_POINT('',(-3.089200117,2.583634309,7.26));
#5096=VECTOR('',#5097,1.0);
#5097=DIRECTION('',(0.0,0.0,-1.0));
#5098=PLANE('',#5099);
#5099=AXIS2_PLACEMENT_3D('',#5100,#5101,#5102);
#5100=CARTESIAN_POINT('',(2.386921727,2.583634309,7.26));
#5101=DIRECTION('',(3.167795614E-16,-1.0,0.0));
#5102=DIRECTION('',(1.0,3.167795614E-16,0.0));
#5103=ADVANCED_FACE('',(#5104),#5123,.T.);
#5104=FACE_BOUND('',#5105,.T.);
#5105=EDGE_LOOP('',(#5106,#5107,#5108,#5117));
#5106=ORIENTED_EDGE('',*,*,#1104,.F.);
#5107=ORIENTED_EDGE('',*,*,#5093,.F.);
#5108=ORIENTED_EDGE('',*,*,#5109,.T.);
#5109=EDGE_CURVE('',#5085,#5110,#5112,.T.);
#5110=VERTEX_POINT('',#5111);
#5111=CARTESIAN_POINT('',(-3.089200117,2.645414587,7.26));
#5112=B_SPLINE_CURVE_WITH_KNOTS('',3,(#5113,#5114,#5115,#5116),.UNSPECIFIED.,.F.,.U.,(4,4),(0.8,0.9),.PIECEWISE_BEZIER_KNOTS.);
#5113=CARTESIAN_POINT('',(-3.089200117,2.583634309,7.26));
#5114=CARTESIAN_POINT('',(-3.089200117,2.589812337,7.26));
#5115=CARTESIAN_POINT('',(-3.089200117,2.639854362,7.26));
#5116=CARTESIAN_POINT('',(-3.089200117,2.645414587,7.26));
#5117=ORIENTED_EDGE('',*,*,#5118,.T.);
#5118=EDGE_CURVE('',#5110,#1034,#5119,.T.);
#5119=LINE('',#5120,#5121);
#5120=CARTESIAN_POINT('',(-3.089200117,2.645414587,7.26));
#5121=VECTOR('',#5122,1.0);
#5122=DIRECTION('',(0.0,0.0,-1.0));
#5123=PLANE('',#5124);
#5124=AXIS2_PLACEMENT_3D('',#5125,#5126,#5127);
#5125=CARTESIAN_POINT('',(-3.089200117,2.583634309,7.26));
#5126=DIRECTION('',(-1.0,0.0,0.0));
#5127=DIRECTION('',(0.0,0.0,1.0));
#5128=ADVANCED_FACE('',(#5129),#5173,.T.);
#5129=FACE_BOUND('',#5130,.T.);
#5130=EDGE_LOOP('',(#5131,#5149,#5156,#5172));
#5131=ORIENTED_EDGE('',*,*,#5132,.T.);
#5132=EDGE_CURVE('',#5133,#5133,#5135,.T.);
#5133=VERTEX_POINT('',#5134);
#5134=CARTESIAN_POINT('',(2.446493665,2.614524448,7.26));
#5135=B_SPLINE_CURVE_WITH_KNOTS('',3,(#5136,#5137,#5138,#5139,#5140,#5141,#5142,#5143,#5144,#5145,#5146,#5147,#5148),.UNSPECIFIED.,.T.,.U.,(1,3,3,3,3,3,1),(-0.25,0.0,0.25,0.5,0.75,1.0,1.25),.UNSPECIFIED.);
#5136=CARTESIAN_POINT('',(2.446493665,2.614524448,7.26));
#5137=CARTESIAN_POINT('',(2.446493665,2.53135255,7.26));
#5138=CARTESIAN_POINT('',(2.513914519,2.463931696,7.26));
#5139=CARTESIAN_POINT('',(2.597086417,2.463931696,7.26));
#5140=CARTESIAN_POINT('',(2.680258315,2.463931696,7.26));
#5141=CARTESIAN_POINT('',(2.747679169,2.53135255,7.26));
#5142=CARTESIAN_POINT('',(2.747679169,2.614524448,7.26));
#5143=CARTESIAN_POINT('',(2.747679169,2.697696346,7.26));
#5144=CARTESIAN_POINT('',(2.680258315,2.7651172,7.26));
#5145=CARTESIAN_POINT('',(2.597086417,2.7651172,7.26));
#5146=CARTESIAN_POINT('',(2.513914519,2.7651172,7.26));
#5147=CARTESIAN_POINT('',(2.446493665,2.697696346,7.26));
#5148=CARTESIAN_POINT('',(2.446493665,2.614524448,7.26));
#5149=ORIENTED_EDGE('',*,*,#5150,.T.);
#5150=EDGE_CURVE('',#5133,#5151,#5153,.T.);
#5151=VERTEX_POINT('',#5152);
#5152=CARTESIAN_POINT('',(2.446493665,2.614524448,7.25));
#5153=B_SPLINE_CURVE_WITH_KNOTS('',1,(#5154,#5155),.UNSPECIFIED.,.F.,.U.,(2,2),(0.0,1.0),.PIECEWISE_BEZIER_KNOTS.);
#5154=CARTESIAN_POINT('',(2.446493665,2.614524448,7.26));
#5155=CARTESIAN_POINT('',(2.446493665,2.614524448,7.25));
#5156=ORIENTED_EDGE('',*,*,#5157,.T.);
#5157=EDGE_CURVE('',#5151,#5151,#5158,.F.);
#5158=B_SPLINE_CURVE_WITH_KNOTS('',3,(#5159,#5160,#5161,#5162,#5163,#5164,#5165,#5166,#5167,#5168,#5169,#5170,#5171),.UNSPECIFIED.,.T.,.U.,(1,3,3,3,3,3,1),(-0.25,0.0,0.25,0.5,0.75,1.0,1.25),.UNSPECIFIED.);
#5159=CARTESIAN_POINT('',(2.446493665,2.614524448,7.25));
#5160=CARTESIAN_POINT('',(2.446493665,2.53135255,7.25));
#5161=CARTESIAN_POINT('',(2.513914519,2.463931696,7.25));
#5162=CARTESIAN_POINT('',(2.597086417,2.463931696,7.25));
#5163=CARTESIAN_POINT('',(2.680258315,2.463931696,7.25));
#5164=CARTESIAN_POINT('',(2.747679169,2.53135255,7.25));
#5165=CARTESIAN_POINT('',(2.747679169,2.614524448,7.25));
#5166=CARTESIAN_POINT('',(2.747679169,2.697696346,7.25));
#5167=CARTESIAN_POINT('',(2.680258315,2.7651172,7.25));
#5168=CARTESIAN_POINT('',(2.597086417,2.7651172,7.25));
#5169=CARTESIAN_POINT('',(2.513914519,2.7651172,7.25));
#5170=CARTESIAN_POINT('',(2.446493665,2.697696346,7.25));
#5171=CARTESIAN_POINT('',(2.446493665,2.614524448,7.25));
#5172=ORIENTED_EDGE('',*,*,#5150,.F.);
#5173=B_SPLINE_SURFACE_WITH_KNOTS('',3,1,((#5174,#5175),(#5176,#5177),(#5178,#5179),(#5180,#5181),(#5182,#5183),(#5184,#5185),(#5186,#5187)),.UNSPECIFIED.,.T.,.F.,.U.,(1,1,1,1,1,1,1,1,1,1,1),(2,2),(-0.75,-0.5,-0.25,0.0,0.25,0.5,0.75,1.0,1.25,1.5,1.75),(0.0,1.0),.UNSPECIFIED.);
#5174=CARTESIAN_POINT('',(2.597086417,2.840413576,7.26));
#5175=CARTESIAN_POINT('',(2.597086417,2.840413576,7.25));
#5176=CARTESIAN_POINT('',(2.371197289,2.614524448,7.26));
#5177=CARTESIAN_POINT('',(2.371197289,2.614524448,7.25));
#5178=CARTESIAN_POINT('',(2.597086417,2.38863532,7.26));
#5179=CARTESIAN_POINT('',(2.597086417,2.38863532,7.25));
#5180=CARTESIAN_POINT('',(2.822975545,2.614524448,7.26));
#5181=CARTESIAN_POINT('',(2.822975545,2.614524448,7.25));
#5182=CARTESIAN_POINT('',(2.597086417,2.840413576,7.26));
#5183=CARTESIAN_POINT('',(2.597086417,2.840413576,7.25));
#5184=CARTESIAN_POINT('',(2.371197289,2.614524448,7.26));
#5185=CARTESIAN_POINT('',(2.371197289,2.614524448,7.25));
#5186=CARTESIAN_POINT('',(2.597086417,2.38863532,7.26));
#5187=CARTESIAN_POINT('',(2.597086417,2.38863532,7.25));
#5188=ADVANCED_FACE('',(#5189),#5201,.T.);
#5189=FACE_BOUND('',#5190,.T.);
#5190=EDGE_LOOP('',(#5191,#5192,#5193,#5200));
#5191=ORIENTED_EDGE('',*,*,#1033,.F.);
#5192=ORIENTED_EDGE('',*,*,#5118,.F.);
#5193=ORIENTED_EDGE('',*,*,#5194,.T.);
#5194=EDGE_CURVE('',#5110,#4934,#5195,.T.);
#5195=B_SPLINE_CURVE_WITH_KNOTS('',3,(#5196,#5197,#5198,#5199),.UNSPECIFIED.,.F.,.U.,(4,4),(0.9,1.0),.PIECEWISE_BEZIER_KNOTS.);
#5196=CARTESIAN_POINT('',(-3.089200117,2.645414587,7.26));
#5197=CARTESIAN_POINT('',(-2.541587933,2.645414587,7.26));
#5198=CARTESIAN_POINT('',(1.894070761,2.645414587,7.26));
#5199=CARTESIAN_POINT('',(2.386921727,2.645414587,7.26));
#5200=ORIENTED_EDGE('',*,*,#4933,.F.);
#5201=PLANE('',#5202);
#5202=AXIS2_PLACEMENT_3D('',#5203,#5204,#5205);
#5203=CARTESIAN_POINT('',(-3.089200117,2.645414587,7.26));
#5204=DIRECTION('',(-3.167795614E-16,1.0,0.0));
#5205=DIRECTION('',(-1.0,-3.167795614E-16,0.0));
#5206=ADVANCED_FACE('',(#5207,#5210),#5220,.T.);
#5207=FACE_BOUND('',#5208,.T.);
#5208=EDGE_LOOP('',(#5209));
#5209=ORIENTED_EDGE('',*,*,#5132,.F.);
#5210=FACE_BOUND('',#5211,.T.);
#5211=EDGE_LOOP('',(#5212,#5213,#5214,#5215,#5216,#5217,#5218,#5219));
#5212=ORIENTED_EDGE('',*,*,#4941,.F.);
#5213=ORIENTED_EDGE('',*,*,#5194,.F.);
#5214=ORIENTED_EDGE('',*,*,#5109,.F.);
#5215=ORIENTED_EDGE('',*,*,#5084,.F.);
#5216=ORIENTED_EDGE('',*,*,#5050,.F.);
#5217=ORIENTED_EDGE('',*,*,#5025,.F.);
#5218=ORIENTED_EDGE('',*,*,#5000,.F.);
#5219=ORIENTED_EDGE('',*,*,#4975,.F.);
#5220=PLANE('',#5221);
#5221=AXIS2_PLACEMENT_3D('',#5222,#5223,#5224);
#5222=CARTESIAN_POINT('',(2.597086417,2.826897478,7.26));
#5223=DIRECTION('',(0.0,0.0,1.0));
#5224=DIRECTION('',(1.0,0.0,0.0));
#5225=ADVANCED_FACE('',(#5226),#5229,.F.);
#5226=FACE_BOUND('',#5227,.T.);
#5227=EDGE_LOOP('',(#5228));
#5228=ORIENTED_EDGE('',*,*,#5157,.F.);
#5229=PLANE('',#5230);
#5230=AXIS2_PLACEMENT_3D('',#5231,#5232,#5233);
#5231=CARTESIAN_POINT('',(0.0,0.0,7.25));
#5232=DIRECTION('',(0.0,0.0,-1.0));
#5233=DIRECTION('',(-1.0,0.0,0.0));
#5234=ADVANCED_FACE('',(#5235),#5260,.T.);
#5235=FACE_BOUND('',#5236,.T.);
#5236=EDGE_LOOP('',(#5237,#5238,#5246,#5254));
#5237=ORIENTED_EDGE('',*,*,#1123,.F.);
#5238=ORIENTED_EDGE('',*,*,#5239,.T.);
#5239=EDGE_CURVE('',#1116,#5240,#5242,.F.);
#5240=VERTEX_POINT('',#5241);
#5241=CARTESIAN_POINT('',(-3.089200117,1.641870873,7.26));
#5242=LINE('',#5243,#5244);
#5243=CARTESIAN_POINT('',(-3.089200117,1.641870873,7.26));
#5244=VECTOR('',#5245,1.0);
#5245=DIRECTION('',(0.0,0.0,-1.0));
#5246=ORIENTED_EDGE('',*,*,#5247,.T.);
#5247=EDGE_CURVE('',#5240,#5248,#5250,.T.);
#5248=VERTEX_POINT('',#5249);
#5249=CARTESIAN_POINT('',(-3.089200117,1.703677757,7.26));
#5250=LINE('',#5251,#5252);
#5251=CARTESIAN_POINT('',(-3.089200117,1.641870873,7.26));
#5252=VECTOR('',#5253,1.0);
#5253=DIRECTION('',(0.0,1.0,0.0));
#5254=ORIENTED_EDGE('',*,*,#5255,.T.);
#5255=EDGE_CURVE('',#5248,#1124,#5256,.T.);
#5256=LINE('',#5257,#5258);
#5257=CARTESIAN_POINT('',(-3.089200117,1.703677757,7.26));
#5258=VECTOR('',#5259,1.0);
#5259=DIRECTION('',(0.0,0.0,-1.0));
#5260=PLANE('',#5261);
#5261=AXIS2_PLACEMENT_3D('',#5262,#5263,#5264);
#5262=CARTESIAN_POINT('',(-3.089200117,1.641870873,7.26));
#5263=DIRECTION('',(-1.0,0.0,0.0));
#5264=DIRECTION('',(0.0,0.0,1.0));
#5265=ADVANCED_FACE('',(#5266),#5284,.T.);
#5266=FACE_BOUND('',#5267,.T.);
#5267=EDGE_LOOP('',(#5268,#5269,#5270,#5278));
#5268=ORIENTED_EDGE('',*,*,#1131,.F.);
#5269=ORIENTED_EDGE('',*,*,#5255,.F.);
#5270=ORIENTED_EDGE('',*,*,#5271,.T.);
#5271=EDGE_CURVE('',#5248,#5272,#5274,.T.);
#5272=VERTEX_POINT('',#5273);
#5273=CARTESIAN_POINT('',(-2.56444025,1.703677757,7.26));
#5274=LINE('',#5275,#5276);
#5275=CARTESIAN_POINT('',(-3.089200117,1.703677757,7.26));
#5276=VECTOR('',#5277,1.0);
#5277=DIRECTION('',(1.0,0.0,0.0));
#5278=ORIENTED_EDGE('',*,*,#5279,.T.);
#5279=EDGE_CURVE('',#5272,#1132,#5280,.T.);
#5280=LINE('',#5281,#5282);
#5281=CARTESIAN_POINT('',(-2.56444025,1.703677757,7.26));
#5282=VECTOR('',#5283,1.0);
#5283=DIRECTION('',(0.0,0.0,-1.0));
#5284=PLANE('',#5285);
#5285=AXIS2_PLACEMENT_3D('',#5286,#5287,#5288);
#5286=CARTESIAN_POINT('',(-3.089200117,1.703677757,7.26));
#5287=DIRECTION('',(0.0,1.0,0.0));
#5288=DIRECTION('',(0.0,0.0,1.0));
#5289=ADVANCED_FACE('',(#5290),#5308,.T.);
#5290=FACE_BOUND('',#5291,.T.);
#5291=EDGE_LOOP('',(#5292,#5293,#5294,#5302));
#5292=ORIENTED_EDGE('',*,*,#1139,.F.);
#5293=ORIENTED_EDGE('',*,*,#5279,.F.);
#5294=ORIENTED_EDGE('',*,*,#5295,.T.);
#5295=EDGE_CURVE('',#5272,#5296,#5298,.T.);
#5296=VERTEX_POINT('',#5297);
#5297=CARTESIAN_POINT('',(-2.561220864,1.641870873,7.26));
#5298=LINE('',#5299,#5300);
#5299=CARTESIAN_POINT('',(-2.56444025,1.703677757,7.26));
#5300=VECTOR('',#5301,1.0);
#5301=DIRECTION('',(0.0520173,-0.998646184,0.0));
#5302=ORIENTED_EDGE('',*,*,#5303,.T.);
#5303=EDGE_CURVE('',#5296,#1114,#5304,.T.);
#5304=LINE('',#5305,#5306);
#5305=CARTESIAN_POINT('',(-2.561220864,1.641870873,7.26));
#5306=VECTOR('',#5307,1.0);
#5307=DIRECTION('',(0.0,0.0,-1.0));
#5308=PLANE('',#5309);
#5309=AXIS2_PLACEMENT_3D('',#5310,#5311,#5312);
#5310=CARTESIAN_POINT('',(-2.56444025,1.703677757,7.26));
#5311=DIRECTION('',(0.998646184,0.0520173,0.0));
#5312=DIRECTION('',(-0.0520173,0.998646184,0.0));
#5313=ADVANCED_FACE('',(#5314),#5325,.T.);
#5314=FACE_BOUND('',#5315,.T.);
#5315=EDGE_LOOP('',(#5316,#5317,#5318,#5324));
#5316=ORIENTED_EDGE('',*,*,#1113,.F.);
#5317=ORIENTED_EDGE('',*,*,#5303,.F.);
#5318=ORIENTED_EDGE('',*,*,#5319,.T.);
#5319=EDGE_CURVE('',#5296,#5240,#5320,.T.);
#5320=LINE('',#5321,#5322);
#5321=CARTESIAN_POINT('',(-2.561220864,1.641870873,7.26));
#5322=VECTOR('',#5323,1.0);
#5323=DIRECTION('',(-1.0,0.0,0.0));
#5324=ORIENTED_EDGE('',*,*,#5239,.F.);
#5325=PLANE('',#5326);
#5326=AXIS2_PLACEMENT_3D('',#5327,#5328,#5329);
#5327=CARTESIAN_POINT('',(-2.561220864,1.641870873,7.26));
#5328=DIRECTION('',(0.0,-1.0,0.0));
#5329=DIRECTION('',(0.0,0.0,-1.0));
#5330=ADVANCED_FACE('',(#5331),#5337,.F.);
#5331=FACE_BOUND('',#5332,.T.);
#5332=EDGE_LOOP('',(#5333,#5334,#5335,#5336));
#5333=ORIENTED_EDGE('',*,*,#5247,.F.);
#5334=ORIENTED_EDGE('',*,*,#5319,.F.);
#5335=ORIENTED_EDGE('',*,*,#5295,.F.);
#5336=ORIENTED_EDGE('',*,*,#5271,.F.);
#5337=PLANE('',#5338);
#5338=AXIS2_PLACEMENT_3D('',#5339,#5340,#5341);
#5339=CARTESIAN_POINT('',(0.0,0.0,7.26));
#5340=DIRECTION('',(0.0,0.0,-1.0));
#5341=DIRECTION('',(-1.0,0.0,0.0));
#5342=ADVANCED_FACE('',(#5343),#5368,.T.);
#5343=FACE_BOUND('',#5344,.T.);
#5344=EDGE_LOOP('',(#5345,#5346,#5354,#5362));
#5345=ORIENTED_EDGE('',*,*,#1157,.F.);
#5346=ORIENTED_EDGE('',*,*,#5347,.T.);
#5347=EDGE_CURVE('',#1150,#5348,#5350,.F.);
#5348=VERTEX_POINT('',#5349);
#5349=CARTESIAN_POINT('',(-3.089200117,1.161676882,7.26));
#5350=LINE('',#5351,#5352);
#5351=CARTESIAN_POINT('',(-3.089200117,1.161676882,7.26));
#5352=VECTOR('',#5353,1.0);
#5353=DIRECTION('',(0.0,0.0,-1.0));
#5354=ORIENTED_EDGE('',*,*,#5355,.T.);
#5355=EDGE_CURVE('',#5348,#5356,#5358,.T.);
#5356=VERTEX_POINT('',#5357);
#5357=CARTESIAN_POINT('',(-3.089200117,1.223483766,7.26));
#5358=LINE('',#5359,#5360);
#5359=CARTESIAN_POINT('',(-3.089200117,1.161676882,7.26));
#5360=VECTOR('',#5361,1.0);
#5361=DIRECTION('',(0.0,1.0,0.0));
#5362=ORIENTED_EDGE('',*,*,#5363,.T.);
#5363=EDGE_CURVE('',#5356,#1158,#5364,.T.);
#5364=LINE('',#5365,#5366);
#5365=CARTESIAN_POINT('',(-3.089200117,1.223483766,7.26));
#5366=VECTOR('',#5367,1.0);
#5367=DIRECTION('',(0.0,0.0,-1.0));
#5368=PLANE('',#5369);
#5369=AXIS2_PLACEMENT_3D('',#5370,#5371,#5372);
#5370=CARTESIAN_POINT('',(-3.089200117,1.161676882,7.26));
#5371=DIRECTION('',(-1.0,0.0,0.0));
#5372=DIRECTION('',(0.0,0.0,1.0));
#5373=ADVANCED_FACE('',(#5374),#5392,.T.);
#5374=FACE_BOUND('',#5375,.T.);
#5375=EDGE_LOOP('',(#5376,#5377,#5378,#5386));
#5376=ORIENTED_EDGE('',*,*,#1165,.F.);
#5377=ORIENTED_EDGE('',*,*,#5363,.F.);
#5378=ORIENTED_EDGE('',*,*,#5379,.T.);
#5379=EDGE_CURVE('',#5356,#5380,#5382,.T.);
#5380=VERTEX_POINT('',#5381);
#5381=CARTESIAN_POINT('',(-2.53940354,1.223483766,7.26));
#5382=LINE('',#5383,#5384);
#5383=CARTESIAN_POINT('',(-3.089200117,1.223483766,7.26));
#5384=VECTOR('',#5385,1.0);
#5385=DIRECTION('',(1.0,0.0,0.0));
#5386=ORIENTED_EDGE('',*,*,#5387,.T.);
#5387=EDGE_CURVE('',#5380,#1166,#5388,.T.);
#5388=LINE('',#5389,#5390);
#5389=CARTESIAN_POINT('',(-2.53940354,1.223483766,7.26));
#5390=VECTOR('',#5391,1.0);
#5391=DIRECTION('',(0.0,0.0,-1.0));
#5392=PLANE('',#5393);
#5393=AXIS2_PLACEMENT_3D('',#5394,#5395,#5396);
#5394=CARTESIAN_POINT('',(-3.089200117,1.223483766,7.26));
#5395=DIRECTION('',(0.0,1.0,0.0));
#5396=DIRECTION('',(0.0,0.0,1.0));
#5397=ADVANCED_FACE('',(#5398),#5416,.T.);
#5398=FACE_BOUND('',#5399,.T.);
#5399=EDGE_LOOP('',(#5400,#5401,#5402,#5410));
#5400=ORIENTED_EDGE('',*,*,#1173,.F.);
#5401=ORIENTED_EDGE('',*,*,#5387,.F.);
#5402=ORIENTED_EDGE('',*,*,#5403,.T.);
#5403=EDGE_CURVE('',#5380,#5404,#5406,.T.);
#5404=VERTEX_POINT('',#5405);
#5405=CARTESIAN_POINT('',(-2.536184154,1.161676882,7.26));
#5406=LINE('',#5407,#5408);
#5407=CARTESIAN_POINT('',(-2.53940354,1.223483766,7.26));
#5408=VECTOR('',#5409,1.0);
#5409=DIRECTION('',(0.0520173,-0.998646184,0.0));
#5410=ORIENTED_EDGE('',*,*,#5411,.T.);
#5411=EDGE_CURVE('',#5404,#1148,#5412,.T.);
#5412=LINE('',#5413,#5414);
#5413=CARTESIAN_POINT('',(-2.536184154,1.161676882,7.26));
#5414=VECTOR('',#5415,1.0);
#5415=DIRECTION('',(0.0,0.0,-1.0));
#5416=PLANE('',#5417);
#5417=AXIS2_PLACEMENT_3D('',#5418,#5419,#5420);
#5418=CARTESIAN_POINT('',(-2.53940354,1.223483766,7.26));
#5419=DIRECTION('',(0.998646184,0.0520173,0.0));
#5420=DIRECTION('',(-0.0520173,0.998646184,0.0));
#5421=ADVANCED_FACE('',(#5422),#5433,.T.);
#5422=FACE_BOUND('',#5423,.T.);
#5423=EDGE_LOOP('',(#5424,#5425,#5426,#5432));
#5424=ORIENTED_EDGE('',*,*,#1147,.F.);
#5425=ORIENTED_EDGE('',*,*,#5411,.F.);
#5426=ORIENTED_EDGE('',*,*,#5427,.T.);
#5427=EDGE_CURVE('',#5404,#5348,#5428,.T.);
#5428=LINE('',#5429,#5430);
#5429=CARTESIAN_POINT('',(-2.536184154,1.161676882,7.26));
#5430=VECTOR('',#5431,1.0);
#5431=DIRECTION('',(-1.0,0.0,0.0));
#5432=ORIENTED_EDGE('',*,*,#5347,.F.);
#5433=PLANE('',#5434);
#5434=AXIS2_PLACEMENT_3D('',#5435,#5436,#5437);
#5435=CARTESIAN_POINT('',(-2.536184154,1.161676882,7.26));
#5436=DIRECTION('',(0.0,-1.0,0.0));
#5437=DIRECTION('',(0.0,0.0,-1.0));
#5438=ADVANCED_FACE('',(#5439),#5445,.F.);
#5439=FACE_BOUND('',#5440,.T.);
#5440=EDGE_LOOP('',(#5441,#5442,#5443,#5444));
#5441=ORIENTED_EDGE('',*,*,#5355,.F.);
#5442=ORIENTED_EDGE('',*,*,#5427,.F.);
#5443=ORIENTED_EDGE('',*,*,#5403,.F.);
#5444=ORIENTED_EDGE('',*,*,#5379,.F.);
#5445=PLANE('',#5446);
#5446=AXIS2_PLACEMENT_3D('',#5447,#5448,#5449);
#5447=CARTESIAN_POINT('',(0.0,0.0,7.26));
#5448=DIRECTION('',(0.0,0.0,-1.0));
#5449=DIRECTION('',(-1.0,0.0,0.0));
#5450=ADVANCED_FACE('',(#5451),#5476,.T.);
#5451=FACE_BOUND('',#5452,.T.);
#5452=EDGE_LOOP('',(#5453,#5454,#5462,#5470));
#5453=ORIENTED_EDGE('',*,*,#1191,.F.);
#5454=ORIENTED_EDGE('',*,*,#5455,.T.);
#5455=EDGE_CURVE('',#1184,#5456,#5458,.F.);
#5456=VERTEX_POINT('',#5457);
#5457=CARTESIAN_POINT('',(-3.089200117,2.122064864,7.26));
#5458=LINE('',#5459,#5460);
#5459=CARTESIAN_POINT('',(-3.089200117,2.122064864,7.26));
#5460=VECTOR('',#5461,1.0);
#5461=DIRECTION('',(0.0,0.0,-1.0));
#5462=ORIENTED_EDGE('',*,*,#5463,.T.);
#5463=EDGE_CURVE('',#5456,#5464,#5466,.T.);
#5464=VERTEX_POINT('',#5465);
#5465=CARTESIAN_POINT('',(-3.089200117,2.183871748,7.26));
#5466=LINE('',#5467,#5468);
#5467=CARTESIAN_POINT('',(-3.089200117,2.122064864,7.26));
#5468=VECTOR('',#5469,1.0);
#5469=DIRECTION('',(0.0,1.0,0.0));
#5470=ORIENTED_EDGE('',*,*,#5471,.T.);
#5471=EDGE_CURVE('',#5464,#1192,#5472,.T.);
#5472=LINE('',#5473,#5474);
#5473=CARTESIAN_POINT('',(-3.089200117,2.183871748,7.26));
#5474=VECTOR('',#5475,1.0);
#5475=DIRECTION('',(0.0,0.0,-1.0));
#5476=PLANE('',#5477);
#5477=AXIS2_PLACEMENT_3D('',#5478,#5479,#5480);
#5478=CARTESIAN_POINT('',(-3.089200117,2.122064864,7.26));
#5479=DIRECTION('',(-1.0,0.0,0.0));
#5480=DIRECTION('',(0.0,0.0,1.0));
#5481=ADVANCED_FACE('',(#5482),#5500,.T.);
#5482=FACE_BOUND('',#5483,.T.);
#5483=EDGE_LOOP('',(#5484,#5485,#5486,#5494));
#5484=ORIENTED_EDGE('',*,*,#1199,.F.);
#5485=ORIENTED_EDGE('',*,*,#5471,.F.);
#5486=ORIENTED_EDGE('',*,*,#5487,.T.);
#5487=EDGE_CURVE('',#5464,#5488,#5490,.T.);
#5488=VERTEX_POINT('',#5489);
#5489=CARTESIAN_POINT('',(-2.58947696,2.183845141,7.26));
#5490=LINE('',#5491,#5492);
#5491=CARTESIAN_POINT('',(-3.089200117,2.183871748,7.26));
#5492=VECTOR('',#5493,1.0);
#5493=DIRECTION('',(0.999999999,-5.324246612E-05,0.0));
#5494=ORIENTED_EDGE('',*,*,#5495,.T.);
#5495=EDGE_CURVE('',#5488,#1200,#5496,.T.);
#5496=LINE('',#5497,#5498);
#5497=CARTESIAN_POINT('',(-2.58947696,2.183845141,7.26));
#5498=VECTOR('',#5499,1.0);
#5499=DIRECTION('',(0.0,0.0,-1.0));
#5500=PLANE('',#5501);
#5501=AXIS2_PLACEMENT_3D('',#5502,#5503,#5504);
#5502=CARTESIAN_POINT('',(-3.089200117,2.183871748,7.26));
#5503=DIRECTION('',(5.324246612E-05,0.999999999,0.0));
#5504=DIRECTION('',(-0.999999999,5.324246612E-05,0.0));
#5505=ADVANCED_FACE('',(#5506),#5524,.T.);
#5506=FACE_BOUND('',#5507,.T.);
#5507=EDGE_LOOP('',(#5508,#5509,#5510,#5518));
#5508=ORIENTED_EDGE('',*,*,#1207,.F.);
#5509=ORIENTED_EDGE('',*,*,#5495,.F.);
#5510=ORIENTED_EDGE('',*,*,#5511,.T.);
#5511=EDGE_CURVE('',#5488,#5512,#5514,.T.);
#5512=VERTEX_POINT('',#5513);
#5513=CARTESIAN_POINT('',(-2.586257574,2.122064864,7.26));
#5514=LINE('',#5515,#5516);
#5515=CARTESIAN_POINT('',(-2.58947696,2.183845141,7.26));
#5516=VECTOR('',#5517,1.0);
#5517=DIRECTION('',(0.052039641,-0.99864502,0.0));
#5518=ORIENTED_EDGE('',*,*,#5519,.T.);
#5519=EDGE_CURVE('',#5512,#1182,#5520,.T.);
#5520=LINE('',#5521,#5522);
#5521=CARTESIAN_POINT('',(-2.586257574,2.122064864,7.26));
#5522=VECTOR('',#5523,1.0);
#5523=DIRECTION('',(0.0,0.0,-1.0));
#5524=PLANE('',#5525);
#5525=AXIS2_PLACEMENT_3D('',#5526,#5527,#5528);
#5526=CARTESIAN_POINT('',(-2.58947696,2.183845141,7.26));
#5527=DIRECTION('',(0.99864502,0.052039641,0.0));
#5528=DIRECTION('',(-0.052039641,0.99864502,0.0));
#5529=ADVANCED_FACE('',(#5530),#5541,.T.);
#5530=FACE_BOUND('',#5531,.T.);
#5531=EDGE_LOOP('',(#5532,#5533,#5534,#5540));
#5532=ORIENTED_EDGE('',*,*,#1181,.F.);
#5533=ORIENTED_EDGE('',*,*,#5519,.F.);
#5534=ORIENTED_EDGE('',*,*,#5535,.T.);
#5535=EDGE_CURVE('',#5512,#5456,#5536,.T.);
#5536=LINE('',#5537,#5538);
#5537=CARTESIAN_POINT('',(-2.586257574,2.122064864,7.26));
#5538=VECTOR('',#5539,1.0);
#5539=DIRECTION('',(-1.0,0.0,0.0));
#5540=ORIENTED_EDGE('',*,*,#5455,.F.);
#5541=PLANE('',#5542);
#5542=AXIS2_PLACEMENT_3D('',#5543,#5544,#5545);
#5543=CARTESIAN_POINT('',(-2.586257574,2.122064864,7.26));
#5544=DIRECTION('',(0.0,-1.0,0.0));
#5545=DIRECTION('',(0.0,0.0,-1.0));
#5546=ADVANCED_FACE('',(#5547),#5553,.T.);
#5547=FACE_BOUND('',#5548,.T.);
#5548=EDGE_LOOP('',(#5549,#5550,#5551,#5552));
#5549=ORIENTED_EDGE('',*,*,#5463,.F.);
#5550=ORIENTED_EDGE('',*,*,#5535,.F.);
#5551=ORIENTED_EDGE('',*,*,#5511,.F.);
#5552=ORIENTED_EDGE('',*,*,#5487,.F.);
#5553=PLANE('',#5554);
#5554=AXIS2_PLACEMENT_3D('',#5555,#5556,#5557);
#5555=CARTESIAN_POINT('',(0.0,0.0,7.26));
#5556=DIRECTION('',(0.0,0.0,1.0));
#5557=DIRECTION('',(1.0,0.0,0.0));
#5558=ADVANCED_FACE('',(#5559),#5584,.T.);
#5559=FACE_BOUND('',#5560,.T.);
#5560=EDGE_LOOP('',(#5561,#5562,#5570,#5578));
#5561=ORIENTED_EDGE('',*,*,#1225,.F.);
#5562=ORIENTED_EDGE('',*,*,#5563,.T.);
#5563=EDGE_CURVE('',#1218,#5564,#5566,.F.);
#5564=VERTEX_POINT('',#5565);
#5565=CARTESIAN_POINT('',(-2.393999054,0.8048572,7.26));
#5566=LINE('',#5567,#5568);
#5567=CARTESIAN_POINT('',(-2.393999054,0.8048572,7.26));
#5568=VECTOR('',#5569,1.0);
#5569=DIRECTION('',(0.0,0.0,-1.0));
#5570=ORIENTED_EDGE('',*,*,#5571,.T.);
#5571=EDGE_CURVE('',#5564,#5572,#5574,.T.);
#5572=VERTEX_POINT('',#5573);
#5573=CARTESIAN_POINT('',(-2.483529904,2.521854032,7.26));
#5574=LINE('',#5575,#5576);
#5575=CARTESIAN_POINT('',(-2.393999054,0.8048572,7.26));
#5576=VECTOR('',#5577,1.0);
#5577=DIRECTION('',(-0.052073119,0.998643275,0.0));
#5578=ORIENTED_EDGE('',*,*,#5579,.T.);
#5579=EDGE_CURVE('',#5572,#1226,#5580,.T.);
#5580=LINE('',#5581,#5582);
#5581=CARTESIAN_POINT('',(-2.483529904,2.521854032,7.26));
#5582=VECTOR('',#5583,1.0);
#5583=DIRECTION('',(0.0,0.0,-1.0));
#5584=PLANE('',#5585);
#5585=AXIS2_PLACEMENT_3D('',#5586,#5587,#5588);
#5586=CARTESIAN_POINT('',(-2.393999054,0.8048572,7.26));
#5587=DIRECTION('',(-0.998643275,-0.052073119,0.0));
#5588=DIRECTION('',(0.052073119,-0.998643275,0.0));
#5589=ADVANCED_FACE('',(#5590),#5608,.T.);
#5590=FACE_BOUND('',#5591,.T.);
#5591=EDGE_LOOP('',(#5592,#5593,#5594,#5602));
#5592=ORIENTED_EDGE('',*,*,#1233,.F.);
#5593=ORIENTED_EDGE('',*,*,#5579,.F.);
#5594=ORIENTED_EDGE('',*,*,#5595,.T.);
#5595=EDGE_CURVE('',#5572,#5596,#5598,.T.);
#5596=VERTEX_POINT('',#5597);
#5597=CARTESIAN_POINT('',(-2.051653305,2.521854032,7.26));
#5598=LINE('',#5599,#5600);
#5599=CARTESIAN_POINT('',(-2.483529904,2.521854032,7.26));
#5600=VECTOR('',#5601,1.0);
#5601=DIRECTION('',(1.0,0.0,0.0));
#5602=ORIENTED_EDGE('',*,*,#5603,.T.);
#5603=EDGE_CURVE('',#5596,#1234,#5604,.T.);
#5604=LINE('',#5605,#5606);
#5605=CARTESIAN_POINT('',(-2.051653305,2.521854032,7.26));
#5606=VECTOR('',#5607,1.0);
#5607=DIRECTION('',(0.0,0.0,-1.0));
#5608=PLANE('',#5609);
#5609=AXIS2_PLACEMENT_3D('',#5610,#5611,#5612);
#5610=CARTESIAN_POINT('',(-2.483529904,2.521854032,7.26));
#5611=DIRECTION('',(0.0,1.0,0.0));
#5612=DIRECTION('',(0.0,0.0,1.0));
#5613=ADVANCED_FACE('',(#5614),#5632,.T.);
#5614=FACE_BOUND('',#5615,.T.);
#5615=EDGE_LOOP('',(#5616,#5617,#5618,#5626));
#5616=ORIENTED_EDGE('',*,*,#1241,.F.);
#5617=ORIENTED_EDGE('',*,*,#5603,.F.);
#5618=ORIENTED_EDGE('',*,*,#5619,.T.);
#5619=EDGE_CURVE('',#5596,#5620,#5622,.T.);
#5620=VERTEX_POINT('',#5621);
#5621=CARTESIAN_POINT('',(-2.009508619,1.63104203,7.26));
#5622=LINE('',#5623,#5624);
#5623=CARTESIAN_POINT('',(-2.051653305,2.521854032,7.26));
#5624=VECTOR('',#5625,1.0);
#5625=DIRECTION('',(0.047257557,-0.998882738,0.0));
#5626=ORIENTED_EDGE('',*,*,#5627,.T.);
#5627=EDGE_CURVE('',#5620,#1242,#5628,.T.);
#5628=LINE('',#5629,#5630);
#5629=CARTESIAN_POINT('',(-2.009508619,1.63104203,7.26));
#5630=VECTOR('',#5631,1.0);
#5631=DIRECTION('',(0.0,0.0,-1.0));
#5632=PLANE('',#5633);
#5633=AXIS2_PLACEMENT_3D('',#5634,#5635,#5636);
#5634=CARTESIAN_POINT('',(-2.051653305,2.521854032,7.26));
#5635=DIRECTION('',(0.998882738,0.047257557,0.0));
#5636=DIRECTION('',(-0.047257557,0.998882738,0.0));
#5637=ADVANCED_FACE('',(#5638),#5656,.T.);
#5638=FACE_BOUND('',#5639,.T.);
#5639=EDGE_LOOP('',(#5640,#5641,#5642,#5650));
#5640=ORIENTED_EDGE('',*,*,#1249,.F.);
#5641=ORIENTED_EDGE('',*,*,#5627,.F.);
#5642=ORIENTED_EDGE('',*,*,#5643,.T.);
#5643=EDGE_CURVE('',#5620,#5644,#5646,.T.);
#5644=VERTEX_POINT('',#5645);
#5645=CARTESIAN_POINT('',(-1.819910748,1.895084869,7.26));
#5646=LINE('',#5647,#5648);
#5647=CARTESIAN_POINT('',(-2.009508619,1.63104203,7.26));
#5648=VECTOR('',#5649,1.0);
#5649=DIRECTION('',(0.583264947,0.812281972,0.0));
#5650=ORIENTED_EDGE('',*,*,#5651,.T.);
#5651=EDGE_CURVE('',#5644,#1250,#5652,.T.);
#5652=LINE('',#5653,#5654);
#5653=CARTESIAN_POINT('',(-1.819910748,1.895084869,7.26));
#5654=VECTOR('',#5655,1.0);
#5655=DIRECTION('',(0.0,0.0,-1.0));
#5656=PLANE('',#5657);
#5657=AXIS2_PLACEMENT_3D('',#5658,#5659,#5660);
#5658=CARTESIAN_POINT('',(-2.009508619,1.63104203,7.26));
#5659=DIRECTION('',(-0.812281972,0.583264947,0.0));
#5660=DIRECTION('',(-0.583264947,-0.812281972,0.0));
#5661=ADVANCED_FACE('',(#5662),#5680,.T.);
#5662=FACE_BOUND('',#5663,.T.);
#5663=EDGE_LOOP('',(#5664,#5665,#5666,#5674));
#5664=ORIENTED_EDGE('',*,*,#1257,.F.);
#5665=ORIENTED_EDGE('',*,*,#5651,.F.);
#5666=ORIENTED_EDGE('',*,*,#5667,.T.);
#5667=EDGE_CURVE('',#5644,#5668,#5670,.T.);
#5668=VERTEX_POINT('',#5669);
#5669=CARTESIAN_POINT('',(-1.372229892,1.895084869,7.26));
#5670=LINE('',#5671,#5672);
#5671=CARTESIAN_POINT('',(-1.819910748,1.895084869,7.26));
#5672=VECTOR('',#5673,1.0);
#5673=DIRECTION('',(1.0,0.0,0.0));
#5674=ORIENTED_EDGE('',*,*,#5675,.T.);
#5675=EDGE_CURVE('',#5668,#1258,#5676,.T.);
#5676=LINE('',#5677,#5678);
#5677=CARTESIAN_POINT('',(-1.372229892,1.895084869,7.26));
#5678=VECTOR('',#5679,1.0);
#5679=DIRECTION('',(0.0,0.0,-1.0));
#5680=PLANE('',#5681);
#5681=AXIS2_PLACEMENT_3D('',#5682,#5683,#5684);
#5682=CARTESIAN_POINT('',(-1.819910748,1.895084869,7.26));
#5683=DIRECTION('',(0.0,1.0,0.0));
#5684=DIRECTION('',(0.0,0.0,1.0));
#5685=ADVANCED_FACE('',(#5686),#5704,.T.);
#5686=FACE_BOUND('',#5687,.T.);
#5687=EDGE_LOOP('',(#5688,#5689,#5690,#5698));
#5688=ORIENTED_EDGE('',*,*,#1265,.F.);
#5689=ORIENTED_EDGE('',*,*,#5675,.F.);
#5690=ORIENTED_EDGE('',*,*,#5691,.T.);
#5691=EDGE_CURVE('',#5668,#5692,#5694,.T.);
#5692=VERTEX_POINT('',#5693);
#5693=CARTESIAN_POINT('',(-1.324817121,1.621197627,7.26));
#5694=LINE('',#5695,#5696);
#5695=CARTESIAN_POINT('',(-1.372229892,1.895084869,7.26));
#5696=VECTOR('',#5697,1.0);
#5697=DIRECTION('',(0.170573604,-0.985344937,0.0));
#5698=ORIENTED_EDGE('',*,*,#5699,.T.);
#5699=EDGE_CURVE('',#5692,#1266,#5700,.T.);
#5700=LINE('',#5701,#5702);
#5701=CARTESIAN_POINT('',(-1.324817121,1.621197627,7.26));
#5702=VECTOR('',#5703,1.0);
#5703=DIRECTION('',(0.0,0.0,-1.0));
#5704=PLANE('',#5705);
#5705=AXIS2_PLACEMENT_3D('',#5706,#5707,#5708);
#5706=CARTESIAN_POINT('',(-1.372229892,1.895084869,7.26));
#5707=DIRECTION('',(0.985344937,0.170573604,0.0));
#5708=DIRECTION('',(-0.170573604,0.985344937,0.0));
#5709=ADVANCED_FACE('',(#5710),#5728,.T.);
#5710=FACE_BOUND('',#5711,.T.);
#5711=EDGE_LOOP('',(#5712,#5713,#5714,#5722));
#5712=ORIENTED_EDGE('',*,*,#1273,.F.);
#5713=ORIENTED_EDGE('',*,*,#5699,.F.);
#5714=ORIENTED_EDGE('',*,*,#5715,.T.);
#5715=EDGE_CURVE('',#5692,#5716,#5718,.T.);
#5716=VERTEX_POINT('',#5717);
#5717=CARTESIAN_POINT('',(-0.787578808,2.521854032,7.26));
#5718=LINE('',#5719,#5720);
#5719=CARTESIAN_POINT('',(-1.324817121,1.621197627,7.26));
#5720=VECTOR('',#5721,1.0);
#5721=DIRECTION('',(0.512281584,0.858817547,0.0));
#5722=ORIENTED_EDGE('',*,*,#5723,.T.);
#5723=EDGE_CURVE('',#5716,#1274,#5724,.T.);
#5724=LINE('',#5725,#5726);
#5725=CARTESIAN_POINT('',(-0.787578808,2.521854032,7.26));
#5726=VECTOR('',#5727,1.0);
#5727=DIRECTION('',(0.0,0.0,-1.0));
#5728=PLANE('',#5729);
#5729=AXIS2_PLACEMENT_3D('',#5730,#5731,#5732);
#5730=CARTESIAN_POINT('',(-1.324817121,1.621197627,7.26));
#5731=DIRECTION('',(-0.858817547,0.512281584,0.0));
#5732=DIRECTION('',(-0.512281584,-0.858817547,0.0));
#5733=ADVANCED_FACE('',(#5734),#5752,.T.);
#5734=FACE_BOUND('',#5735,.T.);
#5735=EDGE_LOOP('',(#5736,#5737,#5738,#5746));
#5736=ORIENTED_EDGE('',*,*,#1281,.F.);
#5737=ORIENTED_EDGE('',*,*,#5723,.F.);
#5738=ORIENTED_EDGE('',*,*,#5739,.T.);
#5739=EDGE_CURVE('',#5716,#5740,#5742,.T.);
#5740=VERTEX_POINT('',#5741);
#5741=CARTESIAN_POINT('',(-0.303021352,2.521854032,7.26));
#5742=LINE('',#5743,#5744);
#5743=CARTESIAN_POINT('',(-0.787578808,2.521854032,7.26));
#5744=VECTOR('',#5745,1.0);
#5745=DIRECTION('',(1.0,0.0,0.0));
#5746=ORIENTED_EDGE('',*,*,#5747,.T.);
#5747=EDGE_CURVE('',#5740,#1282,#5748,.T.);
#5748=LINE('',#5749,#5750);
#5749=CARTESIAN_POINT('',(-0.303021352,2.521854032,7.26));
#5750=VECTOR('',#5751,1.0);
#5751=DIRECTION('',(0.0,0.0,-1.0));
#5752=PLANE('',#5753);
#5753=AXIS2_PLACEMENT_3D('',#5754,#5755,#5756);
#5754=CARTESIAN_POINT('',(-0.787578808,2.521854032,7.26));
#5755=DIRECTION('',(0.0,1.0,0.0));
#5756=DIRECTION('',(0.0,0.0,1.0));
#5757=ADVANCED_FACE('',(#5758),#5776,.T.);
#5758=FACE_BOUND('',#5759,.T.);
#5759=EDGE_LOOP('',(#5760,#5761,#5762,#5770));
#5760=ORIENTED_EDGE('',*,*,#1289,.F.);
#5761=ORIENTED_EDGE('',*,*,#5747,.F.);
#5762=ORIENTED_EDGE('',*,*,#5763,.T.);
#5763=EDGE_CURVE('',#5740,#5764,#5766,.T.);
#5764=VERTEX_POINT('',#5765);
#5765=CARTESIAN_POINT('',(-1.309012864,0.8048572,7.26));
#5766=LINE('',#5767,#5768);
#5767=CARTESIAN_POINT('',(-0.303021352,2.521854032,7.26));
#5768=VECTOR('',#5769,1.0);
#5769=DIRECTION('',(-0.505523561,-0.862812801,0.0));
#5770=ORIENTED_EDGE('',*,*,#5771,.T.);
#5771=EDGE_CURVE('',#5764,#1290,#5772,.T.);
#5772=LINE('',#5773,#5774);
#5773=CARTESIAN_POINT('',(-1.309012864,0.8048572,7.26));
#5774=VECTOR('',#5775,1.0);
#5775=DIRECTION('',(0.0,0.0,-1.0));
#5776=PLANE('',#5777);
#5777=AXIS2_PLACEMENT_3D('',#5778,#5779,#5780);
#5778=CARTESIAN_POINT('',(-0.303021352,2.521854032,7.26));
#5779=DIRECTION('',(0.862812801,-0.505523561,0.0));
#5780=DIRECTION('',(0.505523561,0.862812801,0.0));
#5781=ADVANCED_FACE('',(#5782),#5800,.T.);
#5782=FACE_BOUND('',#5783,.T.);
#5783=EDGE_LOOP('',(#5784,#5785,#5786,#5794));
#5784=ORIENTED_EDGE('',*,*,#1297,.F.);
#5785=ORIENTED_EDGE('',*,*,#5771,.F.);
#5786=ORIENTED_EDGE('',*,*,#5787,.T.);
#5787=EDGE_CURVE('',#5764,#5788,#5790,.T.);
#5788=VERTEX_POINT('',#5789);
#5789=CARTESIAN_POINT('',(-1.751425634,0.8048572,7.26));
#5790=LINE('',#5791,#5792);
#5791=CARTESIAN_POINT('',(-1.309012864,0.8048572,7.26));
#5792=VECTOR('',#5793,1.0);
#5793=DIRECTION('',(-1.0,0.0,0.0));
#5794=ORIENTED_EDGE('',*,*,#5795,.T.);
#5795=EDGE_CURVE('',#5788,#1298,#5796,.T.);
#5796=LINE('',#5797,#5798);
#5797=CARTESIAN_POINT('',(-1.751425634,0.8048572,7.26));
#5798=VECTOR('',#5799,1.0);
#5799=DIRECTION('',(0.0,0.0,-1.0));
#5800=PLANE('',#5801);
#5801=AXIS2_PLACEMENT_3D('',#5802,#5803,#5804);
#5802=CARTESIAN_POINT('',(-1.309012864,0.8048572,7.26));
#5803=DIRECTION('',(0.0,-1.0,0.0));
#5804=DIRECTION('',(0.0,0.0,-1.0));
#5805=ADVANCED_FACE('',(#5806),#5824,.T.);
#5806=FACE_BOUND('',#5807,.T.);
#5807=EDGE_LOOP('',(#5808,#5809,#5810,#5818));
#5808=ORIENTED_EDGE('',*,*,#1305,.F.);
#5809=ORIENTED_EDGE('',*,*,#5795,.F.);
#5810=ORIENTED_EDGE('',*,*,#5811,.T.);
#5811=EDGE_CURVE('',#5788,#5812,#5814,.T.);
#5812=VERTEX_POINT('',#5813);
#5813=CARTESIAN_POINT('',(-1.79357032,1.099790178,7.26));
#5814=LINE('',#5815,#5816);
#5815=CARTESIAN_POINT('',(-1.751425634,0.8048572,7.26));
#5816=VECTOR('',#5817,1.0);
#5817=DIRECTION('',(-0.141458864,0.989944135,0.0));
#5818=ORIENTED_EDGE('',*,*,#5819,.T.);
#5819=EDGE_CURVE('',#5812,#1306,#5820,.T.);
#5820=LINE('',#5821,#5822);
#5821=CARTESIAN_POINT('',(-1.79357032,1.099790178,7.26));
#5822=VECTOR('',#5823,1.0);
#5823=DIRECTION('',(0.0,0.0,-1.0));
#5824=PLANE('',#5825);
#5825=AXIS2_PLACEMENT_3D('',#5826,#5827,#5828);
#5826=CARTESIAN_POINT('',(-1.751425634,0.8048572,7.26));
#5827=DIRECTION('',(-0.989944135,-0.141458864,0.0));
#5828=DIRECTION('',(0.141458864,-0.989944135,0.0));
#5829=ADVANCED_FACE('',(#5830),#5848,.T.);
#5830=FACE_BOUND('',#5831,.T.);
#5831=EDGE_LOOP('',(#5832,#5833,#5834,#5842));
#5832=ORIENTED_EDGE('',*,*,#1313,.F.);
#5833=ORIENTED_EDGE('',*,*,#5819,.F.);
#5834=ORIENTED_EDGE('',*,*,#5835,.T.);
#5835=EDGE_CURVE('',#5812,#5836,#5838,.T.);
#5836=VERTEX_POINT('',#5837);
#5837=CARTESIAN_POINT('',(-1.988436276,0.8048572,7.26));
#5838=LINE('',#5839,#5840);
#5839=CARTESIAN_POINT('',(-1.79357032,1.099790178,7.26));
#5840=VECTOR('',#5841,1.0);
#5841=DIRECTION('',(-0.55125633,-0.834335939,0.0));
#5842=ORIENTED_EDGE('',*,*,#5843,.T.);
#5843=EDGE_CURVE('',#5836,#1216,#5844,.T.);
#5844=LINE('',#5845,#5846);
#5845=CARTESIAN_POINT('',(-1.988436276,0.8048572,7.26));
#5846=VECTOR('',#5847,1.0);
#5847=DIRECTION('',(0.0,0.0,-1.0));
#5848=PLANE('',#5849);
#5849=AXIS2_PLACEMENT_3D('',#5850,#5851,#5852);
#5850=CARTESIAN_POINT('',(-1.79357032,1.099790178,7.26));
#5851=DIRECTION('',(0.834335939,-0.55125633,0.0));
#5852=DIRECTION('',(0.55125633,0.834335939,0.0));
#5853=ADVANCED_FACE('',(#5854),#5865,.T.);
#5854=FACE_BOUND('',#5855,.T.);
#5855=EDGE_LOOP('',(#5856,#5857,#5858,#5864));
#5856=ORIENTED_EDGE('',*,*,#1215,.F.);
#5857=ORIENTED_EDGE('',*,*,#5843,.F.);
#5858=ORIENTED_EDGE('',*,*,#5859,.T.);
#5859=EDGE_CURVE('',#5836,#5564,#5860,.T.);
#5860=LINE('',#5861,#5862);
#5861=CARTESIAN_POINT('',(-1.988436276,0.8048572,7.26));
#5862=VECTOR('',#5863,1.0);
#5863=DIRECTION('',(-1.0,0.0,0.0));
#5864=ORIENTED_EDGE('',*,*,#5563,.F.);
#5865=PLANE('',#5866);
#5866=AXIS2_PLACEMENT_3D('',#5867,#5868,#5869);
#5867=CARTESIAN_POINT('',(-1.988436276,0.8048572,7.26));
#5868=DIRECTION('',(0.0,-1.0,0.0));
#5869=DIRECTION('',(0.0,0.0,-1.0));
#5870=ADVANCED_FACE('',(#5871),#5886,.F.);
#5871=FACE_BOUND('',#5872,.T.);
#5872=EDGE_LOOP('',(#5873,#5874,#5875,#5876,#5877,#5878,#5879,#5880,#5881,#5882,#5883,#5884,#5885));
#5873=ORIENTED_EDGE('',*,*,#5571,.F.);
#5874=ORIENTED_EDGE('',*,*,#5859,.F.);
#5875=ORIENTED_EDGE('',*,*,#5835,.F.);
#5876=ORIENTED_EDGE('',*,*,#5811,.F.);
#5877=ORIENTED_EDGE('',*,*,#5787,.F.);
#5878=ORIENTED_EDGE('',*,*,#5763,.F.);
#5879=ORIENTED_EDGE('',*,*,#5739,.F.);
#5880=ORIENTED_EDGE('',*,*,#5715,.F.);
#5881=ORIENTED_EDGE('',*,*,#5691,.F.);
#5882=ORIENTED_EDGE('',*,*,#5667,.F.);
#5883=ORIENTED_EDGE('',*,*,#5643,.F.);
#5884=ORIENTED_EDGE('',*,*,#5619,.F.);
#5885=ORIENTED_EDGE('',*,*,#5595,.F.);
#5886=PLANE('',#5887);
#5887=AXIS2_PLACEMENT_3D('',#5888,#5889,#5890);
#5888=CARTESIAN_POINT('',(0.0,0.0,7.26));
#5889=DIRECTION('',(0.0,0.0,-1.0));
#5890=DIRECTION('',(-1.0,0.0,0.0));
#5891=ADVANCED_FACE('',(#5892),#5917,.F.);
#5892=FACE_BOUND('',#5893,.T.);
#5893=EDGE_LOOP('',(#5894,#5895,#5903,#5911));
#5894=ORIENTED_EDGE('',*,*,#1321,.F.);
#5895=ORIENTED_EDGE('',*,*,#5896,.T.);
#5896=EDGE_CURVE('',#1322,#5897,#5899,.F.);
#5897=VERTEX_POINT('',#5898);
#5898=CARTESIAN_POINT('',(-0.181775562,2.521854032,7.26));
#5899=LINE('',#5900,#5901);
#5900=CARTESIAN_POINT('',(-0.181775562,2.521854032,7.26));
#5901=VECTOR('',#5902,1.0);
#5902=DIRECTION('',(0.0,0.0,-1.0));
#5903=ORIENTED_EDGE('',*,*,#5904,.T.);
#5904=EDGE_CURVE('',#5897,#5905,#5907,.F.);
#5905=VERTEX_POINT('',#5906);
#5906=CARTESIAN_POINT('',(1.044730566,2.521854032,7.26));
#5907=LINE('',#5908,#5909);
#5908=CARTESIAN_POINT('',(1.044730566,2.521854032,7.26));
#5909=VECTOR('',#5910,1.0);
#5910=DIRECTION('',(-1.0,0.0,0.0));
#5911=ORIENTED_EDGE('',*,*,#5912,.T.);
#5912=EDGE_CURVE('',#5905,#1324,#5913,.T.);
#5913=LINE('',#5914,#5915);
#5914=CARTESIAN_POINT('',(1.044730566,2.521854032,7.26));
#5915=VECTOR('',#5916,1.0);
#5916=DIRECTION('',(0.0,0.0,-1.0));
#5917=PLANE('',#5918);
#5918=AXIS2_PLACEMENT_3D('',#5919,#5920,#5921);
#5919=CARTESIAN_POINT('',(1.044730566,2.521854032,7.26));
#5920=DIRECTION('',(0.0,-1.0,0.0));
#5921=DIRECTION('',(0.0,0.0,-1.0));
#5922=ADVANCED_FACE('',(#5923),#5941,.F.);
#5923=FACE_BOUND('',#5924,.T.);
#5924=EDGE_LOOP('',(#5925,#5926,#5934,#5940));
#5925=ORIENTED_EDGE('',*,*,#1411,.F.);
#5926=ORIENTED_EDGE('',*,*,#5927,.T.);
#5927=EDGE_CURVE('',#1404,#5928,#5930,.F.);
#5928=VERTEX_POINT('',#5929);
#5929=CARTESIAN_POINT('',(-1.182498988,0.8048572,7.26));
#5930=LINE('',#5931,#5932);
#5931=CARTESIAN_POINT('',(-1.182498988,0.8048572,7.26));
#5932=VECTOR('',#5933,1.0);
#5933=DIRECTION('',(0.0,0.0,-1.0));
#5934=ORIENTED_EDGE('',*,*,#5935,.T.);
#5935=EDGE_CURVE('',#5928,#5897,#5936,.F.);
#5936=LINE('',#5937,#5938);
#5937=CARTESIAN_POINT('',(-0.181775562,2.521854032,7.26));
#5938=VECTOR('',#5939,1.0);
#5939=DIRECTION('',(-0.503548846,-0.863966758,0.0));
#5940=ORIENTED_EDGE('',*,*,#5896,.F.);
#5941=PLANE('',#5942);
#5942=AXIS2_PLACEMENT_3D('',#5943,#5944,#5945);
#5943=CARTESIAN_POINT('',(-0.181775562,2.521854032,7.26));
#5944=DIRECTION('',(0.863966758,-0.503548846,0.0));
#5945=DIRECTION('',(0.503548846,0.863966758,0.0));
#5946=ADVANCED_FACE('',(#5947),#5965,.F.);
#5947=FACE_BOUND('',#5948,.T.);
#5948=EDGE_LOOP('',(#5949,#5950,#5958,#5964));
#5949=ORIENTED_EDGE('',*,*,#1403,.F.);
#5950=ORIENTED_EDGE('',*,*,#5951,.T.);
#5951=EDGE_CURVE('',#1396,#5952,#5954,.F.);
#5952=VERTEX_POINT('',#5953);
#5953=CARTESIAN_POINT('',(0.033045265,0.8048572,7.26));
#5954=LINE('',#5955,#5956);
#5955=CARTESIAN_POINT('',(0.033045265,0.8048572,7.26));
#5956=VECTOR('',#5957,1.0);
#5957=DIRECTION('',(0.0,0.0,-1.0));
#5958=ORIENTED_EDGE('',*,*,#5959,.T.);
#5959=EDGE_CURVE('',#5952,#5928,#5960,.F.);
#5960=LINE('',#5961,#5962);
#5961=CARTESIAN_POINT('',(-1.182498988,0.8048572,7.26));
#5962=VECTOR('',#5963,1.0);
#5963=DIRECTION('',(1.0,0.0,0.0));
#5964=ORIENTED_EDGE('',*,*,#5927,.F.);
#5965=PLANE('',#5966);
#5966=AXIS2_PLACEMENT_3D('',#5967,#5968,#5969);
#5967=CARTESIAN_POINT('',(-1.182498988,0.8048572,7.26));
#5968=DIRECTION('',(0.0,1.0,0.0));
#5969=DIRECTION('',(0.0,0.0,1.0));
#5970=ADVANCED_FACE('',(#5971),#5989,.F.);
#5971=FACE_BOUND('',#5972,.T.);
#5972=EDGE_LOOP('',(#5973,#5974,#5982,#5988));
#5973=ORIENTED_EDGE('',*,*,#1395,.F.);
#5974=ORIENTED_EDGE('',*,*,#5975,.T.);
#5975=EDGE_CURVE('',#1388,#5976,#5978,.F.);
#5976=VERTEX_POINT('',#5977);
#5977=CARTESIAN_POINT('',(0.28080493,1.223616798,7.26));
#5978=LINE('',#5979,#5980);
#5979=CARTESIAN_POINT('',(0.28080493,1.223616798,7.26));
#5980=VECTOR('',#5981,1.0);
#5981=DIRECTION('',(0.0,0.0,-1.0));
#5982=ORIENTED_EDGE('',*,*,#5983,.T.);
#5983=EDGE_CURVE('',#5976,#5952,#5984,.F.);
#5984=LINE('',#5985,#5986);
#5985=CARTESIAN_POINT('',(0.033045265,0.8048572,7.26));
#5986=VECTOR('',#5987,1.0);
#5987=DIRECTION('',(0.509202703,0.860646622,0.0));
#5988=ORIENTED_EDGE('',*,*,#5951,.F.);
#5989=PLANE('',#5990);
#5990=AXIS2_PLACEMENT_3D('',#5991,#5992,#5993);
#5991=CARTESIAN_POINT('',(0.033045265,0.8048572,7.26));
#5992=DIRECTION('',(-0.860646622,0.509202703,0.0));
#5993=DIRECTION('',(-0.509202703,-0.860646622,0.0));
#5994=ADVANCED_FACE('',(#5995),#6013,.F.);
#5995=FACE_BOUND('',#5996,.T.);
#5996=EDGE_LOOP('',(#5997,#5998,#6006,#6012));
#5997=ORIENTED_EDGE('',*,*,#1387,.F.);
#5998=ORIENTED_EDGE('',*,*,#5999,.T.);
#5999=EDGE_CURVE('',#1380,#6000,#6002,.F.);
#6000=VERTEX_POINT('',#6001);
#6001=CARTESIAN_POINT('',(-0.446350532,1.223616798,7.26));
#6002=LINE('',#6003,#6004);
#6003=CARTESIAN_POINT('',(-0.446350532,1.223616798,7.26));
#6004=VECTOR('',#6005,1.0);
#6005=DIRECTION('',(0.0,0.0,-1.0));
#6006=ORIENTED_EDGE('',*,*,#6007,.T.);
#6007=EDGE_CURVE('',#6000,#5976,#6008,.F.);
#6008=LINE('',#6009,#6010);
#6009=CARTESIAN_POINT('',(0.28080493,1.223616798,7.26));
#6010=VECTOR('',#6011,1.0);
#6011=DIRECTION('',(-1.0,0.0,0.0));
#6012=ORIENTED_EDGE('',*,*,#5975,.F.);
#6013=PLANE('',#6014);
#6014=AXIS2_PLACEMENT_3D('',#6015,#6016,#6017);
#6015=CARTESIAN_POINT('',(0.28080493,1.223616798,7.26));
#6016=DIRECTION('',(0.0,-1.0,0.0));
#6017=DIRECTION('',(0.0,0.0,-1.0));
#6018=ADVANCED_FACE('',(#6019),#6037,.F.);
#6019=FACE_BOUND('',#6020,.T.);
#6020=EDGE_LOOP('',(#6021,#6022,#6030,#6036));
#6021=ORIENTED_EDGE('',*,*,#1379,.F.);
#6022=ORIENTED_EDGE('',*,*,#6023,.T.);
#6023=EDGE_CURVE('',#1372,#6024,#6026,.F.);
#6024=VERTEX_POINT('',#6025);
#6025=CARTESIAN_POINT('',(-0.302223157,1.468476356,7.26));
#6026=LINE('',#6027,#6028);
#6027=CARTESIAN_POINT('',(-0.302223157,1.468476356,7.26));
#6028=VECTOR('',#6029,1.0);
#6029=DIRECTION('',(0.0,0.0,-1.0));
#6030=ORIENTED_EDGE('',*,*,#6031,.T.);
#6031=EDGE_CURVE('',#6024,#6000,#6032,.F.);
#6032=LINE('',#6033,#6034);
#6033=CARTESIAN_POINT('',(-0.446350532,1.223616798,7.26));
#6034=VECTOR('',#6035,1.0);
#6035=DIRECTION('',(0.507261555,0.861792153,0.0));
#6036=ORIENTED_EDGE('',*,*,#5999,.F.);
#6037=PLANE('',#6038);
#6038=AXIS2_PLACEMENT_3D('',#6039,#6040,#6041);
#6039=CARTESIAN_POINT('',(-0.446350532,1.223616798,7.26));
#6040=DIRECTION('',(-0.861792153,0.507261555,0.0));
#6041=DIRECTION('',(-0.507261555,-0.861792153,0.0));
#6042=ADVANCED_FACE('',(#6043),#6061,.F.);
#6043=FACE_BOUND('',#6044,.T.);
#6044=EDGE_LOOP('',(#6045,#6046,#6054,#6060));
#6045=ORIENTED_EDGE('',*,*,#1371,.F.);
#6046=ORIENTED_EDGE('',*,*,#6047,.T.);
#6047=EDGE_CURVE('',#1364,#6048,#6050,.F.);
#6048=VERTEX_POINT('',#6049);
#6049=CARTESIAN_POINT('',(0.424613027,1.468476356,7.26));
#6050=LINE('',#6051,#6052);
#6051=CARTESIAN_POINT('',(0.424613027,1.468476356,7.26));
#6052=VECTOR('',#6053,1.0);
#6053=DIRECTION('',(0.0,0.0,-1.0));
#6054=ORIENTED_EDGE('',*,*,#6055,.T.);
#6055=EDGE_CURVE('',#6048,#6024,#6056,.F.);
#6056=LINE('',#6057,#6058);
#6057=CARTESIAN_POINT('',(-0.302223157,1.468476356,7.26));
#6058=VECTOR('',#6059,1.0);
#6059=DIRECTION('',(1.0,0.0,0.0));
#6060=ORIENTED_EDGE('',*,*,#6023,.F.);
#6061=PLANE('',#6062);
#6062=AXIS2_PLACEMENT_3D('',#6063,#6064,#6065);
#6063=CARTESIAN_POINT('',(-0.302223157,1.468476356,7.26));
#6064=DIRECTION('',(0.0,1.0,0.0));
#6065=DIRECTION('',(0.0,0.0,1.0));
#6066=ADVANCED_FACE('',(#6067),#6085,.F.);
#6067=FACE_BOUND('',#6068,.T.);
#6068=EDGE_LOOP('',(#6069,#6070,#6078,#6084));
#6069=ORIENTED_EDGE('',*,*,#1363,.F.);
#6070=ORIENTED_EDGE('',*,*,#6071,.T.);
#6071=EDGE_CURVE('',#1356,#6072,#6074,.F.);
#6072=VERTEX_POINT('',#6073);
#6073=CARTESIAN_POINT('',(0.67420854,1.895084869,7.26));
#6074=LINE('',#6075,#6076);
#6075=CARTESIAN_POINT('',(0.67420854,1.895084869,7.26));
#6076=VECTOR('',#6077,1.0);
#6077=DIRECTION('',(0.0,0.0,-1.0));
#6078=ORIENTED_EDGE('',*,*,#6079,.T.);
#6079=EDGE_CURVE('',#6072,#6048,#6080,.F.);
#6080=LINE('',#6081,#6082);
#6081=CARTESIAN_POINT('',(0.424613027,1.468476356,7.26));
#6082=VECTOR('',#6083,1.0);
#6083=DIRECTION('',(0.504988503,0.863126069,0.0));
#6084=ORIENTED_EDGE('',*,*,#6047,.F.);
#6085=PLANE('',#6086);
#6086=AXIS2_PLACEMENT_3D('',#6087,#6088,#6089);
#6087=CARTESIAN_POINT('',(0.424613027,1.468476356,7.26));
#6088=DIRECTION('',(-0.863126069,0.504988503,0.0));
#6089=DIRECTION('',(-0.504988503,-0.863126069,0.0));
#6090=ADVANCED_FACE('',(#6091),#6109,.F.);
#6091=FACE_BOUND('',#6092,.T.);
#6092=EDGE_LOOP('',(#6093,#6094,#6102,#6108));
#6093=ORIENTED_EDGE('',*,*,#1355,.F.);
#6094=ORIENTED_EDGE('',*,*,#6095,.T.);
#6095=EDGE_CURVE('',#1348,#6096,#6098,.F.);
#6096=VERTEX_POINT('',#6097);
#6097=CARTESIAN_POINT('',(-0.049461471,1.895084869,7.26));
#6098=LINE('',#6099,#6100);
#6099=CARTESIAN_POINT('',(-0.049461471,1.895084869,7.26));
#6100=VECTOR('',#6101,1.0);
#6101=DIRECTION('',(0.0,0.0,-1.0));
#6102=ORIENTED_EDGE('',*,*,#6103,.T.);
#6103=EDGE_CURVE('',#6096,#6072,#6104,.F.);
#6104=LINE('',#6105,#6106);
#6105=CARTESIAN_POINT('',(0.67420854,1.895084869,7.26));
#6106=VECTOR('',#6107,1.0);
#6107=DIRECTION('',(-1.0,0.0,0.0));
#6108=ORIENTED_EDGE('',*,*,#6071,.F.);
#6109=PLANE('',#6110);
#6110=AXIS2_PLACEMENT_3D('',#6111,#6112,#6113);
#6111=CARTESIAN_POINT('',(0.67420854,1.895084869,7.26));
#6112=DIRECTION('',(0.0,-1.0,0.0));
#6113=DIRECTION('',(0.0,0.0,-1.0));
#6114=ADVANCED_FACE('',(#6115),#6133,.F.);
#6115=FACE_BOUND('',#6116,.T.);
#6116=EDGE_LOOP('',(#6117,#6118,#6126,#6132));
#6117=ORIENTED_EDGE('',*,*,#1347,.F.);
#6118=ORIENTED_EDGE('',*,*,#6119,.T.);
#6119=EDGE_CURVE('',#1340,#6120,#6122,.F.);
#6120=VERTEX_POINT('',#6121);
#6121=CARTESIAN_POINT('',(0.071943958,2.094686782,7.26));
#6122=LINE('',#6123,#6124);
#6123=CARTESIAN_POINT('',(0.071943958,2.094686782,7.26));
#6124=VECTOR('',#6125,1.0);
#6125=DIRECTION('',(0.0,0.0,-1.0));
#6126=ORIENTED_EDGE('',*,*,#6127,.T.);
#6127=EDGE_CURVE('',#6120,#6096,#6128,.F.);
#6128=LINE('',#6129,#6130);
#6129=CARTESIAN_POINT('',(-0.049461471,1.895084869,7.26));
#6130=VECTOR('',#6131,1.0);
#6131=DIRECTION('',(0.519661496,0.854372243,0.0));
#6132=ORIENTED_EDGE('',*,*,#6095,.F.);
#6133=PLANE('',#6134);
#6134=AXIS2_PLACEMENT_3D('',#6135,#6136,#6137);
#6135=CARTESIAN_POINT('',(-0.049461471,1.895084869,7.26));
#6136=DIRECTION('',(-0.854372243,0.519661496,0.0));
#6137=DIRECTION('',(-0.519661496,-0.854372243,0.0));
#6138=ADVANCED_FACE('',(#6139),#6157,.F.);
#6139=FACE_BOUND('',#6140,.T.);
#6140=EDGE_LOOP('',(#6141,#6142,#6150,#6156));
#6141=ORIENTED_EDGE('',*,*,#1339,.F.);
#6142=ORIENTED_EDGE('',*,*,#6143,.T.);
#6143=EDGE_CURVE('',#1332,#6144,#6146,.F.);
#6144=VERTEX_POINT('',#6145);
#6145=CARTESIAN_POINT('',(0.793299204,2.094686782,7.26));
#6146=LINE('',#6147,#6148);
#6147=CARTESIAN_POINT('',(0.793299204,2.094686782,7.26));
#6148=VECTOR('',#6149,1.0);
#6149=DIRECTION('',(0.0,0.0,-1.0));
#6150=ORIENTED_EDGE('',*,*,#6151,.T.);
#6151=EDGE_CURVE('',#6144,#6120,#6152,.F.);
#6152=LINE('',#6153,#6154);
#6153=CARTESIAN_POINT('',(0.071943958,2.094686782,7.26));
#6154=VECTOR('',#6155,1.0);
#6155=DIRECTION('',(1.0,0.0,0.0));
#6156=ORIENTED_EDGE('',*,*,#6119,.F.);
#6157=PLANE('',#6158);
#6158=AXIS2_PLACEMENT_3D('',#6159,#6160,#6161);
#6159=CARTESIAN_POINT('',(0.071943958,2.094686782,7.26));
#6160=DIRECTION('',(0.0,1.0,0.0));
#6161=DIRECTION('',(0.0,0.0,1.0));
#6162=ADVANCED_FACE('',(#6163),#6174,.F.);
#6163=FACE_BOUND('',#6164,.T.);
#6164=EDGE_LOOP('',(#6165,#6166,#6167,#6173));
#6165=ORIENTED_EDGE('',*,*,#1331,.F.);
#6166=ORIENTED_EDGE('',*,*,#5912,.F.);
#6167=ORIENTED_EDGE('',*,*,#6168,.T.);
#6168=EDGE_CURVE('',#5905,#6144,#6169,.F.);
#6169=LINE('',#6170,#6171);
#6170=CARTESIAN_POINT('',(0.793299204,2.094686782,7.26));
#6171=VECTOR('',#6172,1.0);
#6172=DIRECTION('',(0.507254689,0.861796194,0.0));
#6173=ORIENTED_EDGE('',*,*,#6143,.F.);
#6174=PLANE('',#6175);
#6175=AXIS2_PLACEMENT_3D('',#6176,#6177,#6178);
#6176=CARTESIAN_POINT('',(0.793299204,2.094686782,7.26));
#6177=DIRECTION('',(-0.861796194,0.507254689,0.0));
#6178=DIRECTION('',(-0.507254689,-0.861796194,0.0));
#6179=ADVANCED_FACE('',(#6180),#6194,.T.);
#6180=FACE_BOUND('',#6181,.T.);
#6181=EDGE_LOOP('',(#6182,#6183,#6184,#6185,#6186,#6187,#6188,#6189,#6190,#6191,#6192,#6193));
#6182=ORIENTED_EDGE('',*,*,#5904,.F.);
#6183=ORIENTED_EDGE('',*,*,#5935,.F.);
#6184=ORIENTED_EDGE('',*,*,#5959,.F.);
#6185=ORIENTED_EDGE('',*,*,#5983,.F.);
#6186=ORIENTED_EDGE('',*,*,#6007,.F.);
#6187=ORIENTED_EDGE('',*,*,#6031,.F.);
#6188=ORIENTED_EDGE('',*,*,#6055,.F.);
#6189=ORIENTED_EDGE('',*,*,#6079,.F.);
#6190=ORIENTED_EDGE('',*,*,#6103,.F.);
#6191=ORIENTED_EDGE('',*,*,#6127,.F.);
#6192=ORIENTED_EDGE('',*,*,#6151,.F.);
#6193=ORIENTED_EDGE('',*,*,#6168,.F.);
#6194=PLANE('',#6195);
#6195=AXIS2_PLACEMENT_3D('',#6196,#6197,#6198);
#6196=CARTESIAN_POINT('',(0.0,0.0,7.26));
#6197=DIRECTION('',(0.0,0.0,1.0));
#6198=DIRECTION('',(1.0,0.0,0.0));
#6199=ADVANCED_FACE('',(#6200),#6218,.T.);
#6200=FACE_BOUND('',#6201,.T.);
#6201=EDGE_LOOP('',(#6202,#6211,#6216,#6217));
#6202=ORIENTED_EDGE('',*,*,#6203,.T.);
#6203=EDGE_CURVE('',#6204,#6204,#6206,.T.);
#6204=VERTEX_POINT('',#6205);
#6205=CARTESIAN_POINT('',(-2.440466238,-2.019517685,7.26));
#6206=CIRCLE('',#6207,0.5);
#6207=AXIS2_PLACEMENT_3D('',#6208,#6209,#6210);
#6208=CARTESIAN_POINT('',(-2.940466238,-2.019517685,7.26));
#6209=DIRECTION('',(0.0,0.0,-1.0));
#6210=DIRECTION('',(1.0,0.0,0.0));
#6211=ORIENTED_EDGE('',*,*,#6212,.T.);
#6212=EDGE_CURVE('',#6204,#39,#6213,.T.);
#6213=B_SPLINE_CURVE_WITH_KNOTS('',1,(#6214,#6215),.UNSPECIFIED.,.F.,.U.,(2,2),(0.0,0.01),.PIECEWISE_BEZIER_KNOTS.);
#6214=CARTESIAN_POINT('',(-2.440466238,-2.019517685,7.26));
#6215=CARTESIAN_POINT('',(-2.440466238,-2.019517685,7.25));
#6216=ORIENTED_EDGE('',*,*,#38,.F.);
#6217=ORIENTED_EDGE('',*,*,#6212,.F.);
#6218=CYLINDRICAL_SURFACE('',#6219,0.5);
#6219=AXIS2_PLACEMENT_3D('',#6220,#6221,#6222);
#6220=CARTESIAN_POINT('',(-2.940466238,-2.019517685,7.26));
#6221=DIRECTION('',(0.0,0.0,-1.0));
#6222=DIRECTION('',(-1.0,0.0,0.0));
#6223=ADVANCED_FACE('',(#6224),#6227,.F.);
#6224=FACE_BOUND('',#6225,.T.);
#6225=EDGE_LOOP('',(#6226));
#6226=ORIENTED_EDGE('',*,*,#6203,.F.);
#6227=PLANE('',#6228);
#6228=AXIS2_PLACEMENT_3D('',#6229,#6230,#6231);
#6229=CARTESIAN_POINT('',(-2.940466238,-2.019517685,7.26));
#6230=DIRECTION('',(0.0,0.0,-1.0));
#6231=DIRECTION('',(-1.0,0.0,0.0));
#6232=(GEOMETRIC_REPRESENTATION_CONTEXT(3)GLOBAL_UNCERTAINTY_ASSIGNED_CONTEXT((#6233))GLOBAL_UNIT_ASSIGNED_CONTEXT((#26,#27,#28))REPRESENTATION_CONTEXT('',''));
#6233=UNCERTAINTY_MEASURE_WITH_UNIT(LENGTH_MEASURE(0.007067608),#26,'','maximum tolerance');
#6234=ADVANCED_BREP_SHAPE_REPRESENTATION('',(#32,#9),#6232);
#6235=(REPRESENTATION_RELATIONSHIP('',$,#6234,#29)REPRESENTATION_RELATIONSHIP_WITH_TRANSFORMATION(#6236)SHAPE_REPRESENTATION_RELATIONSHIP());
#6236=ITEM_DEFINED_TRANSFORMATION('',$,#9,#9);
#6237=PRODUCT('Core','Core',$,(#3));
#6238=PRODUCT_DEFINITION_FORMATION('',$,#6237);
#6239=PRODUCT_DEFINITION('design',$,#6238,#6);
#6240=NEXT_ASSEMBLY_USAGE_OCCURRENCE('instance_1','Core','Core',#7,#6239,$);
#6241=PRODUCT_DEFINITION_SHAPE('',$,#6240);
#6242=CONTEXT_DEPENDENT_SHAPE_REPRESENTATION(#6235,#6241);
#6243=PRODUCT_DEFINITION_SHAPE('',$,#6239);
#6244=SHAPE_DEFINITION_REPRESENTATION(#6243,#6234);
#6245=PRODUCT_RELATED_PRODUCT_CATEGORY('part',$,(#6237));
#6246=STYLED_ITEM('',(#6247),#34);
#6247=PRESENTATION_STYLE_ASSIGNMENT((#6248));
#6248=SURFACE_STYLE_USAGE(.BOTH.,#6249);
#6249=SURFACE_SIDE_STYLE('',(#6250));
#6250=SURFACE_STYLE_FILL_AREA(#6251);
#6251=FILL_AREA_STYLE('',(#6253));
#6252=COLOUR_RGB('',0.200000003,0.200000003,0.200000003);
#6253=FILL_AREA_STYLE_COLOUR('',#6252);
#6254=STYLED_ITEM('',(#6255),#1421);
#6255=PRESENTATION_STYLE_ASSIGNMENT((#6256));
#6256=SURFACE_STYLE_USAGE(.BOTH.,#6257);
#6257=SURFACE_SIDE_STYLE('',(#6258));
#6258=SURFACE_STYLE_FILL_AREA(#6259);
#6259=FILL_AREA_STYLE('',(#6261));
#6260=COLOUR_RGB('',0.200000003,0.200000003,0.200000003);
#6261=FILL_AREA_STYLE_COLOUR('',#6260);
#6262=STYLED_ITEM('',(#6263),#1445);
#6263=PRESENTATION_STYLE_ASSIGNMENT((#6264));
#6264=SURFACE_STYLE_USAGE(.BOTH.,#6265);
#6265=SURFACE_SIDE_STYLE('',(#6266));
#6266=SURFACE_STYLE_FILL_AREA(#6267);
#6267=FILL_AREA_STYLE('',(#6269));
#6268=COLOUR_RGB('',0.200000003,0.200000003,0.200000003);
#6269=FILL_AREA_STYLE_COLOUR('',#6268);
#6270=STYLED_ITEM('',(#6271),#1469);
#6271=PRESENTATION_STYLE_ASSIGNMENT((#6272));
#6272=SURFACE_STYLE_USAGE(.BOTH.,#6273);
#6273=SURFACE_SIDE_STYLE('',(#6274));
#6274=SURFACE_STYLE_FILL_AREA(#6275);
#6275=FILL_AREA_STYLE('',(#6277));
#6276=COLOUR_RGB('',0.200000003,0.200000003,0.200000003);
#6277=FILL_AREA_STYLE_COLOUR('',#6276);
#6278=STYLED_ITEM('',(#6279),#1489);
#6279=PRESENTATION_STYLE_ASSIGNMENT((#6280));
#6280=SURFACE_STYLE_USAGE(.BOTH.,#6281);
#6281=SURFACE_SIDE_STYLE('',(#6282));
#6282=SURFACE_STYLE_FILL_AREA(#6283);
#6283=FILL_AREA_STYLE('',(#6285));
#6284=COLOUR_RGB('',0.200000003,0.200000003,0.200000003);
#6285=FILL_AREA_STYLE_COLOUR('',#6284);
#6286=STYLED_ITEM('',(#6287),#1513);
#6287=PRESENTATION_STYLE_ASSIGNMENT((#6288));
#6288=SURFACE_STYLE_USAGE(.BOTH.,#6289);
#6289=SURFACE_SIDE_STYLE('',(#6290));
#6290=SURFACE_STYLE_FILL_AREA(#6291);
#6291=FILL_AREA_STYLE('',(#6293));
#6292=COLOUR_RGB('',0.200000003,0.200000003,0.200000003);
#6293=FILL_AREA_STYLE_COLOUR('',#6292);
#6294=STYLED_ITEM('',(#6295),#1533);
#6295=PRESENTATION_STYLE_ASSIGNMENT((#6296));
#6296=SURFACE_STYLE_USAGE(.BOTH.,#6297);
#6297=SURFACE_SIDE_STYLE('',(#6298));
#6298=SURFACE_STYLE_FILL_AREA(#6299);
#6299=FILL_AREA_STYLE('',(#6301));
#6300=COLOUR_RGB('',0.200000003,0.200000003,0.200000003);
#6301=FILL_AREA_STYLE_COLOUR('',#6300);
#6302=STYLED_ITEM('',(#6303),#1557);
#6303=PRESENTATION_STYLE_ASSIGNMENT((#6304));
#6304=SURFACE_STYLE_USAGE(.BOTH.,#6305);
#6305=SURFACE_SIDE_STYLE('',(#6306));
#6306=SURFACE_STYLE_FILL_AREA(#6307);
#6307=FILL_AREA_STYLE('',(#6309));
#6308=COLOUR_RGB('',0.200000003,0.200000003,0.200000003);
#6309=FILL_AREA_STYLE_COLOUR('',#6308);
#6310=STYLED_ITEM('',(#6311),#1581);
#6311=PRESENTATION_STYLE_ASSIGNMENT((#6312));
#6312=SURFACE_STYLE_USAGE(.BOTH.,#6313);
#6313=SURFACE_SIDE_STYLE('',(#6314));
#6314=SURFACE_STYLE_FILL_AREA(#6315);
#6315=FILL_AREA_STYLE('',(#6317));
#6316=COLOUR_RGB('',0.200000003,0.200000003,0.200000003);
#6317=FILL_AREA_STYLE_COLOUR('',#6316);
#6318=STYLED_ITEM('',(#6319),#1590);
#6319=PRESENTATION_STYLE_ASSIGNMENT((#6320));
#6320=SURFACE_STYLE_USAGE(.BOTH.,#6321);
#6321=SURFACE_SIDE_STYLE('',(#6322));
#6322=SURFACE_STYLE_FILL_AREA(#6323);
#6323=FILL_AREA_STYLE('',(#6325));
#6324=DRAUGHTING_PRE_DEFINED_COLOUR('white');
#6325=FILL_AREA_STYLE_COLOUR('',#6324);
#6326=STYLED_ITEM('',(#6327),#1631);
#6327=PRESENTATION_STYLE_ASSIGNMENT((#6328));
#6328=SURFACE_STYLE_USAGE(.BOTH.,#6329);
#6329=SURFACE_SIDE_STYLE('',(#6330));
#6330=SURFACE_STYLE_FILL_AREA(#6331);
#6331=FILL_AREA_STYLE('',(#6332));
#6332=FILL_AREA_STYLE_COLOUR('',#6324);
#6333=STYLED_ITEM('',(#6334),#1656);
#6334=PRESENTATION_STYLE_ASSIGNMENT((#6335));
#6335=SURFACE_STYLE_USAGE(.BOTH.,#6336);
#6336=SURFACE_SIDE_STYLE('',(#6337));
#6337=SURFACE_STYLE_FILL_AREA(#6338);
#6338=FILL_AREA_STYLE('',(#6339));
#6339=FILL_AREA_STYLE_COLOUR('',#6324);
#6340=STYLED_ITEM('',(#6341),#1681);
#6341=PRESENTATION_STYLE_ASSIGNMENT((#6342));
#6342=SURFACE_STYLE_USAGE(.BOTH.,#6343);
#6343=SURFACE_SIDE_STYLE('',(#6344));
#6344=SURFACE_STYLE_FILL_AREA(#6345);
#6345=FILL_AREA_STYLE('',(#6346));
#6346=FILL_AREA_STYLE_COLOUR('',#6324);
#6347=STYLED_ITEM('',(#6348),#1706);
#6348=PRESENTATION_STYLE_ASSIGNMENT((#6349));
#6349=SURFACE_STYLE_USAGE(.BOTH.,#6350);
#6350=SURFACE_SIDE_STYLE('',(#6351));
#6351=SURFACE_STYLE_FILL_AREA(#6352);
#6352=FILL_AREA_STYLE('',(#6353));
#6353=FILL_AREA_STYLE_COLOUR('',#6324);
#6354=STYLED_ITEM('',(#6355),#1740);
#6355=PRESENTATION_STYLE_ASSIGNMENT((#6356));
#6356=SURFACE_STYLE_USAGE(.BOTH.,#6357);
#6357=SURFACE_SIDE_STYLE('',(#6358));
#6358=SURFACE_STYLE_FILL_AREA(#6359);
#6359=FILL_AREA_STYLE('',(#6360));
#6360=FILL_AREA_STYLE_COLOUR('',#6324);
#6361=STYLED_ITEM('',(#6362),#1765);
#6362=PRESENTATION_STYLE_ASSIGNMENT((#6363));
#6363=SURFACE_STYLE_USAGE(.BOTH.,#6364);
#6364=SURFACE_SIDE_STYLE('',(#6365));
#6365=SURFACE_STYLE_FILL_AREA(#6366);
#6366=FILL_AREA_STYLE('',(#6367));
#6367=FILL_AREA_STYLE_COLOUR('',#6324);
#6368=STYLED_ITEM('',(#6369),#1790);
#6369=PRESENTATION_STYLE_ASSIGNMENT((#6370));
#6370=SURFACE_STYLE_USAGE(.BOTH.,#6371);
#6371=SURFACE_SIDE_STYLE('',(#6372));
#6372=SURFACE_STYLE_FILL_AREA(#6373);
#6373=FILL_AREA_STYLE('',(#6374));
#6374=FILL_AREA_STYLE_COLOUR('',#6324);
#6375=STYLED_ITEM('',(#6376),#1850);
#6376=PRESENTATION_STYLE_ASSIGNMENT((#6377));
#6377=SURFACE_STYLE_USAGE(.BOTH.,#6378);
#6378=SURFACE_SIDE_STYLE('',(#6379));
#6379=SURFACE_STYLE_FILL_AREA(#6380);
#6380=FILL_AREA_STYLE('',(#6381));
#6381=FILL_AREA_STYLE_COLOUR('',#6324);
#6382=STYLED_ITEM('',(#6383),#1868);
#6383=PRESENTATION_STYLE_ASSIGNMENT((#6384));
#6384=SURFACE_STYLE_USAGE(.BOTH.,#6385);
#6385=SURFACE_SIDE_STYLE('',(#6386));
#6386=SURFACE_STYLE_FILL_AREA(#6387);
#6387=FILL_AREA_STYLE('',(#6388));
#6388=FILL_AREA_STYLE_COLOUR('',#6324);
#6389=STYLED_ITEM('',(#6390),#1887);
#6390=PRESENTATION_STYLE_ASSIGNMENT((#6391));
#6391=SURFACE_STYLE_USAGE(.BOTH.,#6392);
#6392=SURFACE_SIDE_STYLE('',(#6393));
#6393=SURFACE_STYLE_FILL_AREA(#6394);
#6394=FILL_AREA_STYLE('',(#6396));
#6395=COLOUR_RGB('',0.200000003,0.200000003,0.200000003);
#6396=FILL_AREA_STYLE_COLOUR('',#6395);
#6397=STYLED_ITEM('',(#6398),#1896);
#6398=PRESENTATION_STYLE_ASSIGNMENT((#6399));
#6399=SURFACE_STYLE_USAGE(.BOTH.,#6400);
#6400=SURFACE_SIDE_STYLE('',(#6401));
#6401=SURFACE_STYLE_FILL_AREA(#6402);
#6402=FILL_AREA_STYLE('',(#6403));
#6403=FILL_AREA_STYLE_COLOUR('',#6324);
#6404=STYLED_ITEM('',(#6405),#1928);
#6405=PRESENTATION_STYLE_ASSIGNMENT((#6406));
#6406=SURFACE_STYLE_USAGE(.BOTH.,#6407);
#6407=SURFACE_SIDE_STYLE('',(#6408));
#6408=SURFACE_STYLE_FILL_AREA(#6409);
#6409=FILL_AREA_STYLE('',(#6410));
#6410=FILL_AREA_STYLE_COLOUR('',#6324);
#6411=STYLED_ITEM('',(#6412),#1953);
#6412=PRESENTATION_STYLE_ASSIGNMENT((#6413));
#6413=SURFACE_STYLE_USAGE(.BOTH.,#6414);
#6414=SURFACE_SIDE_STYLE('',(#6415));
#6415=SURFACE_STYLE_FILL_AREA(#6416);
#6416=FILL_AREA_STYLE('',(#6417));
#6417=FILL_AREA_STYLE_COLOUR('',#6324);
#6418=STYLED_ITEM('',(#6419),#1978);
#6419=PRESENTATION_STYLE_ASSIGNMENT((#6420));
#6420=SURFACE_STYLE_USAGE(.BOTH.,#6421);
#6421=SURFACE_SIDE_STYLE('',(#6422));
#6422=SURFACE_STYLE_FILL_AREA(#6423);
#6423=FILL_AREA_STYLE('',(#6424));
#6424=FILL_AREA_STYLE_COLOUR('',#6324);
#6425=STYLED_ITEM('',(#6426),#2014);
#6426=PRESENTATION_STYLE_ASSIGNMENT((#6427));
#6427=SURFACE_STYLE_USAGE(.BOTH.,#6428);
#6428=SURFACE_SIDE_STYLE('',(#6429));
#6429=SURFACE_STYLE_FILL_AREA(#6430);
#6430=FILL_AREA_STYLE('',(#6431));
#6431=FILL_AREA_STYLE_COLOUR('',#6324);
#6432=STYLED_ITEM('',(#6433),#2050);
#6433=PRESENTATION_STYLE_ASSIGNMENT((#6434));
#6434=SURFACE_STYLE_USAGE(.BOTH.,#6435);
#6435=SURFACE_SIDE_STYLE('',(#6436));
#6436=SURFACE_STYLE_FILL_AREA(#6437);
#6437=FILL_AREA_STYLE('',(#6438));
#6438=FILL_AREA_STYLE_COLOUR('',#6324);
#6439=STYLED_ITEM('',(#6440),#2075);
#6440=PRESENTATION_STYLE_ASSIGNMENT((#6441));
#6441=SURFACE_STYLE_USAGE(.BOTH.,#6442);
#6442=SURFACE_SIDE_STYLE('',(#6443));
#6443=SURFACE_STYLE_FILL_AREA(#6444);
#6444=FILL_AREA_STYLE('',(#6445));
#6445=FILL_AREA_STYLE_COLOUR('',#6324);
#6446=STYLED_ITEM('',(#6447),#2100);
#6447=PRESENTATION_STYLE_ASSIGNMENT((#6448));
#6448=SURFACE_STYLE_USAGE(.BOTH.,#6449);
#6449=SURFACE_SIDE_STYLE('',(#6450));
#6450=SURFACE_STYLE_FILL_AREA(#6451);
#6451=FILL_AREA_STYLE('',(#6452));
#6452=FILL_AREA_STYLE_COLOUR('',#6324);
#6453=STYLED_ITEM('',(#6454),#2125);
#6454=PRESENTATION_STYLE_ASSIGNMENT((#6455));
#6455=SURFACE_STYLE_USAGE(.BOTH.,#6456);
#6456=SURFACE_SIDE_STYLE('',(#6457));
#6457=SURFACE_STYLE_FILL_AREA(#6458);
#6458=FILL_AREA_STYLE('',(#6459));
#6459=FILL_AREA_STYLE_COLOUR('',#6324);
#6460=STYLED_ITEM('',(#6461),#2150);
#6461=PRESENTATION_STYLE_ASSIGNMENT((#6462));
#6462=SURFACE_STYLE_USAGE(.BOTH.,#6463);
#6463=SURFACE_SIDE_STYLE('',(#6464));
#6464=SURFACE_STYLE_FILL_AREA(#6465);
#6465=FILL_AREA_STYLE('',(#6466));
#6466=FILL_AREA_STYLE_COLOUR('',#6324);
#6467=STYLED_ITEM('',(#6468),#2175);
#6468=PRESENTATION_STYLE_ASSIGNMENT((#6469));
#6469=SURFACE_STYLE_USAGE(.BOTH.,#6470);
#6470=SURFACE_SIDE_STYLE('',(#6471));
#6471=SURFACE_STYLE_FILL_AREA(#6472);
#6472=FILL_AREA_STYLE('',(#6473));
#6473=FILL_AREA_STYLE_COLOUR('',#6324);
#6474=STYLED_ITEM('',(#6475),#2200);
#6475=PRESENTATION_STYLE_ASSIGNMENT((#6476));
#6476=SURFACE_STYLE_USAGE(.BOTH.,#6477);
#6477=SURFACE_SIDE_STYLE('',(#6478));
#6478=SURFACE_STYLE_FILL_AREA(#6479);
#6479=FILL_AREA_STYLE('',(#6480));
#6480=FILL_AREA_STYLE_COLOUR('',#6324);
#6481=STYLED_ITEM('',(#6482),#2225);
#6482=PRESENTATION_STYLE_ASSIGNMENT((#6483));
#6483=SURFACE_STYLE_USAGE(.BOTH.,#6484);
#6484=SURFACE_SIDE_STYLE('',(#6485));
#6485=SURFACE_STYLE_FILL_AREA(#6486);
#6486=FILL_AREA_STYLE('',(#6487));
#6487=FILL_AREA_STYLE_COLOUR('',#6324);
#6488=STYLED_ITEM('',(#6489),#2243);
#6489=PRESENTATION_STYLE_ASSIGNMENT((#6490));
#6490=SURFACE_STYLE_USAGE(.BOTH.,#6491);
#6491=SURFACE_SIDE_STYLE('',(#6492));
#6492=SURFACE_STYLE_FILL_AREA(#6493);
#6493=FILL_AREA_STYLE('',(#6494));
#6494=FILL_AREA_STYLE_COLOUR('',#6324);
#6495=STYLED_ITEM('',(#6496),#2264);
#6496=PRESENTATION_STYLE_ASSIGNMENT((#6497));
#6497=SURFACE_STYLE_USAGE(.BOTH.,#6498);
#6498=SURFACE_SIDE_STYLE('',(#6499));
#6499=SURFACE_STYLE_FILL_AREA(#6500);
#6500=FILL_AREA_STYLE('',(#6501));
#6501=FILL_AREA_STYLE_COLOUR('',#6324);
#6502=STYLED_ITEM('',(#6503),#2300);
#6503=PRESENTATION_STYLE_ASSIGNMENT((#6504));
#6504=SURFACE_STYLE_USAGE(.BOTH.,#6505);
#6505=SURFACE_SIDE_STYLE('',(#6506));
#6506=SURFACE_STYLE_FILL_AREA(#6507);
#6507=FILL_AREA_STYLE('',(#6508));
#6508=FILL_AREA_STYLE_COLOUR('',#6324);
#6509=STYLED_ITEM('',(#6510),#2366);
#6510=PRESENTATION_STYLE_ASSIGNMENT((#6511));
#6511=SURFACE_STYLE_USAGE(.BOTH.,#6512);
#6512=SURFACE_SIDE_STYLE('',(#6513));
#6513=SURFACE_STYLE_FILL_AREA(#6514);
#6514=FILL_AREA_STYLE('',(#6515));
#6515=FILL_AREA_STYLE_COLOUR('',#6324);
#6516=STYLED_ITEM('',(#6517),#2418);
#6517=PRESENTATION_STYLE_ASSIGNMENT((#6518));
#6518=SURFACE_STYLE_USAGE(.BOTH.,#6519);
#6519=SURFACE_SIDE_STYLE('',(#6520));
#6520=SURFACE_STYLE_FILL_AREA(#6521);
#6521=FILL_AREA_STYLE('',(#6522));
#6522=FILL_AREA_STYLE_COLOUR('',#6324);
#6523=STYLED_ITEM('',(#6524),#2443);
#6524=PRESENTATION_STYLE_ASSIGNMENT((#6525));
#6525=SURFACE_STYLE_USAGE(.BOTH.,#6526);
#6526=SURFACE_SIDE_STYLE('',(#6527));
#6527=SURFACE_STYLE_FILL_AREA(#6528);
#6528=FILL_AREA_STYLE('',(#6529));
#6529=FILL_AREA_STYLE_COLOUR('',#6324);
#6530=STYLED_ITEM('',(#6531),#2515);
#6531=PRESENTATION_STYLE_ASSIGNMENT((#6532));
#6532=SURFACE_STYLE_USAGE(.BOTH.,#6533);
#6533=SURFACE_SIDE_STYLE('',(#6534));
#6534=SURFACE_STYLE_FILL_AREA(#6535);
#6535=FILL_AREA_STYLE('',(#6536));
#6536=FILL_AREA_STYLE_COLOUR('',#6324);
#6537=STYLED_ITEM('',(#6538),#2587);
#6538=PRESENTATION_STYLE_ASSIGNMENT((#6539));
#6539=SURFACE_STYLE_USAGE(.BOTH.,#6540);
#6540=SURFACE_SIDE_STYLE('',(#6541));
#6541=SURFACE_STYLE_FILL_AREA(#6542);
#6542=FILL_AREA_STYLE('',(#6543));
#6543=FILL_AREA_STYLE_COLOUR('',#6324);
#6544=STYLED_ITEM('',(#6545),#2645);
#6545=PRESENTATION_STYLE_ASSIGNMENT((#6546));
#6546=SURFACE_STYLE_USAGE(.BOTH.,#6547);
#6547=SURFACE_SIDE_STYLE('',(#6548));
#6548=SURFACE_STYLE_FILL_AREA(#6549);
#6549=FILL_AREA_STYLE('',(#6550));
#6550=FILL_AREA_STYLE_COLOUR('',#6324);
#6551=STYLED_ITEM('',(#6552),#2663);
#6552=PRESENTATION_STYLE_ASSIGNMENT((#6553));
#6553=SURFACE_STYLE_USAGE(.BOTH.,#6554);
#6554=SURFACE_SIDE_STYLE('',(#6555));
#6555=SURFACE_STYLE_FILL_AREA(#6556);
#6556=FILL_AREA_STYLE('',(#6557));
#6557=FILL_AREA_STYLE_COLOUR('',#6324);
#6558=STYLED_ITEM('',(#6559),#2681);
#6559=PRESENTATION_STYLE_ASSIGNMENT((#6560));
#6560=SURFACE_STYLE_USAGE(.BOTH.,#6561);
#6561=SURFACE_SIDE_STYLE('',(#6562));
#6562=SURFACE_STYLE_FILL_AREA(#6563);
#6563=FILL_AREA_STYLE('',(#6565));
#6564=COLOUR_RGB('',0.200000003,0.200000003,0.200000003);
#6565=FILL_AREA_STYLE_COLOUR('',#6564);
#6566=STYLED_ITEM('',(#6567),#2691);
#6567=PRESENTATION_STYLE_ASSIGNMENT((#6568));
#6568=SURFACE_STYLE_USAGE(.BOTH.,#6569);
#6569=SURFACE_SIDE_STYLE('',(#6570));
#6570=SURFACE_STYLE_FILL_AREA(#6571);
#6571=FILL_AREA_STYLE('',(#6572));
#6572=FILL_AREA_STYLE_COLOUR('',#6324);
#6573=STYLED_ITEM('',(#6574),#2723);
#6574=PRESENTATION_STYLE_ASSIGNMENT((#6575));
#6575=SURFACE_STYLE_USAGE(.BOTH.,#6576);
#6576=SURFACE_SIDE_STYLE('',(#6577));
#6577=SURFACE_STYLE_FILL_AREA(#6578);
#6578=FILL_AREA_STYLE('',(#6579));
#6579=FILL_AREA_STYLE_COLOUR('',#6324);
#6580=STYLED_ITEM('',(#6581),#2748);
#6581=PRESENTATION_STYLE_ASSIGNMENT((#6582));
#6582=SURFACE_STYLE_USAGE(.BOTH.,#6583);
#6583=SURFACE_SIDE_STYLE('',(#6584));
#6584=SURFACE_STYLE_FILL_AREA(#6585);
#6585=FILL_AREA_STYLE('',(#6586));
#6586=FILL_AREA_STYLE_COLOUR('',#6324);
#6587=STYLED_ITEM('',(#6588),#2773);
#6588=PRESENTATION_STYLE_ASSIGNMENT((#6589));
#6589=SURFACE_STYLE_USAGE(.BOTH.,#6590);
#6590=SURFACE_SIDE_STYLE('',(#6591));
#6591=SURFACE_STYLE_FILL_AREA(#6592);
#6592=FILL_AREA_STYLE('',(#6593));
#6593=FILL_AREA_STYLE_COLOUR('',#6324);
#6594=STYLED_ITEM('',(#6595),#2798);
#6595=PRESENTATION_STYLE_ASSIGNMENT((#6596));
#6596=SURFACE_STYLE_USAGE(.BOTH.,#6597);
#6597=SURFACE_SIDE_STYLE('',(#6598));
#6598=SURFACE_STYLE_FILL_AREA(#6599);
#6599=FILL_AREA_STYLE('',(#6600));
#6600=FILL_AREA_STYLE_COLOUR('',#6324);
#6601=STYLED_ITEM('',(#6602),#2834);
#6602=PRESENTATION_STYLE_ASSIGNMENT((#6603));
#6603=SURFACE_STYLE_USAGE(.BOTH.,#6604);
#6604=SURFACE_SIDE_STYLE('',(#6605));
#6605=SURFACE_STYLE_FILL_AREA(#6606);
#6606=FILL_AREA_STYLE('',(#6607));
#6607=FILL_AREA_STYLE_COLOUR('',#6324);
#6608=STYLED_ITEM('',(#6609),#2859);
#6609=PRESENTATION_STYLE_ASSIGNMENT((#6610));
#6610=SURFACE_STYLE_USAGE(.BOTH.,#6611);
#6611=SURFACE_SIDE_STYLE('',(#6612));
#6612=SURFACE_STYLE_FILL_AREA(#6613);
#6613=FILL_AREA_STYLE('',(#6614));
#6614=FILL_AREA_STYLE_COLOUR('',#6324);
#6615=STYLED_ITEM('',(#6616),#2898);
#6616=PRESENTATION_STYLE_ASSIGNMENT((#6617));
#6617=SURFACE_STYLE_USAGE(.BOTH.,#6618);
#6618=SURFACE_SIDE_STYLE('',(#6619));
#6619=SURFACE_STYLE_FILL_AREA(#6620);
#6620=FILL_AREA_STYLE('',(#6621));
#6621=FILL_AREA_STYLE_COLOUR('',#6324);
#6622=STYLED_ITEM('',(#6623),#2913);
#6623=PRESENTATION_STYLE_ASSIGNMENT((#6624));
#6624=SURFACE_STYLE_USAGE(.BOTH.,#6625);
#6625=SURFACE_SIDE_STYLE('',(#6626));
#6626=SURFACE_STYLE_FILL_AREA(#6627);
#6627=FILL_AREA_STYLE('',(#6628));
#6628=FILL_AREA_STYLE_COLOUR('',#6324);
#6629=STYLED_ITEM('',(#6630),#2943);
#6630=PRESENTATION_STYLE_ASSIGNMENT((#6631));
#6631=SURFACE_STYLE_USAGE(.BOTH.,#6632);
#6632=SURFACE_SIDE_STYLE('',(#6633));
#6633=SURFACE_STYLE_FILL_AREA(#6634);
#6634=FILL_AREA_STYLE('',(#6635));
#6635=FILL_AREA_STYLE_COLOUR('',#6324);
#6636=STYLED_ITEM('',(#6637),#2966);
#6637=PRESENTATION_STYLE_ASSIGNMENT((#6638));
#6638=SURFACE_STYLE_USAGE(.BOTH.,#6639);
#6639=SURFACE_SIDE_STYLE('',(#6640));
#6640=SURFACE_STYLE_FILL_AREA(#6641);
#6641=FILL_AREA_STYLE('',(#6642));
#6642=FILL_AREA_STYLE_COLOUR('',#6324);
#6643=STYLED_ITEM('',(#6644),#2989);
#6644=PRESENTATION_STYLE_ASSIGNMENT((#6645));
#6645=SURFACE_STYLE_USAGE(.BOTH.,#6646);
#6646=SURFACE_SIDE_STYLE('',(#6647));
#6647=SURFACE_STYLE_FILL_AREA(#6648);
#6648=FILL_AREA_STYLE('',(#6649));
#6649=FILL_AREA_STYLE_COLOUR('',#6324);
#6650=STYLED_ITEM('',(#6651),#3012);
#6651=PRESENTATION_STYLE_ASSIGNMENT((#6652));
#6652=SURFACE_STYLE_USAGE(.BOTH.,#6653);
#6653=SURFACE_SIDE_STYLE('',(#6654));
#6654=SURFACE_STYLE_FILL_AREA(#6655);
#6655=FILL_AREA_STYLE('',(#6656));
#6656=FILL_AREA_STYLE_COLOUR('',#6324);
#6657=STYLED_ITEM('',(#6658),#3035);
#6658=PRESENTATION_STYLE_ASSIGNMENT((#6659));
#6659=SURFACE_STYLE_USAGE(.BOTH.,#6660);
#6660=SURFACE_SIDE_STYLE('',(#6661));
#6661=SURFACE_STYLE_FILL_AREA(#6662);
#6662=FILL_AREA_STYLE('',(#6663));
#6663=FILL_AREA_STYLE_COLOUR('',#6324);
#6664=STYLED_ITEM('',(#6665),#3058);
#6665=PRESENTATION_STYLE_ASSIGNMENT((#6666));
#6666=SURFACE_STYLE_USAGE(.BOTH.,#6667);
#6667=SURFACE_SIDE_STYLE('',(#6668));
#6668=SURFACE_STYLE_FILL_AREA(#6669);
#6669=FILL_AREA_STYLE('',(#6670));
#6670=FILL_AREA_STYLE_COLOUR('',#6324);
#6671=STYLED_ITEM('',(#6672),#3081);
#6672=PRESENTATION_STYLE_ASSIGNMENT((#6673));
#6673=SURFACE_STYLE_USAGE(.BOTH.,#6674);
#6674=SURFACE_SIDE_STYLE('',(#6675));
#6675=SURFACE_STYLE_FILL_AREA(#6676);
#6676=FILL_AREA_STYLE('',(#6677));
#6677=FILL_AREA_STYLE_COLOUR('',#6324);
#6678=STYLED_ITEM('',(#6679),#3104);
#6679=PRESENTATION_STYLE_ASSIGNMENT((#6680));
#6680=SURFACE_STYLE_USAGE(.BOTH.,#6681);
#6681=SURFACE_SIDE_STYLE('',(#6682));
#6682=SURFACE_STYLE_FILL_AREA(#6683);
#6683=FILL_AREA_STYLE('',(#6684));
#6684=FILL_AREA_STYLE_COLOUR('',#6324);
#6685=STYLED_ITEM('',(#6686),#3127);
#6686=PRESENTATION_STYLE_ASSIGNMENT((#6687));
#6687=SURFACE_STYLE_USAGE(.BOTH.,#6688);
#6688=SURFACE_SIDE_STYLE('',(#6689));
#6689=SURFACE_STYLE_FILL_AREA(#6690);
#6690=FILL_AREA_STYLE('',(#6691));
#6691=FILL_AREA_STYLE_COLOUR('',#6324);
#6692=STYLED_ITEM('',(#6693),#3150);
#6693=PRESENTATION_STYLE_ASSIGNMENT((#6694));
#6694=SURFACE_STYLE_USAGE(.BOTH.,#6695);
#6695=SURFACE_SIDE_STYLE('',(#6696));
#6696=SURFACE_STYLE_FILL_AREA(#6697);
#6697=FILL_AREA_STYLE('',(#6698));
#6698=FILL_AREA_STYLE_COLOUR('',#6324);
#6699=STYLED_ITEM('',(#6700),#3173);
#6700=PRESENTATION_STYLE_ASSIGNMENT((#6701));
#6701=SURFACE_STYLE_USAGE(.BOTH.,#6702);
#6702=SURFACE_SIDE_STYLE('',(#6703));
#6703=SURFACE_STYLE_FILL_AREA(#6704);
#6704=FILL_AREA_STYLE('',(#6705));
#6705=FILL_AREA_STYLE_COLOUR('',#6324);
#6706=STYLED_ITEM('',(#6707),#3189);
#6707=PRESENTATION_STYLE_ASSIGNMENT((#6708));
#6708=SURFACE_STYLE_USAGE(.BOTH.,#6709);
#6709=SURFACE_SIDE_STYLE('',(#6710));
#6710=SURFACE_STYLE_FILL_AREA(#6711);
#6711=FILL_AREA_STYLE('',(#6712));
#6712=FILL_AREA_STYLE_COLOUR('',#6324);
#6713=STYLED_ITEM('',(#6714),#3209);
#6714=PRESENTATION_STYLE_ASSIGNMENT((#6715));
#6715=SURFACE_STYLE_USAGE(.BOTH.,#6716);
#6716=SURFACE_SIDE_STYLE('',(#6717));
#6717=SURFACE_STYLE_FILL_AREA(#6718);
#6718=FILL_AREA_STYLE('',(#6719));
#6719=FILL_AREA_STYLE_COLOUR('',#6324);
#6720=STYLED_ITEM('',(#6721),#3239);
#6721=PRESENTATION_STYLE_ASSIGNMENT((#6722));
#6722=SURFACE_STYLE_USAGE(.BOTH.,#6723);
#6723=SURFACE_SIDE_STYLE('',(#6724));
#6724=SURFACE_STYLE_FILL_AREA(#6725);
#6725=FILL_AREA_STYLE('',(#6726));
#6726=FILL_AREA_STYLE_COLOUR('',#6324);
#6727=STYLED_ITEM('',(#6728),#3262);
#6728=PRESENTATION_STYLE_ASSIGNMENT((#6729));
#6729=SURFACE_STYLE_USAGE(.BOTH.,#6730);
#6730=SURFACE_SIDE_STYLE('',(#6731));
#6731=SURFACE_STYLE_FILL_AREA(#6732);
#6732=FILL_AREA_STYLE('',(#6733));
#6733=FILL_AREA_STYLE_COLOUR('',#6324);
#6734=STYLED_ITEM('',(#6735),#3285);
#6735=PRESENTATION_STYLE_ASSIGNMENT((#6736));
#6736=SURFACE_STYLE_USAGE(.BOTH.,#6737);
#6737=SURFACE_SIDE_STYLE('',(#6738));
#6738=SURFACE_STYLE_FILL_AREA(#6739);
#6739=FILL_AREA_STYLE('',(#6740));
#6740=FILL_AREA_STYLE_COLOUR('',#6324);
#6741=STYLED_ITEM('',(#6742),#3301);
#6742=PRESENTATION_STYLE_ASSIGNMENT((#6743));
#6743=SURFACE_STYLE_USAGE(.BOTH.,#6744);
#6744=SURFACE_SIDE_STYLE('',(#6745));
#6745=SURFACE_STYLE_FILL_AREA(#6746);
#6746=FILL_AREA_STYLE('',(#6747));
#6747=FILL_AREA_STYLE_COLOUR('',#6324);
#6748=STYLED_ITEM('',(#6749),#3313);
#6749=PRESENTATION_STYLE_ASSIGNMENT((#6750));
#6750=SURFACE_STYLE_USAGE(.BOTH.,#6751);
#6751=SURFACE_SIDE_STYLE('',(#6752));
#6752=SURFACE_STYLE_FILL_AREA(#6753);
#6753=FILL_AREA_STYLE('',(#6754));
#6754=FILL_AREA_STYLE_COLOUR('',#6324);
#6755=STYLED_ITEM('',(#6756),#3343);
#6756=PRESENTATION_STYLE_ASSIGNMENT((#6757));
#6757=SURFACE_STYLE_USAGE(.BOTH.,#6758);
#6758=SURFACE_SIDE_STYLE('',(#6759));
#6759=SURFACE_STYLE_FILL_AREA(#6760);
#6760=FILL_AREA_STYLE('',(#6761));
#6761=FILL_AREA_STYLE_COLOUR('',#6324);
#6762=STYLED_ITEM('',(#6763),#3366);
#6763=PRESENTATION_STYLE_ASSIGNMENT((#6764));
#6764=SURFACE_STYLE_USAGE(.BOTH.,#6765);
#6765=SURFACE_SIDE_STYLE('',(#6766));
#6766=SURFACE_STYLE_FILL_AREA(#6767);
#6767=FILL_AREA_STYLE('',(#6768));
#6768=FILL_AREA_STYLE_COLOUR('',#6324);
#6769=STYLED_ITEM('',(#6770),#3389);
#6770=PRESENTATION_STYLE_ASSIGNMENT((#6771));
#6771=SURFACE_STYLE_USAGE(.BOTH.,#6772);
#6772=SURFACE_SIDE_STYLE('',(#6773));
#6773=SURFACE_STYLE_FILL_AREA(#6774);
#6774=FILL_AREA_STYLE('',(#6775));
#6775=FILL_AREA_STYLE_COLOUR('',#6324);
#6776=STYLED_ITEM('',(#6777),#3405);
#6777=PRESENTATION_STYLE_ASSIGNMENT((#6778));
#6778=SURFACE_STYLE_USAGE(.BOTH.,#6779);
#6779=SURFACE_SIDE_STYLE('',(#6780));
#6780=SURFACE_STYLE_FILL_AREA(#6781);
#6781=FILL_AREA_STYLE('',(#6782));
#6782=FILL_AREA_STYLE_COLOUR('',#6324);
#6783=STYLED_ITEM('',(#6784),#3417);
#6784=PRESENTATION_STYLE_ASSIGNMENT((#6785));
#6785=SURFACE_STYLE_USAGE(.BOTH.,#6786);
#6786=SURFACE_SIDE_STYLE('',(#6787));
#6787=SURFACE_STYLE_FILL_AREA(#6788);
#6788=FILL_AREA_STYLE('',(#6789));
#6789=FILL_AREA_STYLE_COLOUR('',#6324);
#6790=STYLED_ITEM('',(#6791),#3449);
#6791=PRESENTATION_STYLE_ASSIGNMENT((#6792));
#6792=SURFACE_STYLE_USAGE(.BOTH.,#6793);
#6793=SURFACE_SIDE_STYLE('',(#6794));
#6794=SURFACE_STYLE_FILL_AREA(#6795);
#6795=FILL_AREA_STYLE('',(#6796));
#6796=FILL_AREA_STYLE_COLOUR('',#6324);
#6797=STYLED_ITEM('',(#6798),#3474);
#6798=PRESENTATION_STYLE_ASSIGNMENT((#6799));
#6799=SURFACE_STYLE_USAGE(.BOTH.,#6800);
#6800=SURFACE_SIDE_STYLE('',(#6801));
#6801=SURFACE_STYLE_FILL_AREA(#6802);
#6802=FILL_AREA_STYLE('',(#6803));
#6803=FILL_AREA_STYLE_COLOUR('',#6324);
#6804=STYLED_ITEM('',(#6805),#3499);
#6805=PRESENTATION_STYLE_ASSIGNMENT((#6806));
#6806=SURFACE_STYLE_USAGE(.BOTH.,#6807);
#6807=SURFACE_SIDE_STYLE('',(#6808));
#6808=SURFACE_STYLE_FILL_AREA(#6809);
#6809=FILL_AREA_STYLE('',(#6810));
#6810=FILL_AREA_STYLE_COLOUR('',#6324);
#6811=STYLED_ITEM('',(#6812),#3524);
#6812=PRESENTATION_STYLE_ASSIGNMENT((#6813));
#6813=SURFACE_STYLE_USAGE(.BOTH.,#6814);
#6814=SURFACE_SIDE_STYLE('',(#6815));
#6815=SURFACE_STYLE_FILL_AREA(#6816);
#6816=FILL_AREA_STYLE('',(#6817));
#6817=FILL_AREA_STYLE_COLOUR('',#6324);
#6818=STYLED_ITEM('',(#6819),#3579);
#6819=PRESENTATION_STYLE_ASSIGNMENT((#6820));
#6820=SURFACE_STYLE_USAGE(.BOTH.,#6821);
#6821=SURFACE_SIDE_STYLE('',(#6822));
#6822=SURFACE_STYLE_FILL_AREA(#6823);
#6823=FILL_AREA_STYLE('',(#6824));
#6824=FILL_AREA_STYLE_COLOUR('',#6324);
#6825=STYLED_ITEM('',(#6826),#3604);
#6826=PRESENTATION_STYLE_ASSIGNMENT((#6827));
#6827=SURFACE_STYLE_USAGE(.BOTH.,#6828);
#6828=SURFACE_SIDE_STYLE('',(#6829));
#6829=SURFACE_STYLE_FILL_AREA(#6830);
#6830=FILL_AREA_STYLE('',(#6831));
#6831=FILL_AREA_STYLE_COLOUR('',#6324);
#6832=STYLED_ITEM('',(#6833),#3654);
#6833=PRESENTATION_STYLE_ASSIGNMENT((#6834));
#6834=SURFACE_STYLE_USAGE(.BOTH.,#6835);
#6835=SURFACE_SIDE_STYLE('',(#6836));
#6836=SURFACE_STYLE_FILL_AREA(#6837);
#6837=FILL_AREA_STYLE('',(#6838));
#6838=FILL_AREA_STYLE_COLOUR('',#6324);
#6839=STYLED_ITEM('',(#6840),#3669);
#6840=PRESENTATION_STYLE_ASSIGNMENT((#6841));
#6841=SURFACE_STYLE_USAGE(.BOTH.,#6842);
#6842=SURFACE_SIDE_STYLE('',(#6843));
#6843=SURFACE_STYLE_FILL_AREA(#6844);
#6844=FILL_AREA_STYLE('',(#6845));
#6845=FILL_AREA_STYLE_COLOUR('',#6324);
#6846=STYLED_ITEM('',(#6847),#3732);
#6847=PRESENTATION_STYLE_ASSIGNMENT((#6848));
#6848=SURFACE_STYLE_USAGE(.BOTH.,#6849);
#6849=SURFACE_SIDE_STYLE('',(#6850));
#6850=SURFACE_STYLE_FILL_AREA(#6851);
#6851=FILL_AREA_STYLE('',(#6852));
#6852=FILL_AREA_STYLE_COLOUR('',#6324);
#6853=STYLED_ITEM('',(#6854),#3757);
#6854=PRESENTATION_STYLE_ASSIGNMENT((#6855));
#6855=SURFACE_STYLE_USAGE(.BOTH.,#6856);
#6856=SURFACE_SIDE_STYLE('',(#6857));
#6857=SURFACE_STYLE_FILL_AREA(#6858);
#6858=FILL_AREA_STYLE('',(#6859));
#6859=FILL_AREA_STYLE_COLOUR('',#6324);
#6860=STYLED_ITEM('',(#6861),#3802);
#6861=PRESENTATION_STYLE_ASSIGNMENT((#6862));
#6862=SURFACE_STYLE_USAGE(.BOTH.,#6863);
#6863=SURFACE_SIDE_STYLE('',(#6864));
#6864=SURFACE_STYLE_FILL_AREA(#6865);
#6865=FILL_AREA_STYLE('',(#6866));
#6866=FILL_AREA_STYLE_COLOUR('',#6324);
#6867=STYLED_ITEM('',(#6868),#3851);
#6868=PRESENTATION_STYLE_ASSIGNMENT((#6869));
#6869=SURFACE_STYLE_USAGE(.BOTH.,#6870);
#6870=SURFACE_SIDE_STYLE('',(#6871));
#6871=SURFACE_STYLE_FILL_AREA(#6872);
#6872=FILL_AREA_STYLE('',(#6873));
#6873=FILL_AREA_STYLE_COLOUR('',#6324);
#6874=STYLED_ITEM('',(#6875),#3876);
#6875=PRESENTATION_STYLE_ASSIGNMENT((#6876));
#6876=SURFACE_STYLE_USAGE(.BOTH.,#6877);
#6877=SURFACE_SIDE_STYLE('',(#6878));
#6878=SURFACE_STYLE_FILL_AREA(#6879);
#6879=FILL_AREA_STYLE('',(#6880));
#6880=FILL_AREA_STYLE_COLOUR('',#6324);
#6881=STYLED_ITEM('',(#6882),#3966);
#6882=PRESENTATION_STYLE_ASSIGNMENT((#6883));
#6883=SURFACE_STYLE_USAGE(.BOTH.,#6884);
#6884=SURFACE_SIDE_STYLE('',(#6885));
#6885=SURFACE_STYLE_FILL_AREA(#6886);
#6886=FILL_AREA_STYLE('',(#6887));
#6887=FILL_AREA_STYLE_COLOUR('',#6324);
#6888=STYLED_ITEM('',(#6889),#3984);
#6889=PRESENTATION_STYLE_ASSIGNMENT((#6890));
#6890=SURFACE_STYLE_USAGE(.BOTH.,#6891);
#6891=SURFACE_SIDE_STYLE('',(#6892));
#6892=SURFACE_STYLE_FILL_AREA(#6893);
#6893=FILL_AREA_STYLE('',(#6894));
#6894=FILL_AREA_STYLE_COLOUR('',#6324);
#6895=STYLED_ITEM('',(#6896),#4001);
#6896=PRESENTATION_STYLE_ASSIGNMENT((#6897));
#6897=SURFACE_STYLE_USAGE(.BOTH.,#6898);
#6898=SURFACE_SIDE_STYLE('',(#6899));
#6899=SURFACE_STYLE_FILL_AREA(#6900);
#6900=FILL_AREA_STYLE('',(#6902));
#6901=COLOUR_RGB('',0.200000003,0.200000003,0.200000003);
#6902=FILL_AREA_STYLE_COLOUR('',#6901);
#6903=STYLED_ITEM('',(#6904),#4010);
#6904=PRESENTATION_STYLE_ASSIGNMENT((#6905));
#6905=SURFACE_STYLE_USAGE(.BOTH.,#6906);
#6906=SURFACE_SIDE_STYLE('',(#6907));
#6907=SURFACE_STYLE_FILL_AREA(#6908);
#6908=FILL_AREA_STYLE('',(#6909));
#6909=FILL_AREA_STYLE_COLOUR('',#6324);
#6910=STYLED_ITEM('',(#6911),#4051);
#6911=PRESENTATION_STYLE_ASSIGNMENT((#6912));
#6912=SURFACE_STYLE_USAGE(.BOTH.,#6913);
#6913=SURFACE_SIDE_STYLE('',(#6914));
#6914=SURFACE_STYLE_FILL_AREA(#6915);
#6915=FILL_AREA_STYLE('',(#6916));
#6916=FILL_AREA_STYLE_COLOUR('',#6324);
#6917=STYLED_ITEM('',(#6918),#4076);
#6918=PRESENTATION_STYLE_ASSIGNMENT((#6919));
#6919=SURFACE_STYLE_USAGE(.BOTH.,#6920);
#6920=SURFACE_SIDE_STYLE('',(#6921));
#6921=SURFACE_STYLE_FILL_AREA(#6922);
#6922=FILL_AREA_STYLE('',(#6923));
#6923=FILL_AREA_STYLE_COLOUR('',#6324);
#6924=STYLED_ITEM('',(#6925),#4101);
#6925=PRESENTATION_STYLE_ASSIGNMENT((#6926));
#6926=SURFACE_STYLE_USAGE(.BOTH.,#6927);
#6927=SURFACE_SIDE_STYLE('',(#6928));
#6928=SURFACE_STYLE_FILL_AREA(#6929);
#6929=FILL_AREA_STYLE('',(#6930));
#6930=FILL_AREA_STYLE_COLOUR('',#6324);
#6931=STYLED_ITEM('',(#6932),#4126);
#6932=PRESENTATION_STYLE_ASSIGNMENT((#6933));
#6933=SURFACE_STYLE_USAGE(.BOTH.,#6934);
#6934=SURFACE_SIDE_STYLE('',(#6935));
#6935=SURFACE_STYLE_FILL_AREA(#6936);
#6936=FILL_AREA_STYLE('',(#6937));
#6937=FILL_AREA_STYLE_COLOUR('',#6324);
#6938=STYLED_ITEM('',(#6939),#4160);
#6939=PRESENTATION_STYLE_ASSIGNMENT((#6940));
#6940=SURFACE_STYLE_USAGE(.BOTH.,#6941);
#6941=SURFACE_SIDE_STYLE('',(#6942));
#6942=SURFACE_STYLE_FILL_AREA(#6943);
#6943=FILL_AREA_STYLE('',(#6944));
#6944=FILL_AREA_STYLE_COLOUR('',#6324);
#6945=STYLED_ITEM('',(#6946),#4185);
#6946=PRESENTATION_STYLE_ASSIGNMENT((#6947));
#6947=SURFACE_STYLE_USAGE(.BOTH.,#6948);
#6948=SURFACE_SIDE_STYLE('',(#6949));
#6949=SURFACE_STYLE_FILL_AREA(#6950);
#6950=FILL_AREA_STYLE('',(#6951));
#6951=FILL_AREA_STYLE_COLOUR('',#6324);
#6952=STYLED_ITEM('',(#6953),#4210);
#6953=PRESENTATION_STYLE_ASSIGNMENT((#6954));
#6954=SURFACE_STYLE_USAGE(.BOTH.,#6955);
#6955=SURFACE_SIDE_STYLE('',(#6956));
#6956=SURFACE_STYLE_FILL_AREA(#6957);
#6957=FILL_AREA_STYLE('',(#6958));
#6958=FILL_AREA_STYLE_COLOUR('',#6324);
#6959=STYLED_ITEM('',(#6960),#4270);
#6960=PRESENTATION_STYLE_ASSIGNMENT((#6961));
#6961=SURFACE_STYLE_USAGE(.BOTH.,#6962);
#6962=SURFACE_SIDE_STYLE('',(#6963));
#6963=SURFACE_STYLE_FILL_AREA(#6964);
#6964=FILL_AREA_STYLE('',(#6965));
#6965=FILL_AREA_STYLE_COLOUR('',#6324);
#6966=STYLED_ITEM('',(#6967),#4288);
#6967=PRESENTATION_STYLE_ASSIGNMENT((#6968));
#6968=SURFACE_STYLE_USAGE(.BOTH.,#6969);
#6969=SURFACE_SIDE_STYLE('',(#6970));
#6970=SURFACE_STYLE_FILL_AREA(#6971);
#6971=FILL_AREA_STYLE('',(#6972));
#6972=FILL_AREA_STYLE_COLOUR('',#6324);
#6973=STYLED_ITEM('',(#6974),#4307);
#6974=PRESENTATION_STYLE_ASSIGNMENT((#6975));
#6975=SURFACE_STYLE_USAGE(.BOTH.,#6976);
#6976=SURFACE_SIDE_STYLE('',(#6977));
#6977=SURFACE_STYLE_FILL_AREA(#6978);
#6978=FILL_AREA_STYLE('',(#6980));
#6979=COLOUR_RGB('',0.200000003,0.200000003,0.200000003);
#6980=FILL_AREA_STYLE_COLOUR('',#6979);
#6981=STYLED_ITEM('',(#6982),#4316);
#6982=PRESENTATION_STYLE_ASSIGNMENT((#6983));
#6983=SURFACE_STYLE_USAGE(.BOTH.,#6984);
#6984=SURFACE_SIDE_STYLE('',(#6985));
#6985=SURFACE_STYLE_FILL_AREA(#6986);
#6986=FILL_AREA_STYLE('',(#6987));
#6987=FILL_AREA_STYLE_COLOUR('',#6324);
#6988=STYLED_ITEM('',(#6989),#4357);
#6989=PRESENTATION_STYLE_ASSIGNMENT((#6990));
#6990=SURFACE_STYLE_USAGE(.BOTH.,#6991);
#6991=SURFACE_SIDE_STYLE('',(#6992));
#6992=SURFACE_STYLE_FILL_AREA(#6993);
#6993=FILL_AREA_STYLE('',(#6994));
#6994=FILL_AREA_STYLE_COLOUR('',#6324);
#6995=STYLED_ITEM('',(#6996),#4382);
#6996=PRESENTATION_STYLE_ASSIGNMENT((#6997));
#6997=SURFACE_STYLE_USAGE(.BOTH.,#6998);
#6998=SURFACE_SIDE_STYLE('',(#6999));
#6999=SURFACE_STYLE_FILL_AREA(#7000);
#7000=FILL_AREA_STYLE('',(#7001));
#7001=FILL_AREA_STYLE_COLOUR('',#6324);
#7002=STYLED_ITEM('',(#7003),#4407);
#7003=PRESENTATION_STYLE_ASSIGNMENT((#7004));
#7004=SURFACE_STYLE_USAGE(.BOTH.,#7005);
#7005=SURFACE_SIDE_STYLE('',(#7006));
#7006=SURFACE_STYLE_FILL_AREA(#7007);
#7007=FILL_AREA_STYLE('',(#7008));
#7008=FILL_AREA_STYLE_COLOUR('',#6324);
#7009=STYLED_ITEM('',(#7010),#4432);
#7010=PRESENTATION_STYLE_ASSIGNMENT((#7011));
#7011=SURFACE_STYLE_USAGE(.BOTH.,#7012);
#7012=SURFACE_SIDE_STYLE('',(#7013));
#7013=SURFACE_STYLE_FILL_AREA(#7014);
#7014=FILL_AREA_STYLE('',(#7015));
#7015=FILL_AREA_STYLE_COLOUR('',#6324);
#7016=STYLED_ITEM('',(#7017),#4466);
#7017=PRESENTATION_STYLE_ASSIGNMENT((#7018));
#7018=SURFACE_STYLE_USAGE(.BOTH.,#7019);
#7019=SURFACE_SIDE_STYLE('',(#7020));
#7020=SURFACE_STYLE_FILL_AREA(#7021);
#7021=FILL_AREA_STYLE('',(#7022));
#7022=FILL_AREA_STYLE_COLOUR('',#6324);
#7023=STYLED_ITEM('',(#7024),#4491);
#7024=PRESENTATION_STYLE_ASSIGNMENT((#7025));
#7025=SURFACE_STYLE_USAGE(.BOTH.,#7026);
#7026=SURFACE_SIDE_STYLE('',(#7027));
#7027=SURFACE_STYLE_FILL_AREA(#7028);
#7028=FILL_AREA_STYLE('',(#7029));
#7029=FILL_AREA_STYLE_COLOUR('',#6324);
#7030=STYLED_ITEM('',(#7031),#4516);
#7031=PRESENTATION_STYLE_ASSIGNMENT((#7032));
#7032=SURFACE_STYLE_USAGE(.BOTH.,#7033);
#7033=SURFACE_SIDE_STYLE('',(#7034));
#7034=SURFACE_STYLE_FILL_AREA(#7035);
#7035=FILL_AREA_STYLE('',(#7036));
#7036=FILL_AREA_STYLE_COLOUR('',#6324);
#7037=STYLED_ITEM('',(#7038),#4576);
#7038=PRESENTATION_STYLE_ASSIGNMENT((#7039));
#7039=SURFACE_STYLE_USAGE(.BOTH.,#7040);
#7040=SURFACE_SIDE_STYLE('',(#7041));
#7041=SURFACE_STYLE_FILL_AREA(#7042);
#7042=FILL_AREA_STYLE('',(#7043));
#7043=FILL_AREA_STYLE_COLOUR('',#6324);
#7044=STYLED_ITEM('',(#7045),#4594);
#7045=PRESENTATION_STYLE_ASSIGNMENT((#7046));
#7046=SURFACE_STYLE_USAGE(.BOTH.,#7047);
#7047=SURFACE_SIDE_STYLE('',(#7048));
#7048=SURFACE_STYLE_FILL_AREA(#7049);
#7049=FILL_AREA_STYLE('',(#7050));
#7050=FILL_AREA_STYLE_COLOUR('',#6324);
#7051=STYLED_ITEM('',(#7052),#4613);
#7052=PRESENTATION_STYLE_ASSIGNMENT((#7053));
#7053=SURFACE_STYLE_USAGE(.BOTH.,#7054);
#7054=SURFACE_SIDE_STYLE('',(#7055));
#7055=SURFACE_STYLE_FILL_AREA(#7056);
#7056=FILL_AREA_STYLE('',(#7058));
#7057=COLOUR_RGB('',0.200000003,0.200000003,0.200000003);
#7058=FILL_AREA_STYLE_COLOUR('',#7057);
#7059=STYLED_ITEM('',(#7060),#4622);
#7060=PRESENTATION_STYLE_ASSIGNMENT((#7061));
#7061=SURFACE_STYLE_USAGE(.BOTH.,#7062);
#7062=SURFACE_SIDE_STYLE('',(#7063));
#7063=SURFACE_STYLE_FILL_AREA(#7064);
#7064=FILL_AREA_STYLE('',(#7065));
#7065=FILL_AREA_STYLE_COLOUR('',#6324);
#7066=STYLED_ITEM('',(#7067),#4663);
#7067=PRESENTATION_STYLE_ASSIGNMENT((#7068));
#7068=SURFACE_STYLE_USAGE(.BOTH.,#7069);
#7069=SURFACE_SIDE_STYLE('',(#7070));
#7070=SURFACE_STYLE_FILL_AREA(#7071);
#7071=FILL_AREA_STYLE('',(#7072));
#7072=FILL_AREA_STYLE_COLOUR('',#6324);
#7073=STYLED_ITEM('',(#7074),#4688);
#7074=PRESENTATION_STYLE_ASSIGNMENT((#7075));
#7075=SURFACE_STYLE_USAGE(.BOTH.,#7076);
#7076=SURFACE_SIDE_STYLE('',(#7077));
#7077=SURFACE_STYLE_FILL_AREA(#7078);
#7078=FILL_AREA_STYLE('',(#7079));
#7079=FILL_AREA_STYLE_COLOUR('',#6324);
#7080=STYLED_ITEM('',(#7081),#4713);
#7081=PRESENTATION_STYLE_ASSIGNMENT((#7082));
#7082=SURFACE_STYLE_USAGE(.BOTH.,#7083);
#7083=SURFACE_SIDE_STYLE('',(#7084));
#7084=SURFACE_STYLE_FILL_AREA(#7085);
#7085=FILL_AREA_STYLE('',(#7086));
#7086=FILL_AREA_STYLE_COLOUR('',#6324);
#7087=STYLED_ITEM('',(#7088),#4738);
#7088=PRESENTATION_STYLE_ASSIGNMENT((#7089));
#7089=SURFACE_STYLE_USAGE(.BOTH.,#7090);
#7090=SURFACE_SIDE_STYLE('',(#7091));
#7091=SURFACE_STYLE_FILL_AREA(#7092);
#7092=FILL_AREA_STYLE('',(#7093));
#7093=FILL_AREA_STYLE_COLOUR('',#6324);
#7094=STYLED_ITEM('',(#7095),#4772);
#7095=PRESENTATION_STYLE_ASSIGNMENT((#7096));
#7096=SURFACE_STYLE_USAGE(.BOTH.,#7097);
#7097=SURFACE_SIDE_STYLE('',(#7098));
#7098=SURFACE_STYLE_FILL_AREA(#7099);
#7099=FILL_AREA_STYLE('',(#7100));
#7100=FILL_AREA_STYLE_COLOUR('',#6324);
#7101=STYLED_ITEM('',(#7102),#4797);
#7102=PRESENTATION_STYLE_ASSIGNMENT((#7103));
#7103=SURFACE_STYLE_USAGE(.BOTH.,#7104);
#7104=SURFACE_SIDE_STYLE('',(#7105));
#7105=SURFACE_STYLE_FILL_AREA(#7106);
#7106=FILL_AREA_STYLE('',(#7107));
#7107=FILL_AREA_STYLE_COLOUR('',#6324);
#7108=STYLED_ITEM('',(#7109),#4822);
#7109=PRESENTATION_STYLE_ASSIGNMENT((#7110));
#7110=SURFACE_STYLE_USAGE(.BOTH.,#7111);
#7111=SURFACE_SIDE_STYLE('',(#7112));
#7112=SURFACE_STYLE_FILL_AREA(#7113);
#7113=FILL_AREA_STYLE('',(#7114));
#7114=FILL_AREA_STYLE_COLOUR('',#6324);
#7115=STYLED_ITEM('',(#7116),#4882);
#7116=PRESENTATION_STYLE_ASSIGNMENT((#7117));
#7117=SURFACE_STYLE_USAGE(.BOTH.,#7118);
#7118=SURFACE_SIDE_STYLE('',(#7119));
#7119=SURFACE_STYLE_FILL_AREA(#7120);
#7120=FILL_AREA_STYLE('',(#7121));
#7121=FILL_AREA_STYLE_COLOUR('',#6324);
#7122=STYLED_ITEM('',(#7123),#4900);
#7123=PRESENTATION_STYLE_ASSIGNMENT((#7124));
#7124=SURFACE_STYLE_USAGE(.BOTH.,#7125);
#7125=SURFACE_SIDE_STYLE('',(#7126));
#7126=SURFACE_STYLE_FILL_AREA(#7127);
#7127=FILL_AREA_STYLE('',(#7128));
#7128=FILL_AREA_STYLE_COLOUR('',#6324);
#7129=STYLED_ITEM('',(#7130),#4919);
#7130=PRESENTATION_STYLE_ASSIGNMENT((#7131));
#7131=SURFACE_STYLE_USAGE(.BOTH.,#7132);
#7132=SURFACE_SIDE_STYLE('',(#7133));
#7133=SURFACE_STYLE_FILL_AREA(#7134);
#7134=FILL_AREA_STYLE('',(#7136));
#7135=COLOUR_RGB('',0.200000003,0.200000003,0.200000003);
#7136=FILL_AREA_STYLE_COLOUR('',#7135);
#7137=STYLED_ITEM('',(#7138),#4928);
#7138=PRESENTATION_STYLE_ASSIGNMENT((#7139));
#7139=SURFACE_STYLE_USAGE(.BOTH.,#7140);
#7140=SURFACE_SIDE_STYLE('',(#7141));
#7141=SURFACE_STYLE_FILL_AREA(#7142);
#7142=FILL_AREA_STYLE('',(#7143));
#7143=FILL_AREA_STYLE_COLOUR('',#6324);
#7144=STYLED_ITEM('',(#7145),#4969);
#7145=PRESENTATION_STYLE_ASSIGNMENT((#7146));
#7146=SURFACE_STYLE_USAGE(.BOTH.,#7147);
#7147=SURFACE_SIDE_STYLE('',(#7148));
#7148=SURFACE_STYLE_FILL_AREA(#7149);
#7149=FILL_AREA_STYLE('',(#7150));
#7150=FILL_AREA_STYLE_COLOUR('',#6324);
#7151=STYLED_ITEM('',(#7152),#4994);
#7152=PRESENTATION_STYLE_ASSIGNMENT((#7153));
#7153=SURFACE_STYLE_USAGE(.BOTH.,#7154);
#7154=SURFACE_SIDE_STYLE('',(#7155));
#7155=SURFACE_STYLE_FILL_AREA(#7156);
#7156=FILL_AREA_STYLE('',(#7157));
#7157=FILL_AREA_STYLE_COLOUR('',#6324);
#7158=STYLED_ITEM('',(#7159),#5019);
#7159=PRESENTATION_STYLE_ASSIGNMENT((#7160));
#7160=SURFACE_STYLE_USAGE(.BOTH.,#7161);
#7161=SURFACE_SIDE_STYLE('',(#7162));
#7162=SURFACE_STYLE_FILL_AREA(#7163);
#7163=FILL_AREA_STYLE('',(#7164));
#7164=FILL_AREA_STYLE_COLOUR('',#6324);
#7165=STYLED_ITEM('',(#7166),#5044);
#7166=PRESENTATION_STYLE_ASSIGNMENT((#7167));
#7167=SURFACE_STYLE_USAGE(.BOTH.,#7168);
#7168=SURFACE_SIDE_STYLE('',(#7169));
#7169=SURFACE_STYLE_FILL_AREA(#7170);
#7170=FILL_AREA_STYLE('',(#7171));
#7171=FILL_AREA_STYLE_COLOUR('',#6324);
#7172=STYLED_ITEM('',(#7173),#5078);
#7173=PRESENTATION_STYLE_ASSIGNMENT((#7174));
#7174=SURFACE_STYLE_USAGE(.BOTH.,#7175);
#7175=SURFACE_SIDE_STYLE('',(#7176));
#7176=SURFACE_STYLE_FILL_AREA(#7177);
#7177=FILL_AREA_STYLE('',(#7178));
#7178=FILL_AREA_STYLE_COLOUR('',#6324);
#7179=STYLED_ITEM('',(#7180),#5103);
#7180=PRESENTATION_STYLE_ASSIGNMENT((#7181));
#7181=SURFACE_STYLE_USAGE(.BOTH.,#7182);
#7182=SURFACE_SIDE_STYLE('',(#7183));
#7183=SURFACE_STYLE_FILL_AREA(#7184);
#7184=FILL_AREA_STYLE('',(#7185));
#7185=FILL_AREA_STYLE_COLOUR('',#6324);
#7186=STYLED_ITEM('',(#7187),#5128);
#7187=PRESENTATION_STYLE_ASSIGNMENT((#7188));
#7188=SURFACE_STYLE_USAGE(.BOTH.,#7189);
#7189=SURFACE_SIDE_STYLE('',(#7190));
#7190=SURFACE_STYLE_FILL_AREA(#7191);
#7191=FILL_AREA_STYLE('',(#7192));
#7192=FILL_AREA_STYLE_COLOUR('',#6324);
#7193=STYLED_ITEM('',(#7194),#5188);
#7194=PRESENTATION_STYLE_ASSIGNMENT((#7195));
#7195=SURFACE_STYLE_USAGE(.BOTH.,#7196);
#7196=SURFACE_SIDE_STYLE('',(#7197));
#7197=SURFACE_STYLE_FILL_AREA(#7198);
#7198=FILL_AREA_STYLE('',(#7199));
#7199=FILL_AREA_STYLE_COLOUR('',#6324);
#7200=STYLED_ITEM('',(#7201),#5206);
#7201=PRESENTATION_STYLE_ASSIGNMENT((#7202));
#7202=SURFACE_STYLE_USAGE(.BOTH.,#7203);
#7203=SURFACE_SIDE_STYLE('',(#7204));
#7204=SURFACE_STYLE_FILL_AREA(#7205);
#7205=FILL_AREA_STYLE('',(#7206));
#7206=FILL_AREA_STYLE_COLOUR('',#6324);
#7207=STYLED_ITEM('',(#7208),#5225);
#7208=PRESENTATION_STYLE_ASSIGNMENT((#7209));
#7209=SURFACE_STYLE_USAGE(.BOTH.,#7210);
#7210=SURFACE_SIDE_STYLE('',(#7211));
#7211=SURFACE_STYLE_FILL_AREA(#7212);
#7212=FILL_AREA_STYLE('',(#7214));
#7213=COLOUR_RGB('',0.200000003,0.200000003,0.200000003);
#7214=FILL_AREA_STYLE_COLOUR('',#7213);
#7215=STYLED_ITEM('',(#7216),#5234);
#7216=PRESENTATION_STYLE_ASSIGNMENT((#7217));
#7217=SURFACE_STYLE_USAGE(.BOTH.,#7218);
#7218=SURFACE_SIDE_STYLE('',(#7219));
#7219=SURFACE_STYLE_FILL_AREA(#7220);
#7220=FILL_AREA_STYLE('',(#7221));
#7221=FILL_AREA_STYLE_COLOUR('',#6324);
#7222=STYLED_ITEM('',(#7223),#5265);
#7223=PRESENTATION_STYLE_ASSIGNMENT((#7224));
#7224=SURFACE_STYLE_USAGE(.BOTH.,#7225);
#7225=SURFACE_SIDE_STYLE('',(#7226));
#7226=SURFACE_STYLE_FILL_AREA(#7227);
#7227=FILL_AREA_STYLE('',(#7228));
#7228=FILL_AREA_STYLE_COLOUR('',#6324);
#7229=STYLED_ITEM('',(#7230),#5289);
#7230=PRESENTATION_STYLE_ASSIGNMENT((#7231));
#7231=SURFACE_STYLE_USAGE(.BOTH.,#7232);
#7232=SURFACE_SIDE_STYLE('',(#7233));
#7233=SURFACE_STYLE_FILL_AREA(#7234);
#7234=FILL_AREA_STYLE('',(#7235));
#7235=FILL_AREA_STYLE_COLOUR('',#6324);
#7236=STYLED_ITEM('',(#7237),#5313);
#7237=PRESENTATION_STYLE_ASSIGNMENT((#7238));
#7238=SURFACE_STYLE_USAGE(.BOTH.,#7239);
#7239=SURFACE_SIDE_STYLE('',(#7240));
#7240=SURFACE_STYLE_FILL_AREA(#7241);
#7241=FILL_AREA_STYLE('',(#7242));
#7242=FILL_AREA_STYLE_COLOUR('',#6324);
#7243=STYLED_ITEM('',(#7244),#5330);
#7244=PRESENTATION_STYLE_ASSIGNMENT((#7245));
#7245=SURFACE_STYLE_USAGE(.BOTH.,#7246);
#7246=SURFACE_SIDE_STYLE('',(#7247));
#7247=SURFACE_STYLE_FILL_AREA(#7248);
#7248=FILL_AREA_STYLE('',(#7249));
#7249=FILL_AREA_STYLE_COLOUR('',#6324);
#7250=STYLED_ITEM('',(#7251),#5342);
#7251=PRESENTATION_STYLE_ASSIGNMENT((#7252));
#7252=SURFACE_STYLE_USAGE(.BOTH.,#7253);
#7253=SURFACE_SIDE_STYLE('',(#7254));
#7254=SURFACE_STYLE_FILL_AREA(#7255);
#7255=FILL_AREA_STYLE('',(#7256));
#7256=FILL_AREA_STYLE_COLOUR('',#6324);
#7257=STYLED_ITEM('',(#7258),#5373);
#7258=PRESENTATION_STYLE_ASSIGNMENT((#7259));
#7259=SURFACE_STYLE_USAGE(.BOTH.,#7260);
#7260=SURFACE_SIDE_STYLE('',(#7261));
#7261=SURFACE_STYLE_FILL_AREA(#7262);
#7262=FILL_AREA_STYLE('',(#7263));
#7263=FILL_AREA_STYLE_COLOUR('',#6324);
#7264=STYLED_ITEM('',(#7265),#5397);
#7265=PRESENTATION_STYLE_ASSIGNMENT((#7266));
#7266=SURFACE_STYLE_USAGE(.BOTH.,#7267);
#7267=SURFACE_SIDE_STYLE('',(#7268));
#7268=SURFACE_STYLE_FILL_AREA(#7269);
#7269=FILL_AREA_STYLE('',(#7270));
#7270=FILL_AREA_STYLE_COLOUR('',#6324);
#7271=STYLED_ITEM('',(#7272),#5421);
#7272=PRESENTATION_STYLE_ASSIGNMENT((#7273));
#7273=SURFACE_STYLE_USAGE(.BOTH.,#7274);
#7274=SURFACE_SIDE_STYLE('',(#7275));
#7275=SURFACE_STYLE_FILL_AREA(#7276);
#7276=FILL_AREA_STYLE('',(#7277));
#7277=FILL_AREA_STYLE_COLOUR('',#6324);
#7278=STYLED_ITEM('',(#7279),#5438);
#7279=PRESENTATION_STYLE_ASSIGNMENT((#7280));
#7280=SURFACE_STYLE_USAGE(.BOTH.,#7281);
#7281=SURFACE_SIDE_STYLE('',(#7282));
#7282=SURFACE_STYLE_FILL_AREA(#7283);
#7283=FILL_AREA_STYLE('',(#7284));
#7284=FILL_AREA_STYLE_COLOUR('',#6324);
#7285=STYLED_ITEM('',(#7286),#5450);
#7286=PRESENTATION_STYLE_ASSIGNMENT((#7287));
#7287=SURFACE_STYLE_USAGE(.BOTH.,#7288);
#7288=SURFACE_SIDE_STYLE('',(#7289));
#7289=SURFACE_STYLE_FILL_AREA(#7290);
#7290=FILL_AREA_STYLE('',(#7291));
#7291=FILL_AREA_STYLE_COLOUR('',#6324);
#7292=STYLED_ITEM('',(#7293),#5481);
#7293=PRESENTATION_STYLE_ASSIGNMENT((#7294));
#7294=SURFACE_STYLE_USAGE(.BOTH.,#7295);
#7295=SURFACE_SIDE_STYLE('',(#7296));
#7296=SURFACE_STYLE_FILL_AREA(#7297);
#7297=FILL_AREA_STYLE('',(#7298));
#7298=FILL_AREA_STYLE_COLOUR('',#6324);
#7299=STYLED_ITEM('',(#7300),#5505);
#7300=PRESENTATION_STYLE_ASSIGNMENT((#7301));
#7301=SURFACE_STYLE_USAGE(.BOTH.,#7302);
#7302=SURFACE_SIDE_STYLE('',(#7303));
#7303=SURFACE_STYLE_FILL_AREA(#7304);
#7304=FILL_AREA_STYLE('',(#7305));
#7305=FILL_AREA_STYLE_COLOUR('',#6324);
#7306=STYLED_ITEM('',(#7307),#5529);
#7307=PRESENTATION_STYLE_ASSIGNMENT((#7308));
#7308=SURFACE_STYLE_USAGE(.BOTH.,#7309);
#7309=SURFACE_SIDE_STYLE('',(#7310));
#7310=SURFACE_STYLE_FILL_AREA(#7311);
#7311=FILL_AREA_STYLE('',(#7312));
#7312=FILL_AREA_STYLE_COLOUR('',#6324);
#7313=STYLED_ITEM('',(#7314),#5546);
#7314=PRESENTATION_STYLE_ASSIGNMENT((#7315));
#7315=SURFACE_STYLE_USAGE(.BOTH.,#7316);
#7316=SURFACE_SIDE_STYLE('',(#7317));
#7317=SURFACE_STYLE_FILL_AREA(#7318);
#7318=FILL_AREA_STYLE('',(#7319));
#7319=FILL_AREA_STYLE_COLOUR('',#6324);
#7320=STYLED_ITEM('',(#7321),#5558);
#7321=PRESENTATION_STYLE_ASSIGNMENT((#7322));
#7322=SURFACE_STYLE_USAGE(.BOTH.,#7323);
#7323=SURFACE_SIDE_STYLE('',(#7324));
#7324=SURFACE_STYLE_FILL_AREA(#7325);
#7325=FILL_AREA_STYLE('',(#7326));
#7326=FILL_AREA_STYLE_COLOUR('',#6324);
#7327=STYLED_ITEM('',(#7328),#5589);
#7328=PRESENTATION_STYLE_ASSIGNMENT((#7329));
#7329=SURFACE_STYLE_USAGE(.BOTH.,#7330);
#7330=SURFACE_SIDE_STYLE('',(#7331));
#7331=SURFACE_STYLE_FILL_AREA(#7332);
#7332=FILL_AREA_STYLE('',(#7333));
#7333=FILL_AREA_STYLE_COLOUR('',#6324);
#7334=STYLED_ITEM('',(#7335),#5613);
#7335=PRESENTATION_STYLE_ASSIGNMENT((#7336));
#7336=SURFACE_STYLE_USAGE(.BOTH.,#7337);
#7337=SURFACE_SIDE_STYLE('',(#7338));
#7338=SURFACE_STYLE_FILL_AREA(#7339);
#7339=FILL_AREA_STYLE('',(#7340));
#7340=FILL_AREA_STYLE_COLOUR('',#6324);
#7341=STYLED_ITEM('',(#7342),#5637);
#7342=PRESENTATION_STYLE_ASSIGNMENT((#7343));
#7343=SURFACE_STYLE_USAGE(.BOTH.,#7344);
#7344=SURFACE_SIDE_STYLE('',(#7345));
#7345=SURFACE_STYLE_FILL_AREA(#7346);
#7346=FILL_AREA_STYLE('',(#7347));
#7347=FILL_AREA_STYLE_COLOUR('',#6324);
#7348=STYLED_ITEM('',(#7349),#5661);
#7349=PRESENTATION_STYLE_ASSIGNMENT((#7350));
#7350=SURFACE_STYLE_USAGE(.BOTH.,#7351);
#7351=SURFACE_SIDE_STYLE('',(#7352));
#7352=SURFACE_STYLE_FILL_AREA(#7353);
#7353=FILL_AREA_STYLE('',(#7354));
#7354=FILL_AREA_STYLE_COLOUR('',#6324);
#7355=STYLED_ITEM('',(#7356),#5685);
#7356=PRESENTATION_STYLE_ASSIGNMENT((#7357));
#7357=SURFACE_STYLE_USAGE(.BOTH.,#7358);
#7358=SURFACE_SIDE_STYLE('',(#7359));
#7359=SURFACE_STYLE_FILL_AREA(#7360);
#7360=FILL_AREA_STYLE('',(#7361));
#7361=FILL_AREA_STYLE_COLOUR('',#6324);
#7362=STYLED_ITEM('',(#7363),#5709);
#7363=PRESENTATION_STYLE_ASSIGNMENT((#7364));
#7364=SURFACE_STYLE_USAGE(.BOTH.,#7365);
#7365=SURFACE_SIDE_STYLE('',(#7366));
#7366=SURFACE_STYLE_FILL_AREA(#7367);
#7367=FILL_AREA_STYLE('',(#7368));
#7368=FILL_AREA_STYLE_COLOUR('',#6324);
#7369=STYLED_ITEM('',(#7370),#5733);
#7370=PRESENTATION_STYLE_ASSIGNMENT((#7371));
#7371=SURFACE_STYLE_USAGE(.BOTH.,#7372);
#7372=SURFACE_SIDE_STYLE('',(#7373));
#7373=SURFACE_STYLE_FILL_AREA(#7374);
#7374=FILL_AREA_STYLE('',(#7375));
#7375=FILL_AREA_STYLE_COLOUR('',#6324);
#7376=STYLED_ITEM('',(#7377),#5757);
#7377=PRESENTATION_STYLE_ASSIGNMENT((#7378));
#7378=SURFACE_STYLE_USAGE(.BOTH.,#7379);
#7379=SURFACE_SIDE_STYLE('',(#7380));
#7380=SURFACE_STYLE_FILL_AREA(#7381);
#7381=FILL_AREA_STYLE('',(#7382));
#7382=FILL_AREA_STYLE_COLOUR('',#6324);
#7383=STYLED_ITEM('',(#7384),#5781);
#7384=PRESENTATION_STYLE_ASSIGNMENT((#7385));
#7385=SURFACE_STYLE_USAGE(.BOTH.,#7386);
#7386=SURFACE_SIDE_STYLE('',(#7387));
#7387=SURFACE_STYLE_FILL_AREA(#7388);
#7388=FILL_AREA_STYLE('',(#7389));
#7389=FILL_AREA_STYLE_COLOUR('',#6324);
#7390=STYLED_ITEM('',(#7391),#5805);
#7391=PRESENTATION_STYLE_ASSIGNMENT((#7392));
#7392=SURFACE_STYLE_USAGE(.BOTH.,#7393);
#7393=SURFACE_SIDE_STYLE('',(#7394));
#7394=SURFACE_STYLE_FILL_AREA(#7395);
#7395=FILL_AREA_STYLE('',(#7396));
#7396=FILL_AREA_STYLE_COLOUR('',#6324);
#7397=STYLED_ITEM('',(#7398),#5829);
#7398=PRESENTATION_STYLE_ASSIGNMENT((#7399));
#7399=SURFACE_STYLE_USAGE(.BOTH.,#7400);
#7400=SURFACE_SIDE_STYLE('',(#7401));
#7401=SURFACE_STYLE_FILL_AREA(#7402);
#7402=FILL_AREA_STYLE('',(#7403));
#7403=FILL_AREA_STYLE_COLOUR('',#6324);
#7404=STYLED_ITEM('',(#7405),#5853);
#7405=PRESENTATION_STYLE_ASSIGNMENT((#7406));
#7406=SURFACE_STYLE_USAGE(.BOTH.,#7407);
#7407=SURFACE_SIDE_STYLE('',(#7408));
#7408=SURFACE_STYLE_FILL_AREA(#7409);
#7409=FILL_AREA_STYLE('',(#7410));
#7410=FILL_AREA_STYLE_COLOUR('',#6324);
#7411=STYLED_ITEM('',(#7412),#5870);
#7412=PRESENTATION_STYLE_ASSIGNMENT((#7413));
#7413=SURFACE_STYLE_USAGE(.BOTH.,#7414);
#7414=SURFACE_SIDE_STYLE('',(#7415));
#7415=SURFACE_STYLE_FILL_AREA(#7416);
#7416=FILL_AREA_STYLE('',(#7417));
#7417=FILL_AREA_STYLE_COLOUR('',#6324);
#7418=STYLED_ITEM('',(#7419),#5891);
#7419=PRESENTATION_STYLE_ASSIGNMENT((#7420));
#7420=SURFACE_STYLE_USAGE(.BOTH.,#7421);
#7421=SURFACE_SIDE_STYLE('',(#7422));
#7422=SURFACE_STYLE_FILL_AREA(#7423);
#7423=FILL_AREA_STYLE('',(#7424));
#7424=FILL_AREA_STYLE_COLOUR('',#6324);
#7425=STYLED_ITEM('',(#7426),#5922);
#7426=PRESENTATION_STYLE_ASSIGNMENT((#7427));
#7427=SURFACE_STYLE_USAGE(.BOTH.,#7428);
#7428=SURFACE_SIDE_STYLE('',(#7429));
#7429=SURFACE_STYLE_FILL_AREA(#7430);
#7430=FILL_AREA_STYLE('',(#7431));
#7431=FILL_AREA_STYLE_COLOUR('',#6324);
#7432=STYLED_ITEM('',(#7433),#5946);
#7433=PRESENTATION_STYLE_ASSIGNMENT((#7434));
#7434=SURFACE_STYLE_USAGE(.BOTH.,#7435);
#7435=SURFACE_SIDE_STYLE('',(#7436));
#7436=SURFACE_STYLE_FILL_AREA(#7437);
#7437=FILL_AREA_STYLE('',(#7438));
#7438=FILL_AREA_STYLE_COLOUR('',#6324);
#7439=STYLED_ITEM('',(#7440),#5970);
#7440=PRESENTATION_STYLE_ASSIGNMENT((#7441));
#7441=SURFACE_STYLE_USAGE(.BOTH.,#7442);
#7442=SURFACE_SIDE_STYLE('',(#7443));
#7443=SURFACE_STYLE_FILL_AREA(#7444);
#7444=FILL_AREA_STYLE('',(#7445));
#7445=FILL_AREA_STYLE_COLOUR('',#6324);
#7446=STYLED_ITEM('',(#7447),#5994);
#7447=PRESENTATION_STYLE_ASSIGNMENT((#7448));
#7448=SURFACE_STYLE_USAGE(.BOTH.,#7449);
#7449=SURFACE_SIDE_STYLE('',(#7450));
#7450=SURFACE_STYLE_FILL_AREA(#7451);
#7451=FILL_AREA_STYLE('',(#7452));
#7452=FILL_AREA_STYLE_COLOUR('',#6324);
#7453=STYLED_ITEM('',(#7454),#6018);
#7454=PRESENTATION_STYLE_ASSIGNMENT((#7455));
#7455=SURFACE_STYLE_USAGE(.BOTH.,#7456);
#7456=SURFACE_SIDE_STYLE('',(#7457));
#7457=SURFACE_STYLE_FILL_AREA(#7458);
#7458=FILL_AREA_STYLE('',(#7459));
#7459=FILL_AREA_STYLE_COLOUR('',#6324);
#7460=STYLED_ITEM('',(#7461),#6042);
#7461=PRESENTATION_STYLE_ASSIGNMENT((#7462));
#7462=SURFACE_STYLE_USAGE(.BOTH.,#7463);
#7463=SURFACE_SIDE_STYLE('',(#7464));
#7464=SURFACE_STYLE_FILL_AREA(#7465);
#7465=FILL_AREA_STYLE('',(#7466));
#7466=FILL_AREA_STYLE_COLOUR('',#6324);
#7467=STYLED_ITEM('',(#7468),#6066);
#7468=PRESENTATION_STYLE_ASSIGNMENT((#7469));
#7469=SURFACE_STYLE_USAGE(.BOTH.,#7470);
#7470=SURFACE_SIDE_STYLE('',(#7471));
#7471=SURFACE_STYLE_FILL_AREA(#7472);
#7472=FILL_AREA_STYLE('',(#7473));
#7473=FILL_AREA_STYLE_COLOUR('',#6324);
#7474=STYLED_ITEM('',(#7475),#6090);
#7475=PRESENTATION_STYLE_ASSIGNMENT((#7476));
#7476=SURFACE_STYLE_USAGE(.BOTH.,#7477);
#7477=SURFACE_SIDE_STYLE('',(#7478));
#7478=SURFACE_STYLE_FILL_AREA(#7479);
#7479=FILL_AREA_STYLE('',(#7480));
#7480=FILL_AREA_STYLE_COLOUR('',#6324);
#7481=STYLED_ITEM('',(#7482),#6114);
#7482=PRESENTATION_STYLE_ASSIGNMENT((#7483));
#7483=SURFACE_STYLE_USAGE(.BOTH.,#7484);
#7484=SURFACE_SIDE_STYLE('',(#7485));
#7485=SURFACE_STYLE_FILL_AREA(#7486);
#7486=FILL_AREA_STYLE('',(#7487));
#7487=FILL_AREA_STYLE_COLOUR('',#6324);
#7488=STYLED_ITEM('',(#7489),#6138);
#7489=PRESENTATION_STYLE_ASSIGNMENT((#7490));
#7490=SURFACE_STYLE_USAGE(.BOTH.,#7491);
#7491=SURFACE_SIDE_STYLE('',(#7492));
#7492=SURFACE_STYLE_FILL_AREA(#7493);
#7493=FILL_AREA_STYLE('',(#7494));
#7494=FILL_AREA_STYLE_COLOUR('',#6324);
#7495=STYLED_ITEM('',(#7496),#6162);
#7496=PRESENTATION_STYLE_ASSIGNMENT((#7497));
#7497=SURFACE_STYLE_USAGE(.BOTH.,#7498);
#7498=SURFACE_SIDE_STYLE('',(#7499));
#7499=SURFACE_STYLE_FILL_AREA(#7500);
#7500=FILL_AREA_STYLE('',(#7501));
#7501=FILL_AREA_STYLE_COLOUR('',#6324);
#7502=STYLED_ITEM('',(#7503),#6179);
#7503=PRESENTATION_STYLE_ASSIGNMENT((#7504));
#7504=SURFACE_STYLE_USAGE(.BOTH.,#7505);
#7505=SURFACE_SIDE_STYLE('',(#7506));
#7506=SURFACE_STYLE_FILL_AREA(#7507);
#7507=FILL_AREA_STYLE('',(#7508));
#7508=FILL_AREA_STYLE_COLOUR('',#6324);
#7509=STYLED_ITEM('',(#7510),#6199);
#7510=PRESENTATION_STYLE_ASSIGNMENT((#7511));
#7511=SURFACE_STYLE_USAGE(.BOTH.,#7512);
#7512=SURFACE_SIDE_STYLE('',(#7513));
#7513=SURFACE_STYLE_FILL_AREA(#7514);
#7514=FILL_AREA_STYLE('',(#7515));
#7515=FILL_AREA_STYLE_COLOUR('',#6324);
#7516=STYLED_ITEM('',(#7517),#6223);
#7517=PRESENTATION_STYLE_ASSIGNMENT((#7518));
#7518=SURFACE_STYLE_USAGE(.BOTH.,#7519);
#7519=SURFACE_SIDE_STYLE('',(#7520));
#7520=SURFACE_STYLE_FILL_AREA(#7521);
#7521=FILL_AREA_STYLE('',(#7522));
#7522=FILL_AREA_STYLE_COLOUR('',#6324);
#7523=MECHANICAL_DESIGN_GEOMETRIC_PRESENTATION_REPRESENTATION('',(#6246,#6254,#6262,#6270,#6278,#6286,#6294,#6302,#6310,#6318,#6326,#6333,#6340,#6347,#6354,#6361,#6368,#6375,#6382,#6389,#6397,#6404,#6411,#6418,#6425,#6432,#6439,#6446,#6453,#6460,#6467,#6474,#6481,#6488,#6495,#6502,#6509,#6516,#6523,#6530,#6537,#6544,#6551,#6558,#6566,#6573,#6580,#6587,#6594,#6601,#6608,#6615,#6622,#6629,#6636,#6643,#6650,#6657,#6664,#6671,#6678,#6685,#6692,#6699,#6706,#6713,#6720,#6727,#6734,#6741,#6748,#6755,#6762,#6769,#6776,#6783,#6790,#6797,#6804,#6811,#6818,#6825,#6832,#6839,#6846,#6853,#6860,#6867,#6874,#6881,#6888,#6895,#6903,#6910,#6917,#6924,#6931,#6938,#6945,#6952,#6959,#6966,#6973,#6981,#6988,#6995,#7002,#7009,#7016,#7023,#7030,#7037,#7044,#7051,#7059,#7066,#7073,#7080,#7087,#7094,#7101,#7108,#7115,#7122,#7129,#7137,#7144,#7151,#7158,#7165,#7172,#7179,#7186,#7193,#7200,#7207,#7215,#7222,#7229,#7236,#7243,#7250,#7257,#7264,#7271,#7278,#7285,#7292,#7299,#7306,#7313,#7320,#7327,#7334,#7341,#7348,#7355,#7362,#7369,#7376,#7383,#7390,#7397,#7404,#7411,#7418,#7425,#7432,#7439,#7446,#7453,#7460,#7467,#7474,#7481,#7488,#7495,#7502,#7509,#7516),#6232);
#7524=MANIFOLD_SOLID_BREP('',#7525);
#7525=CLOSED_SHELL('',(#7526,#7620,#7714,#7808,#7866,#7920,#7988,#8051,#8126,#8184,#8242,#8296,#8350,#8496,#8508,#8520,#8532,#8544,#8566,#8588,#8610,#8632,#8654,#8666,#8678,#8695,#8712,#8724,#8741,#8758,#8770,#8787,#8804,#8816,#8828,#8840,#8852,#8864,#8876,#8888,#8900));
#7526=ADVANCED_FACE('',(#7527),#7615,.F.);
#7527=FACE_BOUND('',#7528,.T.);
#7528=EDGE_LOOP('',(#7529,#7540,#7549,#7558,#7566,#7574,#7583,#7591,#7599,#7608));
#7529=ORIENTED_EDGE('',*,*,#7530,.T.);
#7530=EDGE_CURVE('',#7531,#7533,#7535,.T.);
#7531=VERTEX_POINT('',#7532);
#7532=CARTESIAN_POINT('',(-2.901228629,4.598279764,0.0));
#7533=VERTEX_POINT('',#7534);
#7534=CARTESIAN_POINT('',(-4.598279764,2.901228629,0.0));
#7535=CIRCLE('',#7536,1.2);
#7536=AXIS2_PLACEMENT_3D('',#7537,#7538,#7539);
#7537=CARTESIAN_POINT('',(-3.74766594,3.74766594,0.0));
#7538=DIRECTION('',(0.0,0.0,1.0));
#7539=DIRECTION('',(1.0,0.0,0.0));
#7540=ORIENTED_EDGE('',*,*,#7541,.T.);
#7541=EDGE_CURVE('',#7533,#7542,#7544,.F.);
#7542=VERTEX_POINT('',#7543);
#7543=CARTESIAN_POINT('',(-4.570642471,2.683137604,0.0));
#7544=CIRCLE('',#7545,0.18);
#7545=AXIS2_PLACEMENT_3D('',#7546,#7547,#7548);
#7546=CARTESIAN_POINT('',(-4.725871838,2.774263032,0.0));
#7547=DIRECTION('',(0.0,0.0,1.0));
#7548=DIRECTION('',(1.0,0.0,0.0));
#7549=ORIENTED_EDGE('',*,*,#7550,.T.);
#7550=EDGE_CURVE('',#7542,#7551,#7553,.T.);
#7551=VERTEX_POINT('',#7552);
#7552=CARTESIAN_POINT('',(-4.58993464,2.65,9.735942053E-16));
#7553=CIRCLE('',#7554,5.3);
#7554=AXIS2_PLACEMENT_3D('',#7555,#7556,#7557);
#7555=CARTESIAN_POINT('',(0.0,0.0,0.0));
#7556=DIRECTION('',(0.0,0.0,1.0));
#7557=DIRECTION('',(1.0,0.0,0.0));
#7558=ORIENTED_EDGE('',*,*,#7559,.T.);
#7559=EDGE_CURVE('',#7551,#7560,#7562,.F.);
#7560=VERTEX_POINT('',#7561);
#7561=CARTESIAN_POINT('',(-6.0,2.65,9.735942053E-16));
#7562=LINE('',#7563,#7564);
#7563=CARTESIAN_POINT('',(-18.357559751,2.65,9.735942053E-16));
#7564=VECTOR('',#7565,1.0);
#7565=DIRECTION('',(1.0,0.0,0.0));
#7566=ORIENTED_EDGE('',*,*,#7567,.T.);
#7567=EDGE_CURVE('',#7560,#7568,#7570,.F.);
#7568=VERTEX_POINT('',#7569);
#7569=CARTESIAN_POINT('',(-6.0,3.75,0.0));
#7570=LINE('',#7571,#7572);
#7571=CARTESIAN_POINT('',(-6.0,6.0,0.0));
#7572=VECTOR('',#7573,1.0);
#7573=DIRECTION('',(0.0,-1.0,0.0));
#7574=ORIENTED_EDGE('',*,*,#7575,.T.);
#7575=EDGE_CURVE('',#7568,#7576,#7578,.F.);
#7576=VERTEX_POINT('',#7577);
#7577=CARTESIAN_POINT('',(-3.75,6.0,0.0));
#7578=CIRCLE('',#7579,2.25);
#7579=AXIS2_PLACEMENT_3D('',#7580,#7581,#7582);
#7580=CARTESIAN_POINT('',(-3.75,3.75,0.0));
#7581=DIRECTION('',(0.0,0.0,1.0));
#7582=DIRECTION('',(1.0,0.0,0.0));
#7583=ORIENTED_EDGE('',*,*,#7584,.T.);
#7584=EDGE_CURVE('',#7576,#7585,#7587,.F.);
#7585=VERTEX_POINT('',#7586);
#7586=CARTESIAN_POINT('',(-2.65,6.0,0.0));
#7587=LINE('',#7588,#7589);
#7588=CARTESIAN_POINT('',(6.0,6.0,0.0));
#7589=VECTOR('',#7590,1.0);
#7590=DIRECTION('',(-1.0,0.0,0.0));
#7591=ORIENTED_EDGE('',*,*,#7592,.T.);
#7592=EDGE_CURVE('',#7585,#7593,#7595,.T.);
#7593=VERTEX_POINT('',#7594);
#7594=CARTESIAN_POINT('',(-2.65,4.58993464,0.0));
#7595=LINE('',#7596,#7597);
#7596=CARTESIAN_POINT('',(-2.65,18.357559751,0.0));
#7597=VECTOR('',#7598,1.0);
#7598=DIRECTION('',(0.0,-1.0,0.0));
#7599=ORIENTED_EDGE('',*,*,#7600,.T.);
#7600=EDGE_CURVE('',#7593,#7601,#7603,.T.);
#7601=VERTEX_POINT('',#7602);
#7602=CARTESIAN_POINT('',(-2.683137604,4.570642471,0.0));
#7603=CIRCLE('',#7604,5.3);
#7604=AXIS2_PLACEMENT_3D('',#7605,#7606,#7607);
#7605=CARTESIAN_POINT('',(0.0,0.0,0.0));
#7606=DIRECTION('',(0.0,0.0,1.0));
#7607=DIRECTION('',(1.0,0.0,0.0));
#7608=ORIENTED_EDGE('',*,*,#7609,.T.);
#7609=EDGE_CURVE('',#7601,#7531,#7610,.F.);
#7610=CIRCLE('',#7611,0.18);
#7611=AXIS2_PLACEMENT_3D('',#7612,#7613,#7614);
#7612=CARTESIAN_POINT('',(-2.774263032,4.725871838,0.0));
#7613=DIRECTION('',(0.0,0.0,1.0));
#7614=DIRECTION('',(1.0,0.0,0.0));
#7615=PLANE('',#7616);
#7616=AXIS2_PLACEMENT_3D('',#7617,#7618,#7619);
#7617=CARTESIAN_POINT('',(0.0,0.0,0.0));
#7618=DIRECTION('',(0.0,0.0,1.0));
#7619=DIRECTION('',(1.0,0.0,0.0));
#7620=ADVANCED_FACE('',(#7621),#7709,.F.);
#7621=FACE_BOUND('',#7622,.T.);
#7622=EDGE_LOOP('',(#7623,#7634,#7643,#7652,#7661,#7670,#7678,#7686,#7695,#7703));
#7623=ORIENTED_EDGE('',*,*,#7624,.T.);
#7624=EDGE_CURVE('',#7625,#7627,#7629,.T.);
#7625=VERTEX_POINT('',#7626);
#7626=CARTESIAN_POINT('',(-4.58993464,-2.65,0.0));
#7627=VERTEX_POINT('',#7628);
#7628=CARTESIAN_POINT('',(-4.570642471,-2.683137604,0.0));
#7629=CIRCLE('',#7630,5.3);
#7630=AXIS2_PLACEMENT_3D('',#7631,#7632,#7633);
#7631=CARTESIAN_POINT('',(0.0,0.0,0.0));
#7632=DIRECTION('',(0.0,0.0,1.0));
#7633=DIRECTION('',(1.0,0.0,0.0));
#7634=ORIENTED_EDGE('',*,*,#7635,.T.);
#7635=EDGE_CURVE('',#7627,#7636,#7638,.F.);
#7636=VERTEX_POINT('',#7637);
#7637=CARTESIAN_POINT('',(-4.598279764,-2.901228629,0.0));
#7638=CIRCLE('',#7639,0.18);
#7639=AXIS2_PLACEMENT_3D('',#7640,#7641,#7642);
#7640=CARTESIAN_POINT('',(-4.725871838,-2.774263032,0.0));
#7641=DIRECTION('',(0.0,0.0,1.0));
#7642=DIRECTION('',(1.0,0.0,0.0));
#7643=ORIENTED_EDGE('',*,*,#7644,.T.);
#7644=EDGE_CURVE('',#7636,#7645,#7647,.F.);
#7645=VERTEX_POINT('',#7646);
#7646=CARTESIAN_POINT('',(-2.901228629,-4.598279764,0.0));
#7647=CIRCLE('',#7648,1.2);
#7648=AXIS2_PLACEMENT_3D('',#7649,#7650,#7651);
#7649=CARTESIAN_POINT('',(-3.74766594,-3.74766594,0.0));
#7650=DIRECTION('',(0.0,0.0,-1.0));
#7651=DIRECTION('',(1.0,0.0,0.0));
#7652=ORIENTED_EDGE('',*,*,#7653,.T.);
#7653=EDGE_CURVE('',#7645,#7654,#7656,.F.);
#7654=VERTEX_POINT('',#7655);
#7655=CARTESIAN_POINT('',(-2.683137604,-4.570642471,0.0));
#7656=CIRCLE('',#7657,0.18);
#7657=AXIS2_PLACEMENT_3D('',#7658,#7659,#7660);
#7658=CARTESIAN_POINT('',(-2.774263032,-4.725871838,0.0));
#7659=DIRECTION('',(0.0,0.0,1.0));
#7660=DIRECTION('',(1.0,0.0,0.0));
#7661=ORIENTED_EDGE('',*,*,#7662,.T.);
#7662=EDGE_CURVE('',#7654,#7663,#7665,.T.);
#7663=VERTEX_POINT('',#7664);
#7664=CARTESIAN_POINT('',(-2.65,-4.58993464,3.805646353E-16));
#7665=CIRCLE('',#7666,5.3);
#7666=AXIS2_PLACEMENT_3D('',#7667,#7668,#7669);
#7667=CARTESIAN_POINT('',(0.0,0.0,0.0));
#7668=DIRECTION('',(0.0,0.0,1.0));
#7669=DIRECTION('',(1.0,0.0,0.0));
#7670=ORIENTED_EDGE('',*,*,#7671,.T.);
#7671=EDGE_CURVE('',#7663,#7672,#7674,.F.);
#7672=VERTEX_POINT('',#7673);
#7673=CARTESIAN_POINT('',(-2.65,-6.0,0.0));
#7674=LINE('',#7675,#7676);
#7675=CARTESIAN_POINT('',(-2.65,-18.357559751,0.0));
#7676=VECTOR('',#7677,1.0);
#7677=DIRECTION('',(0.0,1.0,0.0));
#7678=ORIENTED_EDGE('',*,*,#7679,.T.);
#7679=EDGE_CURVE('',#7672,#7680,#7682,.F.);
#7680=VERTEX_POINT('',#7681);
#7681=CARTESIAN_POINT('',(-3.75,-6.0,0.0));
#7682=LINE('',#7683,#7684);
#7683=CARTESIAN_POINT('',(-6.0,-6.0,0.0));
#7684=VECTOR('',#7685,1.0);
#7685=DIRECTION('',(1.0,0.0,0.0));
#7686=ORIENTED_EDGE('',*,*,#7687,.T.);
#7687=EDGE_CURVE('',#7680,#7688,#7690,.F.);
#7688=VERTEX_POINT('',#7689);
#7689=CARTESIAN_POINT('',(-6.0,-3.75,0.0));
#7690=CIRCLE('',#7691,2.25);
#7691=AXIS2_PLACEMENT_3D('',#7692,#7693,#7694);
#7692=CARTESIAN_POINT('',(-3.75,-3.75,0.0));
#7693=DIRECTION('',(0.0,0.0,1.0));
#7694=DIRECTION('',(1.0,0.0,0.0));
#7695=ORIENTED_EDGE('',*,*,#7696,.T.);
#7696=EDGE_CURVE('',#7688,#7697,#7699,.F.);
#7697=VERTEX_POINT('',#7698);
#7698=CARTESIAN_POINT('',(-6.0,-2.65,0.0));
#7699=LINE('',#7700,#7701);
#7700=CARTESIAN_POINT('',(-6.0,6.0,0.0));
#7701=VECTOR('',#7702,1.0);
#7702=DIRECTION('',(0.0,-1.0,0.0));
#7703=ORIENTED_EDGE('',*,*,#7704,.T.);
#7704=EDGE_CURVE('',#7697,#7625,#7705,.T.);
#7705=LINE('',#7706,#7707);
#7706=CARTESIAN_POINT('',(-18.357559751,-2.65,0.0));
#7707=VECTOR('',#7708,1.0);
#7708=DIRECTION('',(1.0,0.0,0.0));
#7709=PLANE('',#7710);
#7710=AXIS2_PLACEMENT_3D('',#7711,#7712,#7713);
#7711=CARTESIAN_POINT('',(0.0,0.0,0.0));
#7712=DIRECTION('',(0.0,0.0,1.0));
#7713=DIRECTION('',(1.0,0.0,0.0));
#7714=ADVANCED_FACE('',(#7715),#7803,.F.);
#7715=FACE_BOUND('',#7716,.T.);
#7716=EDGE_LOOP('',(#7717,#7728,#7737,#7746,#7755,#7764,#7772,#7780,#7789,#7797));
#7717=ORIENTED_EDGE('',*,*,#7718,.T.);
#7718=EDGE_CURVE('',#7719,#7721,#7723,.T.);
#7719=VERTEX_POINT('',#7720);
#7720=CARTESIAN_POINT('',(2.65,-4.58993464,9.735942053E-16));
#7721=VERTEX_POINT('',#7722);
#7722=CARTESIAN_POINT('',(2.683137604,-4.570642471,0.0));
#7723=CIRCLE('',#7724,5.3);
#7724=AXIS2_PLACEMENT_3D('',#7725,#7726,#7727);
#7725=CARTESIAN_POINT('',(0.0,0.0,0.0));
#7726=DIRECTION('',(0.0,0.0,1.0));
#7727=DIRECTION('',(1.0,0.0,0.0));
#7728=ORIENTED_EDGE('',*,*,#7729,.T.);
#7729=EDGE_CURVE('',#7721,#7730,#7732,.F.);
#7730=VERTEX_POINT('',#7731);
#7731=CARTESIAN_POINT('',(2.901228629,-4.598279764,0.0));
#7732=CIRCLE('',#7733,0.18);
#7733=AXIS2_PLACEMENT_3D('',#7734,#7735,#7736);
#7734=CARTESIAN_POINT('',(2.774263032,-4.725871838,0.0));
#7735=DIRECTION('',(0.0,0.0,1.0));
#7736=DIRECTION('',(1.0,0.0,0.0));
#7737=ORIENTED_EDGE('',*,*,#7738,.T.);
#7738=EDGE_CURVE('',#7730,#7739,#7741,.T.);
#7739=VERTEX_POINT('',#7740);
#7740=CARTESIAN_POINT('',(4.598279764,-2.901228629,0.0));
#7741=CIRCLE('',#7742,1.2);
#7742=AXIS2_PLACEMENT_3D('',#7743,#7744,#7745);
#7743=CARTESIAN_POINT('',(3.74766594,-3.74766594,0.0));
#7744=DIRECTION('',(0.0,0.0,1.0));
#7745=DIRECTION('',(1.0,0.0,0.0));
#7746=ORIENTED_EDGE('',*,*,#7747,.T.);
#7747=EDGE_CURVE('',#7739,#7748,#7750,.F.);
#7748=VERTEX_POINT('',#7749);
#7749=CARTESIAN_POINT('',(4.570642471,-2.683137604,0.0));
#7750=CIRCLE('',#7751,0.18);
#7751=AXIS2_PLACEMENT_3D('',#7752,#7753,#7754);
#7752=CARTESIAN_POINT('',(4.725871838,-2.774263032,0.0));
#7753=DIRECTION('',(0.0,0.0,1.0));
#7754=DIRECTION('',(1.0,0.0,0.0));
#7755=ORIENTED_EDGE('',*,*,#7756,.T.);
#7756=EDGE_CURVE('',#7748,#7757,#7759,.T.);
#7757=VERTEX_POINT('',#7758);
#7758=CARTESIAN_POINT('',(4.58993464,-2.65,0.0));
#7759=CIRCLE('',#7760,5.3);
#7760=AXIS2_PLACEMENT_3D('',#7761,#7762,#7763);
#7761=CARTESIAN_POINT('',(0.0,0.0,0.0));
#7762=DIRECTION('',(0.0,0.0,1.0));
#7763=DIRECTION('',(1.0,0.0,0.0));
#7764=ORIENTED_EDGE('',*,*,#7765,.T.);
#7765=EDGE_CURVE('',#7757,#7766,#7768,.F.);
#7766=VERTEX_POINT('',#7767);
#7767=CARTESIAN_POINT('',(6.0,-2.65,0.0));
#7768=LINE('',#7769,#7770);
#7769=CARTESIAN_POINT('',(0.0,-2.65,0.0));
#7770=VECTOR('',#7771,1.0);
#7771=DIRECTION('',(-1.0,0.0,0.0));
#7772=ORIENTED_EDGE('',*,*,#7773,.T.);
#7773=EDGE_CURVE('',#7766,#7774,#7776,.F.);
#7774=VERTEX_POINT('',#7775);
#7775=CARTESIAN_POINT('',(6.0,-3.75,0.0));
#7776=LINE('',#7777,#7778);
#7777=CARTESIAN_POINT('',(6.0,-6.0,0.0));
#7778=VECTOR('',#7779,1.0);
#7779=DIRECTION('',(0.0,1.0,0.0));
#7780=ORIENTED_EDGE('',*,*,#7781,.T.);
#7781=EDGE_CURVE('',#7774,#7782,#7784,.F.);
#7782=VERTEX_POINT('',#7783);
#7783=CARTESIAN_POINT('',(3.75,-6.0,0.0));
#7784=CIRCLE('',#7785,2.25);
#7785=AXIS2_PLACEMENT_3D('',#7786,#7787,#7788);
#7786=CARTESIAN_POINT('',(3.75,-3.75,0.0));
#7787=DIRECTION('',(0.0,0.0,1.0));
#7788=DIRECTION('',(1.0,0.0,0.0));
#7789=ORIENTED_EDGE('',*,*,#7790,.T.);
#7790=EDGE_CURVE('',#7782,#7791,#7793,.F.);
#7791=VERTEX_POINT('',#7792);
#7792=CARTESIAN_POINT('',(2.65,-6.0,9.735942053E-16));
#7793=LINE('',#7794,#7795);
#7794=CARTESIAN_POINT('',(-6.0,-6.0,0.0));
#7795=VECTOR('',#7796,1.0);
#7796=DIRECTION('',(1.0,0.0,0.0));
#7797=ORIENTED_EDGE('',*,*,#7798,.T.);
#7798=EDGE_CURVE('',#7791,#7719,#7799,.T.);
#7799=LINE('',#7800,#7801);
#7800=CARTESIAN_POINT('',(2.65,-18.357559751,9.735942053E-16));
#7801=VECTOR('',#7802,1.0);
#7802=DIRECTION('',(0.0,1.0,0.0));
#7803=PLANE('',#7804);
#7804=AXIS2_PLACEMENT_3D('',#7805,#7806,#7807);
#7805=CARTESIAN_POINT('',(0.0,0.0,0.0));
#7806=DIRECTION('',(0.0,0.0,1.0));
#7807=DIRECTION('',(1.0,0.0,0.0));
#7808=ADVANCED_FACE('',(#7809),#7861,.F.);
#7809=FACE_BOUND('',#7810,.T.);
#7810=EDGE_LOOP('',(#7811,#7812,#7820,#7829,#7835,#7836,#7845,#7854));
#7811=ORIENTED_EDGE('',*,*,#7662,.F.);
#7812=ORIENTED_EDGE('',*,*,#7813,.T.);
#7813=EDGE_CURVE('',#7654,#7814,#7816,.F.);
#7814=VERTEX_POINT('',#7815);
#7815=CARTESIAN_POINT('',(-2.683137604,-4.570642471,7.0));
#7816=LINE('',#7817,#7818);
#7817=CARTESIAN_POINT('',(-2.683137604,-4.570642471,7.0));
#7818=VECTOR('',#7819,1.0);
#7819=DIRECTION('',(0.0,0.0,-1.0));
#7820=ORIENTED_EDGE('',*,*,#7821,.T.);
#7821=EDGE_CURVE('',#7814,#7822,#7824,.T.);
#7822=VERTEX_POINT('',#7823);
#7823=CARTESIAN_POINT('',(2.683137604,-4.570642471,7.0));
#7824=CIRCLE('',#7825,5.3);
#7825=AXIS2_PLACEMENT_3D('',#7826,#7827,#7828);
#7826=CARTESIAN_POINT('',(0.0,0.0,7.0));
#7827=DIRECTION('',(0.0,0.0,1.0));
#7828=DIRECTION('',(1.0,0.0,0.0));
#7829=ORIENTED_EDGE('',*,*,#7830,.T.);
#7830=EDGE_CURVE('',#7822,#7721,#7831,.T.);
#7831=LINE('',#7832,#7833);
#7832=CARTESIAN_POINT('',(2.683137604,-4.570642471,7.0));
#7833=VECTOR('',#7834,1.0);
#7834=DIRECTION('',(0.0,0.0,-1.0));
#7835=ORIENTED_EDGE('',*,*,#7718,.F.);
#7836=ORIENTED_EDGE('',*,*,#7837,.T.);
#7837=EDGE_CURVE('',#7719,#7838,#7840,.T.);
#7838=VERTEX_POINT('',#7839);
#7839=CARTESIAN_POINT('',(2.55,-4.646235035,0.65));
#7840=ELLIPSE('',#7841,34.855308061,5.3);
#7841=AXIS2_PLACEMENT_3D('',#7842,#7843,#7844);
#7842=CARTESIAN_POINT('',(0.0,0.0,17.225));
#7843=DIRECTION('',(-0.988371698,0.0,-0.152057184));
#7844=DIRECTION('',(0.152057184,0.0,-0.988371698));
#7845=ORIENTED_EDGE('',*,*,#7846,.T.);
#7846=EDGE_CURVE('',#7838,#7847,#7849,.T.);
#7847=VERTEX_POINT('',#7848);
#7848=CARTESIAN_POINT('',(-2.55,-4.646235035,0.65));
#7849=CIRCLE('',#7850,5.3);
#7850=AXIS2_PLACEMENT_3D('',#7851,#7852,#7853);
#7851=CARTESIAN_POINT('',(0.0,0.0,0.65));
#7852=DIRECTION('',(1.913297951E-16,0.0,-1.0));
#7853=DIRECTION('',(-1.0,0.0,-1.913297951E-16));
#7854=ORIENTED_EDGE('',*,*,#7855,.T.);
#7855=EDGE_CURVE('',#7847,#7663,#7856,.T.);
#7856=ELLIPSE('',#7857,34.855308061,5.3);
#7857=AXIS2_PLACEMENT_3D('',#7858,#7859,#7860);
#7858=CARTESIAN_POINT('',(0.0,0.0,17.225));
#7859=DIRECTION('',(0.988371698,0.0,-0.152057184));
#7860=DIRECTION('',(-0.152057184,0.0,-0.988371698));
#7861=CYLINDRICAL_SURFACE('',#7862,5.3);
#7862=AXIS2_PLACEMENT_3D('',#7863,#7864,#7865);
#7863=CARTESIAN_POINT('',(0.0,0.0,7.0));
#7864=DIRECTION('',(0.0,0.0,-1.0));
#7865=DIRECTION('',(-1.0,0.0,0.0));
#7866=ADVANCED_FACE('',(#7867),#7915,.F.);
#7867=FACE_BOUND('',#7868,.T.);
#7868=EDGE_LOOP('',(#7869,#7877,#7885,#7891,#7892,#7900,#7908,#7914));
#7869=ORIENTED_EDGE('',*,*,#7870,.T.);
#7870=EDGE_CURVE('',#7672,#7871,#7873,.F.);
#7871=VERTEX_POINT('',#7872);
#7872=CARTESIAN_POINT('',(-2.55,-6.0,0.65));
#7873=LINE('',#7874,#7875);
#7874=CARTESIAN_POINT('',(-1.675433526,-6.0,6.334682081));
#7875=VECTOR('',#7876,1.0);
#7876=DIRECTION('',(-0.152057184,0.0,-0.988371698));
#7877=ORIENTED_EDGE('',*,*,#7878,.T.);
#7878=EDGE_CURVE('',#7871,#7879,#7881,.F.);
#7879=VERTEX_POINT('',#7880);
#7880=CARTESIAN_POINT('',(2.55,-6.0,0.65));
#7881=LINE('',#7882,#7883);
#7882=CARTESIAN_POINT('',(-6.0,-6.0,0.65));
#7883=VECTOR('',#7884,1.0);
#7884=DIRECTION('',(-1.0,0.0,-1.913297951E-16));
#7885=ORIENTED_EDGE('',*,*,#7886,.T.);
#7886=EDGE_CURVE('',#7879,#7791,#7887,.F.);
#7887=LINE('',#7888,#7889);
#7888=CARTESIAN_POINT('',(1.397976879,-6.0,8.138150289));
#7889=VECTOR('',#7890,1.0);
#7890=DIRECTION('',(-0.152057184,0.0,0.988371698));
#7891=ORIENTED_EDGE('',*,*,#7790,.F.);
#7892=ORIENTED_EDGE('',*,*,#7893,.T.);
#7893=EDGE_CURVE('',#7782,#7894,#7896,.F.);
#7894=VERTEX_POINT('',#7895);
#7895=CARTESIAN_POINT('',(3.75,-6.0,7.0));
#7896=LINE('',#7897,#7898);
#7897=CARTESIAN_POINT('',(3.75,-6.0,7.0));
#7898=VECTOR('',#7899,1.0);
#7899=DIRECTION('',(0.0,0.0,-1.0));
#7900=ORIENTED_EDGE('',*,*,#7901,.T.);
#7901=EDGE_CURVE('',#7894,#7902,#7904,.F.);
#7902=VERTEX_POINT('',#7903);
#7903=CARTESIAN_POINT('',(-3.75,-6.0,7.0));
#7904=LINE('',#7905,#7906);
#7905=CARTESIAN_POINT('',(-6.0,-6.0,7.0));
#7906=VECTOR('',#7907,1.0);
#7907=DIRECTION('',(1.0,0.0,0.0));
#7908=ORIENTED_EDGE('',*,*,#7909,.T.);
#7909=EDGE_CURVE('',#7902,#7680,#7910,.T.);
#7910=LINE('',#7911,#7912);
#7911=CARTESIAN_POINT('',(-3.75,-6.0,7.0));
#7912=VECTOR('',#7913,1.0);
#7913=DIRECTION('',(0.0,0.0,-1.0));
#7914=ORIENTED_EDGE('',*,*,#7679,.F.);
#7915=PLANE('',#7916);
#7916=AXIS2_PLACEMENT_3D('',#7917,#7918,#7919);
#7917=CARTESIAN_POINT('',(-6.0,-6.0,7.0));
#7918=DIRECTION('',(0.0,1.0,0.0));
#7919=DIRECTION('',(0.0,0.0,1.0));
#7920=ADVANCED_FACE('',(#7921),#7983,.F.);
#7921=FACE_BOUND('',#7922,.T.);
#7922=EDGE_LOOP('',(#7923,#7924,#7932,#7941,#7949,#7958,#7967,#7976));
#7923=ORIENTED_EDGE('',*,*,#7756,.F.);
#7924=ORIENTED_EDGE('',*,*,#7925,.T.);
#7925=EDGE_CURVE('',#7748,#7926,#7928,.F.);
#7926=VERTEX_POINT('',#7927);
#7927=CARTESIAN_POINT('',(4.570642471,-2.683137604,7.0));
#7928=LINE('',#7929,#7930);
#7929=CARTESIAN_POINT('',(4.570642471,-2.683137604,7.0));
#7930=VECTOR('',#7931,1.0);
#7931=DIRECTION('',(0.0,0.0,-1.0));
#7932=ORIENTED_EDGE('',*,*,#7933,.T.);
#7933=EDGE_CURVE('',#7926,#7934,#7936,.T.);
#7934=VERTEX_POINT('',#7935);
#7935=CARTESIAN_POINT('',(4.570642471,2.683137604,7.0));
#7936=CIRCLE('',#7937,5.3);
#7937=AXIS2_PLACEMENT_3D('',#7938,#7939,#7940);
#7938=CARTESIAN_POINT('',(0.0,0.0,7.0));
#7939=DIRECTION('',(0.0,0.0,1.0));
#7940=DIRECTION('',(1.0,0.0,0.0));
#7941=ORIENTED_EDGE('',*,*,#7942,.T.);
#7942=EDGE_CURVE('',#7934,#7943,#7945,.T.);
#7943=VERTEX_POINT('',#7944);
#7944=CARTESIAN_POINT('',(4.570642471,2.683137604,0.0));
#7945=LINE('',#7946,#7947);
#7946=CARTESIAN_POINT('',(4.570642471,2.683137604,7.0));
#7947=VECTOR('',#7948,1.0);
#7948=DIRECTION('',(0.0,0.0,-1.0));
#7949=ORIENTED_EDGE('',*,*,#7950,.T.);
#7950=EDGE_CURVE('',#7943,#7951,#7953,.F.);
#7951=VERTEX_POINT('',#7952);
#7952=CARTESIAN_POINT('',(4.58993464,2.65,9.735942053E-16));
#7953=CIRCLE('',#7954,5.3);
#7954=AXIS2_PLACEMENT_3D('',#7955,#7956,#7957);
#7955=CARTESIAN_POINT('',(0.0,0.0,0.0));
#7956=DIRECTION('',(0.0,0.0,1.0));
#7957=DIRECTION('',(1.0,0.0,0.0));
#7958=ORIENTED_EDGE('',*,*,#7959,.T.);
#7959=EDGE_CURVE('',#7951,#7960,#7962,.T.);
#7960=VERTEX_POINT('',#7961);
#7961=CARTESIAN_POINT('',(4.646235035,2.55,0.65));
#7962=ELLIPSE('',#7963,34.855308061,5.3);
#7963=AXIS2_PLACEMENT_3D('',#7964,#7965,#7966);
#7964=CARTESIAN_POINT('',(0.0,0.0,17.225));
#7965=DIRECTION('',(0.0,-0.988371698,-0.152057184));
#7966=DIRECTION('',(0.0,0.152057184,-0.988371698));
#7967=ORIENTED_EDGE('',*,*,#7968,.T.);
#7968=EDGE_CURVE('',#7960,#7969,#7971,.T.);
#7969=VERTEX_POINT('',#7970);
#7970=CARTESIAN_POINT('',(4.646235035,-2.55,0.65));
#7971=CIRCLE('',#7972,5.3);
#7972=AXIS2_PLACEMENT_3D('',#7973,#7974,#7975);
#7973=CARTESIAN_POINT('',(0.0,0.0,0.65));
#7974=DIRECTION('',(0.0,1.913297951E-16,-1.0));
#7975=DIRECTION('',(0.0,1.0,1.913297951E-16));
#7976=ORIENTED_EDGE('',*,*,#7977,.T.);
#7977=EDGE_CURVE('',#7969,#7757,#7978,.T.);
#7978=ELLIPSE('',#7979,34.855308061,5.3);
#7979=AXIS2_PLACEMENT_3D('',#7980,#7981,#7982);
#7980=CARTESIAN_POINT('',(0.0,0.0,17.225));
#7981=DIRECTION('',(0.0,0.988371698,-0.152057184));
#7982=DIRECTION('',(0.0,-0.152057184,-0.988371698));
#7983=CYLINDRICAL_SURFACE('',#7984,5.3);
#7984=AXIS2_PLACEMENT_3D('',#7985,#7986,#7987);
#7985=CARTESIAN_POINT('',(0.0,0.0,7.0));
#7986=DIRECTION('',(0.0,0.0,-1.0));
#7987=DIRECTION('',(-1.0,0.0,0.0));
#7988=ADVANCED_FACE('',(#7989),#8046,.F.);
#7989=FACE_BOUND('',#7990,.T.);
#7990=EDGE_LOOP('',(#7991,#7999,#8007,#8015,#8023,#8031,#8039,#8045));
#7991=ORIENTED_EDGE('',*,*,#7992,.T.);
#7992=EDGE_CURVE('',#7766,#7993,#7995,.F.);
#7993=VERTEX_POINT('',#7994);
#7994=CARTESIAN_POINT('',(6.0,-2.55,0.65));
#7995=LINE('',#7996,#7997);
#7996=CARTESIAN_POINT('',(6.0,-1.675433526,6.334682081));
#7997=VECTOR('',#7998,1.0);
#7998=DIRECTION('',(0.0,-0.152057184,-0.988371698));
#7999=ORIENTED_EDGE('',*,*,#8000,.T.);
#8000=EDGE_CURVE('',#7993,#8001,#8003,.F.);
#8001=VERTEX_POINT('',#8002);
#8002=CARTESIAN_POINT('',(6.0,2.55,0.65));
#8003=LINE('',#8004,#8005);
#8004=CARTESIAN_POINT('',(6.0,-6.0,0.65));
#8005=VECTOR('',#8006,1.0);
#8006=DIRECTION('',(0.0,-1.0,-1.913297951E-16));
#8007=ORIENTED_EDGE('',*,*,#8008,.T.);
#8008=EDGE_CURVE('',#8001,#8009,#8011,.F.);
#8009=VERTEX_POINT('',#8010);
#8010=CARTESIAN_POINT('',(6.0,2.65,9.735942053E-16));
#8011=LINE('',#8012,#8013);
#8012=CARTESIAN_POINT('',(6.0,1.397976879,8.138150289));
#8013=VECTOR('',#8014,1.0);
#8014=DIRECTION('',(0.0,-0.152057184,0.988371698));
#8015=ORIENTED_EDGE('',*,*,#8016,.T.);
#8016=EDGE_CURVE('',#8009,#8017,#8019,.T.);
#8017=VERTEX_POINT('',#8018);
#8018=CARTESIAN_POINT('',(6.0,3.75,0.0));
#8019=LINE('',#8020,#8021);
#8020=CARTESIAN_POINT('',(6.0,-6.0,0.0));
#8021=VECTOR('',#8022,1.0);
#8022=DIRECTION('',(0.0,1.0,0.0));
#8023=ORIENTED_EDGE('',*,*,#8024,.T.);
#8024=EDGE_CURVE('',#8017,#8025,#8027,.F.);
#8025=VERTEX_POINT('',#8026);
#8026=CARTESIAN_POINT('',(6.0,3.75,7.0));
#8027=LINE('',#8028,#8029);
#8028=CARTESIAN_POINT('',(6.0,3.75,7.0));
#8029=VECTOR('',#8030,1.0);
#8030=DIRECTION('',(0.0,0.0,-1.0));
#8031=ORIENTED_EDGE('',*,*,#8032,.T.);
#8032=EDGE_CURVE('',#8025,#8033,#8035,.F.);
#8033=VERTEX_POINT('',#8034);
#8034=CARTESIAN_POINT('',(6.0,-3.75,7.0));
#8035=LINE('',#8036,#8037);
#8036=CARTESIAN_POINT('',(6.0,-6.0,7.0));
#8037=VECTOR('',#8038,1.0);
#8038=DIRECTION('',(0.0,1.0,0.0));
#8039=ORIENTED_EDGE('',*,*,#8040,.T.);
#8040=EDGE_CURVE('',#8033,#7774,#8041,.T.);
#8041=LINE('',#8042,#8043);
#8042=CARTESIAN_POINT('',(6.0,-3.75,7.0));
#8043=VECTOR('',#8044,1.0);
#8044=DIRECTION('',(0.0,0.0,-1.0));
#8045=ORIENTED_EDGE('',*,*,#7773,.F.);
#8046=PLANE('',#8047);
#8047=AXIS2_PLACEMENT_3D('',#8048,#8049,#8050);
#8048=CARTESIAN_POINT('',(6.0,-6.0,7.0));
#8049=DIRECTION('',(-1.0,0.0,0.0));
#8050=DIRECTION('',(0.0,0.0,1.0));
#8051=ADVANCED_FACE('',(#8052),#8121,.F.);
#8052=FACE_BOUND('',#8053,.T.);
#8053=EDGE_LOOP('',(#8054,#8055,#8064,#8073,#8082,#8091,#8099,#8107,#8114,#8115));
#8054=ORIENTED_EDGE('',*,*,#7950,.F.);
#8055=ORIENTED_EDGE('',*,*,#8056,.T.);
#8056=EDGE_CURVE('',#7943,#8057,#8059,.F.);
#8057=VERTEX_POINT('',#8058);
#8058=CARTESIAN_POINT('',(4.598279764,2.901228629,0.0));
#8059=CIRCLE('',#8060,0.18);
#8060=AXIS2_PLACEMENT_3D('',#8061,#8062,#8063);
#8061=CARTESIAN_POINT('',(4.725871838,2.774263032,0.0));
#8062=DIRECTION('',(0.0,0.0,1.0));
#8063=DIRECTION('',(1.0,0.0,0.0));
#8064=ORIENTED_EDGE('',*,*,#8065,.T.);
#8065=EDGE_CURVE('',#8057,#8066,#8068,.T.);
#8066=VERTEX_POINT('',#8067);
#8067=CARTESIAN_POINT('',(2.901228629,4.598279764,0.0));
#8068=CIRCLE('',#8069,1.2);
#8069=AXIS2_PLACEMENT_3D('',#8070,#8071,#8072);
#8070=CARTESIAN_POINT('',(3.74766594,3.74766594,0.0));
#8071=DIRECTION('',(0.0,0.0,1.0));
#8072=DIRECTION('',(1.0,0.0,0.0));
#8073=ORIENTED_EDGE('',*,*,#8074,.T.);
#8074=EDGE_CURVE('',#8066,#8075,#8077,.F.);
#8075=VERTEX_POINT('',#8076);
#8076=CARTESIAN_POINT('',(2.683137604,4.570642471,0.0));
#8077=CIRCLE('',#8078,0.18);
#8078=AXIS2_PLACEMENT_3D('',#8079,#8080,#8081);
#8079=CARTESIAN_POINT('',(2.774263032,4.725871838,0.0));
#8080=DIRECTION('',(0.0,0.0,1.0));
#8081=DIRECTION('',(1.0,0.0,0.0));
#8082=ORIENTED_EDGE('',*,*,#8083,.T.);
#8083=EDGE_CURVE('',#8075,#8084,#8086,.T.);
#8084=VERTEX_POINT('',#8085);
#8085=CARTESIAN_POINT('',(2.65,4.58993464,9.735942053E-16));
#8086=CIRCLE('',#8087,5.3);
#8087=AXIS2_PLACEMENT_3D('',#8088,#8089,#8090);
#8088=CARTESIAN_POINT('',(0.0,0.0,0.0));
#8089=DIRECTION('',(0.0,0.0,1.0));
#8090=DIRECTION('',(1.0,0.0,0.0));
#8091=ORIENTED_EDGE('',*,*,#8092,.T.);
#8092=EDGE_CURVE('',#8084,#8093,#8095,.F.);
#8093=VERTEX_POINT('',#8094);
#8094=CARTESIAN_POINT('',(2.65,6.0,9.735942053E-16));
#8095=LINE('',#8096,#8097);
#8096=CARTESIAN_POINT('',(2.65,18.357559751,9.735942053E-16));
#8097=VECTOR('',#8098,1.0);
#8098=DIRECTION('',(0.0,-1.0,0.0));
#8099=ORIENTED_EDGE('',*,*,#8100,.T.);
#8100=EDGE_CURVE('',#8093,#8101,#8103,.F.);
#8101=VERTEX_POINT('',#8102);
#8102=CARTESIAN_POINT('',(3.75,6.0,0.0));
#8103=LINE('',#8104,#8105);
#8104=CARTESIAN_POINT('',(6.0,6.0,0.0));
#8105=VECTOR('',#8106,1.0);
#8106=DIRECTION('',(-1.0,0.0,0.0));
#8107=ORIENTED_EDGE('',*,*,#8108,.T.);
#8108=EDGE_CURVE('',#8101,#8017,#8109,.F.);
#8109=CIRCLE('',#8110,2.25);
#8110=AXIS2_PLACEMENT_3D('',#8111,#8112,#8113);
#8111=CARTESIAN_POINT('',(3.75,3.75,0.0));
#8112=DIRECTION('',(0.0,0.0,1.0));
#8113=DIRECTION('',(1.0,0.0,0.0));
#8114=ORIENTED_EDGE('',*,*,#8016,.F.);
#8115=ORIENTED_EDGE('',*,*,#8116,.T.);
#8116=EDGE_CURVE('',#8009,#7951,#8117,.F.);
#8117=LINE('',#8118,#8119);
#8118=CARTESIAN_POINT('',(0.0,2.65,0.0));
#8119=VECTOR('',#8120,1.0);
#8120=DIRECTION('',(1.0,0.0,0.0));
#8121=PLANE('',#8122);
#8122=AXIS2_PLACEMENT_3D('',#8123,#8124,#8125);
#8123=CARTESIAN_POINT('',(0.0,0.0,0.0));
#8124=DIRECTION('',(0.0,0.0,1.0));
#8125=DIRECTION('',(1.0,0.0,0.0));
#8126=ADVANCED_FACE('',(#8127),#8179,.F.);
#8127=FACE_BOUND('',#8128,.T.);
#8128=EDGE_LOOP('',(#8129,#8130,#8138,#8147,#8153,#8154,#8163,#8172));
#8129=ORIENTED_EDGE('',*,*,#8083,.F.);
#8130=ORIENTED_EDGE('',*,*,#8131,.T.);
#8131=EDGE_CURVE('',#8075,#8132,#8134,.F.);
#8132=VERTEX_POINT('',#8133);
#8133=CARTESIAN_POINT('',(2.683137604,4.570642471,7.0));
#8134=LINE('',#8135,#8136);
#8135=CARTESIAN_POINT('',(2.683137604,4.570642471,7.0));
#8136=VECTOR('',#8137,1.0);
#8137=DIRECTION('',(0.0,0.0,-1.0));
#8138=ORIENTED_EDGE('',*,*,#8139,.T.);
#8139=EDGE_CURVE('',#8132,#8140,#8142,.T.);
#8140=VERTEX_POINT('',#8141);
#8141=CARTESIAN_POINT('',(-2.683137604,4.570642471,7.0));
#8142=CIRCLE('',#8143,5.3);
#8143=AXIS2_PLACEMENT_3D('',#8144,#8145,#8146);
#8144=CARTESIAN_POINT('',(0.0,0.0,7.0));
#8145=DIRECTION('',(0.0,0.0,1.0));
#8146=DIRECTION('',(1.0,0.0,0.0));
#8147=ORIENTED_EDGE('',*,*,#8148,.T.);
#8148=EDGE_CURVE('',#8140,#7601,#8149,.T.);
#8149=LINE('',#8150,#8151);
#8150=CARTESIAN_POINT('',(-2.683137604,4.570642471,7.0));
#8151=VECTOR('',#8152,1.0);
#8152=DIRECTION('',(0.0,0.0,-1.0));
#8153=ORIENTED_EDGE('',*,*,#7600,.F.);
#8154=ORIENTED_EDGE('',*,*,#8155,.T.);
#8155=EDGE_CURVE('',#7593,#8156,#8158,.F.);
#8156=VERTEX_POINT('',#8157);
#8157=CARTESIAN_POINT('',(-2.55,4.646235035,0.65));
#8158=ELLIPSE('',#8159,34.855308061,5.3);
#8159=AXIS2_PLACEMENT_3D('',#8160,#8161,#8162);
#8160=CARTESIAN_POINT('',(0.0,0.0,17.225));
#8161=DIRECTION('',(-0.988371698,0.0,0.152057184));
#8162=DIRECTION('',(-0.152057184,0.0,-0.988371698));
#8163=ORIENTED_EDGE('',*,*,#8164,.T.);
#8164=EDGE_CURVE('',#8156,#8165,#8167,.F.);
#8165=VERTEX_POINT('',#8166);
#8166=CARTESIAN_POINT('',(2.55,4.646235035,0.65));
#8167=CIRCLE('',#8168,5.3);
#8168=AXIS2_PLACEMENT_3D('',#8169,#8170,#8171);
#8169=CARTESIAN_POINT('',(0.0,0.0,0.65));
#8170=DIRECTION('',(-1.913297951E-16,0.0,1.0));
#8171=DIRECTION('',(1.0,0.0,1.913297951E-16));
#8172=ORIENTED_EDGE('',*,*,#8173,.T.);
#8173=EDGE_CURVE('',#8165,#8084,#8174,.F.);
#8174=ELLIPSE('',#8175,34.855308061,5.3);
#8175=AXIS2_PLACEMENT_3D('',#8176,#8177,#8178);
#8176=CARTESIAN_POINT('',(0.0,0.0,17.225));
#8177=DIRECTION('',(0.988371698,0.0,0.152057184));
#8178=DIRECTION('',(0.152057184,0.0,-0.988371698));
#8179=CYLINDRICAL_SURFACE('',#8180,5.3);
#8180=AXIS2_PLACEMENT_3D('',#8181,#8182,#8183);
#8181=CARTESIAN_POINT('',(0.0,0.0,7.0));
#8182=DIRECTION('',(0.0,0.0,-1.0));
#8183=DIRECTION('',(-1.0,0.0,0.0));
#8184=ADVANCED_FACE('',(#8185),#8237,.F.);
#8185=FACE_BOUND('',#8186,.T.);
#8186=EDGE_LOOP('',(#8187,#8188,#8196,#8205,#8211,#8212,#8221,#8230));
#8187=ORIENTED_EDGE('',*,*,#7550,.F.);
#8188=ORIENTED_EDGE('',*,*,#8189,.T.);
#8189=EDGE_CURVE('',#7542,#8190,#8192,.F.);
#8190=VERTEX_POINT('',#8191);
#8191=CARTESIAN_POINT('',(-4.570642471,2.683137604,7.0));
#8192=LINE('',#8193,#8194);
#8193=CARTESIAN_POINT('',(-4.570642471,2.683137604,7.0));
#8194=VECTOR('',#8195,1.0);
#8195=DIRECTION('',(0.0,0.0,-1.0));
#8196=ORIENTED_EDGE('',*,*,#8197,.T.);
#8197=EDGE_CURVE('',#8190,#8198,#8200,.T.);
#8198=VERTEX_POINT('',#8199);
#8199=CARTESIAN_POINT('',(-4.570642471,-2.683137604,7.0));
#8200=CIRCLE('',#8201,5.3);
#8201=AXIS2_PLACEMENT_3D('',#8202,#8203,#8204);
#8202=CARTESIAN_POINT('',(0.0,0.0,7.0));
#8203=DIRECTION('',(0.0,0.0,1.0));
#8204=DIRECTION('',(1.0,0.0,0.0));
#8205=ORIENTED_EDGE('',*,*,#8206,.T.);
#8206=EDGE_CURVE('',#8198,#7627,#8207,.T.);
#8207=LINE('',#8208,#8209);
#8208=CARTESIAN_POINT('',(-4.570642471,-2.683137604,7.0));
#8209=VECTOR('',#8210,1.0);
#8210=DIRECTION('',(0.0,0.0,-1.0));
#8211=ORIENTED_EDGE('',*,*,#7624,.F.);
#8212=ORIENTED_EDGE('',*,*,#8213,.T.);
#8213=EDGE_CURVE('',#7625,#8214,#8216,.F.);
#8214=VERTEX_POINT('',#8215);
#8215=CARTESIAN_POINT('',(-4.646235035,-2.55,0.65));
#8216=ELLIPSE('',#8217,34.855308061,5.3);
#8217=AXIS2_PLACEMENT_3D('',#8218,#8219,#8220);
#8218=CARTESIAN_POINT('',(0.0,0.0,17.225));
#8219=DIRECTION('',(0.0,-0.988371698,0.152057184));
#8220=DIRECTION('',(0.0,-0.152057184,-0.988371698));
#8221=ORIENTED_EDGE('',*,*,#8222,.T.);
#8222=EDGE_CURVE('',#8214,#8223,#8225,.F.);
#8223=VERTEX_POINT('',#8224);
#8224=CARTESIAN_POINT('',(-4.646235035,2.55,0.65));
#8225=CIRCLE('',#8226,5.3);
#8226=AXIS2_PLACEMENT_3D('',#8227,#8228,#8229);
#8227=CARTESIAN_POINT('',(0.0,0.0,0.65));
#8228=DIRECTION('',(0.0,-1.913297951E-16,1.0));
#8229=DIRECTION('',(0.0,-1.0,-1.913297951E-16));
#8230=ORIENTED_EDGE('',*,*,#8231,.T.);
#8231=EDGE_CURVE('',#8223,#7551,#8232,.F.);
#8232=ELLIPSE('',#8233,34.855308061,5.3);
#8233=AXIS2_PLACEMENT_3D('',#8234,#8235,#8236);
#8234=CARTESIAN_POINT('',(0.0,0.0,17.225));
#8235=DIRECTION('',(0.0,0.988371698,0.152057184));
#8236=DIRECTION('',(0.0,0.152057184,-0.988371698));
#8237=CYLINDRICAL_SURFACE('',#8238,5.3);
#8238=AXIS2_PLACEMENT_3D('',#8239,#8240,#8241);
#8239=CARTESIAN_POINT('',(0.0,0.0,7.0));
#8240=DIRECTION('',(0.0,0.0,-1.0));
#8241=DIRECTION('',(-1.0,0.0,0.0));
#8242=ADVANCED_FACE('',(#8243),#8291,.F.);
#8243=FACE_BOUND('',#8244,.T.);
#8244=EDGE_LOOP('',(#8245,#8255,#8261,#8262,#8270,#8278,#8284,#8285));
#8245=ORIENTED_EDGE('',*,*,#8246,.T.);
#8246=EDGE_CURVE('',#8247,#8249,#8251,.T.);
#8247=VERTEX_POINT('',#8248);
#8248=CARTESIAN_POINT('',(-6.0,2.55,0.65));
#8249=VERTEX_POINT('',#8250);
#8250=CARTESIAN_POINT('',(-6.0,-2.55,0.65));
#8251=LINE('',#8252,#8253);
#8252=CARTESIAN_POINT('',(-6.0,6.0,0.65));
#8253=VECTOR('',#8254,1.0);
#8254=DIRECTION('',(0.0,-1.0,-1.913297951E-16));
#8255=ORIENTED_EDGE('',*,*,#8256,.T.);
#8256=EDGE_CURVE('',#8249,#7697,#8257,.T.);
#8257=LINE('',#8258,#8259);
#8258=CARTESIAN_POINT('',(-6.0,-1.397976879,8.138150289));
#8259=VECTOR('',#8260,1.0);
#8260=DIRECTION('',(0.0,-0.152057184,-0.988371698));
#8261=ORIENTED_EDGE('',*,*,#7696,.F.);
#8262=ORIENTED_EDGE('',*,*,#8263,.T.);
#8263=EDGE_CURVE('',#7688,#8264,#8266,.F.);
#8264=VERTEX_POINT('',#8265);
#8265=CARTESIAN_POINT('',(-6.0,-3.75,7.0));
#8266=LINE('',#8267,#8268);
#8267=CARTESIAN_POINT('',(-6.0,-3.75,7.0));
#8268=VECTOR('',#8269,1.0);
#8269=DIRECTION('',(0.0,0.0,-1.0));
#8270=ORIENTED_EDGE('',*,*,#8271,.T.);
#8271=EDGE_CURVE('',#8264,#8272,#8274,.F.);
#8272=VERTEX_POINT('',#8273);
#8273=CARTESIAN_POINT('',(-6.0,3.75,7.0));
#8274=LINE('',#8275,#8276);
#8275=CARTESIAN_POINT('',(-6.0,6.0,7.0));
#8276=VECTOR('',#8277,1.0);
#8277=DIRECTION('',(0.0,-1.0,0.0));
#8278=ORIENTED_EDGE('',*,*,#8279,.T.);
#8279=EDGE_CURVE('',#8272,#7568,#8280,.T.);
#8280=LINE('',#8281,#8282);
#8281=CARTESIAN_POINT('',(-6.0,3.75,7.0));
#8282=VECTOR('',#8283,1.0);
#8283=DIRECTION('',(0.0,0.0,-1.0));
#8284=ORIENTED_EDGE('',*,*,#7567,.F.);
#8285=ORIENTED_EDGE('',*,*,#8286,.T.);
#8286=EDGE_CURVE('',#7560,#8247,#8287,.T.);
#8287=LINE('',#8288,#8289);
#8288=CARTESIAN_POINT('',(-6.0,1.675433526,6.334682081));
#8289=VECTOR('',#8290,1.0);
#8290=DIRECTION('',(0.0,-0.152057184,0.988371698));
#8291=PLANE('',#8292);
#8292=AXIS2_PLACEMENT_3D('',#8293,#8294,#8295);
#8293=CARTESIAN_POINT('',(-6.0,6.0,7.0));
#8294=DIRECTION('',(1.0,0.0,0.0));
#8295=DIRECTION('',(0.0,0.0,-1.0));
#8296=ADVANCED_FACE('',(#8297),#8345,.F.);
#8297=FACE_BOUND('',#8298,.T.);
#8298=EDGE_LOOP('',(#8299,#8309,#8315,#8316,#8324,#8332,#8338,#8339));
#8299=ORIENTED_EDGE('',*,*,#8300,.T.);
#8300=EDGE_CURVE('',#8301,#8303,#8305,.T.);
#8301=VERTEX_POINT('',#8302);
#8302=CARTESIAN_POINT('',(2.55,6.0,0.65));
#8303=VERTEX_POINT('',#8304);
#8304=CARTESIAN_POINT('',(-2.55,6.0,0.65));
#8305=LINE('',#8306,#8307);
#8306=CARTESIAN_POINT('',(6.0,6.0,0.65));
#8307=VECTOR('',#8308,1.0);
#8308=DIRECTION('',(-1.0,0.0,-1.913297951E-16));
#8309=ORIENTED_EDGE('',*,*,#8310,.T.);
#8310=EDGE_CURVE('',#8303,#7585,#8311,.T.);
#8311=LINE('',#8312,#8313);
#8312=CARTESIAN_POINT('',(-1.397976879,6.0,8.138150289));
#8313=VECTOR('',#8314,1.0);
#8314=DIRECTION('',(-0.152057184,0.0,-0.988371698));
#8315=ORIENTED_EDGE('',*,*,#7584,.F.);
#8316=ORIENTED_EDGE('',*,*,#8317,.T.);
#8317=EDGE_CURVE('',#7576,#8318,#8320,.F.);
#8318=VERTEX_POINT('',#8319);
#8319=CARTESIAN_POINT('',(-3.75,6.0,7.0));
#8320=LINE('',#8321,#8322);
#8321=CARTESIAN_POINT('',(-3.75,6.0,7.0));
#8322=VECTOR('',#8323,1.0);
#8323=DIRECTION('',(0.0,0.0,-1.0));
#8324=ORIENTED_EDGE('',*,*,#8325,.T.);
#8325=EDGE_CURVE('',#8318,#8326,#8328,.F.);
#8326=VERTEX_POINT('',#8327);
#8327=CARTESIAN_POINT('',(3.75,6.0,7.0));
#8328=LINE('',#8329,#8330);
#8329=CARTESIAN_POINT('',(6.0,6.0,7.0));
#8330=VECTOR('',#8331,1.0);
#8331=DIRECTION('',(-1.0,0.0,0.0));
#8332=ORIENTED_EDGE('',*,*,#8333,.T.);
#8333=EDGE_CURVE('',#8326,#8101,#8334,.T.);
#8334=LINE('',#8335,#8336);
#8335=CARTESIAN_POINT('',(3.75,6.0,7.0));
#8336=VECTOR('',#8337,1.0);
#8337=DIRECTION('',(0.0,0.0,-1.0));
#8338=ORIENTED_EDGE('',*,*,#8100,.F.);
#8339=ORIENTED_EDGE('',*,*,#8340,.T.);
#8340=EDGE_CURVE('',#8093,#8301,#8341,.T.);
#8341=LINE('',#8342,#8343);
#8342=CARTESIAN_POINT('',(1.675433526,6.0,6.334682081));
#8343=VECTOR('',#8344,1.0);
#8344=DIRECTION('',(-0.152057184,0.0,0.988371698));
#8345=PLANE('',#8346);
#8346=AXIS2_PLACEMENT_3D('',#8347,#8348,#8349);
#8347=CARTESIAN_POINT('',(6.0,6.0,7.0));
#8348=DIRECTION('',(0.0,-1.0,0.0));
#8349=DIRECTION('',(0.0,0.0,-1.0));
#8350=ADVANCED_FACE('',(#8351,#8457),#8491,.T.);
#8351=FACE_BOUND('',#8352,.T.);
#8352=EDGE_LOOP('',(#8353,#8354,#8363,#8372,#8379,#8380,#8389,#8398,#8405,#8406,#8415,#8424,#8431,#8432,#8441,#8450));
#8353=ORIENTED_EDGE('',*,*,#8197,.F.);
#8354=ORIENTED_EDGE('',*,*,#8355,.T.);
#8355=EDGE_CURVE('',#8190,#8356,#8358,.T.);
#8356=VERTEX_POINT('',#8357);
#8357=CARTESIAN_POINT('',(-4.598279764,2.901228629,7.0));
#8358=CIRCLE('',#8359,0.18);
#8359=AXIS2_PLACEMENT_3D('',#8360,#8361,#8362);
#8360=CARTESIAN_POINT('',(-4.725871838,2.774263032,7.0));
#8361=DIRECTION('',(0.0,0.0,1.0));
#8362=DIRECTION('',(1.0,0.0,0.0));
#8363=ORIENTED_EDGE('',*,*,#8364,.T.);
#8364=EDGE_CURVE('',#8356,#8365,#8367,.F.);
#8365=VERTEX_POINT('',#8366);
#8366=CARTESIAN_POINT('',(-2.901228629,4.598279764,7.0));
#8367=CIRCLE('',#8368,1.2);
#8368=AXIS2_PLACEMENT_3D('',#8369,#8370,#8371);
#8369=CARTESIAN_POINT('',(-3.74766594,3.74766594,7.0));
#8370=DIRECTION('',(0.0,0.0,1.0));
#8371=DIRECTION('',(1.0,0.0,0.0));
#8372=ORIENTED_EDGE('',*,*,#8373,.T.);
#8373=EDGE_CURVE('',#8365,#8140,#8374,.T.);
#8374=CIRCLE('',#8375,0.18);
#8375=AXIS2_PLACEMENT_3D('',#8376,#8377,#8378);
#8376=CARTESIAN_POINT('',(-2.774263032,4.725871838,7.0));
#8377=DIRECTION('',(0.0,0.0,1.0));
#8378=DIRECTION('',(1.0,0.0,0.0));
#8379=ORIENTED_EDGE('',*,*,#8139,.F.);
#8380=ORIENTED_EDGE('',*,*,#8381,.T.);
#8381=EDGE_CURVE('',#8132,#8382,#8384,.T.);
#8382=VERTEX_POINT('',#8383);
#8383=CARTESIAN_POINT('',(2.901228629,4.598279764,7.0));
#8384=CIRCLE('',#8385,0.18);
#8385=AXIS2_PLACEMENT_3D('',#8386,#8387,#8388);
#8386=CARTESIAN_POINT('',(2.774263032,4.725871838,7.0));
#8387=DIRECTION('',(0.0,0.0,1.0));
#8388=DIRECTION('',(1.0,0.0,0.0));
#8389=ORIENTED_EDGE('',*,*,#8390,.T.);
#8390=EDGE_CURVE('',#8382,#8391,#8393,.F.);
#8391=VERTEX_POINT('',#8392);
#8392=CARTESIAN_POINT('',(4.598279764,2.901228629,7.0));
#8393=CIRCLE('',#8394,1.2);
#8394=AXIS2_PLACEMENT_3D('',#8395,#8396,#8397);
#8395=CARTESIAN_POINT('',(3.74766594,3.74766594,7.0));
#8396=DIRECTION('',(0.0,0.0,1.0));
#8397=DIRECTION('',(1.0,0.0,0.0));
#8398=ORIENTED_EDGE('',*,*,#8399,.T.);
#8399=EDGE_CURVE('',#8391,#7934,#8400,.T.);
#8400=CIRCLE('',#8401,0.18);
#8401=AXIS2_PLACEMENT_3D('',#8402,#8403,#8404);
#8402=CARTESIAN_POINT('',(4.725871838,2.774263032,7.0));
#8403=DIRECTION('',(0.0,0.0,1.0));
#8404=DIRECTION('',(1.0,0.0,0.0));
#8405=ORIENTED_EDGE('',*,*,#7933,.F.);
#8406=ORIENTED_EDGE('',*,*,#8407,.T.);
#8407=EDGE_CURVE('',#7926,#8408,#8410,.T.);
#8408=VERTEX_POINT('',#8409);
#8409=CARTESIAN_POINT('',(4.598279764,-2.901228629,7.0));
#8410=CIRCLE('',#8411,0.18);
#8411=AXIS2_PLACEMENT_3D('',#8412,#8413,#8414);
#8412=CARTESIAN_POINT('',(4.725871838,-2.774263032,7.0));
#8413=DIRECTION('',(0.0,0.0,1.0));
#8414=DIRECTION('',(1.0,0.0,0.0));
#8415=ORIENTED_EDGE('',*,*,#8416,.T.);
#8416=EDGE_CURVE('',#8408,#8417,#8419,.F.);
#8417=VERTEX_POINT('',#8418);
#8418=CARTESIAN_POINT('',(2.901228629,-4.598279764,7.0));
#8419=CIRCLE('',#8420,1.2);
#8420=AXIS2_PLACEMENT_3D('',#8421,#8422,#8423);
#8421=CARTESIAN_POINT('',(3.74766594,-3.74766594,7.0));
#8422=DIRECTION('',(0.0,0.0,1.0));
#8423=DIRECTION('',(1.0,0.0,0.0));
#8424=ORIENTED_EDGE('',*,*,#8425,.T.);
#8425=EDGE_CURVE('',#8417,#7822,#8426,.T.);
#8426=CIRCLE('',#8427,0.18);
#8427=AXIS2_PLACEMENT_3D('',#8428,#8429,#8430);
#8428=CARTESIAN_POINT('',(2.774263032,-4.725871838,7.0));
#8429=DIRECTION('',(0.0,0.0,1.0));
#8430=DIRECTION('',(1.0,0.0,0.0));
#8431=ORIENTED_EDGE('',*,*,#7821,.F.);
#8432=ORIENTED_EDGE('',*,*,#8433,.T.);
#8433=EDGE_CURVE('',#7814,#8434,#8436,.T.);
#8434=VERTEX_POINT('',#8435);
#8435=CARTESIAN_POINT('',(-2.901228629,-4.598279764,7.0));
#8436=CIRCLE('',#8437,0.18);
#8437=AXIS2_PLACEMENT_3D('',#8438,#8439,#8440);
#8438=CARTESIAN_POINT('',(-2.774263032,-4.725871838,7.0));
#8439=DIRECTION('',(0.0,0.0,1.0));
#8440=DIRECTION('',(1.0,0.0,0.0));
#8441=ORIENTED_EDGE('',*,*,#8442,.T.);
#8442=EDGE_CURVE('',#8434,#8443,#8445,.F.);
#8443=VERTEX_POINT('',#8444);
#8444=CARTESIAN_POINT('',(-4.598279764,-2.901228629,7.0));
#8445=CIRCLE('',#8446,1.2);
#8446=AXIS2_PLACEMENT_3D('',#8447,#8448,#8449);
#8447=CARTESIAN_POINT('',(-3.74766594,-3.74766594,7.0));
#8448=DIRECTION('',(0.0,0.0,1.0));
#8449=DIRECTION('',(1.0,0.0,0.0));
#8450=ORIENTED_EDGE('',*,*,#8451,.T.);
#8451=EDGE_CURVE('',#8443,#8198,#8452,.T.);
#8452=CIRCLE('',#8453,0.18);
#8453=AXIS2_PLACEMENT_3D('',#8454,#8455,#8456);
#8454=CARTESIAN_POINT('',(-4.725871838,-2.774263032,7.0));
#8455=DIRECTION('',(0.0,0.0,1.0));
#8456=DIRECTION('',(1.0,0.0,0.0));
#8457=FACE_BOUND('',#8458,.T.);
#8458=EDGE_LOOP('',(#8459,#8460,#8467,#8468,#8475,#8476,#8483,#8484));
#8459=ORIENTED_EDGE('',*,*,#7901,.F.);
#8460=ORIENTED_EDGE('',*,*,#8461,.T.);
#8461=EDGE_CURVE('',#7894,#8033,#8462,.T.);
#8462=CIRCLE('',#8463,2.25);
#8463=AXIS2_PLACEMENT_3D('',#8464,#8465,#8466);
#8464=CARTESIAN_POINT('',(3.75,-3.75,7.0));
#8465=DIRECTION('',(0.0,0.0,1.0));
#8466=DIRECTION('',(1.0,0.0,0.0));
#8467=ORIENTED_EDGE('',*,*,#8032,.F.);
#8468=ORIENTED_EDGE('',*,*,#8469,.T.);
#8469=EDGE_CURVE('',#8025,#8326,#8470,.T.);
#8470=CIRCLE('',#8471,2.25);
#8471=AXIS2_PLACEMENT_3D('',#8472,#8473,#8474);
#8472=CARTESIAN_POINT('',(3.75,3.75,7.0));
#8473=DIRECTION('',(0.0,0.0,1.0));
#8474=DIRECTION('',(1.0,0.0,0.0));
#8475=ORIENTED_EDGE('',*,*,#8325,.F.);
#8476=ORIENTED_EDGE('',*,*,#8477,.T.);
#8477=EDGE_CURVE('',#8318,#8272,#8478,.T.);
#8478=CIRCLE('',#8479,2.25);
#8479=AXIS2_PLACEMENT_3D('',#8480,#8481,#8482);
#8480=CARTESIAN_POINT('',(-3.75,3.75,7.0));
#8481=DIRECTION('',(0.0,0.0,1.0));
#8482=DIRECTION('',(1.0,0.0,0.0));
#8483=ORIENTED_EDGE('',*,*,#8271,.F.);
#8484=ORIENTED_EDGE('',*,*,#8485,.T.);
#8485=EDGE_CURVE('',#8264,#7902,#8486,.T.);
#8486=CIRCLE('',#8487,2.25);
#8487=AXIS2_PLACEMENT_3D('',#8488,#8489,#8490);
#8488=CARTESIAN_POINT('',(-3.75,-3.75,7.0));
#8489=DIRECTION('',(0.0,0.0,1.0));
#8490=DIRECTION('',(1.0,0.0,0.0));
#8491=PLANE('',#8492);
#8492=AXIS2_PLACEMENT_3D('',#8493,#8494,#8495);
#8493=CARTESIAN_POINT('',(0.0,0.0,7.0));
#8494=DIRECTION('',(0.0,0.0,1.0));
#8495=DIRECTION('',(1.0,0.0,0.0));
#8496=ADVANCED_FACE('',(#8497),#8503,.T.);
#8497=FACE_BOUND('',#8498,.T.);
#8498=EDGE_LOOP('',(#8499,#8500,#8501,#8502));
#8499=ORIENTED_EDGE('',*,*,#8469,.F.);
#8500=ORIENTED_EDGE('',*,*,#8024,.F.);
#8501=ORIENTED_EDGE('',*,*,#8108,.F.);
#8502=ORIENTED_EDGE('',*,*,#8333,.F.);
#8503=CYLINDRICAL_SURFACE('',#8504,2.25);
#8504=AXIS2_PLACEMENT_3D('',#8505,#8506,#8507);
#8505=CARTESIAN_POINT('',(3.75,3.75,7.0));
#8506=DIRECTION('',(0.0,0.0,-1.0));
#8507=DIRECTION('',(-1.0,0.0,0.0));
#8508=ADVANCED_FACE('',(#8509),#8515,.T.);
#8509=FACE_BOUND('',#8510,.T.);
#8510=EDGE_LOOP('',(#8511,#8512,#8513,#8514));
#8511=ORIENTED_EDGE('',*,*,#8477,.F.);
#8512=ORIENTED_EDGE('',*,*,#8317,.F.);
#8513=ORIENTED_EDGE('',*,*,#7575,.F.);
#8514=ORIENTED_EDGE('',*,*,#8279,.F.);
#8515=CYLINDRICAL_SURFACE('',#8516,2.25);
#8516=AXIS2_PLACEMENT_3D('',#8517,#8518,#8519);
#8517=CARTESIAN_POINT('',(-3.75,3.75,7.0));
#8518=DIRECTION('',(0.0,0.0,-1.0));
#8519=DIRECTION('',(-1.0,0.0,0.0));
#8520=ADVANCED_FACE('',(#8521),#8527,.T.);
#8521=FACE_BOUND('',#8522,.T.);
#8522=EDGE_LOOP('',(#8523,#8524,#8525,#8526));
#8523=ORIENTED_EDGE('',*,*,#8485,.F.);
#8524=ORIENTED_EDGE('',*,*,#8263,.F.);
#8525=ORIENTED_EDGE('',*,*,#7687,.F.);
#8526=ORIENTED_EDGE('',*,*,#7909,.F.);
#8527=CYLINDRICAL_SURFACE('',#8528,2.25);
#8528=AXIS2_PLACEMENT_3D('',#8529,#8530,#8531);
#8529=CARTESIAN_POINT('',(-3.75,-3.75,7.0));
#8530=DIRECTION('',(0.0,0.0,-1.0));
#8531=DIRECTION('',(-1.0,0.0,0.0));
#8532=ADVANCED_FACE('',(#8533),#8539,.T.);
#8533=FACE_BOUND('',#8534,.T.);
#8534=EDGE_LOOP('',(#8535,#8536,#8537,#8538));
#8535=ORIENTED_EDGE('',*,*,#8461,.F.);
#8536=ORIENTED_EDGE('',*,*,#7893,.F.);
#8537=ORIENTED_EDGE('',*,*,#7781,.F.);
#8538=ORIENTED_EDGE('',*,*,#8040,.F.);
#8539=CYLINDRICAL_SURFACE('',#8540,2.25);
#8540=AXIS2_PLACEMENT_3D('',#8541,#8542,#8543);
#8541=CARTESIAN_POINT('',(3.75,-3.75,7.0));
#8542=DIRECTION('',(0.0,0.0,-1.0));
#8543=DIRECTION('',(-1.0,0.0,0.0));
#8544=ADVANCED_FACE('',(#8545),#8561,.F.);
#8545=FACE_BOUND('',#8546,.T.);
#8546=EDGE_LOOP('',(#8547,#8548,#8554,#8555));
#8547=ORIENTED_EDGE('',*,*,#8065,.F.);
#8548=ORIENTED_EDGE('',*,*,#8549,.T.);
#8549=EDGE_CURVE('',#8057,#8391,#8550,.F.);
#8550=LINE('',#8551,#8552);
#8551=CARTESIAN_POINT('',(4.598279764,2.901228629,18.357559751));
#8552=VECTOR('',#8553,1.0);
#8553=DIRECTION('',(0.0,0.0,-1.0));
#8554=ORIENTED_EDGE('',*,*,#8390,.F.);
#8555=ORIENTED_EDGE('',*,*,#8556,.T.);
#8556=EDGE_CURVE('',#8382,#8066,#8557,.T.);
#8557=LINE('',#8558,#8559);
#8558=CARTESIAN_POINT('',(2.901228629,4.598279764,18.357559751));
#8559=VECTOR('',#8560,1.0);
#8560=DIRECTION('',(0.0,0.0,-1.0));
#8561=CYLINDRICAL_SURFACE('',#8562,1.2);
#8562=AXIS2_PLACEMENT_3D('',#8563,#8564,#8565);
#8563=CARTESIAN_POINT('',(3.74766594,3.74766594,18.357559751));
#8564=DIRECTION('',(0.0,0.0,-1.0));
#8565=DIRECTION('',(-1.0,0.0,0.0));
#8566=ADVANCED_FACE('',(#8567),#8583,.F.);
#8567=FACE_BOUND('',#8568,.T.);
#8568=EDGE_LOOP('',(#8569,#8570,#8576,#8577));
#8569=ORIENTED_EDGE('',*,*,#7738,.F.);
#8570=ORIENTED_EDGE('',*,*,#8571,.T.);
#8571=EDGE_CURVE('',#7730,#8417,#8572,.F.);
#8572=LINE('',#8573,#8574);
#8573=CARTESIAN_POINT('',(2.901228629,-4.598279764,18.357559751));
#8574=VECTOR('',#8575,1.0);
#8575=DIRECTION('',(0.0,0.0,-1.0));
#8576=ORIENTED_EDGE('',*,*,#8416,.F.);
#8577=ORIENTED_EDGE('',*,*,#8578,.T.);
#8578=EDGE_CURVE('',#8408,#7739,#8579,.T.);
#8579=LINE('',#8580,#8581);
#8580=CARTESIAN_POINT('',(4.598279764,-2.901228629,18.357559751));
#8581=VECTOR('',#8582,1.0);
#8582=DIRECTION('',(0.0,0.0,-1.0));
#8583=CYLINDRICAL_SURFACE('',#8584,1.2);
#8584=AXIS2_PLACEMENT_3D('',#8585,#8586,#8587);
#8585=CARTESIAN_POINT('',(3.74766594,-3.74766594,18.357559751));
#8586=DIRECTION('',(0.0,0.0,-1.0));
#8587=DIRECTION('',(-1.0,0.0,0.0));
#8588=ADVANCED_FACE('',(#8589),#8605,.F.);
#8589=FACE_BOUND('',#8590,.T.);
#8590=EDGE_LOOP('',(#8591,#8592,#8598,#8599));
#8591=ORIENTED_EDGE('',*,*,#7644,.F.);
#8592=ORIENTED_EDGE('',*,*,#8593,.T.);
#8593=EDGE_CURVE('',#7636,#8443,#8594,.F.);
#8594=LINE('',#8595,#8596);
#8595=CARTESIAN_POINT('',(-4.598279764,-2.901228629,18.357559751));
#8596=VECTOR('',#8597,1.0);
#8597=DIRECTION('',(0.0,0.0,-1.0));
#8598=ORIENTED_EDGE('',*,*,#8442,.F.);
#8599=ORIENTED_EDGE('',*,*,#8600,.T.);
#8600=EDGE_CURVE('',#8434,#7645,#8601,.T.);
#8601=LINE('',#8602,#8603);
#8602=CARTESIAN_POINT('',(-2.901228629,-4.598279764,18.357559751));
#8603=VECTOR('',#8604,1.0);
#8604=DIRECTION('',(0.0,0.0,-1.0));
#8605=CYLINDRICAL_SURFACE('',#8606,1.2);
#8606=AXIS2_PLACEMENT_3D('',#8607,#8608,#8609);
#8607=CARTESIAN_POINT('',(-3.74766594,-3.74766594,18.357559751));
#8608=DIRECTION('',(0.0,0.0,-1.0));
#8609=DIRECTION('',(-1.0,0.0,0.0));
#8610=ADVANCED_FACE('',(#8611),#8627,.F.);
#8611=FACE_BOUND('',#8612,.T.);
#8612=EDGE_LOOP('',(#8613,#8614,#8620,#8621));
#8613=ORIENTED_EDGE('',*,*,#8364,.F.);
#8614=ORIENTED_EDGE('',*,*,#8615,.T.);
#8615=EDGE_CURVE('',#8356,#7533,#8616,.T.);
#8616=LINE('',#8617,#8618);
#8617=CARTESIAN_POINT('',(-4.598279764,2.901228629,18.357559751));
#8618=VECTOR('',#8619,1.0);
#8619=DIRECTION('',(0.0,0.0,-1.0));
#8620=ORIENTED_EDGE('',*,*,#7530,.F.);
#8621=ORIENTED_EDGE('',*,*,#8622,.T.);
#8622=EDGE_CURVE('',#7531,#8365,#8623,.F.);
#8623=LINE('',#8624,#8625);
#8624=CARTESIAN_POINT('',(-2.901228629,4.598279764,18.357559751));
#8625=VECTOR('',#8626,1.0);
#8626=DIRECTION('',(0.0,0.0,-1.0));
#8627=CYLINDRICAL_SURFACE('',#8628,1.2);
#8628=AXIS2_PLACEMENT_3D('',#8629,#8630,#8631);
#8629=CARTESIAN_POINT('',(-3.74766594,3.74766594,18.357559751));
#8630=DIRECTION('',(0.0,0.0,-1.0));
#8631=DIRECTION('',(-1.0,0.0,0.0));
#8632=ADVANCED_FACE('',(#8633),#8649,.T.);
#8633=FACE_BOUND('',#8634,.T.);
#8634=EDGE_LOOP('',(#8635,#8641,#8642,#8648));
#8635=ORIENTED_EDGE('',*,*,#8636,.T.);
#8636=EDGE_CURVE('',#7960,#8001,#8637,.F.);
#8637=LINE('',#8638,#8639);
#8638=CARTESIAN_POINT('',(18.357559751,2.55,0.65));
#8639=VECTOR('',#8640,1.0);
#8640=DIRECTION('',(-1.0,0.0,0.0));
#8641=ORIENTED_EDGE('',*,*,#8000,.F.);
#8642=ORIENTED_EDGE('',*,*,#8643,.T.);
#8643=EDGE_CURVE('',#7993,#7969,#8644,.T.);
#8644=LINE('',#8645,#8646);
#8645=CARTESIAN_POINT('',(18.357559751,-2.55,0.65));
#8646=VECTOR('',#8647,1.0);
#8647=DIRECTION('',(-1.0,0.0,0.0));
#8648=ORIENTED_EDGE('',*,*,#7968,.F.);
#8649=PLANE('',#8650);
#8650=AXIS2_PLACEMENT_3D('',#8651,#8652,#8653);
#8651=CARTESIAN_POINT('',(18.357559751,2.55,0.65));
#8652=DIRECTION('',(0.0,1.913297951E-16,-1.0));
#8653=DIRECTION('',(0.0,1.0,1.913297951E-16));
#8654=ADVANCED_FACE('',(#8655),#8661,.T.);
#8655=FACE_BOUND('',#8656,.T.);
#8656=EDGE_LOOP('',(#8657,#8658,#8659,#8660));
#8657=ORIENTED_EDGE('',*,*,#8643,.F.);
#8658=ORIENTED_EDGE('',*,*,#7992,.F.);
#8659=ORIENTED_EDGE('',*,*,#7765,.F.);
#8660=ORIENTED_EDGE('',*,*,#7977,.F.);
#8661=PLANE('',#8662);
#8662=AXIS2_PLACEMENT_3D('',#8663,#8664,#8665);
#8663=CARTESIAN_POINT('',(18.357559751,-2.55,0.65));
#8664=DIRECTION('',(0.0,0.988371698,-0.152057184));
#8665=DIRECTION('',(0.0,0.152057184,0.988371698));
#8666=ADVANCED_FACE('',(#8667),#8673,.T.);
#8667=FACE_BOUND('',#8668,.T.);
#8668=EDGE_LOOP('',(#8669,#8670,#8671,#8672));
#8669=ORIENTED_EDGE('',*,*,#8116,.F.);
#8670=ORIENTED_EDGE('',*,*,#8008,.F.);
#8671=ORIENTED_EDGE('',*,*,#8636,.F.);
#8672=ORIENTED_EDGE('',*,*,#7959,.F.);
#8673=PLANE('',#8674);
#8674=AXIS2_PLACEMENT_3D('',#8675,#8676,#8677);
#8675=CARTESIAN_POINT('',(18.357559751,2.65,9.735942053E-16));
#8676=DIRECTION('',(0.0,-0.988371698,-0.152057184));
#8677=DIRECTION('',(0.0,0.152057184,-0.988371698));
#8678=ADVANCED_FACE('',(#8679),#8690,.F.);
#8679=FACE_BOUND('',#8680,.T.);
#8680=EDGE_LOOP('',(#8681,#8682,#8683,#8684));
#8681=ORIENTED_EDGE('',*,*,#8213,.F.);
#8682=ORIENTED_EDGE('',*,*,#7704,.F.);
#8683=ORIENTED_EDGE('',*,*,#8256,.F.);
#8684=ORIENTED_EDGE('',*,*,#8685,.T.);
#8685=EDGE_CURVE('',#8249,#8214,#8686,.T.);
#8686=LINE('',#8687,#8688);
#8687=CARTESIAN_POINT('',(-18.357559751,-2.55,0.65));
#8688=VECTOR('',#8689,1.0);
#8689=DIRECTION('',(1.0,0.0,0.0));
#8690=PLANE('',#8691);
#8691=AXIS2_PLACEMENT_3D('',#8692,#8693,#8694);
#8692=CARTESIAN_POINT('',(-18.357559751,-2.55,0.65));
#8693=DIRECTION('',(0.0,-0.988371698,0.152057184));
#8694=DIRECTION('',(0.0,-0.152057184,-0.988371698));
#8695=ADVANCED_FACE('',(#8696),#8707,.F.);
#8696=FACE_BOUND('',#8697,.T.);
#8697=EDGE_LOOP('',(#8698,#8699,#8705,#8706));
#8698=ORIENTED_EDGE('',*,*,#8231,.F.);
#8699=ORIENTED_EDGE('',*,*,#8700,.T.);
#8700=EDGE_CURVE('',#8223,#8247,#8701,.F.);
#8701=LINE('',#8702,#8703);
#8702=CARTESIAN_POINT('',(-18.357559751,2.55,0.65));
#8703=VECTOR('',#8704,1.0);
#8704=DIRECTION('',(1.0,0.0,0.0));
#8705=ORIENTED_EDGE('',*,*,#8286,.F.);
#8706=ORIENTED_EDGE('',*,*,#7559,.F.);
#8707=PLANE('',#8708);
#8708=AXIS2_PLACEMENT_3D('',#8709,#8710,#8711);
#8709=CARTESIAN_POINT('',(-18.357559751,2.65,9.735942053E-16));
#8710=DIRECTION('',(0.0,0.988371698,0.152057184));
#8711=DIRECTION('',(0.0,-0.152057184,0.988371698));
#8712=ADVANCED_FACE('',(#8713),#8719,.F.);
#8713=FACE_BOUND('',#8714,.T.);
#8714=EDGE_LOOP('',(#8715,#8716,#8717,#8718));
#8715=ORIENTED_EDGE('',*,*,#8222,.F.);
#8716=ORIENTED_EDGE('',*,*,#8685,.F.);
#8717=ORIENTED_EDGE('',*,*,#8246,.F.);
#8718=ORIENTED_EDGE('',*,*,#8700,.F.);
#8719=PLANE('',#8720);
#8720=AXIS2_PLACEMENT_3D('',#8721,#8722,#8723);
#8721=CARTESIAN_POINT('',(-18.357559751,2.55,0.65));
#8722=DIRECTION('',(0.0,-1.913297951E-16,1.0));
#8723=DIRECTION('',(0.0,-1.0,-1.913297951E-16));
#8724=ADVANCED_FACE('',(#8725),#8736,.T.);
#8725=FACE_BOUND('',#8726,.T.);
#8726=EDGE_LOOP('',(#8727,#8733,#8734,#8735));
#8727=ORIENTED_EDGE('',*,*,#8728,.T.);
#8728=EDGE_CURVE('',#7847,#7871,#8729,.F.);
#8729=LINE('',#8730,#8731);
#8730=CARTESIAN_POINT('',(-2.55,-18.357559751,0.65));
#8731=VECTOR('',#8732,1.0);
#8732=DIRECTION('',(0.0,1.0,0.0));
#8733=ORIENTED_EDGE('',*,*,#7870,.F.);
#8734=ORIENTED_EDGE('',*,*,#7671,.F.);
#8735=ORIENTED_EDGE('',*,*,#7855,.F.);
#8736=PLANE('',#8737);
#8737=AXIS2_PLACEMENT_3D('',#8738,#8739,#8740);
#8738=CARTESIAN_POINT('',(-2.55,-18.357559751,0.65));
#8739=DIRECTION('',(0.988371698,0.0,-0.152057184));
#8740=DIRECTION('',(-0.152057184,0.0,-0.988371698));
#8741=ADVANCED_FACE('',(#8742),#8753,.T.);
#8742=FACE_BOUND('',#8743,.T.);
#8743=EDGE_LOOP('',(#8744,#8745,#8746,#8752));
#8744=ORIENTED_EDGE('',*,*,#7798,.F.);
#8745=ORIENTED_EDGE('',*,*,#7886,.F.);
#8746=ORIENTED_EDGE('',*,*,#8747,.T.);
#8747=EDGE_CURVE('',#7879,#7838,#8748,.T.);
#8748=LINE('',#8749,#8750);
#8749=CARTESIAN_POINT('',(2.55,-18.357559751,0.65));
#8750=VECTOR('',#8751,1.0);
#8751=DIRECTION('',(0.0,1.0,0.0));
#8752=ORIENTED_EDGE('',*,*,#7837,.F.);
#8753=PLANE('',#8754);
#8754=AXIS2_PLACEMENT_3D('',#8755,#8756,#8757);
#8755=CARTESIAN_POINT('',(2.65,-18.357559751,9.735942053E-16));
#8756=DIRECTION('',(-0.988371698,0.0,-0.152057184));
#8757=DIRECTION('',(-0.152057184,0.0,0.988371698));
#8758=ADVANCED_FACE('',(#8759),#8765,.T.);
#8759=FACE_BOUND('',#8760,.T.);
#8760=EDGE_LOOP('',(#8761,#8762,#8763,#8764));
#8761=ORIENTED_EDGE('',*,*,#8747,.F.);
#8762=ORIENTED_EDGE('',*,*,#7878,.F.);
#8763=ORIENTED_EDGE('',*,*,#8728,.F.);
#8764=ORIENTED_EDGE('',*,*,#7846,.F.);
#8765=PLANE('',#8766);
#8766=AXIS2_PLACEMENT_3D('',#8767,#8768,#8769);
#8767=CARTESIAN_POINT('',(2.55,-18.357559751,0.65));
#8768=DIRECTION('',(1.913297951E-16,0.0,-1.0));
#8769=DIRECTION('',(-1.0,0.0,-1.913297951E-16));
#8770=ADVANCED_FACE('',(#8771),#8782,.F.);
#8771=FACE_BOUND('',#8772,.T.);
#8772=EDGE_LOOP('',(#8773,#8774,#8775,#8776));
#8773=ORIENTED_EDGE('',*,*,#8155,.F.);
#8774=ORIENTED_EDGE('',*,*,#7592,.F.);
#8775=ORIENTED_EDGE('',*,*,#8310,.F.);
#8776=ORIENTED_EDGE('',*,*,#8777,.T.);
#8777=EDGE_CURVE('',#8303,#8156,#8778,.T.);
#8778=LINE('',#8779,#8780);
#8779=CARTESIAN_POINT('',(-2.55,18.357559751,0.65));
#8780=VECTOR('',#8781,1.0);
#8781=DIRECTION('',(0.0,-1.0,0.0));
#8782=PLANE('',#8783);
#8783=AXIS2_PLACEMENT_3D('',#8784,#8785,#8786);
#8784=CARTESIAN_POINT('',(-2.55,18.357559751,0.65));
#8785=DIRECTION('',(-0.988371698,0.0,0.152057184));
#8786=DIRECTION('',(0.152057184,0.0,0.988371698));
#8787=ADVANCED_FACE('',(#8788),#8799,.F.);
#8788=FACE_BOUND('',#8789,.T.);
#8789=EDGE_LOOP('',(#8790,#8791,#8797,#8798));
#8790=ORIENTED_EDGE('',*,*,#8173,.F.);
#8791=ORIENTED_EDGE('',*,*,#8792,.T.);
#8792=EDGE_CURVE('',#8165,#8301,#8793,.F.);
#8793=LINE('',#8794,#8795);
#8794=CARTESIAN_POINT('',(2.55,18.357559751,0.65));
#8795=VECTOR('',#8796,1.0);
#8796=DIRECTION('',(0.0,-1.0,0.0));
#8797=ORIENTED_EDGE('',*,*,#8340,.F.);
#8798=ORIENTED_EDGE('',*,*,#8092,.F.);
#8799=PLANE('',#8800);
#8800=AXIS2_PLACEMENT_3D('',#8801,#8802,#8803);
#8801=CARTESIAN_POINT('',(2.65,18.357559751,9.735942053E-16));
#8802=DIRECTION('',(0.988371698,0.0,0.152057184));
#8803=DIRECTION('',(0.152057184,0.0,-0.988371698));
#8804=ADVANCED_FACE('',(#8805),#8811,.F.);
#8805=FACE_BOUND('',#8806,.T.);
#8806=EDGE_LOOP('',(#8807,#8808,#8809,#8810));
#8807=ORIENTED_EDGE('',*,*,#8164,.F.);
#8808=ORIENTED_EDGE('',*,*,#8777,.F.);
#8809=ORIENTED_EDGE('',*,*,#8300,.F.);
#8810=ORIENTED_EDGE('',*,*,#8792,.F.);
#8811=PLANE('',#8812);
#8812=AXIS2_PLACEMENT_3D('',#8813,#8814,#8815);
#8813=CARTESIAN_POINT('',(2.55,18.357559751,0.65));
#8814=DIRECTION('',(-1.913297951E-16,0.0,1.0));
#8815=DIRECTION('',(1.0,0.0,1.913297951E-16));
#8816=ADVANCED_FACE('',(#8817),#8823,.T.);
#8817=FACE_BOUND('',#8818,.T.);
#8818=EDGE_LOOP('',(#8819,#8820,#8821,#8822));
#8819=ORIENTED_EDGE('',*,*,#8373,.F.);
#8820=ORIENTED_EDGE('',*,*,#8622,.F.);
#8821=ORIENTED_EDGE('',*,*,#7609,.F.);
#8822=ORIENTED_EDGE('',*,*,#8148,.F.);
#8823=CYLINDRICAL_SURFACE('',#8824,0.18);
#8824=AXIS2_PLACEMENT_3D('',#8825,#8826,#8827);
#8825=CARTESIAN_POINT('',(-2.774263032,4.725871838,18.357559751));
#8826=DIRECTION('',(0.0,0.0,-1.0));
#8827=DIRECTION('',(-1.0,0.0,0.0));
#8828=ADVANCED_FACE('',(#8829),#8835,.T.);
#8829=FACE_BOUND('',#8830,.T.);
#8830=EDGE_LOOP('',(#8831,#8832,#8833,#8834));
#8831=ORIENTED_EDGE('',*,*,#8381,.F.);
#8832=ORIENTED_EDGE('',*,*,#8131,.F.);
#8833=ORIENTED_EDGE('',*,*,#8074,.F.);
#8834=ORIENTED_EDGE('',*,*,#8556,.F.);
#8835=CYLINDRICAL_SURFACE('',#8836,0.18);
#8836=AXIS2_PLACEMENT_3D('',#8837,#8838,#8839);
#8837=CARTESIAN_POINT('',(2.774263032,4.725871838,7.0));
#8838=DIRECTION('',(0.0,0.0,-1.0));
#8839=DIRECTION('',(-1.0,0.0,0.0));
#8840=ADVANCED_FACE('',(#8841),#8847,.T.);
#8841=FACE_BOUND('',#8842,.T.);
#8842=EDGE_LOOP('',(#8843,#8844,#8845,#8846));
#8843=ORIENTED_EDGE('',*,*,#8056,.F.);
#8844=ORIENTED_EDGE('',*,*,#7942,.F.);
#8845=ORIENTED_EDGE('',*,*,#8399,.F.);
#8846=ORIENTED_EDGE('',*,*,#8549,.F.);
#8847=CYLINDRICAL_SURFACE('',#8848,0.18);
#8848=AXIS2_PLACEMENT_3D('',#8849,#8850,#8851);
#8849=CARTESIAN_POINT('',(4.725871838,2.774263032,7.0));
#8850=DIRECTION('',(0.0,0.0,1.0));
#8851=DIRECTION('',(1.0,0.0,0.0));
#8852=ADVANCED_FACE('',(#8853),#8859,.T.);
#8853=FACE_BOUND('',#8854,.T.);
#8854=EDGE_LOOP('',(#8855,#8856,#8857,#8858));
#8855=ORIENTED_EDGE('',*,*,#7747,.F.);
#8856=ORIENTED_EDGE('',*,*,#8578,.F.);
#8857=ORIENTED_EDGE('',*,*,#8407,.F.);
#8858=ORIENTED_EDGE('',*,*,#7925,.F.);
#8859=CYLINDRICAL_SURFACE('',#8860,0.18);
#8860=AXIS2_PLACEMENT_3D('',#8861,#8862,#8863);
#8861=CARTESIAN_POINT('',(4.725871838,-2.774263032,18.357559751));
#8862=DIRECTION('',(0.0,0.0,1.0));
#8863=DIRECTION('',(1.0,0.0,0.0));
#8864=ADVANCED_FACE('',(#8865),#8871,.T.);
#8865=FACE_BOUND('',#8866,.T.);
#8866=EDGE_LOOP('',(#8867,#8868,#8869,#8870));
#8867=ORIENTED_EDGE('',*,*,#8425,.F.);
#8868=ORIENTED_EDGE('',*,*,#8571,.F.);
#8869=ORIENTED_EDGE('',*,*,#7729,.F.);
#8870=ORIENTED_EDGE('',*,*,#7830,.F.);
#8871=CYLINDRICAL_SURFACE('',#8872,0.18);
#8872=AXIS2_PLACEMENT_3D('',#8873,#8874,#8875);
#8873=CARTESIAN_POINT('',(2.774263032,-4.725871838,18.357559751));
#8874=DIRECTION('',(0.0,0.0,-1.0));
#8875=DIRECTION('',(-1.0,0.0,0.0));
#8876=ADVANCED_FACE('',(#8877),#8883,.T.);
#8877=FACE_BOUND('',#8878,.T.);
#8878=EDGE_LOOP('',(#8879,#8880,#8881,#8882));
#8879=ORIENTED_EDGE('',*,*,#8433,.F.);
#8880=ORIENTED_EDGE('',*,*,#7813,.F.);
#8881=ORIENTED_EDGE('',*,*,#7653,.F.);
#8882=ORIENTED_EDGE('',*,*,#8600,.F.);
#8883=CYLINDRICAL_SURFACE('',#8884,0.18);
#8884=AXIS2_PLACEMENT_3D('',#8885,#8886,#8887);
#8885=CARTESIAN_POINT('',(-2.774263032,-4.725871838,7.0));
#8886=DIRECTION('',(0.0,0.0,-1.0));
#8887=DIRECTION('',(-1.0,0.0,0.0));
#8888=ADVANCED_FACE('',(#8889),#8895,.T.);
#8889=FACE_BOUND('',#8890,.T.);
#8890=EDGE_LOOP('',(#8891,#8892,#8893,#8894));
#8891=ORIENTED_EDGE('',*,*,#7635,.F.);
#8892=ORIENTED_EDGE('',*,*,#8206,.F.);
#8893=ORIENTED_EDGE('',*,*,#8451,.F.);
#8894=ORIENTED_EDGE('',*,*,#8593,.F.);
#8895=CYLINDRICAL_SURFACE('',#8896,0.18);
#8896=AXIS2_PLACEMENT_3D('',#8897,#8898,#8899);
#8897=CARTESIAN_POINT('',(-4.725871838,-2.774263032,7.0));
#8898=DIRECTION('',(0.0,0.0,1.0));
#8899=DIRECTION('',(1.0,0.0,0.0));
#8900=ADVANCED_FACE('',(#8901),#8907,.T.);
#8901=FACE_BOUND('',#8902,.T.);
#8902=EDGE_LOOP('',(#8903,#8904,#8905,#8906));
#8903=ORIENTED_EDGE('',*,*,#7541,.F.);
#8904=ORIENTED_EDGE('',*,*,#8615,.F.);
#8905=ORIENTED_EDGE('',*,*,#8355,.F.);
#8906=ORIENTED_EDGE('',*,*,#8189,.F.);
#8907=CYLINDRICAL_SURFACE('',#8908,0.18);
#8908=AXIS2_PLACEMENT_3D('',#8909,#8910,#8911);
#8909=CARTESIAN_POINT('',(-4.725871838,2.774263032,18.357559751));
#8910=DIRECTION('',(0.0,0.0,1.0));
#8911=DIRECTION('',(1.0,0.0,0.0));
#8912=(GEOMETRIC_REPRESENTATION_CONTEXT(3)GLOBAL_UNCERTAINTY_ASSIGNED_CONTEXT((#8913))GLOBAL_UNIT_ASSIGNED_CONTEXT((#26,#27,#28))REPRESENTATION_CONTEXT('',''));
#8913=UNCERTAINTY_MEASURE_WITH_UNIT(LENGTH_MEASURE(1.0E-07),#26,'','maximum tolerance');
#8914=ADVANCED_BREP_SHAPE_REPRESENTATION('',(#7524,#9),#8912);
#8915=(REPRESENTATION_RELATIONSHIP('',$,#8914,#29)REPRESENTATION_RELATIONSHIP_WITH_TRANSFORMATION(#8916)SHAPE_REPRESENTATION_RELATIONSHIP());
#8916=ITEM_DEFINED_TRANSFORMATION('',$,#9,#13);
#8917=PRODUCT('ShieldRing','ShieldRing',$,(#3));
#8918=PRODUCT_DEFINITION_FORMATION('',$,#8917);
#8919=PRODUCT_DEFINITION('design',$,#8918,#6);
#8920=NEXT_ASSEMBLY_USAGE_OCCURRENCE('instance_2','ShieldRing','ShieldRing',#7,#8919,$);
#8921=PRODUCT_DEFINITION_SHAPE('',$,#8920);
#8922=CONTEXT_DEPENDENT_SHAPE_REPRESENTATION(#8915,#8921);
#8923=PRODUCT_DEFINITION_SHAPE('',$,#8919);
#8924=SHAPE_DEFINITION_REPRESENTATION(#8923,#8914);
#8925=PRODUCT_RELATED_PRODUCT_CATEGORY('part',$,(#8917));
#8926=STYLED_ITEM('',(#8927),#7524);
#8927=PRESENTATION_STYLE_ASSIGNMENT((#8928));
#8928=SURFACE_STYLE_USAGE(.BOTH.,#8929);
#8929=SURFACE_SIDE_STYLE('',(#8930));
#8930=SURFACE_STYLE_FILL_AREA(#8931);
#8931=FILL_AREA_STYLE('',(#8933));
#8932=COLOUR_RGB('',0.200000003,0.200000003,0.200000003);
#8933=FILL_AREA_STYLE_COLOUR('',#8932);
#8934=MECHANICAL_DESIGN_GEOMETRIC_PRESENTATION_REPRESENTATION('',(#8926),#8912);
#8935=MANIFOLD_SOLID_BREP('',#8936);
#8936=CLOSED_SHELL('',(#8937,#8969,#9011,#9053,#9095,#9137,#9179,#9221,#9263,#9305,#9329,#9353,#9377,#9401,#9425,#9449,#9473,#9497,#9524));
#8937=ADVANCED_FACE('',(#8938),#8964,.F.);
#8938=FACE_BOUND('',#8939,.T.);
#8939=EDGE_LOOP('',(#8940,#8949,#8956,#8957));
#8940=ORIENTED_EDGE('',*,*,#8941,.F.);
#8941=EDGE_CURVE('',#8942,#8944,#8946,.F.);
#8942=VERTEX_POINT('',#8943);
#8943=CARTESIAN_POINT('',(4.925,-8.67361738E-16,0.0));
#8944=VERTEX_POINT('',#8945);
#8945=CARTESIAN_POINT('',(4.925,-8.67361738E-16,0.83));
#8946=B_SPLINE_CURVE_WITH_KNOTS('',1,(#8947,#8948),.UNSPECIFIED.,.F.,.U.,(2,2),(-7.03,-6.2),.PIECEWISE_BEZIER_KNOTS.);
#8947=CARTESIAN_POINT('',(4.925,-2.642231894E-16,0.83));
#8948=CARTESIAN_POINT('',(4.925,-2.642231894E-16,0.0));
#8949=ORIENTED_EDGE('',*,*,#8950,.T.);
#8950=EDGE_CURVE('',#8942,#8942,#8951,.F.);
#8951=CIRCLE('',#8952,4.925);
#8952=AXIS2_PLACEMENT_3D('',#8953,#8954,#8955);
#8953=CARTESIAN_POINT('',(8.67361738E-16,-8.67361738E-16,0.0));
#8954=DIRECTION('',(0.0,0.0,1.0));
#8955=DIRECTION('',(1.0,0.0,0.0));
#8956=ORIENTED_EDGE('',*,*,#8941,.T.);
#8957=ORIENTED_EDGE('',*,*,#8958,.T.);
#8958=EDGE_CURVE('',#8944,#8944,#8959,.T.);
#8959=CIRCLE('',#8960,4.925);
#8960=AXIS2_PLACEMENT_3D('',#8961,#8962,#8963);
#8961=CARTESIAN_POINT('',(8.67361738E-16,-8.67361738E-16,0.83));
#8962=DIRECTION('',(0.0,0.0,1.0));
#8963=DIRECTION('',(1.0,0.0,0.0));
#8964=CYLINDRICAL_SURFACE('',#8965,4.925);
#8965=AXIS2_PLACEMENT_3D('',#8966,#8967,#8968);
#8966=CARTESIAN_POINT('',(8.67361738E-16,-8.67361738E-16,-6.2));
#8967=DIRECTION('',(0.0,0.0,-1.0));
#8968=DIRECTION('',(-1.0,0.0,0.0));
#8969=ADVANCED_FACE('',(#8970),#9006,.F.);
#8970=FACE_BOUND('',#8971,.T.);
#8971=EDGE_LOOP('',(#8972,#8983,#8991,#9000));
#8972=ORIENTED_EDGE('',*,*,#8973,.T.);
#8973=EDGE_CURVE('',#8974,#8976,#8978,.T.);
#8974=VERTEX_POINT('',#8975);
#8975=CARTESIAN_POINT('',(-4.570642471,2.683137604,0.83));
#8976=VERTEX_POINT('',#8977);
#8977=CARTESIAN_POINT('',(-4.598279764,2.901228629,0.83));
#8978=CIRCLE('',#8979,0.18);
#8979=AXIS2_PLACEMENT_3D('',#8980,#8981,#8982);
#8980=CARTESIAN_POINT('',(-4.725871838,2.774263032,0.83));
#8981=DIRECTION('',(0.0,0.0,1.0));
#8982=DIRECTION('',(1.0,0.0,0.0));
#8983=ORIENTED_EDGE('',*,*,#8984,.T.);
#8984=EDGE_CURVE('',#8976,#8985,#8987,.T.);
#8985=VERTEX_POINT('',#8986);
#8986=CARTESIAN_POINT('',(-4.598279764,2.901228629,0.0));
#8987=LINE('',#8988,#8989);
#8988=CARTESIAN_POINT('',(-4.598279764,2.901228629,12.207559751));
#8989=VECTOR('',#8990,1.0);
#8990=DIRECTION('',(0.0,0.0,-1.0));
#8991=ORIENTED_EDGE('',*,*,#8992,.T.);
#8992=EDGE_CURVE('',#8985,#8993,#8995,.F.);
#8993=VERTEX_POINT('',#8994);
#8994=CARTESIAN_POINT('',(-4.570642471,2.683137604,0.0));
#8995=CIRCLE('',#8996,0.18);
#8996=AXIS2_PLACEMENT_3D('',#8997,#8998,#8999);
#8997=CARTESIAN_POINT('',(-4.725871838,2.774263032,0.0));
#8998=DIRECTION('',(0.0,0.0,1.0));
#8999=DIRECTION('',(1.0,0.0,0.0));
#9000=ORIENTED_EDGE('',*,*,#9001,.T.);
#9001=EDGE_CURVE('',#8993,#8974,#9002,.F.);
#9002=LINE('',#9003,#9004);
#9003=CARTESIAN_POINT('',(-4.570642471,2.683137604,0.85));
#9004=VECTOR('',#9005,1.0);
#9005=DIRECTION('',(0.0,0.0,-1.0));
#9006=CYLINDRICAL_SURFACE('',#9007,0.18);
#9007=AXIS2_PLACEMENT_3D('',#9008,#9009,#9010);
#9008=CARTESIAN_POINT('',(-4.725871838,2.774263032,12.207559751));
#9009=DIRECTION('',(0.0,0.0,1.0));
#9010=DIRECTION('',(1.0,0.0,0.0));
#9011=ADVANCED_FACE('',(#9012),#9048,.F.);
#9012=FACE_BOUND('',#9013,.T.);
#9013=EDGE_LOOP('',(#9014,#9025,#9033,#9042));
#9014=ORIENTED_EDGE('',*,*,#9015,.T.);
#9015=EDGE_CURVE('',#9016,#9018,#9020,.T.);
#9016=VERTEX_POINT('',#9017);
#9017=CARTESIAN_POINT('',(-4.598279764,-2.901228629,0.83));
#9018=VERTEX_POINT('',#9019);
#9019=CARTESIAN_POINT('',(-4.570642471,-2.683137604,0.83));
#9020=CIRCLE('',#9021,0.18);
#9021=AXIS2_PLACEMENT_3D('',#9022,#9023,#9024);
#9022=CARTESIAN_POINT('',(-4.725871838,-2.774263032,0.83));
#9023=DIRECTION('',(0.0,0.0,1.0));
#9024=DIRECTION('',(1.0,0.0,0.0));
#9025=ORIENTED_EDGE('',*,*,#9026,.T.);
#9026=EDGE_CURVE('',#9018,#9027,#9029,.T.);
#9027=VERTEX_POINT('',#9028);
#9028=CARTESIAN_POINT('',(-4.570642471,-2.683137604,0.0));
#9029=LINE('',#9030,#9031);
#9030=CARTESIAN_POINT('',(-4.570642471,-2.683137604,0.85));
#9031=VECTOR('',#9032,1.0);
#9032=DIRECTION('',(0.0,0.0,-1.0));
#9033=ORIENTED_EDGE('',*,*,#9034,.T.);
#9034=EDGE_CURVE('',#9027,#9035,#9037,.F.);
#9035=VERTEX_POINT('',#9036);
#9036=CARTESIAN_POINT('',(-4.598279764,-2.901228629,0.0));
#9037=CIRCLE('',#9038,0.18);
#9038=AXIS2_PLACEMENT_3D('',#9039,#9040,#9041);
#9039=CARTESIAN_POINT('',(-4.725871838,-2.774263032,0.0));
#9040=DIRECTION('',(0.0,0.0,1.0));
#9041=DIRECTION('',(1.0,0.0,0.0));
#9042=ORIENTED_EDGE('',*,*,#9043,.T.);
#9043=EDGE_CURVE('',#9035,#9016,#9044,.F.);
#9044=LINE('',#9045,#9046);
#9045=CARTESIAN_POINT('',(-4.598279764,-2.901228629,12.207559751));
#9046=VECTOR('',#9047,1.0);
#9047=DIRECTION('',(0.0,0.0,-1.0));
#9048=CYLINDRICAL_SURFACE('',#9049,0.18);
#9049=AXIS2_PLACEMENT_3D('',#9050,#9051,#9052);
#9050=CARTESIAN_POINT('',(-4.725871838,-2.774263032,0.85));
#9051=DIRECTION('',(0.0,0.0,1.0));
#9052=DIRECTION('',(1.0,0.0,0.0));
#9053=ADVANCED_FACE('',(#9054),#9090,.F.);
#9054=FACE_BOUND('',#9055,.T.);
#9055=EDGE_LOOP('',(#9056,#9067,#9075,#9084));
#9056=ORIENTED_EDGE('',*,*,#9057,.T.);
#9057=EDGE_CURVE('',#9058,#9060,#9062,.T.);
#9058=VERTEX_POINT('',#9059);
#9059=CARTESIAN_POINT('',(-2.683137604,-4.570642471,0.83));
#9060=VERTEX_POINT('',#9061);
#9061=CARTESIAN_POINT('',(-2.901228629,-4.598279764,0.83));
#9062=CIRCLE('',#9063,0.18);
#9063=AXIS2_PLACEMENT_3D('',#9064,#9065,#9066);
#9064=CARTESIAN_POINT('',(-2.774263032,-4.725871838,0.83));
#9065=DIRECTION('',(0.0,0.0,1.0));
#9066=DIRECTION('',(1.0,0.0,0.0));
#9067=ORIENTED_EDGE('',*,*,#9068,.T.);
#9068=EDGE_CURVE('',#9060,#9069,#9071,.T.);
#9069=VERTEX_POINT('',#9070);
#9070=CARTESIAN_POINT('',(-2.901228629,-4.598279764,0.0));
#9071=LINE('',#9072,#9073);
#9072=CARTESIAN_POINT('',(-2.901228629,-4.598279764,12.207559751));
#9073=VECTOR('',#9074,1.0);
#9074=DIRECTION('',(0.0,0.0,-1.0));
#9075=ORIENTED_EDGE('',*,*,#9076,.T.);
#9076=EDGE_CURVE('',#9069,#9077,#9079,.F.);
#9077=VERTEX_POINT('',#9078);
#9078=CARTESIAN_POINT('',(-2.683137604,-4.570642471,0.0));
#9079=CIRCLE('',#9080,0.18);
#9080=AXIS2_PLACEMENT_3D('',#9081,#9082,#9083);
#9081=CARTESIAN_POINT('',(-2.774263032,-4.725871838,0.0));
#9082=DIRECTION('',(0.0,0.0,1.0));
#9083=DIRECTION('',(1.0,0.0,0.0));
#9084=ORIENTED_EDGE('',*,*,#9085,.T.);
#9085=EDGE_CURVE('',#9077,#9058,#9086,.F.);
#9086=LINE('',#9087,#9088);
#9087=CARTESIAN_POINT('',(-2.683137604,-4.570642471,0.85));
#9088=VECTOR('',#9089,1.0);
#9089=DIRECTION('',(0.0,0.0,-1.0));
#9090=CYLINDRICAL_SURFACE('',#9091,0.18);
#9091=AXIS2_PLACEMENT_3D('',#9092,#9093,#9094);
#9092=CARTESIAN_POINT('',(-2.774263032,-4.725871838,0.85));
#9093=DIRECTION('',(0.0,0.0,-1.0));
#9094=DIRECTION('',(-1.0,0.0,0.0));
#9095=ADVANCED_FACE('',(#9096),#9132,.F.);
#9096=FACE_BOUND('',#9097,.T.);
#9097=EDGE_LOOP('',(#9098,#9109,#9117,#9126));
#9098=ORIENTED_EDGE('',*,*,#9099,.T.);
#9099=EDGE_CURVE('',#9100,#9102,#9104,.T.);
#9100=VERTEX_POINT('',#9101);
#9101=CARTESIAN_POINT('',(2.901228629,-4.598279764,0.83));
#9102=VERTEX_POINT('',#9103);
#9103=CARTESIAN_POINT('',(2.683137604,-4.570642471,0.83));
#9104=CIRCLE('',#9105,0.18);
#9105=AXIS2_PLACEMENT_3D('',#9106,#9107,#9108);
#9106=CARTESIAN_POINT('',(2.774263032,-4.725871838,0.83));
#9107=DIRECTION('',(0.0,0.0,1.0));
#9108=DIRECTION('',(1.0,0.0,0.0));
#9109=ORIENTED_EDGE('',*,*,#9110,.T.);
#9110=EDGE_CURVE('',#9102,#9111,#9113,.T.);
#9111=VERTEX_POINT('',#9112);
#9112=CARTESIAN_POINT('',(2.683137604,-4.570642471,0.0));
#9113=LINE('',#9114,#9115);
#9114=CARTESIAN_POINT('',(2.683137604,-4.570642471,0.85));
#9115=VECTOR('',#9116,1.0);
#9116=DIRECTION('',(0.0,0.0,-1.0));
#9117=ORIENTED_EDGE('',*,*,#9118,.T.);
#9118=EDGE_CURVE('',#9111,#9119,#9121,.F.);
#9119=VERTEX_POINT('',#9120);
#9120=CARTESIAN_POINT('',(2.901228629,-4.598279764,0.0));
#9121=CIRCLE('',#9122,0.18);
#9122=AXIS2_PLACEMENT_3D('',#9123,#9124,#9125);
#9123=CARTESIAN_POINT('',(2.774263032,-4.725871838,0.0));
#9124=DIRECTION('',(0.0,0.0,1.0));
#9125=DIRECTION('',(1.0,0.0,0.0));
#9126=ORIENTED_EDGE('',*,*,#9127,.T.);
#9127=EDGE_CURVE('',#9119,#9100,#9128,.F.);
#9128=LINE('',#9129,#9130);
#9129=CARTESIAN_POINT('',(2.901228629,-4.598279764,12.207559751));
#9130=VECTOR('',#9131,1.0);
#9131=DIRECTION('',(0.0,0.0,-1.0));
#9132=CYLINDRICAL_SURFACE('',#9133,0.18);
#9133=AXIS2_PLACEMENT_3D('',#9134,#9135,#9136);
#9134=CARTESIAN_POINT('',(2.774263032,-4.725871838,12.207559751));
#9135=DIRECTION('',(0.0,0.0,-1.0));
#9136=DIRECTION('',(-1.0,0.0,0.0));
#9137=ADVANCED_FACE('',(#9138),#9174,.F.);
#9138=FACE_BOUND('',#9139,.T.);
#9139=EDGE_LOOP('',(#9140,#9151,#9159,#9168));
#9140=ORIENTED_EDGE('',*,*,#9141,.T.);
#9141=EDGE_CURVE('',#9142,#9144,#9146,.T.);
#9142=VERTEX_POINT('',#9143);
#9143=CARTESIAN_POINT('',(4.570642471,-2.683137604,0.83));
#9144=VERTEX_POINT('',#9145);
#9145=CARTESIAN_POINT('',(4.598279764,-2.901228629,0.83));
#9146=CIRCLE('',#9147,0.18);
#9147=AXIS2_PLACEMENT_3D('',#9148,#9149,#9150);
#9148=CARTESIAN_POINT('',(4.725871838,-2.774263032,0.83));
#9149=DIRECTION('',(0.0,0.0,1.0));
#9150=DIRECTION('',(1.0,0.0,0.0));
#9151=ORIENTED_EDGE('',*,*,#9152,.T.);
#9152=EDGE_CURVE('',#9144,#9153,#9155,.T.);
#9153=VERTEX_POINT('',#9154);
#9154=CARTESIAN_POINT('',(4.598279764,-2.901228629,0.0));
#9155=LINE('',#9156,#9157);
#9156=CARTESIAN_POINT('',(4.598279764,-2.901228629,12.207559751));
#9157=VECTOR('',#9158,1.0);
#9158=DIRECTION('',(0.0,0.0,-1.0));
#9159=ORIENTED_EDGE('',*,*,#9160,.T.);
#9160=EDGE_CURVE('',#9153,#9161,#9163,.F.);
#9161=VERTEX_POINT('',#9162);
#9162=CARTESIAN_POINT('',(4.570642471,-2.683137604,0.0));
#9163=CIRCLE('',#9164,0.18);
#9164=AXIS2_PLACEMENT_3D('',#9165,#9166,#9167);
#9165=CARTESIAN_POINT('',(4.725871838,-2.774263032,0.0));
#9166=DIRECTION('',(0.0,0.0,1.0));
#9167=DIRECTION('',(1.0,0.0,0.0));
#9168=ORIENTED_EDGE('',*,*,#9169,.T.);
#9169=EDGE_CURVE('',#9161,#9142,#9170,.F.);
#9170=LINE('',#9171,#9172);
#9171=CARTESIAN_POINT('',(4.570642471,-2.683137604,0.85));
#9172=VECTOR('',#9173,1.0);
#9173=DIRECTION('',(0.0,0.0,-1.0));
#9174=CYLINDRICAL_SURFACE('',#9175,0.18);
#9175=AXIS2_PLACEMENT_3D('',#9176,#9177,#9178);
#9176=CARTESIAN_POINT('',(4.725871838,-2.774263032,12.207559751));
#9177=DIRECTION('',(0.0,0.0,1.0));
#9178=DIRECTION('',(1.0,0.0,0.0));
#9179=ADVANCED_FACE('',(#9180),#9216,.F.);
#9180=FACE_BOUND('',#9181,.T.);
#9181=EDGE_LOOP('',(#9182,#9193,#9201,#9210));
#9182=ORIENTED_EDGE('',*,*,#9183,.T.);
#9183=EDGE_CURVE('',#9184,#9186,#9188,.T.);
#9184=VERTEX_POINT('',#9185);
#9185=CARTESIAN_POINT('',(4.598279764,2.901228629,0.83));
#9186=VERTEX_POINT('',#9187);
#9187=CARTESIAN_POINT('',(4.570642471,2.683137604,0.83));
#9188=CIRCLE('',#9189,0.18);
#9189=AXIS2_PLACEMENT_3D('',#9190,#9191,#9192);
#9190=CARTESIAN_POINT('',(4.725871838,2.774263032,0.83));
#9191=DIRECTION('',(0.0,0.0,1.0));
#9192=DIRECTION('',(1.0,0.0,0.0));
#9193=ORIENTED_EDGE('',*,*,#9194,.T.);
#9194=EDGE_CURVE('',#9186,#9195,#9197,.T.);
#9195=VERTEX_POINT('',#9196);
#9196=CARTESIAN_POINT('',(4.570642471,2.683137604,0.0));
#9197=LINE('',#9198,#9199);
#9198=CARTESIAN_POINT('',(4.570642471,2.683137604,0.85));
#9199=VECTOR('',#9200,1.0);
#9200=DIRECTION('',(0.0,0.0,-1.0));
#9201=ORIENTED_EDGE('',*,*,#9202,.T.);
#9202=EDGE_CURVE('',#9195,#9203,#9205,.F.);
#9203=VERTEX_POINT('',#9204);
#9204=CARTESIAN_POINT('',(4.598279764,2.901228629,0.0));
#9205=CIRCLE('',#9206,0.18);
#9206=AXIS2_PLACEMENT_3D('',#9207,#9208,#9209);
#9207=CARTESIAN_POINT('',(4.725871838,2.774263032,0.0));
#9208=DIRECTION('',(0.0,0.0,1.0));
#9209=DIRECTION('',(1.0,0.0,0.0));
#9210=ORIENTED_EDGE('',*,*,#9211,.T.);
#9211=EDGE_CURVE('',#9203,#9184,#9212,.F.);
#9212=LINE('',#9213,#9214);
#9213=CARTESIAN_POINT('',(4.598279764,2.901228629,12.207559751));
#9214=VECTOR('',#9215,1.0);
#9215=DIRECTION('',(0.0,0.0,-1.0));
#9216=CYLINDRICAL_SURFACE('',#9217,0.18);
#9217=AXIS2_PLACEMENT_3D('',#9218,#9219,#9220);
#9218=CARTESIAN_POINT('',(4.725871838,2.774263032,0.85));
#9219=DIRECTION('',(0.0,0.0,1.0));
#9220=DIRECTION('',(1.0,0.0,0.0));
#9221=ADVANCED_FACE('',(#9222),#9258,.F.);
#9222=FACE_BOUND('',#9223,.T.);
#9223=EDGE_LOOP('',(#9224,#9235,#9243,#9252));
#9224=ORIENTED_EDGE('',*,*,#9225,.T.);
#9225=EDGE_CURVE('',#9226,#9228,#9230,.T.);
#9226=VERTEX_POINT('',#9227);
#9227=CARTESIAN_POINT('',(2.683137604,4.570642471,0.83));
#9228=VERTEX_POINT('',#9229);
#9229=CARTESIAN_POINT('',(2.901228629,4.598279764,0.83));
#9230=CIRCLE('',#9231,0.18);
#9231=AXIS2_PLACEMENT_3D('',#9232,#9233,#9234);
#9232=CARTESIAN_POINT('',(2.774263032,4.725871838,0.83));
#9233=DIRECTION('',(0.0,0.0,1.0));
#9234=DIRECTION('',(1.0,0.0,0.0));
#9235=ORIENTED_EDGE('',*,*,#9236,.T.);
#9236=EDGE_CURVE('',#9228,#9237,#9239,.T.);
#9237=VERTEX_POINT('',#9238);
#9238=CARTESIAN_POINT('',(2.901228629,4.598279764,0.0));
#9239=LINE('',#9240,#9241);
#9240=CARTESIAN_POINT('',(2.901228629,4.598279764,12.207559751));
#9241=VECTOR('',#9242,1.0);
#9242=DIRECTION('',(0.0,0.0,-1.0));
#9243=ORIENTED_EDGE('',*,*,#9244,.T.);
#9244=EDGE_CURVE('',#9237,#9245,#9247,.F.);
#9245=VERTEX_POINT('',#9246);
#9246=CARTESIAN_POINT('',(2.683137604,4.570642471,0.0));
#9247=CIRCLE('',#9248,0.18);
#9248=AXIS2_PLACEMENT_3D('',#9249,#9250,#9251);
#9249=CARTESIAN_POINT('',(2.774263032,4.725871838,0.0));
#9250=DIRECTION('',(0.0,0.0,1.0));
#9251=DIRECTION('',(1.0,0.0,0.0));
#9252=ORIENTED_EDGE('',*,*,#9253,.T.);
#9253=EDGE_CURVE('',#9245,#9226,#9254,.F.);
#9254=LINE('',#9255,#9256);
#9255=CARTESIAN_POINT('',(2.683137604,4.570642471,0.85));
#9256=VECTOR('',#9257,1.0);
#9257=DIRECTION('',(0.0,0.0,-1.0));
#9258=CYLINDRICAL_SURFACE('',#9259,0.18);
#9259=AXIS2_PLACEMENT_3D('',#9260,#9261,#9262);
#9260=CARTESIAN_POINT('',(2.774263032,4.725871838,0.85));
#9261=DIRECTION('',(0.0,0.0,-1.0));
#9262=DIRECTION('',(-1.0,0.0,0.0));
#9263=ADVANCED_FACE('',(#9264),#9300,.F.);
#9264=FACE_BOUND('',#9265,.T.);
#9265=EDGE_LOOP('',(#9266,#9277,#9285,#9294));
#9266=ORIENTED_EDGE('',*,*,#9267,.T.);
#9267=EDGE_CURVE('',#9268,#9270,#9272,.T.);
#9268=VERTEX_POINT('',#9269);
#9269=CARTESIAN_POINT('',(-2.901228629,4.598279764,0.83));
#9270=VERTEX_POINT('',#9271);
#9271=CARTESIAN_POINT('',(-2.683137604,4.570642471,0.83));
#9272=CIRCLE('',#9273,0.18);
#9273=AXIS2_PLACEMENT_3D('',#9274,#9275,#9276);
#9274=CARTESIAN_POINT('',(-2.774263032,4.725871838,0.83));
#9275=DIRECTION('',(0.0,0.0,1.0));
#9276=DIRECTION('',(1.0,0.0,0.0));
#9277=ORIENTED_EDGE('',*,*,#9278,.T.);
#9278=EDGE_CURVE('',#9270,#9279,#9281,.T.);
#9279=VERTEX_POINT('',#9280);
#9280=CARTESIAN_POINT('',(-2.683137604,4.570642471,0.0));
#9281=LINE('',#9282,#9283);
#9282=CARTESIAN_POINT('',(-2.683137604,4.570642471,0.85));
#9283=VECTOR('',#9284,1.0);
#9284=DIRECTION('',(0.0,0.0,-1.0));
#9285=ORIENTED_EDGE('',*,*,#9286,.T.);
#9286=EDGE_CURVE('',#9279,#9287,#9289,.F.);
#9287=VERTEX_POINT('',#9288);
#9288=CARTESIAN_POINT('',(-2.901228629,4.598279764,0.0));
#9289=CIRCLE('',#9290,0.18);
#9290=AXIS2_PLACEMENT_3D('',#9291,#9292,#9293);
#9291=CARTESIAN_POINT('',(-2.774263032,4.725871838,0.0));
#9292=DIRECTION('',(0.0,0.0,1.0));
#9293=DIRECTION('',(1.0,0.0,0.0));
#9294=ORIENTED_EDGE('',*,*,#9295,.T.);
#9295=EDGE_CURVE('',#9287,#9268,#9296,.F.);
#9296=LINE('',#9297,#9298);
#9297=CARTESIAN_POINT('',(-2.901228629,4.598279764,12.207559751));
#9298=VECTOR('',#9299,1.0);
#9299=DIRECTION('',(0.0,0.0,-1.0));
#9300=CYLINDRICAL_SURFACE('',#9301,0.18);
#9301=AXIS2_PLACEMENT_3D('',#9302,#9303,#9304);
#9302=CARTESIAN_POINT('',(-2.774263032,4.725871838,12.207559751));
#9303=DIRECTION('',(0.0,0.0,-1.0));
#9304=DIRECTION('',(-1.0,0.0,0.0));
#9305=ADVANCED_FACE('',(#9306),#9324,.T.);
#9306=FACE_BOUND('',#9307,.T.);
#9307=EDGE_LOOP('',(#9308,#9315,#9316,#9323));
#9308=ORIENTED_EDGE('',*,*,#9309,.T.);
#9309=EDGE_CURVE('',#8976,#9268,#9310,.F.);
#9310=CIRCLE('',#9311,1.2);
#9311=AXIS2_PLACEMENT_3D('',#9312,#9313,#9314);
#9312=CARTESIAN_POINT('',(-3.74766594,3.74766594,0.83));
#9313=DIRECTION('',(0.0,0.0,1.0));
#9314=DIRECTION('',(1.0,0.0,0.0));
#9315=ORIENTED_EDGE('',*,*,#9295,.F.);
#9316=ORIENTED_EDGE('',*,*,#9317,.T.);
#9317=EDGE_CURVE('',#9287,#8985,#9318,.T.);
#9318=CIRCLE('',#9319,1.2);
#9319=AXIS2_PLACEMENT_3D('',#9320,#9321,#9322);
#9320=CARTESIAN_POINT('',(-3.74766594,3.74766594,0.0));
#9321=DIRECTION('',(0.0,0.0,1.0));
#9322=DIRECTION('',(1.0,0.0,0.0));
#9323=ORIENTED_EDGE('',*,*,#8984,.F.);
#9324=CYLINDRICAL_SURFACE('',#9325,1.2);
#9325=AXIS2_PLACEMENT_3D('',#9326,#9327,#9328);
#9326=CARTESIAN_POINT('',(-3.74766594,3.74766594,12.207559751));
#9327=DIRECTION('',(0.0,0.0,-1.0));
#9328=DIRECTION('',(-1.0,0.0,0.0));
#9329=ADVANCED_FACE('',(#9330),#9348,.T.);
#9330=FACE_BOUND('',#9331,.T.);
#9331=EDGE_LOOP('',(#9332,#9333,#9340,#9341));
#9332=ORIENTED_EDGE('',*,*,#9043,.F.);
#9333=ORIENTED_EDGE('',*,*,#9334,.T.);
#9334=EDGE_CURVE('',#9035,#9069,#9335,.T.);
#9335=CIRCLE('',#9336,1.2);
#9336=AXIS2_PLACEMENT_3D('',#9337,#9338,#9339);
#9337=CARTESIAN_POINT('',(-3.74766594,-3.74766594,0.0));
#9338=DIRECTION('',(0.0,0.0,1.0));
#9339=DIRECTION('',(1.0,0.0,0.0));
#9340=ORIENTED_EDGE('',*,*,#9068,.F.);
#9341=ORIENTED_EDGE('',*,*,#9342,.T.);
#9342=EDGE_CURVE('',#9060,#9016,#9343,.F.);
#9343=CIRCLE('',#9344,1.2);
#9344=AXIS2_PLACEMENT_3D('',#9345,#9346,#9347);
#9345=CARTESIAN_POINT('',(-3.74766594,-3.74766594,0.83));
#9346=DIRECTION('',(0.0,0.0,1.0));
#9347=DIRECTION('',(1.0,0.0,0.0));
#9348=CYLINDRICAL_SURFACE('',#9349,1.2);
#9349=AXIS2_PLACEMENT_3D('',#9350,#9351,#9352);
#9350=CARTESIAN_POINT('',(-3.74766594,-3.74766594,12.207559751));
#9351=DIRECTION('',(0.0,0.0,-1.0));
#9352=DIRECTION('',(-1.0,0.0,0.0));
#9353=ADVANCED_FACE('',(#9354),#9372,.T.);
#9354=FACE_BOUND('',#9355,.T.);
#9355=EDGE_LOOP('',(#9356,#9363,#9364,#9371));
#9356=ORIENTED_EDGE('',*,*,#9357,.T.);
#9357=EDGE_CURVE('',#9144,#9100,#9358,.F.);
#9358=CIRCLE('',#9359,1.2);
#9359=AXIS2_PLACEMENT_3D('',#9360,#9361,#9362);
#9360=CARTESIAN_POINT('',(3.74766594,-3.74766594,0.83));
#9361=DIRECTION('',(0.0,0.0,1.0));
#9362=DIRECTION('',(1.0,0.0,0.0));
#9363=ORIENTED_EDGE('',*,*,#9127,.F.);
#9364=ORIENTED_EDGE('',*,*,#9365,.T.);
#9365=EDGE_CURVE('',#9119,#9153,#9366,.T.);
#9366=CIRCLE('',#9367,1.2);
#9367=AXIS2_PLACEMENT_3D('',#9368,#9369,#9370);
#9368=CARTESIAN_POINT('',(3.74766594,-3.74766594,0.0));
#9369=DIRECTION('',(0.0,0.0,1.0));
#9370=DIRECTION('',(1.0,0.0,0.0));
#9371=ORIENTED_EDGE('',*,*,#9152,.F.);
#9372=CYLINDRICAL_SURFACE('',#9373,1.2);
#9373=AXIS2_PLACEMENT_3D('',#9374,#9375,#9376);
#9374=CARTESIAN_POINT('',(3.74766594,-3.74766594,12.207559751));
#9375=DIRECTION('',(0.0,0.0,-1.0));
#9376=DIRECTION('',(-1.0,0.0,0.0));
#9377=ADVANCED_FACE('',(#9378),#9396,.T.);
#9378=FACE_BOUND('',#9379,.T.);
#9379=EDGE_LOOP('',(#9380,#9381,#9388,#9389));
#9380=ORIENTED_EDGE('',*,*,#9211,.F.);
#9381=ORIENTED_EDGE('',*,*,#9382,.T.);
#9382=EDGE_CURVE('',#9203,#9237,#9383,.T.);
#9383=CIRCLE('',#9384,1.2);
#9384=AXIS2_PLACEMENT_3D('',#9385,#9386,#9387);
#9385=CARTESIAN_POINT('',(3.74766594,3.74766594,0.0));
#9386=DIRECTION('',(0.0,0.0,1.0));
#9387=DIRECTION('',(1.0,0.0,0.0));
#9388=ORIENTED_EDGE('',*,*,#9236,.F.);
#9389=ORIENTED_EDGE('',*,*,#9390,.T.);
#9390=EDGE_CURVE('',#9228,#9184,#9391,.F.);
#9391=CIRCLE('',#9392,1.2);
#9392=AXIS2_PLACEMENT_3D('',#9393,#9394,#9395);
#9393=CARTESIAN_POINT('',(3.74766594,3.74766594,0.83));
#9394=DIRECTION('',(0.0,0.0,1.0));
#9395=DIRECTION('',(1.0,0.0,0.0));
#9396=CYLINDRICAL_SURFACE('',#9397,1.2);
#9397=AXIS2_PLACEMENT_3D('',#9398,#9399,#9400);
#9398=CARTESIAN_POINT('',(3.74766594,3.74766594,12.207559751));
#9399=DIRECTION('',(0.0,0.0,-1.0));
#9400=DIRECTION('',(-1.0,0.0,0.0));
#9401=ADVANCED_FACE('',(#9402),#9420,.T.);
#9402=FACE_BOUND('',#9403,.T.);
#9403=EDGE_LOOP('',(#9404,#9411,#9412,#9419));
#9404=ORIENTED_EDGE('',*,*,#9405,.T.);
#9405=EDGE_CURVE('',#9018,#8974,#9406,.F.);
#9406=CIRCLE('',#9407,5.3);
#9407=AXIS2_PLACEMENT_3D('',#9408,#9409,#9410);
#9408=CARTESIAN_POINT('',(0.0,-8.67361738E-16,0.83));
#9409=DIRECTION('',(0.0,0.0,1.0));
#9410=DIRECTION('',(1.0,0.0,0.0));
#9411=ORIENTED_EDGE('',*,*,#9001,.F.);
#9412=ORIENTED_EDGE('',*,*,#9413,.T.);
#9413=EDGE_CURVE('',#8993,#9027,#9414,.T.);
#9414=CIRCLE('',#9415,5.3);
#9415=AXIS2_PLACEMENT_3D('',#9416,#9417,#9418);
#9416=CARTESIAN_POINT('',(0.0,-8.67361738E-16,0.0));
#9417=DIRECTION('',(0.0,0.0,1.0));
#9418=DIRECTION('',(1.0,0.0,0.0));
#9419=ORIENTED_EDGE('',*,*,#9026,.F.);
#9420=CYLINDRICAL_SURFACE('',#9421,5.3);
#9421=AXIS2_PLACEMENT_3D('',#9422,#9423,#9424);
#9422=CARTESIAN_POINT('',(0.0,-8.67361738E-16,0.85));
#9423=DIRECTION('',(0.0,0.0,-1.0));
#9424=DIRECTION('',(-1.0,0.0,0.0));
#9425=ADVANCED_FACE('',(#9426),#9444,.T.);
#9426=FACE_BOUND('',#9427,.T.);
#9427=EDGE_LOOP('',(#9428,#9435,#9436,#9443));
#9428=ORIENTED_EDGE('',*,*,#9429,.T.);
#9429=EDGE_CURVE('',#9270,#9226,#9430,.F.);
#9430=CIRCLE('',#9431,5.3);
#9431=AXIS2_PLACEMENT_3D('',#9432,#9433,#9434);
#9432=CARTESIAN_POINT('',(0.0,-8.67361738E-16,0.83));
#9433=DIRECTION('',(0.0,0.0,1.0));
#9434=DIRECTION('',(1.0,0.0,0.0));
#9435=ORIENTED_EDGE('',*,*,#9253,.F.);
#9436=ORIENTED_EDGE('',*,*,#9437,.T.);
#9437=EDGE_CURVE('',#9245,#9279,#9438,.T.);
#9438=CIRCLE('',#9439,5.3);
#9439=AXIS2_PLACEMENT_3D('',#9440,#9441,#9442);
#9440=CARTESIAN_POINT('',(0.0,-8.67361738E-16,0.0));
#9441=DIRECTION('',(0.0,0.0,1.0));
#9442=DIRECTION('',(1.0,0.0,0.0));
#9443=ORIENTED_EDGE('',*,*,#9278,.F.);
#9444=CYLINDRICAL_SURFACE('',#9445,5.3);
#9445=AXIS2_PLACEMENT_3D('',#9446,#9447,#9448);
#9446=CARTESIAN_POINT('',(0.0,-8.67361738E-16,0.85));
#9447=DIRECTION('',(0.0,0.0,-1.0));
#9448=DIRECTION('',(-1.0,0.0,0.0));
#9449=ADVANCED_FACE('',(#9450),#9468,.T.);
#9450=FACE_BOUND('',#9451,.T.);
#9451=EDGE_LOOP('',(#9452,#9459,#9460,#9467));
#9452=ORIENTED_EDGE('',*,*,#9453,.T.);
#9453=EDGE_CURVE('',#9186,#9142,#9454,.F.);
#9454=CIRCLE('',#9455,5.3);
#9455=AXIS2_PLACEMENT_3D('',#9456,#9457,#9458);
#9456=CARTESIAN_POINT('',(0.0,-8.67361738E-16,0.83));
#9457=DIRECTION('',(0.0,0.0,1.0));
#9458=DIRECTION('',(1.0,0.0,0.0));
#9459=ORIENTED_EDGE('',*,*,#9169,.F.);
#9460=ORIENTED_EDGE('',*,*,#9461,.T.);
#9461=EDGE_CURVE('',#9161,#9195,#9462,.T.);
#9462=CIRCLE('',#9463,5.3);
#9463=AXIS2_PLACEMENT_3D('',#9464,#9465,#9466);
#9464=CARTESIAN_POINT('',(0.0,-8.67361738E-16,0.0));
#9465=DIRECTION('',(0.0,0.0,1.0));
#9466=DIRECTION('',(1.0,0.0,0.0));
#9467=ORIENTED_EDGE('',*,*,#9194,.F.);
#9468=CYLINDRICAL_SURFACE('',#9469,5.3);
#9469=AXIS2_PLACEMENT_3D('',#9470,#9471,#9472);
#9470=CARTESIAN_POINT('',(0.0,-8.67361738E-16,0.85));
#9471=DIRECTION('',(0.0,0.0,-1.0));
#9472=DIRECTION('',(-1.0,0.0,0.0));
#9473=ADVANCED_FACE('',(#9474),#9492,.T.);
#9474=FACE_BOUND('',#9475,.T.);
#9475=EDGE_LOOP('',(#9476,#9483,#9484,#9491));
#9476=ORIENTED_EDGE('',*,*,#9477,.T.);
#9477=EDGE_CURVE('',#9102,#9058,#9478,.F.);
#9478=CIRCLE('',#9479,5.3);
#9479=AXIS2_PLACEMENT_3D('',#9480,#9481,#9482);
#9480=CARTESIAN_POINT('',(0.0,-8.67361738E-16,0.83));
#9481=DIRECTION('',(0.0,0.0,1.0));
#9482=DIRECTION('',(1.0,0.0,0.0));
#9483=ORIENTED_EDGE('',*,*,#9085,.F.);
#9484=ORIENTED_EDGE('',*,*,#9485,.T.);
#9485=EDGE_CURVE('',#9077,#9111,#9486,.T.);
#9486=CIRCLE('',#9487,5.3);
#9487=AXIS2_PLACEMENT_3D('',#9488,#9489,#9490);
#9488=CARTESIAN_POINT('',(0.0,-8.67361738E-16,0.0));
#9489=DIRECTION('',(0.0,0.0,1.0));
#9490=DIRECTION('',(1.0,0.0,0.0));
#9491=ORIENTED_EDGE('',*,*,#9110,.F.);
#9492=CYLINDRICAL_SURFACE('',#9493,5.3);
#9493=AXIS2_PLACEMENT_3D('',#9494,#9495,#9496);
#9494=CARTESIAN_POINT('',(0.0,-8.67361738E-16,0.85));
#9495=DIRECTION('',(0.0,0.0,-1.0));
#9496=DIRECTION('',(-1.0,0.0,0.0));
#9497=ADVANCED_FACE('',(#9498,#9501),#9519,.F.);
#9498=FACE_BOUND('',#9499,.T.);
#9499=EDGE_LOOP('',(#9500));
#9500=ORIENTED_EDGE('',*,*,#8950,.F.);
#9501=FACE_BOUND('',#9502,.T.);
#9502=EDGE_LOOP('',(#9503,#9504,#9505,#9506,#9507,#9508,#9509,#9510,#9511,#9512,#9513,#9514,#9515,#9516,#9517,#9518));
#9503=ORIENTED_EDGE('',*,*,#9461,.F.);
#9504=ORIENTED_EDGE('',*,*,#9160,.F.);
#9505=ORIENTED_EDGE('',*,*,#9365,.F.);
#9506=ORIENTED_EDGE('',*,*,#9118,.F.);
#9507=ORIENTED_EDGE('',*,*,#9485,.F.);
#9508=ORIENTED_EDGE('',*,*,#9076,.F.);
#9509=ORIENTED_EDGE('',*,*,#9334,.F.);
#9510=ORIENTED_EDGE('',*,*,#9034,.F.);
#9511=ORIENTED_EDGE('',*,*,#9413,.F.);
#9512=ORIENTED_EDGE('',*,*,#8992,.F.);
#9513=ORIENTED_EDGE('',*,*,#9317,.F.);
#9514=ORIENTED_EDGE('',*,*,#9286,.F.);
#9515=ORIENTED_EDGE('',*,*,#9437,.F.);
#9516=ORIENTED_EDGE('',*,*,#9244,.F.);
#9517=ORIENTED_EDGE('',*,*,#9382,.F.);
#9518=ORIENTED_EDGE('',*,*,#9202,.F.);
#9519=PLANE('',#9520);
#9520=AXIS2_PLACEMENT_3D('',#9521,#9522,#9523);
#9521=CARTESIAN_POINT('',(0.0,0.0,0.0));
#9522=DIRECTION('',(0.0,0.0,1.0));
#9523=DIRECTION('',(1.0,0.0,0.0));
#9524=ADVANCED_FACE('',(#9525,#9528),#9546,.T.);
#9525=FACE_BOUND('',#9526,.T.);
#9526=EDGE_LOOP('',(#9527));
#9527=ORIENTED_EDGE('',*,*,#8958,.F.);
#9528=FACE_BOUND('',#9529,.T.);
#9529=EDGE_LOOP('',(#9530,#9531,#9532,#9533,#9534,#9535,#9536,#9537,#9538,#9539,#9540,#9541,#9542,#9543,#9544,#9545));
#9530=ORIENTED_EDGE('',*,*,#9141,.F.);
#9531=ORIENTED_EDGE('',*,*,#9453,.F.);
#9532=ORIENTED_EDGE('',*,*,#9183,.F.);
#9533=ORIENTED_EDGE('',*,*,#9390,.F.);
#9534=ORIENTED_EDGE('',*,*,#9225,.F.);
#9535=ORIENTED_EDGE('',*,*,#9429,.F.);
#9536=ORIENTED_EDGE('',*,*,#9267,.F.);
#9537=ORIENTED_EDGE('',*,*,#9309,.F.);
#9538=ORIENTED_EDGE('',*,*,#8973,.F.);
#9539=ORIENTED_EDGE('',*,*,#9405,.F.);
#9540=ORIENTED_EDGE('',*,*,#9015,.F.);
#9541=ORIENTED_EDGE('',*,*,#9342,.F.);
#9542=ORIENTED_EDGE('',*,*,#9057,.F.);
#9543=ORIENTED_EDGE('',*,*,#9477,.F.);
#9544=ORIENTED_EDGE('',*,*,#9099,.F.);
#9545=ORIENTED_EDGE('',*,*,#9357,.F.);
#9546=PLANE('',#9547);
#9547=AXIS2_PLACEMENT_3D('',#9548,#9549,#9550);
#9548=CARTESIAN_POINT('',(0.0,0.0,0.83));
#9549=DIRECTION('',(0.0,0.0,1.0));
#9550=DIRECTION('',(1.0,0.0,0.0));
#9551=(GEOMETRIC_REPRESENTATION_CONTEXT(3)GLOBAL_UNCERTAINTY_ASSIGNED_CONTEXT((#9552))GLOBAL_UNIT_ASSIGNED_CONTEXT((#26,#27,#28))REPRESENTATION_CONTEXT('',''));
#9552=UNCERTAINTY_MEASURE_WITH_UNIT(LENGTH_MEASURE(1.0E-05),#26,'','maximum tolerance');
#9553=ADVANCED_BREP_SHAPE_REPRESENTATION('',(#8935,#9),#9551);
#9554=(REPRESENTATION_RELATIONSHIP('',$,#9553,#29)REPRESENTATION_RELATIONSHIP_WITH_TRANSFORMATION(#9555)SHAPE_REPRESENTATION_RELATIONSHIP());
#9555=ITEM_DEFINED_TRANSFORMATION('',$,#9,#17);
#9556=PRODUCT('Glue','Glue',$,(#3));
#9557=PRODUCT_DEFINITION_FORMATION('',$,#9556);
#9558=PRODUCT_DEFINITION('design',$,#9557,#6);
#9559=NEXT_ASSEMBLY_USAGE_OCCURRENCE('instance_3','Glue','Glue',#7,#9558,$);
#9560=PRODUCT_DEFINITION_SHAPE('',$,#9559);
#9561=CONTEXT_DEPENDENT_SHAPE_REPRESENTATION(#9554,#9560);
#9562=PRODUCT_DEFINITION_SHAPE('',$,#9558);
#9563=SHAPE_DEFINITION_REPRESENTATION(#9562,#9553);
#9564=PRODUCT_RELATED_PRODUCT_CATEGORY('part',$,(#9556));
#9565=STYLED_ITEM('',(#9566),#8935);
#9566=PRESENTATION_STYLE_ASSIGNMENT((#9567));
#9567=SURFACE_STYLE_USAGE(.BOTH.,#9568);
#9568=SURFACE_SIDE_STYLE('',(#9569));
#9569=SURFACE_STYLE_FILL_AREA(#9570);
#9570=FILL_AREA_STYLE('',(#9572));
#9571=DRAUGHTING_PRE_DEFINED_COLOUR('black');
#9572=FILL_AREA_STYLE_COLOUR('',#9571);
#9573=MECHANICAL_DESIGN_GEOMETRIC_PRESENTATION_REPRESENTATION('',(#9565),#9551);
#9574=MANIFOLD_SOLID_BREP('',#9575);
#9575=CLOSED_SHELL('',(#9576,#9618,#9660,#9702,#9744,#9818,#9858,#9923,#9997,#10062,#10102,#10142,#10184,#10226,#10392,#10569,#10591,#10613,#10630,#10647,#10659,#10676,#10693,#10733,#10750,#10790,#10807,#10819,#10831,#10928,#10959,#11067,#11084,#11101,#11118,#11167,#11192,#11227,#11244,#11261,#11278,#11327,#11352,#11387,#11409,#11431,#11447,#11463,#11512,#11543,#11583,#11600,#11612,#11629,#11641,#11662,#11684,#11724,#11741,#11783,#11800,#11842,#11854,#11866,#11878,#11890,#11930,#11977,#11989,#12036,#12048,#12060,#12072,#12084,#12096,#12147,#12198,#12220,#12237,#12249,#12266,#12278,#12329,#12380,#12402,#12419,#12431,#12448));
#9576=ADVANCED_FACE('',(#9577),#9613,.T.);
#9577=FACE_BOUND('',#9578,.T.);
#9578=EDGE_LOOP('',(#9579,#9590,#9598,#9607));
#9579=ORIENTED_EDGE('',*,*,#9580,.T.);
#9580=EDGE_CURVE('',#9581,#9583,#9585,.F.);
#9581=VERTEX_POINT('',#9582);
#9582=CARTESIAN_POINT('',(-3.835829945,3.128723164,0.0));
#9583=VERTEX_POINT('',#9584);
#9584=CARTESIAN_POINT('',(-4.168508728,2.669463427,0.0));
#9585=CIRCLE('',#9586,4.95);
#9586=AXIS2_PLACEMENT_3D('',#9587,#9588,#9589);
#9587=CARTESIAN_POINT('',(0.0,0.0,0.0));
#9588=DIRECTION('',(0.0,0.0,-1.0));
#9589=DIRECTION('',(1.0,0.0,0.0));
#9590=ORIENTED_EDGE('',*,*,#9591,.T.);
#9591=EDGE_CURVE('',#9583,#9592,#9594,.F.);
#9592=VERTEX_POINT('',#9593);
#9593=CARTESIAN_POINT('',(-4.168508728,2.669463427,0.25));
#9594=LINE('',#9595,#9596);
#9595=CARTESIAN_POINT('',(-4.168508728,2.669463427,0.25));
#9596=VECTOR('',#9597,1.0);
#9597=DIRECTION('',(0.0,0.0,-1.0));
#9598=ORIENTED_EDGE('',*,*,#9599,.T.);
#9599=EDGE_CURVE('',#9592,#9600,#9602,.T.);
#9600=VERTEX_POINT('',#9601);
#9601=CARTESIAN_POINT('',(-3.835829945,3.128723164,0.25));
#9602=CIRCLE('',#9603,4.95);
#9603=AXIS2_PLACEMENT_3D('',#9604,#9605,#9606);
#9604=CARTESIAN_POINT('',(0.0,0.0,0.25));
#9605=DIRECTION('',(0.0,0.0,-1.0));
#9606=DIRECTION('',(1.0,0.0,0.0));
#9607=ORIENTED_EDGE('',*,*,#9608,.T.);
#9608=EDGE_CURVE('',#9600,#9581,#9609,.T.);
#9609=LINE('',#9610,#9611);
#9610=CARTESIAN_POINT('',(-3.835829945,3.128723164,0.25));
#9611=VECTOR('',#9612,1.0);
#9612=DIRECTION('',(0.0,0.0,-1.0));
#9613=CYLINDRICAL_SURFACE('',#9614,4.95);
#9614=AXIS2_PLACEMENT_3D('',#9615,#9616,#9617);
#9615=CARTESIAN_POINT('',(0.0,0.0,0.25));
#9616=DIRECTION('',(0.0,0.0,-1.0));
#9617=DIRECTION('',(-1.0,0.0,0.0));
#9618=ADVANCED_FACE('',(#9619),#9655,.T.);
#9619=FACE_BOUND('',#9620,.T.);
#9620=EDGE_LOOP('',(#9621,#9632,#9640,#9649));
#9621=ORIENTED_EDGE('',*,*,#9622,.T.);
#9622=EDGE_CURVE('',#9623,#9625,#9627,.T.);
#9623=VERTEX_POINT('',#9624);
#9624=CARTESIAN_POINT('',(-4.648924607,1.7,0.25));
#9625=VERTEX_POINT('',#9626);
#9626=CARTESIAN_POINT('',(-4.544085978,1.963105352,0.25));
#9627=CIRCLE('',#9628,4.95);
#9628=AXIS2_PLACEMENT_3D('',#9629,#9630,#9631);
#9629=CARTESIAN_POINT('',(0.0,0.0,0.25));
#9630=DIRECTION('',(0.0,0.0,-1.0));
#9631=DIRECTION('',(1.0,0.0,0.0));
#9632=ORIENTED_EDGE('',*,*,#9633,.T.);
#9633=EDGE_CURVE('',#9625,#9634,#9636,.T.);
#9634=VERTEX_POINT('',#9635);
#9635=CARTESIAN_POINT('',(-4.544085978,1.963105352,0.0));
#9636=LINE('',#9637,#9638);
#9637=CARTESIAN_POINT('',(-4.544085978,1.963105352,0.25));
#9638=VECTOR('',#9639,1.0);
#9639=DIRECTION('',(0.0,0.0,-1.0));
#9640=ORIENTED_EDGE('',*,*,#9641,.T.);
#9641=EDGE_CURVE('',#9634,#9642,#9644,.F.);
#9642=VERTEX_POINT('',#9643);
#9643=CARTESIAN_POINT('',(-4.648924607,1.7,0.0));
#9644=CIRCLE('',#9645,4.95);
#9645=AXIS2_PLACEMENT_3D('',#9646,#9647,#9648);
#9646=CARTESIAN_POINT('',(0.0,0.0,0.0));
#9647=DIRECTION('',(0.0,0.0,-1.0));
#9648=DIRECTION('',(1.0,0.0,0.0));
#9649=ORIENTED_EDGE('',*,*,#9650,.T.);
#9650=EDGE_CURVE('',#9642,#9623,#9651,.T.);
#9651=LINE('',#9652,#9653);
#9652=CARTESIAN_POINT('',(-4.648924607,1.7,0.0));
#9653=VECTOR('',#9654,1.0);
#9654=DIRECTION('',(0.0,0.0,1.0));
#9655=CYLINDRICAL_SURFACE('',#9656,4.95);
#9656=AXIS2_PLACEMENT_3D('',#9657,#9658,#9659);
#9657=CARTESIAN_POINT('',(0.0,0.0,0.25));
#9658=DIRECTION('',(0.0,0.0,-1.0));
#9659=DIRECTION('',(-1.0,0.0,0.0));
#9660=ADVANCED_FACE('',(#9661),#9697,.T.);
#9661=FACE_BOUND('',#9662,.T.);
#9662=EDGE_LOOP('',(#9663,#9674,#9682,#9691));
#9663=ORIENTED_EDGE('',*,*,#9664,.T.);
#9664=EDGE_CURVE('',#9665,#9667,#9669,.T.);
#9665=VERTEX_POINT('',#9666);
#9666=CARTESIAN_POINT('',(3.835829945,3.128723164,0.25));
#9667=VERTEX_POINT('',#9668);
#9668=CARTESIAN_POINT('',(4.168508728,2.669463427,0.25));
#9669=CIRCLE('',#9670,4.95);
#9670=AXIS2_PLACEMENT_3D('',#9671,#9672,#9673);
#9671=CARTESIAN_POINT('',(0.0,0.0,0.25));
#9672=DIRECTION('',(0.0,0.0,-1.0));
#9673=DIRECTION('',(1.0,0.0,0.0));
#9674=ORIENTED_EDGE('',*,*,#9675,.T.);
#9675=EDGE_CURVE('',#9667,#9676,#9678,.T.);
#9676=VERTEX_POINT('',#9677);
#9677=CARTESIAN_POINT('',(4.168508728,2.669463427,0.0));
#9678=LINE('',#9679,#9680);
#9679=CARTESIAN_POINT('',(4.168508728,2.669463427,0.25));
#9680=VECTOR('',#9681,1.0);
#9681=DIRECTION('',(0.0,0.0,-1.0));
#9682=ORIENTED_EDGE('',*,*,#9683,.T.);
#9683=EDGE_CURVE('',#9676,#9684,#9686,.F.);
#9684=VERTEX_POINT('',#9685);
#9685=CARTESIAN_POINT('',(3.835829945,3.128723164,0.0));
#9686=CIRCLE('',#9687,4.95);
#9687=AXIS2_PLACEMENT_3D('',#9688,#9689,#9690);
#9688=CARTESIAN_POINT('',(0.0,0.0,0.0));
#9689=DIRECTION('',(0.0,0.0,-1.0));
#9690=DIRECTION('',(1.0,0.0,0.0));
#9691=ORIENTED_EDGE('',*,*,#9692,.T.);
#9692=EDGE_CURVE('',#9684,#9665,#9693,.F.);
#9693=LINE('',#9694,#9695);
#9694=CARTESIAN_POINT('',(3.835829945,3.128723164,0.25));
#9695=VECTOR('',#9696,1.0);
#9696=DIRECTION('',(0.0,0.0,-1.0));
#9697=CYLINDRICAL_SURFACE('',#9698,4.95);
#9698=AXIS2_PLACEMENT_3D('',#9699,#9700,#9701);
#9699=CARTESIAN_POINT('',(0.0,0.0,0.25));
#9700=DIRECTION('',(0.0,0.0,-1.0));
#9701=DIRECTION('',(-1.0,0.0,0.0));
#9702=ADVANCED_FACE('',(#9703),#9739,.T.);
#9703=FACE_BOUND('',#9704,.T.);
#9704=EDGE_LOOP('',(#9705,#9716,#9724,#9733));
#9705=ORIENTED_EDGE('',*,*,#9706,.T.);
#9706=EDGE_CURVE('',#9707,#9709,#9711,.F.);
#9707=VERTEX_POINT('',#9708);
#9708=CARTESIAN_POINT('',(4.648924607,1.7,0.0));
#9709=VERTEX_POINT('',#9710);
#9710=CARTESIAN_POINT('',(4.544085978,1.963105352,0.0));
#9711=CIRCLE('',#9712,4.95);
#9712=AXIS2_PLACEMENT_3D('',#9713,#9714,#9715);
#9713=CARTESIAN_POINT('',(0.0,0.0,0.0));
#9714=DIRECTION('',(0.0,0.0,-1.0));
#9715=DIRECTION('',(1.0,0.0,0.0));
#9716=ORIENTED_EDGE('',*,*,#9717,.T.);
#9717=EDGE_CURVE('',#9709,#9718,#9720,.F.);
#9718=VERTEX_POINT('',#9719);
#9719=CARTESIAN_POINT('',(4.544085978,1.963105352,0.25));
#9720=LINE('',#9721,#9722);
#9721=CARTESIAN_POINT('',(4.544085978,1.963105352,0.25));
#9722=VECTOR('',#9723,1.0);
#9723=DIRECTION('',(0.0,0.0,-1.0));
#9724=ORIENTED_EDGE('',*,*,#9725,.T.);
#9725=EDGE_CURVE('',#9718,#9726,#9728,.T.);
#9726=VERTEX_POINT('',#9727);
#9727=CARTESIAN_POINT('',(4.648924607,1.7,0.25));
#9728=CIRCLE('',#9729,4.95);
#9729=AXIS2_PLACEMENT_3D('',#9730,#9731,#9732);
#9730=CARTESIAN_POINT('',(0.0,0.0,0.25));
#9731=DIRECTION('',(0.0,0.0,-1.0));
#9732=DIRECTION('',(1.0,0.0,0.0));
#9733=ORIENTED_EDGE('',*,*,#9734,.T.);
#9734=EDGE_CURVE('',#9726,#9707,#9735,.F.);
#9735=LINE('',#9736,#9737);
#9736=CARTESIAN_POINT('',(4.648924607,1.7,0.0));
#9737=VECTOR('',#9738,1.0);
#9738=DIRECTION('',(0.0,0.0,1.0));
#9739=CYLINDRICAL_SURFACE('',#9740,4.95);
#9740=AXIS2_PLACEMENT_3D('',#9741,#9742,#9743);
#9741=CARTESIAN_POINT('',(0.0,0.0,0.25));
#9742=DIRECTION('',(0.0,0.0,-1.0));
#9743=DIRECTION('',(-1.0,0.0,0.0));
#9744=ADVANCED_FACE('',(#9745),#9813,.T.);
#9745=FACE_BOUND('',#9746,.T.);
#9746=EDGE_LOOP('',(#9747,#9757,#9765,#9774,#9782,#9790,#9798,#9807));
#9747=ORIENTED_EDGE('',*,*,#9748,.T.);
#9748=EDGE_CURVE('',#9749,#9751,#9753,.F.);
#9749=VERTEX_POINT('',#9750);
#9750=CARTESIAN_POINT('',(-3.358757211,4.065863992,2.746049412));
#9751=VERTEX_POINT('',#9752);
#9752=CARTESIAN_POINT('',(-3.181980515,3.889087297,2.746049412));
#9753=LINE('',#9754,#9755);
#9754=CARTESIAN_POINT('',(7.782414981,-7.0753082,2.746049412));
#9755=VECTOR('',#9756,1.0);
#9756=DIRECTION('',(-0.707106781,0.707106781,2.455856687E-16));
#9757=ORIENTED_EDGE('',*,*,#9758,.T.);
#9758=EDGE_CURVE('',#9751,#9759,#9761,.F.);
#9759=VERTEX_POINT('',#9760);
#9760=CARTESIAN_POINT('',(-3.181980515,3.889087297,0.3));
#9761=LINE('',#9762,#9763);
#9762=CARTESIAN_POINT('',(-3.181980515,3.889087297,4.046049412));
#9763=VECTOR('',#9764,1.0);
#9764=DIRECTION('',(1.288856896E-16,-1.288856896E-16,1.0));
#9765=ORIENTED_EDGE('',*,*,#9766,.T.);
#9766=EDGE_CURVE('',#9759,#9767,#9769,.T.);
#9767=VERTEX_POINT('',#9768);
#9768=CARTESIAN_POINT('',(-3.146625176,3.853731957,0.25));
#9769=CIRCLE('',#9770,0.05);
#9770=AXIS2_PLACEMENT_3D('',#9771,#9772,#9773);
#9771=CARTESIAN_POINT('',(-3.146625176,3.853731957,0.3));
#9772=DIRECTION('',(-0.707106781,-0.707106781,0.0));
#9773=DIRECTION('',(0.707106781,-0.707106781,0.0));
#9774=ORIENTED_EDGE('',*,*,#9775,.T.);
#9775=EDGE_CURVE('',#9767,#9776,#9778,.T.);
#9776=VERTEX_POINT('',#9777);
#9777=CARTESIAN_POINT('',(-3.010660172,3.717766953,0.25));
#9778=LINE('',#9779,#9780);
#9779=CARTESIAN_POINT('',(0.353553391,0.353553391,0.25));
#9780=VECTOR('',#9781,1.0);
#9781=DIRECTION('',(0.707106781,-0.707106781,0.0));
#9782=ORIENTED_EDGE('',*,*,#9783,.T.);
#9783=EDGE_CURVE('',#9776,#9784,#9786,.T.);
#9784=VERTEX_POINT('',#9785);
#9785=CARTESIAN_POINT('',(-3.010660172,3.717766953,0.0));
#9786=LINE('',#9787,#9788);
#9787=CARTESIAN_POINT('',(-3.010660172,3.717766953,13.060317844));
#9788=VECTOR('',#9789,1.0);
#9789=DIRECTION('',(0.0,0.0,-1.0));
#9790=ORIENTED_EDGE('',*,*,#9791,.T.);
#9791=EDGE_CURVE('',#9784,#9792,#9794,.F.);
#9792=VERTEX_POINT('',#9793);
#9793=CARTESIAN_POINT('',(-3.146625176,3.853731957,0.0));
#9794=LINE('',#9795,#9796);
#9795=CARTESIAN_POINT('',(-3.146625176,3.853731957,0.0));
#9796=VECTOR('',#9797,1.0);
#9797=DIRECTION('',(0.707106781,-0.707106781,0.0));
#9798=ORIENTED_EDGE('',*,*,#9799,.T.);
#9799=EDGE_CURVE('',#9792,#9800,#9802,.F.);
#9800=VERTEX_POINT('',#9801);
#9801=CARTESIAN_POINT('',(-3.358757211,4.065863992,0.3));
#9802=CIRCLE('',#9803,0.3);
#9803=AXIS2_PLACEMENT_3D('',#9804,#9805,#9806);
#9804=CARTESIAN_POINT('',(-3.146625176,3.853731957,0.3));
#9805=DIRECTION('',(-0.707106781,-0.707106781,7.395570986E-32));
#9806=DIRECTION('',(-0.707106781,0.707106781,1.533293417E-16));
#9807=ORIENTED_EDGE('',*,*,#9808,.T.);
#9808=EDGE_CURVE('',#9800,#9749,#9809,.F.);
#9809=LINE('',#9810,#9811);
#9810=CARTESIAN_POINT('',(-3.358757211,4.065863992,4.046049412));
#9811=VECTOR('',#9812,1.0);
#9812=DIRECTION('',(-1.288856896E-16,1.288856896E-16,-1.0));
#9813=PLANE('',#9814);
#9814=AXIS2_PLACEMENT_3D('',#9815,#9816,#9817);
#9815=CARTESIAN_POINT('',(-3.146625176,3.853731957,13.060317844));
#9816=DIRECTION('',(0.707106781,0.707106781,0.0));
#9817=DIRECTION('',(-0.707106781,0.707106781,0.0));
#9818=ADVANCED_FACE('',(#9819),#9853,.T.);
#9819=FACE_BOUND('',#9820,.T.);
#9820=EDGE_LOOP('',(#9821,#9831,#9839,#9847));
#9821=ORIENTED_EDGE('',*,*,#9822,.T.);
#9822=EDGE_CURVE('',#9823,#9825,#9827,.T.);
#9823=VERTEX_POINT('',#9824);
#9824=CARTESIAN_POINT('',(-3.889087297,3.181980515,3.446049412));
#9825=VERTEX_POINT('',#9826);
#9826=CARTESIAN_POINT('',(-3.889087297,3.181980515,3.996049412));
#9827=LINE('',#9828,#9829);
#9828=CARTESIAN_POINT('',(-3.889087297,3.181980515,4.046049412));
#9829=VECTOR('',#9830,1.0);
#9830=DIRECTION('',(1.288856896E-16,-1.288856896E-16,1.0));
#9831=ORIENTED_EDGE('',*,*,#9832,.T.);
#9832=EDGE_CURVE('',#9825,#9833,#9835,.F.);
#9833=VERTEX_POINT('',#9834);
#9834=CARTESIAN_POINT('',(-4.065863992,3.358757211,3.996049412));
#9835=LINE('',#9836,#9837);
#9836=CARTESIAN_POINT('',(-3.500178567,2.793071786,3.996049412));
#9837=VECTOR('',#9838,1.0);
#9838=DIRECTION('',(0.707106781,-0.707106781,-1.822718903E-16));
#9839=ORIENTED_EDGE('',*,*,#9840,.T.);
#9840=EDGE_CURVE('',#9833,#9841,#9843,.T.);
#9841=VERTEX_POINT('',#9842);
#9842=CARTESIAN_POINT('',(-4.065863992,3.358757211,3.446049412));
#9843=LINE('',#9844,#9845);
#9844=CARTESIAN_POINT('',(-4.065863992,3.358757211,4.046049412));
#9845=VECTOR('',#9846,1.0);
#9846=DIRECTION('',(-1.288856896E-16,1.288856896E-16,-1.0));
#9847=ORIENTED_EDGE('',*,*,#9848,.T.);
#9848=EDGE_CURVE('',#9841,#9823,#9849,.F.);
#9849=LINE('',#9850,#9851);
#9850=CARTESIAN_POINT('',(7.0753082,-7.782414981,3.446049412));
#9851=VECTOR('',#9852,1.0);
#9852=DIRECTION('',(-0.707106781,0.707106781,2.455856687E-16));
#9853=PLANE('',#9854);
#9854=AXIS2_PLACEMENT_3D('',#9855,#9856,#9857);
#9855=CARTESIAN_POINT('',(-3.500178567,2.793071786,0.0));
#9856=DIRECTION('',(-0.707106781,-0.707106781,0.0));
#9857=DIRECTION('',(0.707106781,-0.707106781,0.0));
#9858=ADVANCED_FACE('',(#9859),#9918,.T.);
#9859=FACE_BOUND('',#9860,.T.);
#9860=EDGE_LOOP('',(#9861,#9871,#9879,#9887,#9896,#9902,#9903,#9911));
#9861=ORIENTED_EDGE('',*,*,#9862,.T.);
#9862=EDGE_CURVE('',#9863,#9865,#9867,.T.);
#9863=VERTEX_POINT('',#9864);
#9864=CARTESIAN_POINT('',(-3.889087297,3.181980515,0.3));
#9865=VERTEX_POINT('',#9866);
#9866=CARTESIAN_POINT('',(-3.889087297,3.181980515,2.746049412));
#9867=LINE('',#9868,#9869);
#9868=CARTESIAN_POINT('',(-3.889087297,3.181980515,4.046049412));
#9869=VECTOR('',#9870,1.0);
#9870=DIRECTION('',(1.288856896E-16,-1.288856896E-16,1.0));
#9871=ORIENTED_EDGE('',*,*,#9872,.T.);
#9872=EDGE_CURVE('',#9865,#9873,#9875,.T.);
#9873=VERTEX_POINT('',#9874);
#9874=CARTESIAN_POINT('',(-4.065863992,3.358757211,2.746049412));
#9875=LINE('',#9876,#9877);
#9876=CARTESIAN_POINT('',(7.0753082,-7.782414981,2.746049412));
#9877=VECTOR('',#9878,1.0);
#9878=DIRECTION('',(-0.707106781,0.707106781,2.455856687E-16));
#9879=ORIENTED_EDGE('',*,*,#9880,.T.);
#9880=EDGE_CURVE('',#9873,#9881,#9883,.T.);
#9881=VERTEX_POINT('',#9882);
#9882=CARTESIAN_POINT('',(-4.065863992,3.358757211,0.3));
#9883=LINE('',#9884,#9885);
#9884=CARTESIAN_POINT('',(-4.065863992,3.358757211,4.046049412));
#9885=VECTOR('',#9886,1.0);
#9886=DIRECTION('',(-1.288856896E-16,1.288856896E-16,-1.0));
#9887=ORIENTED_EDGE('',*,*,#9888,.T.);
#9888=EDGE_CURVE('',#9881,#9889,#9891,.T.);
#9889=VERTEX_POINT('',#9890);
#9890=CARTESIAN_POINT('',(-3.853731957,3.146625176,0.0));
#9891=CIRCLE('',#9892,0.3);
#9892=AXIS2_PLACEMENT_3D('',#9893,#9894,#9895);
#9893=CARTESIAN_POINT('',(-3.853731957,3.146625176,0.3));
#9894=DIRECTION('',(-0.707106781,-0.707106781,7.395570986E-32));
#9895=DIRECTION('',(-0.707106781,0.707106781,1.533293417E-16));
#9896=ORIENTED_EDGE('',*,*,#9897,.T.);
#9897=EDGE_CURVE('',#9889,#9581,#9898,.T.);
#9898=LINE('',#9899,#9900);
#9899=CARTESIAN_POINT('',(-3.500178567,2.793071786,0.0));
#9900=VECTOR('',#9901,1.0);
#9901=DIRECTION('',(0.707106781,-0.707106781,0.0));
#9902=ORIENTED_EDGE('',*,*,#9608,.F.);
#9903=ORIENTED_EDGE('',*,*,#9904,.T.);
#9904=EDGE_CURVE('',#9600,#9905,#9907,.F.);
#9905=VERTEX_POINT('',#9906);
#9906=CARTESIAN_POINT('',(-3.853731957,3.146625176,0.25));
#9907=LINE('',#9908,#9909);
#9908=CARTESIAN_POINT('',(-3.500178567,2.793071786,0.25));
#9909=VECTOR('',#9910,1.0);
#9910=DIRECTION('',(0.707106781,-0.707106781,0.0));
#9911=ORIENTED_EDGE('',*,*,#9912,.T.);
#9912=EDGE_CURVE('',#9905,#9863,#9913,.F.);
#9913=CIRCLE('',#9914,0.05);
#9914=AXIS2_PLACEMENT_3D('',#9915,#9916,#9917);
#9915=CARTESIAN_POINT('',(-3.853731957,3.146625176,0.3));
#9916=DIRECTION('',(-0.707106781,-0.707106781,0.0));
#9917=DIRECTION('',(0.707106781,-0.707106781,0.0));
#9918=PLANE('',#9919);
#9919=AXIS2_PLACEMENT_3D('',#9920,#9921,#9922);
#9920=CARTESIAN_POINT('',(-3.500178567,2.793071786,0.0));
#9921=DIRECTION('',(-0.707106781,-0.707106781,0.0));
#9922=DIRECTION('',(0.707106781,-0.707106781,0.0));
#9923=ADVANCED_FACE('',(#9924),#9992,.F.);
#9924=FACE_BOUND('',#9925,.T.);
#9925=EDGE_LOOP('',(#9926,#9936,#9944,#9952,#9961,#9969,#9977,#9985));
#9926=ORIENTED_EDGE('',*,*,#9927,.T.);
#9927=EDGE_CURVE('',#9928,#9930,#9932,.T.);
#9928=VERTEX_POINT('',#9929);
#9929=CARTESIAN_POINT('',(3.181980515,3.889087297,0.3));
#9930=VERTEX_POINT('',#9931);
#9931=CARTESIAN_POINT('',(3.181980515,3.889087297,2.746049412));
#9932=LINE('',#9933,#9934);
#9933=CARTESIAN_POINT('',(3.181980515,3.889087297,0.3));
#9934=VECTOR('',#9935,1.0);
#9935=DIRECTION('',(-1.288856896E-16,-1.288856896E-16,1.0));
#9936=ORIENTED_EDGE('',*,*,#9937,.T.);
#9937=EDGE_CURVE('',#9930,#9938,#9940,.T.);
#9938=VERTEX_POINT('',#9939);
#9939=CARTESIAN_POINT('',(3.358757211,4.065863992,2.746049412));
#9940=LINE('',#9941,#9942);
#9941=CARTESIAN_POINT('',(-7.782414981,-7.0753082,2.746049412));
#9942=VECTOR('',#9943,1.0);
#9943=DIRECTION('',(0.707106781,0.707106781,2.455856687E-16));
#9944=ORIENTED_EDGE('',*,*,#9945,.T.);
#9945=EDGE_CURVE('',#9938,#9946,#9948,.F.);
#9946=VERTEX_POINT('',#9947);
#9947=CARTESIAN_POINT('',(3.358757211,4.065863992,0.3));
#9948=LINE('',#9949,#9950);
#9949=CARTESIAN_POINT('',(3.358757211,4.065863992,0.3));
#9950=VECTOR('',#9951,1.0);
#9951=DIRECTION('',(-1.288856896E-16,-1.288856896E-16,1.0));
#9952=ORIENTED_EDGE('',*,*,#9953,.T.);
#9953=EDGE_CURVE('',#9946,#9954,#9956,.F.);
#9954=VERTEX_POINT('',#9955);
#9955=CARTESIAN_POINT('',(3.146625176,3.853731957,5.421010862E-17));
#9956=CIRCLE('',#9957,0.3);
#9957=AXIS2_PLACEMENT_3D('',#9958,#9959,#9960);
#9958=CARTESIAN_POINT('',(3.146625176,3.853731957,0.3));
#9959=DIRECTION('',(0.707106781,-0.707106781,8.628166151E-32));
#9960=DIRECTION('',(-0.707106781,-0.707106781,-1.533293417E-16));
#9961=ORIENTED_EDGE('',*,*,#9962,.T.);
#9962=EDGE_CURVE('',#9954,#9963,#9965,.T.);
#9963=VERTEX_POINT('',#9964);
#9964=CARTESIAN_POINT('',(3.010660172,3.717766953,0.0));
#9965=LINE('',#9966,#9967);
#9966=CARTESIAN_POINT('',(3.146625176,3.853731957,0.0));
#9967=VECTOR('',#9968,1.0);
#9968=DIRECTION('',(-0.707106781,-0.707106781,0.0));
#9969=ORIENTED_EDGE('',*,*,#9970,.T.);
#9970=EDGE_CURVE('',#9963,#9971,#9973,.F.);
#9971=VERTEX_POINT('',#9972);
#9972=CARTESIAN_POINT('',(3.010660172,3.717766953,0.25));
#9973=LINE('',#9974,#9975);
#9974=CARTESIAN_POINT('',(3.010660172,3.717766953,13.060317844));
#9975=VECTOR('',#9976,1.0);
#9976=DIRECTION('',(0.0,0.0,-1.0));
#9977=ORIENTED_EDGE('',*,*,#9978,.T.);
#9978=EDGE_CURVE('',#9971,#9979,#9981,.F.);
#9979=VERTEX_POINT('',#9980);
#9980=CARTESIAN_POINT('',(3.146625176,3.853731957,0.25));
#9981=LINE('',#9982,#9983);
#9982=CARTESIAN_POINT('',(-0.353553391,0.353553391,0.25));
#9983=VECTOR('',#9984,1.0);
#9984=DIRECTION('',(-0.707106781,-0.707106781,0.0));
#9985=ORIENTED_EDGE('',*,*,#9986,.T.);
#9986=EDGE_CURVE('',#9979,#9928,#9987,.T.);
#9987=CIRCLE('',#9988,0.05);
#9988=AXIS2_PLACEMENT_3D('',#9989,#9990,#9991);
#9989=CARTESIAN_POINT('',(3.146625176,3.853731957,0.3));
#9990=DIRECTION('',(0.707106781,-0.707106781,0.0));
#9991=DIRECTION('',(0.707106781,0.707106781,0.0));
#9992=PLANE('',#9993);
#9993=AXIS2_PLACEMENT_3D('',#9994,#9995,#9996);
#9994=CARTESIAN_POINT('',(3.146625176,3.853731957,13.060317844));
#9995=DIRECTION('',(0.707106781,-0.707106781,0.0));
#9996=DIRECTION('',(0.707106781,0.707106781,0.0));
#9997=ADVANCED_FACE('',(#9998),#10057,.T.);
#9998=FACE_BOUND('',#9999,.T.);
#9999=EDGE_LOOP('',(#10000,#10010,#10018,#10026,#10035,#10041,#10042,#10050));
#10000=ORIENTED_EDGE('',*,*,#10001,.T.);
#10001=EDGE_CURVE('',#10002,#10004,#10006,.T.);
#10002=VERTEX_POINT('',#10003);
#10003=CARTESIAN_POINT('',(4.065863992,3.358757211,0.3));
#10004=VERTEX_POINT('',#10005);
#10005=CARTESIAN_POINT('',(4.065863992,3.358757211,2.746049412));
#10006=LINE('',#10007,#10008);
#10007=CARTESIAN_POINT('',(4.065863992,3.358757211,0.3));
#10008=VECTOR('',#10009,1.0);
#10009=DIRECTION('',(-1.288856896E-16,-1.288856896E-16,1.0));
#10010=ORIENTED_EDGE('',*,*,#10011,.T.);
#10011=EDGE_CURVE('',#10004,#10012,#10014,.F.);
#10012=VERTEX_POINT('',#10013);
#10013=CARTESIAN_POINT('',(3.889087297,3.181980515,2.746049412));
#10014=LINE('',#10015,#10016);
#10015=CARTESIAN_POINT('',(-7.0753082,-7.782414981,2.746049412));
#10016=VECTOR('',#10017,1.0);
#10017=DIRECTION('',(0.707106781,0.707106781,2.455856687E-16));
#10018=ORIENTED_EDGE('',*,*,#10019,.T.);
#10019=EDGE_CURVE('',#10012,#10020,#10022,.F.);
#10020=VERTEX_POINT('',#10021);
#10021=CARTESIAN_POINT('',(3.889087297,3.181980515,0.3));
#10022=LINE('',#10023,#10024);
#10023=CARTESIAN_POINT('',(3.889087297,3.181980515,0.3));
#10024=VECTOR('',#10025,1.0);
#10025=DIRECTION('',(-1.288856896E-16,-1.288856896E-16,1.0));
#10026=ORIENTED_EDGE('',*,*,#10027,.T.);
#10027=EDGE_CURVE('',#10020,#10028,#10030,.F.);
#10028=VERTEX_POINT('',#10029);
#10029=CARTESIAN_POINT('',(3.853731957,3.146625176,0.25));
#10030=CIRCLE('',#10031,0.05);
#10031=AXIS2_PLACEMENT_3D('',#10032,#10033,#10034);
#10032=CARTESIAN_POINT('',(3.853731957,3.146625176,0.3));
#10033=DIRECTION('',(0.707106781,-0.707106781,0.0));
#10034=DIRECTION('',(0.707106781,0.707106781,0.0));
#10035=ORIENTED_EDGE('',*,*,#10036,.T.);
#10036=EDGE_CURVE('',#10028,#9665,#10037,.F.);
#10037=LINE('',#10038,#10039);
#10038=CARTESIAN_POINT('',(3.500178567,2.793071786,0.25));
#10039=VECTOR('',#10040,1.0);
#10040=DIRECTION('',(0.707106781,0.707106781,0.0));
#10041=ORIENTED_EDGE('',*,*,#9692,.F.);
#10042=ORIENTED_EDGE('',*,*,#10043,.T.);
#10043=EDGE_CURVE('',#9684,#10044,#10046,.T.);
#10044=VERTEX_POINT('',#10045);
#10045=CARTESIAN_POINT('',(3.853731957,3.146625176,5.421010862E-17));
#10046=LINE('',#10047,#10048);
#10047=CARTESIAN_POINT('',(3.500178567,2.793071786,0.0));
#10048=VECTOR('',#10049,1.0);
#10049=DIRECTION('',(0.707106781,0.707106781,0.0));
#10050=ORIENTED_EDGE('',*,*,#10051,.T.);
#10051=EDGE_CURVE('',#10044,#10002,#10052,.T.);
#10052=CIRCLE('',#10053,0.3);
#10053=AXIS2_PLACEMENT_3D('',#10054,#10055,#10056);
#10054=CARTESIAN_POINT('',(3.853731957,3.146625176,0.3));
#10055=DIRECTION('',(0.707106781,-0.707106781,8.628166151E-32));
#10056=DIRECTION('',(-0.707106781,-0.707106781,-1.533293417E-16));
#10057=PLANE('',#10058);
#10058=AXIS2_PLACEMENT_3D('',#10059,#10060,#10061);
#10059=CARTESIAN_POINT('',(3.500178567,2.793071786,0.0));
#10060=DIRECTION('',(0.707106781,-0.707106781,0.0));
#10061=DIRECTION('',(0.707106781,0.707106781,0.0));
#10062=ADVANCED_FACE('',(#10063),#10097,.T.);
#10063=FACE_BOUND('',#10064,.T.);
#10064=EDGE_LOOP('',(#10065,#10075,#10083,#10091));
#10065=ORIENTED_EDGE('',*,*,#10066,.T.);
#10066=EDGE_CURVE('',#10067,#10069,#10071,.T.);
#10067=VERTEX_POINT('',#10068);
#10068=CARTESIAN_POINT('',(4.065863992,3.358757211,3.446049412));
#10069=VERTEX_POINT('',#10070);
#10070=CARTESIAN_POINT('',(4.065863992,3.358757211,3.996049412));
#10071=LINE('',#10072,#10073);
#10072=CARTESIAN_POINT('',(4.065863992,3.358757211,0.3));
#10073=VECTOR('',#10074,1.0);
#10074=DIRECTION('',(-1.288856896E-16,-1.288856896E-16,1.0));
#10075=ORIENTED_EDGE('',*,*,#10076,.T.);
#10076=EDGE_CURVE('',#10069,#10077,#10079,.F.);
#10077=VERTEX_POINT('',#10078);
#10078=CARTESIAN_POINT('',(3.889087297,3.181980515,3.996049412));
#10079=LINE('',#10080,#10081);
#10080=CARTESIAN_POINT('',(3.500178567,2.793071786,3.996049412));
#10081=VECTOR('',#10082,1.0);
#10082=DIRECTION('',(0.707106781,0.707106781,1.822718903E-16));
#10083=ORIENTED_EDGE('',*,*,#10084,.T.);
#10084=EDGE_CURVE('',#10077,#10085,#10087,.F.);
#10085=VERTEX_POINT('',#10086);
#10086=CARTESIAN_POINT('',(3.889087297,3.181980515,3.446049412));
#10087=LINE('',#10088,#10089);
#10088=CARTESIAN_POINT('',(3.889087297,3.181980515,0.3));
#10089=VECTOR('',#10090,1.0);
#10090=DIRECTION('',(-1.288856896E-16,-1.288856896E-16,1.0));
#10091=ORIENTED_EDGE('',*,*,#10092,.T.);
#10092=EDGE_CURVE('',#10085,#10067,#10093,.T.);
#10093=LINE('',#10094,#10095);
#10094=CARTESIAN_POINT('',(-7.0753082,-7.782414981,3.446049412));
#10095=VECTOR('',#10096,1.0);
#10096=DIRECTION('',(0.707106781,0.707106781,2.455856687E-16));
#10097=PLANE('',#10098);
#10098=AXIS2_PLACEMENT_3D('',#10099,#10100,#10101);
#10099=CARTESIAN_POINT('',(3.500178567,2.793071786,0.0));
#10100=DIRECTION('',(0.707106781,-0.707106781,0.0));
#10101=DIRECTION('',(0.707106781,0.707106781,0.0));
#10102=ADVANCED_FACE('',(#10103),#10137,.T.);
#10103=FACE_BOUND('',#10104,.T.);
#10104=EDGE_LOOP('',(#10105,#10115,#10123,#10131));
#10105=ORIENTED_EDGE('',*,*,#10106,.T.);
#10106=EDGE_CURVE('',#10107,#10109,#10111,.T.);
#10107=VERTEX_POINT('',#10108);
#10108=CARTESIAN_POINT('',(-0.498,4.95,0.05));
#10109=VERTEX_POINT('',#10110);
#10110=CARTESIAN_POINT('',(-0.498,4.95,-0.2));
#10111=LINE('',#10112,#10113);
#10112=CARTESIAN_POINT('',(-0.498,4.95,-0.2));
#10113=VECTOR('',#10114,1.0);
#10114=DIRECTION('',(0.0,2.891205793E-15,-1.0));
#10115=ORIENTED_EDGE('',*,*,#10116,.T.);
#10116=EDGE_CURVE('',#10109,#10117,#10119,.T.);
#10117=VERTEX_POINT('',#10118);
#10118=CARTESIAN_POINT('',(-0.5,4.95,-0.2));
#10119=LINE('',#10120,#10121);
#10120=CARTESIAN_POINT('',(0.5,4.95,-0.2));
#10121=VECTOR('',#10122,1.0);
#10122=DIRECTION('',(-1.0,0.0,0.0));
#10123=ORIENTED_EDGE('',*,*,#10124,.T.);
#10124=EDGE_CURVE('',#10117,#10125,#10127,.F.);
#10125=VERTEX_POINT('',#10126);
#10126=CARTESIAN_POINT('',(-0.5,4.95,0.05));
#10127=LINE('',#10128,#10129);
#10128=CARTESIAN_POINT('',(-0.5,4.95,0.322176377));
#10129=VECTOR('',#10130,1.0);
#10130=DIRECTION('',(0.0,0.0,-1.0));
#10131=ORIENTED_EDGE('',*,*,#10132,.T.);
#10132=EDGE_CURVE('',#10125,#10107,#10133,.T.);
#10133=LINE('',#10134,#10135);
#10134=CARTESIAN_POINT('',(-2.45,4.95,0.05));
#10135=VECTOR('',#10136,1.0);
#10136=DIRECTION('',(1.0,0.0,0.0));
#10137=PLANE('',#10138);
#10138=AXIS2_PLACEMENT_3D('',#10139,#10140,#10141);
#10139=CARTESIAN_POINT('',(0.5,4.95,0.322176377));
#10140=DIRECTION('',(0.0,1.0,0.0));
#10141=DIRECTION('',(0.0,0.0,1.0));
#10142=ADVANCED_FACE('',(#10143),#10179,.T.);
#10143=FACE_BOUND('',#10144,.T.);
#10144=EDGE_LOOP('',(#10145,#10155,#10164,#10172));
#10145=ORIENTED_EDGE('',*,*,#10146,.T.);
#10146=EDGE_CURVE('',#10147,#10149,#10151,.T.);
#10147=VERTEX_POINT('',#10148);
#10148=CARTESIAN_POINT('',(-2.45,5.875,0.1));
#10149=VERTEX_POINT('',#10150);
#10150=CARTESIAN_POINT('',(-0.5,5.875,0.1));
#10151=LINE('',#10152,#10153);
#10152=CARTESIAN_POINT('',(-2.45,5.875,0.1));
#10153=VECTOR('',#10154,1.0);
#10154=DIRECTION('',(1.0,0.0,0.0));
#10155=ORIENTED_EDGE('',*,*,#10156,.T.);
#10156=EDGE_CURVE('',#10149,#10157,#10159,.F.);
#10157=VERTEX_POINT('',#10158);
#10158=CARTESIAN_POINT('',(-0.5,5.575,-0.2));
#10159=CIRCLE('',#10160,0.3);
#10160=AXIS2_PLACEMENT_3D('',#10161,#10162,#10163);
#10161=CARTESIAN_POINT('',(-0.5,5.575,0.1));
#10162=DIRECTION('',(1.0,0.0,0.0));
#10163=DIRECTION('',(0.0,0.0,-1.0));
#10164=ORIENTED_EDGE('',*,*,#10165,.T.);
#10165=EDGE_CURVE('',#10157,#10166,#10168,.F.);
#10166=VERTEX_POINT('',#10167);
#10167=CARTESIAN_POINT('',(-2.45,5.575,-0.2));
#10168=LINE('',#10169,#10170);
#10169=CARTESIAN_POINT('',(-2.45,5.575,-0.2));
#10170=VECTOR('',#10171,1.0);
#10171=DIRECTION('',(1.0,0.0,0.0));
#10172=ORIENTED_EDGE('',*,*,#10173,.T.);
#10173=EDGE_CURVE('',#10166,#10147,#10174,.T.);
#10174=CIRCLE('',#10175,0.3);
#10175=AXIS2_PLACEMENT_3D('',#10176,#10177,#10178);
#10176=CARTESIAN_POINT('',(-2.45,5.575,0.1));
#10177=DIRECTION('',(1.0,0.0,0.0));
#10178=DIRECTION('',(0.0,-1.0,-1.770125996E-16));
#10179=CYLINDRICAL_SURFACE('',#10180,0.3);
#10180=AXIS2_PLACEMENT_3D('',#10181,#10182,#10183);
#10181=CARTESIAN_POINT('',(-2.45,5.575,0.1));
#10182=DIRECTION('',(1.0,0.0,0.0));
#10183=DIRECTION('',(0.0,0.0,-1.0));
#10184=ADVANCED_FACE('',(#10185),#10221,.F.);
#10185=FACE_BOUND('',#10186,.T.);
#10186=EDGE_LOOP('',(#10187,#10198,#10206,#10215));
#10187=ORIENTED_EDGE('',*,*,#10188,.T.);
#10188=EDGE_CURVE('',#10189,#10191,#10193,.T.);
#10189=VERTEX_POINT('',#10190);
#10190=CARTESIAN_POINT('',(-0.5,5.575,0.05));
#10191=VERTEX_POINT('',#10192);
#10192=CARTESIAN_POINT('',(-0.5,5.625,0.1));
#10193=CIRCLE('',#10194,0.05);
#10194=AXIS2_PLACEMENT_3D('',#10195,#10196,#10197);
#10195=CARTESIAN_POINT('',(-0.5,5.575,0.1));
#10196=DIRECTION('',(1.0,0.0,0.0));
#10197=DIRECTION('',(0.0,0.0,-1.0));
#10198=ORIENTED_EDGE('',*,*,#10199,.T.);
#10199=EDGE_CURVE('',#10191,#10200,#10202,.F.);
#10200=VERTEX_POINT('',#10201);
#10201=CARTESIAN_POINT('',(-2.45,5.625,0.1));
#10202=LINE('',#10203,#10204);
#10203=CARTESIAN_POINT('',(-2.45,5.625,0.1));
#10204=VECTOR('',#10205,1.0);
#10205=DIRECTION('',(1.0,0.0,0.0));
#10206=ORIENTED_EDGE('',*,*,#10207,.T.);
#10207=EDGE_CURVE('',#10200,#10208,#10210,.F.);
#10208=VERTEX_POINT('',#10209);
#10209=CARTESIAN_POINT('',(-2.45,5.575,0.05));
#10210=CIRCLE('',#10211,0.05);
#10211=AXIS2_PLACEMENT_3D('',#10212,#10213,#10214);
#10212=CARTESIAN_POINT('',(-2.45,5.575,0.1));
#10213=DIRECTION('',(1.0,0.0,0.0));
#10214=DIRECTION('',(0.0,0.0,-1.0));
#10215=ORIENTED_EDGE('',*,*,#10216,.T.);
#10216=EDGE_CURVE('',#10208,#10189,#10217,.T.);
#10217=LINE('',#10218,#10219);
#10218=CARTESIAN_POINT('',(-2.45,5.575,0.05));
#10219=VECTOR('',#10220,1.0);
#10220=DIRECTION('',(1.0,0.0,0.0));
#10221=CYLINDRICAL_SURFACE('',#10222,0.05);
#10222=AXIS2_PLACEMENT_3D('',#10223,#10224,#10225);
#10223=CARTESIAN_POINT('',(-2.45,5.575,0.1));
#10224=DIRECTION('',(1.0,0.0,0.0));
#10225=DIRECTION('',(0.0,0.0,-1.0));
#10226=ADVANCED_FACE('',(#10227),#10387,.F.);
#10227=FACE_BOUND('',#10228,.T.);
#10228=EDGE_LOOP('',(#10229,#10230,#10238,#10246,#10252,#10253,#10261,#10269,#10277,#10285,#10293,#10301,#10309,#10317,#10323,#10324,#10332,#10340,#10346,#10347,#10348,#10354,#10355,#10364,#10372,#10379,#10380,#10386));
#10229=ORIENTED_EDGE('',*,*,#9599,.F.);
#10230=ORIENTED_EDGE('',*,*,#10231,.T.);
#10231=EDGE_CURVE('',#9592,#10232,#10234,.F.);
#10232=VERTEX_POINT('',#10233);
#10233=CARTESIAN_POINT('',(-4.18280196,2.677063273,0.25));
#10234=LINE('',#10235,#10236);
#10235=CARTESIAN_POINT('',(-4.18280196,2.677063273,0.25));
#10236=VECTOR('',#10237,1.0);
#10237=DIRECTION('',(0.882947593,-0.469471563,0.0));
#10238=ORIENTED_EDGE('',*,*,#10239,.T.);
#10239=EDGE_CURVE('',#10232,#10240,#10242,.F.);
#10240=VERTEX_POINT('',#10241);
#10241=CARTESIAN_POINT('',(-4.55837921,1.970705199,0.25));
#10242=LINE('',#10243,#10244);
#10243=CARTESIAN_POINT('',(-4.55837921,1.970705199,0.25));
#10244=VECTOR('',#10245,1.0);
#10245=DIRECTION('',(0.469471563,0.882947593,0.0));
#10246=ORIENTED_EDGE('',*,*,#10247,.T.);
#10247=EDGE_CURVE('',#10240,#9625,#10248,.F.);
#10248=LINE('',#10249,#10250);
#10249=CARTESIAN_POINT('',(-4.337642312,1.853337308,0.25));
#10250=VECTOR('',#10251,1.0);
#10251=DIRECTION('',(-0.882947593,0.469471563,0.0));
#10252=ORIENTED_EDGE('',*,*,#9622,.F.);
#10253=ORIENTED_EDGE('',*,*,#10254,.T.);
#10254=EDGE_CURVE('',#9623,#10255,#10257,.T.);
#10255=VERTEX_POINT('',#10256);
#10256=CARTESIAN_POINT('',(-4.8,1.7,0.25));
#10257=LINE('',#10258,#10259);
#10258=CARTESIAN_POINT('',(-4.648924607,1.7,0.25));
#10259=VECTOR('',#10260,1.0);
#10260=DIRECTION('',(-1.0,-7.176563633E-16,0.0));
#10261=ORIENTED_EDGE('',*,*,#10262,.T.);
#10262=EDGE_CURVE('',#10255,#10263,#10265,.F.);
#10263=VERTEX_POINT('',#10264);
#10264=CARTESIAN_POINT('',(-4.8,0.95,0.25));
#10265=LINE('',#10266,#10267);
#10266=CARTESIAN_POINT('',(-4.8,0.0,0.25));
#10267=VECTOR('',#10268,1.0);
#10268=DIRECTION('',(0.0,1.0,0.0));
#10269=ORIENTED_EDGE('',*,*,#10270,.T.);
#10270=EDGE_CURVE('',#10263,#10271,#10273,.F.);
#10271=VERTEX_POINT('',#10272);
#10272=CARTESIAN_POINT('',(-1.0,0.95,0.25));
#10273=LINE('',#10274,#10275);
#10274=CARTESIAN_POINT('',(-1.0,0.95,0.25));
#10275=VECTOR('',#10276,1.0);
#10276=DIRECTION('',(-1.0,-2.744815627E-17,0.0));
#10277=ORIENTED_EDGE('',*,*,#10278,.T.);
#10278=EDGE_CURVE('',#10271,#10279,#10281,.F.);
#10279=VERTEX_POINT('',#10280);
#10280=CARTESIAN_POINT('',(-1.0,1.75,0.25));
#10281=LINE('',#10282,#10283);
#10282=CARTESIAN_POINT('',(-1.0,1.75,0.25));
#10283=VECTOR('',#10284,1.0);
#10284=DIRECTION('',(0.0,-1.0,0.0));
#10285=ORIENTED_EDGE('',*,*,#10286,.T.);
#10286=EDGE_CURVE('',#10279,#10287,#10289,.F.);
#10287=VERTEX_POINT('',#10288);
#10288=CARTESIAN_POINT('',(1.0,1.75,0.25));
#10289=LINE('',#10290,#10291);
#10290=CARTESIAN_POINT('',(1.0,1.75,0.25));
#10291=VECTOR('',#10292,1.0);
#10292=DIRECTION('',(-1.0,1.084202172E-16,0.0));
#10293=ORIENTED_EDGE('',*,*,#10294,.T.);
#10294=EDGE_CURVE('',#10287,#10295,#10297,.F.);
#10295=VERTEX_POINT('',#10296);
#10296=CARTESIAN_POINT('',(1.0,0.95,0.25));
#10297=LINE('',#10298,#10299);
#10298=CARTESIAN_POINT('',(1.0,0.95,0.25));
#10299=VECTOR('',#10300,1.0);
#10300=DIRECTION('',(1.084202172E-15,1.0,0.0));
#10301=ORIENTED_EDGE('',*,*,#10302,.T.);
#10302=EDGE_CURVE('',#10295,#10303,#10305,.F.);
#10303=VERTEX_POINT('',#10304);
#10304=CARTESIAN_POINT('',(4.8,0.95,0.25));
#10305=LINE('',#10306,#10307);
#10306=CARTESIAN_POINT('',(4.95,0.95,0.25));
#10307=VECTOR('',#10308,1.0);
#10308=DIRECTION('',(-1.0,3.842741877E-16,0.0));
#10309=ORIENTED_EDGE('',*,*,#10310,.T.);
#10310=EDGE_CURVE('',#10303,#10311,#10313,.T.);
#10311=VERTEX_POINT('',#10312);
#10312=CARTESIAN_POINT('',(4.8,1.7,0.25));
#10313=LINE('',#10314,#10315);
#10314=CARTESIAN_POINT('',(4.8,0.0,0.25));
#10315=VECTOR('',#10316,1.0);
#10316=DIRECTION('',(0.0,1.0,0.0));
#10317=ORIENTED_EDGE('',*,*,#10318,.T.);
#10318=EDGE_CURVE('',#10311,#9726,#10319,.T.);
#10319=LINE('',#10320,#10321);
#10320=CARTESIAN_POINT('',(4.8,1.7,0.25));
#10321=VECTOR('',#10322,1.0);
#10322=DIRECTION('',(-1.0,7.176563633E-16,0.0));
#10323=ORIENTED_EDGE('',*,*,#9725,.F.);
#10324=ORIENTED_EDGE('',*,*,#10325,.T.);
#10325=EDGE_CURVE('',#9718,#10326,#10328,.F.);
#10326=VERTEX_POINT('',#10327);
#10327=CARTESIAN_POINT('',(4.55837921,1.970705199,0.25));
#10328=LINE('',#10329,#10330);
#10329=CARTESIAN_POINT('',(4.55837921,1.970705199,0.25));
#10330=VECTOR('',#10331,1.0);
#10331=DIRECTION('',(-0.882947593,-0.469471563,0.0));
#10332=ORIENTED_EDGE('',*,*,#10333,.T.);
#10333=EDGE_CURVE('',#10326,#10334,#10336,.F.);
#10334=VERTEX_POINT('',#10335);
#10335=CARTESIAN_POINT('',(4.18280196,2.677063273,0.25));
#10336=LINE('',#10337,#10338);
#10337=CARTESIAN_POINT('',(4.18280196,2.677063273,0.25));
#10338=VECTOR('',#10339,1.0);
#10339=DIRECTION('',(0.469471563,-0.882947593,0.0));
#10340=ORIENTED_EDGE('',*,*,#10341,.T.);
#10341=EDGE_CURVE('',#10334,#9667,#10342,.F.);
#10342=LINE('',#10343,#10344);
#10343=CARTESIAN_POINT('',(3.962065061,2.559695382,0.25));
#10344=VECTOR('',#10345,1.0);
#10345=DIRECTION('',(0.882947593,0.469471563,0.0));
#10346=ORIENTED_EDGE('',*,*,#9664,.F.);
#10347=ORIENTED_EDGE('',*,*,#10036,.F.);
#10348=ORIENTED_EDGE('',*,*,#10349,.T.);
#10349=EDGE_CURVE('',#10028,#9979,#10350,.T.);
#10350=LINE('',#10351,#10352);
#10351=CARTESIAN_POINT('',(3.853731957,3.146625176,0.25));
#10352=VECTOR('',#10353,1.0);
#10353=DIRECTION('',(-0.707106781,0.707106781,0.0));
#10354=ORIENTED_EDGE('',*,*,#9978,.F.);
#10355=ORIENTED_EDGE('',*,*,#10356,.T.);
#10356=EDGE_CURVE('',#9971,#10357,#10359,.T.);
#10357=VERTEX_POINT('',#10358);
#10358=CARTESIAN_POINT('',(2.45,3.95,0.25));
#10359=CIRCLE('',#10360,0.328427125);
#10360=AXIS2_PLACEMENT_3D('',#10361,#10362,#10363);
#10361=CARTESIAN_POINT('',(2.778427125,3.95,0.25));
#10362=DIRECTION('',(0.0,0.0,-1.0));
#10363=DIRECTION('',(-1.0,0.0,0.0));
#10364=ORIENTED_EDGE('',*,*,#10365,.T.);
#10365=EDGE_CURVE('',#10357,#10366,#10368,.F.);
#10366=VERTEX_POINT('',#10367);
#10367=CARTESIAN_POINT('',(-2.45,3.95,0.25));
#10368=LINE('',#10369,#10370);
#10369=CARTESIAN_POINT('',(0.0,3.95,0.25));
#10370=VECTOR('',#10371,1.0);
#10371=DIRECTION('',(1.0,0.0,0.0));
#10372=ORIENTED_EDGE('',*,*,#10373,.T.);
#10373=EDGE_CURVE('',#10366,#9776,#10374,.T.);
#10374=CIRCLE('',#10375,0.328427125);
#10375=AXIS2_PLACEMENT_3D('',#10376,#10377,#10378);
#10376=CARTESIAN_POINT('',(-2.778427125,3.95,0.25));
#10377=DIRECTION('',(0.0,0.0,-1.0));
#10378=DIRECTION('',(-1.0,0.0,0.0));
#10379=ORIENTED_EDGE('',*,*,#9775,.F.);
#10380=ORIENTED_EDGE('',*,*,#10381,.T.);
#10381=EDGE_CURVE('',#9767,#9905,#10382,.T.);
#10382=LINE('',#10383,#10384);
#10383=CARTESIAN_POINT('',(-3.146625176,3.853731957,0.25));
#10384=VECTOR('',#10385,1.0);
#10385=DIRECTION('',(-0.707106781,-0.707106781,0.0));
#10386=ORIENTED_EDGE('',*,*,#9904,.F.);
#10387=PLANE('',#10388);
#10388=AXIS2_PLACEMENT_3D('',#10389,#10390,#10391);
#10389=CARTESIAN_POINT('',(0.0,0.0,0.25));
#10390=DIRECTION('',(0.0,0.0,-1.0));
#10391=DIRECTION('',(-1.0,0.0,0.0));
#10392=ADVANCED_FACE('',(#10393,#10553),#10564,.T.);
#10393=FACE_BOUND('',#10394,.T.);
#10394=EDGE_LOOP('',(#10395,#10403,#10411,#10417,#10418,#10419,#10425,#10426,#10435,#10443,#10450,#10451,#10457,#10458,#10459,#10467,#10475,#10481,#10482,#10490,#10498,#10506,#10514,#10522,#10530,#10538,#10546,#10552));
#10395=ORIENTED_EDGE('',*,*,#10396,.T.);
#10396=EDGE_CURVE('',#9634,#10397,#10399,.T.);
#10397=VERTEX_POINT('',#10398);
#10398=CARTESIAN_POINT('',(-4.55837921,1.970705199,0.0));
#10399=LINE('',#10400,#10401);
#10400=CARTESIAN_POINT('',(-4.337642312,1.853337308,0.0));
#10401=VECTOR('',#10402,1.0);
#10402=DIRECTION('',(-0.882947593,0.469471563,0.0));
#10403=ORIENTED_EDGE('',*,*,#10404,.T.);
#10404=EDGE_CURVE('',#10397,#10405,#10407,.T.);
#10405=VERTEX_POINT('',#10406);
#10406=CARTESIAN_POINT('',(-4.18280196,2.677063273,0.0));
#10407=LINE('',#10408,#10409);
#10408=CARTESIAN_POINT('',(-4.55837921,1.970705199,0.0));
#10409=VECTOR('',#10410,1.0);
#10410=DIRECTION('',(0.469471563,0.882947593,0.0));
#10411=ORIENTED_EDGE('',*,*,#10412,.T.);
#10412=EDGE_CURVE('',#10405,#9583,#10413,.T.);
#10413=LINE('',#10414,#10415);
#10414=CARTESIAN_POINT('',(-4.18280196,2.677063273,0.0));
#10415=VECTOR('',#10416,1.0);
#10416=DIRECTION('',(0.882947593,-0.469471563,0.0));
#10417=ORIENTED_EDGE('',*,*,#9580,.F.);
#10418=ORIENTED_EDGE('',*,*,#9897,.F.);
#10419=ORIENTED_EDGE('',*,*,#10420,.T.);
#10420=EDGE_CURVE('',#9889,#9792,#10421,.F.);
#10421=LINE('',#10422,#10423);
#10422=CARTESIAN_POINT('',(-3.146625176,3.853731957,0.0));
#10423=VECTOR('',#10424,1.0);
#10424=DIRECTION('',(-0.707106781,-0.707106781,0.0));
#10425=ORIENTED_EDGE('',*,*,#9791,.F.);
#10426=ORIENTED_EDGE('',*,*,#10427,.T.);
#10427=EDGE_CURVE('',#9784,#10428,#10430,.T.);
#10428=VERTEX_POINT('',#10429);
#10429=CARTESIAN_POINT('',(-2.45,3.95,0.0));
#10430=CIRCLE('',#10431,0.328427125);
#10431=AXIS2_PLACEMENT_3D('',#10432,#10433,#10434);
#10432=CARTESIAN_POINT('',(-2.778427125,3.95,0.0));
#10433=DIRECTION('',(0.0,0.0,1.0));
#10434=DIRECTION('',(-1.0,0.0,0.0));
#10435=ORIENTED_EDGE('',*,*,#10436,.T.);
#10436=EDGE_CURVE('',#10428,#10437,#10439,.T.);
#10437=VERTEX_POINT('',#10438);
#10438=CARTESIAN_POINT('',(2.45,3.95,-2.032879073E-17));
#10439=LINE('',#10440,#10441);
#10440=CARTESIAN_POINT('',(-2.45,3.95,0.0));
#10441=VECTOR('',#10442,1.0);
#10442=DIRECTION('',(1.0,0.0,0.0));
#10443=ORIENTED_EDGE('',*,*,#10444,.T.);
#10444=EDGE_CURVE('',#10437,#9963,#10445,.F.);
#10445=CIRCLE('',#10446,0.328427125);
#10446=AXIS2_PLACEMENT_3D('',#10447,#10448,#10449);
#10447=CARTESIAN_POINT('',(2.778427125,3.95,0.0));
#10448=DIRECTION('',(0.0,0.0,-1.0));
#10449=DIRECTION('',(1.0,0.0,0.0));
#10450=ORIENTED_EDGE('',*,*,#9962,.F.);
#10451=ORIENTED_EDGE('',*,*,#10452,.T.);
#10452=EDGE_CURVE('',#9954,#10044,#10453,.F.);
#10453=LINE('',#10454,#10455);
#10454=CARTESIAN_POINT('',(3.853731957,3.146625176,0.0));
#10455=VECTOR('',#10456,1.0);
#10456=DIRECTION('',(-0.707106781,0.707106781,0.0));
#10457=ORIENTED_EDGE('',*,*,#10043,.F.);
#10458=ORIENTED_EDGE('',*,*,#9683,.F.);
#10459=ORIENTED_EDGE('',*,*,#10460,.T.);
#10460=EDGE_CURVE('',#9676,#10461,#10463,.T.);
#10461=VERTEX_POINT('',#10462);
#10462=CARTESIAN_POINT('',(4.18280196,2.677063273,-5.421010862E-17));
#10463=LINE('',#10464,#10465);
#10464=CARTESIAN_POINT('',(3.962065061,2.559695382,0.0));
#10465=VECTOR('',#10466,1.0);
#10466=DIRECTION('',(0.882947593,0.469471563,0.0));
#10467=ORIENTED_EDGE('',*,*,#10468,.T.);
#10468=EDGE_CURVE('',#10461,#10469,#10471,.T.);
#10469=VERTEX_POINT('',#10470);
#10470=CARTESIAN_POINT('',(4.55837921,1.970705199,-5.421010862E-17));
#10471=LINE('',#10472,#10473);
#10472=CARTESIAN_POINT('',(4.18280196,2.677063273,0.0));
#10473=VECTOR('',#10474,1.0);
#10474=DIRECTION('',(0.469471563,-0.882947593,0.0));
#10475=ORIENTED_EDGE('',*,*,#10476,.T.);
#10476=EDGE_CURVE('',#10469,#9709,#10477,.T.);
#10477=LINE('',#10478,#10479);
#10478=CARTESIAN_POINT('',(4.55837921,1.970705199,0.0));
#10479=VECTOR('',#10480,1.0);
#10480=DIRECTION('',(-0.882947593,-0.469471563,0.0));
#10481=ORIENTED_EDGE('',*,*,#9706,.F.);
#10482=ORIENTED_EDGE('',*,*,#10483,.T.);
#10483=EDGE_CURVE('',#9707,#10484,#10486,.F.);
#10484=VERTEX_POINT('',#10485);
#10485=CARTESIAN_POINT('',(4.8,1.7,0.0));
#10486=LINE('',#10487,#10488);
#10487=CARTESIAN_POINT('',(4.8,1.7,0.0));
#10488=VECTOR('',#10489,1.0);
#10489=DIRECTION('',(-1.0,7.176563633E-16,0.0));
#10490=ORIENTED_EDGE('',*,*,#10491,.T.);
#10491=EDGE_CURVE('',#10484,#10492,#10494,.F.);
#10492=VERTEX_POINT('',#10493);
#10493=CARTESIAN_POINT('',(4.8,0.95,0.0));
#10494=LINE('',#10495,#10496);
#10495=CARTESIAN_POINT('',(4.8,-1.7,0.0));
#10496=VECTOR('',#10497,1.0);
#10497=DIRECTION('',(0.0,1.0,0.0));
#10498=ORIENTED_EDGE('',*,*,#10499,.T.);
#10499=EDGE_CURVE('',#10492,#10500,#10502,.F.);
#10500=VERTEX_POINT('',#10501);
#10501=CARTESIAN_POINT('',(1.0,0.95,-3.469446952E-15));
#10502=LINE('',#10503,#10504);
#10503=CARTESIAN_POINT('',(3.650604783E-16,0.95,0.0));
#10504=VECTOR('',#10505,1.0);
#10505=DIRECTION('',(1.0,-3.842741877E-16,0.0));
#10506=ORIENTED_EDGE('',*,*,#10507,.T.);
#10507=EDGE_CURVE('',#10500,#10508,#10510,.F.);
#10508=VERTEX_POINT('',#10509);
#10509=CARTESIAN_POINT('',(1.0,1.75,-3.469446952E-15));
#10510=LINE('',#10511,#10512);
#10511=CARTESIAN_POINT('',(1.0,-1.084202172E-15,0.0));
#10512=VECTOR('',#10513,1.0);
#10513=DIRECTION('',(-1.084202172E-15,-1.0,0.0));
#10514=ORIENTED_EDGE('',*,*,#10515,.T.);
#10515=EDGE_CURVE('',#10508,#10516,#10518,.F.);
#10516=VERTEX_POINT('',#10517);
#10517=CARTESIAN_POINT('',(-1.0,1.75,-3.469446952E-15));
#10518=LINE('',#10519,#10520);
#10519=CARTESIAN_POINT('',(1.897353802E-16,1.75,0.0));
#10520=VECTOR('',#10521,1.0);
#10521=DIRECTION('',(1.0,-1.084202172E-16,0.0));
#10522=ORIENTED_EDGE('',*,*,#10523,.T.);
#10523=EDGE_CURVE('',#10516,#10524,#10526,.F.);
#10524=VERTEX_POINT('',#10525);
#10525=CARTESIAN_POINT('',(-1.0,0.95,-3.469446952E-15));
#10526=LINE('',#10527,#10528);
#10527=CARTESIAN_POINT('',(-1.0,0.0,0.0));
#10528=VECTOR('',#10529,1.0);
#10529=DIRECTION('',(0.0,1.0,0.0));
#10530=ORIENTED_EDGE('',*,*,#10531,.T.);
#10531=EDGE_CURVE('',#10524,#10532,#10534,.F.);
#10532=VERTEX_POINT('',#10533);
#10533=CARTESIAN_POINT('',(-4.8,0.95,0.0));
#10534=LINE('',#10535,#10536);
#10535=CARTESIAN_POINT('',(-2.607574845E-17,0.95,0.0));
#10536=VECTOR('',#10537,1.0);
#10537=DIRECTION('',(1.0,2.744815627E-17,0.0));
#10538=ORIENTED_EDGE('',*,*,#10539,.T.);
#10539=EDGE_CURVE('',#10532,#10540,#10542,.T.);
#10540=VERTEX_POINT('',#10541);
#10541=CARTESIAN_POINT('',(-4.8,1.7,0.0));
#10542=LINE('',#10543,#10544);
#10543=CARTESIAN_POINT('',(-4.8,-1.7,0.0));
#10544=VECTOR('',#10545,1.0);
#10545=DIRECTION('',(0.0,1.0,0.0));
#10546=ORIENTED_EDGE('',*,*,#10547,.T.);
#10547=EDGE_CURVE('',#10540,#9642,#10548,.F.);
#10548=LINE('',#10549,#10550);
#10549=CARTESIAN_POINT('',(-4.648924607,1.7,0.0));
#10550=VECTOR('',#10551,1.0);
#10551=DIRECTION('',(-1.0,-7.176563633E-16,0.0));
#10552=ORIENTED_EDGE('',*,*,#9641,.F.);
#10553=FACE_BOUND('',#10554,.T.);
#10554=EDGE_LOOP('',(#10555));
#10555=ORIENTED_EDGE('',*,*,#10556,.T.);
#10556=EDGE_CURVE('',#10557,#10557,#10559,.F.);
#10557=VERTEX_POINT('',#10558);
#10558=CARTESIAN_POINT('',(-3.079459609,2.625133925,0.0));
#10559=CIRCLE('',#10560,0.454325684);
#10560=AXIS2_PLACEMENT_3D('',#10561,#10562,#10563);
#10561=CARTESIAN_POINT('',(-2.625133925,2.625133925,0.0));
#10562=DIRECTION('',(0.0,0.0,-1.0));
#10563=DIRECTION('',(-1.0,0.0,0.0));
#10564=PLANE('',#10565);
#10565=AXIS2_PLACEMENT_3D('',#10566,#10567,#10568);
#10566=CARTESIAN_POINT('',(0.0,0.0,0.0));
#10567=DIRECTION('',(0.0,0.0,-1.0));
#10568=DIRECTION('',(-1.0,0.0,0.0));
#10569=ADVANCED_FACE('',(#10570),#10586,.F.);
#10570=FACE_BOUND('',#10571,.T.);
#10571=EDGE_LOOP('',(#10572,#10573,#10579,#10580));
#10572=ORIENTED_EDGE('',*,*,#10270,.F.);
#10573=ORIENTED_EDGE('',*,*,#10574,.T.);
#10574=EDGE_CURVE('',#10263,#10532,#10575,.F.);
#10575=LINE('',#10576,#10577);
#10576=CARTESIAN_POINT('',(-4.8,0.95,-13.752946119));
#10577=VECTOR('',#10578,1.0);
#10578=DIRECTION('',(0.0,0.0,1.0));
#10579=ORIENTED_EDGE('',*,*,#10531,.F.);
#10580=ORIENTED_EDGE('',*,*,#10581,.T.);
#10581=EDGE_CURVE('',#10524,#10271,#10582,.T.);
#10582=LINE('',#10583,#10584);
#10583=CARTESIAN_POINT('',(-1.0,0.95,-13.752946119));
#10584=VECTOR('',#10585,1.0);
#10585=DIRECTION('',(0.0,0.0,1.0));
#10586=PLANE('',#10587);
#10587=AXIS2_PLACEMENT_3D('',#10588,#10589,#10590);
#10588=CARTESIAN_POINT('',(-1.0,0.95,-13.752946119));
#10589=DIRECTION('',(-2.744815627E-17,1.0,0.0));
#10590=DIRECTION('',(-1.0,-2.744815627E-17,0.0));
#10591=ADVANCED_FACE('',(#10592),#10608,.F.);
#10592=FACE_BOUND('',#10593,.T.);
#10593=EDGE_LOOP('',(#10594,#10595,#10601,#10602));
#10594=ORIENTED_EDGE('',*,*,#10499,.F.);
#10595=ORIENTED_EDGE('',*,*,#10596,.T.);
#10596=EDGE_CURVE('',#10492,#10303,#10597,.T.);
#10597=LINE('',#10598,#10599);
#10598=CARTESIAN_POINT('',(4.8,0.95,-13.752946119));
#10599=VECTOR('',#10600,1.0);
#10600=DIRECTION('',(0.0,0.0,1.0));
#10601=ORIENTED_EDGE('',*,*,#10302,.F.);
#10602=ORIENTED_EDGE('',*,*,#10603,.T.);
#10603=EDGE_CURVE('',#10295,#10500,#10604,.F.);
#10604=LINE('',#10605,#10606);
#10605=CARTESIAN_POINT('',(1.0,0.95,-13.752946119));
#10606=VECTOR('',#10607,1.0);
#10607=DIRECTION('',(0.0,0.0,1.0));
#10608=PLANE('',#10609);
#10609=AXIS2_PLACEMENT_3D('',#10610,#10611,#10612);
#10610=CARTESIAN_POINT('',(4.95,0.95,-13.752946119));
#10611=DIRECTION('',(3.842741877E-16,1.0,0.0));
#10612=DIRECTION('',(-1.0,3.842741877E-16,0.0));
#10613=ADVANCED_FACE('',(#10614),#10625,.F.);
#10614=FACE_BOUND('',#10615,.T.);
#10615=EDGE_LOOP('',(#10616,#10617,#10618,#10619));
#10616=ORIENTED_EDGE('',*,*,#10507,.F.);
#10617=ORIENTED_EDGE('',*,*,#10603,.F.);
#10618=ORIENTED_EDGE('',*,*,#10294,.F.);
#10619=ORIENTED_EDGE('',*,*,#10620,.T.);
#10620=EDGE_CURVE('',#10287,#10508,#10621,.F.);
#10621=LINE('',#10622,#10623);
#10622=CARTESIAN_POINT('',(1.0,1.75,-13.752946119));
#10623=VECTOR('',#10624,1.0);
#10624=DIRECTION('',(0.0,0.0,1.0));
#10625=PLANE('',#10626);
#10626=AXIS2_PLACEMENT_3D('',#10627,#10628,#10629);
#10627=CARTESIAN_POINT('',(1.0,0.95,-13.752946119));
#10628=DIRECTION('',(1.0,-1.084202172E-15,0.0));
#10629=DIRECTION('',(1.084202172E-15,1.0,0.0));
#10630=ADVANCED_FACE('',(#10631),#10642,.F.);
#10631=FACE_BOUND('',#10632,.T.);
#10632=EDGE_LOOP('',(#10633,#10634,#10635,#10636));
#10633=ORIENTED_EDGE('',*,*,#10515,.F.);
#10634=ORIENTED_EDGE('',*,*,#10620,.F.);
#10635=ORIENTED_EDGE('',*,*,#10286,.F.);
#10636=ORIENTED_EDGE('',*,*,#10637,.T.);
#10637=EDGE_CURVE('',#10279,#10516,#10638,.F.);
#10638=LINE('',#10639,#10640);
#10639=CARTESIAN_POINT('',(-1.0,1.75,-13.752946119));
#10640=VECTOR('',#10641,1.0);
#10641=DIRECTION('',(0.0,0.0,1.0));
#10642=PLANE('',#10643);
#10643=AXIS2_PLACEMENT_3D('',#10644,#10645,#10646);
#10644=CARTESIAN_POINT('',(1.0,1.75,-13.752946119));
#10645=DIRECTION('',(1.084202172E-16,1.0,0.0));
#10646=DIRECTION('',(-1.0,1.084202172E-16,0.0));
#10647=ADVANCED_FACE('',(#10648),#10654,.F.);
#10648=FACE_BOUND('',#10649,.T.);
#10649=EDGE_LOOP('',(#10650,#10651,#10652,#10653));
#10650=ORIENTED_EDGE('',*,*,#10523,.F.);
#10651=ORIENTED_EDGE('',*,*,#10637,.F.);
#10652=ORIENTED_EDGE('',*,*,#10278,.F.);
#10653=ORIENTED_EDGE('',*,*,#10581,.F.);
#10654=PLANE('',#10655);
#10655=AXIS2_PLACEMENT_3D('',#10656,#10657,#10658);
#10656=CARTESIAN_POINT('',(-1.0,1.75,-13.752946119));
#10657=DIRECTION('',(-1.0,0.0,0.0));
#10658=DIRECTION('',(0.0,0.0,1.0));
#10659=ADVANCED_FACE('',(#10660),#10671,.T.);
#10660=FACE_BOUND('',#10661,.T.);
#10661=EDGE_LOOP('',(#10662,#10663,#10664,#10665));
#10662=ORIENTED_EDGE('',*,*,#10539,.F.);
#10663=ORIENTED_EDGE('',*,*,#10574,.F.);
#10664=ORIENTED_EDGE('',*,*,#10262,.F.);
#10665=ORIENTED_EDGE('',*,*,#10666,.T.);
#10666=EDGE_CURVE('',#10255,#10540,#10667,.F.);
#10667=LINE('',#10668,#10669);
#10668=CARTESIAN_POINT('',(-4.8,1.7,0.0));
#10669=VECTOR('',#10670,1.0);
#10670=DIRECTION('',(0.0,0.0,1.0));
#10671=PLANE('',#10672);
#10672=AXIS2_PLACEMENT_3D('',#10673,#10674,#10675);
#10673=CARTESIAN_POINT('',(-4.8,-1.7,13.938042649));
#10674=DIRECTION('',(-1.0,0.0,0.0));
#10675=DIRECTION('',(0.0,0.0,1.0));
#10676=ADVANCED_FACE('',(#10677),#10688,.F.);
#10677=FACE_BOUND('',#10678,.T.);
#10678=EDGE_LOOP('',(#10679,#10680,#10686,#10687));
#10679=ORIENTED_EDGE('',*,*,#10491,.F.);
#10680=ORIENTED_EDGE('',*,*,#10681,.T.);
#10681=EDGE_CURVE('',#10484,#10311,#10682,.T.);
#10682=LINE('',#10683,#10684);
#10683=CARTESIAN_POINT('',(4.8,1.7,0.0));
#10684=VECTOR('',#10685,1.0);
#10685=DIRECTION('',(0.0,0.0,1.0));
#10686=ORIENTED_EDGE('',*,*,#10310,.F.);
#10687=ORIENTED_EDGE('',*,*,#10596,.F.);
#10688=PLANE('',#10689);
#10689=AXIS2_PLACEMENT_3D('',#10690,#10691,#10692);
#10690=CARTESIAN_POINT('',(4.8,-1.7,13.897301896));
#10691=DIRECTION('',(-1.0,0.0,0.0));
#10692=DIRECTION('',(0.0,0.0,1.0));
#10693=ADVANCED_FACE('',(#10694),#10728,.T.);
#10694=FACE_BOUND('',#10695,.T.);
#10695=EDGE_LOOP('',(#10696,#10706,#10714,#10722));
#10696=ORIENTED_EDGE('',*,*,#10697,.T.);
#10697=EDGE_CURVE('',#10698,#10700,#10702,.F.);
#10698=VERTEX_POINT('',#10699);
#10699=CARTESIAN_POINT('',(-3.358757211,4.065863992,3.446049412));
#10700=VERTEX_POINT('',#10701);
#10701=CARTESIAN_POINT('',(-3.358757211,4.065863992,3.996049412));
#10702=LINE('',#10703,#10704);
#10703=CARTESIAN_POINT('',(-3.358757211,4.065863992,4.046049412));
#10704=VECTOR('',#10705,1.0);
#10705=DIRECTION('',(-1.288856896E-16,1.288856896E-16,-1.0));
#10706=ORIENTED_EDGE('',*,*,#10707,.T.);
#10707=EDGE_CURVE('',#10700,#10708,#10710,.T.);
#10708=VERTEX_POINT('',#10709);
#10709=CARTESIAN_POINT('',(-3.181980515,3.889087297,3.996049412));
#10710=LINE('',#10711,#10712);
#10711=CARTESIAN_POINT('',(-3.146625176,3.853731957,3.996049412));
#10712=VECTOR('',#10713,1.0);
#10713=DIRECTION('',(0.707106781,-0.707106781,-1.822718903E-16));
#10714=ORIENTED_EDGE('',*,*,#10715,.T.);
#10715=EDGE_CURVE('',#10708,#10716,#10718,.F.);
#10716=VERTEX_POINT('',#10717);
#10717=CARTESIAN_POINT('',(-3.181980515,3.889087297,3.446049412));
#10718=LINE('',#10719,#10720);
#10719=CARTESIAN_POINT('',(-3.181980515,3.889087297,4.046049412));
#10720=VECTOR('',#10721,1.0);
#10721=DIRECTION('',(1.288856896E-16,-1.288856896E-16,1.0));
#10722=ORIENTED_EDGE('',*,*,#10723,.T.);
#10723=EDGE_CURVE('',#10716,#10698,#10724,.T.);
#10724=LINE('',#10725,#10726);
#10725=CARTESIAN_POINT('',(7.782414981,-7.0753082,3.446049412));
#10726=VECTOR('',#10727,1.0);
#10727=DIRECTION('',(-0.707106781,0.707106781,2.455856687E-16));
#10728=PLANE('',#10729);
#10729=AXIS2_PLACEMENT_3D('',#10730,#10731,#10732);
#10730=CARTESIAN_POINT('',(-3.146625176,3.853731957,13.060317844));
#10731=DIRECTION('',(0.707106781,0.707106781,0.0));
#10732=DIRECTION('',(-0.707106781,0.707106781,0.0));
#10733=ADVANCED_FACE('',(#10734),#10745,.F.);
#10734=FACE_BOUND('',#10735,.T.);
#10735=EDGE_LOOP('',(#10736,#10737,#10743,#10744));
#10736=ORIENTED_EDGE('',*,*,#10373,.F.);
#10737=ORIENTED_EDGE('',*,*,#10738,.T.);
#10738=EDGE_CURVE('',#10366,#10428,#10739,.T.);
#10739=LINE('',#10740,#10741);
#10740=CARTESIAN_POINT('',(-2.45,3.95,13.792479835));
#10741=VECTOR('',#10742,1.0);
#10742=DIRECTION('',(0.0,0.0,-1.0));
#10743=ORIENTED_EDGE('',*,*,#10427,.F.);
#10744=ORIENTED_EDGE('',*,*,#9783,.F.);
#10745=CYLINDRICAL_SURFACE('',#10746,0.328427125);
#10746=AXIS2_PLACEMENT_3D('',#10747,#10748,#10749);
#10747=CARTESIAN_POINT('',(-2.778427125,3.95,13.060317844));
#10748=DIRECTION('',(0.0,0.0,-1.0));
#10749=DIRECTION('',(-1.0,0.0,0.0));
#10750=ADVANCED_FACE('',(#10751),#10785,.F.);
#10751=FACE_BOUND('',#10752,.T.);
#10752=EDGE_LOOP('',(#10753,#10763,#10771,#10779));
#10753=ORIENTED_EDGE('',*,*,#10754,.T.);
#10754=EDGE_CURVE('',#10755,#10757,#10759,.T.);
#10755=VERTEX_POINT('',#10756);
#10756=CARTESIAN_POINT('',(3.181980515,3.889087297,3.446049412));
#10757=VERTEX_POINT('',#10758);
#10758=CARTESIAN_POINT('',(3.181980515,3.889087297,3.996049412));
#10759=LINE('',#10760,#10761);
#10760=CARTESIAN_POINT('',(3.181980515,3.889087297,0.3));
#10761=VECTOR('',#10762,1.0);
#10762=DIRECTION('',(-1.288856896E-16,-1.288856896E-16,1.0));
#10763=ORIENTED_EDGE('',*,*,#10764,.T.);
#10764=EDGE_CURVE('',#10757,#10765,#10767,.T.);
#10765=VERTEX_POINT('',#10766);
#10766=CARTESIAN_POINT('',(3.358757211,4.065863992,3.996049412));
#10767=LINE('',#10768,#10769);
#10768=CARTESIAN_POINT('',(3.358757211,4.065863992,3.996049412));
#10769=VECTOR('',#10770,1.0);
#10770=DIRECTION('',(0.707106781,0.707106781,1.822718903E-16));
#10771=ORIENTED_EDGE('',*,*,#10772,.T.);
#10772=EDGE_CURVE('',#10765,#10773,#10775,.F.);
#10773=VERTEX_POINT('',#10774);
#10774=CARTESIAN_POINT('',(3.358757211,4.065863992,3.446049412));
#10775=LINE('',#10776,#10777);
#10776=CARTESIAN_POINT('',(3.358757211,4.065863992,0.3));
#10777=VECTOR('',#10778,1.0);
#10778=DIRECTION('',(-1.288856896E-16,-1.288856896E-16,1.0));
#10779=ORIENTED_EDGE('',*,*,#10780,.T.);
#10780=EDGE_CURVE('',#10773,#10755,#10781,.F.);
#10781=LINE('',#10782,#10783);
#10782=CARTESIAN_POINT('',(-7.782414981,-7.0753082,3.446049412));
#10783=VECTOR('',#10784,1.0);
#10784=DIRECTION('',(0.707106781,0.707106781,2.455856687E-16));
#10785=PLANE('',#10786);
#10786=AXIS2_PLACEMENT_3D('',#10787,#10788,#10789);
#10787=CARTESIAN_POINT('',(3.146625176,3.853731957,13.060317844));
#10788=DIRECTION('',(0.707106781,-0.707106781,0.0));
#10789=DIRECTION('',(0.707106781,0.707106781,0.0));
#10790=ADVANCED_FACE('',(#10791),#10802,.F.);
#10791=FACE_BOUND('',#10792,.T.);
#10792=EDGE_LOOP('',(#10793,#10794,#10795,#10801));
#10793=ORIENTED_EDGE('',*,*,#9970,.F.);
#10794=ORIENTED_EDGE('',*,*,#10444,.F.);
#10795=ORIENTED_EDGE('',*,*,#10796,.T.);
#10796=EDGE_CURVE('',#10437,#10357,#10797,.F.);
#10797=LINE('',#10798,#10799);
#10798=CARTESIAN_POINT('',(2.45,3.95,13.792479835));
#10799=VECTOR('',#10800,1.0);
#10800=DIRECTION('',(0.0,0.0,-1.0));
#10801=ORIENTED_EDGE('',*,*,#10356,.F.);
#10802=CYLINDRICAL_SURFACE('',#10803,0.328427125);
#10803=AXIS2_PLACEMENT_3D('',#10804,#10805,#10806);
#10804=CARTESIAN_POINT('',(2.778427125,3.95,13.060317844));
#10805=DIRECTION('',(0.0,0.0,-1.0));
#10806=DIRECTION('',(-1.0,0.0,0.0));
#10807=ADVANCED_FACE('',(#10808),#10814,.T.);
#10808=FACE_BOUND('',#10809,.T.);
#10809=EDGE_LOOP('',(#10810,#10811,#10812,#10813));
#10810=ORIENTED_EDGE('',*,*,#10254,.F.);
#10811=ORIENTED_EDGE('',*,*,#9650,.F.);
#10812=ORIENTED_EDGE('',*,*,#10547,.F.);
#10813=ORIENTED_EDGE('',*,*,#10666,.F.);
#10814=PLANE('',#10815);
#10815=AXIS2_PLACEMENT_3D('',#10816,#10817,#10818);
#10816=CARTESIAN_POINT('',(-4.648924607,1.7,0.0));
#10817=DIRECTION('',(-7.176563633E-16,1.0,0.0));
#10818=DIRECTION('',(-1.0,-7.176563633E-16,0.0));
#10819=ADVANCED_FACE('',(#10820),#10826,.T.);
#10820=FACE_BOUND('',#10821,.T.);
#10821=EDGE_LOOP('',(#10822,#10823,#10824,#10825));
#10822=ORIENTED_EDGE('',*,*,#10318,.F.);
#10823=ORIENTED_EDGE('',*,*,#10681,.F.);
#10824=ORIENTED_EDGE('',*,*,#10483,.F.);
#10825=ORIENTED_EDGE('',*,*,#9734,.F.);
#10826=PLANE('',#10827);
#10827=AXIS2_PLACEMENT_3D('',#10828,#10829,#10830);
#10828=CARTESIAN_POINT('',(4.8,1.7,0.0));
#10829=DIRECTION('',(7.176563633E-16,1.0,0.0));
#10830=DIRECTION('',(-1.0,7.176563633E-16,0.0));
#10831=ADVANCED_FACE('',(#10832),#10923,.T.);
#10832=FACE_BOUND('',#10833,.T.);
#10833=EDGE_LOOP('',(#10834,#10842,#10843,#10851,#10860,#10868,#10875,#10876,#10885,#10893,#10902,#10908,#10909,#10917));
#10834=ORIENTED_EDGE('',*,*,#10835,.T.);
#10835=EDGE_CURVE('',#10836,#10147,#10838,.F.);
#10836=VERTEX_POINT('',#10837);
#10837=CARTESIAN_POINT('',(-2.45,5.875,0.8));
#10838=LINE('',#10839,#10840);
#10839=CARTESIAN_POINT('',(-2.45,5.875,0.1));
#10840=VECTOR('',#10841,1.0);
#10841=DIRECTION('',(0.0,-1.770125996E-16,1.0));
#10842=ORIENTED_EDGE('',*,*,#10173,.F.);
#10843=ORIENTED_EDGE('',*,*,#10844,.T.);
#10844=EDGE_CURVE('',#10166,#10845,#10847,.F.);
#10845=VERTEX_POINT('',#10846);
#10846=CARTESIAN_POINT('',(-2.45,4.390192379,-0.2));
#10847=LINE('',#10848,#10849);
#10848=CARTESIAN_POINT('',(-2.45,4.390192379,-0.2));
#10849=VECTOR('',#10850,1.0);
#10850=DIRECTION('',(0.0,1.0,2.227669547E-16));
#10851=ORIENTED_EDGE('',*,*,#10852,.T.);
#10852=EDGE_CURVE('',#10845,#10853,#10855,.F.);
#10853=VERTEX_POINT('',#10854);
#10854=CARTESIAN_POINT('',(-2.45,4.240192379,-0.159807621));
#10855=CIRCLE('',#10856,0.3);
#10856=AXIS2_PLACEMENT_3D('',#10857,#10858,#10859);
#10857=CARTESIAN_POINT('',(-2.45,4.390192379,0.1));
#10858=DIRECTION('',(1.0,0.0,0.0));
#10859=DIRECTION('',(0.0,1.0,1.770125996E-16));
#10860=ORIENTED_EDGE('',*,*,#10861,.T.);
#10861=EDGE_CURVE('',#10853,#10862,#10864,.F.);
#10862=VERTEX_POINT('',#10863);
#10863=CARTESIAN_POINT('',(-2.45,3.975,-0.00669873));
#10864=LINE('',#10865,#10866);
#10865=CARTESIAN_POINT('',(-2.45,3.975,-0.00669873));
#10866=VECTOR('',#10867,1.0);
#10867=DIRECTION('',(0.0,0.866025404,-0.5));
#10868=ORIENTED_EDGE('',*,*,#10869,.T.);
#10869=EDGE_CURVE('',#10862,#10428,#10870,.F.);
#10870=CIRCLE('',#10871,0.05);
#10871=AXIS2_PLACEMENT_3D('',#10872,#10873,#10874);
#10872=CARTESIAN_POINT('',(-2.45,3.95,-0.05));
#10873=DIRECTION('',(-1.0,0.0,0.0));
#10874=DIRECTION('',(0.0,1.0,1.770125996E-16));
#10875=ORIENTED_EDGE('',*,*,#10738,.F.);
#10876=ORIENTED_EDGE('',*,*,#10877,.T.);
#10877=EDGE_CURVE('',#10366,#10878,#10880,.F.);
#10878=VERTEX_POINT('',#10879);
#10879=CARTESIAN_POINT('',(-2.45,4.1,0.209807621));
#10880=CIRCLE('',#10881,0.3);
#10881=AXIS2_PLACEMENT_3D('',#10882,#10883,#10884);
#10882=CARTESIAN_POINT('',(-2.45,3.95,-0.05));
#10883=DIRECTION('',(1.0,0.0,0.0));
#10884=DIRECTION('',(0.0,0.0,-1.0));
#10885=ORIENTED_EDGE('',*,*,#10886,.T.);
#10886=EDGE_CURVE('',#10878,#10887,#10889,.T.);
#10887=VERTEX_POINT('',#10888);
#10888=CARTESIAN_POINT('',(-2.45,4.365192379,0.05669873));
#10889=LINE('',#10890,#10891);
#10890=CARTESIAN_POINT('',(-2.45,4.1,0.209807621));
#10891=VECTOR('',#10892,1.0);
#10892=DIRECTION('',(0.0,0.866025404,-0.5));
#10893=ORIENTED_EDGE('',*,*,#10894,.T.);
#10894=EDGE_CURVE('',#10887,#10895,#10897,.T.);
#10895=VERTEX_POINT('',#10896);
#10896=CARTESIAN_POINT('',(-2.45,4.390192379,0.05));
#10897=CIRCLE('',#10898,0.05);
#10898=AXIS2_PLACEMENT_3D('',#10899,#10900,#10901);
#10899=CARTESIAN_POINT('',(-2.45,4.390192379,0.1));
#10900=DIRECTION('',(1.0,0.0,0.0));
#10901=DIRECTION('',(0.0,0.0,-1.0));
#10902=ORIENTED_EDGE('',*,*,#10903,.T.);
#10903=EDGE_CURVE('',#10895,#10208,#10904,.T.);
#10904=LINE('',#10905,#10906);
#10905=CARTESIAN_POINT('',(-2.45,4.390192379,0.05));
#10906=VECTOR('',#10907,1.0);
#10907=DIRECTION('',(0.0,1.0,2.227669547E-16));
#10908=ORIENTED_EDGE('',*,*,#10207,.F.);
#10909=ORIENTED_EDGE('',*,*,#10910,.T.);
#10910=EDGE_CURVE('',#10200,#10911,#10913,.T.);
#10911=VERTEX_POINT('',#10912);
#10912=CARTESIAN_POINT('',(-2.45,5.625,0.8));
#10913=LINE('',#10914,#10915);
#10914=CARTESIAN_POINT('',(-2.45,5.625,0.1));
#10915=VECTOR('',#10916,1.0);
#10916=DIRECTION('',(0.0,-1.770125996E-16,1.0));
#10917=ORIENTED_EDGE('',*,*,#10918,.T.);
#10918=EDGE_CURVE('',#10911,#10836,#10919,.T.);
#10919=LINE('',#10920,#10921);
#10920=CARTESIAN_POINT('',(-2.45,5.875,0.8));
#10921=VECTOR('',#10922,1.0);
#10922=DIRECTION('',(0.0,1.0,1.770125996E-16));
#10923=PLANE('',#10924);
#10924=AXIS2_PLACEMENT_3D('',#10925,#10926,#10927);
#10925=CARTESIAN_POINT('',(-2.45,5.875,0.1));
#10926=DIRECTION('',(-1.0,0.0,0.0));
#10927=DIRECTION('',(0.0,-1.770125996E-16,1.0));
#10928=ADVANCED_FACE('',(#10929),#10954,.T.);
#10929=FACE_BOUND('',#10930,.T.);
#10930=EDGE_LOOP('',(#10931,#10932,#10940,#10948));
#10931=ORIENTED_EDGE('',*,*,#10918,.F.);
#10932=ORIENTED_EDGE('',*,*,#10933,.T.);
#10933=EDGE_CURVE('',#10911,#10934,#10936,.T.);
#10934=VERTEX_POINT('',#10935);
#10935=CARTESIAN_POINT('',(2.45,5.625,0.8));
#10936=LINE('',#10937,#10938);
#10937=CARTESIAN_POINT('',(-2.45,5.625,0.8));
#10938=VECTOR('',#10939,1.0);
#10939=DIRECTION('',(1.0,0.0,0.0));
#10940=ORIENTED_EDGE('',*,*,#10941,.T.);
#10941=EDGE_CURVE('',#10934,#10942,#10944,.T.);
#10942=VERTEX_POINT('',#10943);
#10943=CARTESIAN_POINT('',(2.45,5.875,0.8));
#10944=LINE('',#10945,#10946);
#10945=CARTESIAN_POINT('',(2.45,5.875,0.8));
#10946=VECTOR('',#10947,1.0);
#10947=DIRECTION('',(0.0,1.0,1.770125996E-16));
#10948=ORIENTED_EDGE('',*,*,#10949,.T.);
#10949=EDGE_CURVE('',#10942,#10836,#10950,.F.);
#10950=LINE('',#10951,#10952);
#10951=CARTESIAN_POINT('',(-2.45,5.875,0.8));
#10952=VECTOR('',#10953,1.0);
#10953=DIRECTION('',(1.0,0.0,0.0));
#10954=PLANE('',#10955);
#10955=AXIS2_PLACEMENT_3D('',#10956,#10957,#10958);
#10956=CARTESIAN_POINT('',(-2.45,5.875,0.8));
#10957=DIRECTION('',(0.0,-1.770125996E-16,1.0));
#10958=DIRECTION('',(1.0,0.0,0.0));
#10959=ADVANCED_FACE('',(#10960),#11062,.T.);
#10960=FACE_BOUND('',#10961,.T.);
#10961=EDGE_LOOP('',(#10962,#10971,#10979,#10988,#10996,#11005,#11011,#11012,#11020,#11029,#11037,#11046,#11054,#11061));
#10962=ORIENTED_EDGE('',*,*,#10963,.T.);
#10963=EDGE_CURVE('',#10437,#10964,#10966,.T.);
#10964=VERTEX_POINT('',#10965);
#10965=CARTESIAN_POINT('',(2.45,3.975,-0.00669873));
#10966=CIRCLE('',#10967,0.05);
#10967=AXIS2_PLACEMENT_3D('',#10968,#10969,#10970);
#10968=CARTESIAN_POINT('',(2.45,3.95,-0.05));
#10969=DIRECTION('',(-1.0,0.0,0.0));
#10970=DIRECTION('',(0.0,1.0,1.770125996E-16));
#10971=ORIENTED_EDGE('',*,*,#10972,.T.);
#10972=EDGE_CURVE('',#10964,#10973,#10975,.T.);
#10973=VERTEX_POINT('',#10974);
#10974=CARTESIAN_POINT('',(2.45,4.240192379,-0.159807621));
#10975=LINE('',#10976,#10977);
#10976=CARTESIAN_POINT('',(2.45,3.975,-0.00669873));
#10977=VECTOR('',#10978,1.0);
#10978=DIRECTION('',(0.0,0.866025404,-0.5));
#10979=ORIENTED_EDGE('',*,*,#10980,.T.);
#10980=EDGE_CURVE('',#10973,#10981,#10983,.T.);
#10981=VERTEX_POINT('',#10982);
#10982=CARTESIAN_POINT('',(2.45,4.390192379,-0.2));
#10983=CIRCLE('',#10984,0.3);
#10984=AXIS2_PLACEMENT_3D('',#10985,#10986,#10987);
#10985=CARTESIAN_POINT('',(2.45,4.390192379,0.1));
#10986=DIRECTION('',(1.0,0.0,0.0));
#10987=DIRECTION('',(0.0,1.0,1.770125996E-16));
#10988=ORIENTED_EDGE('',*,*,#10989,.T.);
#10989=EDGE_CURVE('',#10981,#10990,#10992,.T.);
#10990=VERTEX_POINT('',#10991);
#10991=CARTESIAN_POINT('',(2.45,5.575,-0.2));
#10992=LINE('',#10993,#10994);
#10993=CARTESIAN_POINT('',(2.45,4.390192379,-0.2));
#10994=VECTOR('',#10995,1.0);
#10995=DIRECTION('',(0.0,1.0,2.227669547E-16));
#10996=ORIENTED_EDGE('',*,*,#10997,.T.);
#10997=EDGE_CURVE('',#10990,#10998,#11000,.T.);
#10998=VERTEX_POINT('',#10999);
#10999=CARTESIAN_POINT('',(2.45,5.875,0.1));
#11000=CIRCLE('',#11001,0.3);
#11001=AXIS2_PLACEMENT_3D('',#11002,#11003,#11004);
#11002=CARTESIAN_POINT('',(2.45,5.575,0.1));
#11003=DIRECTION('',(1.0,0.0,0.0));
#11004=DIRECTION('',(0.0,-1.0,-1.770125996E-16));
#11005=ORIENTED_EDGE('',*,*,#11006,.T.);
#11006=EDGE_CURVE('',#10998,#10942,#11007,.T.);
#11007=LINE('',#11008,#11009);
#11008=CARTESIAN_POINT('',(2.45,5.875,0.1));
#11009=VECTOR('',#11010,1.0);
#11010=DIRECTION('',(0.0,-1.770125996E-16,1.0));
#11011=ORIENTED_EDGE('',*,*,#10941,.F.);
#11012=ORIENTED_EDGE('',*,*,#11013,.T.);
#11013=EDGE_CURVE('',#10934,#11014,#11016,.F.);
#11014=VERTEX_POINT('',#11015);
#11015=CARTESIAN_POINT('',(2.45,5.625,0.1));
#11016=LINE('',#11017,#11018);
#11017=CARTESIAN_POINT('',(2.45,5.625,0.1));
#11018=VECTOR('',#11019,1.0);
#11019=DIRECTION('',(0.0,-1.770125996E-16,1.0));
#11020=ORIENTED_EDGE('',*,*,#11021,.T.);
#11021=EDGE_CURVE('',#11014,#11022,#11024,.F.);
#11022=VERTEX_POINT('',#11023);
#11023=CARTESIAN_POINT('',(2.45,5.575,0.05));
#11024=CIRCLE('',#11025,0.05);
#11025=AXIS2_PLACEMENT_3D('',#11026,#11027,#11028);
#11026=CARTESIAN_POINT('',(2.45,5.575,0.1));
#11027=DIRECTION('',(1.0,0.0,0.0));
#11028=DIRECTION('',(0.0,0.0,-1.0));
#11029=ORIENTED_EDGE('',*,*,#11030,.T.);
#11030=EDGE_CURVE('',#11022,#11031,#11033,.F.);
#11031=VERTEX_POINT('',#11032);
#11032=CARTESIAN_POINT('',(2.45,4.390192379,0.05));
#11033=LINE('',#11034,#11035);
#11034=CARTESIAN_POINT('',(2.45,4.390192379,0.05));
#11035=VECTOR('',#11036,1.0);
#11036=DIRECTION('',(0.0,1.0,2.227669547E-16));
#11037=ORIENTED_EDGE('',*,*,#11038,.T.);
#11038=EDGE_CURVE('',#11031,#11039,#11041,.F.);
#11039=VERTEX_POINT('',#11040);
#11040=CARTESIAN_POINT('',(2.45,4.365192379,0.05669873));
#11041=CIRCLE('',#11042,0.05);
#11042=AXIS2_PLACEMENT_3D('',#11043,#11044,#11045);
#11043=CARTESIAN_POINT('',(2.45,4.390192379,0.1));
#11044=DIRECTION('',(1.0,0.0,0.0));
#11045=DIRECTION('',(0.0,0.0,-1.0));
#11046=ORIENTED_EDGE('',*,*,#11047,.T.);
#11047=EDGE_CURVE('',#11039,#11048,#11050,.F.);
#11048=VERTEX_POINT('',#11049);
#11049=CARTESIAN_POINT('',(2.45,4.1,0.209807621));
#11050=LINE('',#11051,#11052);
#11051=CARTESIAN_POINT('',(2.45,4.1,0.209807621));
#11052=VECTOR('',#11053,1.0);
#11053=DIRECTION('',(0.0,0.866025404,-0.5));
#11054=ORIENTED_EDGE('',*,*,#11055,.T.);
#11055=EDGE_CURVE('',#11048,#10357,#11056,.T.);
#11056=CIRCLE('',#11057,0.3);
#11057=AXIS2_PLACEMENT_3D('',#11058,#11059,#11060);
#11058=CARTESIAN_POINT('',(2.45,3.95,-0.05));
#11059=DIRECTION('',(1.0,0.0,0.0));
#11060=DIRECTION('',(0.0,0.0,-1.0));
#11061=ORIENTED_EDGE('',*,*,#10796,.F.);
#11062=PLANE('',#11063);
#11063=AXIS2_PLACEMENT_3D('',#11064,#11065,#11066);
#11064=CARTESIAN_POINT('',(2.45,3.95,-0.05));
#11065=DIRECTION('',(1.0,0.0,0.0));
#11066=DIRECTION('',(0.0,0.0,-1.0));
#11067=ADVANCED_FACE('',(#11068),#11079,.F.);
#11068=FACE_BOUND('',#11069,.T.);
#11069=EDGE_LOOP('',(#11070,#11071,#11072,#11073));
#11070=ORIENTED_EDGE('',*,*,#10963,.F.);
#11071=ORIENTED_EDGE('',*,*,#10436,.F.);
#11072=ORIENTED_EDGE('',*,*,#10869,.F.);
#11073=ORIENTED_EDGE('',*,*,#11074,.T.);
#11074=EDGE_CURVE('',#10862,#10964,#11075,.T.);
#11075=LINE('',#11076,#11077);
#11076=CARTESIAN_POINT('',(-2.45,3.975,-0.00669873));
#11077=VECTOR('',#11078,1.0);
#11078=DIRECTION('',(1.0,0.0,0.0));
#11079=CYLINDRICAL_SURFACE('',#11080,0.05);
#11080=AXIS2_PLACEMENT_3D('',#11081,#11082,#11083);
#11081=CARTESIAN_POINT('',(-2.45,3.95,-0.05));
#11082=DIRECTION('',(1.0,0.0,0.0));
#11083=DIRECTION('',(0.0,0.0,-1.0));
#11084=ADVANCED_FACE('',(#11085),#11096,.T.);
#11085=FACE_BOUND('',#11086,.T.);
#11086=EDGE_LOOP('',(#11087,#11088,#11089,#11090));
#11087=ORIENTED_EDGE('',*,*,#10972,.F.);
#11088=ORIENTED_EDGE('',*,*,#11074,.F.);
#11089=ORIENTED_EDGE('',*,*,#10861,.F.);
#11090=ORIENTED_EDGE('',*,*,#11091,.T.);
#11091=EDGE_CURVE('',#10853,#10973,#11092,.T.);
#11092=LINE('',#11093,#11094);
#11093=CARTESIAN_POINT('',(-2.45,4.240192379,-0.159807621));
#11094=VECTOR('',#11095,1.0);
#11095=DIRECTION('',(1.0,0.0,0.0));
#11096=PLANE('',#11097);
#11097=AXIS2_PLACEMENT_3D('',#11098,#11099,#11100);
#11098=CARTESIAN_POINT('',(-2.45,3.975,-0.00669873));
#11099=DIRECTION('',(0.0,-0.5,-0.866025404));
#11100=DIRECTION('',(0.0,0.866025404,-0.5));
#11101=ADVANCED_FACE('',(#11102),#11113,.T.);
#11102=FACE_BOUND('',#11103,.T.);
#11103=EDGE_LOOP('',(#11104,#11105,#11106,#11107));
#11104=ORIENTED_EDGE('',*,*,#10980,.F.);
#11105=ORIENTED_EDGE('',*,*,#11091,.F.);
#11106=ORIENTED_EDGE('',*,*,#10852,.F.);
#11107=ORIENTED_EDGE('',*,*,#11108,.T.);
#11108=EDGE_CURVE('',#10845,#10981,#11109,.T.);
#11109=LINE('',#11110,#11111);
#11110=CARTESIAN_POINT('',(-2.45,4.390192379,-0.2));
#11111=VECTOR('',#11112,1.0);
#11112=DIRECTION('',(1.0,0.0,0.0));
#11113=CYLINDRICAL_SURFACE('',#11114,0.3);
#11114=AXIS2_PLACEMENT_3D('',#11115,#11116,#11117);
#11115=CARTESIAN_POINT('',(-2.45,4.390192379,0.1));
#11116=DIRECTION('',(1.0,0.0,0.0));
#11117=DIRECTION('',(0.0,0.0,-1.0));
#11118=ADVANCED_FACE('',(#11119),#11162,.T.);
#11119=FACE_BOUND('',#11120,.T.);
#11120=EDGE_LOOP('',(#11121,#11131,#11137,#11138,#11139,#11140,#11141,#11147,#11148,#11156));
#11121=ORIENTED_EDGE('',*,*,#11122,.T.);
#11122=EDGE_CURVE('',#11123,#11125,#11127,.T.);
#11123=VERTEX_POINT('',#11124);
#11124=CARTESIAN_POINT('',(0.5,4.95,-0.2));
#11125=VERTEX_POINT('',#11126);
#11126=CARTESIAN_POINT('',(0.5,5.575,-0.2));
#11127=LINE('',#11128,#11129);
#11128=CARTESIAN_POINT('',(0.5,4.95,-0.2));
#11129=VECTOR('',#11130,1.0);
#11130=DIRECTION('',(0.0,1.0,0.0));
#11131=ORIENTED_EDGE('',*,*,#11132,.T.);
#11132=EDGE_CURVE('',#11125,#10990,#11133,.T.);
#11133=LINE('',#11134,#11135);
#11134=CARTESIAN_POINT('',(-2.45,5.575,-0.2));
#11135=VECTOR('',#11136,1.0);
#11136=DIRECTION('',(1.0,0.0,0.0));
#11137=ORIENTED_EDGE('',*,*,#10989,.F.);
#11138=ORIENTED_EDGE('',*,*,#11108,.F.);
#11139=ORIENTED_EDGE('',*,*,#10844,.F.);
#11140=ORIENTED_EDGE('',*,*,#10165,.F.);
#11141=ORIENTED_EDGE('',*,*,#11142,.T.);
#11142=EDGE_CURVE('',#10157,#10117,#11143,.F.);
#11143=LINE('',#11144,#11145);
#11144=CARTESIAN_POINT('',(-0.5,4.95,-0.2));
#11145=VECTOR('',#11146,1.0);
#11146=DIRECTION('',(0.0,1.0,0.0));
#11147=ORIENTED_EDGE('',*,*,#10116,.F.);
#11148=ORIENTED_EDGE('',*,*,#11149,.T.);
#11149=EDGE_CURVE('',#10109,#11150,#11152,.T.);
#11150=VERTEX_POINT('',#11151);
#11151=CARTESIAN_POINT('',(0.498,4.95,-0.2));
#11152=LINE('',#11153,#11154);
#11153=CARTESIAN_POINT('',(-0.498,4.95,-0.2));
#11154=VECTOR('',#11155,1.0);
#11155=DIRECTION('',(1.0,0.0,0.0));
#11156=ORIENTED_EDGE('',*,*,#11157,.T.);
#11157=EDGE_CURVE('',#11150,#11123,#11158,.F.);
#11158=LINE('',#11159,#11160);
#11159=CARTESIAN_POINT('',(0.5,4.95,-0.2));
#11160=VECTOR('',#11161,1.0);
#11161=DIRECTION('',(-1.0,0.0,0.0));
#11162=PLANE('',#11163);
#11163=AXIS2_PLACEMENT_3D('',#11164,#11165,#11166);
#11164=CARTESIAN_POINT('',(-2.45,4.390192379,-0.2));
#11165=DIRECTION('',(0.0,2.227669547E-16,-1.0));
#11166=DIRECTION('',(0.0,1.0,2.227669547E-16));
#11167=ADVANCED_FACE('',(#11168),#11187,.T.);
#11168=FACE_BOUND('',#11169,.T.);
#11169=EDGE_LOOP('',(#11170,#11179,#11185,#11186));
#11170=ORIENTED_EDGE('',*,*,#11171,.T.);
#11171=EDGE_CURVE('',#11125,#11172,#11174,.T.);
#11172=VERTEX_POINT('',#11173);
#11173=CARTESIAN_POINT('',(0.5,5.875,0.1));
#11174=CIRCLE('',#11175,0.3);
#11175=AXIS2_PLACEMENT_3D('',#11176,#11177,#11178);
#11176=CARTESIAN_POINT('',(0.5,5.575,0.1));
#11177=DIRECTION('',(1.0,0.0,0.0));
#11178=DIRECTION('',(0.0,0.0,-1.0));
#11179=ORIENTED_EDGE('',*,*,#11180,.T.);
#11180=EDGE_CURVE('',#11172,#10998,#11181,.T.);
#11181=LINE('',#11182,#11183);
#11182=CARTESIAN_POINT('',(-2.45,5.875,0.1));
#11183=VECTOR('',#11184,1.0);
#11184=DIRECTION('',(1.0,0.0,0.0));
#11185=ORIENTED_EDGE('',*,*,#10997,.F.);
#11186=ORIENTED_EDGE('',*,*,#11132,.F.);
#11187=CYLINDRICAL_SURFACE('',#11188,0.3);
#11188=AXIS2_PLACEMENT_3D('',#11189,#11190,#11191);
#11189=CARTESIAN_POINT('',(-2.45,5.575,0.1));
#11190=DIRECTION('',(1.0,0.0,0.0));
#11191=DIRECTION('',(0.0,0.0,-1.0));
#11192=ADVANCED_FACE('',(#11193),#11222,.T.);
#11193=FACE_BOUND('',#11194,.T.);
#11194=EDGE_LOOP('',(#11195,#11203,#11211,#11217,#11218,#11219,#11220,#11221));
#11195=ORIENTED_EDGE('',*,*,#11196,.T.);
#11196=EDGE_CURVE('',#11172,#11197,#11199,.T.);
#11197=VERTEX_POINT('',#11198);
#11198=CARTESIAN_POINT('',(0.5,5.875,0.322176377));
#11199=LINE('',#11200,#11201);
#11200=CARTESIAN_POINT('',(0.5,5.875,-0.2));
#11201=VECTOR('',#11202,1.0);
#11202=DIRECTION('',(0.0,-1.661051276E-15,1.0));
#11203=ORIENTED_EDGE('',*,*,#11204,.T.);
#11204=EDGE_CURVE('',#11197,#11205,#11207,.T.);
#11205=VERTEX_POINT('',#11206);
#11206=CARTESIAN_POINT('',(-0.5,5.875,0.322176377));
#11207=LINE('',#11208,#11209);
#11208=CARTESIAN_POINT('',(0.5,5.875,0.322176377));
#11209=VECTOR('',#11210,1.0);
#11210=DIRECTION('',(-1.0,0.0,0.0));
#11211=ORIENTED_EDGE('',*,*,#11212,.T.);
#11212=EDGE_CURVE('',#11205,#10149,#11213,.F.);
#11213=LINE('',#11214,#11215);
#11214=CARTESIAN_POINT('',(-0.5,5.875,-0.2));
#11215=VECTOR('',#11216,1.0);
#11216=DIRECTION('',(0.0,-1.661051276E-15,1.0));
#11217=ORIENTED_EDGE('',*,*,#10146,.F.);
#11218=ORIENTED_EDGE('',*,*,#10835,.F.);
#11219=ORIENTED_EDGE('',*,*,#10949,.F.);
#11220=ORIENTED_EDGE('',*,*,#11006,.F.);
#11221=ORIENTED_EDGE('',*,*,#11180,.F.);
#11222=PLANE('',#11223);
#11223=AXIS2_PLACEMENT_3D('',#11224,#11225,#11226);
#11224=CARTESIAN_POINT('',(-2.45,5.875,0.1));
#11225=DIRECTION('',(0.0,1.0,1.770125996E-16));
#11226=DIRECTION('',(0.0,-1.770125996E-16,1.0));
#11227=ADVANCED_FACE('',(#11228),#11239,.T.);
#11228=FACE_BOUND('',#11229,.T.);
#11229=EDGE_LOOP('',(#11230,#11231,#11237,#11238));
#11230=ORIENTED_EDGE('',*,*,#11055,.F.);
#11231=ORIENTED_EDGE('',*,*,#11232,.T.);
#11232=EDGE_CURVE('',#11048,#10878,#11233,.F.);
#11233=LINE('',#11234,#11235);
#11234=CARTESIAN_POINT('',(-2.45,4.1,0.209807621));
#11235=VECTOR('',#11236,1.0);
#11236=DIRECTION('',(1.0,0.0,0.0));
#11237=ORIENTED_EDGE('',*,*,#10877,.F.);
#11238=ORIENTED_EDGE('',*,*,#10365,.F.);
#11239=CYLINDRICAL_SURFACE('',#11240,0.3);
#11240=AXIS2_PLACEMENT_3D('',#11241,#11242,#11243);
#11241=CARTESIAN_POINT('',(-2.45,3.95,-0.05));
#11242=DIRECTION('',(1.0,0.0,0.0));
#11243=DIRECTION('',(0.0,0.0,-1.0));
#11244=ADVANCED_FACE('',(#11245),#11256,.F.);
#11245=FACE_BOUND('',#11246,.T.);
#11246=EDGE_LOOP('',(#11247,#11248,#11254,#11255));
#11247=ORIENTED_EDGE('',*,*,#11047,.F.);
#11248=ORIENTED_EDGE('',*,*,#11249,.T.);
#11249=EDGE_CURVE('',#11039,#10887,#11250,.F.);
#11250=LINE('',#11251,#11252);
#11251=CARTESIAN_POINT('',(-2.45,4.365192379,0.05669873));
#11252=VECTOR('',#11253,1.0);
#11253=DIRECTION('',(1.0,0.0,0.0));
#11254=ORIENTED_EDGE('',*,*,#10886,.F.);
#11255=ORIENTED_EDGE('',*,*,#11232,.F.);
#11256=PLANE('',#11257);
#11257=AXIS2_PLACEMENT_3D('',#11258,#11259,#11260);
#11258=CARTESIAN_POINT('',(-2.45,4.1,0.209807621));
#11259=DIRECTION('',(0.0,-0.5,-0.866025404));
#11260=DIRECTION('',(0.0,0.866025404,-0.5));
#11261=ADVANCED_FACE('',(#11262),#11273,.F.);
#11262=FACE_BOUND('',#11263,.T.);
#11263=EDGE_LOOP('',(#11264,#11265,#11271,#11272));
#11264=ORIENTED_EDGE('',*,*,#11038,.F.);
#11265=ORIENTED_EDGE('',*,*,#11266,.T.);
#11266=EDGE_CURVE('',#11031,#10895,#11267,.F.);
#11267=LINE('',#11268,#11269);
#11268=CARTESIAN_POINT('',(-2.45,4.390192379,0.05));
#11269=VECTOR('',#11270,1.0);
#11270=DIRECTION('',(1.0,0.0,0.0));
#11271=ORIENTED_EDGE('',*,*,#10894,.F.);
#11272=ORIENTED_EDGE('',*,*,#11249,.F.);
#11273=CYLINDRICAL_SURFACE('',#11274,0.05);
#11274=AXIS2_PLACEMENT_3D('',#11275,#11276,#11277);
#11275=CARTESIAN_POINT('',(-2.45,4.390192379,0.1));
#11276=DIRECTION('',(1.0,0.0,0.0));
#11277=DIRECTION('',(0.0,0.0,-1.0));
#11278=ADVANCED_FACE('',(#11279),#11322,.F.);
#11279=FACE_BOUND('',#11280,.T.);
#11280=EDGE_LOOP('',(#11281,#11289,#11297,#11305,#11311,#11312,#11318,#11319,#11320,#11321));
#11281=ORIENTED_EDGE('',*,*,#11282,.T.);
#11282=EDGE_CURVE('',#11022,#11283,#11285,.F.);
#11283=VERTEX_POINT('',#11284);
#11284=CARTESIAN_POINT('',(0.5,5.575,0.05));
#11285=LINE('',#11286,#11287);
#11286=CARTESIAN_POINT('',(-2.45,5.575,0.05));
#11287=VECTOR('',#11288,1.0);
#11288=DIRECTION('',(1.0,0.0,0.0));
#11289=ORIENTED_EDGE('',*,*,#11290,.T.);
#11290=EDGE_CURVE('',#11283,#11291,#11293,.T.);
#11291=VERTEX_POINT('',#11292);
#11292=CARTESIAN_POINT('',(0.5,4.95,0.05));
#11293=LINE('',#11294,#11295);
#11294=CARTESIAN_POINT('',(0.5,4.390192379,0.05));
#11295=VECTOR('',#11296,1.0);
#11296=DIRECTION('',(0.0,-1.0,-2.227669547E-16));
#11297=ORIENTED_EDGE('',*,*,#11298,.T.);
#11298=EDGE_CURVE('',#11291,#11299,#11301,.F.);
#11299=VERTEX_POINT('',#11300);
#11300=CARTESIAN_POINT('',(0.498,4.95,0.05));
#11301=LINE('',#11302,#11303);
#11302=CARTESIAN_POINT('',(-2.45,4.95,0.05));
#11303=VECTOR('',#11304,1.0);
#11304=DIRECTION('',(1.0,0.0,0.0));
#11305=ORIENTED_EDGE('',*,*,#11306,.T.);
#11306=EDGE_CURVE('',#11299,#10107,#11307,.F.);
#11307=LINE('',#11308,#11309);
#11308=CARTESIAN_POINT('',(-0.498,4.95,0.05));
#11309=VECTOR('',#11310,1.0);
#11310=DIRECTION('',(1.0,0.0,0.0));
#11311=ORIENTED_EDGE('',*,*,#10132,.F.);
#11312=ORIENTED_EDGE('',*,*,#11313,.T.);
#11313=EDGE_CURVE('',#10125,#10189,#11314,.F.);
#11314=LINE('',#11315,#11316);
#11315=CARTESIAN_POINT('',(-0.5,4.390192379,0.05));
#11316=VECTOR('',#11317,1.0);
#11317=DIRECTION('',(0.0,-1.0,-2.227669547E-16));
#11318=ORIENTED_EDGE('',*,*,#10216,.F.);
#11319=ORIENTED_EDGE('',*,*,#10903,.F.);
#11320=ORIENTED_EDGE('',*,*,#11266,.F.);
#11321=ORIENTED_EDGE('',*,*,#11030,.F.);
#11322=PLANE('',#11323);
#11323=AXIS2_PLACEMENT_3D('',#11324,#11325,#11326);
#11324=CARTESIAN_POINT('',(-2.45,4.390192379,0.05));
#11325=DIRECTION('',(0.0,2.227669547E-16,-1.0));
#11326=DIRECTION('',(0.0,1.0,2.227669547E-16));
#11327=ADVANCED_FACE('',(#11328),#11347,.F.);
#11328=FACE_BOUND('',#11329,.T.);
#11329=EDGE_LOOP('',(#11330,#11338,#11345,#11346));
#11330=ORIENTED_EDGE('',*,*,#11331,.T.);
#11331=EDGE_CURVE('',#11014,#11332,#11334,.F.);
#11332=VERTEX_POINT('',#11333);
#11333=CARTESIAN_POINT('',(0.5,5.625,0.1));
#11334=LINE('',#11335,#11336);
#11335=CARTESIAN_POINT('',(-2.45,5.625,0.1));
#11336=VECTOR('',#11337,1.0);
#11337=DIRECTION('',(1.0,0.0,0.0));
#11338=ORIENTED_EDGE('',*,*,#11339,.T.);
#11339=EDGE_CURVE('',#11332,#11283,#11340,.F.);
#11340=CIRCLE('',#11341,0.05);
#11341=AXIS2_PLACEMENT_3D('',#11342,#11343,#11344);
#11342=CARTESIAN_POINT('',(0.5,5.575,0.1));
#11343=DIRECTION('',(1.0,0.0,0.0));
#11344=DIRECTION('',(0.0,0.0,-1.0));
#11345=ORIENTED_EDGE('',*,*,#11282,.F.);
#11346=ORIENTED_EDGE('',*,*,#11021,.F.);
#11347=CYLINDRICAL_SURFACE('',#11348,0.05);
#11348=AXIS2_PLACEMENT_3D('',#11349,#11350,#11351);
#11349=CARTESIAN_POINT('',(-2.45,5.575,0.1));
#11350=DIRECTION('',(1.0,0.0,0.0));
#11351=DIRECTION('',(0.0,0.0,-1.0));
#11352=ADVANCED_FACE('',(#11353),#11382,.F.);
#11353=FACE_BOUND('',#11354,.T.);
#11354=EDGE_LOOP('',(#11355,#11365,#11371,#11372,#11373,#11374,#11375,#11376));
#11355=ORIENTED_EDGE('',*,*,#11356,.T.);
#11356=EDGE_CURVE('',#11357,#11359,#11361,.F.);
#11357=VERTEX_POINT('',#11358);
#11358=CARTESIAN_POINT('',(-0.5,5.625,0.322176377));
#11359=VERTEX_POINT('',#11360);
#11360=CARTESIAN_POINT('',(0.5,5.625,0.322176377));
#11361=LINE('',#11362,#11363);
#11362=CARTESIAN_POINT('',(-2.45,5.625,0.322176377));
#11363=VECTOR('',#11364,1.0);
#11364=DIRECTION('',(-1.0,0.0,0.0));
#11365=ORIENTED_EDGE('',*,*,#11366,.T.);
#11366=EDGE_CURVE('',#11359,#11332,#11367,.T.);
#11367=LINE('',#11368,#11369);
#11368=CARTESIAN_POINT('',(0.5,5.625,0.1));
#11369=VECTOR('',#11370,1.0);
#11370=DIRECTION('',(0.0,1.770125996E-16,-1.0));
#11371=ORIENTED_EDGE('',*,*,#11331,.F.);
#11372=ORIENTED_EDGE('',*,*,#11013,.F.);
#11373=ORIENTED_EDGE('',*,*,#10933,.F.);
#11374=ORIENTED_EDGE('',*,*,#10910,.F.);
#11375=ORIENTED_EDGE('',*,*,#10199,.F.);
#11376=ORIENTED_EDGE('',*,*,#11377,.T.);
#11377=EDGE_CURVE('',#10191,#11357,#11378,.F.);
#11378=LINE('',#11379,#11380);
#11379=CARTESIAN_POINT('',(-0.5,5.625,0.1));
#11380=VECTOR('',#11381,1.0);
#11381=DIRECTION('',(0.0,1.770125996E-16,-1.0));
#11382=PLANE('',#11383);
#11383=AXIS2_PLACEMENT_3D('',#11384,#11385,#11386);
#11384=CARTESIAN_POINT('',(-2.45,5.625,0.1));
#11385=DIRECTION('',(0.0,1.0,1.770125996E-16));
#11386=DIRECTION('',(0.0,-1.770125996E-16,1.0));
#11387=ADVANCED_FACE('',(#11388),#11404,.T.);
#11388=FACE_BOUND('',#11389,.T.);
#11389=EDGE_LOOP('',(#11390,#11396,#11397,#11403));
#11390=ORIENTED_EDGE('',*,*,#11391,.T.);
#11391=EDGE_CURVE('',#11150,#11299,#11392,.F.);
#11392=LINE('',#11393,#11394);
#11393=CARTESIAN_POINT('',(0.498,4.95,-0.2));
#11394=VECTOR('',#11395,1.0);
#11395=DIRECTION('',(0.0,2.891205793E-15,-1.0));
#11396=ORIENTED_EDGE('',*,*,#11298,.F.);
#11397=ORIENTED_EDGE('',*,*,#11398,.T.);
#11398=EDGE_CURVE('',#11291,#11123,#11399,.T.);
#11399=LINE('',#11400,#11401);
#11400=CARTESIAN_POINT('',(0.5,4.95,0.322176377));
#11401=VECTOR('',#11402,1.0);
#11402=DIRECTION('',(0.0,0.0,-1.0));
#11403=ORIENTED_EDGE('',*,*,#11157,.F.);
#11404=PLANE('',#11405);
#11405=AXIS2_PLACEMENT_3D('',#11406,#11407,#11408);
#11406=CARTESIAN_POINT('',(0.5,4.95,0.322176377));
#11407=DIRECTION('',(0.0,1.0,0.0));
#11408=DIRECTION('',(0.0,0.0,1.0));
#11409=ADVANCED_FACE('',(#11410),#11426,.T.);
#11410=FACE_BOUND('',#11411,.T.);
#11411=EDGE_LOOP('',(#11412,#11413,#11419,#11420));
#11412=ORIENTED_EDGE('',*,*,#11356,.F.);
#11413=ORIENTED_EDGE('',*,*,#11414,.T.);
#11414=EDGE_CURVE('',#11357,#11205,#11415,.F.);
#11415=LINE('',#11416,#11417);
#11416=CARTESIAN_POINT('',(-0.5,5.875,0.322176377));
#11417=VECTOR('',#11418,1.0);
#11418=DIRECTION('',(0.0,-1.0,-1.172110457E-16));
#11419=ORIENTED_EDGE('',*,*,#11204,.F.);
#11420=ORIENTED_EDGE('',*,*,#11421,.T.);
#11421=EDGE_CURVE('',#11197,#11359,#11422,.T.);
#11422=LINE('',#11423,#11424);
#11423=CARTESIAN_POINT('',(0.5,5.875,0.322176377));
#11424=VECTOR('',#11425,1.0);
#11425=DIRECTION('',(0.0,-1.0,-1.172110457E-16));
#11426=PLANE('',#11427);
#11427=AXIS2_PLACEMENT_3D('',#11428,#11429,#11430);
#11428=CARTESIAN_POINT('',(0.5,5.875,0.322176377));
#11429=DIRECTION('',(0.0,1.172110457E-16,-1.0));
#11430=DIRECTION('',(0.0,1.0,1.172110457E-16));
#11431=ADVANCED_FACE('',(#11432),#11442,.F.);
#11432=FACE_BOUND('',#11433,.T.);
#11433=EDGE_LOOP('',(#11434,#11435,#11436,#11437,#11438,#11439,#11440,#11441));
#11434=ORIENTED_EDGE('',*,*,#11171,.F.);
#11435=ORIENTED_EDGE('',*,*,#11122,.F.);
#11436=ORIENTED_EDGE('',*,*,#11398,.F.);
#11437=ORIENTED_EDGE('',*,*,#11290,.F.);
#11438=ORIENTED_EDGE('',*,*,#11339,.F.);
#11439=ORIENTED_EDGE('',*,*,#11366,.F.);
#11440=ORIENTED_EDGE('',*,*,#11421,.F.);
#11441=ORIENTED_EDGE('',*,*,#11196,.F.);
#11442=PLANE('',#11443);
#11443=AXIS2_PLACEMENT_3D('',#11444,#11445,#11446);
#11444=CARTESIAN_POINT('',(0.5,0.0,0.0));
#11445=DIRECTION('',(1.0,0.0,0.0));
#11446=DIRECTION('',(0.0,0.0,-1.0));
#11447=ADVANCED_FACE('',(#11448),#11458,.T.);
#11448=FACE_BOUND('',#11449,.T.);
#11449=EDGE_LOOP('',(#11450,#11451,#11452,#11453,#11454,#11455,#11456,#11457));
#11450=ORIENTED_EDGE('',*,*,#11212,.F.);
#11451=ORIENTED_EDGE('',*,*,#11414,.F.);
#11452=ORIENTED_EDGE('',*,*,#11377,.F.);
#11453=ORIENTED_EDGE('',*,*,#10188,.F.);
#11454=ORIENTED_EDGE('',*,*,#11313,.F.);
#11455=ORIENTED_EDGE('',*,*,#10124,.F.);
#11456=ORIENTED_EDGE('',*,*,#11142,.F.);
#11457=ORIENTED_EDGE('',*,*,#10156,.F.);
#11458=PLANE('',#11459);
#11459=AXIS2_PLACEMENT_3D('',#11460,#11461,#11462);
#11460=CARTESIAN_POINT('',(-0.5,0.0,0.0));
#11461=DIRECTION('',(1.0,0.0,0.0));
#11462=DIRECTION('',(0.0,0.0,-1.0));
#11463=ADVANCED_FACE('',(#11464),#11507,.T.);
#11464=FACE_BOUND('',#11465,.T.);
#11465=EDGE_LOOP('',(#11466,#11476,#11483,#11484,#11493,#11501));
#11466=ORIENTED_EDGE('',*,*,#11467,.T.);
#11467=EDGE_CURVE('',#11468,#11470,#11472,.F.);
#11468=VERTEX_POINT('',#11469);
#11469=CARTESIAN_POINT('',(-0.498,5.306107298,0.728211064));
#11470=VERTEX_POINT('',#11471);
#11471=CARTESIAN_POINT('',(-0.498,5.248858409,0.073853277));
#11472=LINE('',#11473,#11474);
#11473=CARTESIAN_POINT('',(-0.498,5.306107298,0.728211064));
#11474=VECTOR('',#11475,1.0);
#11475=DIRECTION('',(0.0,0.087155743,0.996194698));
#11476=ORIENTED_EDGE('',*,*,#11477,.T.);
#11477=EDGE_CURVE('',#11470,#10109,#11478,.F.);
#11478=CIRCLE('',#11479,0.3);
#11479=AXIS2_PLACEMENT_3D('',#11480,#11481,#11482);
#11480=CARTESIAN_POINT('',(-0.498,4.95,0.1));
#11481=DIRECTION('',(1.0,0.0,0.0));
#11482=DIRECTION('',(0.0,1.0,0.0));
#11483=ORIENTED_EDGE('',*,*,#10106,.F.);
#11484=ORIENTED_EDGE('',*,*,#11485,.T.);
#11485=EDGE_CURVE('',#10107,#11486,#11488,.T.);
#11486=VERTEX_POINT('',#11487);
#11487=CARTESIAN_POINT('',(-0.498,4.999809735,0.095642213));
#11488=CIRCLE('',#11489,0.05);
#11489=AXIS2_PLACEMENT_3D('',#11490,#11491,#11492);
#11490=CARTESIAN_POINT('',(-0.498,4.95,0.1));
#11491=DIRECTION('',(1.0,0.0,0.0));
#11492=DIRECTION('',(0.0,0.0,-1.0));
#11493=ORIENTED_EDGE('',*,*,#11494,.T.);
#11494=EDGE_CURVE('',#11486,#11495,#11497,.T.);
#11495=VERTEX_POINT('',#11496);
#11496=CARTESIAN_POINT('',(-0.498,5.057058623,0.75));
#11497=LINE('',#11498,#11499);
#11498=CARTESIAN_POINT('',(-0.498,5.057058623,0.75));
#11499=VECTOR('',#11500,1.0);
#11500=DIRECTION('',(0.0,0.087155743,0.996194698));
#11501=ORIENTED_EDGE('',*,*,#11502,.T.);
#11502=EDGE_CURVE('',#11495,#11468,#11503,.T.);
#11503=LINE('',#11504,#11505);
#11504=CARTESIAN_POINT('',(-0.498,5.306107298,0.728211064));
#11505=VECTOR('',#11506,1.0);
#11506=DIRECTION('',(0.0,0.996194698,-0.087155743));
#11507=PLANE('',#11508);
#11508=AXIS2_PLACEMENT_3D('',#11509,#11510,#11511);
#11509=CARTESIAN_POINT('',(-0.498,5.306107298,0.728211064));
#11510=DIRECTION('',(-1.0,0.0,0.0));
#11511=DIRECTION('',(0.0,0.087155743,0.996194698));
#11512=ADVANCED_FACE('',(#11513),#11538,.T.);
#11513=FACE_BOUND('',#11514,.T.);
#11514=EDGE_LOOP('',(#11515,#11516,#11524,#11532));
#11515=ORIENTED_EDGE('',*,*,#11502,.F.);
#11516=ORIENTED_EDGE('',*,*,#11517,.T.);
#11517=EDGE_CURVE('',#11495,#11518,#11520,.T.);
#11518=VERTEX_POINT('',#11519);
#11519=CARTESIAN_POINT('',(0.498,5.057058623,0.75));
#11520=LINE('',#11521,#11522);
#11521=CARTESIAN_POINT('',(-0.498,5.057058623,0.75));
#11522=VECTOR('',#11523,1.0);
#11523=DIRECTION('',(1.0,0.0,0.0));
#11524=ORIENTED_EDGE('',*,*,#11525,.T.);
#11525=EDGE_CURVE('',#11518,#11526,#11528,.T.);
#11526=VERTEX_POINT('',#11527);
#11527=CARTESIAN_POINT('',(0.498,5.306107298,0.728211064));
#11528=LINE('',#11529,#11530);
#11529=CARTESIAN_POINT('',(0.498,5.306107298,0.728211064));
#11530=VECTOR('',#11531,1.0);
#11531=DIRECTION('',(0.0,0.996194698,-0.087155743));
#11532=ORIENTED_EDGE('',*,*,#11533,.T.);
#11533=EDGE_CURVE('',#11526,#11468,#11534,.F.);
#11534=LINE('',#11535,#11536);
#11535=CARTESIAN_POINT('',(-0.498,5.306107298,0.728211064));
#11536=VECTOR('',#11537,1.0);
#11537=DIRECTION('',(1.0,0.0,0.0));
#11538=PLANE('',#11539);
#11539=AXIS2_PLACEMENT_3D('',#11540,#11541,#11542);
#11540=CARTESIAN_POINT('',(-0.498,5.306107298,0.728211064));
#11541=DIRECTION('',(0.0,0.087155743,0.996194698));
#11542=DIRECTION('',(1.0,0.0,0.0));
#11543=ADVANCED_FACE('',(#11544),#11578,.F.);
#11544=FACE_BOUND('',#11545,.T.);
#11545=EDGE_LOOP('',(#11546,#11555,#11561,#11562,#11570,#11577));
#11546=ORIENTED_EDGE('',*,*,#11547,.T.);
#11547=EDGE_CURVE('',#11150,#11548,#11550,.T.);
#11548=VERTEX_POINT('',#11549);
#11549=CARTESIAN_POINT('',(0.498,5.248858409,0.073853277));
#11550=CIRCLE('',#11551,0.3);
#11551=AXIS2_PLACEMENT_3D('',#11552,#11553,#11554);
#11552=CARTESIAN_POINT('',(0.498,4.95,0.1));
#11553=DIRECTION('',(1.0,0.0,0.0));
#11554=DIRECTION('',(0.0,1.0,0.0));
#11555=ORIENTED_EDGE('',*,*,#11556,.T.);
#11556=EDGE_CURVE('',#11548,#11526,#11557,.T.);
#11557=LINE('',#11558,#11559);
#11558=CARTESIAN_POINT('',(0.498,5.306107298,0.728211064));
#11559=VECTOR('',#11560,1.0);
#11560=DIRECTION('',(0.0,0.087155743,0.996194698));
#11561=ORIENTED_EDGE('',*,*,#11525,.F.);
#11562=ORIENTED_EDGE('',*,*,#11563,.T.);
#11563=EDGE_CURVE('',#11518,#11564,#11566,.F.);
#11564=VERTEX_POINT('',#11565);
#11565=CARTESIAN_POINT('',(0.498,4.999809735,0.095642213));
#11566=LINE('',#11567,#11568);
#11567=CARTESIAN_POINT('',(0.498,5.057058623,0.75));
#11568=VECTOR('',#11569,1.0);
#11569=DIRECTION('',(0.0,0.087155743,0.996194698));
#11570=ORIENTED_EDGE('',*,*,#11571,.T.);
#11571=EDGE_CURVE('',#11564,#11299,#11572,.F.);
#11572=CIRCLE('',#11573,0.05);
#11573=AXIS2_PLACEMENT_3D('',#11574,#11575,#11576);
#11574=CARTESIAN_POINT('',(0.498,4.95,0.1));
#11575=DIRECTION('',(1.0,0.0,0.0));
#11576=DIRECTION('',(0.0,0.0,-1.0));
#11577=ORIENTED_EDGE('',*,*,#11391,.F.);
#11578=PLANE('',#11579);
#11579=AXIS2_PLACEMENT_3D('',#11580,#11581,#11582);
#11580=CARTESIAN_POINT('',(0.498,4.95,0.1));
#11581=DIRECTION('',(-1.0,0.0,0.0));
#11582=DIRECTION('',(0.0,0.0,1.0));
#11583=ADVANCED_FACE('',(#11584),#11595,.T.);
#11584=FACE_BOUND('',#11585,.T.);
#11585=EDGE_LOOP('',(#11586,#11587,#11588,#11589));
#11586=ORIENTED_EDGE('',*,*,#11547,.F.);
#11587=ORIENTED_EDGE('',*,*,#11149,.F.);
#11588=ORIENTED_EDGE('',*,*,#11477,.F.);
#11589=ORIENTED_EDGE('',*,*,#11590,.T.);
#11590=EDGE_CURVE('',#11470,#11548,#11591,.T.);
#11591=LINE('',#11592,#11593);
#11592=CARTESIAN_POINT('',(-0.498,5.248858409,0.073853277));
#11593=VECTOR('',#11594,1.0);
#11594=DIRECTION('',(1.0,0.0,0.0));
#11595=CYLINDRICAL_SURFACE('',#11596,0.3);
#11596=AXIS2_PLACEMENT_3D('',#11597,#11598,#11599);
#11597=CARTESIAN_POINT('',(-0.498,4.95,0.1));
#11598=DIRECTION('',(1.0,0.0,0.0));
#11599=DIRECTION('',(0.0,0.0,-1.0));
#11600=ADVANCED_FACE('',(#11601),#11607,.T.);
#11601=FACE_BOUND('',#11602,.T.);
#11602=EDGE_LOOP('',(#11603,#11604,#11605,#11606));
#11603=ORIENTED_EDGE('',*,*,#11556,.F.);
#11604=ORIENTED_EDGE('',*,*,#11590,.F.);
#11605=ORIENTED_EDGE('',*,*,#11467,.F.);
#11606=ORIENTED_EDGE('',*,*,#11533,.F.);
#11607=PLANE('',#11608);
#11608=AXIS2_PLACEMENT_3D('',#11609,#11610,#11611);
#11609=CARTESIAN_POINT('',(-0.498,5.306107298,0.728211064));
#11610=DIRECTION('',(0.0,0.996194698,-0.087155743));
#11611=DIRECTION('',(0.0,0.087155743,0.996194698));
#11612=ADVANCED_FACE('',(#11613),#11624,.F.);
#11613=FACE_BOUND('',#11614,.T.);
#11614=EDGE_LOOP('',(#11615,#11616,#11622,#11623));
#11615=ORIENTED_EDGE('',*,*,#11571,.F.);
#11616=ORIENTED_EDGE('',*,*,#11617,.T.);
#11617=EDGE_CURVE('',#11564,#11486,#11618,.F.);
#11618=LINE('',#11619,#11620);
#11619=CARTESIAN_POINT('',(-0.498,4.999809735,0.095642213));
#11620=VECTOR('',#11621,1.0);
#11621=DIRECTION('',(1.0,0.0,0.0));
#11622=ORIENTED_EDGE('',*,*,#11485,.F.);
#11623=ORIENTED_EDGE('',*,*,#11306,.F.);
#11624=CYLINDRICAL_SURFACE('',#11625,0.05);
#11625=AXIS2_PLACEMENT_3D('',#11626,#11627,#11628);
#11626=CARTESIAN_POINT('',(-0.498,4.95,0.1));
#11627=DIRECTION('',(1.0,0.0,0.0));
#11628=DIRECTION('',(0.0,0.0,-1.0));
#11629=ADVANCED_FACE('',(#11630),#11636,.F.);
#11630=FACE_BOUND('',#11631,.T.);
#11631=EDGE_LOOP('',(#11632,#11633,#11634,#11635));
#11632=ORIENTED_EDGE('',*,*,#11563,.F.);
#11633=ORIENTED_EDGE('',*,*,#11517,.F.);
#11634=ORIENTED_EDGE('',*,*,#11494,.F.);
#11635=ORIENTED_EDGE('',*,*,#11617,.F.);
#11636=PLANE('',#11637);
#11637=AXIS2_PLACEMENT_3D('',#11638,#11639,#11640);
#11638=CARTESIAN_POINT('',(-0.498,5.057058623,0.75));
#11639=DIRECTION('',(0.0,0.996194698,-0.087155743));
#11640=DIRECTION('',(0.0,0.087155743,0.996194698));
#11641=ADVANCED_FACE('',(#11642),#11657,.F.);
#11642=FACE_BOUND('',#11643,.T.);
#11643=EDGE_LOOP('',(#11644,#11655));
#11644=ORIENTED_EDGE('',*,*,#11645,.T.);
#11645=EDGE_CURVE('',#11646,#11648,#11650,.F.);
#11646=VERTEX_POINT('',#11647);
#11647=CARTESIAN_POINT('',(-2.879459609,2.625133925,0.1));
#11648=VERTEX_POINT('',#11649);
#11649=CARTESIAN_POINT('',(-2.370808241,2.625133925,0.1));
#11650=CIRCLE('',#11651,0.254325684);
#11651=AXIS2_PLACEMENT_3D('',#11652,#11653,#11654);
#11652=CARTESIAN_POINT('',(-2.625133925,2.625133925,0.1));
#11653=DIRECTION('',(0.0,0.0,1.0));
#11654=DIRECTION('',(1.0,0.0,0.0));
#11655=ORIENTED_EDGE('',*,*,#11656,.T.);
#11656=EDGE_CURVE('',#11648,#11646,#11650,.F.);
#11657=PLANE('',#11658);
#11658=AXIS2_PLACEMENT_3D('',#11659,#11660,#11661);
#11659=CARTESIAN_POINT('',(-2.625133925,2.625133925,0.1));
#11660=DIRECTION('',(0.0,0.0,1.0));
#11661=DIRECTION('',(1.0,0.0,0.0));
#11662=ADVANCED_FACE('',(#11663),#11679,.T.);
#11663=FACE_BOUND('',#11664,.T.);
#11664=EDGE_LOOP('',(#11665,#11666,#11676,#11677,#11678));
#11665=ORIENTED_EDGE('',*,*,#11645,.F.);
#11666=ORIENTED_EDGE('',*,*,#11667,.T.);
#11667=EDGE_CURVE('',#11646,#10557,#11668,.F.);
#11668=(BOUNDED_CURVE()B_SPLINE_CURVE(6,(#11669,#11670,#11671,#11672,#11673,#11674,#11675),.UNSPECIFIED.,.F.,.U.)B_SPLINE_CURVE_WITH_KNOTS((7,7),(1.570796327,2.498091545),.PIECEWISE_BEZIER_KNOTS.)CURVE()GEOMETRIC_REPRESENTATION_ITEM()RATIONAL_B_SPLINE_CURVE((1.010814782,1.003552895,0.999279753,0.997867156,0.999279753,1.003552895,1.010814782))REPRESENTATION_ITEM(''));
#11669=CARTESIAN_POINT('',(-3.079459609,2.625133925,0.0));
#11670=CARTESIAN_POINT('',(-3.04054273,2.625133925,0.0));
#11671=CARTESIAN_POINT('',(-3.001966859,2.625133925,0.007248349));
#11672=CARTESIAN_POINT('',(-2.965230205,2.625133925,0.021541192));
#11673=CARTESIAN_POINT('',(-2.931753939,2.625133925,0.042354809));
#11674=CARTESIAN_POINT('',(-2.902809737,2.625133925,0.068866496));
#11675=CARTESIAN_POINT('',(-2.879459609,2.625133925,0.1));
#11676=ORIENTED_EDGE('',*,*,#10556,.F.);
#11677=ORIENTED_EDGE('',*,*,#11667,.F.);
#11678=ORIENTED_EDGE('',*,*,#11656,.F.);
#11679=TOROIDAL_SURFACE('',#11680,0.454325684,0.25);
#11680=AXIS2_PLACEMENT_3D('',#11681,#11682,#11683);
#11681=CARTESIAN_POINT('',(-2.625133925,2.625133925,0.25));
#11682=DIRECTION('',(0.0,0.0,-1.0));
#11683=DIRECTION('',(-1.0,0.0,0.0));
#11684=ADVANCED_FACE('',(#11685),#11719,.T.);
#11685=FACE_BOUND('',#11686,.T.);
#11686=EDGE_LOOP('',(#11687,#11697,#11705,#11713));
#11687=ORIENTED_EDGE('',*,*,#11688,.T.);
#11688=EDGE_CURVE('',#11689,#11691,#11693,.F.);
#11689=VERTEX_POINT('',#11690);
#11690=CARTESIAN_POINT('',(4.030508653,3.39411255,4.046049412));
#11691=VERTEX_POINT('',#11692);
#11692=CARTESIAN_POINT('',(3.39411255,4.030508653,4.046049412));
#11693=LINE('',#11694,#11695);
#11694=CARTESIAN_POINT('',(3.358757211,4.065863992,4.046049412));
#11695=VECTOR('',#11696,1.0);
#11696=DIRECTION('',(0.707106781,-0.707106781,0.0));
#11697=ORIENTED_EDGE('',*,*,#11698,.T.);
#11698=EDGE_CURVE('',#11691,#11699,#11701,.F.);
#11699=VERTEX_POINT('',#11700);
#11700=CARTESIAN_POINT('',(3.217335854,3.853731957,4.046049412));
#11701=LINE('',#11702,#11703);
#11702=CARTESIAN_POINT('',(3.217335854,3.853731957,4.046049412));
#11703=VECTOR('',#11704,1.0);
#11704=DIRECTION('',(0.707106781,0.707106781,1.822718903E-16));
#11705=ORIENTED_EDGE('',*,*,#11706,.T.);
#11706=EDGE_CURVE('',#11699,#11707,#11709,.F.);
#11707=VERTEX_POINT('',#11708);
#11708=CARTESIAN_POINT('',(3.853731957,3.217335854,4.046049412));
#11709=LINE('',#11710,#11711);
#11710=CARTESIAN_POINT('',(3.181980515,3.889087297,4.046049412));
#11711=VECTOR('',#11712,1.0);
#11712=DIRECTION('',(-0.707106781,0.707106781,0.0));
#11713=ORIENTED_EDGE('',*,*,#11714,.T.);
#11714=EDGE_CURVE('',#11707,#11689,#11715,.T.);
#11715=LINE('',#11716,#11717);
#11716=CARTESIAN_POINT('',(4.030508653,3.39411255,4.046049412));
#11717=VECTOR('',#11718,1.0);
#11718=DIRECTION('',(0.707106781,0.707106781,1.822718903E-16));
#11719=PLANE('',#11720);
#11720=AXIS2_PLACEMENT_3D('',#11721,#11722,#11723);
#11721=CARTESIAN_POINT('',(3.358757211,4.065863992,4.046049412));
#11722=DIRECTION('',(-1.288856896E-16,-1.288856896E-16,1.0));
#11723=DIRECTION('',(0.707106781,-0.707106781,-1.355854681E-31));
#11724=ADVANCED_FACE('',(#11725),#11736,.T.);
#11725=FACE_BOUND('',#11726,.T.);
#11726=EDGE_LOOP('',(#11727,#11728,#11729,#11730));
#11727=ORIENTED_EDGE('',*,*,#10051,.F.);
#11728=ORIENTED_EDGE('',*,*,#10452,.F.);
#11729=ORIENTED_EDGE('',*,*,#9953,.F.);
#11730=ORIENTED_EDGE('',*,*,#11731,.T.);
#11731=EDGE_CURVE('',#9946,#10002,#11732,.T.);
#11732=LINE('',#11733,#11734);
#11733=CARTESIAN_POINT('',(3.358757211,4.065863992,0.3));
#11734=VECTOR('',#11735,1.0);
#11735=DIRECTION('',(0.707106781,-0.707106781,0.0));
#11736=CYLINDRICAL_SURFACE('',#11737,0.3);
#11737=AXIS2_PLACEMENT_3D('',#11738,#11739,#11740);
#11738=CARTESIAN_POINT('',(3.146625176,3.853731957,0.3));
#11739=DIRECTION('',(0.707106781,-0.707106781,0.0));
#11740=DIRECTION('',(0.707106781,0.707106781,0.0));
#11741=ADVANCED_FACE('',(#11742),#11778,.T.);
#11742=FACE_BOUND('',#11743,.T.);
#11743=EDGE_LOOP('',(#11744,#11745,#11752,#11753,#11760,#11761,#11768,#11769,#11770,#11771));
#11744=ORIENTED_EDGE('',*,*,#10772,.F.);
#11745=ORIENTED_EDGE('',*,*,#11746,.T.);
#11746=EDGE_CURVE('',#10765,#11691,#11747,.T.);
#11747=CIRCLE('',#11748,0.05);
#11748=AXIS2_PLACEMENT_3D('',#11749,#11750,#11751);
#11749=CARTESIAN_POINT('',(3.39411255,4.030508653,3.996049412));
#11750=DIRECTION('',(0.707106781,0.707106781,1.822718903E-16));
#11751=DIRECTION('',(-0.707106781,0.707106781,0.0));
#11752=ORIENTED_EDGE('',*,*,#11688,.F.);
#11753=ORIENTED_EDGE('',*,*,#11754,.T.);
#11754=EDGE_CURVE('',#11689,#10069,#11755,.T.);
#11755=CIRCLE('',#11756,0.05);
#11756=AXIS2_PLACEMENT_3D('',#11757,#11758,#11759);
#11757=CARTESIAN_POINT('',(4.030508653,3.39411255,3.996049412));
#11758=DIRECTION('',(0.707106781,0.707106781,1.822718903E-16));
#11759=DIRECTION('',(-0.707106781,0.707106781,0.0));
#11760=ORIENTED_EDGE('',*,*,#10066,.F.);
#11761=ORIENTED_EDGE('',*,*,#11762,.T.);
#11762=EDGE_CURVE('',#10067,#10004,#11763,.T.);
#11763=CIRCLE('',#11764,0.37);
#11764=AXIS2_PLACEMENT_3D('',#11765,#11766,#11767);
#11765=CARTESIAN_POINT('',(4.150716806,3.273904397,3.096049412));
#11766=DIRECTION('',(-0.707106781,-0.707106781,-2.455856687E-16));
#11767=DIRECTION('',(2.31540389E-16,1.157701945E-16,-1.0));
#11768=ORIENTED_EDGE('',*,*,#10001,.F.);
#11769=ORIENTED_EDGE('',*,*,#11731,.F.);
#11770=ORIENTED_EDGE('',*,*,#9945,.F.);
#11771=ORIENTED_EDGE('',*,*,#11772,.T.);
#11772=EDGE_CURVE('',#9938,#10773,#11773,.F.);
#11773=CIRCLE('',#11774,0.37);
#11774=AXIS2_PLACEMENT_3D('',#11775,#11776,#11777);
#11775=CARTESIAN_POINT('',(3.273904397,4.150716806,3.096049412));
#11776=DIRECTION('',(0.707106781,0.707106781,2.455856687E-16));
#11777=DIRECTION('',(2.31540389E-16,1.157701945E-16,-1.0));
#11778=PLANE('',#11779);
#11779=AXIS2_PLACEMENT_3D('',#11780,#11781,#11782);
#11780=CARTESIAN_POINT('',(3.358757211,4.065863992,0.3));
#11781=DIRECTION('',(0.707106781,0.707106781,1.822718903E-16));
#11782=DIRECTION('',(-0.707106781,0.707106781,0.0));
#11783=ADVANCED_FACE('',(#11784),#11795,.F.);
#11784=FACE_BOUND('',#11785,.T.);
#11785=EDGE_LOOP('',(#11786,#11787,#11793,#11794));
#11786=ORIENTED_EDGE('',*,*,#10027,.F.);
#11787=ORIENTED_EDGE('',*,*,#11788,.T.);
#11788=EDGE_CURVE('',#10020,#9928,#11789,.F.);
#11789=LINE('',#11790,#11791);
#11790=CARTESIAN_POINT('',(3.181980515,3.889087297,0.3));
#11791=VECTOR('',#11792,1.0);
#11792=DIRECTION('',(0.707106781,-0.707106781,0.0));
#11793=ORIENTED_EDGE('',*,*,#9986,.F.);
#11794=ORIENTED_EDGE('',*,*,#10349,.F.);
#11795=CYLINDRICAL_SURFACE('',#11796,0.05);
#11796=AXIS2_PLACEMENT_3D('',#11797,#11798,#11799);
#11797=CARTESIAN_POINT('',(3.146625176,3.853731957,0.3));
#11798=DIRECTION('',(0.707106781,-0.707106781,0.0));
#11799=DIRECTION('',(0.707106781,0.707106781,0.0));
#11800=ADVANCED_FACE('',(#11801),#11837,.F.);
#11801=FACE_BOUND('',#11802,.T.);
#11802=EDGE_LOOP('',(#11803,#11804,#11811,#11812,#11819,#11820,#11821,#11822,#11829,#11830));
#11803=ORIENTED_EDGE('',*,*,#11706,.F.);
#11804=ORIENTED_EDGE('',*,*,#11805,.T.);
#11805=EDGE_CURVE('',#11699,#10757,#11806,.F.);
#11806=CIRCLE('',#11807,0.05);
#11807=AXIS2_PLACEMENT_3D('',#11808,#11809,#11810);
#11808=CARTESIAN_POINT('',(3.217335854,3.853731957,3.996049412));
#11809=DIRECTION('',(0.707106781,0.707106781,1.822718903E-16));
#11810=DIRECTION('',(-0.707106781,0.707106781,0.0));
#11811=ORIENTED_EDGE('',*,*,#10754,.F.);
#11812=ORIENTED_EDGE('',*,*,#11813,.T.);
#11813=EDGE_CURVE('',#10755,#9930,#11814,.T.);
#11814=CIRCLE('',#11815,0.37);
#11815=AXIS2_PLACEMENT_3D('',#11816,#11817,#11818);
#11816=CARTESIAN_POINT('',(3.097127702,3.97394011,3.096049412));
#11817=DIRECTION('',(0.707106781,0.707106781,1.822718903E-16));
#11818=DIRECTION('',(-0.707106781,0.707106781,0.0));
#11819=ORIENTED_EDGE('',*,*,#9927,.F.);
#11820=ORIENTED_EDGE('',*,*,#11788,.F.);
#11821=ORIENTED_EDGE('',*,*,#10019,.F.);
#11822=ORIENTED_EDGE('',*,*,#11823,.T.);
#11823=EDGE_CURVE('',#10012,#10085,#11824,.T.);
#11824=CIRCLE('',#11825,0.37);
#11825=AXIS2_PLACEMENT_3D('',#11826,#11827,#11828);
#11826=CARTESIAN_POINT('',(3.97394011,3.097127702,3.096049412));
#11827=DIRECTION('',(0.707106781,0.707106781,1.822718903E-16));
#11828=DIRECTION('',(-0.707106781,0.707106781,0.0));
#11829=ORIENTED_EDGE('',*,*,#10084,.F.);
#11830=ORIENTED_EDGE('',*,*,#11831,.T.);
#11831=EDGE_CURVE('',#10077,#11707,#11832,.F.);
#11832=CIRCLE('',#11833,0.05);
#11833=AXIS2_PLACEMENT_3D('',#11834,#11835,#11836);
#11834=CARTESIAN_POINT('',(3.853731957,3.217335854,3.996049412));
#11835=DIRECTION('',(0.707106781,0.707106781,1.822718903E-16));
#11836=DIRECTION('',(-0.707106781,0.707106781,0.0));
#11837=PLANE('',#11838);
#11838=AXIS2_PLACEMENT_3D('',#11839,#11840,#11841);
#11839=CARTESIAN_POINT('',(3.181980515,3.889087297,0.3));
#11840=DIRECTION('',(0.707106781,0.707106781,1.822718903E-16));
#11841=DIRECTION('',(-0.707106781,0.707106781,0.0));
#11842=ADVANCED_FACE('',(#11843),#11849,.F.);
#11843=FACE_BOUND('',#11844,.T.);
#11844=EDGE_LOOP('',(#11845,#11846,#11847,#11848));
#11845=ORIENTED_EDGE('',*,*,#11762,.F.);
#11846=ORIENTED_EDGE('',*,*,#10092,.F.);
#11847=ORIENTED_EDGE('',*,*,#11823,.F.);
#11848=ORIENTED_EDGE('',*,*,#10011,.F.);
#11849=CYLINDRICAL_SURFACE('',#11850,0.37);
#11850=AXIS2_PLACEMENT_3D('',#11851,#11852,#11853);
#11851=CARTESIAN_POINT('',(-6.990455386,-7.867267795,3.096049412));
#11852=DIRECTION('',(0.707106781,0.707106781,2.455856687E-16));
#11853=DIRECTION('',(-0.707106781,0.707106781,0.0));
#11854=ADVANCED_FACE('',(#11855),#11861,.F.);
#11855=FACE_BOUND('',#11856,.T.);
#11856=EDGE_LOOP('',(#11857,#11858,#11859,#11860));
#11857=ORIENTED_EDGE('',*,*,#11813,.F.);
#11858=ORIENTED_EDGE('',*,*,#10780,.F.);
#11859=ORIENTED_EDGE('',*,*,#11772,.F.);
#11860=ORIENTED_EDGE('',*,*,#9937,.F.);
#11861=CYLINDRICAL_SURFACE('',#11862,0.37);
#11862=AXIS2_PLACEMENT_3D('',#11863,#11864,#11865);
#11863=CARTESIAN_POINT('',(-7.867267795,-6.990455386,3.096049412));
#11864=DIRECTION('',(0.707106781,0.707106781,2.455856687E-16));
#11865=DIRECTION('',(-0.707106781,0.707106781,0.0));
#11866=ADVANCED_FACE('',(#11867),#11873,.T.);
#11867=FACE_BOUND('',#11868,.T.);
#11868=EDGE_LOOP('',(#11869,#11870,#11871,#11872));
#11869=ORIENTED_EDGE('',*,*,#11805,.F.);
#11870=ORIENTED_EDGE('',*,*,#11698,.F.);
#11871=ORIENTED_EDGE('',*,*,#11746,.F.);
#11872=ORIENTED_EDGE('',*,*,#10764,.F.);
#11873=CYLINDRICAL_SURFACE('',#11874,0.05);
#11874=AXIS2_PLACEMENT_3D('',#11875,#11876,#11877);
#11875=CARTESIAN_POINT('',(3.181980515,3.818376618,3.996049412));
#11876=DIRECTION('',(-0.707106781,-0.707106781,-1.822718903E-16));
#11877=DIRECTION('',(0.707106781,-0.707106781,0.0));
#11878=ADVANCED_FACE('',(#11879),#11885,.T.);
#11879=FACE_BOUND('',#11880,.T.);
#11880=EDGE_LOOP('',(#11881,#11882,#11883,#11884));
#11881=ORIENTED_EDGE('',*,*,#11831,.F.);
#11882=ORIENTED_EDGE('',*,*,#10076,.F.);
#11883=ORIENTED_EDGE('',*,*,#11754,.F.);
#11884=ORIENTED_EDGE('',*,*,#11714,.F.);
#11885=CYLINDRICAL_SURFACE('',#11886,0.05);
#11886=AXIS2_PLACEMENT_3D('',#11887,#11888,#11889);
#11887=CARTESIAN_POINT('',(4.030508653,3.39411255,3.996049412));
#11888=DIRECTION('',(0.707106781,0.707106781,1.822718903E-16));
#11889=DIRECTION('',(-0.707106781,0.707106781,0.0));
#11890=ADVANCED_FACE('',(#11891),#11925,.F.);
#11891=FACE_BOUND('',#11892,.T.);
#11892=EDGE_LOOP('',(#11893,#11903,#11911,#11919));
#11893=ORIENTED_EDGE('',*,*,#11894,.T.);
#11894=EDGE_CURVE('',#11895,#11897,#11899,.F.);
#11895=VERTEX_POINT('',#11896);
#11896=CARTESIAN_POINT('',(-3.853731957,3.217335854,4.046049412));
#11897=VERTEX_POINT('',#11898);
#11898=CARTESIAN_POINT('',(-3.217335854,3.853731957,4.046049412));
#11899=LINE('',#11900,#11901);
#11900=CARTESIAN_POINT('',(-3.181980515,3.889087297,4.046049412));
#11901=VECTOR('',#11902,1.0);
#11902=DIRECTION('',(-0.707106781,-0.707106781,0.0));
#11903=ORIENTED_EDGE('',*,*,#11904,.T.);
#11904=EDGE_CURVE('',#11897,#11905,#11907,.T.);
#11905=VERTEX_POINT('',#11906);
#11906=CARTESIAN_POINT('',(-3.39411255,4.030508653,4.046049412));
#11907=LINE('',#11908,#11909);
#11908=CARTESIAN_POINT('',(-3.39411255,4.030508653,4.046049412));
#11909=VECTOR('',#11910,1.0);
#11910=DIRECTION('',(-0.707106781,0.707106781,1.822718903E-16));
#11911=ORIENTED_EDGE('',*,*,#11912,.T.);
#11912=EDGE_CURVE('',#11905,#11913,#11915,.T.);
#11913=VERTEX_POINT('',#11914);
#11914=CARTESIAN_POINT('',(-4.030508653,3.39411255,4.046049412));
#11915=LINE('',#11916,#11917);
#11916=CARTESIAN_POINT('',(-3.358757211,4.065863992,4.046049412));
#11917=VECTOR('',#11918,1.0);
#11918=DIRECTION('',(-0.707106781,-0.707106781,0.0));
#11919=ORIENTED_EDGE('',*,*,#11920,.T.);
#11920=EDGE_CURVE('',#11913,#11895,#11921,.F.);
#11921=LINE('',#11922,#11923);
#11922=CARTESIAN_POINT('',(-4.030508653,3.39411255,4.046049412));
#11923=VECTOR('',#11924,1.0);
#11924=DIRECTION('',(-0.707106781,0.707106781,1.822718903E-16));
#11925=PLANE('',#11926);
#11926=AXIS2_PLACEMENT_3D('',#11927,#11928,#11929);
#11927=CARTESIAN_POINT('',(-3.358757211,4.065863992,4.046049412));
#11928=DIRECTION('',(-1.288856896E-16,1.288856896E-16,-1.0));
#11929=DIRECTION('',(-0.707106781,-0.707106781,-1.355854681E-31));
#11930=ADVANCED_FACE('',(#11931),#11972,.T.);
#11931=FACE_BOUND('',#11932,.T.);
#11932=EDGE_LOOP('',(#11933,#11934,#11941,#11942,#11949,#11950,#11956,#11957,#11964,#11965));
#11933=ORIENTED_EDGE('',*,*,#11912,.F.);
#11934=ORIENTED_EDGE('',*,*,#11935,.T.);
#11935=EDGE_CURVE('',#11905,#10700,#11936,.T.);
#11936=CIRCLE('',#11937,0.05);
#11937=AXIS2_PLACEMENT_3D('',#11938,#11939,#11940);
#11938=CARTESIAN_POINT('',(-3.39411255,4.030508653,3.996049412));
#11939=DIRECTION('',(-0.707106781,0.707106781,1.822718903E-16));
#11940=DIRECTION('',(-0.707106781,-0.707106781,0.0));
#11941=ORIENTED_EDGE('',*,*,#10697,.F.);
#11942=ORIENTED_EDGE('',*,*,#11943,.T.);
#11943=EDGE_CURVE('',#10698,#9749,#11944,.F.);
#11944=CIRCLE('',#11945,0.37);
#11945=AXIS2_PLACEMENT_3D('',#11946,#11947,#11948);
#11946=CARTESIAN_POINT('',(-3.273904397,4.150716806,3.096049412));
#11947=DIRECTION('',(-0.707106781,0.707106781,2.455856687E-16));
#11948=DIRECTION('',(-2.31540389E-16,1.157701945E-16,-1.0));
#11949=ORIENTED_EDGE('',*,*,#9808,.F.);
#11950=ORIENTED_EDGE('',*,*,#11951,.T.);
#11951=EDGE_CURVE('',#9800,#9881,#11952,.T.);
#11952=LINE('',#11953,#11954);
#11953=CARTESIAN_POINT('',(-3.358757211,4.065863992,0.3));
#11954=VECTOR('',#11955,1.0);
#11955=DIRECTION('',(-0.707106781,-0.707106781,0.0));
#11956=ORIENTED_EDGE('',*,*,#9880,.F.);
#11957=ORIENTED_EDGE('',*,*,#11958,.T.);
#11958=EDGE_CURVE('',#9873,#9841,#11959,.T.);
#11959=CIRCLE('',#11960,0.37);
#11960=AXIS2_PLACEMENT_3D('',#11961,#11962,#11963);
#11961=CARTESIAN_POINT('',(-4.150716806,3.273904397,3.096049412));
#11962=DIRECTION('',(0.707106781,-0.707106781,-2.455856687E-16));
#11963=DIRECTION('',(-2.31540389E-16,1.157701945E-16,-1.0));
#11964=ORIENTED_EDGE('',*,*,#9840,.F.);
#11965=ORIENTED_EDGE('',*,*,#11966,.T.);
#11966=EDGE_CURVE('',#9833,#11913,#11967,.T.);
#11967=CIRCLE('',#11968,0.05);
#11968=AXIS2_PLACEMENT_3D('',#11969,#11970,#11971);
#11969=CARTESIAN_POINT('',(-4.030508653,3.39411255,3.996049412));
#11970=DIRECTION('',(-0.707106781,0.707106781,1.822718903E-16));
#11971=DIRECTION('',(-0.707106781,-0.707106781,0.0));
#11972=PLANE('',#11973);
#11973=AXIS2_PLACEMENT_3D('',#11974,#11975,#11976);
#11974=CARTESIAN_POINT('',(-3.358757211,4.065863992,4.046049412));
#11975=DIRECTION('',(-0.707106781,0.707106781,1.822718903E-16));
#11976=DIRECTION('',(-0.707106781,-0.707106781,0.0));
#11977=ADVANCED_FACE('',(#11978),#11984,.T.);
#11978=FACE_BOUND('',#11979,.T.);
#11979=EDGE_LOOP('',(#11980,#11981,#11982,#11983));
#11980=ORIENTED_EDGE('',*,*,#9888,.F.);
#11981=ORIENTED_EDGE('',*,*,#11951,.F.);
#11982=ORIENTED_EDGE('',*,*,#9799,.F.);
#11983=ORIENTED_EDGE('',*,*,#10420,.F.);
#11984=CYLINDRICAL_SURFACE('',#11985,0.3);
#11985=AXIS2_PLACEMENT_3D('',#11986,#11987,#11988);
#11986=CARTESIAN_POINT('',(-3.146625176,3.853731957,0.3));
#11987=DIRECTION('',(-0.707106781,-0.707106781,0.0));
#11988=DIRECTION('',(0.707106781,-0.707106781,0.0));
#11989=ADVANCED_FACE('',(#11990),#12031,.F.);
#11990=FACE_BOUND('',#11991,.T.);
#11991=EDGE_LOOP('',(#11992,#11993,#12000,#12001,#12008,#12009,#12016,#12017,#12023,#12024));
#11992=ORIENTED_EDGE('',*,*,#10715,.F.);
#11993=ORIENTED_EDGE('',*,*,#11994,.T.);
#11994=EDGE_CURVE('',#10708,#11897,#11995,.F.);
#11995=CIRCLE('',#11996,0.05);
#11996=AXIS2_PLACEMENT_3D('',#11997,#11998,#11999);
#11997=CARTESIAN_POINT('',(-3.217335854,3.853731957,3.996049412));
#11998=DIRECTION('',(-0.707106781,0.707106781,1.822718903E-16));
#11999=DIRECTION('',(-0.707106781,-0.707106781,0.0));
#12000=ORIENTED_EDGE('',*,*,#11894,.F.);
#12001=ORIENTED_EDGE('',*,*,#12002,.T.);
#12002=EDGE_CURVE('',#11895,#9825,#12003,.F.);
#12003=CIRCLE('',#12004,0.05);
#12004=AXIS2_PLACEMENT_3D('',#12005,#12006,#12007);
#12005=CARTESIAN_POINT('',(-3.853731957,3.217335854,3.996049412));
#12006=DIRECTION('',(-0.707106781,0.707106781,1.822718903E-16));
#12007=DIRECTION('',(-0.707106781,-0.707106781,0.0));
#12008=ORIENTED_EDGE('',*,*,#9822,.F.);
#12009=ORIENTED_EDGE('',*,*,#12010,.T.);
#12010=EDGE_CURVE('',#9823,#9865,#12011,.T.);
#12011=CIRCLE('',#12012,0.37);
#12012=AXIS2_PLACEMENT_3D('',#12013,#12014,#12015);
#12013=CARTESIAN_POINT('',(-3.97394011,3.097127702,3.096049412));
#12014=DIRECTION('',(-0.707106781,0.707106781,1.822718903E-16));
#12015=DIRECTION('',(-0.707106781,-0.707106781,0.0));
#12016=ORIENTED_EDGE('',*,*,#9862,.F.);
#12017=ORIENTED_EDGE('',*,*,#12018,.T.);
#12018=EDGE_CURVE('',#9863,#9759,#12019,.F.);
#12019=LINE('',#12020,#12021);
#12020=CARTESIAN_POINT('',(-3.181980515,3.889087297,0.3));
#12021=VECTOR('',#12022,1.0);
#12022=DIRECTION('',(-0.707106781,-0.707106781,0.0));
#12023=ORIENTED_EDGE('',*,*,#9758,.F.);
#12024=ORIENTED_EDGE('',*,*,#12025,.T.);
#12025=EDGE_CURVE('',#9751,#10716,#12026,.T.);
#12026=CIRCLE('',#12027,0.37);
#12027=AXIS2_PLACEMENT_3D('',#12028,#12029,#12030);
#12028=CARTESIAN_POINT('',(-3.097127702,3.97394011,3.096049412));
#12029=DIRECTION('',(-0.707106781,0.707106781,1.822718903E-16));
#12030=DIRECTION('',(-0.707106781,-0.707106781,0.0));
#12031=PLANE('',#12032);
#12032=AXIS2_PLACEMENT_3D('',#12033,#12034,#12035);
#12033=CARTESIAN_POINT('',(-3.181980515,3.889087297,4.046049412));
#12034=DIRECTION('',(-0.707106781,0.707106781,1.822718903E-16));
#12035=DIRECTION('',(-0.707106781,-0.707106781,0.0));
#12036=ADVANCED_FACE('',(#12037),#12043,.F.);
#12037=FACE_BOUND('',#12038,.T.);
#12038=EDGE_LOOP('',(#12039,#12040,#12041,#12042));
#12039=ORIENTED_EDGE('',*,*,#9912,.F.);
#12040=ORIENTED_EDGE('',*,*,#10381,.F.);
#12041=ORIENTED_EDGE('',*,*,#9766,.F.);
#12042=ORIENTED_EDGE('',*,*,#12018,.F.);
#12043=CYLINDRICAL_SURFACE('',#12044,0.05);
#12044=AXIS2_PLACEMENT_3D('',#12045,#12046,#12047);
#12045=CARTESIAN_POINT('',(-3.146625176,3.853731957,0.3));
#12046=DIRECTION('',(-0.707106781,-0.707106781,0.0));
#12047=DIRECTION('',(0.707106781,-0.707106781,0.0));
#12048=ADVANCED_FACE('',(#12049),#12055,.F.);
#12049=FACE_BOUND('',#12050,.T.);
#12050=EDGE_LOOP('',(#12051,#12052,#12053,#12054));
#12051=ORIENTED_EDGE('',*,*,#11958,.F.);
#12052=ORIENTED_EDGE('',*,*,#9872,.F.);
#12053=ORIENTED_EDGE('',*,*,#12010,.F.);
#12054=ORIENTED_EDGE('',*,*,#9848,.F.);
#12055=CYLINDRICAL_SURFACE('',#12056,0.37);
#12056=AXIS2_PLACEMENT_3D('',#12057,#12058,#12059);
#12057=CARTESIAN_POINT('',(6.990455386,-7.867267795,3.096049412));
#12058=DIRECTION('',(-0.707106781,0.707106781,2.455856687E-16));
#12059=DIRECTION('',(-0.707106781,-0.707106781,0.0));
#12060=ADVANCED_FACE('',(#12061),#12067,.F.);
#12061=FACE_BOUND('',#12062,.T.);
#12062=EDGE_LOOP('',(#12063,#12064,#12065,#12066));
#12063=ORIENTED_EDGE('',*,*,#9748,.F.);
#12064=ORIENTED_EDGE('',*,*,#11943,.F.);
#12065=ORIENTED_EDGE('',*,*,#10723,.F.);
#12066=ORIENTED_EDGE('',*,*,#12025,.F.);
#12067=CYLINDRICAL_SURFACE('',#12068,0.37);
#12068=AXIS2_PLACEMENT_3D('',#12069,#12070,#12071);
#12069=CARTESIAN_POINT('',(7.867267795,-6.990455386,3.096049412));
#12070=DIRECTION('',(-0.707106781,0.707106781,2.455856687E-16));
#12071=DIRECTION('',(-0.707106781,-0.707106781,0.0));
#12072=ADVANCED_FACE('',(#12073),#12079,.T.);
#12073=FACE_BOUND('',#12074,.T.);
#12074=EDGE_LOOP('',(#12075,#12076,#12077,#12078));
#12075=ORIENTED_EDGE('',*,*,#11994,.F.);
#12076=ORIENTED_EDGE('',*,*,#10707,.F.);
#12077=ORIENTED_EDGE('',*,*,#11935,.F.);
#12078=ORIENTED_EDGE('',*,*,#11904,.F.);
#12079=CYLINDRICAL_SURFACE('',#12080,0.05);
#12080=AXIS2_PLACEMENT_3D('',#12081,#12082,#12083);
#12081=CARTESIAN_POINT('',(-3.39411255,4.030508653,3.996049412));
#12082=DIRECTION('',(0.707106781,-0.707106781,-1.822718903E-16));
#12083=DIRECTION('',(0.707106781,0.707106781,0.0));
#12084=ADVANCED_FACE('',(#12085),#12091,.T.);
#12085=FACE_BOUND('',#12086,.T.);
#12086=EDGE_LOOP('',(#12087,#12088,#12089,#12090));
#12087=ORIENTED_EDGE('',*,*,#12002,.F.);
#12088=ORIENTED_EDGE('',*,*,#11920,.F.);
#12089=ORIENTED_EDGE('',*,*,#11966,.F.);
#12090=ORIENTED_EDGE('',*,*,#9832,.F.);
#12091=CYLINDRICAL_SURFACE('',#12092,0.05);
#12092=AXIS2_PLACEMENT_3D('',#12093,#12094,#12095);
#12093=CARTESIAN_POINT('',(-3.464823228,2.828427125,3.996049412));
#12094=DIRECTION('',(0.707106781,-0.707106781,-1.822718903E-16));
#12095=DIRECTION('',(0.707106781,0.707106781,0.0));
#12096=ADVANCED_FACE('',(#12097),#12142,.F.);
#12097=FACE_BOUND('',#12098,.T.);
#12098=EDGE_LOOP('',(#12099,#12100,#12101,#12110,#12118,#12126,#12134,#12141));
#12099=ORIENTED_EDGE('',*,*,#9675,.F.);
#12100=ORIENTED_EDGE('',*,*,#10341,.F.);
#12101=ORIENTED_EDGE('',*,*,#12102,.T.);
#12102=EDGE_CURVE('',#10334,#12103,#12105,.T.);
#12103=VERTEX_POINT('',#12104);
#12104=CARTESIAN_POINT('',(4.226888837,2.700504681,0.297383202));
#12105=CIRCLE('',#12106,0.05);
#12106=AXIS2_PLACEMENT_3D('',#12107,#12108,#12109);
#12107=CARTESIAN_POINT('',(4.18280196,2.677063273,0.3));
#12108=DIRECTION('',(0.469471563,-0.882947593,-6.162975822E-33));
#12109=DIRECTION('',(0.882947593,0.469471563,0.0));
#12110=ORIENTED_EDGE('',*,*,#12111,.T.);
#12111=EDGE_CURVE('',#12103,#12112,#12114,.T.);
#12112=VERTEX_POINT('',#12113);
#12113=CARTESIAN_POINT('',(4.25940125,2.717791838,1.0));
#12114=LINE('',#12115,#12116);
#12115=CARTESIAN_POINT('',(4.226888837,2.700504681,0.297383202));
#12116=VECTOR('',#12117,1.0);
#12117=DIRECTION('',(0.046209907,0.024570243,0.998629535));
#12118=ORIENTED_EDGE('',*,*,#12119,.T.);
#12119=EDGE_CURVE('',#12112,#12120,#12122,.T.);
#12120=VERTEX_POINT('',#12121);
#12121=CARTESIAN_POINT('',(4.479835636,2.83499888,0.986916011));
#12122=LINE('',#12123,#12124);
#12123=CARTESIAN_POINT('',(4.25940125,2.717791838,1.0));
#12124=VECTOR('',#12125,1.0);
#12125=DIRECTION('',(0.881737544,0.468828168,-0.052335956));
#12126=ORIENTED_EDGE('',*,*,#12127,.T.);
#12127=EDGE_CURVE('',#12120,#12128,#12130,.F.);
#12128=VERTEX_POINT('',#12129);
#12129=CARTESIAN_POINT('',(4.447323223,2.817711723,0.284299213));
#12130=LINE('',#12131,#12132);
#12131=CARTESIAN_POINT('',(4.447323223,2.817711723,0.284299213));
#12132=VECTOR('',#12133,1.0);
#12133=DIRECTION('',(0.046209907,0.024570243,0.998629535));
#12134=ORIENTED_EDGE('',*,*,#12135,.T.);
#12135=EDGE_CURVE('',#12128,#10461,#12136,.F.);
#12136=CIRCLE('',#12137,0.3);
#12137=AXIS2_PLACEMENT_3D('',#12138,#12139,#12140);
#12138=CARTESIAN_POINT('',(4.18280196,2.677063273,0.3));
#12139=DIRECTION('',(0.469471563,-0.882947593,0.0));
#12140=DIRECTION('',(0.882947593,0.469471563,0.0));
#12141=ORIENTED_EDGE('',*,*,#10460,.F.);
#12142=PLANE('',#12143);
#12143=AXIS2_PLACEMENT_3D('',#12144,#12145,#12146);
#12144=CARTESIAN_POINT('',(3.962065061,2.559695382,0.0));
#12145=DIRECTION('',(0.469471563,-0.882947593,0.0));
#12146=DIRECTION('',(0.882947593,0.469471563,0.0));
#12147=ADVANCED_FACE('',(#12148),#12193,.F.);
#12148=FACE_BOUND('',#12149,.T.);
#12149=EDGE_LOOP('',(#12150,#12151,#12152,#12161,#12169,#12177,#12185,#12192));
#12150=ORIENTED_EDGE('',*,*,#9717,.F.);
#12151=ORIENTED_EDGE('',*,*,#10476,.F.);
#12152=ORIENTED_EDGE('',*,*,#12153,.T.);
#12153=EDGE_CURVE('',#10469,#12154,#12156,.T.);
#12154=VERTEX_POINT('',#12155);
#12155=CARTESIAN_POINT('',(4.822900473,2.111353649,0.284299213));
#12156=CIRCLE('',#12157,0.3);
#12157=AXIS2_PLACEMENT_3D('',#12158,#12159,#12160);
#12158=CARTESIAN_POINT('',(4.55837921,1.970705199,0.3));
#12159=DIRECTION('',(0.469471563,-0.882947593,0.0));
#12160=DIRECTION('',(0.882947593,0.469471563,0.0));
#12161=ORIENTED_EDGE('',*,*,#12162,.T.);
#12162=EDGE_CURVE('',#12154,#12163,#12165,.T.);
#12163=VERTEX_POINT('',#12164);
#12164=CARTESIAN_POINT('',(4.855412887,2.128640806,0.986916011));
#12165=LINE('',#12166,#12167);
#12166=CARTESIAN_POINT('',(4.822900473,2.111353649,0.284299213));
#12167=VECTOR('',#12168,1.0);
#12168=DIRECTION('',(0.046209907,0.024570243,0.998629535));
#12169=ORIENTED_EDGE('',*,*,#12170,.T.);
#12170=EDGE_CURVE('',#12163,#12171,#12173,.F.);
#12171=VERTEX_POINT('',#12172);
#12172=CARTESIAN_POINT('',(4.634978501,2.011433764,1.0));
#12173=LINE('',#12174,#12175);
#12174=CARTESIAN_POINT('',(4.634978501,2.011433764,1.0));
#12175=VECTOR('',#12176,1.0);
#12176=DIRECTION('',(0.881737544,0.468828168,-0.052335956));
#12177=ORIENTED_EDGE('',*,*,#12178,.T.);
#12178=EDGE_CURVE('',#12171,#12179,#12181,.F.);
#12179=VERTEX_POINT('',#12180);
#12180=CARTESIAN_POINT('',(4.602466087,1.994146607,0.297383202));
#12181=LINE('',#12182,#12183);
#12182=CARTESIAN_POINT('',(4.602466087,1.994146607,0.297383202));
#12183=VECTOR('',#12184,1.0);
#12184=DIRECTION('',(0.046209907,0.024570243,0.998629535));
#12185=ORIENTED_EDGE('',*,*,#12186,.T.);
#12186=EDGE_CURVE('',#12179,#10326,#12187,.F.);
#12187=CIRCLE('',#12188,0.05);
#12188=AXIS2_PLACEMENT_3D('',#12189,#12190,#12191);
#12189=CARTESIAN_POINT('',(4.55837921,1.970705199,0.3));
#12190=DIRECTION('',(0.469471563,-0.882947593,-6.162975822E-33));
#12191=DIRECTION('',(0.882947593,0.469471563,0.0));
#12192=ORIENTED_EDGE('',*,*,#10325,.F.);
#12193=PLANE('',#12194);
#12194=AXIS2_PLACEMENT_3D('',#12195,#12196,#12197);
#12195=CARTESIAN_POINT('',(4.55837921,1.970705199,0.0));
#12196=DIRECTION('',(-0.469471563,0.882947593,0.0));
#12197=DIRECTION('',(-0.882947593,-0.469471563,0.0));
#12198=ADVANCED_FACE('',(#12199),#12215,.T.);
#12199=FACE_BOUND('',#12200,.T.);
#12200=EDGE_LOOP('',(#12201,#12202,#12208,#12209));
#12201=ORIENTED_EDGE('',*,*,#12119,.F.);
#12202=ORIENTED_EDGE('',*,*,#12203,.T.);
#12203=EDGE_CURVE('',#12112,#12171,#12204,.T.);
#12204=LINE('',#12205,#12206);
#12205=CARTESIAN_POINT('',(4.25940125,2.717791838,1.0));
#12206=VECTOR('',#12207,1.0);
#12207=DIRECTION('',(0.469471563,-0.882947593,0.0));
#12208=ORIENTED_EDGE('',*,*,#12170,.F.);
#12209=ORIENTED_EDGE('',*,*,#12210,.T.);
#12210=EDGE_CURVE('',#12163,#12120,#12211,.T.);
#12211=LINE('',#12212,#12213);
#12212=CARTESIAN_POINT('',(4.479835636,2.83499888,0.986916011));
#12213=VECTOR('',#12214,1.0);
#12214=DIRECTION('',(-0.469471563,0.882947593,0.0));
#12215=PLANE('',#12216);
#12216=AXIS2_PLACEMENT_3D('',#12217,#12218,#12219);
#12217=CARTESIAN_POINT('',(4.25940125,2.717791838,1.0));
#12218=DIRECTION('',(0.046209907,0.024570243,0.998629535));
#12219=DIRECTION('',(0.469471563,-0.882947593,-6.938893904E-18));
#12220=ADVANCED_FACE('',(#12221),#12232,.T.);
#12221=FACE_BOUND('',#12222,.T.);
#12222=EDGE_LOOP('',(#12223,#12224,#12225,#12226));
#12223=ORIENTED_EDGE('',*,*,#12153,.F.);
#12224=ORIENTED_EDGE('',*,*,#10468,.F.);
#12225=ORIENTED_EDGE('',*,*,#12135,.F.);
#12226=ORIENTED_EDGE('',*,*,#12227,.T.);
#12227=EDGE_CURVE('',#12128,#12154,#12228,.T.);
#12228=LINE('',#12229,#12230);
#12229=CARTESIAN_POINT('',(4.447323223,2.817711723,0.284299213));
#12230=VECTOR('',#12231,1.0);
#12231=DIRECTION('',(0.469471563,-0.882947593,0.0));
#12232=CYLINDRICAL_SURFACE('',#12233,0.3);
#12233=AXIS2_PLACEMENT_3D('',#12234,#12235,#12236);
#12234=CARTESIAN_POINT('',(4.18280196,2.677063273,0.3));
#12235=DIRECTION('',(0.469471563,-0.882947593,0.0));
#12236=DIRECTION('',(0.882947593,0.469471563,0.0));
#12237=ADVANCED_FACE('',(#12238),#12244,.T.);
#12238=FACE_BOUND('',#12239,.T.);
#12239=EDGE_LOOP('',(#12240,#12241,#12242,#12243));
#12240=ORIENTED_EDGE('',*,*,#12162,.F.);
#12241=ORIENTED_EDGE('',*,*,#12227,.F.);
#12242=ORIENTED_EDGE('',*,*,#12127,.F.);
#12243=ORIENTED_EDGE('',*,*,#12210,.F.);
#12244=PLANE('',#12245);
#12245=AXIS2_PLACEMENT_3D('',#12246,#12247,#12248);
#12246=CARTESIAN_POINT('',(4.447323223,2.817711723,0.284299213));
#12247=DIRECTION('',(0.881737544,0.468828168,-0.052335956));
#12248=DIRECTION('',(-0.469471563,0.882947593,1.040834086E-17));
#12249=ADVANCED_FACE('',(#12250),#12261,.F.);
#12250=FACE_BOUND('',#12251,.T.);
#12251=EDGE_LOOP('',(#12252,#12253,#12259,#12260));
#12252=ORIENTED_EDGE('',*,*,#12186,.F.);
#12253=ORIENTED_EDGE('',*,*,#12254,.T.);
#12254=EDGE_CURVE('',#12179,#12103,#12255,.F.);
#12255=LINE('',#12256,#12257);
#12256=CARTESIAN_POINT('',(4.226888837,2.700504681,0.297383202));
#12257=VECTOR('',#12258,1.0);
#12258=DIRECTION('',(0.469471563,-0.882947593,0.0));
#12259=ORIENTED_EDGE('',*,*,#12102,.F.);
#12260=ORIENTED_EDGE('',*,*,#10333,.F.);
#12261=CYLINDRICAL_SURFACE('',#12262,0.05);
#12262=AXIS2_PLACEMENT_3D('',#12263,#12264,#12265);
#12263=CARTESIAN_POINT('',(4.18280196,2.677063273,0.3));
#12264=DIRECTION('',(0.469471563,-0.882947593,0.0));
#12265=DIRECTION('',(0.882947593,0.469471563,0.0));
#12266=ADVANCED_FACE('',(#12267),#12273,.F.);
#12267=FACE_BOUND('',#12268,.T.);
#12268=EDGE_LOOP('',(#12269,#12270,#12271,#12272));
#12269=ORIENTED_EDGE('',*,*,#12178,.F.);
#12270=ORIENTED_EDGE('',*,*,#12203,.F.);
#12271=ORIENTED_EDGE('',*,*,#12111,.F.);
#12272=ORIENTED_EDGE('',*,*,#12254,.F.);
#12273=PLANE('',#12274);
#12274=AXIS2_PLACEMENT_3D('',#12275,#12276,#12277);
#12275=CARTESIAN_POINT('',(4.226888837,2.700504681,0.297383202));
#12276=DIRECTION('',(0.881737544,0.468828168,-0.052335956));
#12277=DIRECTION('',(-0.469471563,0.882947593,1.040834086E-17));
#12278=ADVANCED_FACE('',(#12279),#12324,.F.);
#12279=FACE_BOUND('',#12280,.T.);
#12280=EDGE_LOOP('',(#12281,#12282,#12283,#12292,#12300,#12308,#12316,#12323));
#12281=ORIENTED_EDGE('',*,*,#9591,.F.);
#12282=ORIENTED_EDGE('',*,*,#10412,.F.);
#12283=ORIENTED_EDGE('',*,*,#12284,.T.);
#12284=EDGE_CURVE('',#10405,#12285,#12287,.F.);
#12285=VERTEX_POINT('',#12286);
#12286=CARTESIAN_POINT('',(-4.447323223,2.817711723,0.284299213));
#12287=CIRCLE('',#12288,0.3);
#12288=AXIS2_PLACEMENT_3D('',#12289,#12290,#12291);
#12289=CARTESIAN_POINT('',(-4.18280196,2.677063273,0.3));
#12290=DIRECTION('',(-0.469471563,-0.882947593,0.0));
#12291=DIRECTION('',(0.882947593,-0.469471563,0.0));
#12292=ORIENTED_EDGE('',*,*,#12293,.T.);
#12293=EDGE_CURVE('',#12285,#12294,#12296,.T.);
#12294=VERTEX_POINT('',#12295);
#12295=CARTESIAN_POINT('',(-4.479835636,2.83499888,0.986916011));
#12296=LINE('',#12297,#12298);
#12297=CARTESIAN_POINT('',(-4.479835636,2.83499888,0.986916011));
#12298=VECTOR('',#12299,1.0);
#12299=DIRECTION('',(-0.046209907,0.024570243,0.998629535));
#12300=ORIENTED_EDGE('',*,*,#12301,.T.);
#12301=EDGE_CURVE('',#12294,#12302,#12304,.F.);
#12302=VERTEX_POINT('',#12303);
#12303=CARTESIAN_POINT('',(-4.25940125,2.717791838,1.0));
#12304=LINE('',#12305,#12306);
#12305=CARTESIAN_POINT('',(-4.25940125,2.717791838,1.0));
#12306=VECTOR('',#12307,1.0);
#12307=DIRECTION('',(-0.881737544,0.468828168,-0.052335956));
#12308=ORIENTED_EDGE('',*,*,#12309,.T.);
#12309=EDGE_CURVE('',#12302,#12310,#12312,.T.);
#12310=VERTEX_POINT('',#12311);
#12311=CARTESIAN_POINT('',(-4.226888837,2.700504681,0.297383202));
#12312=LINE('',#12313,#12314);
#12313=CARTESIAN_POINT('',(-4.25940125,2.717791838,1.0));
#12314=VECTOR('',#12315,1.0);
#12315=DIRECTION('',(0.046209907,-0.024570243,-0.998629535));
#12316=ORIENTED_EDGE('',*,*,#12317,.T.);
#12317=EDGE_CURVE('',#12310,#10232,#12318,.T.);
#12318=CIRCLE('',#12319,0.05);
#12319=AXIS2_PLACEMENT_3D('',#12320,#12321,#12322);
#12320=CARTESIAN_POINT('',(-4.18280196,2.677063273,0.3));
#12321=DIRECTION('',(-0.469471563,-0.882947593,-6.162975822E-33));
#12322=DIRECTION('',(-0.882947593,0.469471563,0.0));
#12323=ORIENTED_EDGE('',*,*,#10231,.F.);
#12324=PLANE('',#12325);
#12325=AXIS2_PLACEMENT_3D('',#12326,#12327,#12328);
#12326=CARTESIAN_POINT('',(-4.18280196,2.677063273,0.0));
#12327=DIRECTION('',(-0.469471563,-0.882947593,0.0));
#12328=DIRECTION('',(0.882947593,-0.469471563,0.0));
#12329=ADVANCED_FACE('',(#12330),#12375,.F.);
#12330=FACE_BOUND('',#12331,.T.);
#12331=EDGE_LOOP('',(#12332,#12333,#12334,#12343,#12351,#12359,#12367,#12374));
#12332=ORIENTED_EDGE('',*,*,#9633,.F.);
#12333=ORIENTED_EDGE('',*,*,#10247,.F.);
#12334=ORIENTED_EDGE('',*,*,#12335,.T.);
#12335=EDGE_CURVE('',#10240,#12336,#12338,.F.);
#12336=VERTEX_POINT('',#12337);
#12337=CARTESIAN_POINT('',(-4.602466087,1.994146607,0.297383202));
#12338=CIRCLE('',#12339,0.05);
#12339=AXIS2_PLACEMENT_3D('',#12340,#12341,#12342);
#12340=CARTESIAN_POINT('',(-4.55837921,1.970705199,0.3));
#12341=DIRECTION('',(-0.469471563,-0.882947593,-6.162975822E-33));
#12342=DIRECTION('',(-0.882947593,0.469471563,0.0));
#12343=ORIENTED_EDGE('',*,*,#12344,.T.);
#12344=EDGE_CURVE('',#12336,#12345,#12347,.F.);
#12345=VERTEX_POINT('',#12346);
#12346=CARTESIAN_POINT('',(-4.634978501,2.011433764,1.0));
#12347=LINE('',#12348,#12349);
#12348=CARTESIAN_POINT('',(-4.634978501,2.011433764,1.0));
#12349=VECTOR('',#12350,1.0);
#12350=DIRECTION('',(0.046209907,-0.024570243,-0.998629535));
#12351=ORIENTED_EDGE('',*,*,#12352,.T.);
#12352=EDGE_CURVE('',#12345,#12353,#12355,.T.);
#12353=VERTEX_POINT('',#12354);
#12354=CARTESIAN_POINT('',(-4.855412887,2.128640806,0.986916011));
#12355=LINE('',#12356,#12357);
#12356=CARTESIAN_POINT('',(-4.634978501,2.011433764,1.0));
#12357=VECTOR('',#12358,1.0);
#12358=DIRECTION('',(-0.881737544,0.468828168,-0.052335956));
#12359=ORIENTED_EDGE('',*,*,#12360,.T.);
#12360=EDGE_CURVE('',#12353,#12361,#12363,.F.);
#12361=VERTEX_POINT('',#12362);
#12362=CARTESIAN_POINT('',(-4.822900473,2.111353649,0.284299213));
#12363=LINE('',#12364,#12365);
#12364=CARTESIAN_POINT('',(-4.855412887,2.128640806,0.986916011));
#12365=VECTOR('',#12366,1.0);
#12366=DIRECTION('',(-0.046209907,0.024570243,0.998629535));
#12367=ORIENTED_EDGE('',*,*,#12368,.T.);
#12368=EDGE_CURVE('',#12361,#10397,#12369,.T.);
#12369=CIRCLE('',#12370,0.3);
#12370=AXIS2_PLACEMENT_3D('',#12371,#12372,#12373);
#12371=CARTESIAN_POINT('',(-4.55837921,1.970705199,0.3));
#12372=DIRECTION('',(-0.469471563,-0.882947593,0.0));
#12373=DIRECTION('',(0.882947593,-0.469471563,0.0));
#12374=ORIENTED_EDGE('',*,*,#10396,.F.);
#12375=PLANE('',#12376);
#12376=AXIS2_PLACEMENT_3D('',#12377,#12378,#12379);
#12377=CARTESIAN_POINT('',(-4.337642312,1.853337308,0.0));
#12378=DIRECTION('',(0.469471563,0.882947593,0.0));
#12379=DIRECTION('',(-0.882947593,0.469471563,0.0));
#12380=ADVANCED_FACE('',(#12381),#12397,.F.);
#12381=FACE_BOUND('',#12382,.T.);
#12382=EDGE_LOOP('',(#12383,#12389,#12390,#12396));
#12383=ORIENTED_EDGE('',*,*,#12384,.T.);
#12384=EDGE_CURVE('',#12345,#12302,#12385,.F.);
#12385=LINE('',#12386,#12387);
#12386=CARTESIAN_POINT('',(-4.25940125,2.717791838,1.0));
#12387=VECTOR('',#12388,1.0);
#12388=DIRECTION('',(-0.469471563,-0.882947593,0.0));
#12389=ORIENTED_EDGE('',*,*,#12301,.F.);
#12390=ORIENTED_EDGE('',*,*,#12391,.T.);
#12391=EDGE_CURVE('',#12294,#12353,#12392,.T.);
#12392=LINE('',#12393,#12394);
#12393=CARTESIAN_POINT('',(-4.479835636,2.83499888,0.986916011));
#12394=VECTOR('',#12395,1.0);
#12395=DIRECTION('',(-0.469471563,-0.882947593,0.0));
#12396=ORIENTED_EDGE('',*,*,#12352,.F.);
#12397=PLANE('',#12398);
#12398=AXIS2_PLACEMENT_3D('',#12399,#12400,#12401);
#12399=CARTESIAN_POINT('',(-4.25940125,2.717791838,1.0));
#12400=DIRECTION('',(0.046209907,-0.024570243,-0.998629535));
#12401=DIRECTION('',(-0.469471563,-0.882947593,-6.938893904E-18));
#12402=ADVANCED_FACE('',(#12403),#12414,.T.);
#12403=FACE_BOUND('',#12404,.T.);
#12404=EDGE_LOOP('',(#12405,#12406,#12407,#12408));
#12405=ORIENTED_EDGE('',*,*,#12360,.F.);
#12406=ORIENTED_EDGE('',*,*,#12391,.F.);
#12407=ORIENTED_EDGE('',*,*,#12293,.F.);
#12408=ORIENTED_EDGE('',*,*,#12409,.T.);
#12409=EDGE_CURVE('',#12285,#12361,#12410,.T.);
#12410=LINE('',#12411,#12412);
#12411=CARTESIAN_POINT('',(-4.447323223,2.817711723,0.284299213));
#12412=VECTOR('',#12413,1.0);
#12413=DIRECTION('',(-0.469471563,-0.882947593,0.0));
#12414=PLANE('',#12415);
#12415=AXIS2_PLACEMENT_3D('',#12416,#12417,#12418);
#12416=CARTESIAN_POINT('',(-4.479835636,2.83499888,0.986916011));
#12417=DIRECTION('',(-0.881737544,0.468828168,-0.052335956));
#12418=DIRECTION('',(-0.469471563,-0.882947593,-1.040834086E-17));
#12419=ADVANCED_FACE('',(#12420),#12426,.T.);
#12420=FACE_BOUND('',#12421,.T.);
#12421=EDGE_LOOP('',(#12422,#12423,#12424,#12425));
#12422=ORIENTED_EDGE('',*,*,#12368,.F.);
#12423=ORIENTED_EDGE('',*,*,#12409,.F.);
#12424=ORIENTED_EDGE('',*,*,#12284,.F.);
#12425=ORIENTED_EDGE('',*,*,#10404,.F.);
#12426=CYLINDRICAL_SURFACE('',#12427,0.3);
#12427=AXIS2_PLACEMENT_3D('',#12428,#12429,#12430);
#12428=CARTESIAN_POINT('',(-4.18280196,2.677063273,0.3));
#12429=DIRECTION('',(-0.469471563,-0.882947593,0.0));
#12430=DIRECTION('',(0.882947593,-0.469471563,0.0));
#12431=ADVANCED_FACE('',(#12432),#12443,.F.);
#12432=FACE_BOUND('',#12433,.T.);
#12433=EDGE_LOOP('',(#12434,#12435,#12441,#12442));
#12434=ORIENTED_EDGE('',*,*,#12344,.F.);
#12435=ORIENTED_EDGE('',*,*,#12436,.T.);
#12436=EDGE_CURVE('',#12336,#12310,#12437,.F.);
#12437=LINE('',#12438,#12439);
#12438=CARTESIAN_POINT('',(-4.226888837,2.700504681,0.297383202));
#12439=VECTOR('',#12440,1.0);
#12440=DIRECTION('',(-0.469471563,-0.882947593,0.0));
#12441=ORIENTED_EDGE('',*,*,#12309,.F.);
#12442=ORIENTED_EDGE('',*,*,#12384,.F.);
#12443=PLANE('',#12444);
#12444=AXIS2_PLACEMENT_3D('',#12445,#12446,#12447);
#12445=CARTESIAN_POINT('',(-4.25940125,2.717791838,1.0));
#12446=DIRECTION('',(-0.881737544,0.468828168,-0.052335956));
#12447=DIRECTION('',(-0.469471563,-0.882947593,-1.040834086E-17));
#12448=ADVANCED_FACE('',(#12449),#12455,.F.);
#12449=FACE_BOUND('',#12450,.T.);
#12450=EDGE_LOOP('',(#12451,#12452,#12453,#12454));
#12451=ORIENTED_EDGE('',*,*,#12335,.F.);
#12452=ORIENTED_EDGE('',*,*,#10239,.F.);
#12453=ORIENTED_EDGE('',*,*,#12317,.F.);
#12454=ORIENTED_EDGE('',*,*,#12436,.F.);
#12455=CYLINDRICAL_SURFACE('',#12456,0.05);
#12456=AXIS2_PLACEMENT_3D('',#12457,#12458,#12459);
#12457=CARTESIAN_POINT('',(-4.18280196,2.677063273,0.3));
#12458=DIRECTION('',(-0.469471563,-0.882947593,0.0));
#12459=DIRECTION('',(0.882947593,-0.469471563,0.0));
#12460=MANIFOLD_SOLID_BREP('',#12461);
#12461=CLOSED_SHELL('',(#12462,#12504,#12546,#12588,#12630,#12704,#12769,#12809,#12883,#12923,#12988,#13028,#13070,#13112,#13278,#13444,#13466,#13483,#13505,#13522,#13534,#13551,#13568,#13608,#13625,#13665,#13682,#13694,#13706,#13803,#13920,#13942,#13984,#14009,#14056,#14073,#14090,#14102,#14144,#14169,#14216,#14233,#14250,#14262,#14284,#14306,#14322,#14338,#14387,#14436,#14458,#14475,#14487,#14504,#14516,#14556,#14603,#14615,#14662,#14674,#14686,#14698,#14710,#14722,#14762,#14779,#14821,#14838,#14880,#14892,#14904,#14916,#14928,#14979,#15030,#15052,#15069,#15081,#15098,#15110,#15161,#15212,#15234,#15251,#15263,#15280));
#12462=ADVANCED_FACE('',(#12463),#12499,.T.);
#12463=FACE_BOUND('',#12464,.T.);
#12464=EDGE_LOOP('',(#12465,#12476,#12484,#12493));
#12465=ORIENTED_EDGE('',*,*,#12466,.T.);
#12466=EDGE_CURVE('',#12467,#12469,#12471,.T.);
#12467=VERTEX_POINT('',#12468);
#12468=CARTESIAN_POINT('',(-3.835829945,-3.128723164,0.25));
#12469=VERTEX_POINT('',#12470);
#12470=CARTESIAN_POINT('',(-4.168508728,-2.669463427,0.25));
#12471=CIRCLE('',#12472,4.95);
#12472=AXIS2_PLACEMENT_3D('',#12473,#12474,#12475);
#12473=CARTESIAN_POINT('',(0.0,0.0,0.25));
#12474=DIRECTION('',(0.0,0.0,-1.0));
#12475=DIRECTION('',(1.0,0.0,0.0));
#12476=ORIENTED_EDGE('',*,*,#12477,.T.);
#12477=EDGE_CURVE('',#12469,#12478,#12480,.T.);
#12478=VERTEX_POINT('',#12479);
#12479=CARTESIAN_POINT('',(-4.168508728,-2.669463427,0.0));
#12480=LINE('',#12481,#12482);
#12481=CARTESIAN_POINT('',(-4.168508728,-2.669463427,0.25));
#12482=VECTOR('',#12483,1.0);
#12483=DIRECTION('',(0.0,0.0,-1.0));
#12484=ORIENTED_EDGE('',*,*,#12485,.T.);
#12485=EDGE_CURVE('',#12478,#12486,#12488,.F.);
#12486=VERTEX_POINT('',#12487);
#12487=CARTESIAN_POINT('',(-3.835829945,-3.128723164,0.0));
#12488=CIRCLE('',#12489,4.95);
#12489=AXIS2_PLACEMENT_3D('',#12490,#12491,#12492);
#12490=CARTESIAN_POINT('',(0.0,0.0,0.0));
#12491=DIRECTION('',(0.0,0.0,-1.0));
#12492=DIRECTION('',(1.0,0.0,0.0));
#12493=ORIENTED_EDGE('',*,*,#12494,.T.);
#12494=EDGE_CURVE('',#12486,#12467,#12495,.F.);
#12495=LINE('',#12496,#12497);
#12496=CARTESIAN_POINT('',(-3.835829945,-3.128723164,0.25));
#12497=VECTOR('',#12498,1.0);
#12498=DIRECTION('',(0.0,0.0,-1.0));
#12499=CYLINDRICAL_SURFACE('',#12500,4.95);
#12500=AXIS2_PLACEMENT_3D('',#12501,#12502,#12503);
#12501=CARTESIAN_POINT('',(0.0,0.0,0.25));
#12502=DIRECTION('',(0.0,0.0,-1.0));
#12503=DIRECTION('',(-1.0,0.0,0.0));
#12504=ADVANCED_FACE('',(#12505),#12541,.T.);
#12505=FACE_BOUND('',#12506,.T.);
#12506=EDGE_LOOP('',(#12507,#12518,#12526,#12535));
#12507=ORIENTED_EDGE('',*,*,#12508,.T.);
#12508=EDGE_CURVE('',#12509,#12511,#12513,.F.);
#12509=VERTEX_POINT('',#12510);
#12510=CARTESIAN_POINT('',(-4.648924607,-1.7,0.0));
#12511=VERTEX_POINT('',#12512);
#12512=CARTESIAN_POINT('',(-4.544085978,-1.963105352,0.0));
#12513=CIRCLE('',#12514,4.95);
#12514=AXIS2_PLACEMENT_3D('',#12515,#12516,#12517);
#12515=CARTESIAN_POINT('',(0.0,0.0,0.0));
#12516=DIRECTION('',(0.0,0.0,-1.0));
#12517=DIRECTION('',(1.0,0.0,0.0));
#12518=ORIENTED_EDGE('',*,*,#12519,.T.);
#12519=EDGE_CURVE('',#12511,#12520,#12522,.F.);
#12520=VERTEX_POINT('',#12521);
#12521=CARTESIAN_POINT('',(-4.544085978,-1.963105352,0.25));
#12522=LINE('',#12523,#12524);
#12523=CARTESIAN_POINT('',(-4.544085978,-1.963105352,0.25));
#12524=VECTOR('',#12525,1.0);
#12525=DIRECTION('',(0.0,0.0,-1.0));
#12526=ORIENTED_EDGE('',*,*,#12527,.T.);
#12527=EDGE_CURVE('',#12520,#12528,#12530,.T.);
#12528=VERTEX_POINT('',#12529);
#12529=CARTESIAN_POINT('',(-4.648924607,-1.7,0.25));
#12530=CIRCLE('',#12531,4.95);
#12531=AXIS2_PLACEMENT_3D('',#12532,#12533,#12534);
#12532=CARTESIAN_POINT('',(0.0,0.0,0.25));
#12533=DIRECTION('',(0.0,0.0,-1.0));
#12534=DIRECTION('',(1.0,0.0,0.0));
#12535=ORIENTED_EDGE('',*,*,#12536,.T.);
#12536=EDGE_CURVE('',#12528,#12509,#12537,.F.);
#12537=LINE('',#12538,#12539);
#12538=CARTESIAN_POINT('',(-4.648924607,-1.7,0.0));
#12539=VECTOR('',#12540,1.0);
#12540=DIRECTION('',(0.0,0.0,1.0));
#12541=CYLINDRICAL_SURFACE('',#12542,4.95);
#12542=AXIS2_PLACEMENT_3D('',#12543,#12544,#12545);
#12543=CARTESIAN_POINT('',(0.0,0.0,0.25));
#12544=DIRECTION('',(0.0,0.0,-1.0));
#12545=DIRECTION('',(-1.0,0.0,0.0));
#12546=ADVANCED_FACE('',(#12547),#12583,.T.);
#12547=FACE_BOUND('',#12548,.T.);
#12548=EDGE_LOOP('',(#12549,#12560,#12568,#12577));
#12549=ORIENTED_EDGE('',*,*,#12550,.T.);
#12550=EDGE_CURVE('',#12551,#12553,#12555,.F.);
#12551=VERTEX_POINT('',#12552);
#12552=CARTESIAN_POINT('',(3.835829945,-3.128723164,0.0));
#12553=VERTEX_POINT('',#12554);
#12554=CARTESIAN_POINT('',(4.168508728,-2.669463427,0.0));
#12555=CIRCLE('',#12556,4.95);
#12556=AXIS2_PLACEMENT_3D('',#12557,#12558,#12559);
#12557=CARTESIAN_POINT('',(0.0,0.0,0.0));
#12558=DIRECTION('',(0.0,0.0,-1.0));
#12559=DIRECTION('',(1.0,0.0,0.0));
#12560=ORIENTED_EDGE('',*,*,#12561,.T.);
#12561=EDGE_CURVE('',#12553,#12562,#12564,.F.);
#12562=VERTEX_POINT('',#12563);
#12563=CARTESIAN_POINT('',(4.168508728,-2.669463427,0.25));
#12564=LINE('',#12565,#12566);
#12565=CARTESIAN_POINT('',(4.168508728,-2.669463427,0.25));
#12566=VECTOR('',#12567,1.0);
#12567=DIRECTION('',(0.0,0.0,-1.0));
#12568=ORIENTED_EDGE('',*,*,#12569,.T.);
#12569=EDGE_CURVE('',#12562,#12570,#12572,.T.);
#12570=VERTEX_POINT('',#12571);
#12571=CARTESIAN_POINT('',(3.835829945,-3.128723164,0.25));
#12572=CIRCLE('',#12573,4.95);
#12573=AXIS2_PLACEMENT_3D('',#12574,#12575,#12576);
#12574=CARTESIAN_POINT('',(0.0,0.0,0.25));
#12575=DIRECTION('',(0.0,0.0,-1.0));
#12576=DIRECTION('',(1.0,0.0,0.0));
#12577=ORIENTED_EDGE('',*,*,#12578,.T.);
#12578=EDGE_CURVE('',#12570,#12551,#12579,.T.);
#12579=LINE('',#12580,#12581);
#12580=CARTESIAN_POINT('',(3.835829945,-3.128723164,0.25));
#12581=VECTOR('',#12582,1.0);
#12582=DIRECTION('',(0.0,0.0,-1.0));
#12583=CYLINDRICAL_SURFACE('',#12584,4.95);
#12584=AXIS2_PLACEMENT_3D('',#12585,#12586,#12587);
#12585=CARTESIAN_POINT('',(0.0,0.0,0.25));
#12586=DIRECTION('',(0.0,0.0,-1.0));
#12587=DIRECTION('',(-1.0,0.0,0.0));
#12588=ADVANCED_FACE('',(#12589),#12625,.T.);
#12589=FACE_BOUND('',#12590,.T.);
#12590=EDGE_LOOP('',(#12591,#12602,#12610,#12619));
#12591=ORIENTED_EDGE('',*,*,#12592,.T.);
#12592=EDGE_CURVE('',#12593,#12595,#12597,.T.);
#12593=VERTEX_POINT('',#12594);
#12594=CARTESIAN_POINT('',(4.648924607,-1.7,0.25));
#12595=VERTEX_POINT('',#12596);
#12596=CARTESIAN_POINT('',(4.544085978,-1.963105352,0.25));
#12597=CIRCLE('',#12598,4.95);
#12598=AXIS2_PLACEMENT_3D('',#12599,#12600,#12601);
#12599=CARTESIAN_POINT('',(0.0,0.0,0.25));
#12600=DIRECTION('',(0.0,0.0,-1.0));
#12601=DIRECTION('',(1.0,0.0,0.0));
#12602=ORIENTED_EDGE('',*,*,#12603,.T.);
#12603=EDGE_CURVE('',#12595,#12604,#12606,.T.);
#12604=VERTEX_POINT('',#12605);
#12605=CARTESIAN_POINT('',(4.544085978,-1.963105352,0.0));
#12606=LINE('',#12607,#12608);
#12607=CARTESIAN_POINT('',(4.544085978,-1.963105352,0.25));
#12608=VECTOR('',#12609,1.0);
#12609=DIRECTION('',(0.0,0.0,-1.0));
#12610=ORIENTED_EDGE('',*,*,#12611,.T.);
#12611=EDGE_CURVE('',#12604,#12612,#12614,.F.);
#12612=VERTEX_POINT('',#12613);
#12613=CARTESIAN_POINT('',(4.648924607,-1.7,0.0));
#12614=CIRCLE('',#12615,4.95);
#12615=AXIS2_PLACEMENT_3D('',#12616,#12617,#12618);
#12616=CARTESIAN_POINT('',(0.0,0.0,0.0));
#12617=DIRECTION('',(0.0,0.0,-1.0));
#12618=DIRECTION('',(1.0,0.0,0.0));
#12619=ORIENTED_EDGE('',*,*,#12620,.T.);
#12620=EDGE_CURVE('',#12612,#12593,#12621,.T.);
#12621=LINE('',#12622,#12623);
#12622=CARTESIAN_POINT('',(4.648924607,-1.7,0.0));
#12623=VECTOR('',#12624,1.0);
#12624=DIRECTION('',(0.0,0.0,1.0));
#12625=CYLINDRICAL_SURFACE('',#12626,4.95);
#12626=AXIS2_PLACEMENT_3D('',#12627,#12628,#12629);
#12627=CARTESIAN_POINT('',(0.0,0.0,0.25));
#12628=DIRECTION('',(0.0,0.0,-1.0));
#12629=DIRECTION('',(-1.0,0.0,0.0));
#12630=ADVANCED_FACE('',(#12631),#12699,.F.);
#12631=FACE_BOUND('',#12632,.T.);
#12632=EDGE_LOOP('',(#12633,#12643,#12651,#12659,#12668,#12676,#12684,#12692));
#12633=ORIENTED_EDGE('',*,*,#12634,.T.);
#12634=EDGE_CURVE('',#12635,#12637,#12639,.T.);
#12635=VERTEX_POINT('',#12636);
#12636=CARTESIAN_POINT('',(-3.181980515,-3.889087297,0.3));
#12637=VERTEX_POINT('',#12638);
#12638=CARTESIAN_POINT('',(-3.181980515,-3.889087297,2.746049412));
#12639=LINE('',#12640,#12641);
#12640=CARTESIAN_POINT('',(-3.181980515,-3.889087297,0.3));
#12641=VECTOR('',#12642,1.0);
#12642=DIRECTION('',(1.288856896E-16,1.288856896E-16,1.0));
#12643=ORIENTED_EDGE('',*,*,#12644,.T.);
#12644=EDGE_CURVE('',#12637,#12645,#12647,.T.);
#12645=VERTEX_POINT('',#12646);
#12646=CARTESIAN_POINT('',(-3.358757211,-4.065863992,2.746049412));
#12647=LINE('',#12648,#12649);
#12648=CARTESIAN_POINT('',(7.782414981,7.0753082,2.746049412));
#12649=VECTOR('',#12650,1.0);
#12650=DIRECTION('',(-0.707106781,-0.707106781,2.455856687E-16));
#12651=ORIENTED_EDGE('',*,*,#12652,.T.);
#12652=EDGE_CURVE('',#12645,#12653,#12655,.F.);
#12653=VERTEX_POINT('',#12654);
#12654=CARTESIAN_POINT('',(-3.358757211,-4.065863992,0.3));
#12655=LINE('',#12656,#12657);
#12656=CARTESIAN_POINT('',(-3.358757211,-4.065863992,0.3));
#12657=VECTOR('',#12658,1.0);
#12658=DIRECTION('',(1.288856896E-16,1.288856896E-16,1.0));
#12659=ORIENTED_EDGE('',*,*,#12660,.T.);
#12660=EDGE_CURVE('',#12653,#12661,#12663,.F.);
#12661=VERTEX_POINT('',#12662);
#12662=CARTESIAN_POINT('',(-3.146625176,-3.853731957,5.421010862E-17));
#12663=CIRCLE('',#12664,0.3);
#12664=AXIS2_PLACEMENT_3D('',#12665,#12666,#12667);
#12665=CARTESIAN_POINT('',(-3.146625176,-3.853731957,0.3));
#12666=DIRECTION('',(-0.707106781,0.707106781,7.395570986E-32));
#12667=DIRECTION('',(0.707106781,0.707106781,-1.533293417E-16));
#12668=ORIENTED_EDGE('',*,*,#12669,.T.);
#12669=EDGE_CURVE('',#12661,#12670,#12672,.T.);
#12670=VERTEX_POINT('',#12671);
#12671=CARTESIAN_POINT('',(-3.010660172,-3.717766953,0.0));
#12672=LINE('',#12673,#12674);
#12673=CARTESIAN_POINT('',(-3.146625176,-3.853731957,0.0));
#12674=VECTOR('',#12675,1.0);
#12675=DIRECTION('',(0.707106781,0.707106781,0.0));
#12676=ORIENTED_EDGE('',*,*,#12677,.T.);
#12677=EDGE_CURVE('',#12670,#12678,#12680,.F.);
#12678=VERTEX_POINT('',#12679);
#12679=CARTESIAN_POINT('',(-3.010660172,-3.717766953,0.25));
#12680=LINE('',#12681,#12682);
#12681=CARTESIAN_POINT('',(-3.010660172,-3.717766953,12.824919937));
#12682=VECTOR('',#12683,1.0);
#12683=DIRECTION('',(0.0,0.0,-1.0));
#12684=ORIENTED_EDGE('',*,*,#12685,.T.);
#12685=EDGE_CURVE('',#12678,#12686,#12688,.F.);
#12686=VERTEX_POINT('',#12687);
#12687=CARTESIAN_POINT('',(-3.146625176,-3.853731957,0.25));
#12688=LINE('',#12689,#12690);
#12689=CARTESIAN_POINT('',(0.353553391,-0.353553391,0.25));
#12690=VECTOR('',#12691,1.0);
#12691=DIRECTION('',(0.707106781,0.707106781,0.0));
#12692=ORIENTED_EDGE('',*,*,#12693,.T.);
#12693=EDGE_CURVE('',#12686,#12635,#12694,.T.);
#12694=CIRCLE('',#12695,0.05);
#12695=AXIS2_PLACEMENT_3D('',#12696,#12697,#12698);
#12696=CARTESIAN_POINT('',(-3.146625176,-3.853731957,0.3));
#12697=DIRECTION('',(-0.707106781,0.707106781,0.0));
#12698=DIRECTION('',(-0.707106781,-0.707106781,0.0));
#12699=PLANE('',#12700);
#12700=AXIS2_PLACEMENT_3D('',#12701,#12702,#12703);
#12701=CARTESIAN_POINT('',(-3.146625176,-3.853731957,12.824919937));
#12702=DIRECTION('',(-0.707106781,0.707106781,0.0));
#12703=DIRECTION('',(-0.707106781,-0.707106781,0.0));
#12704=ADVANCED_FACE('',(#12705),#12764,.T.);
#12705=FACE_BOUND('',#12706,.T.);
#12706=EDGE_LOOP('',(#12707,#12717,#12725,#12733,#12742,#12748,#12749,#12757));
#12707=ORIENTED_EDGE('',*,*,#12708,.T.);
#12708=EDGE_CURVE('',#12709,#12711,#12713,.T.);
#12709=VERTEX_POINT('',#12710);
#12710=CARTESIAN_POINT('',(-4.065863992,-3.358757211,0.3));
#12711=VERTEX_POINT('',#12712);
#12712=CARTESIAN_POINT('',(-4.065863992,-3.358757211,2.746049412));
#12713=LINE('',#12714,#12715);
#12714=CARTESIAN_POINT('',(-4.065863992,-3.358757211,0.3));
#12715=VECTOR('',#12716,1.0);
#12716=DIRECTION('',(1.288856896E-16,1.288856896E-16,1.0));
#12717=ORIENTED_EDGE('',*,*,#12718,.T.);
#12718=EDGE_CURVE('',#12711,#12719,#12721,.F.);
#12719=VERTEX_POINT('',#12720);
#12720=CARTESIAN_POINT('',(-3.889087297,-3.181980515,2.746049412));
#12721=LINE('',#12722,#12723);
#12722=CARTESIAN_POINT('',(7.0753082,7.782414981,2.746049412));
#12723=VECTOR('',#12724,1.0);
#12724=DIRECTION('',(-0.707106781,-0.707106781,2.455856687E-16));
#12725=ORIENTED_EDGE('',*,*,#12726,.T.);
#12726=EDGE_CURVE('',#12719,#12727,#12729,.F.);
#12727=VERTEX_POINT('',#12728);
#12728=CARTESIAN_POINT('',(-3.889087297,-3.181980515,0.3));
#12729=LINE('',#12730,#12731);
#12730=CARTESIAN_POINT('',(-3.889087297,-3.181980515,0.3));
#12731=VECTOR('',#12732,1.0);
#12732=DIRECTION('',(1.288856896E-16,1.288856896E-16,1.0));
#12733=ORIENTED_EDGE('',*,*,#12734,.T.);
#12734=EDGE_CURVE('',#12727,#12735,#12737,.F.);
#12735=VERTEX_POINT('',#12736);
#12736=CARTESIAN_POINT('',(-3.853731957,-3.146625176,0.25));
#12737=CIRCLE('',#12738,0.05);
#12738=AXIS2_PLACEMENT_3D('',#12739,#12740,#12741);
#12739=CARTESIAN_POINT('',(-3.853731957,-3.146625176,0.3));
#12740=DIRECTION('',(-0.707106781,0.707106781,0.0));
#12741=DIRECTION('',(-0.707106781,-0.707106781,0.0));
#12742=ORIENTED_EDGE('',*,*,#12743,.T.);
#12743=EDGE_CURVE('',#12735,#12467,#12744,.F.);
#12744=LINE('',#12745,#12746);
#12745=CARTESIAN_POINT('',(-3.500178567,-2.793071786,0.25));
#12746=VECTOR('',#12747,1.0);
#12747=DIRECTION('',(-0.707106781,-0.707106781,0.0));
#12748=ORIENTED_EDGE('',*,*,#12494,.F.);
#12749=ORIENTED_EDGE('',*,*,#12750,.T.);
#12750=EDGE_CURVE('',#12486,#12751,#12753,.T.);
#12751=VERTEX_POINT('',#12752);
#12752=CARTESIAN_POINT('',(-3.853731957,-3.146625176,5.421010862E-17));
#12753=LINE('',#12754,#12755);
#12754=CARTESIAN_POINT('',(-3.500178567,-2.793071786,0.0));
#12755=VECTOR('',#12756,1.0);
#12756=DIRECTION('',(-0.707106781,-0.707106781,0.0));
#12757=ORIENTED_EDGE('',*,*,#12758,.T.);
#12758=EDGE_CURVE('',#12751,#12709,#12759,.T.);
#12759=CIRCLE('',#12760,0.3);
#12760=AXIS2_PLACEMENT_3D('',#12761,#12762,#12763);
#12761=CARTESIAN_POINT('',(-3.853731957,-3.146625176,0.3));
#12762=DIRECTION('',(-0.707106781,0.707106781,7.395570986E-32));
#12763=DIRECTION('',(0.707106781,0.707106781,-1.533293417E-16));
#12764=PLANE('',#12765);
#12765=AXIS2_PLACEMENT_3D('',#12766,#12767,#12768);
#12766=CARTESIAN_POINT('',(-3.500178567,-2.793071786,0.0));
#12767=DIRECTION('',(-0.707106781,0.707106781,0.0));
#12768=DIRECTION('',(-0.707106781,-0.707106781,0.0));
#12769=ADVANCED_FACE('',(#12770),#12804,.T.);
#12770=FACE_BOUND('',#12771,.T.);
#12771=EDGE_LOOP('',(#12772,#12782,#12790,#12798));
#12772=ORIENTED_EDGE('',*,*,#12773,.T.);
#12773=EDGE_CURVE('',#12774,#12776,#12778,.T.);
#12774=VERTEX_POINT('',#12775);
#12775=CARTESIAN_POINT('',(-4.065863992,-3.358757211,3.446049412));
#12776=VERTEX_POINT('',#12777);
#12777=CARTESIAN_POINT('',(-4.065863992,-3.358757211,3.996049412));
#12778=LINE('',#12779,#12780);
#12779=CARTESIAN_POINT('',(-4.065863992,-3.358757211,0.3));
#12780=VECTOR('',#12781,1.0);
#12781=DIRECTION('',(1.288856896E-16,1.288856896E-16,1.0));
#12782=ORIENTED_EDGE('',*,*,#12783,.T.);
#12783=EDGE_CURVE('',#12776,#12784,#12786,.F.);
#12784=VERTEX_POINT('',#12785);
#12785=CARTESIAN_POINT('',(-3.889087297,-3.181980515,3.996049412));
#12786=LINE('',#12787,#12788);
#12787=CARTESIAN_POINT('',(-3.500178567,-2.793071786,3.996049412));
#12788=VECTOR('',#12789,1.0);
#12789=DIRECTION('',(-0.707106781,-0.707106781,1.822718903E-16));
#12790=ORIENTED_EDGE('',*,*,#12791,.T.);
#12791=EDGE_CURVE('',#12784,#12792,#12794,.F.);
#12792=VERTEX_POINT('',#12793);
#12793=CARTESIAN_POINT('',(-3.889087297,-3.181980515,3.446049412));
#12794=LINE('',#12795,#12796);
#12795=CARTESIAN_POINT('',(-3.889087297,-3.181980515,0.3));
#12796=VECTOR('',#12797,1.0);
#12797=DIRECTION('',(1.288856896E-16,1.288856896E-16,1.0));
#12798=ORIENTED_EDGE('',*,*,#12799,.T.);
#12799=EDGE_CURVE('',#12792,#12774,#12800,.T.);
#12800=LINE('',#12801,#12802);
#12801=CARTESIAN_POINT('',(7.0753082,7.782414981,3.446049412));
#12802=VECTOR('',#12803,1.0);
#12803=DIRECTION('',(-0.707106781,-0.707106781,2.455856687E-16));
#12804=PLANE('',#12805);
#12805=AXIS2_PLACEMENT_3D('',#12806,#12807,#12808);
#12806=CARTESIAN_POINT('',(-3.500178567,-2.793071786,0.0));
#12807=DIRECTION('',(-0.707106781,0.707106781,0.0));
#12808=DIRECTION('',(-0.707106781,-0.707106781,0.0));
#12809=ADVANCED_FACE('',(#12810),#12878,.T.);
#12810=FACE_BOUND('',#12811,.T.);
#12811=EDGE_LOOP('',(#12812,#12822,#12830,#12839,#12847,#12855,#12863,#12872));
#12812=ORIENTED_EDGE('',*,*,#12813,.T.);
#12813=EDGE_CURVE('',#12814,#12816,#12818,.F.);
#12814=VERTEX_POINT('',#12815);
#12815=CARTESIAN_POINT('',(3.358757211,-4.065863992,2.746049412));
#12816=VERTEX_POINT('',#12817);
#12817=CARTESIAN_POINT('',(3.181980515,-3.889087297,2.746049412));
#12818=LINE('',#12819,#12820);
#12819=CARTESIAN_POINT('',(-7.782414981,7.0753082,2.746049412));
#12820=VECTOR('',#12821,1.0);
#12821=DIRECTION('',(0.707106781,-0.707106781,2.455856687E-16));
#12822=ORIENTED_EDGE('',*,*,#12823,.T.);
#12823=EDGE_CURVE('',#12816,#12824,#12826,.F.);
#12824=VERTEX_POINT('',#12825);
#12825=CARTESIAN_POINT('',(3.181980515,-3.889087297,0.3));
#12826=LINE('',#12827,#12828);
#12827=CARTESIAN_POINT('',(3.181980515,-3.889087297,4.046049412));
#12828=VECTOR('',#12829,1.0);
#12829=DIRECTION('',(-1.288856896E-16,1.288856896E-16,1.0));
#12830=ORIENTED_EDGE('',*,*,#12831,.T.);
#12831=EDGE_CURVE('',#12824,#12832,#12834,.T.);
#12832=VERTEX_POINT('',#12833);
#12833=CARTESIAN_POINT('',(3.146625176,-3.853731957,0.25));
#12834=CIRCLE('',#12835,0.05);
#12835=AXIS2_PLACEMENT_3D('',#12836,#12837,#12838);
#12836=CARTESIAN_POINT('',(3.146625176,-3.853731957,0.3));
#12837=DIRECTION('',(0.707106781,0.707106781,0.0));
#12838=DIRECTION('',(-0.707106781,0.707106781,0.0));
#12839=ORIENTED_EDGE('',*,*,#12840,.T.);
#12840=EDGE_CURVE('',#12832,#12841,#12843,.T.);
#12841=VERTEX_POINT('',#12842);
#12842=CARTESIAN_POINT('',(3.010660172,-3.717766953,0.25));
#12843=LINE('',#12844,#12845);
#12844=CARTESIAN_POINT('',(-0.353553391,-0.353553391,0.25));
#12845=VECTOR('',#12846,1.0);
#12846=DIRECTION('',(-0.707106781,0.707106781,0.0));
#12847=ORIENTED_EDGE('',*,*,#12848,.T.);
#12848=EDGE_CURVE('',#12841,#12849,#12851,.T.);
#12849=VERTEX_POINT('',#12850);
#12850=CARTESIAN_POINT('',(3.010660172,-3.717766953,0.0));
#12851=LINE('',#12852,#12853);
#12852=CARTESIAN_POINT('',(3.010660172,-3.717766953,12.824919937));
#12853=VECTOR('',#12854,1.0);
#12854=DIRECTION('',(0.0,0.0,-1.0));
#12855=ORIENTED_EDGE('',*,*,#12856,.T.);
#12856=EDGE_CURVE('',#12849,#12857,#12859,.F.);
#12857=VERTEX_POINT('',#12858);
#12858=CARTESIAN_POINT('',(3.146625176,-3.853731957,0.0));
#12859=LINE('',#12860,#12861);
#12860=CARTESIAN_POINT('',(3.146625176,-3.853731957,0.0));
#12861=VECTOR('',#12862,1.0);
#12862=DIRECTION('',(-0.707106781,0.707106781,0.0));
#12863=ORIENTED_EDGE('',*,*,#12864,.T.);
#12864=EDGE_CURVE('',#12857,#12865,#12867,.F.);
#12865=VERTEX_POINT('',#12866);
#12866=CARTESIAN_POINT('',(3.358757211,-4.065863992,0.3));
#12867=CIRCLE('',#12868,0.3);
#12868=AXIS2_PLACEMENT_3D('',#12869,#12870,#12871);
#12869=CARTESIAN_POINT('',(3.146625176,-3.853731957,0.3));
#12870=DIRECTION('',(0.707106781,0.707106781,7.395570986E-32));
#12871=DIRECTION('',(0.707106781,-0.707106781,1.533293417E-16));
#12872=ORIENTED_EDGE('',*,*,#12873,.T.);
#12873=EDGE_CURVE('',#12865,#12814,#12874,.F.);
#12874=LINE('',#12875,#12876);
#12875=CARTESIAN_POINT('',(3.358757211,-4.065863992,4.046049412));
#12876=VECTOR('',#12877,1.0);
#12877=DIRECTION('',(1.288856896E-16,-1.288856896E-16,-1.0));
#12878=PLANE('',#12879);
#12879=AXIS2_PLACEMENT_3D('',#12880,#12881,#12882);
#12880=CARTESIAN_POINT('',(3.146625176,-3.853731957,12.824919937));
#12881=DIRECTION('',(-0.707106781,-0.707106781,0.0));
#12882=DIRECTION('',(0.707106781,-0.707106781,0.0));
#12883=ADVANCED_FACE('',(#12884),#12918,.T.);
#12884=FACE_BOUND('',#12885,.T.);
#12885=EDGE_LOOP('',(#12886,#12896,#12904,#12912));
#12886=ORIENTED_EDGE('',*,*,#12887,.T.);
#12887=EDGE_CURVE('',#12888,#12890,#12892,.T.);
#12888=VERTEX_POINT('',#12889);
#12889=CARTESIAN_POINT('',(3.889087297,-3.181980515,3.446049412));
#12890=VERTEX_POINT('',#12891);
#12891=CARTESIAN_POINT('',(3.889087297,-3.181980515,3.996049412));
#12892=LINE('',#12893,#12894);
#12893=CARTESIAN_POINT('',(3.889087297,-3.181980515,4.046049412));
#12894=VECTOR('',#12895,1.0);
#12895=DIRECTION('',(-1.288856896E-16,1.288856896E-16,1.0));
#12896=ORIENTED_EDGE('',*,*,#12897,.T.);
#12897=EDGE_CURVE('',#12890,#12898,#12900,.F.);
#12898=VERTEX_POINT('',#12899);
#12899=CARTESIAN_POINT('',(4.065863992,-3.358757211,3.996049412));
#12900=LINE('',#12901,#12902);
#12901=CARTESIAN_POINT('',(3.853731957,-3.146625176,3.996049412));
#12902=VECTOR('',#12903,1.0);
#12903=DIRECTION('',(-0.707106781,0.707106781,-1.822718903E-16));
#12904=ORIENTED_EDGE('',*,*,#12905,.T.);
#12905=EDGE_CURVE('',#12898,#12906,#12908,.T.);
#12906=VERTEX_POINT('',#12907);
#12907=CARTESIAN_POINT('',(4.065863992,-3.358757211,3.446049412));
#12908=LINE('',#12909,#12910);
#12909=CARTESIAN_POINT('',(4.065863992,-3.358757211,4.046049412));
#12910=VECTOR('',#12911,1.0);
#12911=DIRECTION('',(1.288856896E-16,-1.288856896E-16,-1.0));
#12912=ORIENTED_EDGE('',*,*,#12913,.T.);
#12913=EDGE_CURVE('',#12906,#12888,#12914,.F.);
#12914=LINE('',#12915,#12916);
#12915=CARTESIAN_POINT('',(-7.0753082,7.782414981,3.446049412));
#12916=VECTOR('',#12917,1.0);
#12917=DIRECTION('',(0.707106781,-0.707106781,2.455856687E-16));
#12918=PLANE('',#12919);
#12919=AXIS2_PLACEMENT_3D('',#12920,#12921,#12922);
#12920=CARTESIAN_POINT('',(3.853731957,-3.146625176,0.0));
#12921=DIRECTION('',(0.707106781,0.707106781,0.0));
#12922=DIRECTION('',(-0.707106781,0.707106781,0.0));
#12923=ADVANCED_FACE('',(#12924),#12983,.T.);
#12924=FACE_BOUND('',#12925,.T.);
#12925=EDGE_LOOP('',(#12926,#12936,#12944,#12952,#12961,#12967,#12968,#12976));
#12926=ORIENTED_EDGE('',*,*,#12927,.T.);
#12927=EDGE_CURVE('',#12928,#12930,#12932,.T.);
#12928=VERTEX_POINT('',#12929);
#12929=CARTESIAN_POINT('',(3.889087297,-3.181980515,0.3));
#12930=VERTEX_POINT('',#12931);
#12931=CARTESIAN_POINT('',(3.889087297,-3.181980515,2.746049412));
#12932=LINE('',#12933,#12934);
#12933=CARTESIAN_POINT('',(3.889087297,-3.181980515,4.046049412));
#12934=VECTOR('',#12935,1.0);
#12935=DIRECTION('',(-1.288856896E-16,1.288856896E-16,1.0));
#12936=ORIENTED_EDGE('',*,*,#12937,.T.);
#12937=EDGE_CURVE('',#12930,#12938,#12940,.T.);
#12938=VERTEX_POINT('',#12939);
#12939=CARTESIAN_POINT('',(4.065863992,-3.358757211,2.746049412));
#12940=LINE('',#12941,#12942);
#12941=CARTESIAN_POINT('',(-7.0753082,7.782414981,2.746049412));
#12942=VECTOR('',#12943,1.0);
#12943=DIRECTION('',(0.707106781,-0.707106781,2.455856687E-16));
#12944=ORIENTED_EDGE('',*,*,#12945,.T.);
#12945=EDGE_CURVE('',#12938,#12946,#12948,.T.);
#12946=VERTEX_POINT('',#12947);
#12947=CARTESIAN_POINT('',(4.065863992,-3.358757211,0.3));
#12948=LINE('',#12949,#12950);
#12949=CARTESIAN_POINT('',(4.065863992,-3.358757211,4.046049412));
#12950=VECTOR('',#12951,1.0);
#12951=DIRECTION('',(1.288856896E-16,-1.288856896E-16,-1.0));
#12952=ORIENTED_EDGE('',*,*,#12953,.T.);
#12953=EDGE_CURVE('',#12946,#12954,#12956,.T.);
#12954=VERTEX_POINT('',#12955);
#12955=CARTESIAN_POINT('',(3.853731957,-3.146625176,0.0));
#12956=CIRCLE('',#12957,0.3);
#12957=AXIS2_PLACEMENT_3D('',#12958,#12959,#12960);
#12958=CARTESIAN_POINT('',(3.853731957,-3.146625176,0.3));
#12959=DIRECTION('',(0.707106781,0.707106781,7.395570986E-32));
#12960=DIRECTION('',(0.707106781,-0.707106781,1.533293417E-16));
#12961=ORIENTED_EDGE('',*,*,#12962,.T.);
#12962=EDGE_CURVE('',#12954,#12551,#12963,.T.);
#12963=LINE('',#12964,#12965);
#12964=CARTESIAN_POINT('',(3.853731957,-3.146625176,0.0));
#12965=VECTOR('',#12966,1.0);
#12966=DIRECTION('',(-0.707106781,0.707106781,0.0));
#12967=ORIENTED_EDGE('',*,*,#12578,.F.);
#12968=ORIENTED_EDGE('',*,*,#12969,.T.);
#12969=EDGE_CURVE('',#12570,#12970,#12972,.F.);
#12970=VERTEX_POINT('',#12971);
#12971=CARTESIAN_POINT('',(3.853731957,-3.146625176,0.25));
#12972=LINE('',#12973,#12974);
#12973=CARTESIAN_POINT('',(3.853731957,-3.146625176,0.25));
#12974=VECTOR('',#12975,1.0);
#12975=DIRECTION('',(-0.707106781,0.707106781,0.0));
#12976=ORIENTED_EDGE('',*,*,#12977,.T.);
#12977=EDGE_CURVE('',#12970,#12928,#12978,.F.);
#12978=CIRCLE('',#12979,0.05);
#12979=AXIS2_PLACEMENT_3D('',#12980,#12981,#12982);
#12980=CARTESIAN_POINT('',(3.853731957,-3.146625176,0.3));
#12981=DIRECTION('',(0.707106781,0.707106781,0.0));
#12982=DIRECTION('',(-0.707106781,0.707106781,0.0));
#12983=PLANE('',#12984);
#12984=AXIS2_PLACEMENT_3D('',#12985,#12986,#12987);
#12985=CARTESIAN_POINT('',(3.853731957,-3.146625176,0.0));
#12986=DIRECTION('',(0.707106781,0.707106781,0.0));
#12987=DIRECTION('',(-0.707106781,0.707106781,0.0));
#12988=ADVANCED_FACE('',(#12989),#13023,.T.);
#12989=FACE_BOUND('',#12990,.T.);
#12990=EDGE_LOOP('',(#12991,#13001,#13009,#13017));
#12991=ORIENTED_EDGE('',*,*,#12992,.T.);
#12992=EDGE_CURVE('',#12993,#12995,#12997,.F.);
#12993=VERTEX_POINT('',#12994);
#12994=CARTESIAN_POINT('',(-0.498,-4.95,-0.2));
#12995=VERTEX_POINT('',#12996);
#12996=CARTESIAN_POINT('',(-0.498,-4.95,0.05));
#12997=LINE('',#12998,#12999);
#12998=CARTESIAN_POINT('',(-0.498,-4.95,-0.2));
#12999=VECTOR('',#13000,1.0);
#13000=DIRECTION('',(0.0,-2.891205793E-15,-1.0));
#13001=ORIENTED_EDGE('',*,*,#13002,.T.);
#13002=EDGE_CURVE('',#12995,#13003,#13005,.T.);
#13003=VERTEX_POINT('',#13004);
#13004=CARTESIAN_POINT('',(-0.5,-4.95,0.05));
#13005=LINE('',#13006,#13007);
#13006=CARTESIAN_POINT('',(-2.45,-4.95,0.05));
#13007=VECTOR('',#13008,1.0);
#13008=DIRECTION('',(-1.0,0.0,0.0));
#13009=ORIENTED_EDGE('',*,*,#13010,.T.);
#13010=EDGE_CURVE('',#13003,#13011,#13013,.F.);
#13011=VERTEX_POINT('',#13012);
#13012=CARTESIAN_POINT('',(-0.5,-4.95,-0.2));
#13013=LINE('',#13014,#13015);
#13014=CARTESIAN_POINT('',(-0.5,-4.95,-0.2));
#13015=VECTOR('',#13016,1.0);
#13016=DIRECTION('',(0.0,0.0,1.0));
#13017=ORIENTED_EDGE('',*,*,#13018,.T.);
#13018=EDGE_CURVE('',#13011,#12993,#13019,.F.);
#13019=LINE('',#13020,#13021);
#13020=CARTESIAN_POINT('',(0.5,-4.95,-0.2));
#13021=VECTOR('',#13022,1.0);
#13022=DIRECTION('',(-1.0,0.0,0.0));
#13023=PLANE('',#13024);
#13024=AXIS2_PLACEMENT_3D('',#13025,#13026,#13027);
#13025=CARTESIAN_POINT('',(0.5,-4.95,-0.2));
#13026=DIRECTION('',(0.0,-1.0,0.0));
#13027=DIRECTION('',(0.0,0.0,-1.0));
#13028=ADVANCED_FACE('',(#13029),#13065,.T.);
#13029=FACE_BOUND('',#13030,.T.);
#13030=EDGE_LOOP('',(#13031,#13041,#13050,#13058));
#13031=ORIENTED_EDGE('',*,*,#13032,.T.);
#13032=EDGE_CURVE('',#13033,#13035,#13037,.T.);
#13033=VERTEX_POINT('',#13034);
#13034=CARTESIAN_POINT('',(-2.45,-5.575,-0.2));
#13035=VERTEX_POINT('',#13036);
#13036=CARTESIAN_POINT('',(-0.5,-5.575,-0.2));
#13037=LINE('',#13038,#13039);
#13038=CARTESIAN_POINT('',(-2.45,-5.575,-0.2));
#13039=VECTOR('',#13040,1.0);
#13040=DIRECTION('',(1.0,0.0,0.0));
#13041=ORIENTED_EDGE('',*,*,#13042,.T.);
#13042=EDGE_CURVE('',#13035,#13043,#13045,.F.);
#13043=VERTEX_POINT('',#13044);
#13044=CARTESIAN_POINT('',(-0.5,-5.875,0.1));
#13045=CIRCLE('',#13046,0.3);
#13046=AXIS2_PLACEMENT_3D('',#13047,#13048,#13049);
#13047=CARTESIAN_POINT('',(-0.5,-5.575,0.1));
#13048=DIRECTION('',(1.0,0.0,0.0));
#13049=DIRECTION('',(0.0,0.0,-1.0));
#13050=ORIENTED_EDGE('',*,*,#13051,.T.);
#13051=EDGE_CURVE('',#13043,#13052,#13054,.F.);
#13052=VERTEX_POINT('',#13053);
#13053=CARTESIAN_POINT('',(-2.45,-5.875,0.1));
#13054=LINE('',#13055,#13056);
#13055=CARTESIAN_POINT('',(-2.45,-5.875,0.1));
#13056=VECTOR('',#13057,1.0);
#13057=DIRECTION('',(1.0,0.0,0.0));
#13058=ORIENTED_EDGE('',*,*,#13059,.T.);
#13059=EDGE_CURVE('',#13052,#13033,#13060,.T.);
#13060=CIRCLE('',#13061,0.3);
#13061=AXIS2_PLACEMENT_3D('',#13062,#13063,#13064);
#13062=CARTESIAN_POINT('',(-2.45,-5.575,0.1));
#13063=DIRECTION('',(1.0,0.0,0.0));
#13064=DIRECTION('',(0.0,-1.0,1.770125996E-16));
#13065=CYLINDRICAL_SURFACE('',#13066,0.3);
#13066=AXIS2_PLACEMENT_3D('',#13067,#13068,#13069);
#13067=CARTESIAN_POINT('',(-2.45,-5.575,0.1));
#13068=DIRECTION('',(1.0,0.0,0.0));
#13069=DIRECTION('',(0.0,0.0,-1.0));
#13070=ADVANCED_FACE('',(#13071),#13107,.F.);
#13071=FACE_BOUND('',#13072,.T.);
#13072=EDGE_LOOP('',(#13073,#13084,#13092,#13101));
#13073=ORIENTED_EDGE('',*,*,#13074,.T.);
#13074=EDGE_CURVE('',#13075,#13077,#13079,.T.);
#13075=VERTEX_POINT('',#13076);
#13076=CARTESIAN_POINT('',(-0.5,-5.625,0.1));
#13077=VERTEX_POINT('',#13078);
#13078=CARTESIAN_POINT('',(-0.5,-5.575,0.05));
#13079=CIRCLE('',#13080,0.05);
#13080=AXIS2_PLACEMENT_3D('',#13081,#13082,#13083);
#13081=CARTESIAN_POINT('',(-0.5,-5.575,0.1));
#13082=DIRECTION('',(1.0,0.0,0.0));
#13083=DIRECTION('',(0.0,0.0,-1.0));
#13084=ORIENTED_EDGE('',*,*,#13085,.T.);
#13085=EDGE_CURVE('',#13077,#13086,#13088,.F.);
#13086=VERTEX_POINT('',#13087);
#13087=CARTESIAN_POINT('',(-2.45,-5.575,0.05));
#13088=LINE('',#13089,#13090);
#13089=CARTESIAN_POINT('',(-2.45,-5.575,0.05));
#13090=VECTOR('',#13091,1.0);
#13091=DIRECTION('',(1.0,0.0,0.0));
#13092=ORIENTED_EDGE('',*,*,#13093,.T.);
#13093=EDGE_CURVE('',#13086,#13094,#13096,.F.);
#13094=VERTEX_POINT('',#13095);
#13095=CARTESIAN_POINT('',(-2.45,-5.625,0.1));
#13096=CIRCLE('',#13097,0.05);
#13097=AXIS2_PLACEMENT_3D('',#13098,#13099,#13100);
#13098=CARTESIAN_POINT('',(-2.45,-5.575,0.1));
#13099=DIRECTION('',(1.0,0.0,0.0));
#13100=DIRECTION('',(0.0,0.0,-1.0));
#13101=ORIENTED_EDGE('',*,*,#13102,.T.);
#13102=EDGE_CURVE('',#13094,#13075,#13103,.T.);
#13103=LINE('',#13104,#13105);
#13104=CARTESIAN_POINT('',(-2.45,-5.625,0.1));
#13105=VECTOR('',#13106,1.0);
#13106=DIRECTION('',(1.0,0.0,0.0));
#13107=CYLINDRICAL_SURFACE('',#13108,0.05);
#13108=AXIS2_PLACEMENT_3D('',#13109,#13110,#13111);
#13109=CARTESIAN_POINT('',(-2.45,-5.575,0.1));
#13110=DIRECTION('',(1.0,0.0,0.0));
#13111=DIRECTION('',(0.0,0.0,-1.0));
#13112=ADVANCED_FACE('',(#13113),#13273,.F.);
#13113=FACE_BOUND('',#13114,.T.);
#13114=EDGE_LOOP('',(#13115,#13116,#13124,#13132,#13138,#13139,#13140,#13146,#13147,#13156,#13164,#13171,#13172,#13178,#13179,#13180,#13188,#13196,#13202,#13203,#13211,#13219,#13227,#13235,#13243,#13251,#13259,#13267));
#13115=ORIENTED_EDGE('',*,*,#12527,.F.);
#13116=ORIENTED_EDGE('',*,*,#13117,.T.);
#13117=EDGE_CURVE('',#12520,#13118,#13120,.F.);
#13118=VERTEX_POINT('',#13119);
#13119=CARTESIAN_POINT('',(-4.55837921,-1.970705199,0.25));
#13120=LINE('',#13121,#13122);
#13121=CARTESIAN_POINT('',(-4.55837921,-1.970705199,0.25));
#13122=VECTOR('',#13123,1.0);
#13123=DIRECTION('',(0.882947593,0.469471563,0.0));
#13124=ORIENTED_EDGE('',*,*,#13125,.T.);
#13125=EDGE_CURVE('',#13118,#13126,#13128,.F.);
#13126=VERTEX_POINT('',#13127);
#13127=CARTESIAN_POINT('',(-4.18280196,-2.677063273,0.25));
#13128=LINE('',#13129,#13130);
#13129=CARTESIAN_POINT('',(-4.18280196,-2.677063273,0.25));
#13130=VECTOR('',#13131,1.0);
#13131=DIRECTION('',(-0.469471563,0.882947593,0.0));
#13132=ORIENTED_EDGE('',*,*,#13133,.T.);
#13133=EDGE_CURVE('',#13126,#12469,#13134,.F.);
#13134=LINE('',#13135,#13136);
#13135=CARTESIAN_POINT('',(-3.962065061,-2.559695382,0.25));
#13136=VECTOR('',#13137,1.0);
#13137=DIRECTION('',(-0.882947593,-0.469471563,0.0));
#13138=ORIENTED_EDGE('',*,*,#12466,.F.);
#13139=ORIENTED_EDGE('',*,*,#12743,.F.);
#13140=ORIENTED_EDGE('',*,*,#13141,.T.);
#13141=EDGE_CURVE('',#12735,#12686,#13142,.T.);
#13142=LINE('',#13143,#13144);
#13143=CARTESIAN_POINT('',(-3.853731957,-3.146625176,0.25));
#13144=VECTOR('',#13145,1.0);
#13145=DIRECTION('',(0.707106781,-0.707106781,0.0));
#13146=ORIENTED_EDGE('',*,*,#12685,.F.);
#13147=ORIENTED_EDGE('',*,*,#13148,.T.);
#13148=EDGE_CURVE('',#12678,#13149,#13151,.T.);
#13149=VERTEX_POINT('',#13150);
#13150=CARTESIAN_POINT('',(-2.45,-3.95,0.25));
#13151=CIRCLE('',#13152,0.328427125);
#13152=AXIS2_PLACEMENT_3D('',#13153,#13154,#13155);
#13153=CARTESIAN_POINT('',(-2.778427125,-3.95,0.25));
#13154=DIRECTION('',(0.0,0.0,-1.0));
#13155=DIRECTION('',(-1.0,0.0,0.0));
#13156=ORIENTED_EDGE('',*,*,#13157,.T.);
#13157=EDGE_CURVE('',#13149,#13158,#13160,.T.);
#13158=VERTEX_POINT('',#13159);
#13159=CARTESIAN_POINT('',(2.45,-3.95,0.25));
#13160=LINE('',#13161,#13162);
#13161=CARTESIAN_POINT('',(0.0,-3.95,0.25));
#13162=VECTOR('',#13163,1.0);
#13163=DIRECTION('',(1.0,0.0,0.0));
#13164=ORIENTED_EDGE('',*,*,#13165,.T.);
#13165=EDGE_CURVE('',#13158,#12841,#13166,.T.);
#13166=CIRCLE('',#13167,0.328427125);
#13167=AXIS2_PLACEMENT_3D('',#13168,#13169,#13170);
#13168=CARTESIAN_POINT('',(2.778427125,-3.95,0.25));
#13169=DIRECTION('',(0.0,0.0,-1.0));
#13170=DIRECTION('',(-1.0,0.0,0.0));
#13171=ORIENTED_EDGE('',*,*,#12840,.F.);
#13172=ORIENTED_EDGE('',*,*,#13173,.T.);
#13173=EDGE_CURVE('',#12832,#12970,#13174,.T.);
#13174=LINE('',#13175,#13176);
#13175=CARTESIAN_POINT('',(3.146625176,-3.853731957,0.25));
#13176=VECTOR('',#13177,1.0);
#13177=DIRECTION('',(0.707106781,0.707106781,0.0));
#13178=ORIENTED_EDGE('',*,*,#12969,.F.);
#13179=ORIENTED_EDGE('',*,*,#12569,.F.);
#13180=ORIENTED_EDGE('',*,*,#13181,.T.);
#13181=EDGE_CURVE('',#12562,#13182,#13184,.F.);
#13182=VERTEX_POINT('',#13183);
#13183=CARTESIAN_POINT('',(4.18280196,-2.677063273,0.25));
#13184=LINE('',#13185,#13186);
#13185=CARTESIAN_POINT('',(4.18280196,-2.677063273,0.25));
#13186=VECTOR('',#13187,1.0);
#13187=DIRECTION('',(-0.882947593,0.469471563,0.0));
#13188=ORIENTED_EDGE('',*,*,#13189,.T.);
#13189=EDGE_CURVE('',#13182,#13190,#13192,.F.);
#13190=VERTEX_POINT('',#13191);
#13191=CARTESIAN_POINT('',(4.55837921,-1.970705199,0.25));
#13192=LINE('',#13193,#13194);
#13193=CARTESIAN_POINT('',(4.55837921,-1.970705199,0.25));
#13194=VECTOR('',#13195,1.0);
#13195=DIRECTION('',(-0.469471563,-0.882947593,0.0));
#13196=ORIENTED_EDGE('',*,*,#13197,.T.);
#13197=EDGE_CURVE('',#13190,#12595,#13198,.F.);
#13198=LINE('',#13199,#13200);
#13199=CARTESIAN_POINT('',(4.337642312,-1.853337308,0.25));
#13200=VECTOR('',#13201,1.0);
#13201=DIRECTION('',(0.882947593,-0.469471563,0.0));
#13202=ORIENTED_EDGE('',*,*,#12592,.F.);
#13203=ORIENTED_EDGE('',*,*,#13204,.T.);
#13204=EDGE_CURVE('',#12593,#13205,#13207,.T.);
#13205=VERTEX_POINT('',#13206);
#13206=CARTESIAN_POINT('',(4.8,-1.7,0.25));
#13207=LINE('',#13208,#13209);
#13208=CARTESIAN_POINT('',(4.648924607,-1.7,0.25));
#13209=VECTOR('',#13210,1.0);
#13210=DIRECTION('',(1.0,7.176563633E-16,0.0));
#13211=ORIENTED_EDGE('',*,*,#13212,.T.);
#13212=EDGE_CURVE('',#13205,#13213,#13215,.T.);
#13213=VERTEX_POINT('',#13214);
#13214=CARTESIAN_POINT('',(4.8,-0.95,0.25));
#13215=LINE('',#13216,#13217);
#13216=CARTESIAN_POINT('',(4.8,0.0,0.25));
#13217=VECTOR('',#13218,1.0);
#13218=DIRECTION('',(0.0,1.0,0.0));
#13219=ORIENTED_EDGE('',*,*,#13220,.T.);
#13220=EDGE_CURVE('',#13213,#13221,#13223,.F.);
#13221=VERTEX_POINT('',#13222);
#13222=CARTESIAN_POINT('',(1.0,-0.95,0.25));
#13223=LINE('',#13224,#13225);
#13224=CARTESIAN_POINT('',(1.0,-0.95,0.25));
#13225=VECTOR('',#13226,1.0);
#13226=DIRECTION('',(1.0,3.842741877E-16,0.0));
#13227=ORIENTED_EDGE('',*,*,#13228,.T.);
#13228=EDGE_CURVE('',#13221,#13229,#13231,.F.);
#13229=VERTEX_POINT('',#13230);
#13230=CARTESIAN_POINT('',(1.0,-1.75,0.25));
#13231=LINE('',#13232,#13233);
#13232=CARTESIAN_POINT('',(1.0,-1.75,0.25));
#13233=VECTOR('',#13234,1.0);
#13234=DIRECTION('',(-1.084202172E-15,1.0,0.0));
#13235=ORIENTED_EDGE('',*,*,#13236,.T.);
#13236=EDGE_CURVE('',#13229,#13237,#13239,.F.);
#13237=VERTEX_POINT('',#13238);
#13238=CARTESIAN_POINT('',(-1.0,-1.75,0.25));
#13239=LINE('',#13240,#13241);
#13240=CARTESIAN_POINT('',(-1.0,-1.75,0.25));
#13241=VECTOR('',#13242,1.0);
#13242=DIRECTION('',(1.0,1.084202172E-16,0.0));
#13243=ORIENTED_EDGE('',*,*,#13244,.T.);
#13244=EDGE_CURVE('',#13237,#13245,#13247,.F.);
#13245=VERTEX_POINT('',#13246);
#13246=CARTESIAN_POINT('',(-1.0,-0.95,0.25));
#13247=LINE('',#13248,#13249);
#13248=CARTESIAN_POINT('',(-1.0,-0.95,0.25));
#13249=VECTOR('',#13250,1.0);
#13250=DIRECTION('',(0.0,-1.0,0.0));
#13251=ORIENTED_EDGE('',*,*,#13252,.T.);
#13252=EDGE_CURVE('',#13245,#13253,#13255,.F.);
#13253=VERTEX_POINT('',#13254);
#13254=CARTESIAN_POINT('',(-4.8,-0.95,0.25));
#13255=LINE('',#13256,#13257);
#13256=CARTESIAN_POINT('',(-4.95,-0.95,0.25));
#13257=VECTOR('',#13258,1.0);
#13258=DIRECTION('',(1.0,-2.744815627E-17,0.0));
#13259=ORIENTED_EDGE('',*,*,#13260,.T.);
#13260=EDGE_CURVE('',#13253,#13261,#13263,.F.);
#13261=VERTEX_POINT('',#13262);
#13262=CARTESIAN_POINT('',(-4.8,-1.7,0.25));
#13263=LINE('',#13264,#13265);
#13264=CARTESIAN_POINT('',(-4.8,0.0,0.25));
#13265=VECTOR('',#13266,1.0);
#13266=DIRECTION('',(0.0,1.0,0.0));
#13267=ORIENTED_EDGE('',*,*,#13268,.T.);
#13268=EDGE_CURVE('',#13261,#12528,#13269,.T.);
#13269=LINE('',#13270,#13271);
#13270=CARTESIAN_POINT('',(-4.8,-1.7,0.25));
#13271=VECTOR('',#13272,1.0);
#13272=DIRECTION('',(1.0,-7.176563633E-16,0.0));
#13273=PLANE('',#13274);
#13274=AXIS2_PLACEMENT_3D('',#13275,#13276,#13277);
#13275=CARTESIAN_POINT('',(0.0,0.0,0.25));
#13276=DIRECTION('',(0.0,0.0,-1.0));
#13277=DIRECTION('',(-1.0,0.0,0.0));
#13278=ADVANCED_FACE('',(#13279),#13439,.T.);
#13279=FACE_BOUND('',#13280,.T.);
#13280=EDGE_LOOP('',(#13281,#13289,#13290,#13298,#13306,#13314,#13322,#13330,#13338,#13346,#13354,#13360,#13361,#13369,#13377,#13383,#13384,#13385,#13391,#13392,#13401,#13409,#13416,#13417,#13423,#13424,#13425,#13433));
#13281=ORIENTED_EDGE('',*,*,#13282,.T.);
#13282=EDGE_CURVE('',#13283,#12511,#13285,.T.);
#13283=VERTEX_POINT('',#13284);
#13284=CARTESIAN_POINT('',(-4.55837921,-1.970705199,-5.421010862E-17));
#13285=LINE('',#13286,#13287);
#13286=CARTESIAN_POINT('',(-4.55837921,-1.970705199,0.0));
#13287=VECTOR('',#13288,1.0);
#13288=DIRECTION('',(0.882947593,0.469471563,0.0));
#13289=ORIENTED_EDGE('',*,*,#12508,.F.);
#13290=ORIENTED_EDGE('',*,*,#13291,.T.);
#13291=EDGE_CURVE('',#12509,#13292,#13294,.F.);
#13292=VERTEX_POINT('',#13293);
#13293=CARTESIAN_POINT('',(-4.8,-1.7,0.0));
#13294=LINE('',#13295,#13296);
#13295=CARTESIAN_POINT('',(-4.8,-1.7,0.0));
#13296=VECTOR('',#13297,1.0);
#13297=DIRECTION('',(1.0,-7.176563633E-16,0.0));
#13298=ORIENTED_EDGE('',*,*,#13299,.T.);
#13299=EDGE_CURVE('',#13292,#13300,#13302,.T.);
#13300=VERTEX_POINT('',#13301);
#13301=CARTESIAN_POINT('',(-4.8,-0.95,0.0));
#13302=LINE('',#13303,#13304);
#13303=CARTESIAN_POINT('',(-4.8,-1.7,0.0));
#13304=VECTOR('',#13305,1.0);
#13305=DIRECTION('',(0.0,1.0,0.0));
#13306=ORIENTED_EDGE('',*,*,#13307,.T.);
#13307=EDGE_CURVE('',#13300,#13308,#13310,.F.);
#13308=VERTEX_POINT('',#13309);
#13309=CARTESIAN_POINT('',(-1.0,-0.95,-3.469446952E-15));
#13310=LINE('',#13311,#13312);
#13311=CARTESIAN_POINT('',(-2.607574845E-17,-0.95,0.0));
#13312=VECTOR('',#13313,1.0);
#13313=DIRECTION('',(-1.0,2.744815627E-17,0.0));
#13314=ORIENTED_EDGE('',*,*,#13315,.T.);
#13315=EDGE_CURVE('',#13308,#13316,#13318,.F.);
#13316=VERTEX_POINT('',#13317);
#13317=CARTESIAN_POINT('',(-1.0,-1.75,-3.469446952E-15));
#13318=LINE('',#13319,#13320);
#13319=CARTESIAN_POINT('',(-1.0,0.0,0.0));
#13320=VECTOR('',#13321,1.0);
#13321=DIRECTION('',(0.0,1.0,0.0));
#13322=ORIENTED_EDGE('',*,*,#13323,.T.);
#13323=EDGE_CURVE('',#13316,#13324,#13326,.F.);
#13324=VERTEX_POINT('',#13325);
#13325=CARTESIAN_POINT('',(1.0,-1.75,-3.469446952E-15));
#13326=LINE('',#13327,#13328);
#13327=CARTESIAN_POINT('',(1.897353802E-16,-1.75,0.0));
#13328=VECTOR('',#13329,1.0);
#13329=DIRECTION('',(-1.0,-1.084202172E-16,0.0));
#13330=ORIENTED_EDGE('',*,*,#13331,.T.);
#13331=EDGE_CURVE('',#13324,#13332,#13334,.F.);
#13332=VERTEX_POINT('',#13333);
#13333=CARTESIAN_POINT('',(1.0,-0.95,-3.469446952E-15));
#13334=LINE('',#13335,#13336);
#13335=CARTESIAN_POINT('',(1.0,1.084202172E-15,0.0));
#13336=VECTOR('',#13337,1.0);
#13337=DIRECTION('',(1.084202172E-15,-1.0,0.0));
#13338=ORIENTED_EDGE('',*,*,#13339,.T.);
#13339=EDGE_CURVE('',#13332,#13340,#13342,.F.);
#13340=VERTEX_POINT('',#13341);
#13341=CARTESIAN_POINT('',(4.8,-0.95,0.0));
#13342=LINE('',#13343,#13344);
#13343=CARTESIAN_POINT('',(3.650604783E-16,-0.95,0.0));
#13344=VECTOR('',#13345,1.0);
#13345=DIRECTION('',(-1.0,-3.842741877E-16,0.0));
#13346=ORIENTED_EDGE('',*,*,#13347,.T.);
#13347=EDGE_CURVE('',#13340,#13348,#13350,.F.);
#13348=VERTEX_POINT('',#13349);
#13349=CARTESIAN_POINT('',(4.8,-1.7,0.0));
#13350=LINE('',#13351,#13352);
#13351=CARTESIAN_POINT('',(4.8,-1.7,0.0));
#13352=VECTOR('',#13353,1.0);
#13353=DIRECTION('',(0.0,1.0,0.0));
#13354=ORIENTED_EDGE('',*,*,#13355,.T.);
#13355=EDGE_CURVE('',#13348,#12612,#13356,.F.);
#13356=LINE('',#13357,#13358);
#13357=CARTESIAN_POINT('',(4.648924607,-1.7,0.0));
#13358=VECTOR('',#13359,1.0);
#13359=DIRECTION('',(1.0,7.176563633E-16,0.0));
#13360=ORIENTED_EDGE('',*,*,#12611,.F.);
#13361=ORIENTED_EDGE('',*,*,#13362,.T.);
#13362=EDGE_CURVE('',#12604,#13363,#13365,.T.);
#13363=VERTEX_POINT('',#13364);
#13364=CARTESIAN_POINT('',(4.55837921,-1.970705199,0.0));
#13365=LINE('',#13366,#13367);
#13366=CARTESIAN_POINT('',(4.337642312,-1.853337308,0.0));
#13367=VECTOR('',#13368,1.0);
#13368=DIRECTION('',(0.882947593,-0.469471563,0.0));
#13369=ORIENTED_EDGE('',*,*,#13370,.T.);
#13370=EDGE_CURVE('',#13363,#13371,#13373,.T.);
#13371=VERTEX_POINT('',#13372);
#13372=CARTESIAN_POINT('',(4.18280196,-2.677063273,0.0));
#13373=LINE('',#13374,#13375);
#13374=CARTESIAN_POINT('',(4.55837921,-1.970705199,0.0));
#13375=VECTOR('',#13376,1.0);
#13376=DIRECTION('',(-0.469471563,-0.882947593,0.0));
#13377=ORIENTED_EDGE('',*,*,#13378,.T.);
#13378=EDGE_CURVE('',#13371,#12553,#13379,.T.);
#13379=LINE('',#13380,#13381);
#13380=CARTESIAN_POINT('',(4.18280196,-2.677063273,0.0));
#13381=VECTOR('',#13382,1.0);
#13382=DIRECTION('',(-0.882947593,0.469471563,0.0));
#13383=ORIENTED_EDGE('',*,*,#12550,.F.);
#13384=ORIENTED_EDGE('',*,*,#12962,.F.);
#13385=ORIENTED_EDGE('',*,*,#13386,.T.);
#13386=EDGE_CURVE('',#12954,#12857,#13387,.F.);
#13387=LINE('',#13388,#13389);
#13388=CARTESIAN_POINT('',(3.146625176,-3.853731957,0.0));
#13389=VECTOR('',#13390,1.0);
#13390=DIRECTION('',(0.707106781,0.707106781,0.0));
#13391=ORIENTED_EDGE('',*,*,#12856,.F.);
#13392=ORIENTED_EDGE('',*,*,#13393,.T.);
#13393=EDGE_CURVE('',#12849,#13394,#13396,.T.);
#13394=VERTEX_POINT('',#13395);
#13395=CARTESIAN_POINT('',(2.45,-3.95,0.0));
#13396=CIRCLE('',#13397,0.328427125);
#13397=AXIS2_PLACEMENT_3D('',#13398,#13399,#13400);
#13398=CARTESIAN_POINT('',(2.778427125,-3.95,0.0));
#13399=DIRECTION('',(0.0,0.0,1.0));
#13400=DIRECTION('',(1.0,0.0,0.0));
#13401=ORIENTED_EDGE('',*,*,#13402,.T.);
#13402=EDGE_CURVE('',#13394,#13403,#13405,.F.);
#13403=VERTEX_POINT('',#13404);
#13404=CARTESIAN_POINT('',(-2.45,-3.95,-2.032879073E-17));
#13405=LINE('',#13406,#13407);
#13406=CARTESIAN_POINT('',(-2.45,-3.95,0.0));
#13407=VECTOR('',#13408,1.0);
#13408=DIRECTION('',(1.0,0.0,0.0));
#13409=ORIENTED_EDGE('',*,*,#13410,.T.);
#13410=EDGE_CURVE('',#13403,#12670,#13411,.F.);
#13411=CIRCLE('',#13412,0.328427125);
#13412=AXIS2_PLACEMENT_3D('',#13413,#13414,#13415);
#13413=CARTESIAN_POINT('',(-2.778427125,-3.95,0.0));
#13414=DIRECTION('',(0.0,0.0,-1.0));
#13415=DIRECTION('',(-1.0,0.0,0.0));
#13416=ORIENTED_EDGE('',*,*,#12669,.F.);
#13417=ORIENTED_EDGE('',*,*,#13418,.T.);
#13418=EDGE_CURVE('',#12661,#12751,#13419,.F.);
#13419=LINE('',#13420,#13421);
#13420=CARTESIAN_POINT('',(-3.853731957,-3.146625176,0.0));
#13421=VECTOR('',#13422,1.0);
#13422=DIRECTION('',(0.707106781,-0.707106781,0.0));
#13423=ORIENTED_EDGE('',*,*,#12750,.F.);
#13424=ORIENTED_EDGE('',*,*,#12485,.F.);
#13425=ORIENTED_EDGE('',*,*,#13426,.T.);
#13426=EDGE_CURVE('',#12478,#13427,#13429,.T.);
#13427=VERTEX_POINT('',#13428);
#13428=CARTESIAN_POINT('',(-4.18280196,-2.677063273,-5.421010862E-17));
#13429=LINE('',#13430,#13431);
#13430=CARTESIAN_POINT('',(-3.962065061,-2.559695382,0.0));
#13431=VECTOR('',#13432,1.0);
#13432=DIRECTION('',(-0.882947593,-0.469471563,0.0));
#13433=ORIENTED_EDGE('',*,*,#13434,.T.);
#13434=EDGE_CURVE('',#13427,#13283,#13435,.T.);
#13435=LINE('',#13436,#13437);
#13436=CARTESIAN_POINT('',(-4.18280196,-2.677063273,0.0));
#13437=VECTOR('',#13438,1.0);
#13438=DIRECTION('',(-0.469471563,0.882947593,0.0));
#13439=PLANE('',#13440);
#13440=AXIS2_PLACEMENT_3D('',#13441,#13442,#13443);
#13441=CARTESIAN_POINT('',(0.0,0.0,0.0));
#13442=DIRECTION('',(0.0,0.0,-1.0));
#13443=DIRECTION('',(-1.0,0.0,0.0));
#13444=ADVANCED_FACE('',(#13445),#13461,.F.);
#13445=FACE_BOUND('',#13446,.T.);
#13446=EDGE_LOOP('',(#13447,#13448,#13454,#13455));
#13447=ORIENTED_EDGE('',*,*,#13307,.F.);
#13448=ORIENTED_EDGE('',*,*,#13449,.T.);
#13449=EDGE_CURVE('',#13300,#13253,#13450,.F.);
#13450=LINE('',#13451,#13452);
#13451=CARTESIAN_POINT('',(-4.8,-0.95,-13.752946119));
#13452=VECTOR('',#13453,1.0);
#13453=DIRECTION('',(0.0,0.0,-1.0));
#13454=ORIENTED_EDGE('',*,*,#13252,.F.);
#13455=ORIENTED_EDGE('',*,*,#13456,.T.);
#13456=EDGE_CURVE('',#13245,#13308,#13457,.F.);
#13457=LINE('',#13458,#13459);
#13458=CARTESIAN_POINT('',(-1.0,-0.95,-13.752946119));
#13459=VECTOR('',#13460,1.0);
#13460=DIRECTION('',(0.0,0.0,1.0));
#13461=PLANE('',#13462);
#13462=AXIS2_PLACEMENT_3D('',#13463,#13464,#13465);
#13463=CARTESIAN_POINT('',(-4.95,-0.95,-13.752946119));
#13464=DIRECTION('',(-2.744815627E-17,-1.0,0.0));
#13465=DIRECTION('',(1.0,-2.744815627E-17,0.0));
#13466=ADVANCED_FACE('',(#13467),#13478,.F.);
#13467=FACE_BOUND('',#13468,.T.);
#13468=EDGE_LOOP('',(#13469,#13470,#13471,#13472));
#13469=ORIENTED_EDGE('',*,*,#13315,.F.);
#13470=ORIENTED_EDGE('',*,*,#13456,.F.);
#13471=ORIENTED_EDGE('',*,*,#13244,.F.);
#13472=ORIENTED_EDGE('',*,*,#13473,.T.);
#13473=EDGE_CURVE('',#13237,#13316,#13474,.F.);
#13474=LINE('',#13475,#13476);
#13475=CARTESIAN_POINT('',(-1.0,-1.75,-13.752946119));
#13476=VECTOR('',#13477,1.0);
#13477=DIRECTION('',(0.0,0.0,1.0));
#13478=PLANE('',#13479);
#13479=AXIS2_PLACEMENT_3D('',#13480,#13481,#13482);
#13480=CARTESIAN_POINT('',(-1.0,-0.95,-13.752946119));
#13481=DIRECTION('',(-1.0,0.0,0.0));
#13482=DIRECTION('',(0.0,0.0,1.0));
#13483=ADVANCED_FACE('',(#13484),#13500,.F.);
#13484=FACE_BOUND('',#13485,.T.);
#13485=EDGE_LOOP('',(#13486,#13487,#13493,#13494));
#13486=ORIENTED_EDGE('',*,*,#13220,.F.);
#13487=ORIENTED_EDGE('',*,*,#13488,.T.);
#13488=EDGE_CURVE('',#13213,#13340,#13489,.T.);
#13489=LINE('',#13490,#13491);
#13490=CARTESIAN_POINT('',(4.8,-0.95,-13.752946119));
#13491=VECTOR('',#13492,1.0);
#13492=DIRECTION('',(0.0,0.0,-1.0));
#13493=ORIENTED_EDGE('',*,*,#13339,.F.);
#13494=ORIENTED_EDGE('',*,*,#13495,.T.);
#13495=EDGE_CURVE('',#13332,#13221,#13496,.T.);
#13496=LINE('',#13497,#13498);
#13497=CARTESIAN_POINT('',(1.0,-0.95,-13.752946119));
#13498=VECTOR('',#13499,1.0);
#13499=DIRECTION('',(0.0,0.0,1.0));
#13500=PLANE('',#13501);
#13501=AXIS2_PLACEMENT_3D('',#13502,#13503,#13504);
#13502=CARTESIAN_POINT('',(1.0,-0.95,-13.752946119));
#13503=DIRECTION('',(3.842741877E-16,-1.0,0.0));
#13504=DIRECTION('',(1.0,3.842741877E-16,0.0));
#13505=ADVANCED_FACE('',(#13506),#13517,.F.);
#13506=FACE_BOUND('',#13507,.T.);
#13507=EDGE_LOOP('',(#13508,#13509,#13515,#13516));
#13508=ORIENTED_EDGE('',*,*,#13331,.F.);
#13509=ORIENTED_EDGE('',*,*,#13510,.T.);
#13510=EDGE_CURVE('',#13324,#13229,#13511,.T.);
#13511=LINE('',#13512,#13513);
#13512=CARTESIAN_POINT('',(1.0,-1.75,-13.752946119));
#13513=VECTOR('',#13514,1.0);
#13514=DIRECTION('',(0.0,0.0,1.0));
#13515=ORIENTED_EDGE('',*,*,#13228,.F.);
#13516=ORIENTED_EDGE('',*,*,#13495,.F.);
#13517=PLANE('',#13518);
#13518=AXIS2_PLACEMENT_3D('',#13519,#13520,#13521);
#13519=CARTESIAN_POINT('',(1.0,-1.75,-13.752946119));
#13520=DIRECTION('',(1.0,1.084202172E-15,0.0));
#13521=DIRECTION('',(-1.084202172E-15,1.0,0.0));
#13522=ADVANCED_FACE('',(#13523),#13529,.F.);
#13523=FACE_BOUND('',#13524,.T.);
#13524=EDGE_LOOP('',(#13525,#13526,#13527,#13528));
#13525=ORIENTED_EDGE('',*,*,#13323,.F.);
#13526=ORIENTED_EDGE('',*,*,#13473,.F.);
#13527=ORIENTED_EDGE('',*,*,#13236,.F.);
#13528=ORIENTED_EDGE('',*,*,#13510,.F.);
#13529=PLANE('',#13530);
#13530=AXIS2_PLACEMENT_3D('',#13531,#13532,#13533);
#13531=CARTESIAN_POINT('',(-1.0,-1.75,-13.752946119));
#13532=DIRECTION('',(1.084202172E-16,-1.0,0.0));
#13533=DIRECTION('',(1.0,1.084202172E-16,0.0));
#13534=ADVANCED_FACE('',(#13535),#13546,.T.);
#13535=FACE_BOUND('',#13536,.T.);
#13536=EDGE_LOOP('',(#13537,#13538,#13539,#13540));
#13537=ORIENTED_EDGE('',*,*,#13260,.F.);
#13538=ORIENTED_EDGE('',*,*,#13449,.F.);
#13539=ORIENTED_EDGE('',*,*,#13299,.F.);
#13540=ORIENTED_EDGE('',*,*,#13541,.T.);
#13541=EDGE_CURVE('',#13292,#13261,#13542,.T.);
#13542=LINE('',#13543,#13544);
#13543=CARTESIAN_POINT('',(-4.8,-1.7,0.0));
#13544=VECTOR('',#13545,1.0);
#13545=DIRECTION('',(0.0,0.0,1.0));
#13546=PLANE('',#13547);
#13547=AXIS2_PLACEMENT_3D('',#13548,#13549,#13550);
#13548=CARTESIAN_POINT('',(-4.8,-1.7,13.938042649));
#13549=DIRECTION('',(-1.0,0.0,0.0));
#13550=DIRECTION('',(0.0,0.0,1.0));
#13551=ADVANCED_FACE('',(#13552),#13563,.F.);
#13552=FACE_BOUND('',#13553,.T.);
#13553=EDGE_LOOP('',(#13554,#13555,#13561,#13562));
#13554=ORIENTED_EDGE('',*,*,#13212,.F.);
#13555=ORIENTED_EDGE('',*,*,#13556,.T.);
#13556=EDGE_CURVE('',#13205,#13348,#13557,.F.);
#13557=LINE('',#13558,#13559);
#13558=CARTESIAN_POINT('',(4.8,-1.7,0.0));
#13559=VECTOR('',#13560,1.0);
#13560=DIRECTION('',(0.0,0.0,1.0));
#13561=ORIENTED_EDGE('',*,*,#13347,.F.);
#13562=ORIENTED_EDGE('',*,*,#13488,.F.);
#13563=PLANE('',#13564);
#13564=AXIS2_PLACEMENT_3D('',#13565,#13566,#13567);
#13565=CARTESIAN_POINT('',(4.8,-1.7,13.897301896));
#13566=DIRECTION('',(-1.0,0.0,0.0));
#13567=DIRECTION('',(0.0,0.0,1.0));
#13568=ADVANCED_FACE('',(#13569),#13603,.T.);
#13569=FACE_BOUND('',#13570,.T.);
#13570=EDGE_LOOP('',(#13571,#13581,#13589,#13597));
#13571=ORIENTED_EDGE('',*,*,#13572,.T.);
#13572=EDGE_CURVE('',#13573,#13575,#13577,.F.);
#13573=VERTEX_POINT('',#13574);
#13574=CARTESIAN_POINT('',(3.358757211,-4.065863992,3.446049412));
#13575=VERTEX_POINT('',#13576);
#13576=CARTESIAN_POINT('',(3.358757211,-4.065863992,3.996049412));
#13577=LINE('',#13578,#13579);
#13578=CARTESIAN_POINT('',(3.358757211,-4.065863992,4.046049412));
#13579=VECTOR('',#13580,1.0);
#13580=DIRECTION('',(1.288856896E-16,-1.288856896E-16,-1.0));
#13581=ORIENTED_EDGE('',*,*,#13582,.T.);
#13582=EDGE_CURVE('',#13575,#13583,#13585,.T.);
#13583=VERTEX_POINT('',#13584);
#13584=CARTESIAN_POINT('',(3.181980515,-3.889087297,3.996049412));
#13585=LINE('',#13586,#13587);
#13586=CARTESIAN_POINT('',(3.146625176,-3.853731957,3.996049412));
#13587=VECTOR('',#13588,1.0);
#13588=DIRECTION('',(-0.707106781,0.707106781,-1.822718903E-16));
#13589=ORIENTED_EDGE('',*,*,#13590,.T.);
#13590=EDGE_CURVE('',#13583,#13591,#13593,.F.);
#13591=VERTEX_POINT('',#13592);
#13592=CARTESIAN_POINT('',(3.181980515,-3.889087297,3.446049412));
#13593=LINE('',#13594,#13595);
#13594=CARTESIAN_POINT('',(3.181980515,-3.889087297,4.046049412));
#13595=VECTOR('',#13596,1.0);
#13596=DIRECTION('',(-1.288856896E-16,1.288856896E-16,1.0));
#13597=ORIENTED_EDGE('',*,*,#13598,.T.);
#13598=EDGE_CURVE('',#13591,#13573,#13599,.T.);
#13599=LINE('',#13600,#13601);
#13600=CARTESIAN_POINT('',(-7.782414981,7.0753082,3.446049412));
#13601=VECTOR('',#13602,1.0);
#13602=DIRECTION('',(0.707106781,-0.707106781,2.455856687E-16));
#13603=PLANE('',#13604);
#13604=AXIS2_PLACEMENT_3D('',#13605,#13606,#13607);
#13605=CARTESIAN_POINT('',(3.146625176,-3.853731957,12.824919937));
#13606=DIRECTION('',(-0.707106781,-0.707106781,0.0));
#13607=DIRECTION('',(0.707106781,-0.707106781,0.0));
#13608=ADVANCED_FACE('',(#13609),#13620,.F.);
#13609=FACE_BOUND('',#13610,.T.);
#13610=EDGE_LOOP('',(#13611,#13612,#13618,#13619));
#13611=ORIENTED_EDGE('',*,*,#13165,.F.);
#13612=ORIENTED_EDGE('',*,*,#13613,.T.);
#13613=EDGE_CURVE('',#13158,#13394,#13614,.T.);
#13614=LINE('',#13615,#13616);
#13615=CARTESIAN_POINT('',(2.45,-3.95,13.334410751));
#13616=VECTOR('',#13617,1.0);
#13617=DIRECTION('',(0.0,0.0,-1.0));
#13618=ORIENTED_EDGE('',*,*,#13393,.F.);
#13619=ORIENTED_EDGE('',*,*,#12848,.F.);
#13620=CYLINDRICAL_SURFACE('',#13621,0.328427125);
#13621=AXIS2_PLACEMENT_3D('',#13622,#13623,#13624);
#13622=CARTESIAN_POINT('',(2.778427125,-3.95,12.824919937));
#13623=DIRECTION('',(0.0,0.0,-1.0));
#13624=DIRECTION('',(-1.0,0.0,0.0));
#13625=ADVANCED_FACE('',(#13626),#13660,.F.);
#13626=FACE_BOUND('',#13627,.T.);
#13627=EDGE_LOOP('',(#13628,#13638,#13646,#13654));
#13628=ORIENTED_EDGE('',*,*,#13629,.T.);
#13629=EDGE_CURVE('',#13630,#13632,#13634,.T.);
#13630=VERTEX_POINT('',#13631);
#13631=CARTESIAN_POINT('',(-3.181980515,-3.889087297,3.446049412));
#13632=VERTEX_POINT('',#13633);
#13633=CARTESIAN_POINT('',(-3.181980515,-3.889087297,3.996049412));
#13634=LINE('',#13635,#13636);
#13635=CARTESIAN_POINT('',(-3.181980515,-3.889087297,0.3));
#13636=VECTOR('',#13637,1.0);
#13637=DIRECTION('',(1.288856896E-16,1.288856896E-16,1.0));
#13638=ORIENTED_EDGE('',*,*,#13639,.T.);
#13639=EDGE_CURVE('',#13632,#13640,#13642,.T.);
#13640=VERTEX_POINT('',#13641);
#13641=CARTESIAN_POINT('',(-3.358757211,-4.065863992,3.996049412));
#13642=LINE('',#13643,#13644);
#13643=CARTESIAN_POINT('',(-3.358757211,-4.065863992,3.996049412));
#13644=VECTOR('',#13645,1.0);
#13645=DIRECTION('',(-0.707106781,-0.707106781,1.822718903E-16));
#13646=ORIENTED_EDGE('',*,*,#13647,.T.);
#13647=EDGE_CURVE('',#13640,#13648,#13650,.F.);
#13648=VERTEX_POINT('',#13649);
#13649=CARTESIAN_POINT('',(-3.358757211,-4.065863992,3.446049412));
#13650=LINE('',#13651,#13652);
#13651=CARTESIAN_POINT('',(-3.358757211,-4.065863992,0.3));
#13652=VECTOR('',#13653,1.0);
#13653=DIRECTION('',(1.288856896E-16,1.288856896E-16,1.0));
#13654=ORIENTED_EDGE('',*,*,#13655,.T.);
#13655=EDGE_CURVE('',#13648,#13630,#13656,.F.);
#13656=LINE('',#13657,#13658);
#13657=CARTESIAN_POINT('',(7.782414981,7.0753082,3.446049412));
#13658=VECTOR('',#13659,1.0);
#13659=DIRECTION('',(-0.707106781,-0.707106781,2.455856687E-16));
#13660=PLANE('',#13661);
#13661=AXIS2_PLACEMENT_3D('',#13662,#13663,#13664);
#13662=CARTESIAN_POINT('',(-3.146625176,-3.853731957,12.824919937));
#13663=DIRECTION('',(-0.707106781,0.707106781,0.0));
#13664=DIRECTION('',(-0.707106781,-0.707106781,0.0));
#13665=ADVANCED_FACE('',(#13666),#13677,.F.);
#13666=FACE_BOUND('',#13667,.T.);
#13667=EDGE_LOOP('',(#13668,#13669,#13670,#13676));
#13668=ORIENTED_EDGE('',*,*,#12677,.F.);
#13669=ORIENTED_EDGE('',*,*,#13410,.F.);
#13670=ORIENTED_EDGE('',*,*,#13671,.T.);
#13671=EDGE_CURVE('',#13403,#13149,#13672,.F.);
#13672=LINE('',#13673,#13674);
#13673=CARTESIAN_POINT('',(-2.45,-3.95,13.334410751));
#13674=VECTOR('',#13675,1.0);
#13675=DIRECTION('',(0.0,0.0,-1.0));
#13676=ORIENTED_EDGE('',*,*,#13148,.F.);
#13677=CYLINDRICAL_SURFACE('',#13678,0.328427125);
#13678=AXIS2_PLACEMENT_3D('',#13679,#13680,#13681);
#13679=CARTESIAN_POINT('',(-2.778427125,-3.95,12.824919937));
#13680=DIRECTION('',(0.0,0.0,-1.0));
#13681=DIRECTION('',(-1.0,0.0,0.0));
#13682=ADVANCED_FACE('',(#13683),#13689,.T.);
#13683=FACE_BOUND('',#13684,.T.);
#13684=EDGE_LOOP('',(#13685,#13686,#13687,#13688));
#13685=ORIENTED_EDGE('',*,*,#13268,.F.);
#13686=ORIENTED_EDGE('',*,*,#13541,.F.);
#13687=ORIENTED_EDGE('',*,*,#13291,.F.);
#13688=ORIENTED_EDGE('',*,*,#12536,.F.);
#13689=PLANE('',#13690);
#13690=AXIS2_PLACEMENT_3D('',#13691,#13692,#13693);
#13691=CARTESIAN_POINT('',(-4.8,-1.7,0.0));
#13692=DIRECTION('',(-7.176563633E-16,-1.0,0.0));
#13693=DIRECTION('',(1.0,-7.176563633E-16,0.0));
#13694=ADVANCED_FACE('',(#13695),#13701,.T.);
#13695=FACE_BOUND('',#13696,.T.);
#13696=EDGE_LOOP('',(#13697,#13698,#13699,#13700));
#13697=ORIENTED_EDGE('',*,*,#13204,.F.);
#13698=ORIENTED_EDGE('',*,*,#12620,.F.);
#13699=ORIENTED_EDGE('',*,*,#13355,.F.);
#13700=ORIENTED_EDGE('',*,*,#13556,.F.);
#13701=PLANE('',#13702);
#13702=AXIS2_PLACEMENT_3D('',#13703,#13704,#13705);
#13703=CARTESIAN_POINT('',(4.648924607,-1.7,0.0));
#13704=DIRECTION('',(7.176563633E-16,-1.0,0.0));
#13705=DIRECTION('',(1.0,7.176563633E-16,0.0));
#13706=ADVANCED_FACE('',(#13707),#13798,.F.);
#13707=FACE_BOUND('',#13708,.T.);
#13708=EDGE_LOOP('',(#13709,#13718,#13726,#13735,#13741,#13742,#13750,#13758,#13764,#13765,#13773,#13782,#13790,#13797));
#13709=ORIENTED_EDGE('',*,*,#13710,.T.);
#13710=EDGE_CURVE('',#13403,#13711,#13713,.F.);
#13711=VERTEX_POINT('',#13712);
#13712=CARTESIAN_POINT('',(-2.45,-3.975,-0.00669873));
#13713=CIRCLE('',#13714,0.05);
#13714=AXIS2_PLACEMENT_3D('',#13715,#13716,#13717);
#13715=CARTESIAN_POINT('',(-2.45,-3.95,-0.05));
#13716=DIRECTION('',(-1.0,0.0,0.0));
#13717=DIRECTION('',(0.0,-1.0,1.770125996E-16));
#13718=ORIENTED_EDGE('',*,*,#13719,.T.);
#13719=EDGE_CURVE('',#13711,#13720,#13722,.F.);
#13720=VERTEX_POINT('',#13721);
#13721=CARTESIAN_POINT('',(-2.45,-4.240192379,-0.159807621));
#13722=LINE('',#13723,#13724);
#13723=CARTESIAN_POINT('',(-2.45,-4.240192379,-0.159807621));
#13724=VECTOR('',#13725,1.0);
#13725=DIRECTION('',(0.0,0.866025404,0.5));
#13726=ORIENTED_EDGE('',*,*,#13727,.T.);
#13727=EDGE_CURVE('',#13720,#13728,#13730,.F.);
#13728=VERTEX_POINT('',#13729);
#13729=CARTESIAN_POINT('',(-2.45,-4.390192379,-0.2));
#13730=CIRCLE('',#13731,0.3);
#13731=AXIS2_PLACEMENT_3D('',#13732,#13733,#13734);
#13732=CARTESIAN_POINT('',(-2.45,-4.390192379,0.1));
#13733=DIRECTION('',(1.0,0.0,0.0));
#13734=DIRECTION('',(0.0,-1.0,1.770125996E-16));
#13735=ORIENTED_EDGE('',*,*,#13736,.T.);
#13736=EDGE_CURVE('',#13728,#13033,#13737,.F.);
#13737=LINE('',#13738,#13739);
#13738=CARTESIAN_POINT('',(-2.45,-5.575,-0.2));
#13739=VECTOR('',#13740,1.0);
#13740=DIRECTION('',(0.0,1.0,-2.227669547E-16));
#13741=ORIENTED_EDGE('',*,*,#13059,.F.);
#13742=ORIENTED_EDGE('',*,*,#13743,.T.);
#13743=EDGE_CURVE('',#13052,#13744,#13746,.F.);
#13744=VERTEX_POINT('',#13745);
#13745=CARTESIAN_POINT('',(-2.45,-5.875,0.8));
#13746=LINE('',#13747,#13748);
#13747=CARTESIAN_POINT('',(-2.45,-5.875,0.8));
#13748=VECTOR('',#13749,1.0);
#13749=DIRECTION('',(0.0,-1.770125996E-16,-1.0));
#13750=ORIENTED_EDGE('',*,*,#13751,.T.);
#13751=EDGE_CURVE('',#13744,#13752,#13754,.F.);
#13752=VERTEX_POINT('',#13753);
#13753=CARTESIAN_POINT('',(-2.45,-5.625,0.8));
#13754=LINE('',#13755,#13756);
#13755=CARTESIAN_POINT('',(-2.45,-5.875,0.8));
#13756=VECTOR('',#13757,1.0);
#13757=DIRECTION('',(0.0,-1.0,1.770125996E-16));
#13758=ORIENTED_EDGE('',*,*,#13759,.T.);
#13759=EDGE_CURVE('',#13752,#13094,#13760,.T.);
#13760=LINE('',#13761,#13762);
#13761=CARTESIAN_POINT('',(-2.45,-5.625,0.8));
#13762=VECTOR('',#13763,1.0);
#13763=DIRECTION('',(0.0,-1.770125996E-16,-1.0));
#13764=ORIENTED_EDGE('',*,*,#13093,.F.);
#13765=ORIENTED_EDGE('',*,*,#13766,.T.);
#13766=EDGE_CURVE('',#13086,#13767,#13769,.T.);
#13767=VERTEX_POINT('',#13768);
#13768=CARTESIAN_POINT('',(-2.45,-4.390192379,0.05));
#13769=LINE('',#13770,#13771);
#13770=CARTESIAN_POINT('',(-2.45,-5.575,0.05));
#13771=VECTOR('',#13772,1.0);
#13772=DIRECTION('',(0.0,1.0,-2.227669547E-16));
#13773=ORIENTED_EDGE('',*,*,#13774,.T.);
#13774=EDGE_CURVE('',#13767,#13775,#13777,.T.);
#13775=VERTEX_POINT('',#13776);
#13776=CARTESIAN_POINT('',(-2.45,-4.365192379,0.05669873));
#13777=CIRCLE('',#13778,0.05);
#13778=AXIS2_PLACEMENT_3D('',#13779,#13780,#13781);
#13779=CARTESIAN_POINT('',(-2.45,-4.390192379,0.1));
#13780=DIRECTION('',(1.0,0.0,0.0));
#13781=DIRECTION('',(0.0,0.0,-1.0));
#13782=ORIENTED_EDGE('',*,*,#13783,.T.);
#13783=EDGE_CURVE('',#13775,#13784,#13786,.T.);
#13784=VERTEX_POINT('',#13785);
#13785=CARTESIAN_POINT('',(-2.45,-4.1,0.209807621));
#13786=LINE('',#13787,#13788);
#13787=CARTESIAN_POINT('',(-2.45,-4.365192379,0.05669873));
#13788=VECTOR('',#13789,1.0);
#13789=DIRECTION('',(0.0,0.866025404,0.5));
#13790=ORIENTED_EDGE('',*,*,#13791,.T.);
#13791=EDGE_CURVE('',#13784,#13149,#13792,.F.);
#13792=CIRCLE('',#13793,0.3);
#13793=AXIS2_PLACEMENT_3D('',#13794,#13795,#13796);
#13794=CARTESIAN_POINT('',(-2.45,-3.95,-0.05));
#13795=DIRECTION('',(1.0,0.0,0.0));
#13796=DIRECTION('',(0.0,0.0,-1.0));
#13797=ORIENTED_EDGE('',*,*,#13671,.F.);
#13798=PLANE('',#13799);
#13799=AXIS2_PLACEMENT_3D('',#13800,#13801,#13802);
#13800=CARTESIAN_POINT('',(-2.45,-3.95,-0.05));
#13801=DIRECTION('',(1.0,0.0,0.0));
#13802=DIRECTION('',(0.0,0.0,-1.0));
#13803=ADVANCED_FACE('',(#13804),#13915,.F.);
#13804=FACE_BOUND('',#13805,.T.);
#13805=EDGE_LOOP('',(#13806,#13816,#13825,#13833,#13842,#13850,#13857,#13858,#13867,#13875,#13884,#13892,#13901,#13909));
#13806=ORIENTED_EDGE('',*,*,#13807,.T.);
#13807=EDGE_CURVE('',#13808,#13810,#13812,.T.);
#13808=VERTEX_POINT('',#13809);
#13809=CARTESIAN_POINT('',(2.45,-5.875,0.8));
#13810=VERTEX_POINT('',#13811);
#13811=CARTESIAN_POINT('',(2.45,-5.875,0.1));
#13812=LINE('',#13813,#13814);
#13813=CARTESIAN_POINT('',(2.45,-5.875,0.8));
#13814=VECTOR('',#13815,1.0);
#13815=DIRECTION('',(0.0,-1.770125996E-16,-1.0));
#13816=ORIENTED_EDGE('',*,*,#13817,.T.);
#13817=EDGE_CURVE('',#13810,#13818,#13820,.T.);
#13818=VERTEX_POINT('',#13819);
#13819=CARTESIAN_POINT('',(2.45,-5.575,-0.2));
#13820=CIRCLE('',#13821,0.3);
#13821=AXIS2_PLACEMENT_3D('',#13822,#13823,#13824);
#13822=CARTESIAN_POINT('',(2.45,-5.575,0.1));
#13823=DIRECTION('',(1.0,0.0,0.0));
#13824=DIRECTION('',(0.0,-1.0,1.770125996E-16));
#13825=ORIENTED_EDGE('',*,*,#13826,.T.);
#13826=EDGE_CURVE('',#13818,#13827,#13829,.T.);
#13827=VERTEX_POINT('',#13828);
#13828=CARTESIAN_POINT('',(2.45,-4.390192379,-0.2));
#13829=LINE('',#13830,#13831);
#13830=CARTESIAN_POINT('',(2.45,-5.575,-0.2));
#13831=VECTOR('',#13832,1.0);
#13832=DIRECTION('',(0.0,1.0,-2.227669547E-16));
#13833=ORIENTED_EDGE('',*,*,#13834,.T.);
#13834=EDGE_CURVE('',#13827,#13835,#13837,.T.);
#13835=VERTEX_POINT('',#13836);
#13836=CARTESIAN_POINT('',(2.45,-4.240192379,-0.159807621));
#13837=CIRCLE('',#13838,0.3);
#13838=AXIS2_PLACEMENT_3D('',#13839,#13840,#13841);
#13839=CARTESIAN_POINT('',(2.45,-4.390192379,0.1));
#13840=DIRECTION('',(1.0,0.0,0.0));
#13841=DIRECTION('',(0.0,-1.0,1.770125996E-16));
#13842=ORIENTED_EDGE('',*,*,#13843,.T.);
#13843=EDGE_CURVE('',#13835,#13844,#13846,.T.);
#13844=VERTEX_POINT('',#13845);
#13845=CARTESIAN_POINT('',(2.45,-3.975,-0.00669873));
#13846=LINE('',#13847,#13848);
#13847=CARTESIAN_POINT('',(2.45,-4.240192379,-0.159807621));
#13848=VECTOR('',#13849,1.0);
#13849=DIRECTION('',(0.0,0.866025404,0.5));
#13850=ORIENTED_EDGE('',*,*,#13851,.T.);
#13851=EDGE_CURVE('',#13844,#13394,#13852,.T.);
#13852=CIRCLE('',#13853,0.05);
#13853=AXIS2_PLACEMENT_3D('',#13854,#13855,#13856);
#13854=CARTESIAN_POINT('',(2.45,-3.95,-0.05));
#13855=DIRECTION('',(-1.0,0.0,0.0));
#13856=DIRECTION('',(0.0,-1.0,1.770125996E-16));
#13857=ORIENTED_EDGE('',*,*,#13613,.F.);
#13858=ORIENTED_EDGE('',*,*,#13859,.T.);
#13859=EDGE_CURVE('',#13158,#13860,#13862,.T.);
#13860=VERTEX_POINT('',#13861);
#13861=CARTESIAN_POINT('',(2.45,-4.1,0.209807621));
#13862=CIRCLE('',#13863,0.3);
#13863=AXIS2_PLACEMENT_3D('',#13864,#13865,#13866);
#13864=CARTESIAN_POINT('',(2.45,-3.95,-0.05));
#13865=DIRECTION('',(1.0,0.0,0.0));
#13866=DIRECTION('',(0.0,0.0,-1.0));
#13867=ORIENTED_EDGE('',*,*,#13868,.T.);
#13868=EDGE_CURVE('',#13860,#13869,#13871,.F.);
#13869=VERTEX_POINT('',#13870);
#13870=CARTESIAN_POINT('',(2.45,-4.365192379,0.05669873));
#13871=LINE('',#13872,#13873);
#13872=CARTESIAN_POINT('',(2.45,-4.365192379,0.05669873));
#13873=VECTOR('',#13874,1.0);
#13874=DIRECTION('',(0.0,0.866025404,0.5));
#13875=ORIENTED_EDGE('',*,*,#13876,.T.);
#13876=EDGE_CURVE('',#13869,#13877,#13879,.F.);
#13877=VERTEX_POINT('',#13878);
#13878=CARTESIAN_POINT('',(2.45,-4.390192379,0.05));
#13879=CIRCLE('',#13880,0.05);
#13880=AXIS2_PLACEMENT_3D('',#13881,#13882,#13883);
#13881=CARTESIAN_POINT('',(2.45,-4.390192379,0.1));
#13882=DIRECTION('',(1.0,0.0,0.0));
#13883=DIRECTION('',(0.0,0.0,-1.0));
#13884=ORIENTED_EDGE('',*,*,#13885,.T.);
#13885=EDGE_CURVE('',#13877,#13886,#13888,.F.);
#13886=VERTEX_POINT('',#13887);
#13887=CARTESIAN_POINT('',(2.45,-5.575,0.05));
#13888=LINE('',#13889,#13890);
#13889=CARTESIAN_POINT('',(2.45,-5.575,0.05));
#13890=VECTOR('',#13891,1.0);
#13891=DIRECTION('',(0.0,1.0,-2.227669547E-16));
#13892=ORIENTED_EDGE('',*,*,#13893,.T.);
#13893=EDGE_CURVE('',#13886,#13894,#13896,.F.);
#13894=VERTEX_POINT('',#13895);
#13895=CARTESIAN_POINT('',(2.45,-5.625,0.1));
#13896=CIRCLE('',#13897,0.05);
#13897=AXIS2_PLACEMENT_3D('',#13898,#13899,#13900);
#13898=CARTESIAN_POINT('',(2.45,-5.575,0.1));
#13899=DIRECTION('',(1.0,0.0,0.0));
#13900=DIRECTION('',(0.0,0.0,-1.0));
#13901=ORIENTED_EDGE('',*,*,#13902,.T.);
#13902=EDGE_CURVE('',#13894,#13903,#13905,.F.);
#13903=VERTEX_POINT('',#13904);
#13904=CARTESIAN_POINT('',(2.45,-5.625,0.8));
#13905=LINE('',#13906,#13907);
#13906=CARTESIAN_POINT('',(2.45,-5.625,0.8));
#13907=VECTOR('',#13908,1.0);
#13908=DIRECTION('',(0.0,-1.770125996E-16,-1.0));
#13909=ORIENTED_EDGE('',*,*,#13910,.T.);
#13910=EDGE_CURVE('',#13903,#13808,#13911,.T.);
#13911=LINE('',#13912,#13913);
#13912=CARTESIAN_POINT('',(2.45,-5.875,0.8));
#13913=VECTOR('',#13914,1.0);
#13914=DIRECTION('',(0.0,-1.0,1.770125996E-16));
#13915=PLANE('',#13916);
#13916=AXIS2_PLACEMENT_3D('',#13917,#13918,#13919);
#13917=CARTESIAN_POINT('',(2.45,-5.875,0.8));
#13918=DIRECTION('',(-1.0,0.0,0.0));
#13919=DIRECTION('',(0.0,-1.770125996E-16,-1.0));
#13920=ADVANCED_FACE('',(#13921),#13937,.F.);
#13921=FACE_BOUND('',#13922,.T.);
#13922=EDGE_LOOP('',(#13923,#13929,#13930,#13936));
#13923=ORIENTED_EDGE('',*,*,#13924,.T.);
#13924=EDGE_CURVE('',#13903,#13752,#13925,.F.);
#13925=LINE('',#13926,#13927);
#13926=CARTESIAN_POINT('',(-2.45,-5.625,0.8));
#13927=VECTOR('',#13928,1.0);
#13928=DIRECTION('',(1.0,0.0,0.0));
#13929=ORIENTED_EDGE('',*,*,#13751,.F.);
#13930=ORIENTED_EDGE('',*,*,#13931,.T.);
#13931=EDGE_CURVE('',#13744,#13808,#13932,.T.);
#13932=LINE('',#13933,#13934);
#13933=CARTESIAN_POINT('',(-2.45,-5.875,0.8));
#13934=VECTOR('',#13935,1.0);
#13935=DIRECTION('',(1.0,0.0,0.0));
#13936=ORIENTED_EDGE('',*,*,#13910,.F.);
#13937=PLANE('',#13938);
#13938=AXIS2_PLACEMENT_3D('',#13939,#13940,#13941);
#13939=CARTESIAN_POINT('',(-2.45,-5.875,0.8));
#13940=DIRECTION('',(0.0,-1.770125996E-16,-1.0));
#13941=DIRECTION('',(1.0,0.0,0.0));
#13942=ADVANCED_FACE('',(#13943),#13979,.T.);
#13943=FACE_BOUND('',#13944,.T.);
#13944=EDGE_LOOP('',(#13945,#13955,#13961,#13962,#13963,#13964,#13965,#13973));
#13945=ORIENTED_EDGE('',*,*,#13946,.T.);
#13946=EDGE_CURVE('',#13947,#13949,#13951,.T.);
#13947=VERTEX_POINT('',#13948);
#13948=CARTESIAN_POINT('',(0.5,-5.875,0.322176377));
#13949=VERTEX_POINT('',#13950);
#13950=CARTESIAN_POINT('',(0.5,-5.875,0.1));
#13951=LINE('',#13952,#13953);
#13952=CARTESIAN_POINT('',(0.5,-5.875,0.322176377));
#13953=VECTOR('',#13954,1.0);
#13954=DIRECTION('',(0.0,-1.661051276E-15,-1.0));
#13955=ORIENTED_EDGE('',*,*,#13956,.T.);
#13956=EDGE_CURVE('',#13949,#13810,#13957,.T.);
#13957=LINE('',#13958,#13959);
#13958=CARTESIAN_POINT('',(-2.45,-5.875,0.1));
#13959=VECTOR('',#13960,1.0);
#13960=DIRECTION('',(1.0,0.0,0.0));
#13961=ORIENTED_EDGE('',*,*,#13807,.F.);
#13962=ORIENTED_EDGE('',*,*,#13931,.F.);
#13963=ORIENTED_EDGE('',*,*,#13743,.F.);
#13964=ORIENTED_EDGE('',*,*,#13051,.F.);
#13965=ORIENTED_EDGE('',*,*,#13966,.T.);
#13966=EDGE_CURVE('',#13043,#13967,#13969,.F.);
#13967=VERTEX_POINT('',#13968);
#13968=CARTESIAN_POINT('',(-0.5,-5.875,0.322176377));
#13969=LINE('',#13970,#13971);
#13970=CARTESIAN_POINT('',(-0.5,-5.875,0.322176377));
#13971=VECTOR('',#13972,1.0);
#13972=DIRECTION('',(0.0,-1.661051276E-15,-1.0));
#13973=ORIENTED_EDGE('',*,*,#13974,.T.);
#13974=EDGE_CURVE('',#13967,#13947,#13975,.F.);
#13975=LINE('',#13976,#13977);
#13976=CARTESIAN_POINT('',(0.5,-5.875,0.322176377));
#13977=VECTOR('',#13978,1.0);
#13978=DIRECTION('',(-1.0,0.0,0.0));
#13979=PLANE('',#13980);
#13980=AXIS2_PLACEMENT_3D('',#13981,#13982,#13983);
#13981=CARTESIAN_POINT('',(-2.45,-5.875,0.8));
#13982=DIRECTION('',(0.0,-1.0,1.770125996E-16));
#13983=DIRECTION('',(0.0,-1.770125996E-16,-1.0));
#13984=ADVANCED_FACE('',(#13985),#14004,.T.);
#13985=FACE_BOUND('',#13986,.T.);
#13986=EDGE_LOOP('',(#13987,#13996,#14002,#14003));
#13987=ORIENTED_EDGE('',*,*,#13988,.T.);
#13988=EDGE_CURVE('',#13949,#13989,#13991,.T.);
#13989=VERTEX_POINT('',#13990);
#13990=CARTESIAN_POINT('',(0.5,-5.575,-0.2));
#13991=CIRCLE('',#13992,0.3);
#13992=AXIS2_PLACEMENT_3D('',#13993,#13994,#13995);
#13993=CARTESIAN_POINT('',(0.5,-5.575,0.1));
#13994=DIRECTION('',(1.0,0.0,0.0));
#13995=DIRECTION('',(0.0,0.0,-1.0));
#13996=ORIENTED_EDGE('',*,*,#13997,.T.);
#13997=EDGE_CURVE('',#13989,#13818,#13998,.T.);
#13998=LINE('',#13999,#14000);
#13999=CARTESIAN_POINT('',(-2.45,-5.575,-0.2));
#14000=VECTOR('',#14001,1.0);
#14001=DIRECTION('',(1.0,0.0,0.0));
#14002=ORIENTED_EDGE('',*,*,#13817,.F.);
#14003=ORIENTED_EDGE('',*,*,#13956,.F.);
#14004=CYLINDRICAL_SURFACE('',#14005,0.3);
#14005=AXIS2_PLACEMENT_3D('',#14006,#14007,#14008);
#14006=CARTESIAN_POINT('',(-2.45,-5.575,0.1));
#14007=DIRECTION('',(1.0,0.0,0.0));
#14008=DIRECTION('',(0.0,0.0,-1.0));
#14009=ADVANCED_FACE('',(#14010),#14051,.T.);
#14010=FACE_BOUND('',#14011,.T.);
#14011=EDGE_LOOP('',(#14012,#14020,#14028,#14034,#14035,#14041,#14042,#14043,#14049,#14050));
#14012=ORIENTED_EDGE('',*,*,#14013,.T.);
#14013=EDGE_CURVE('',#13989,#14014,#14016,.T.);
#14014=VERTEX_POINT('',#14015);
#14015=CARTESIAN_POINT('',(0.5,-4.95,-0.2));
#14016=LINE('',#14017,#14018);
#14017=CARTESIAN_POINT('',(0.5,-5.875,-0.2));
#14018=VECTOR('',#14019,1.0);
#14019=DIRECTION('',(0.0,1.0,0.0));
#14020=ORIENTED_EDGE('',*,*,#14021,.T.);
#14021=EDGE_CURVE('',#14014,#14022,#14024,.T.);
#14022=VERTEX_POINT('',#14023);
#14023=CARTESIAN_POINT('',(0.498,-4.95,-0.2));
#14024=LINE('',#14025,#14026);
#14025=CARTESIAN_POINT('',(0.5,-4.95,-0.2));
#14026=VECTOR('',#14027,1.0);
#14027=DIRECTION('',(-1.0,0.0,0.0));
#14028=ORIENTED_EDGE('',*,*,#14029,.T.);
#14029=EDGE_CURVE('',#14022,#12993,#14030,.F.);
#14030=LINE('',#14031,#14032);
#14031=CARTESIAN_POINT('',(-0.498,-4.95,-0.2));
#14032=VECTOR('',#14033,1.0);
#14033=DIRECTION('',(1.0,0.0,0.0));
#14034=ORIENTED_EDGE('',*,*,#13018,.F.);
#14035=ORIENTED_EDGE('',*,*,#14036,.T.);
#14036=EDGE_CURVE('',#13011,#13035,#14037,.F.);
#14037=LINE('',#14038,#14039);
#14038=CARTESIAN_POINT('',(-0.5,-5.875,-0.2));
#14039=VECTOR('',#14040,1.0);
#14040=DIRECTION('',(0.0,1.0,0.0));
#14041=ORIENTED_EDGE('',*,*,#13032,.F.);
#14042=ORIENTED_EDGE('',*,*,#13736,.F.);
#14043=ORIENTED_EDGE('',*,*,#14044,.T.);
#14044=EDGE_CURVE('',#13728,#13827,#14045,.T.);
#14045=LINE('',#14046,#14047);
#14046=CARTESIAN_POINT('',(-2.45,-4.390192379,-0.2));
#14047=VECTOR('',#14048,1.0);
#14048=DIRECTION('',(1.0,0.0,0.0));
#14049=ORIENTED_EDGE('',*,*,#13826,.F.);
#14050=ORIENTED_EDGE('',*,*,#13997,.F.);
#14051=PLANE('',#14052);
#14052=AXIS2_PLACEMENT_3D('',#14053,#14054,#14055);
#14053=CARTESIAN_POINT('',(-2.45,-5.575,-0.2));
#14054=DIRECTION('',(0.0,-2.227669547E-16,-1.0));
#14055=DIRECTION('',(0.0,1.0,-2.227669547E-16));
#14056=ADVANCED_FACE('',(#14057),#14068,.T.);
#14057=FACE_BOUND('',#14058,.T.);
#14058=EDGE_LOOP('',(#14059,#14060,#14061,#14062));
#14059=ORIENTED_EDGE('',*,*,#13834,.F.);
#14060=ORIENTED_EDGE('',*,*,#14044,.F.);
#14061=ORIENTED_EDGE('',*,*,#13727,.F.);
#14062=ORIENTED_EDGE('',*,*,#14063,.T.);
#14063=EDGE_CURVE('',#13720,#13835,#14064,.T.);
#14064=LINE('',#14065,#14066);
#14065=CARTESIAN_POINT('',(-2.45,-4.240192379,-0.159807621));
#14066=VECTOR('',#14067,1.0);
#14067=DIRECTION('',(1.0,0.0,0.0));
#14068=CYLINDRICAL_SURFACE('',#14069,0.3);
#14069=AXIS2_PLACEMENT_3D('',#14070,#14071,#14072);
#14070=CARTESIAN_POINT('',(-2.45,-4.390192379,0.1));
#14071=DIRECTION('',(1.0,0.0,0.0));
#14072=DIRECTION('',(0.0,0.0,-1.0));
#14073=ADVANCED_FACE('',(#14074),#14085,.T.);
#14074=FACE_BOUND('',#14075,.T.);
#14075=EDGE_LOOP('',(#14076,#14077,#14078,#14079));
#14076=ORIENTED_EDGE('',*,*,#13843,.F.);
#14077=ORIENTED_EDGE('',*,*,#14063,.F.);
#14078=ORIENTED_EDGE('',*,*,#13719,.F.);
#14079=ORIENTED_EDGE('',*,*,#14080,.T.);
#14080=EDGE_CURVE('',#13711,#13844,#14081,.T.);
#14081=LINE('',#14082,#14083);
#14082=CARTESIAN_POINT('',(-2.45,-3.975,-0.00669873));
#14083=VECTOR('',#14084,1.0);
#14084=DIRECTION('',(1.0,0.0,0.0));
#14085=PLANE('',#14086);
#14086=AXIS2_PLACEMENT_3D('',#14087,#14088,#14089);
#14087=CARTESIAN_POINT('',(-2.45,-4.240192379,-0.159807621));
#14088=DIRECTION('',(0.0,0.5,-0.866025404));
#14089=DIRECTION('',(0.0,0.866025404,0.5));
#14090=ADVANCED_FACE('',(#14091),#14097,.F.);
#14091=FACE_BOUND('',#14092,.T.);
#14092=EDGE_LOOP('',(#14093,#14094,#14095,#14096));
#14093=ORIENTED_EDGE('',*,*,#13851,.F.);
#14094=ORIENTED_EDGE('',*,*,#14080,.F.);
#14095=ORIENTED_EDGE('',*,*,#13710,.F.);
#14096=ORIENTED_EDGE('',*,*,#13402,.F.);
#14097=CYLINDRICAL_SURFACE('',#14098,0.05);
#14098=AXIS2_PLACEMENT_3D('',#14099,#14100,#14101);
#14099=CARTESIAN_POINT('',(-2.45,-3.95,-0.05));
#14100=DIRECTION('',(1.0,0.0,0.0));
#14101=DIRECTION('',(0.0,0.0,-1.0));
#14102=ADVANCED_FACE('',(#14103),#14139,.F.);
#14103=FACE_BOUND('',#14104,.T.);
#14104=EDGE_LOOP('',(#14105,#14113,#14121,#14129,#14135,#14136,#14137,#14138));
#14105=ORIENTED_EDGE('',*,*,#14106,.T.);
#14106=EDGE_CURVE('',#13894,#14107,#14109,.F.);
#14107=VERTEX_POINT('',#14108);
#14108=CARTESIAN_POINT('',(0.5,-5.625,0.1));
#14109=LINE('',#14110,#14111);
#14110=CARTESIAN_POINT('',(-2.45,-5.625,0.1));
#14111=VECTOR('',#14112,1.0);
#14112=DIRECTION('',(1.0,0.0,0.0));
#14113=ORIENTED_EDGE('',*,*,#14114,.T.);
#14114=EDGE_CURVE('',#14107,#14115,#14117,.T.);
#14115=VERTEX_POINT('',#14116);
#14116=CARTESIAN_POINT('',(0.5,-5.625,0.322176377));
#14117=LINE('',#14118,#14119);
#14118=CARTESIAN_POINT('',(0.5,-5.625,0.8));
#14119=VECTOR('',#14120,1.0);
#14120=DIRECTION('',(0.0,1.770125996E-16,1.0));
#14121=ORIENTED_EDGE('',*,*,#14122,.T.);
#14122=EDGE_CURVE('',#14115,#14123,#14125,.F.);
#14123=VERTEX_POINT('',#14124);
#14124=CARTESIAN_POINT('',(-0.5,-5.625,0.322176377));
#14125=LINE('',#14126,#14127);
#14126=CARTESIAN_POINT('',(-2.45,-5.625,0.322176377));
#14127=VECTOR('',#14128,1.0);
#14128=DIRECTION('',(1.0,0.0,0.0));
#14129=ORIENTED_EDGE('',*,*,#14130,.T.);
#14130=EDGE_CURVE('',#14123,#13075,#14131,.F.);
#14131=LINE('',#14132,#14133);
#14132=CARTESIAN_POINT('',(-0.5,-5.625,0.8));
#14133=VECTOR('',#14134,1.0);
#14134=DIRECTION('',(0.0,1.770125996E-16,1.0));
#14135=ORIENTED_EDGE('',*,*,#13102,.F.);
#14136=ORIENTED_EDGE('',*,*,#13759,.F.);
#14137=ORIENTED_EDGE('',*,*,#13924,.F.);
#14138=ORIENTED_EDGE('',*,*,#13902,.F.);
#14139=PLANE('',#14140);
#14140=AXIS2_PLACEMENT_3D('',#14141,#14142,#14143);
#14141=CARTESIAN_POINT('',(-2.45,-5.625,0.8));
#14142=DIRECTION('',(0.0,-1.0,1.770125996E-16));
#14143=DIRECTION('',(0.0,-1.770125996E-16,-1.0));
#14144=ADVANCED_FACE('',(#14145),#14164,.F.);
#14145=FACE_BOUND('',#14146,.T.);
#14146=EDGE_LOOP('',(#14147,#14155,#14162,#14163));
#14147=ORIENTED_EDGE('',*,*,#14148,.T.);
#14148=EDGE_CURVE('',#13886,#14149,#14151,.F.);
#14149=VERTEX_POINT('',#14150);
#14150=CARTESIAN_POINT('',(0.5,-5.575,0.05));
#14151=LINE('',#14152,#14153);
#14152=CARTESIAN_POINT('',(-2.45,-5.575,0.05));
#14153=VECTOR('',#14154,1.0);
#14154=DIRECTION('',(1.0,0.0,0.0));
#14155=ORIENTED_EDGE('',*,*,#14156,.T.);
#14156=EDGE_CURVE('',#14149,#14107,#14157,.F.);
#14157=CIRCLE('',#14158,0.05);
#14158=AXIS2_PLACEMENT_3D('',#14159,#14160,#14161);
#14159=CARTESIAN_POINT('',(0.5,-5.575,0.1));
#14160=DIRECTION('',(1.0,0.0,0.0));
#14161=DIRECTION('',(0.0,0.0,-1.0));
#14162=ORIENTED_EDGE('',*,*,#14106,.F.);
#14163=ORIENTED_EDGE('',*,*,#13893,.F.);
#14164=CYLINDRICAL_SURFACE('',#14165,0.05);
#14165=AXIS2_PLACEMENT_3D('',#14166,#14167,#14168);
#14166=CARTESIAN_POINT('',(-2.45,-5.575,0.1));
#14167=DIRECTION('',(1.0,0.0,0.0));
#14168=DIRECTION('',(0.0,0.0,-1.0));
#14169=ADVANCED_FACE('',(#14170),#14211,.F.);
#14170=FACE_BOUND('',#14171,.T.);
#14171=EDGE_LOOP('',(#14172,#14182,#14188,#14189,#14190,#14196,#14197,#14198,#14204,#14205));
#14172=ORIENTED_EDGE('',*,*,#14173,.T.);
#14173=EDGE_CURVE('',#14174,#14176,#14178,.F.);
#14174=VERTEX_POINT('',#14175);
#14175=CARTESIAN_POINT('',(0.498,-4.95,0.05));
#14176=VERTEX_POINT('',#14177);
#14177=CARTESIAN_POINT('',(0.5,-4.95,0.05));
#14178=LINE('',#14179,#14180);
#14179=CARTESIAN_POINT('',(-2.45,-4.95,0.05));
#14180=VECTOR('',#14181,1.0);
#14181=DIRECTION('',(-1.0,0.0,0.0));
#14182=ORIENTED_EDGE('',*,*,#14183,.T.);
#14183=EDGE_CURVE('',#14176,#14149,#14184,.T.);
#14184=LINE('',#14185,#14186);
#14185=CARTESIAN_POINT('',(0.5,-5.575,0.05));
#14186=VECTOR('',#14187,1.0);
#14187=DIRECTION('',(0.0,-1.0,2.227669547E-16));
#14188=ORIENTED_EDGE('',*,*,#14148,.F.);
#14189=ORIENTED_EDGE('',*,*,#13885,.F.);
#14190=ORIENTED_EDGE('',*,*,#14191,.T.);
#14191=EDGE_CURVE('',#13877,#13767,#14192,.F.);
#14192=LINE('',#14193,#14194);
#14193=CARTESIAN_POINT('',(-2.45,-4.390192379,0.05));
#14194=VECTOR('',#14195,1.0);
#14195=DIRECTION('',(1.0,0.0,0.0));
#14196=ORIENTED_EDGE('',*,*,#13766,.F.);
#14197=ORIENTED_EDGE('',*,*,#13085,.F.);
#14198=ORIENTED_EDGE('',*,*,#14199,.T.);
#14199=EDGE_CURVE('',#13077,#13003,#14200,.F.);
#14200=LINE('',#14201,#14202);
#14201=CARTESIAN_POINT('',(-0.5,-5.575,0.05));
#14202=VECTOR('',#14203,1.0);
#14203=DIRECTION('',(0.0,-1.0,2.227669547E-16));
#14204=ORIENTED_EDGE('',*,*,#13002,.F.);
#14205=ORIENTED_EDGE('',*,*,#14206,.T.);
#14206=EDGE_CURVE('',#12995,#14174,#14207,.T.);
#14207=LINE('',#14208,#14209);
#14208=CARTESIAN_POINT('',(-0.498,-4.95,0.05));
#14209=VECTOR('',#14210,1.0);
#14210=DIRECTION('',(1.0,0.0,0.0));
#14211=PLANE('',#14212);
#14212=AXIS2_PLACEMENT_3D('',#14213,#14214,#14215);
#14213=CARTESIAN_POINT('',(-2.45,-5.575,0.05));
#14214=DIRECTION('',(0.0,-2.227669547E-16,-1.0));
#14215=DIRECTION('',(0.0,1.0,-2.227669547E-16));
#14216=ADVANCED_FACE('',(#14217),#14228,.F.);
#14217=FACE_BOUND('',#14218,.T.);
#14218=EDGE_LOOP('',(#14219,#14220,#14226,#14227));
#14219=ORIENTED_EDGE('',*,*,#13876,.F.);
#14220=ORIENTED_EDGE('',*,*,#14221,.T.);
#14221=EDGE_CURVE('',#13869,#13775,#14222,.F.);
#14222=LINE('',#14223,#14224);
#14223=CARTESIAN_POINT('',(-2.45,-4.365192379,0.05669873));
#14224=VECTOR('',#14225,1.0);
#14225=DIRECTION('',(1.0,0.0,0.0));
#14226=ORIENTED_EDGE('',*,*,#13774,.F.);
#14227=ORIENTED_EDGE('',*,*,#14191,.F.);
#14228=CYLINDRICAL_SURFACE('',#14229,0.05);
#14229=AXIS2_PLACEMENT_3D('',#14230,#14231,#14232);
#14230=CARTESIAN_POINT('',(-2.45,-4.390192379,0.1));
#14231=DIRECTION('',(1.0,0.0,0.0));
#14232=DIRECTION('',(0.0,0.0,-1.0));
#14233=ADVANCED_FACE('',(#14234),#14245,.F.);
#14234=FACE_BOUND('',#14235,.T.);
#14235=EDGE_LOOP('',(#14236,#14237,#14243,#14244));
#14236=ORIENTED_EDGE('',*,*,#13868,.F.);
#14237=ORIENTED_EDGE('',*,*,#14238,.T.);
#14238=EDGE_CURVE('',#13860,#13784,#14239,.F.);
#14239=LINE('',#14240,#14241);
#14240=CARTESIAN_POINT('',(-2.45,-4.1,0.209807621));
#14241=VECTOR('',#14242,1.0);
#14242=DIRECTION('',(1.0,0.0,0.0));
#14243=ORIENTED_EDGE('',*,*,#13783,.F.);
#14244=ORIENTED_EDGE('',*,*,#14221,.F.);
#14245=PLANE('',#14246);
#14246=AXIS2_PLACEMENT_3D('',#14247,#14248,#14249);
#14247=CARTESIAN_POINT('',(-2.45,-4.365192379,0.05669873));
#14248=DIRECTION('',(0.0,0.5,-0.866025404));
#14249=DIRECTION('',(0.0,0.866025404,0.5));
#14250=ADVANCED_FACE('',(#14251),#14257,.T.);
#14251=FACE_BOUND('',#14252,.T.);
#14252=EDGE_LOOP('',(#14253,#14254,#14255,#14256));
#14253=ORIENTED_EDGE('',*,*,#13859,.F.);
#14254=ORIENTED_EDGE('',*,*,#13157,.F.);
#14255=ORIENTED_EDGE('',*,*,#13791,.F.);
#14256=ORIENTED_EDGE('',*,*,#14238,.F.);
#14257=CYLINDRICAL_SURFACE('',#14258,0.3);
#14258=AXIS2_PLACEMENT_3D('',#14259,#14260,#14261);
#14259=CARTESIAN_POINT('',(-2.45,-3.95,-0.05));
#14260=DIRECTION('',(1.0,0.0,0.0));
#14261=DIRECTION('',(0.0,0.0,-1.0));
#14262=ADVANCED_FACE('',(#14263),#14279,.T.);
#14263=FACE_BOUND('',#14264,.T.);
#14264=EDGE_LOOP('',(#14265,#14266,#14272,#14273));
#14265=ORIENTED_EDGE('',*,*,#14122,.F.);
#14266=ORIENTED_EDGE('',*,*,#14267,.T.);
#14267=EDGE_CURVE('',#14115,#13947,#14268,.T.);
#14268=LINE('',#14269,#14270);
#14269=CARTESIAN_POINT('',(0.5,-4.95,0.322176377));
#14270=VECTOR('',#14271,1.0);
#14271=DIRECTION('',(0.0,-1.0,1.172110457E-16));
#14272=ORIENTED_EDGE('',*,*,#13974,.F.);
#14273=ORIENTED_EDGE('',*,*,#14274,.T.);
#14274=EDGE_CURVE('',#13967,#14123,#14275,.F.);
#14275=LINE('',#14276,#14277);
#14276=CARTESIAN_POINT('',(-0.5,-4.95,0.322176377));
#14277=VECTOR('',#14278,1.0);
#14278=DIRECTION('',(0.0,-1.0,1.172110457E-16));
#14279=PLANE('',#14280);
#14280=AXIS2_PLACEMENT_3D('',#14281,#14282,#14283);
#14281=CARTESIAN_POINT('',(0.5,-4.95,0.322176377));
#14282=DIRECTION('',(0.0,-1.172110457E-16,-1.0));
#14283=DIRECTION('',(0.0,1.0,-1.172110457E-16));
#14284=ADVANCED_FACE('',(#14285),#14301,.T.);
#14285=FACE_BOUND('',#14286,.T.);
#14286=EDGE_LOOP('',(#14287,#14293,#14294,#14300));
#14287=ORIENTED_EDGE('',*,*,#14288,.T.);
#14288=EDGE_CURVE('',#14174,#14022,#14289,.T.);
#14289=LINE('',#14290,#14291);
#14290=CARTESIAN_POINT('',(0.498,-4.95,-0.2));
#14291=VECTOR('',#14292,1.0);
#14292=DIRECTION('',(0.0,-2.891205793E-15,-1.0));
#14293=ORIENTED_EDGE('',*,*,#14021,.F.);
#14294=ORIENTED_EDGE('',*,*,#14295,.T.);
#14295=EDGE_CURVE('',#14014,#14176,#14296,.T.);
#14296=LINE('',#14297,#14298);
#14297=CARTESIAN_POINT('',(0.5,-4.95,-0.2));
#14298=VECTOR('',#14299,1.0);
#14299=DIRECTION('',(0.0,0.0,1.0));
#14300=ORIENTED_EDGE('',*,*,#14173,.F.);
#14301=PLANE('',#14302);
#14302=AXIS2_PLACEMENT_3D('',#14303,#14304,#14305);
#14303=CARTESIAN_POINT('',(0.5,-4.95,-0.2));
#14304=DIRECTION('',(0.0,-1.0,0.0));
#14305=DIRECTION('',(0.0,0.0,-1.0));
#14306=ADVANCED_FACE('',(#14307),#14317,.F.);
#14307=FACE_BOUND('',#14308,.T.);
#14308=EDGE_LOOP('',(#14309,#14310,#14311,#14312,#14313,#14314,#14315,#14316));
#14309=ORIENTED_EDGE('',*,*,#13988,.F.);
#14310=ORIENTED_EDGE('',*,*,#13946,.F.);
#14311=ORIENTED_EDGE('',*,*,#14267,.F.);
#14312=ORIENTED_EDGE('',*,*,#14114,.F.);
#14313=ORIENTED_EDGE('',*,*,#14156,.F.);
#14314=ORIENTED_EDGE('',*,*,#14183,.F.);
#14315=ORIENTED_EDGE('',*,*,#14295,.F.);
#14316=ORIENTED_EDGE('',*,*,#14013,.F.);
#14317=PLANE('',#14318);
#14318=AXIS2_PLACEMENT_3D('',#14319,#14320,#14321);
#14319=CARTESIAN_POINT('',(0.5,0.0,0.0));
#14320=DIRECTION('',(1.0,0.0,0.0));
#14321=DIRECTION('',(0.0,0.0,-1.0));
#14322=ADVANCED_FACE('',(#14323),#14333,.T.);
#14323=FACE_BOUND('',#14324,.T.);
#14324=EDGE_LOOP('',(#14325,#14326,#14327,#14328,#14329,#14330,#14331,#14332));
#14325=ORIENTED_EDGE('',*,*,#14036,.F.);
#14326=ORIENTED_EDGE('',*,*,#13010,.F.);
#14327=ORIENTED_EDGE('',*,*,#14199,.F.);
#14328=ORIENTED_EDGE('',*,*,#13074,.F.);
#14329=ORIENTED_EDGE('',*,*,#14130,.F.);
#14330=ORIENTED_EDGE('',*,*,#14274,.F.);
#14331=ORIENTED_EDGE('',*,*,#13966,.F.);
#14332=ORIENTED_EDGE('',*,*,#13042,.F.);
#14333=PLANE('',#14334);
#14334=AXIS2_PLACEMENT_3D('',#14335,#14336,#14337);
#14335=CARTESIAN_POINT('',(-0.5,0.0,0.0));
#14336=DIRECTION('',(1.0,0.0,0.0));
#14337=DIRECTION('',(0.0,0.0,-1.0));
#14338=ADVANCED_FACE('',(#14339),#14382,.T.);
#14339=FACE_BOUND('',#14340,.T.);
#14340=EDGE_LOOP('',(#14341,#14350,#14358,#14366,#14374,#14381));
#14341=ORIENTED_EDGE('',*,*,#14342,.T.);
#14342=EDGE_CURVE('',#12993,#14343,#14345,.F.);
#14343=VERTEX_POINT('',#14344);
#14344=CARTESIAN_POINT('',(-0.498,-5.248858409,0.073853277));
#14345=CIRCLE('',#14346,0.3);
#14346=AXIS2_PLACEMENT_3D('',#14347,#14348,#14349);
#14347=CARTESIAN_POINT('',(-0.498,-4.95,0.1));
#14348=DIRECTION('',(1.0,0.0,0.0));
#14349=DIRECTION('',(0.0,-1.0,0.0));
#14350=ORIENTED_EDGE('',*,*,#14351,.T.);
#14351=EDGE_CURVE('',#14343,#14352,#14354,.F.);
#14352=VERTEX_POINT('',#14353);
#14353=CARTESIAN_POINT('',(-0.498,-5.306107298,0.728211064));
#14354=LINE('',#14355,#14356);
#14355=CARTESIAN_POINT('',(-0.498,-5.306107298,0.728211064));
#14356=VECTOR('',#14357,1.0);
#14357=DIRECTION('',(0.0,0.087155743,-0.996194698));
#14358=ORIENTED_EDGE('',*,*,#14359,.T.);
#14359=EDGE_CURVE('',#14352,#14360,#14362,.F.);
#14360=VERTEX_POINT('',#14361);
#14361=CARTESIAN_POINT('',(-0.498,-5.057058623,0.75));
#14362=LINE('',#14363,#14364);
#14363=CARTESIAN_POINT('',(-0.498,-5.306107298,0.728211064));
#14364=VECTOR('',#14365,1.0);
#14365=DIRECTION('',(0.0,-0.996194698,-0.087155743));
#14366=ORIENTED_EDGE('',*,*,#14367,.T.);
#14367=EDGE_CURVE('',#14360,#14368,#14370,.T.);
#14368=VERTEX_POINT('',#14369);
#14369=CARTESIAN_POINT('',(-0.498,-4.999809735,0.095642213));
#14370=LINE('',#14371,#14372);
#14371=CARTESIAN_POINT('',(-0.498,-5.057058623,0.75));
#14372=VECTOR('',#14373,1.0);
#14373=DIRECTION('',(0.0,0.087155743,-0.996194698));
#14374=ORIENTED_EDGE('',*,*,#14375,.T.);
#14375=EDGE_CURVE('',#14368,#12995,#14376,.T.);
#14376=CIRCLE('',#14377,0.05);
#14377=AXIS2_PLACEMENT_3D('',#14378,#14379,#14380);
#14378=CARTESIAN_POINT('',(-0.498,-4.95,0.1));
#14379=DIRECTION('',(1.0,0.0,0.0));
#14380=DIRECTION('',(0.0,0.0,-1.0));
#14381=ORIENTED_EDGE('',*,*,#12992,.F.);
#14382=PLANE('',#14383);
#14383=AXIS2_PLACEMENT_3D('',#14384,#14385,#14386);
#14384=CARTESIAN_POINT('',(-0.498,-4.95,0.1));
#14385=DIRECTION('',(-1.0,0.0,0.0));
#14386=DIRECTION('',(0.0,0.0,1.0));
#14387=ADVANCED_FACE('',(#14388),#14431,.F.);
#14388=FACE_BOUND('',#14389,.T.);
#14389=EDGE_LOOP('',(#14390,#14400,#14407,#14408,#14417,#14425));
#14390=ORIENTED_EDGE('',*,*,#14391,.T.);
#14391=EDGE_CURVE('',#14392,#14394,#14396,.T.);
#14392=VERTEX_POINT('',#14393);
#14393=CARTESIAN_POINT('',(0.498,-5.306107298,0.728211064));
#14394=VERTEX_POINT('',#14395);
#14395=CARTESIAN_POINT('',(0.498,-5.248858409,0.073853277));
#14396=LINE('',#14397,#14398);
#14397=CARTESIAN_POINT('',(0.498,-5.306107298,0.728211064));
#14398=VECTOR('',#14399,1.0);
#14399=DIRECTION('',(0.0,0.087155743,-0.996194698));
#14400=ORIENTED_EDGE('',*,*,#14401,.T.);
#14401=EDGE_CURVE('',#14394,#14022,#14402,.T.);
#14402=CIRCLE('',#14403,0.3);
#14403=AXIS2_PLACEMENT_3D('',#14404,#14405,#14406);
#14404=CARTESIAN_POINT('',(0.498,-4.95,0.1));
#14405=DIRECTION('',(1.0,0.0,0.0));
#14406=DIRECTION('',(0.0,-1.0,0.0));
#14407=ORIENTED_EDGE('',*,*,#14288,.F.);
#14408=ORIENTED_EDGE('',*,*,#14409,.T.);
#14409=EDGE_CURVE('',#14174,#14410,#14412,.F.);
#14410=VERTEX_POINT('',#14411);
#14411=CARTESIAN_POINT('',(0.498,-4.999809735,0.095642213));
#14412=CIRCLE('',#14413,0.05);
#14413=AXIS2_PLACEMENT_3D('',#14414,#14415,#14416);
#14414=CARTESIAN_POINT('',(0.498,-4.95,0.1));
#14415=DIRECTION('',(1.0,0.0,0.0));
#14416=DIRECTION('',(0.0,0.0,-1.0));
#14417=ORIENTED_EDGE('',*,*,#14418,.T.);
#14418=EDGE_CURVE('',#14410,#14419,#14421,.F.);
#14419=VERTEX_POINT('',#14420);
#14420=CARTESIAN_POINT('',(0.498,-5.057058623,0.75));
#14421=LINE('',#14422,#14423);
#14422=CARTESIAN_POINT('',(0.498,-5.057058623,0.75));
#14423=VECTOR('',#14424,1.0);
#14424=DIRECTION('',(0.0,0.087155743,-0.996194698));
#14425=ORIENTED_EDGE('',*,*,#14426,.T.);
#14426=EDGE_CURVE('',#14419,#14392,#14427,.T.);
#14427=LINE('',#14428,#14429);
#14428=CARTESIAN_POINT('',(0.498,-5.306107298,0.728211064));
#14429=VECTOR('',#14430,1.0);
#14430=DIRECTION('',(0.0,-0.996194698,-0.087155743));
#14431=PLANE('',#14432);
#14432=AXIS2_PLACEMENT_3D('',#14433,#14434,#14435);
#14433=CARTESIAN_POINT('',(0.498,-5.306107298,0.728211064));
#14434=DIRECTION('',(-1.0,0.0,0.0));
#14435=DIRECTION('',(0.0,0.087155743,-0.996194698));
#14436=ADVANCED_FACE('',(#14437),#14453,.F.);
#14437=FACE_BOUND('',#14438,.T.);
#14438=EDGE_LOOP('',(#14439,#14445,#14446,#14452));
#14439=ORIENTED_EDGE('',*,*,#14440,.T.);
#14440=EDGE_CURVE('',#14419,#14360,#14441,.F.);
#14441=LINE('',#14442,#14443);
#14442=CARTESIAN_POINT('',(-0.498,-5.057058623,0.75));
#14443=VECTOR('',#14444,1.0);
#14444=DIRECTION('',(1.0,0.0,0.0));
#14445=ORIENTED_EDGE('',*,*,#14359,.F.);
#14446=ORIENTED_EDGE('',*,*,#14447,.T.);
#14447=EDGE_CURVE('',#14352,#14392,#14448,.T.);
#14448=LINE('',#14449,#14450);
#14449=CARTESIAN_POINT('',(-0.498,-5.306107298,0.728211064));
#14450=VECTOR('',#14451,1.0);
#14451=DIRECTION('',(1.0,0.0,0.0));
#14452=ORIENTED_EDGE('',*,*,#14426,.F.);
#14453=PLANE('',#14454);
#14454=AXIS2_PLACEMENT_3D('',#14455,#14456,#14457);
#14455=CARTESIAN_POINT('',(-0.498,-5.306107298,0.728211064));
#14456=DIRECTION('',(0.0,0.087155743,-0.996194698));
#14457=DIRECTION('',(1.0,0.0,0.0));
#14458=ADVANCED_FACE('',(#14459),#14470,.T.);
#14459=FACE_BOUND('',#14460,.T.);
#14460=EDGE_LOOP('',(#14461,#14462,#14463,#14464));
#14461=ORIENTED_EDGE('',*,*,#14391,.F.);
#14462=ORIENTED_EDGE('',*,*,#14447,.F.);
#14463=ORIENTED_EDGE('',*,*,#14351,.F.);
#14464=ORIENTED_EDGE('',*,*,#14465,.T.);
#14465=EDGE_CURVE('',#14343,#14394,#14466,.T.);
#14466=LINE('',#14467,#14468);
#14467=CARTESIAN_POINT('',(-0.498,-5.248858409,0.073853277));
#14468=VECTOR('',#14469,1.0);
#14469=DIRECTION('',(1.0,0.0,0.0));
#14470=PLANE('',#14471);
#14471=AXIS2_PLACEMENT_3D('',#14472,#14473,#14474);
#14472=CARTESIAN_POINT('',(-0.498,-5.306107298,0.728211064));
#14473=DIRECTION('',(0.0,-0.996194698,-0.087155743));
#14474=DIRECTION('',(0.0,0.087155743,-0.996194698));
#14475=ADVANCED_FACE('',(#14476),#14482,.T.);
#14476=FACE_BOUND('',#14477,.T.);
#14477=EDGE_LOOP('',(#14478,#14479,#14480,#14481));
#14478=ORIENTED_EDGE('',*,*,#14401,.F.);
#14479=ORIENTED_EDGE('',*,*,#14465,.F.);
#14480=ORIENTED_EDGE('',*,*,#14342,.F.);
#14481=ORIENTED_EDGE('',*,*,#14029,.F.);
#14482=CYLINDRICAL_SURFACE('',#14483,0.3);
#14483=AXIS2_PLACEMENT_3D('',#14484,#14485,#14486);
#14484=CARTESIAN_POINT('',(-0.498,-4.95,0.1));
#14485=DIRECTION('',(1.0,0.0,0.0));
#14486=DIRECTION('',(0.0,0.0,-1.0));
#14487=ADVANCED_FACE('',(#14488),#14499,.F.);
#14488=FACE_BOUND('',#14489,.T.);
#14489=EDGE_LOOP('',(#14490,#14491,#14497,#14498));
#14490=ORIENTED_EDGE('',*,*,#14418,.F.);
#14491=ORIENTED_EDGE('',*,*,#14492,.T.);
#14492=EDGE_CURVE('',#14410,#14368,#14493,.F.);
#14493=LINE('',#14494,#14495);
#14494=CARTESIAN_POINT('',(-0.498,-4.999809735,0.095642213));
#14495=VECTOR('',#14496,1.0);
#14496=DIRECTION('',(1.0,0.0,0.0));
#14497=ORIENTED_EDGE('',*,*,#14367,.F.);
#14498=ORIENTED_EDGE('',*,*,#14440,.F.);
#14499=PLANE('',#14500);
#14500=AXIS2_PLACEMENT_3D('',#14501,#14502,#14503);
#14501=CARTESIAN_POINT('',(-0.498,-5.057058623,0.75));
#14502=DIRECTION('',(0.0,-0.996194698,-0.087155743));
#14503=DIRECTION('',(0.0,0.087155743,-0.996194698));
#14504=ADVANCED_FACE('',(#14505),#14511,.F.);
#14505=FACE_BOUND('',#14506,.T.);
#14506=EDGE_LOOP('',(#14507,#14508,#14509,#14510));
#14507=ORIENTED_EDGE('',*,*,#14409,.F.);
#14508=ORIENTED_EDGE('',*,*,#14206,.F.);
#14509=ORIENTED_EDGE('',*,*,#14375,.F.);
#14510=ORIENTED_EDGE('',*,*,#14492,.F.);
#14511=CYLINDRICAL_SURFACE('',#14512,0.05);
#14512=AXIS2_PLACEMENT_3D('',#14513,#14514,#14515);
#14513=CARTESIAN_POINT('',(-0.498,-4.95,0.1));
#14514=DIRECTION('',(1.0,0.0,0.0));
#14515=DIRECTION('',(0.0,0.0,-1.0));
#14516=ADVANCED_FACE('',(#14517),#14551,.F.);
#14517=FACE_BOUND('',#14518,.T.);
#14518=EDGE_LOOP('',(#14519,#14529,#14537,#14545));
#14519=ORIENTED_EDGE('',*,*,#14520,.T.);
#14520=EDGE_CURVE('',#14521,#14523,#14525,.F.);
#14521=VERTEX_POINT('',#14522);
#14522=CARTESIAN_POINT('',(3.853731957,-3.217335854,4.046049412));
#14523=VERTEX_POINT('',#14524);
#14524=CARTESIAN_POINT('',(3.217335854,-3.853731957,4.046049412));
#14525=LINE('',#14526,#14527);
#14526=CARTESIAN_POINT('',(3.181980515,-3.889087297,4.046049412));
#14527=VECTOR('',#14528,1.0);
#14528=DIRECTION('',(0.707106781,0.707106781,0.0));
#14529=ORIENTED_EDGE('',*,*,#14530,.T.);
#14530=EDGE_CURVE('',#14523,#14531,#14533,.T.);
#14531=VERTEX_POINT('',#14532);
#14532=CARTESIAN_POINT('',(3.39411255,-4.030508653,4.046049412));
#14533=LINE('',#14534,#14535);
#14534=CARTESIAN_POINT('',(3.39411255,-4.030508653,4.046049412));
#14535=VECTOR('',#14536,1.0);
#14536=DIRECTION('',(0.707106781,-0.707106781,1.822718903E-16));
#14537=ORIENTED_EDGE('',*,*,#14538,.T.);
#14538=EDGE_CURVE('',#14531,#14539,#14541,.T.);
#14539=VERTEX_POINT('',#14540);
#14540=CARTESIAN_POINT('',(4.030508653,-3.39411255,4.046049412));
#14541=LINE('',#14542,#14543);
#14542=CARTESIAN_POINT('',(3.358757211,-4.065863992,4.046049412));
#14543=VECTOR('',#14544,1.0);
#14544=DIRECTION('',(0.707106781,0.707106781,0.0));
#14545=ORIENTED_EDGE('',*,*,#14546,.T.);
#14546=EDGE_CURVE('',#14539,#14521,#14547,.F.);
#14547=LINE('',#14548,#14549);
#14548=CARTESIAN_POINT('',(4.030508653,-3.39411255,4.046049412));
#14549=VECTOR('',#14550,1.0);
#14550=DIRECTION('',(0.707106781,-0.707106781,1.822718903E-16));
#14551=PLANE('',#14552);
#14552=AXIS2_PLACEMENT_3D('',#14553,#14554,#14555);
#14553=CARTESIAN_POINT('',(3.358757211,-4.065863992,4.046049412));
#14554=DIRECTION('',(1.288856896E-16,-1.288856896E-16,-1.0));
#14555=DIRECTION('',(0.707106781,0.707106781,-1.355854681E-31));
#14556=ADVANCED_FACE('',(#14557),#14598,.T.);
#14557=FACE_BOUND('',#14558,.T.);
#14558=EDGE_LOOP('',(#14559,#14560,#14567,#14568,#14575,#14576,#14582,#14583,#14590,#14591));
#14559=ORIENTED_EDGE('',*,*,#14538,.F.);
#14560=ORIENTED_EDGE('',*,*,#14561,.T.);
#14561=EDGE_CURVE('',#14531,#13575,#14562,.T.);
#14562=CIRCLE('',#14563,0.05);
#14563=AXIS2_PLACEMENT_3D('',#14564,#14565,#14566);
#14564=CARTESIAN_POINT('',(3.39411255,-4.030508653,3.996049412));
#14565=DIRECTION('',(0.707106781,-0.707106781,1.822718903E-16));
#14566=DIRECTION('',(0.707106781,0.707106781,0.0));
#14567=ORIENTED_EDGE('',*,*,#13572,.F.);
#14568=ORIENTED_EDGE('',*,*,#14569,.T.);
#14569=EDGE_CURVE('',#13573,#12814,#14570,.F.);
#14570=CIRCLE('',#14571,0.37);
#14571=AXIS2_PLACEMENT_3D('',#14572,#14573,#14574);
#14572=CARTESIAN_POINT('',(3.273904397,-4.150716806,3.096049412));
#14573=DIRECTION('',(0.707106781,-0.707106781,2.455856687E-16));
#14574=DIRECTION('',(2.31540389E-16,-1.157701945E-16,-1.0));
#14575=ORIENTED_EDGE('',*,*,#12873,.F.);
#14576=ORIENTED_EDGE('',*,*,#14577,.T.);
#14577=EDGE_CURVE('',#12865,#12946,#14578,.T.);
#14578=LINE('',#14579,#14580);
#14579=CARTESIAN_POINT('',(3.358757211,-4.065863992,0.3));
#14580=VECTOR('',#14581,1.0);
#14581=DIRECTION('',(0.707106781,0.707106781,0.0));
#14582=ORIENTED_EDGE('',*,*,#12945,.F.);
#14583=ORIENTED_EDGE('',*,*,#14584,.T.);
#14584=EDGE_CURVE('',#12938,#12906,#14585,.T.);
#14585=CIRCLE('',#14586,0.37);
#14586=AXIS2_PLACEMENT_3D('',#14587,#14588,#14589);
#14587=CARTESIAN_POINT('',(4.150716806,-3.273904397,3.096049412));
#14588=DIRECTION('',(-0.707106781,0.707106781,-2.455856687E-16));
#14589=DIRECTION('',(2.31540389E-16,-1.157701945E-16,-1.0));
#14590=ORIENTED_EDGE('',*,*,#12905,.F.);
#14591=ORIENTED_EDGE('',*,*,#14592,.T.);
#14592=EDGE_CURVE('',#12898,#14539,#14593,.T.);
#14593=CIRCLE('',#14594,0.05);
#14594=AXIS2_PLACEMENT_3D('',#14595,#14596,#14597);
#14595=CARTESIAN_POINT('',(4.030508653,-3.39411255,3.996049412));
#14596=DIRECTION('',(0.707106781,-0.707106781,1.822718903E-16));
#14597=DIRECTION('',(0.707106781,0.707106781,0.0));
#14598=PLANE('',#14599);
#14599=AXIS2_PLACEMENT_3D('',#14600,#14601,#14602);
#14600=CARTESIAN_POINT('',(3.358757211,-4.065863992,4.046049412));
#14601=DIRECTION('',(0.707106781,-0.707106781,1.822718903E-16));
#14602=DIRECTION('',(0.707106781,0.707106781,0.0));
#14603=ADVANCED_FACE('',(#14604),#14610,.T.);
#14604=FACE_BOUND('',#14605,.T.);
#14605=EDGE_LOOP('',(#14606,#14607,#14608,#14609));
#14606=ORIENTED_EDGE('',*,*,#12953,.F.);
#14607=ORIENTED_EDGE('',*,*,#14577,.F.);
#14608=ORIENTED_EDGE('',*,*,#12864,.F.);
#14609=ORIENTED_EDGE('',*,*,#13386,.F.);
#14610=CYLINDRICAL_SURFACE('',#14611,0.3);
#14611=AXIS2_PLACEMENT_3D('',#14612,#14613,#14614);
#14612=CARTESIAN_POINT('',(3.146625176,-3.853731957,0.3));
#14613=DIRECTION('',(0.707106781,0.707106781,0.0));
#14614=DIRECTION('',(-0.707106781,0.707106781,0.0));
#14615=ADVANCED_FACE('',(#14616),#14657,.F.);
#14616=FACE_BOUND('',#14617,.T.);
#14617=EDGE_LOOP('',(#14618,#14619,#14626,#14627,#14634,#14635,#14642,#14643,#14649,#14650));
#14618=ORIENTED_EDGE('',*,*,#13590,.F.);
#14619=ORIENTED_EDGE('',*,*,#14620,.T.);
#14620=EDGE_CURVE('',#13583,#14523,#14621,.F.);
#14621=CIRCLE('',#14622,0.05);
#14622=AXIS2_PLACEMENT_3D('',#14623,#14624,#14625);
#14623=CARTESIAN_POINT('',(3.217335854,-3.853731957,3.996049412));
#14624=DIRECTION('',(0.707106781,-0.707106781,1.822718903E-16));
#14625=DIRECTION('',(0.707106781,0.707106781,0.0));
#14626=ORIENTED_EDGE('',*,*,#14520,.F.);
#14627=ORIENTED_EDGE('',*,*,#14628,.T.);
#14628=EDGE_CURVE('',#14521,#12890,#14629,.F.);
#14629=CIRCLE('',#14630,0.05);
#14630=AXIS2_PLACEMENT_3D('',#14631,#14632,#14633);
#14631=CARTESIAN_POINT('',(3.853731957,-3.217335854,3.996049412));
#14632=DIRECTION('',(0.707106781,-0.707106781,1.822718903E-16));
#14633=DIRECTION('',(0.707106781,0.707106781,0.0));
#14634=ORIENTED_EDGE('',*,*,#12887,.F.);
#14635=ORIENTED_EDGE('',*,*,#14636,.T.);
#14636=EDGE_CURVE('',#12888,#12930,#14637,.T.);
#14637=CIRCLE('',#14638,0.37);
#14638=AXIS2_PLACEMENT_3D('',#14639,#14640,#14641);
#14639=CARTESIAN_POINT('',(3.97394011,-3.097127702,3.096049412));
#14640=DIRECTION('',(0.707106781,-0.707106781,1.822718903E-16));
#14641=DIRECTION('',(0.707106781,0.707106781,0.0));
#14642=ORIENTED_EDGE('',*,*,#12927,.F.);
#14643=ORIENTED_EDGE('',*,*,#14644,.T.);
#14644=EDGE_CURVE('',#12928,#12824,#14645,.F.);
#14645=LINE('',#14646,#14647);
#14646=CARTESIAN_POINT('',(3.181980515,-3.889087297,0.3));
#14647=VECTOR('',#14648,1.0);
#14648=DIRECTION('',(0.707106781,0.707106781,0.0));
#14649=ORIENTED_EDGE('',*,*,#12823,.F.);
#14650=ORIENTED_EDGE('',*,*,#14651,.T.);
#14651=EDGE_CURVE('',#12816,#13591,#14652,.T.);
#14652=CIRCLE('',#14653,0.37);
#14653=AXIS2_PLACEMENT_3D('',#14654,#14655,#14656);
#14654=CARTESIAN_POINT('',(3.097127702,-3.97394011,3.096049412));
#14655=DIRECTION('',(0.707106781,-0.707106781,1.822718903E-16));
#14656=DIRECTION('',(0.707106781,0.707106781,0.0));
#14657=PLANE('',#14658);
#14658=AXIS2_PLACEMENT_3D('',#14659,#14660,#14661);
#14659=CARTESIAN_POINT('',(3.181980515,-3.889087297,4.046049412));
#14660=DIRECTION('',(0.707106781,-0.707106781,1.822718903E-16));
#14661=DIRECTION('',(0.707106781,0.707106781,0.0));
#14662=ADVANCED_FACE('',(#14663),#14669,.F.);
#14663=FACE_BOUND('',#14664,.T.);
#14664=EDGE_LOOP('',(#14665,#14666,#14667,#14668));
#14665=ORIENTED_EDGE('',*,*,#12977,.F.);
#14666=ORIENTED_EDGE('',*,*,#13173,.F.);
#14667=ORIENTED_EDGE('',*,*,#12831,.F.);
#14668=ORIENTED_EDGE('',*,*,#14644,.F.);
#14669=CYLINDRICAL_SURFACE('',#14670,0.05);
#14670=AXIS2_PLACEMENT_3D('',#14671,#14672,#14673);
#14671=CARTESIAN_POINT('',(3.146625176,-3.853731957,0.3));
#14672=DIRECTION('',(0.707106781,0.707106781,0.0));
#14673=DIRECTION('',(-0.707106781,0.707106781,0.0));
#14674=ADVANCED_FACE('',(#14675),#14681,.F.);
#14675=FACE_BOUND('',#14676,.T.);
#14676=EDGE_LOOP('',(#14677,#14678,#14679,#14680));
#14677=ORIENTED_EDGE('',*,*,#14584,.F.);
#14678=ORIENTED_EDGE('',*,*,#12937,.F.);
#14679=ORIENTED_EDGE('',*,*,#14636,.F.);
#14680=ORIENTED_EDGE('',*,*,#12913,.F.);
#14681=CYLINDRICAL_SURFACE('',#14682,0.37);
#14682=AXIS2_PLACEMENT_3D('',#14683,#14684,#14685);
#14683=CARTESIAN_POINT('',(-6.990455386,7.867267795,3.096049412));
#14684=DIRECTION('',(0.707106781,-0.707106781,2.455856687E-16));
#14685=DIRECTION('',(0.707106781,0.707106781,0.0));
#14686=ADVANCED_FACE('',(#14687),#14693,.F.);
#14687=FACE_BOUND('',#14688,.T.);
#14688=EDGE_LOOP('',(#14689,#14690,#14691,#14692));
#14689=ORIENTED_EDGE('',*,*,#12813,.F.);
#14690=ORIENTED_EDGE('',*,*,#14569,.F.);
#14691=ORIENTED_EDGE('',*,*,#13598,.F.);
#14692=ORIENTED_EDGE('',*,*,#14651,.F.);
#14693=CYLINDRICAL_SURFACE('',#14694,0.37);
#14694=AXIS2_PLACEMENT_3D('',#14695,#14696,#14697);
#14695=CARTESIAN_POINT('',(-7.867267795,6.990455386,3.096049412));
#14696=DIRECTION('',(0.707106781,-0.707106781,2.455856687E-16));
#14697=DIRECTION('',(0.707106781,0.707106781,0.0));
#14698=ADVANCED_FACE('',(#14699),#14705,.T.);
#14699=FACE_BOUND('',#14700,.T.);
#14700=EDGE_LOOP('',(#14701,#14702,#14703,#14704));
#14701=ORIENTED_EDGE('',*,*,#14620,.F.);
#14702=ORIENTED_EDGE('',*,*,#13582,.F.);
#14703=ORIENTED_EDGE('',*,*,#14561,.F.);
#14704=ORIENTED_EDGE('',*,*,#14530,.F.);
#14705=CYLINDRICAL_SURFACE('',#14706,0.05);
#14706=AXIS2_PLACEMENT_3D('',#14707,#14708,#14709);
#14707=CARTESIAN_POINT('',(3.39411255,-4.030508653,3.996049412));
#14708=DIRECTION('',(-0.707106781,0.707106781,-1.822718903E-16));
#14709=DIRECTION('',(-0.707106781,-0.707106781,0.0));
#14710=ADVANCED_FACE('',(#14711),#14717,.T.);
#14711=FACE_BOUND('',#14712,.T.);
#14712=EDGE_LOOP('',(#14713,#14714,#14715,#14716));
#14713=ORIENTED_EDGE('',*,*,#14628,.F.);
#14714=ORIENTED_EDGE('',*,*,#14546,.F.);
#14715=ORIENTED_EDGE('',*,*,#14592,.F.);
#14716=ORIENTED_EDGE('',*,*,#12897,.F.);
#14717=CYLINDRICAL_SURFACE('',#14718,0.05);
#14718=AXIS2_PLACEMENT_3D('',#14719,#14720,#14721);
#14719=CARTESIAN_POINT('',(3.818376618,-3.181980515,3.996049412));
#14720=DIRECTION('',(-0.707106781,0.707106781,-1.822718903E-16));
#14721=DIRECTION('',(-0.707106781,-0.707106781,0.0));
#14722=ADVANCED_FACE('',(#14723),#14757,.T.);
#14723=FACE_BOUND('',#14724,.T.);
#14724=EDGE_LOOP('',(#14725,#14735,#14743,#14751));
#14725=ORIENTED_EDGE('',*,*,#14726,.T.);
#14726=EDGE_CURVE('',#14727,#14729,#14731,.F.);
#14727=VERTEX_POINT('',#14728);
#14728=CARTESIAN_POINT('',(-4.030508653,-3.39411255,4.046049412));
#14729=VERTEX_POINT('',#14730);
#14730=CARTESIAN_POINT('',(-3.39411255,-4.030508653,4.046049412));
#14731=LINE('',#14732,#14733);
#14732=CARTESIAN_POINT('',(-3.358757211,-4.065863992,4.046049412));
#14733=VECTOR('',#14734,1.0);
#14734=DIRECTION('',(-0.707106781,0.707106781,0.0));
#14735=ORIENTED_EDGE('',*,*,#14736,.T.);
#14736=EDGE_CURVE('',#14729,#14737,#14739,.F.);
#14737=VERTEX_POINT('',#14738);
#14738=CARTESIAN_POINT('',(-3.217335854,-3.853731957,4.046049412));
#14739=LINE('',#14740,#14741);
#14740=CARTESIAN_POINT('',(-3.217335854,-3.853731957,4.046049412));
#14741=VECTOR('',#14742,1.0);
#14742=DIRECTION('',(-0.707106781,-0.707106781,1.822718903E-16));
#14743=ORIENTED_EDGE('',*,*,#14744,.T.);
#14744=EDGE_CURVE('',#14737,#14745,#14747,.F.);
#14745=VERTEX_POINT('',#14746);
#14746=CARTESIAN_POINT('',(-3.853731957,-3.217335854,4.046049412));
#14747=LINE('',#14748,#14749);
#14748=CARTESIAN_POINT('',(-3.181980515,-3.889087297,4.046049412));
#14749=VECTOR('',#14750,1.0);
#14750=DIRECTION('',(0.707106781,-0.707106781,0.0));
#14751=ORIENTED_EDGE('',*,*,#14752,.T.);
#14752=EDGE_CURVE('',#14745,#14727,#14753,.T.);
#14753=LINE('',#14754,#14755);
#14754=CARTESIAN_POINT('',(-4.030508653,-3.39411255,4.046049412));
#14755=VECTOR('',#14756,1.0);
#14756=DIRECTION('',(-0.707106781,-0.707106781,1.822718903E-16));
#14757=PLANE('',#14758);
#14758=AXIS2_PLACEMENT_3D('',#14759,#14760,#14761);
#14759=CARTESIAN_POINT('',(-3.358757211,-4.065863992,4.046049412));
#14760=DIRECTION('',(1.288856896E-16,1.288856896E-16,1.0));
#14761=DIRECTION('',(-0.707106781,0.707106781,-1.355854681E-31));
#14762=ADVANCED_FACE('',(#14763),#14774,.T.);
#14763=FACE_BOUND('',#14764,.T.);
#14764=EDGE_LOOP('',(#14765,#14766,#14767,#14768));
#14765=ORIENTED_EDGE('',*,*,#12758,.F.);
#14766=ORIENTED_EDGE('',*,*,#13418,.F.);
#14767=ORIENTED_EDGE('',*,*,#12660,.F.);
#14768=ORIENTED_EDGE('',*,*,#14769,.T.);
#14769=EDGE_CURVE('',#12653,#12709,#14770,.T.);
#14770=LINE('',#14771,#14772);
#14771=CARTESIAN_POINT('',(-3.358757211,-4.065863992,0.3));
#14772=VECTOR('',#14773,1.0);
#14773=DIRECTION('',(-0.707106781,0.707106781,0.0));
#14774=CYLINDRICAL_SURFACE('',#14775,0.3);
#14775=AXIS2_PLACEMENT_3D('',#14776,#14777,#14778);
#14776=CARTESIAN_POINT('',(-3.146625176,-3.853731957,0.3));
#14777=DIRECTION('',(-0.707106781,0.707106781,0.0));
#14778=DIRECTION('',(-0.707106781,-0.707106781,0.0));
#14779=ADVANCED_FACE('',(#14780),#14816,.T.);
#14780=FACE_BOUND('',#14781,.T.);
#14781=EDGE_LOOP('',(#14782,#14783,#14790,#14791,#14798,#14799,#14806,#14807,#14808,#14809));
#14782=ORIENTED_EDGE('',*,*,#13647,.F.);
#14783=ORIENTED_EDGE('',*,*,#14784,.T.);
#14784=EDGE_CURVE('',#13640,#14729,#14785,.T.);
#14785=CIRCLE('',#14786,0.05);
#14786=AXIS2_PLACEMENT_3D('',#14787,#14788,#14789);
#14787=CARTESIAN_POINT('',(-3.39411255,-4.030508653,3.996049412));
#14788=DIRECTION('',(-0.707106781,-0.707106781,1.822718903E-16));
#14789=DIRECTION('',(0.707106781,-0.707106781,0.0));
#14790=ORIENTED_EDGE('',*,*,#14726,.F.);
#14791=ORIENTED_EDGE('',*,*,#14792,.T.);
#14792=EDGE_CURVE('',#14727,#12776,#14793,.T.);
#14793=CIRCLE('',#14794,0.05);
#14794=AXIS2_PLACEMENT_3D('',#14795,#14796,#14797);
#14795=CARTESIAN_POINT('',(-4.030508653,-3.39411255,3.996049412));
#14796=DIRECTION('',(-0.707106781,-0.707106781,1.822718903E-16));
#14797=DIRECTION('',(0.707106781,-0.707106781,0.0));
#14798=ORIENTED_EDGE('',*,*,#12773,.F.);
#14799=ORIENTED_EDGE('',*,*,#14800,.T.);
#14800=EDGE_CURVE('',#12774,#12711,#14801,.T.);
#14801=CIRCLE('',#14802,0.37);
#14802=AXIS2_PLACEMENT_3D('',#14803,#14804,#14805);
#14803=CARTESIAN_POINT('',(-4.150716806,-3.273904397,3.096049412));
#14804=DIRECTION('',(0.707106781,0.707106781,-2.455856687E-16));
#14805=DIRECTION('',(-2.31540389E-16,-1.157701945E-16,-1.0));
#14806=ORIENTED_EDGE('',*,*,#12708,.F.);
#14807=ORIENTED_EDGE('',*,*,#14769,.F.);
#14808=ORIENTED_EDGE('',*,*,#12652,.F.);
#14809=ORIENTED_EDGE('',*,*,#14810,.T.);
#14810=EDGE_CURVE('',#12645,#13648,#14811,.F.);
#14811=CIRCLE('',#14812,0.37);
#14812=AXIS2_PLACEMENT_3D('',#14813,#14814,#14815);
#14813=CARTESIAN_POINT('',(-3.273904397,-4.150716806,3.096049412));
#14814=DIRECTION('',(-0.707106781,-0.707106781,2.455856687E-16));
#14815=DIRECTION('',(-2.31540389E-16,-1.157701945E-16,-1.0));
#14816=PLANE('',#14817);
#14817=AXIS2_PLACEMENT_3D('',#14818,#14819,#14820);
#14818=CARTESIAN_POINT('',(-3.358757211,-4.065863992,0.3));
#14819=DIRECTION('',(-0.707106781,-0.707106781,1.822718903E-16));
#14820=DIRECTION('',(0.707106781,-0.707106781,0.0));
#14821=ADVANCED_FACE('',(#14822),#14833,.F.);
#14822=FACE_BOUND('',#14823,.T.);
#14823=EDGE_LOOP('',(#14824,#14825,#14831,#14832));
#14824=ORIENTED_EDGE('',*,*,#12734,.F.);
#14825=ORIENTED_EDGE('',*,*,#14826,.T.);
#14826=EDGE_CURVE('',#12727,#12635,#14827,.F.);
#14827=LINE('',#14828,#14829);
#14828=CARTESIAN_POINT('',(-3.181980515,-3.889087297,0.3));
#14829=VECTOR('',#14830,1.0);
#14830=DIRECTION('',(-0.707106781,0.707106781,0.0));
#14831=ORIENTED_EDGE('',*,*,#12693,.F.);
#14832=ORIENTED_EDGE('',*,*,#13141,.F.);
#14833=CYLINDRICAL_SURFACE('',#14834,0.05);
#14834=AXIS2_PLACEMENT_3D('',#14835,#14836,#14837);
#14835=CARTESIAN_POINT('',(-3.146625176,-3.853731957,0.3));
#14836=DIRECTION('',(-0.707106781,0.707106781,0.0));
#14837=DIRECTION('',(-0.707106781,-0.707106781,0.0));
#14838=ADVANCED_FACE('',(#14839),#14875,.F.);
#14839=FACE_BOUND('',#14840,.T.);
#14840=EDGE_LOOP('',(#14841,#14842,#14849,#14850,#14857,#14858,#14859,#14860,#14867,#14868));
#14841=ORIENTED_EDGE('',*,*,#14744,.F.);
#14842=ORIENTED_EDGE('',*,*,#14843,.T.);
#14843=EDGE_CURVE('',#14737,#13632,#14844,.F.);
#14844=CIRCLE('',#14845,0.05);
#14845=AXIS2_PLACEMENT_3D('',#14846,#14847,#14848);
#14846=CARTESIAN_POINT('',(-3.217335854,-3.853731957,3.996049412));
#14847=DIRECTION('',(-0.707106781,-0.707106781,1.822718903E-16));
#14848=DIRECTION('',(0.707106781,-0.707106781,0.0));
#14849=ORIENTED_EDGE('',*,*,#13629,.F.);
#14850=ORIENTED_EDGE('',*,*,#14851,.T.);
#14851=EDGE_CURVE('',#13630,#12637,#14852,.T.);
#14852=CIRCLE('',#14853,0.37);
#14853=AXIS2_PLACEMENT_3D('',#14854,#14855,#14856);
#14854=CARTESIAN_POINT('',(-3.097127702,-3.97394011,3.096049412));
#14855=DIRECTION('',(-0.707106781,-0.707106781,1.822718903E-16));
#14856=DIRECTION('',(0.707106781,-0.707106781,0.0));
#14857=ORIENTED_EDGE('',*,*,#12634,.F.);
#14858=ORIENTED_EDGE('',*,*,#14826,.F.);
#14859=ORIENTED_EDGE('',*,*,#12726,.F.);
#14860=ORIENTED_EDGE('',*,*,#14861,.T.);
#14861=EDGE_CURVE('',#12719,#12792,#14862,.T.);
#14862=CIRCLE('',#14863,0.37);
#14863=AXIS2_PLACEMENT_3D('',#14864,#14865,#14866);
#14864=CARTESIAN_POINT('',(-3.97394011,-3.097127702,3.096049412));
#14865=DIRECTION('',(-0.707106781,-0.707106781,1.822718903E-16));
#14866=DIRECTION('',(0.707106781,-0.707106781,0.0));
#14867=ORIENTED_EDGE('',*,*,#12791,.F.);
#14868=ORIENTED_EDGE('',*,*,#14869,.T.);
#14869=EDGE_CURVE('',#12784,#14745,#14870,.F.);
#14870=CIRCLE('',#14871,0.05);
#14871=AXIS2_PLACEMENT_3D('',#14872,#14873,#14874);
#14872=CARTESIAN_POINT('',(-3.853731957,-3.217335854,3.996049412));
#14873=DIRECTION('',(-0.707106781,-0.707106781,1.822718903E-16));
#14874=DIRECTION('',(0.707106781,-0.707106781,0.0));
#14875=PLANE('',#14876);
#14876=AXIS2_PLACEMENT_3D('',#14877,#14878,#14879);
#14877=CARTESIAN_POINT('',(-3.181980515,-3.889087297,0.3));
#14878=DIRECTION('',(-0.707106781,-0.707106781,1.822718903E-16));
#14879=DIRECTION('',(0.707106781,-0.707106781,0.0));
#14880=ADVANCED_FACE('',(#14881),#14887,.F.);
#14881=FACE_BOUND('',#14882,.T.);
#14882=EDGE_LOOP('',(#14883,#14884,#14885,#14886));
#14883=ORIENTED_EDGE('',*,*,#14800,.F.);
#14884=ORIENTED_EDGE('',*,*,#12799,.F.);
#14885=ORIENTED_EDGE('',*,*,#14861,.F.);
#14886=ORIENTED_EDGE('',*,*,#12718,.F.);
#14887=CYLINDRICAL_SURFACE('',#14888,0.37);
#14888=AXIS2_PLACEMENT_3D('',#14889,#14890,#14891);
#14889=CARTESIAN_POINT('',(6.990455386,7.867267795,3.096049412));
#14890=DIRECTION('',(-0.707106781,-0.707106781,2.455856687E-16));
#14891=DIRECTION('',(0.707106781,-0.707106781,0.0));
#14892=ADVANCED_FACE('',(#14893),#14899,.F.);
#14893=FACE_BOUND('',#14894,.T.);
#14894=EDGE_LOOP('',(#14895,#14896,#14897,#14898));
#14895=ORIENTED_EDGE('',*,*,#14851,.F.);
#14896=ORIENTED_EDGE('',*,*,#13655,.F.);
#14897=ORIENTED_EDGE('',*,*,#14810,.F.);
#14898=ORIENTED_EDGE('',*,*,#12644,.F.);
#14899=CYLINDRICAL_SURFACE('',#14900,0.37);
#14900=AXIS2_PLACEMENT_3D('',#14901,#14902,#14903);
#14901=CARTESIAN_POINT('',(7.867267795,6.990455386,3.096049412));
#14902=DIRECTION('',(-0.707106781,-0.707106781,2.455856687E-16));
#14903=DIRECTION('',(0.707106781,-0.707106781,0.0));
#14904=ADVANCED_FACE('',(#14905),#14911,.T.);
#14905=FACE_BOUND('',#14906,.T.);
#14906=EDGE_LOOP('',(#14907,#14908,#14909,#14910));
#14907=ORIENTED_EDGE('',*,*,#14843,.F.);
#14908=ORIENTED_EDGE('',*,*,#14736,.F.);
#14909=ORIENTED_EDGE('',*,*,#14784,.F.);
#14910=ORIENTED_EDGE('',*,*,#13639,.F.);
#14911=CYLINDRICAL_SURFACE('',#14912,0.05);
#14912=AXIS2_PLACEMENT_3D('',#14913,#14914,#14915);
#14913=CARTESIAN_POINT('',(-3.181980515,-3.818376618,3.996049412));
#14914=DIRECTION('',(0.707106781,0.707106781,-1.822718903E-16));
#14915=DIRECTION('',(-0.707106781,0.707106781,0.0));
#14916=ADVANCED_FACE('',(#14917),#14923,.T.);
#14917=FACE_BOUND('',#14918,.T.);
#14918=EDGE_LOOP('',(#14919,#14920,#14921,#14922));
#14919=ORIENTED_EDGE('',*,*,#14869,.F.);
#14920=ORIENTED_EDGE('',*,*,#12783,.F.);
#14921=ORIENTED_EDGE('',*,*,#14792,.F.);
#14922=ORIENTED_EDGE('',*,*,#14752,.F.);
#14923=CYLINDRICAL_SURFACE('',#14924,0.05);
#14924=AXIS2_PLACEMENT_3D('',#14925,#14926,#14927);
#14925=CARTESIAN_POINT('',(-4.030508653,-3.39411255,3.996049412));
#14926=DIRECTION('',(-0.707106781,-0.707106781,1.822718903E-16));
#14927=DIRECTION('',(0.707106781,-0.707106781,0.0));
#14928=ADVANCED_FACE('',(#14929),#14974,.F.);
#14929=FACE_BOUND('',#14930,.T.);
#14930=EDGE_LOOP('',(#14931,#14932,#14933,#14942,#14950,#14958,#14966,#14973));
#14931=ORIENTED_EDGE('',*,*,#12561,.F.);
#14932=ORIENTED_EDGE('',*,*,#13378,.F.);
#14933=ORIENTED_EDGE('',*,*,#14934,.T.);
#14934=EDGE_CURVE('',#13371,#14935,#14937,.F.);
#14935=VERTEX_POINT('',#14936);
#14936=CARTESIAN_POINT('',(4.447323223,-2.817711723,0.284299213));
#14937=CIRCLE('',#14938,0.3);
#14938=AXIS2_PLACEMENT_3D('',#14939,#14940,#14941);
#14939=CARTESIAN_POINT('',(4.18280196,-2.677063273,0.3));
#14940=DIRECTION('',(0.469471563,0.882947593,0.0));
#14941=DIRECTION('',(-0.882947593,0.469471563,0.0));
#14942=ORIENTED_EDGE('',*,*,#14943,.T.);
#14943=EDGE_CURVE('',#14935,#14944,#14946,.T.);
#14944=VERTEX_POINT('',#14945);
#14945=CARTESIAN_POINT('',(4.479835636,-2.83499888,0.986916011));
#14946=LINE('',#14947,#14948);
#14947=CARTESIAN_POINT('',(4.479835636,-2.83499888,0.986916011));
#14948=VECTOR('',#14949,1.0);
#14949=DIRECTION('',(0.046209907,-0.024570243,0.998629535));
#14950=ORIENTED_EDGE('',*,*,#14951,.T.);
#14951=EDGE_CURVE('',#14944,#14952,#14954,.F.);
#14952=VERTEX_POINT('',#14953);
#14953=CARTESIAN_POINT('',(4.25940125,-2.717791838,1.0));
#14954=LINE('',#14955,#14956);
#14955=CARTESIAN_POINT('',(4.25940125,-2.717791838,1.0));
#14956=VECTOR('',#14957,1.0);
#14957=DIRECTION('',(0.881737544,-0.468828168,-0.052335956));
#14958=ORIENTED_EDGE('',*,*,#14959,.T.);
#14959=EDGE_CURVE('',#14952,#14960,#14962,.T.);
#14960=VERTEX_POINT('',#14961);
#14961=CARTESIAN_POINT('',(4.226888837,-2.700504681,0.297383202));
#14962=LINE('',#14963,#14964);
#14963=CARTESIAN_POINT('',(4.25940125,-2.717791838,1.0));
#14964=VECTOR('',#14965,1.0);
#14965=DIRECTION('',(-0.046209907,0.024570243,-0.998629535));
#14966=ORIENTED_EDGE('',*,*,#14967,.T.);
#14967=EDGE_CURVE('',#14960,#13182,#14968,.T.);
#14968=CIRCLE('',#14969,0.05);
#14969=AXIS2_PLACEMENT_3D('',#14970,#14971,#14972);
#14970=CARTESIAN_POINT('',(4.18280196,-2.677063273,0.3));
#14971=DIRECTION('',(0.469471563,0.882947593,-6.162975822E-33));
#14972=DIRECTION('',(0.882947593,-0.469471563,0.0));
#14973=ORIENTED_EDGE('',*,*,#13181,.F.);
#14974=PLANE('',#14975);
#14975=AXIS2_PLACEMENT_3D('',#14976,#14977,#14978);
#14976=CARTESIAN_POINT('',(4.18280196,-2.677063273,0.0));
#14977=DIRECTION('',(0.469471563,0.882947593,0.0));
#14978=DIRECTION('',(-0.882947593,0.469471563,0.0));
#14979=ADVANCED_FACE('',(#14980),#15025,.F.);
#14980=FACE_BOUND('',#14981,.T.);
#14981=EDGE_LOOP('',(#14982,#14983,#14984,#14993,#15001,#15009,#15017,#15024));
#14982=ORIENTED_EDGE('',*,*,#12603,.F.);
#14983=ORIENTED_EDGE('',*,*,#13197,.F.);
#14984=ORIENTED_EDGE('',*,*,#14985,.T.);
#14985=EDGE_CURVE('',#13190,#14986,#14988,.F.);
#14986=VERTEX_POINT('',#14987);
#14987=CARTESIAN_POINT('',(4.602466087,-1.994146607,0.297383202));
#14988=CIRCLE('',#14989,0.05);
#14989=AXIS2_PLACEMENT_3D('',#14990,#14991,#14992);
#14990=CARTESIAN_POINT('',(4.55837921,-1.970705199,0.3));
#14991=DIRECTION('',(0.469471563,0.882947593,-6.162975822E-33));
#14992=DIRECTION('',(0.882947593,-0.469471563,0.0));
#14993=ORIENTED_EDGE('',*,*,#14994,.T.);
#14994=EDGE_CURVE('',#14986,#14995,#14997,.F.);
#14995=VERTEX_POINT('',#14996);
#14996=CARTESIAN_POINT('',(4.634978501,-2.011433764,1.0));
#14997=LINE('',#14998,#14999);
#14998=CARTESIAN_POINT('',(4.634978501,-2.011433764,1.0));
#14999=VECTOR('',#15000,1.0);
#15000=DIRECTION('',(-0.046209907,0.024570243,-0.998629535));
#15001=ORIENTED_EDGE('',*,*,#15002,.T.);
#15002=EDGE_CURVE('',#14995,#15003,#15005,.T.);
#15003=VERTEX_POINT('',#15004);
#15004=CARTESIAN_POINT('',(4.855412887,-2.128640806,0.986916011));
#15005=LINE('',#15006,#15007);
#15006=CARTESIAN_POINT('',(4.634978501,-2.011433764,1.0));
#15007=VECTOR('',#15008,1.0);
#15008=DIRECTION('',(0.881737544,-0.468828168,-0.052335956));
#15009=ORIENTED_EDGE('',*,*,#15010,.T.);
#15010=EDGE_CURVE('',#15003,#15011,#15013,.F.);
#15011=VERTEX_POINT('',#15012);
#15012=CARTESIAN_POINT('',(4.822900473,-2.111353649,0.284299213));
#15013=LINE('',#15014,#15015);
#15014=CARTESIAN_POINT('',(4.855412887,-2.128640806,0.986916011));
#15015=VECTOR('',#15016,1.0);
#15016=DIRECTION('',(0.046209907,-0.024570243,0.998629535));
#15017=ORIENTED_EDGE('',*,*,#15018,.T.);
#15018=EDGE_CURVE('',#15011,#13363,#15019,.T.);
#15019=CIRCLE('',#15020,0.3);
#15020=AXIS2_PLACEMENT_3D('',#15021,#15022,#15023);
#15021=CARTESIAN_POINT('',(4.55837921,-1.970705199,0.3));
#15022=DIRECTION('',(0.469471563,0.882947593,0.0));
#15023=DIRECTION('',(-0.882947593,0.469471563,0.0));
#15024=ORIENTED_EDGE('',*,*,#13362,.F.);
#15025=PLANE('',#15026);
#15026=AXIS2_PLACEMENT_3D('',#15027,#15028,#15029);
#15027=CARTESIAN_POINT('',(4.337642312,-1.853337308,0.0));
#15028=DIRECTION('',(-0.469471563,-0.882947593,0.0));
#15029=DIRECTION('',(0.882947593,-0.469471563,0.0));
#15030=ADVANCED_FACE('',(#15031),#15047,.F.);
#15031=FACE_BOUND('',#15032,.T.);
#15032=EDGE_LOOP('',(#15033,#15039,#15040,#15046));
#15033=ORIENTED_EDGE('',*,*,#15034,.T.);
#15034=EDGE_CURVE('',#14995,#14952,#15035,.F.);
#15035=LINE('',#15036,#15037);
#15036=CARTESIAN_POINT('',(4.25940125,-2.717791838,1.0));
#15037=VECTOR('',#15038,1.0);
#15038=DIRECTION('',(0.469471563,0.882947593,0.0));
#15039=ORIENTED_EDGE('',*,*,#14951,.F.);
#15040=ORIENTED_EDGE('',*,*,#15041,.T.);
#15041=EDGE_CURVE('',#14944,#15003,#15042,.T.);
#15042=LINE('',#15043,#15044);
#15043=CARTESIAN_POINT('',(4.479835636,-2.83499888,0.986916011));
#15044=VECTOR('',#15045,1.0);
#15045=DIRECTION('',(0.469471563,0.882947593,0.0));
#15046=ORIENTED_EDGE('',*,*,#15002,.F.);
#15047=PLANE('',#15048);
#15048=AXIS2_PLACEMENT_3D('',#15049,#15050,#15051);
#15049=CARTESIAN_POINT('',(4.25940125,-2.717791838,1.0));
#15050=DIRECTION('',(-0.046209907,0.024570243,-0.998629535));
#15051=DIRECTION('',(0.469471563,0.882947593,-6.938893904E-18));
#15052=ADVANCED_FACE('',(#15053),#15064,.T.);
#15053=FACE_BOUND('',#15054,.T.);
#15054=EDGE_LOOP('',(#15055,#15056,#15057,#15058));
#15055=ORIENTED_EDGE('',*,*,#15010,.F.);
#15056=ORIENTED_EDGE('',*,*,#15041,.F.);
#15057=ORIENTED_EDGE('',*,*,#14943,.F.);
#15058=ORIENTED_EDGE('',*,*,#15059,.T.);
#15059=EDGE_CURVE('',#14935,#15011,#15060,.T.);
#15060=LINE('',#15061,#15062);
#15061=CARTESIAN_POINT('',(4.447323223,-2.817711723,0.284299213));
#15062=VECTOR('',#15063,1.0);
#15063=DIRECTION('',(0.469471563,0.882947593,0.0));
#15064=PLANE('',#15065);
#15065=AXIS2_PLACEMENT_3D('',#15066,#15067,#15068);
#15066=CARTESIAN_POINT('',(4.479835636,-2.83499888,0.986916011));
#15067=DIRECTION('',(0.881737544,-0.468828168,-0.052335956));
#15068=DIRECTION('',(0.469471563,0.882947593,-1.040834086E-17));
#15069=ADVANCED_FACE('',(#15070),#15076,.T.);
#15070=FACE_BOUND('',#15071,.T.);
#15071=EDGE_LOOP('',(#15072,#15073,#15074,#15075));
#15072=ORIENTED_EDGE('',*,*,#15018,.F.);
#15073=ORIENTED_EDGE('',*,*,#15059,.F.);
#15074=ORIENTED_EDGE('',*,*,#14934,.F.);
#15075=ORIENTED_EDGE('',*,*,#13370,.F.);
#15076=CYLINDRICAL_SURFACE('',#15077,0.3);
#15077=AXIS2_PLACEMENT_3D('',#15078,#15079,#15080);
#15078=CARTESIAN_POINT('',(4.18280196,-2.677063273,0.3));
#15079=DIRECTION('',(0.469471563,0.882947593,0.0));
#15080=DIRECTION('',(-0.882947593,0.469471563,0.0));
#15081=ADVANCED_FACE('',(#15082),#15093,.F.);
#15082=FACE_BOUND('',#15083,.T.);
#15083=EDGE_LOOP('',(#15084,#15085,#15091,#15092));
#15084=ORIENTED_EDGE('',*,*,#14994,.F.);
#15085=ORIENTED_EDGE('',*,*,#15086,.T.);
#15086=EDGE_CURVE('',#14986,#14960,#15087,.F.);
#15087=LINE('',#15088,#15089);
#15088=CARTESIAN_POINT('',(4.226888837,-2.700504681,0.297383202));
#15089=VECTOR('',#15090,1.0);
#15090=DIRECTION('',(0.469471563,0.882947593,0.0));
#15091=ORIENTED_EDGE('',*,*,#14959,.F.);
#15092=ORIENTED_EDGE('',*,*,#15034,.F.);
#15093=PLANE('',#15094);
#15094=AXIS2_PLACEMENT_3D('',#15095,#15096,#15097);
#15095=CARTESIAN_POINT('',(4.25940125,-2.717791838,1.0));
#15096=DIRECTION('',(0.881737544,-0.468828168,-0.052335956));
#15097=DIRECTION('',(0.469471563,0.882947593,-1.040834086E-17));
#15098=ADVANCED_FACE('',(#15099),#15105,.F.);
#15099=FACE_BOUND('',#15100,.T.);
#15100=EDGE_LOOP('',(#15101,#15102,#15103,#15104));
#15101=ORIENTED_EDGE('',*,*,#14985,.F.);
#15102=ORIENTED_EDGE('',*,*,#13189,.F.);
#15103=ORIENTED_EDGE('',*,*,#14967,.F.);
#15104=ORIENTED_EDGE('',*,*,#15086,.F.);
#15105=CYLINDRICAL_SURFACE('',#15106,0.05);
#15106=AXIS2_PLACEMENT_3D('',#15107,#15108,#15109);
#15107=CARTESIAN_POINT('',(4.18280196,-2.677063273,0.3));
#15108=DIRECTION('',(0.469471563,0.882947593,0.0));
#15109=DIRECTION('',(-0.882947593,0.469471563,0.0));
#15110=ADVANCED_FACE('',(#15111),#15156,.F.);
#15111=FACE_BOUND('',#15112,.T.);
#15112=EDGE_LOOP('',(#15113,#15114,#15115,#15124,#15132,#15140,#15148,#15155));
#15113=ORIENTED_EDGE('',*,*,#12477,.F.);
#15114=ORIENTED_EDGE('',*,*,#13133,.F.);
#15115=ORIENTED_EDGE('',*,*,#15116,.T.);
#15116=EDGE_CURVE('',#13126,#15117,#15119,.T.);
#15117=VERTEX_POINT('',#15118);
#15118=CARTESIAN_POINT('',(-4.226888837,-2.700504681,0.297383202));
#15119=CIRCLE('',#15120,0.05);
#15120=AXIS2_PLACEMENT_3D('',#15121,#15122,#15123);
#15121=CARTESIAN_POINT('',(-4.18280196,-2.677063273,0.3));
#15122=DIRECTION('',(-0.469471563,0.882947593,-6.162975822E-33));
#15123=DIRECTION('',(-0.882947593,-0.469471563,0.0));
#15124=ORIENTED_EDGE('',*,*,#15125,.T.);
#15125=EDGE_CURVE('',#15117,#15126,#15128,.T.);
#15126=VERTEX_POINT('',#15127);
#15127=CARTESIAN_POINT('',(-4.25940125,-2.717791838,1.0));
#15128=LINE('',#15129,#15130);
#15129=CARTESIAN_POINT('',(-4.226888837,-2.700504681,0.297383202));
#15130=VECTOR('',#15131,1.0);
#15131=DIRECTION('',(-0.046209907,-0.024570243,0.998629535));
#15132=ORIENTED_EDGE('',*,*,#15133,.T.);
#15133=EDGE_CURVE('',#15126,#15134,#15136,.T.);
#15134=VERTEX_POINT('',#15135);
#15135=CARTESIAN_POINT('',(-4.479835636,-2.83499888,0.986916011));
#15136=LINE('',#15137,#15138);
#15137=CARTESIAN_POINT('',(-4.25940125,-2.717791838,1.0));
#15138=VECTOR('',#15139,1.0);
#15139=DIRECTION('',(-0.881737544,-0.468828168,-0.052335956));
#15140=ORIENTED_EDGE('',*,*,#15141,.T.);
#15141=EDGE_CURVE('',#15134,#15142,#15144,.F.);
#15142=VERTEX_POINT('',#15143);
#15143=CARTESIAN_POINT('',(-4.447323223,-2.817711723,0.284299213));
#15144=LINE('',#15145,#15146);
#15145=CARTESIAN_POINT('',(-4.447323223,-2.817711723,0.284299213));
#15146=VECTOR('',#15147,1.0);
#15147=DIRECTION('',(-0.046209907,-0.024570243,0.998629535));
#15148=ORIENTED_EDGE('',*,*,#15149,.T.);
#15149=EDGE_CURVE('',#15142,#13427,#15150,.F.);
#15150=CIRCLE('',#15151,0.3);
#15151=AXIS2_PLACEMENT_3D('',#15152,#15153,#15154);
#15152=CARTESIAN_POINT('',(-4.18280196,-2.677063273,0.3));
#15153=DIRECTION('',(-0.469471563,0.882947593,0.0));
#15154=DIRECTION('',(-0.882947593,-0.469471563,0.0));
#15155=ORIENTED_EDGE('',*,*,#13426,.F.);
#15156=PLANE('',#15157);
#15157=AXIS2_PLACEMENT_3D('',#15158,#15159,#15160);
#15158=CARTESIAN_POINT('',(-3.962065061,-2.559695382,0.0));
#15159=DIRECTION('',(-0.469471563,0.882947593,0.0));
#15160=DIRECTION('',(-0.882947593,-0.469471563,0.0));
#15161=ADVANCED_FACE('',(#15162),#15207,.F.);
#15162=FACE_BOUND('',#15163,.T.);
#15163=EDGE_LOOP('',(#15164,#15165,#15166,#15175,#15183,#15191,#15199,#15206));
#15164=ORIENTED_EDGE('',*,*,#12519,.F.);
#15165=ORIENTED_EDGE('',*,*,#13282,.F.);
#15166=ORIENTED_EDGE('',*,*,#15167,.T.);
#15167=EDGE_CURVE('',#13283,#15168,#15170,.T.);
#15168=VERTEX_POINT('',#15169);
#15169=CARTESIAN_POINT('',(-4.822900473,-2.111353649,0.284299213));
#15170=CIRCLE('',#15171,0.3);
#15171=AXIS2_PLACEMENT_3D('',#15172,#15173,#15174);
#15172=CARTESIAN_POINT('',(-4.55837921,-1.970705199,0.3));
#15173=DIRECTION('',(-0.469471563,0.882947593,0.0));
#15174=DIRECTION('',(-0.882947593,-0.469471563,0.0));
#15175=ORIENTED_EDGE('',*,*,#15176,.T.);
#15176=EDGE_CURVE('',#15168,#15177,#15179,.T.);
#15177=VERTEX_POINT('',#15178);
#15178=CARTESIAN_POINT('',(-4.855412887,-2.128640806,0.986916011));
#15179=LINE('',#15180,#15181);
#15180=CARTESIAN_POINT('',(-4.822900473,-2.111353649,0.284299213));
#15181=VECTOR('',#15182,1.0);
#15182=DIRECTION('',(-0.046209907,-0.024570243,0.998629535));
#15183=ORIENTED_EDGE('',*,*,#15184,.T.);
#15184=EDGE_CURVE('',#15177,#15185,#15187,.F.);
#15185=VERTEX_POINT('',#15186);
#15186=CARTESIAN_POINT('',(-4.634978501,-2.011433764,1.0));
#15187=LINE('',#15188,#15189);
#15188=CARTESIAN_POINT('',(-4.634978501,-2.011433764,1.0));
#15189=VECTOR('',#15190,1.0);
#15190=DIRECTION('',(-0.881737544,-0.468828168,-0.052335956));
#15191=ORIENTED_EDGE('',*,*,#15192,.T.);
#15192=EDGE_CURVE('',#15185,#15193,#15195,.F.);
#15193=VERTEX_POINT('',#15194);
#15194=CARTESIAN_POINT('',(-4.602466087,-1.994146607,0.297383202));
#15195=LINE('',#15196,#15197);
#15196=CARTESIAN_POINT('',(-4.602466087,-1.994146607,0.297383202));
#15197=VECTOR('',#15198,1.0);
#15198=DIRECTION('',(-0.046209907,-0.024570243,0.998629535));
#15199=ORIENTED_EDGE('',*,*,#15200,.T.);
#15200=EDGE_CURVE('',#15193,#13118,#15201,.F.);
#15201=CIRCLE('',#15202,0.05);
#15202=AXIS2_PLACEMENT_3D('',#15203,#15204,#15205);
#15203=CARTESIAN_POINT('',(-4.55837921,-1.970705199,0.3));
#15204=DIRECTION('',(-0.469471563,0.882947593,-6.162975822E-33));
#15205=DIRECTION('',(-0.882947593,-0.469471563,0.0));
#15206=ORIENTED_EDGE('',*,*,#13117,.F.);
#15207=PLANE('',#15208);
#15208=AXIS2_PLACEMENT_3D('',#15209,#15210,#15211);
#15209=CARTESIAN_POINT('',(-4.55837921,-1.970705199,0.0));
#15210=DIRECTION('',(0.469471563,-0.882947593,0.0));
#15211=DIRECTION('',(0.882947593,0.469471563,0.0));
#15212=ADVANCED_FACE('',(#15213),#15229,.T.);
#15213=FACE_BOUND('',#15214,.T.);
#15214=EDGE_LOOP('',(#15215,#15216,#15222,#15223));
#15215=ORIENTED_EDGE('',*,*,#15133,.F.);
#15216=ORIENTED_EDGE('',*,*,#15217,.T.);
#15217=EDGE_CURVE('',#15126,#15185,#15218,.T.);
#15218=LINE('',#15219,#15220);
#15219=CARTESIAN_POINT('',(-4.25940125,-2.717791838,1.0));
#15220=VECTOR('',#15221,1.0);
#15221=DIRECTION('',(-0.469471563,0.882947593,0.0));
#15222=ORIENTED_EDGE('',*,*,#15184,.F.);
#15223=ORIENTED_EDGE('',*,*,#15224,.T.);
#15224=EDGE_CURVE('',#15177,#15134,#15225,.T.);
#15225=LINE('',#15226,#15227);
#15226=CARTESIAN_POINT('',(-4.479835636,-2.83499888,0.986916011));
#15227=VECTOR('',#15228,1.0);
#15228=DIRECTION('',(0.469471563,-0.882947593,0.0));
#15229=PLANE('',#15230);
#15230=AXIS2_PLACEMENT_3D('',#15231,#15232,#15233);
#15231=CARTESIAN_POINT('',(-4.25940125,-2.717791838,1.0));
#15232=DIRECTION('',(-0.046209907,-0.024570243,0.998629535));
#15233=DIRECTION('',(-0.469471563,0.882947593,-6.938893904E-18));
#15234=ADVANCED_FACE('',(#15235),#15246,.T.);
#15235=FACE_BOUND('',#15236,.T.);
#15236=EDGE_LOOP('',(#15237,#15238,#15239,#15240));
#15237=ORIENTED_EDGE('',*,*,#15167,.F.);
#15238=ORIENTED_EDGE('',*,*,#13434,.F.);
#15239=ORIENTED_EDGE('',*,*,#15149,.F.);
#15240=ORIENTED_EDGE('',*,*,#15241,.T.);
#15241=EDGE_CURVE('',#15142,#15168,#15242,.T.);
#15242=LINE('',#15243,#15244);
#15243=CARTESIAN_POINT('',(-4.447323223,-2.817711723,0.284299213));
#15244=VECTOR('',#15245,1.0);
#15245=DIRECTION('',(-0.469471563,0.882947593,0.0));
#15246=CYLINDRICAL_SURFACE('',#15247,0.3);
#15247=AXIS2_PLACEMENT_3D('',#15248,#15249,#15250);
#15248=CARTESIAN_POINT('',(-4.18280196,-2.677063273,0.3));
#15249=DIRECTION('',(-0.469471563,0.882947593,0.0));
#15250=DIRECTION('',(-0.882947593,-0.469471563,0.0));
#15251=ADVANCED_FACE('',(#15252),#15258,.T.);
#15252=FACE_BOUND('',#15253,.T.);
#15253=EDGE_LOOP('',(#15254,#15255,#15256,#15257));
#15254=ORIENTED_EDGE('',*,*,#15176,.F.);
#15255=ORIENTED_EDGE('',*,*,#15241,.F.);
#15256=ORIENTED_EDGE('',*,*,#15141,.F.);
#15257=ORIENTED_EDGE('',*,*,#15224,.F.);
#15258=PLANE('',#15259);
#15259=AXIS2_PLACEMENT_3D('',#15260,#15261,#15262);
#15260=CARTESIAN_POINT('',(-4.447323223,-2.817711723,0.284299213));
#15261=DIRECTION('',(-0.881737544,-0.468828168,-0.052335956));
#15262=DIRECTION('',(0.469471563,-0.882947593,1.040834086E-17));
#15263=ADVANCED_FACE('',(#15264),#15275,.F.);
#15264=FACE_BOUND('',#15265,.T.);
#15265=EDGE_LOOP('',(#15266,#15267,#15273,#15274));
#15266=ORIENTED_EDGE('',*,*,#15200,.F.);
#15267=ORIENTED_EDGE('',*,*,#15268,.T.);
#15268=EDGE_CURVE('',#15193,#15117,#15269,.F.);
#15269=LINE('',#15270,#15271);
#15270=CARTESIAN_POINT('',(-4.226888837,-2.700504681,0.297383202));
#15271=VECTOR('',#15272,1.0);
#15272=DIRECTION('',(-0.469471563,0.882947593,0.0));
#15273=ORIENTED_EDGE('',*,*,#15116,.F.);
#15274=ORIENTED_EDGE('',*,*,#13125,.F.);
#15275=CYLINDRICAL_SURFACE('',#15276,0.05);
#15276=AXIS2_PLACEMENT_3D('',#15277,#15278,#15279);
#15277=CARTESIAN_POINT('',(-4.18280196,-2.677063273,0.3));
#15278=DIRECTION('',(-0.469471563,0.882947593,0.0));
#15279=DIRECTION('',(-0.882947593,-0.469471563,0.0));
#15280=ADVANCED_FACE('',(#15281),#15287,.F.);
#15281=FACE_BOUND('',#15282,.T.);
#15282=EDGE_LOOP('',(#15283,#15284,#15285,#15286));
#15283=ORIENTED_EDGE('',*,*,#15192,.F.);
#15284=ORIENTED_EDGE('',*,*,#15217,.F.);
#15285=ORIENTED_EDGE('',*,*,#15125,.F.);
#15286=ORIENTED_EDGE('',*,*,#15268,.F.);
#15287=PLANE('',#15288);
#15288=AXIS2_PLACEMENT_3D('',#15289,#15290,#15291);
#15289=CARTESIAN_POINT('',(-4.226888837,-2.700504681,0.297383202));
#15290=DIRECTION('',(-0.881737544,-0.468828168,-0.052335956));
#15291=DIRECTION('',(0.469471563,-0.882947593,1.040834086E-17));
#15292=(GEOMETRIC_REPRESENTATION_CONTEXT(3)GLOBAL_UNCERTAINTY_ASSIGNED_CONTEXT((#15293))GLOBAL_UNIT_ASSIGNED_CONTEXT((#26,#27,#28))REPRESENTATION_CONTEXT('',''));
#15293=UNCERTAINTY_MEASURE_WITH_UNIT(LENGTH_MEASURE(1.0E-05),#26,'','maximum tolerance');
#15294=ADVANCED_BREP_SHAPE_REPRESENTATION('',(#9574,#12460,#9),#15292);
#15295=(REPRESENTATION_RELATIONSHIP('',$,#15294,#29)REPRESENTATION_RELATIONSHIP_WITH_TRANSFORMATION(#15296)SHAPE_REPRESENTATION_RELATIONSHIP());
#15296=ITEM_DEFINED_TRANSFORMATION('',$,#9,#21);
#15297=PRODUCT('Leadframe','Leadframe',$,(#3));
#15298=PRODUCT_DEFINITION_FORMATION('',$,#15297);
#15299=PRODUCT_DEFINITION('design',$,#15298,#6);
#15300=NEXT_ASSEMBLY_USAGE_OCCURRENCE('instance_4','Leadframe','Leadframe',#7,#15299,$);
#15301=PRODUCT_DEFINITION_SHAPE('',$,#15300);
#15302=CONTEXT_DEPENDENT_SHAPE_REPRESENTATION(#15295,#15301);
#15303=PRODUCT_DEFINITION_SHAPE('',$,#15299);
#15304=SHAPE_DEFINITION_REPRESENTATION(#15303,#15294);
#15305=PRODUCT_RELATED_PRODUCT_CATEGORY('part',$,(#15297));
#15306=STYLED_ITEM('',(#15307),#9574);
#15307=PRESENTATION_STYLE_ASSIGNMENT((#15308));
#15308=SURFACE_STYLE_USAGE(.BOTH.,#15309);
#15309=SURFACE_SIDE_STYLE('',(#15310));
#15310=SURFACE_STYLE_FILL_AREA(#15311);
#15311=FILL_AREA_STYLE('',(#15313));
#15312=COLOUR_RGB('',0.50698328,0.531564236,0.550000012);
#15313=FILL_AREA_STYLE_COLOUR('',#15312);
#15314=STYLED_ITEM('',(#15315),#12460);
#15315=PRESENTATION_STYLE_ASSIGNMENT((#15316));
#15316=SURFACE_STYLE_USAGE(.BOTH.,#15317);
#15317=SURFACE_SIDE_STYLE('',(#15318));
#15318=SURFACE_STYLE_FILL_AREA(#15319);
#15319=FILL_AREA_STYLE('',(#15321));
#15320=COLOUR_RGB('',0.50698328,0.531564236,0.550000012);
#15321=FILL_AREA_STYLE_COLOUR('',#15320);
#15322=MECHANICAL_DESIGN_GEOMETRIC_PRESENTATION_REPRESENTATION('',(#15306,#15314),#15292);
ENDSEC;
END-ISO-10303-21;
