ISO-10303-21;
HEADER;
FILE_DESCRIPTION(('CAx-IF Rec.Pracs.---Model Styling and Organization---1.5---2016-08-15','CAx-IF Rec.Pracs.---Geometric and Assembly Validation Properties---4.4---2016-08-17','CAx-IF Rec.Pracs.---User Defined Attributes---1.5---2016-08-15','CAx-IF Rec.Pracs.---External References---2.1---2005-01-19'),'2;1');
FILE_NAME('1346803.step','2026-08-08T19:02:53',('Unspecified'),('Unspecified'),'CAD Exchanger 3.10.2 (cadexchanger.com)','Unspecified','');
FILE_SCHEMA(('AUTOMOTIVE_DESIGN { 1 0 10303 214 1 1 1 1 }'));
ENDSEC;
DATA;
#1=APPLICATION_CONTEXT('core data for automotive mechanical design processes');
#2=APPLICATION_PROTOCOL_DEFINITION('international standard','automotive_design',2000,#1);
#3=PRODUCT_CONTEXT('',#1,'mechanical');
#4=PRODUCT('LC','LC',$,(#3));
#5=PRODUCT_DEFINITION_FORMATION('',$,#4);
#6=PRODUCT_DEFINITION_CONTEXT('part definition',#1,'design');
#7=PRODUCT_DEFINITION('design',$,#5,#6);
#8=PRODUCT_DEFINITION_SHAPE('',$,#7);
#9=AXIS2_PLACEMENT_3D('',#10,#11,#12);
#10=CARTESIAN_POINT('',(0.0,0.0,0.0));
#11=DIRECTION('',(0.0,0.0,1.0));
#12=DIRECTION('',(1.0,0.0,0.0));
#13=AXIS2_PLACEMENT_3D('',#14,#15,#16);
#14=CARTESIAN_POINT('',(3.308769083,2.060522896,5.161731902));
#15=DIRECTION('',(0.0,0.0,1.0));
#16=DIRECTION('',(-1.0,0.0,0.0));
#17=(GEOMETRIC_REPRESENTATION_CONTEXT(3)GLOBAL_UNIT_ASSIGNED_CONTEXT((#18,#19,#20))REPRESENTATION_CONTEXT('',''));
#18=(LENGTH_UNIT()NAMED_UNIT(*)SI_UNIT(.MILLI.,.METRE.));
#19=(NAMED_UNIT(*)PLANE_ANGLE_UNIT()SI_UNIT($,.RADIAN.));
#20=(NAMED_UNIT(*)SI_UNIT($,.STERADIAN.)SOLID_ANGLE_UNIT());
#21=SHAPE_REPRESENTATION('',(#9,#13),#17);
#22=SHAPE_DEFINITION_REPRESENTATION(#8,#21);
#23=PRODUCT_RELATED_PRODUCT_CATEGORY('assembly',$,(#4));
#24=MANIFOLD_SOLID_BREP('Join1',#25);
#25=CLOSED_SHELL('NONE',(#26,#194,#317,#485,#608,#630,#652,#691,#715,#747,#764,#781,#798,#815,#827,#839,#923,#1007,#1024,#1041,#1058,#1075,#1092,#1109,#1126,#1143,#1155,#1239,#1323,#1340,#1357,#1374,#1391,#1408,#1425,#1442,#1459,#1471,#1555,#1639,#1656,#1673,#1690,#1707,#1724,#1741,#1758,#1775,#1787,#1829,#1860,#1891,#1922,#1955,#1986,#2017,#2041,#2066,#2091,#2103,#2145,#2176,#2207,#2238,#2271,#2302,#2333,#2357,#2382,#2407,#2419,#2461,#2492,#2523,#2554,#2587,#2618,#2649,#2673,#2698,#2723,#2735,#2819,#2903,#2925,#2942,#2959,#2971,#2988,#3005,#3022,#3039,#3051,#3135,#3219,#3236,#3253,#3270,#3287,#3304,#3321,#3338,#3355));
#26=ADVANCED_FACE('NONE',(#27),#189,.T.);
#27=FACE_BOUND('NONE',#28,.T.);
#28=EDGE_LOOP('',(#29,#39,#47,#55,#63,#71,#79,#87,#95,#103,#111,#119,#127,#135,#143,#151,#159,#167,#175,#183));
#29=ORIENTED_EDGE('',*,*,#30,.T.);
#30=EDGE_CURVE('NONE',#31,#33,#35,.T.);
#31=VERTEX_POINT('NONE',#32);
#32=CARTESIAN_POINT('',(1.63085,0.0,-0.2));
#33=VERTEX_POINT('NONE',#34);
#34=CARTESIAN_POINT('',(0.72915,0.0,-0.2));
#35=LINE('',#36,#37);
#36=CARTESIAN_POINT('',(0.0,0.0,-0.2));
#37=VECTOR('',#38,1.0);
#38=DIRECTION('',(-1.0,0.0,0.0));
#39=ORIENTED_EDGE('',*,*,#40,.T.);
#40=EDGE_CURVE('NONE',#33,#41,#43,.T.);
#41=VERTEX_POINT('NONE',#42);
#42=CARTESIAN_POINT('',(0.72915,0.0,-5.004387105E-04));
#43=LINE('',#44,#45);
#44=CARTESIAN_POINT('',(0.72915,0.0,-0.2));
#45=VECTOR('',#46,1.0);
#46=DIRECTION('',(0.0,0.0,1.0));
#47=ORIENTED_EDGE('',*,*,#48,.T.);
#48=EDGE_CURVE('NONE',#41,#49,#51,.F.);
#49=VERTEX_POINT('NONE',#50);
#50=CARTESIAN_POINT('',(0.36085,0.0,-5.004387105E-04));
#51=LINE('',#52,#53);
#52=CARTESIAN_POINT('',(4.9,0.0,-5.004387105E-04));
#53=VECTOR('',#54,1.0);
#54=DIRECTION('',(1.0,0.0,0.0));
#55=ORIENTED_EDGE('',*,*,#56,.T.);
#56=EDGE_CURVE('NONE',#49,#57,#59,.T.);
#57=VERTEX_POINT('NONE',#58);
#58=CARTESIAN_POINT('',(0.36085,0.0,-0.2));
#59=LINE('',#60,#61);
#60=CARTESIAN_POINT('',(0.36085,0.0,-0.2));
#61=VECTOR('',#62,1.0);
#62=DIRECTION('',(0.0,0.0,-1.0));
#63=ORIENTED_EDGE('',*,*,#64,.T.);
#64=EDGE_CURVE('NONE',#57,#65,#67,.T.);
#65=VERTEX_POINT('NONE',#66);
#66=CARTESIAN_POINT('',(0.0,0.0,-0.2));
#67=LINE('',#68,#69);
#68=CARTESIAN_POINT('',(0.0,0.0,-0.2));
#69=VECTOR('',#70,1.0);
#70=DIRECTION('',(-1.0,0.0,0.0));
#71=ORIENTED_EDGE('',*,*,#72,.T.);
#72=EDGE_CURVE('NONE',#65,#73,#75,.T.);
#73=VERTEX_POINT('NONE',#74);
#74=CARTESIAN_POINT('',(0.0,0.0,0.0));
#75=LINE('',#76,#77);
#76=CARTESIAN_POINT('',(0.0,0.0,-0.2));
#77=VECTOR('',#78,1.0);
#78=DIRECTION('',(0.0,0.0,1.0));
#79=ORIENTED_EDGE('',*,*,#80,.T.);
#80=EDGE_CURVE('NONE',#73,#81,#83,.F.);
#81=VERTEX_POINT('NONE',#82);
#82=CARTESIAN_POINT('',(4.9,0.0,0.0));
#83=LINE('',#84,#85);
#84=CARTESIAN_POINT('',(0.0,0.0,0.0));
#85=VECTOR('',#86,1.0);
#86=DIRECTION('',(-1.0,0.0,0.0));
#87=ORIENTED_EDGE('',*,*,#88,.T.);
#88=EDGE_CURVE('NONE',#81,#89,#91,.F.);
#89=VERTEX_POINT('NONE',#90);
#90=CARTESIAN_POINT('',(4.9,0.0,-0.2));
#91=LINE('',#92,#93);
#92=CARTESIAN_POINT('',(4.9,0.0,-0.2));
#93=VECTOR('',#94,1.0);
#94=DIRECTION('',(0.0,0.0,1.0));
#95=ORIENTED_EDGE('',*,*,#96,.T.);
#96=EDGE_CURVE('NONE',#89,#97,#99,.T.);
#97=VERTEX_POINT('NONE',#98);
#98=CARTESIAN_POINT('',(4.53915,0.0,-0.2));
#99=LINE('',#100,#101);
#100=CARTESIAN_POINT('',(0.0,0.0,-0.2));
#101=VECTOR('',#102,1.0);
#102=DIRECTION('',(-1.0,0.0,0.0));
#103=ORIENTED_EDGE('',*,*,#104,.T.);
#104=EDGE_CURVE('NONE',#97,#105,#107,.T.);
#105=VERTEX_POINT('NONE',#106);
#106=CARTESIAN_POINT('',(4.53915,0.0,-5.004387105E-04));
#107=LINE('',#108,#109);
#108=CARTESIAN_POINT('',(4.53915,0.0,-0.2));
#109=VECTOR('',#110,1.0);
#110=DIRECTION('',(0.0,0.0,1.0));
#111=ORIENTED_EDGE('',*,*,#112,.T.);
#112=EDGE_CURVE('NONE',#105,#113,#115,.F.);
#113=VERTEX_POINT('NONE',#114);
#114=CARTESIAN_POINT('',(4.17085,0.0,-5.004387105E-04));
#115=LINE('',#116,#117);
#116=CARTESIAN_POINT('',(4.9,0.0,-5.004387105E-04));
#117=VECTOR('',#118,1.0);
#118=DIRECTION('',(1.0,0.0,0.0));
#119=ORIENTED_EDGE('',*,*,#120,.T.);
#120=EDGE_CURVE('NONE',#113,#121,#123,.T.);
#121=VERTEX_POINT('NONE',#122);
#122=CARTESIAN_POINT('',(4.17085,0.0,-0.2));
#123=LINE('',#124,#125);
#124=CARTESIAN_POINT('',(4.17085,0.0,-0.2));
#125=VECTOR('',#126,1.0);
#126=DIRECTION('',(0.0,0.0,-1.0));
#127=ORIENTED_EDGE('',*,*,#128,.T.);
#128=EDGE_CURVE('NONE',#121,#129,#131,.T.);
#129=VERTEX_POINT('NONE',#130);
#130=CARTESIAN_POINT('',(3.26915,0.0,-0.2));
#131=LINE('',#132,#133);
#132=CARTESIAN_POINT('',(0.0,0.0,-0.2));
#133=VECTOR('',#134,1.0);
#134=DIRECTION('',(-1.0,0.0,0.0));
#135=ORIENTED_EDGE('',*,*,#136,.T.);
#136=EDGE_CURVE('NONE',#129,#137,#139,.T.);
#137=VERTEX_POINT('NONE',#138);
#138=CARTESIAN_POINT('',(3.26915,0.0,-5.004387105E-04));
#139=LINE('',#140,#141);
#140=CARTESIAN_POINT('',(3.26915,0.0,-0.2));
#141=VECTOR('',#142,1.0);
#142=DIRECTION('',(0.0,0.0,1.0));
#143=ORIENTED_EDGE('',*,*,#144,.T.);
#144=EDGE_CURVE('NONE',#137,#145,#147,.F.);
#145=VERTEX_POINT('NONE',#146);
#146=CARTESIAN_POINT('',(2.90085,0.0,-5.004387105E-04));
#147=LINE('',#148,#149);
#148=CARTESIAN_POINT('',(4.9,0.0,-5.004387105E-04));
#149=VECTOR('',#150,1.0);
#150=DIRECTION('',(1.0,0.0,0.0));
#151=ORIENTED_EDGE('',*,*,#152,.T.);
#152=EDGE_CURVE('NONE',#145,#153,#155,.T.);
#153=VERTEX_POINT('NONE',#154);
#154=CARTESIAN_POINT('',(2.90085,0.0,-0.2));
#155=LINE('',#156,#157);
#156=CARTESIAN_POINT('',(2.90085,0.0,-0.2));
#157=VECTOR('',#158,1.0);
#158=DIRECTION('',(0.0,0.0,-1.0));
#159=ORIENTED_EDGE('',*,*,#160,.T.);
#160=EDGE_CURVE('NONE',#153,#161,#163,.T.);
#161=VERTEX_POINT('NONE',#162);
#162=CARTESIAN_POINT('',(1.99915,0.0,-0.2));
#163=LINE('',#164,#165);
#164=CARTESIAN_POINT('',(0.0,0.0,-0.2));
#165=VECTOR('',#166,1.0);
#166=DIRECTION('',(-1.0,0.0,0.0));
#167=ORIENTED_EDGE('',*,*,#168,.T.);
#168=EDGE_CURVE('NONE',#161,#169,#171,.T.);
#169=VERTEX_POINT('NONE',#170);
#170=CARTESIAN_POINT('',(1.99915,0.0,-5.004387105E-04));
#171=LINE('',#172,#173);
#172=CARTESIAN_POINT('',(1.99915,0.0,-0.2));
#173=VECTOR('',#174,1.0);
#174=DIRECTION('',(0.0,0.0,1.0));
#175=ORIENTED_EDGE('',*,*,#176,.T.);
#176=EDGE_CURVE('NONE',#169,#177,#179,.F.);
#177=VERTEX_POINT('NONE',#178);
#178=CARTESIAN_POINT('',(1.63085,0.0,-5.004387105E-04));
#179=LINE('',#180,#181);
#180=CARTESIAN_POINT('',(4.9,0.0,-5.004387105E-04));
#181=VECTOR('',#182,1.0);
#182=DIRECTION('',(1.0,0.0,0.0));
#183=ORIENTED_EDGE('',*,*,#184,.T.);
#184=EDGE_CURVE('NONE',#177,#31,#185,.T.);
#185=LINE('',#186,#187);
#186=CARTESIAN_POINT('',(1.63085,0.0,-0.2));
#187=VECTOR('',#188,1.0);
#188=DIRECTION('',(0.0,0.0,-1.0));
#189=PLANE('',#190);
#190=AXIS2_PLACEMENT_3D('',#191,#192,#193);
#191=CARTESIAN_POINT('',(0.0,0.0,-0.2));
#192=DIRECTION('',(0.0,1.0,0.0));
#193=DIRECTION('',(0.0,0.0,1.0));
#194=ADVANCED_FACE('NONE',(#195),#312,.T.);
#195=FACE_BOUND('NONE',#196,.T.);
#196=EDGE_LOOP('',(#197,#207,#213,#214,#222,#230,#236,#237,#245,#253,#259,#260,#268,#276,#282,#283,#291,#299,#305,#306));
#197=ORIENTED_EDGE('',*,*,#198,.T.);
#198=EDGE_CURVE('NONE',#199,#201,#203,.F.);
#199=VERTEX_POINT('NONE',#200);
#200=CARTESIAN_POINT('',(0.36085,-1.21612389E-04,-0.200990453));
#201=VERTEX_POINT('NONE',#202);
#202=CARTESIAN_POINT('',(0.72915,-1.21612389E-04,-0.200990453));
#203=LINE('',#204,#205);
#204=CARTESIAN_POINT('',(4.9,-1.21612389E-04,-0.200990453));
#205=VECTOR('',#206,1.0);
#206=DIRECTION('',(-1.0,0.0,0.0));
#207=ORIENTED_EDGE('',*,*,#208,.T.);
#208=EDGE_CURVE('NONE',#201,#33,#209,.T.);
#209=LINE('',#210,#211);
#210=CARTESIAN_POINT('',(0.72915,-1.78506995E-18,-0.2));
#211=VECTOR('',#212,1.0);
#212=DIRECTION('',(2.008833248E-17,0.121869343,0.992546152));
#213=ORIENTED_EDGE('',*,*,#30,.F.);
#214=ORIENTED_EDGE('',*,*,#215,.T.);
#215=EDGE_CURVE('NONE',#31,#216,#218,.T.);
#216=VERTEX_POINT('NONE',#217);
#217=CARTESIAN_POINT('',(1.63085,-1.21612389E-04,-0.200990453));
#218=LINE('',#219,#220);
#219=CARTESIAN_POINT('',(1.63085,-3.992568509E-18,-0.2));
#220=VECTOR('',#221,1.0);
#221=DIRECTION('',(-2.008833248E-17,-0.121869343,-0.992546152));
#222=ORIENTED_EDGE('',*,*,#223,.T.);
#223=EDGE_CURVE('NONE',#216,#224,#226,.F.);
#224=VERTEX_POINT('NONE',#225);
#225=CARTESIAN_POINT('',(1.99915,-1.21612389E-04,-0.200990453));
#226=LINE('',#227,#228);
#227=CARTESIAN_POINT('',(4.9,-1.21612389E-04,-0.200990453));
#228=VECTOR('',#229,1.0);
#229=DIRECTION('',(-1.0,0.0,0.0));
#230=ORIENTED_EDGE('',*,*,#231,.T.);
#231=EDGE_CURVE('NONE',#224,#161,#232,.T.);
#232=LINE('',#233,#234);
#233=CARTESIAN_POINT('',(1.99915,4.894222849E-18,-0.2));
#234=VECTOR('',#235,1.0);
#235=DIRECTION('',(-2.008833248E-17,0.121869343,0.992546152));
#236=ORIENTED_EDGE('',*,*,#160,.F.);
#237=ORIENTED_EDGE('',*,*,#238,.T.);
#238=EDGE_CURVE('NONE',#153,#239,#241,.T.);
#239=VERTEX_POINT('NONE',#240);
#240=CARTESIAN_POINT('',(2.90085,-1.21612389E-04,-0.200990453));
#241=LINE('',#242,#243);
#242=CARTESIAN_POINT('',(2.90085,-1.420344282E-17,-0.2));
#243=VECTOR('',#244,1.0);
#244=DIRECTION('',(-4.017666496E-17,-0.121869343,-0.992546152));
#245=ORIENTED_EDGE('',*,*,#246,.T.);
#246=EDGE_CURVE('NONE',#239,#247,#249,.F.);
#247=VERTEX_POINT('NONE',#248);
#248=CARTESIAN_POINT('',(3.26915,-1.21612389E-04,-0.200990453));
#249=LINE('',#250,#251);
#250=CARTESIAN_POINT('',(4.9,-1.21612389E-04,-0.200990453));
#251=VECTOR('',#252,1.0);
#252=DIRECTION('',(-1.0,0.0,0.0));
#253=ORIENTED_EDGE('',*,*,#254,.T.);
#254=EDGE_CURVE('NONE',#247,#129,#255,.T.);
#255=LINE('',#256,#257);
#256=CARTESIAN_POINT('',(3.26915,0.0,-0.2));
#257=VECTOR('',#258,1.0);
#258=DIRECTION('',(0.0,0.121869343,0.992546152));
#259=ORIENTED_EDGE('',*,*,#128,.F.);
#260=ORIENTED_EDGE('',*,*,#261,.T.);
#261=EDGE_CURVE('NONE',#121,#262,#264,.T.);
#262=VERTEX_POINT('NONE',#263);
#263=CARTESIAN_POINT('',(4.17085,-1.21612389E-04,-0.200990453));
#264=LINE('',#265,#266);
#265=CARTESIAN_POINT('',(4.17085,0.0,-0.2));
#266=VECTOR('',#267,1.0);
#267=DIRECTION('',(0.0,-0.121869343,-0.992546152));
#268=ORIENTED_EDGE('',*,*,#269,.T.);
#269=EDGE_CURVE('NONE',#262,#270,#272,.F.);
#270=VERTEX_POINT('NONE',#271);
#271=CARTESIAN_POINT('',(4.53915,-1.21612389E-04,-0.200990453));
#272=LINE('',#273,#274);
#273=CARTESIAN_POINT('',(4.9,-1.21612389E-04,-0.200990453));
#274=VECTOR('',#275,1.0);
#275=DIRECTION('',(-1.0,0.0,0.0));
#276=ORIENTED_EDGE('',*,*,#277,.T.);
#277=EDGE_CURVE('NONE',#270,#97,#278,.T.);
#278=LINE('',#279,#280);
#279=CARTESIAN_POINT('',(4.53915,0.0,-0.2));
#280=VECTOR('',#281,1.0);
#281=DIRECTION('',(0.0,0.121869343,0.992546152));
#282=ORIENTED_EDGE('',*,*,#96,.F.);
#283=ORIENTED_EDGE('',*,*,#284,.T.);
#284=EDGE_CURVE('NONE',#89,#285,#287,.F.);
#285=VERTEX_POINT('NONE',#286);
#286=CARTESIAN_POINT('',(4.832468492,-0.067531508,-0.75));
#287=LINE('',#288,#289);
#288=CARTESIAN_POINT('',(4.9,0.0,-0.2));
#289=VECTOR('',#290,1.0);
#290=DIRECTION('',(0.120974291,0.120974291,0.985256536));
#291=ORIENTED_EDGE('',*,*,#292,.T.);
#292=EDGE_CURVE('NONE',#285,#293,#295,.T.);
#293=VERTEX_POINT('NONE',#294);
#294=CARTESIAN_POINT('',(0.067531508,-0.067531508,-0.75));
#295=LINE('',#296,#297);
#296=CARTESIAN_POINT('',(0.0,-0.067531508,-0.75));
#297=VECTOR('',#298,1.0);
#298=DIRECTION('',(-1.0,0.0,0.0));
#299=ORIENTED_EDGE('',*,*,#300,.T.);
#300=EDGE_CURVE('NONE',#293,#65,#301,.T.);
#301=LINE('',#302,#303);
#302=CARTESIAN_POINT('',(0.0,0.0,-0.2));
#303=VECTOR('',#304,1.0);
#304=DIRECTION('',(-0.120974291,0.120974291,0.985256536));
#305=ORIENTED_EDGE('',*,*,#64,.F.);
#306=ORIENTED_EDGE('',*,*,#307,.T.);
#307=EDGE_CURVE('NONE',#57,#199,#308,.T.);
#308=LINE('',#309,#310);
#309=CARTESIAN_POINT('',(0.36085,-2.539819877E-18,-0.2));
#310=VECTOR('',#311,1.0);
#311=DIRECTION('',(-5.775395588E-17,-0.121869343,-0.992546152));
#312=PLANE('',#313);
#313=AXIS2_PLACEMENT_3D('',#314,#315,#316);
#314=CARTESIAN_POINT('',(0.0,0.0,-0.2));
#315=DIRECTION('',(0.0,0.992546152,-0.121869343));
#316=DIRECTION('',(0.0,0.121869343,0.992546152));
#317=ADVANCED_FACE('NONE',(#318),#480,.T.);
#318=FACE_BOUND('NONE',#319,.T.);
#319=EDGE_LOOP('',(#320,#330,#338,#346,#354,#362,#370,#378,#386,#394,#402,#410,#418,#426,#434,#442,#450,#458,#466,#474));
#320=ORIENTED_EDGE('',*,*,#321,.T.);
#321=EDGE_CURVE('NONE',#322,#324,#326,.T.);
#322=VERTEX_POINT('NONE',#323);
#323=CARTESIAN_POINT('',(3.26915,-3.9,-0.2));
#324=VERTEX_POINT('NONE',#325);
#325=CARTESIAN_POINT('',(4.17085,-3.9,-0.2));
#326=LINE('',#327,#328);
#327=CARTESIAN_POINT('',(4.776122517E-16,-3.9,-0.2));
#328=VECTOR('',#329,1.0);
#329=DIRECTION('',(1.0,0.0,0.0));
#330=ORIENTED_EDGE('',*,*,#331,.T.);
#331=EDGE_CURVE('NONE',#324,#332,#334,.T.);
#332=VERTEX_POINT('NONE',#333);
#333=CARTESIAN_POINT('',(4.17085,-3.9,-5.004387105E-04));
#334=LINE('',#335,#336);
#335=CARTESIAN_POINT('',(4.17085,-3.9,-0.2));
#336=VECTOR('',#337,1.0);
#337=DIRECTION('',(0.0,0.0,1.0));
#338=ORIENTED_EDGE('',*,*,#339,.T.);
#339=EDGE_CURVE('NONE',#332,#340,#342,.F.);
#340=VERTEX_POINT('NONE',#341);
#341=CARTESIAN_POINT('',(4.53915,-3.9,-5.004387105E-04));
#342=LINE('',#343,#344);
#343=CARTESIAN_POINT('',(4.9,-3.9,-5.004387105E-04));
#344=VECTOR('',#345,1.0);
#345=DIRECTION('',(-1.0,0.0,0.0));
#346=ORIENTED_EDGE('',*,*,#347,.T.);
#347=EDGE_CURVE('NONE',#340,#348,#350,.T.);
#348=VERTEX_POINT('NONE',#349);
#349=CARTESIAN_POINT('',(4.53915,-3.9,-0.2));
#350=LINE('',#351,#352);
#351=CARTESIAN_POINT('',(4.53915,-3.9,-0.2));
#352=VECTOR('',#353,1.0);
#353=DIRECTION('',(0.0,0.0,-1.0));
#354=ORIENTED_EDGE('',*,*,#355,.T.);
#355=EDGE_CURVE('NONE',#348,#356,#358,.T.);
#356=VERTEX_POINT('NONE',#357);
#357=CARTESIAN_POINT('',(4.9,-3.9,-0.2));
#358=LINE('',#359,#360);
#359=CARTESIAN_POINT('',(4.776122517E-16,-3.9,-0.2));
#360=VECTOR('',#361,1.0);
#361=DIRECTION('',(1.0,0.0,0.0));
#362=ORIENTED_EDGE('',*,*,#363,.T.);
#363=EDGE_CURVE('NONE',#356,#364,#366,.T.);
#364=VERTEX_POINT('NONE',#365);
#365=CARTESIAN_POINT('',(4.9,-3.9,0.0));
#366=LINE('',#367,#368);
#367=CARTESIAN_POINT('',(4.9,-3.9,-0.2));
#368=VECTOR('',#369,1.0);
#369=DIRECTION('',(0.0,0.0,1.0));
#370=ORIENTED_EDGE('',*,*,#371,.T.);
#371=EDGE_CURVE('NONE',#364,#372,#374,.F.);
#372=VERTEX_POINT('NONE',#373);
#373=CARTESIAN_POINT('',(4.776122517E-16,-3.9,0.0));
#374=LINE('',#375,#376);
#375=CARTESIAN_POINT('',(4.776122517E-16,-3.9,0.0));
#376=VECTOR('',#377,1.0);
#377=DIRECTION('',(1.0,0.0,0.0));
#378=ORIENTED_EDGE('',*,*,#379,.T.);
#379=EDGE_CURVE('NONE',#372,#380,#382,.F.);
#380=VERTEX_POINT('NONE',#381);
#381=CARTESIAN_POINT('',(4.776122517E-16,-3.9,-0.2));
#382=LINE('',#383,#384);
#383=CARTESIAN_POINT('',(4.776122517E-16,-3.9,-0.2));
#384=VECTOR('',#385,1.0);
#385=DIRECTION('',(0.0,0.0,1.0));
#386=ORIENTED_EDGE('',*,*,#387,.T.);
#387=EDGE_CURVE('NONE',#380,#388,#390,.T.);
#388=VERTEX_POINT('NONE',#389);
#389=CARTESIAN_POINT('',(0.36085,-3.9,-0.2));
#390=LINE('',#391,#392);
#391=CARTESIAN_POINT('',(4.776122517E-16,-3.9,-0.2));
#392=VECTOR('',#393,1.0);
#393=DIRECTION('',(1.0,0.0,0.0));
#394=ORIENTED_EDGE('',*,*,#395,.T.);
#395=EDGE_CURVE('NONE',#388,#396,#398,.T.);
#396=VERTEX_POINT('NONE',#397);
#397=CARTESIAN_POINT('',(0.36085,-3.9,-5.004387105E-04));
#398=LINE('',#399,#400);
#399=CARTESIAN_POINT('',(0.36085,-3.9,-0.2));
#400=VECTOR('',#401,1.0);
#401=DIRECTION('',(0.0,0.0,1.0));
#402=ORIENTED_EDGE('',*,*,#403,.T.);
#403=EDGE_CURVE('NONE',#396,#404,#406,.F.);
#404=VERTEX_POINT('NONE',#405);
#405=CARTESIAN_POINT('',(0.72915,-3.9,-5.004387105E-04));
#406=LINE('',#407,#408);
#407=CARTESIAN_POINT('',(4.9,-3.9,-5.004387105E-04));
#408=VECTOR('',#409,1.0);
#409=DIRECTION('',(-1.0,0.0,0.0));
#410=ORIENTED_EDGE('',*,*,#411,.T.);
#411=EDGE_CURVE('NONE',#404,#412,#414,.T.);
#412=VERTEX_POINT('NONE',#413);
#413=CARTESIAN_POINT('',(0.72915,-3.9,-0.2));
#414=LINE('',#415,#416);
#415=CARTESIAN_POINT('',(0.72915,-3.9,-0.2));
#416=VECTOR('',#417,1.0);
#417=DIRECTION('',(0.0,0.0,-1.0));
#418=ORIENTED_EDGE('',*,*,#419,.T.);
#419=EDGE_CURVE('NONE',#412,#420,#422,.T.);
#420=VERTEX_POINT('NONE',#421);
#421=CARTESIAN_POINT('',(1.63085,-3.9,-0.2));
#422=LINE('',#423,#424);
#423=CARTESIAN_POINT('',(4.776122517E-16,-3.9,-0.2));
#424=VECTOR('',#425,1.0);
#425=DIRECTION('',(1.0,0.0,0.0));
#426=ORIENTED_EDGE('',*,*,#427,.T.);
#427=EDGE_CURVE('NONE',#420,#428,#430,.T.);
#428=VERTEX_POINT('NONE',#429);
#429=CARTESIAN_POINT('',(1.63085,-3.9,-5.004387105E-04));
#430=LINE('',#431,#432);
#431=CARTESIAN_POINT('',(1.63085,-3.9,-0.2));
#432=VECTOR('',#433,1.0);
#433=DIRECTION('',(0.0,0.0,1.0));
#434=ORIENTED_EDGE('',*,*,#435,.T.);
#435=EDGE_CURVE('NONE',#428,#436,#438,.F.);
#436=VERTEX_POINT('NONE',#437);
#437=CARTESIAN_POINT('',(1.99915,-3.9,-5.004387105E-04));
#438=LINE('',#439,#440);
#439=CARTESIAN_POINT('',(4.9,-3.9,-5.004387105E-04));
#440=VECTOR('',#441,1.0);
#441=DIRECTION('',(-1.0,0.0,0.0));
#442=ORIENTED_EDGE('',*,*,#443,.T.);
#443=EDGE_CURVE('NONE',#436,#444,#446,.T.);
#444=VERTEX_POINT('NONE',#445);
#445=CARTESIAN_POINT('',(1.99915,-3.9,-0.2));
#446=LINE('',#447,#448);
#447=CARTESIAN_POINT('',(1.99915,-3.9,-0.2));
#448=VECTOR('',#449,1.0);
#449=DIRECTION('',(0.0,0.0,-1.0));
#450=ORIENTED_EDGE('',*,*,#451,.T.);
#451=EDGE_CURVE('NONE',#444,#452,#454,.T.);
#452=VERTEX_POINT('NONE',#453);
#453=CARTESIAN_POINT('',(2.90085,-3.9,-0.2));
#454=LINE('',#455,#456);
#455=CARTESIAN_POINT('',(4.776122517E-16,-3.9,-0.2));
#456=VECTOR('',#457,1.0);
#457=DIRECTION('',(1.0,0.0,0.0));
#458=ORIENTED_EDGE('',*,*,#459,.T.);
#459=EDGE_CURVE('NONE',#452,#460,#462,.T.);
#460=VERTEX_POINT('NONE',#461);
#461=CARTESIAN_POINT('',(2.90085,-3.9,-5.004387105E-04));
#462=LINE('',#463,#464);
#463=CARTESIAN_POINT('',(2.90085,-3.9,-0.2));
#464=VECTOR('',#465,1.0);
#465=DIRECTION('',(0.0,0.0,1.0));
#466=ORIENTED_EDGE('',*,*,#467,.T.);
#467=EDGE_CURVE('NONE',#460,#468,#470,.F.);
#468=VERTEX_POINT('NONE',#469);
#469=CARTESIAN_POINT('',(3.26915,-3.9,-5.004387105E-04));
#470=LINE('',#471,#472);
#471=CARTESIAN_POINT('',(4.9,-3.9,-5.004387105E-04));
#472=VECTOR('',#473,1.0);
#473=DIRECTION('',(-1.0,0.0,0.0));
#474=ORIENTED_EDGE('',*,*,#475,.T.);
#475=EDGE_CURVE('NONE',#468,#322,#476,.T.);
#476=LINE('',#477,#478);
#477=CARTESIAN_POINT('',(3.26915,-3.9,-0.2));
#478=VECTOR('',#479,1.0);
#479=DIRECTION('',(0.0,0.0,-1.0));
#480=PLANE('',#481);
#481=AXIS2_PLACEMENT_3D('',#482,#483,#484);
#482=CARTESIAN_POINT('',(4.776122517E-16,-3.9,-0.2));
#483=DIRECTION('',(0.0,-1.0,0.0));
#484=DIRECTION('',(0.0,0.0,-1.0));
#485=ADVANCED_FACE('NONE',(#486),#603,.T.);
#486=FACE_BOUND('NONE',#487,.T.);
#487=EDGE_LOOP('',(#488,#498,#504,#505,#513,#521,#527,#528,#536,#544,#550,#551,#559,#567,#573,#574,#582,#590,#596,#597));
#488=ORIENTED_EDGE('',*,*,#489,.T.);
#489=EDGE_CURVE('NONE',#490,#492,#494,.F.);
#490=VERTEX_POINT('NONE',#491);
#491=CARTESIAN_POINT('',(4.53915,-3.899878388,-0.200990453));
#492=VERTEX_POINT('NONE',#493);
#493=CARTESIAN_POINT('',(4.17085,-3.899878388,-0.200990453));
#494=LINE('',#495,#496);
#495=CARTESIAN_POINT('',(4.9,-3.899878388,-0.200990453));
#496=VECTOR('',#497,1.0);
#497=DIRECTION('',(1.0,0.0,0.0));
#498=ORIENTED_EDGE('',*,*,#499,.T.);
#499=EDGE_CURVE('NONE',#492,#324,#500,.T.);
#500=LINE('',#501,#502);
#501=CARTESIAN_POINT('',(4.17085,-3.9,-0.2));
#502=VECTOR('',#503,1.0);
#503=DIRECTION('',(0.0,-0.121869343,0.992546152));
#504=ORIENTED_EDGE('',*,*,#321,.F.);
#505=ORIENTED_EDGE('',*,*,#506,.T.);
#506=EDGE_CURVE('NONE',#322,#507,#509,.T.);
#507=VERTEX_POINT('NONE',#508);
#508=CARTESIAN_POINT('',(3.26915,-3.899878388,-0.200990453));
#509=LINE('',#510,#511);
#510=CARTESIAN_POINT('',(3.26915,-3.9,-0.2));
#511=VECTOR('',#512,1.0);
#512=DIRECTION('',(0.0,0.121869343,-0.992546152));
#513=ORIENTED_EDGE('',*,*,#514,.T.);
#514=EDGE_CURVE('NONE',#507,#515,#517,.F.);
#515=VERTEX_POINT('NONE',#516);
#516=CARTESIAN_POINT('',(2.90085,-3.899878388,-0.200990453));
#517=LINE('',#518,#519);
#518=CARTESIAN_POINT('',(4.9,-3.899878388,-0.200990453));
#519=VECTOR('',#520,1.0);
#520=DIRECTION('',(1.0,0.0,0.0));
#521=ORIENTED_EDGE('',*,*,#522,.T.);
#522=EDGE_CURVE('NONE',#515,#452,#523,.T.);
#523=LINE('',#524,#525);
#524=CARTESIAN_POINT('',(2.90085,-3.9,-0.2));
#525=VECTOR('',#526,1.0);
#526=DIRECTION('',(0.0,-0.121869343,0.992546152));
#527=ORIENTED_EDGE('',*,*,#451,.F.);
#528=ORIENTED_EDGE('',*,*,#529,.T.);
#529=EDGE_CURVE('NONE',#444,#530,#532,.T.);
#530=VERTEX_POINT('NONE',#531);
#531=CARTESIAN_POINT('',(1.99915,-3.899878388,-0.200990453));
#532=LINE('',#533,#534);
#533=CARTESIAN_POINT('',(1.99915,-3.9,-0.2));
#534=VECTOR('',#535,1.0);
#535=DIRECTION('',(2.008640603E-17,0.121869343,-0.992546152));
#536=ORIENTED_EDGE('',*,*,#537,.T.);
#537=EDGE_CURVE('NONE',#530,#538,#540,.F.);
#538=VERTEX_POINT('NONE',#539);
#539=CARTESIAN_POINT('',(1.63085,-3.899878388,-0.200990453));
#540=LINE('',#541,#542);
#541=CARTESIAN_POINT('',(4.9,-3.899878388,-0.200990453));
#542=VECTOR('',#543,1.0);
#543=DIRECTION('',(1.0,0.0,0.0));
#544=ORIENTED_EDGE('',*,*,#545,.T.);
#545=EDGE_CURVE('NONE',#538,#420,#546,.T.);
#546=LINE('',#547,#548);
#547=CARTESIAN_POINT('',(1.63085,-3.9,-0.2));
#548=VECTOR('',#549,1.0);
#549=DIRECTION('',(2.008640603E-17,-0.121869343,0.992546152));
#550=ORIENTED_EDGE('',*,*,#419,.F.);
#551=ORIENTED_EDGE('',*,*,#552,.T.);
#552=EDGE_CURVE('NONE',#412,#553,#555,.T.);
#553=VERTEX_POINT('NONE',#554);
#554=CARTESIAN_POINT('',(0.72915,-3.899878388,-0.200990453));
#555=LINE('',#556,#557);
#556=CARTESIAN_POINT('',(0.72915,-3.9,-0.2));
#557=VECTOR('',#558,1.0);
#558=DIRECTION('',(-2.008640603E-17,0.121869343,-0.992546152));
#559=ORIENTED_EDGE('',*,*,#560,.T.);
#560=EDGE_CURVE('NONE',#553,#561,#563,.F.);
#561=VERTEX_POINT('NONE',#562);
#562=CARTESIAN_POINT('',(0.36085,-3.899878388,-0.200990453));
#563=LINE('',#564,#565);
#564=CARTESIAN_POINT('',(4.9,-3.899878388,-0.200990453));
#565=VECTOR('',#566,1.0);
#566=DIRECTION('',(1.0,0.0,0.0));
#567=ORIENTED_EDGE('',*,*,#568,.T.);
#568=EDGE_CURVE('NONE',#561,#388,#569,.T.);
#569=LINE('',#570,#571);
#570=CARTESIAN_POINT('',(0.36085,-3.9,-0.2));
#571=VECTOR('',#572,1.0);
#572=DIRECTION('',(5.774841735E-17,-0.121869343,0.992546152));
#573=ORIENTED_EDGE('',*,*,#387,.F.);
#574=ORIENTED_EDGE('',*,*,#575,.T.);
#575=EDGE_CURVE('NONE',#380,#576,#578,.F.);
#576=VERTEX_POINT('NONE',#577);
#577=CARTESIAN_POINT('',(0.067531508,-3.832468492,-0.75));
#578=LINE('',#579,#580);
#579=CARTESIAN_POINT('',(0.057075639,-3.842924361,-0.664843773));
#580=VECTOR('',#581,1.0);
#581=DIRECTION('',(-0.120974291,-0.120974291,0.985256536));
#582=ORIENTED_EDGE('',*,*,#583,.T.);
#583=EDGE_CURVE('NONE',#576,#584,#586,.T.);
#584=VERTEX_POINT('NONE',#585);
#585=CARTESIAN_POINT('',(4.832468492,-3.832468492,-0.75));
#586=LINE('',#587,#588);
#587=CARTESIAN_POINT('',(0.0,-3.832468492,-0.75));
#588=VECTOR('',#589,1.0);
#589=DIRECTION('',(1.0,0.0,0.0));
#590=ORIENTED_EDGE('',*,*,#591,.T.);
#591=EDGE_CURVE('NONE',#584,#356,#592,.T.);
#592=LINE('',#593,#594);
#593=CARTESIAN_POINT('',(4.828289582,-3.828289582,-0.784034484));
#594=VECTOR('',#595,1.0);
#595=DIRECTION('',(0.120974291,-0.120974291,0.985256536));
#596=ORIENTED_EDGE('',*,*,#355,.F.);
#597=ORIENTED_EDGE('',*,*,#598,.T.);
#598=EDGE_CURVE('NONE',#348,#490,#599,.T.);
#599=LINE('',#600,#601);
#600=CARTESIAN_POINT('',(4.53915,-3.9,-0.2));
#601=VECTOR('',#602,1.0);
#602=DIRECTION('',(0.0,0.121869343,-0.992546152));
#603=PLANE('',#604);
#604=AXIS2_PLACEMENT_3D('',#605,#606,#607);
#605=CARTESIAN_POINT('',(4.776122517E-16,-3.9,-0.2));
#606=DIRECTION('',(0.0,-0.992546152,-0.121869343));
#607=DIRECTION('',(0.0,0.121869343,-0.992546152));
#608=ADVANCED_FACE('NONE',(#609),#625,.T.);
#609=FACE_BOUND('NONE',#610,.T.);
#610=EDGE_LOOP('',(#611,#617,#618,#624));
#611=ORIENTED_EDGE('',*,*,#612,.T.);
#612=EDGE_CURVE('NONE',#65,#380,#613,.T.);
#613=LINE('',#614,#615);
#614=CARTESIAN_POINT('',(0.0,0.0,-0.2));
#615=VECTOR('',#616,1.0);
#616=DIRECTION('',(1.224646799E-16,-1.0,0.0));
#617=ORIENTED_EDGE('',*,*,#379,.F.);
#618=ORIENTED_EDGE('',*,*,#619,.T.);
#619=EDGE_CURVE('NONE',#372,#73,#620,.F.);
#620=LINE('',#621,#622);
#621=CARTESIAN_POINT('',(0.0,0.0,0.0));
#622=VECTOR('',#623,1.0);
#623=DIRECTION('',(1.224646799E-16,-1.0,0.0));
#624=ORIENTED_EDGE('',*,*,#72,.F.);
#625=PLANE('',#626);
#626=AXIS2_PLACEMENT_3D('',#627,#628,#629);
#627=CARTESIAN_POINT('',(0.0,0.0,-0.2));
#628=DIRECTION('',(-1.0,-1.224646799E-16,0.0));
#629=DIRECTION('',(1.224646799E-16,-1.0,0.0));
#630=ADVANCED_FACE('NONE',(#631),#647,.T.);
#631=FACE_BOUND('NONE',#632,.T.);
#632=EDGE_LOOP('',(#633,#634,#640,#641));
#633=ORIENTED_EDGE('',*,*,#88,.F.);
#634=ORIENTED_EDGE('',*,*,#635,.T.);
#635=EDGE_CURVE('NONE',#81,#364,#636,.F.);
#636=LINE('',#637,#638);
#637=CARTESIAN_POINT('',(4.9,0.0,0.0));
#638=VECTOR('',#639,1.0);
#639=DIRECTION('',(-2.224004456E-16,1.0,0.0));
#640=ORIENTED_EDGE('',*,*,#363,.F.);
#641=ORIENTED_EDGE('',*,*,#642,.T.);
#642=EDGE_CURVE('NONE',#356,#89,#643,.T.);
#643=LINE('',#644,#645);
#644=CARTESIAN_POINT('',(4.9,0.0,-0.2));
#645=VECTOR('',#646,1.0);
#646=DIRECTION('',(-2.224004456E-16,1.0,0.0));
#647=PLANE('',#648);
#648=AXIS2_PLACEMENT_3D('',#649,#650,#651);
#649=CARTESIAN_POINT('',(4.9,0.0,-0.2));
#650=DIRECTION('',(1.0,2.224004456E-16,0.0));
#651=DIRECTION('',(-2.224004456E-16,1.0,0.0));
#652=ADVANCED_FACE('NONE',(#653),#686,.T.);
#653=FACE_BOUND('NONE',#654,.T.);
#654=EDGE_LOOP('',(#655,#663,#671,#679,#685));
#655=ORIENTED_EDGE('',*,*,#656,.T.);
#656=EDGE_CURVE('NONE',#372,#657,#659,.F.);
#657=VERTEX_POINT('NONE',#658);
#658=CARTESIAN_POINT('',(0.051649231,-3.848350769,0.420649231));
#659=LINE('',#660,#661);
#660=CARTESIAN_POINT('',(4.776122517E-16,-3.9,1.156384311E-32));
#661=VECTOR('',#662,1.0);
#662=DIRECTION('',(-0.120974291,-0.120974291,-0.985256536));
#663=ORIENTED_EDGE('',*,*,#664,.T.);
#664=EDGE_CURVE('NONE',#657,#665,#667,.T.);
#665=VERTEX_POINT('NONE',#666);
#666=CARTESIAN_POINT('',(0.092088421,-3.519,0.75));
#667=LINE('',#668,#669);
#668=CARTESIAN_POINT('',(0.260122833,-2.150469534,2.118530466));
#669=VECTOR('',#670,1.0);
#670=DIRECTION('',(0.086496402,0.70445666,0.70445666));
#671=ORIENTED_EDGE('',*,*,#672,.T.);
#672=EDGE_CURVE('NONE',#665,#673,#675,.F.);
#673=VERTEX_POINT('NONE',#674);
#674=CARTESIAN_POINT('',(0.092088421,-0.092088421,0.75));
#675=LINE('',#676,#677);
#676=CARTESIAN_POINT('',(0.092088421,1.127757896E-17,0.75));
#677=VECTOR('',#678,1.0);
#678=DIRECTION('',(1.224646799E-16,-1.0,0.0));
#679=ORIENTED_EDGE('',*,*,#680,.T.);
#680=EDGE_CURVE('NONE',#673,#73,#681,.T.);
#681=LINE('',#682,#683);
#682=CARTESIAN_POINT('',(0.0,0.0,0.0));
#683=VECTOR('',#684,1.0);
#684=DIRECTION('',(-0.120974291,0.120974291,-0.985256536));
#685=ORIENTED_EDGE('',*,*,#619,.F.);
#686=PLANE('',#687);
#687=AXIS2_PLACEMENT_3D('',#688,#689,#690);
#688=CARTESIAN_POINT('',(0.0,0.0,0.0));
#689=DIRECTION('',(-0.992546152,-1.215518468E-16,0.121869343));
#690=DIRECTION('',(0.121869343,0.0,0.992546152));
#691=ADVANCED_FACE('NONE',(#692),#710,.T.);
#692=FACE_BOUND('NONE',#693,.T.);
#693=EDGE_LOOP('',(#694,#702,#708,#709));
#694=ORIENTED_EDGE('',*,*,#695,.T.);
#695=EDGE_CURVE('NONE',#364,#696,#698,.F.);
#696=VERTEX_POINT('NONE',#697);
#697=CARTESIAN_POINT('',(4.848350769,-3.848350769,0.420649231));
#698=LINE('',#699,#700);
#699=CARTESIAN_POINT('',(4.842924361,-3.842924361,0.464843773));
#700=VECTOR('',#701,1.0);
#701=DIRECTION('',(0.120974291,-0.120974291,-0.985256536));
#702=ORIENTED_EDGE('',*,*,#703,.T.);
#703=EDGE_CURVE('NONE',#696,#657,#704,.F.);
#704=LINE('',#705,#706);
#705=CARTESIAN_POINT('',(0.0,-3.848350769,0.420649231));
#706=VECTOR('',#707,1.0);
#707=DIRECTION('',(1.0,2.224004456E-16,0.0));
#708=ORIENTED_EDGE('',*,*,#656,.F.);
#709=ORIENTED_EDGE('',*,*,#371,.F.);
#710=PLANE('',#711);
#711=AXIS2_PLACEMENT_3D('',#712,#713,#714);
#712=CARTESIAN_POINT('',(4.776122517E-16,-3.9,0.0));
#713=DIRECTION('',(0.0,-0.992546152,0.121869343));
#714=DIRECTION('',(0.0,-0.121869343,-0.992546152));
#715=ADVANCED_FACE('NONE',(#716),#742,.T.);
#716=FACE_BOUND('NONE',#717,.T.);
#717=EDGE_LOOP('',(#718,#728,#734,#735,#736));
#718=ORIENTED_EDGE('',*,*,#719,.T.);
#719=EDGE_CURVE('NONE',#720,#722,#724,.F.);
#720=VERTEX_POINT('NONE',#721);
#721=CARTESIAN_POINT('',(4.807911579,-0.092088421,0.75));
#722=VERTEX_POINT('NONE',#723);
#723=CARTESIAN_POINT('',(4.807911579,-3.519,0.75));
#724=LINE('',#725,#726);
#725=CARTESIAN_POINT('',(4.807911579,-2.04805058E-17,0.75));
#726=VECTOR('',#727,1.0);
#727=DIRECTION('',(-2.224004456E-16,1.0,0.0));
#728=ORIENTED_EDGE('',*,*,#729,.T.);
#729=EDGE_CURVE('NONE',#722,#696,#730,.T.);
#730=LINE('',#731,#732);
#731=CARTESIAN_POINT('',(4.639877167,-2.150469534,2.118530466));
#732=VECTOR('',#733,1.0);
#733=DIRECTION('',(0.086496402,-0.70445666,-0.70445666));
#734=ORIENTED_EDGE('',*,*,#695,.F.);
#735=ORIENTED_EDGE('',*,*,#635,.F.);
#736=ORIENTED_EDGE('',*,*,#737,.T.);
#737=EDGE_CURVE('NONE',#81,#720,#738,.F.);
#738=LINE('',#739,#740);
#739=CARTESIAN_POINT('',(4.828289582,-0.071710418,0.584034484));
#740=VECTOR('',#741,1.0);
#741=DIRECTION('',(0.120974291,0.120974291,-0.985256536));
#742=PLANE('',#743);
#743=AXIS2_PLACEMENT_3D('',#744,#745,#746);
#744=CARTESIAN_POINT('',(4.9,0.0,0.0));
#745=DIRECTION('',(0.992546152,2.207427064E-16,0.121869343));
#746=DIRECTION('',(0.121869343,0.0,-0.992546152));
#747=ADVANCED_FACE('NONE',(#748),#759,.T.);
#748=FACE_BOUND('NONE',#749,.T.);
#749=EDGE_LOOP('',(#750,#751,#752,#758));
#750=ORIENTED_EDGE('',*,*,#80,.F.);
#751=ORIENTED_EDGE('',*,*,#680,.F.);
#752=ORIENTED_EDGE('',*,*,#753,.T.);
#753=EDGE_CURVE('NONE',#673,#720,#754,.F.);
#754=LINE('',#755,#756);
#755=CARTESIAN_POINT('',(0.0,-0.092088421,0.75));
#756=VECTOR('',#757,1.0);
#757=DIRECTION('',(-1.0,0.0,0.0));
#758=ORIENTED_EDGE('',*,*,#737,.F.);
#759=PLANE('',#760);
#760=AXIS2_PLACEMENT_3D('',#761,#762,#763);
#761=CARTESIAN_POINT('',(0.0,0.0,0.0));
#762=DIRECTION('',(0.0,0.992546152,0.121869343));
#763=DIRECTION('',(0.0,-0.121869343,0.992546152));
#764=ADVANCED_FACE('NONE',(#765),#776,.T.);
#765=FACE_BOUND('NONE',#766,.T.);
#766=EDGE_LOOP('',(#767,#773,#774,#775));
#767=ORIENTED_EDGE('',*,*,#768,.T.);
#768=EDGE_CURVE('NONE',#665,#722,#769,.F.);
#769=LINE('',#770,#771);
#770=CARTESIAN_POINT('',(7.826271682E-16,-3.519,0.75));
#771=VECTOR('',#772,1.0);
#772=DIRECTION('',(-1.0,-2.224004456E-16,0.0));
#773=ORIENTED_EDGE('',*,*,#719,.F.);
#774=ORIENTED_EDGE('',*,*,#753,.F.);
#775=ORIENTED_EDGE('',*,*,#672,.F.);
#776=PLANE('',#777);
#777=AXIS2_PLACEMENT_3D('',#778,#779,#780);
#778=CARTESIAN_POINT('',(0.0,0.0,0.75));
#779=DIRECTION('',(0.0,0.0,1.0));
#780=DIRECTION('',(1.0,0.0,0.0));
#781=ADVANCED_FACE('NONE',(#782),#793,.T.);
#782=FACE_BOUND('NONE',#783,.T.);
#783=EDGE_LOOP('',(#784,#785,#786,#792));
#784=ORIENTED_EDGE('',*,*,#612,.F.);
#785=ORIENTED_EDGE('',*,*,#300,.F.);
#786=ORIENTED_EDGE('',*,*,#787,.T.);
#787=EDGE_CURVE('NONE',#293,#576,#788,.T.);
#788=LINE('',#789,#790);
#789=CARTESIAN_POINT('',(0.067531508,8.270224572E-18,-0.75));
#790=VECTOR('',#791,1.0);
#791=DIRECTION('',(1.224646799E-16,-1.0,0.0));
#792=ORIENTED_EDGE('',*,*,#575,.F.);
#793=PLANE('',#794);
#794=AXIS2_PLACEMENT_3D('',#795,#796,#797);
#795=CARTESIAN_POINT('',(0.0,0.0,-0.2));
#796=DIRECTION('',(-0.992546152,-1.215518468E-16,-0.121869343));
#797=DIRECTION('',(-0.121869343,0.0,0.992546152));
#798=ADVANCED_FACE('NONE',(#799),#810,.T.);
#799=FACE_BOUND('NONE',#800,.T.);
#800=EDGE_LOOP('',(#801,#802,#803,#809));
#801=ORIENTED_EDGE('',*,*,#642,.F.);
#802=ORIENTED_EDGE('',*,*,#591,.F.);
#803=ORIENTED_EDGE('',*,*,#804,.T.);
#804=EDGE_CURVE('NONE',#584,#285,#805,.T.);
#805=LINE('',#806,#807);
#806=CARTESIAN_POINT('',(4.832468492,1.074743146E-15,-0.75));
#807=VECTOR('',#808,1.0);
#808=DIRECTION('',(-2.224004456E-16,1.0,0.0));
#809=ORIENTED_EDGE('',*,*,#284,.F.);
#810=PLANE('',#811);
#811=AXIS2_PLACEMENT_3D('',#812,#813,#814);
#812=CARTESIAN_POINT('',(4.9,0.0,-0.2));
#813=DIRECTION('',(0.992546152,2.207427064E-16,-0.121869343));
#814=DIRECTION('',(-0.121869343,0.0,-0.992546152));
#815=ADVANCED_FACE('NONE',(#816),#822,.F.);
#816=FACE_BOUND('NONE',#817,.T.);
#817=EDGE_LOOP('',(#818,#819,#820,#821));
#818=ORIENTED_EDGE('',*,*,#787,.F.);
#819=ORIENTED_EDGE('',*,*,#292,.F.);
#820=ORIENTED_EDGE('',*,*,#804,.F.);
#821=ORIENTED_EDGE('',*,*,#583,.F.);
#822=PLANE('',#823);
#823=AXIS2_PLACEMENT_3D('',#824,#825,#826);
#824=CARTESIAN_POINT('',(0.0,0.0,-0.75));
#825=DIRECTION('',(0.0,0.0,1.0));
#826=DIRECTION('',(1.0,0.0,0.0));
#827=ADVANCED_FACE('NONE',(#828),#834,.F.);
#828=FACE_BOUND('NONE',#829,.T.);
#829=EDGE_LOOP('',(#830,#831,#832,#833));
#830=ORIENTED_EDGE('',*,*,#703,.F.);
#831=ORIENTED_EDGE('',*,*,#729,.F.);
#832=ORIENTED_EDGE('',*,*,#768,.F.);
#833=ORIENTED_EDGE('',*,*,#664,.F.);
#834=PLANE('',#835);
#835=AXIS2_PLACEMENT_3D('',#836,#837,#838);
#836=CARTESIAN_POINT('',(0.0,-3.519,0.75));
#837=DIRECTION('',(-1.572608632E-16,0.707106781,-0.707106781));
#838=DIRECTION('',(0.0,0.707106781,0.707106781));
#839=ADVANCED_FACE('NONE',(#840),#918,.F.);
#840=FACE_BOUND('NONE',#841,.T.);
#841=EDGE_LOOP('',(#842,#843,#844,#853,#861,#870,#878,#886,#894,#903,#911));
#842=ORIENTED_EDGE('',*,*,#136,.F.);
#843=ORIENTED_EDGE('',*,*,#254,.F.);
#844=ORIENTED_EDGE('',*,*,#845,.T.);
#845=EDGE_CURVE('NONE',#247,#846,#848,.F.);
#846=VERTEX_POINT('NONE',#847);
#847=CARTESIAN_POINT('',(3.26915,0.18,-0.400000126));
#848=CIRCLE('',#849,0.2);
#849=AXIS2_PLACEMENT_3D('',#850,#851,#852);
#850=CARTESIAN_POINT('',(3.26915,-0.02,-0.400000126));
#851=DIRECTION('',(1.0,0.0,0.0));
#852=DIRECTION('',(0.0,0.0,-1.0));
#853=ORIENTED_EDGE('',*,*,#854,.T.);
#854=EDGE_CURVE('NONE',#846,#855,#857,.F.);
#855=VERTEX_POINT('NONE',#856);
#856=CARTESIAN_POINT('',(3.26915,0.18,-0.41713323));
#857=LINE('',#858,#859);
#858=CARTESIAN_POINT('',(3.26915,0.18,-1.084202172E-16));
#859=VECTOR('',#860,1.0);
#860=DIRECTION('',(0.0,0.0,1.0));
#861=ORIENTED_EDGE('',*,*,#862,.T.);
#862=EDGE_CURVE('NONE',#855,#863,#865,.F.);
#863=VERTEX_POINT('NONE',#864);
#864=CARTESIAN_POINT('',(3.26915,0.552097428,-0.816158851));
#865=CIRCLE('',#866,0.4);
#866=AXIS2_PLACEMENT_3D('',#867,#868,#869);
#867=CARTESIAN_POINT('',(3.26915,0.58,-0.41713323));
#868=DIRECTION('',(-1.0,0.0,0.0));
#869=DIRECTION('',(0.0,0.0,-1.0));
#870=ORIENTED_EDGE('',*,*,#871,.T.);
#871=EDGE_CURVE('NONE',#863,#872,#874,.F.);
#872=VERTEX_POINT('NONE',#873);
#873=CARTESIAN_POINT('',(3.26915,1.036048714,-0.85));
#874=LINE('',#875,#876);
#875=CARTESIAN_POINT('',(3.26915,-0.318315247,-0.755293706));
#876=VECTOR('',#877,1.0);
#877=DIRECTION('',(0.0,-0.997564053,0.06975643));
#878=ORIENTED_EDGE('',*,*,#879,.T.);
#879=EDGE_CURVE('NONE',#872,#880,#882,.F.);
#880=VERTEX_POINT('NONE',#881);
#881=CARTESIAN_POINT('',(3.26915,1.05,-0.650487189));
#882=LINE('',#883,#884);
#883=CARTESIAN_POINT('',(3.26915,1.088863962,-0.094706294));
#884=VECTOR('',#885,1.0);
#885=DIRECTION('',(0.0,-0.06975643,-0.997564053));
#886=ORIENTED_EDGE('',*,*,#887,.T.);
#887=EDGE_CURVE('NONE',#880,#888,#890,.F.);
#888=VERTEX_POINT('NONE',#889);
#889=CARTESIAN_POINT('',(3.26915,0.566048714,-0.61664604));
#890=LINE('',#891,#892);
#891=CARTESIAN_POINT('',(3.26915,-0.304363962,-0.555780895));
#892=VECTOR('',#893,1.0);
#893=DIRECTION('',(0.0,0.997564053,-0.06975643));
#894=ORIENTED_EDGE('',*,*,#895,.T.);
#895=EDGE_CURVE('NONE',#888,#896,#898,.F.);
#896=VERTEX_POINT('NONE',#897);
#897=CARTESIAN_POINT('',(3.26915,0.38,-0.41713323));
#898=CIRCLE('',#899,0.2);
#899=AXIS2_PLACEMENT_3D('',#900,#901,#902);
#900=CARTESIAN_POINT('',(3.26915,0.58,-0.41713323));
#901=DIRECTION('',(1.0,0.0,0.0));
#902=DIRECTION('',(0.0,0.0,-1.0));
#903=ORIENTED_EDGE('',*,*,#904,.T.);
#904=EDGE_CURVE('NONE',#896,#905,#907,.F.);
#905=VERTEX_POINT('NONE',#906);
#906=CARTESIAN_POINT('',(3.26915,0.38,-0.400000126));
#907=LINE('',#908,#909);
#908=CARTESIAN_POINT('',(3.26915,0.38,-1.084202172E-16));
#909=VECTOR('',#910,1.0);
#910=DIRECTION('',(0.0,0.0,-1.0));
#911=ORIENTED_EDGE('',*,*,#912,.T.);
#912=EDGE_CURVE('NONE',#905,#137,#913,.F.);
#913=CIRCLE('',#914,0.4);
#914=AXIS2_PLACEMENT_3D('',#915,#916,#917);
#915=CARTESIAN_POINT('',(3.26915,-0.02,-0.400000126));
#916=DIRECTION('',(-1.0,0.0,0.0));
#917=DIRECTION('',(0.0,0.0,-1.0));
#918=PLANE('',#919);
#919=AXIS2_PLACEMENT_3D('',#920,#921,#922);
#920=CARTESIAN_POINT('',(3.26915,-0.2655,-1.084202172E-16));
#921=DIRECTION('',(-1.0,0.0,0.0));
#922=DIRECTION('',(0.0,0.0,-1.0));
#923=ADVANCED_FACE('NONE',(#924),#1002,.F.);
#924=FACE_BOUND('NONE',#925,.T.);
#925=EDGE_LOOP('',(#926,#927,#936,#944,#953,#961,#969,#977,#986,#994,#1001));
#926=ORIENTED_EDGE('',*,*,#152,.F.);
#927=ORIENTED_EDGE('',*,*,#928,.T.);
#928=EDGE_CURVE('NONE',#145,#929,#931,.F.);
#929=VERTEX_POINT('NONE',#930);
#930=CARTESIAN_POINT('',(2.90085,0.38,-0.400000126));
#931=CIRCLE('',#932,0.4);
#932=AXIS2_PLACEMENT_3D('',#933,#934,#935);
#933=CARTESIAN_POINT('',(2.90085,-0.02,-0.400000126));
#934=DIRECTION('',(1.0,-3.296699878E-16,0.0));
#935=DIRECTION('',(3.296699878E-16,1.0,0.0));
#936=ORIENTED_EDGE('',*,*,#937,.T.);
#937=EDGE_CURVE('NONE',#929,#938,#940,.F.);
#938=VERTEX_POINT('NONE',#939);
#939=CARTESIAN_POINT('',(2.90085,0.38,-0.41713323));
#940=LINE('',#941,#942);
#941=CARTESIAN_POINT('',(2.90085,0.38,-1.084202172E-16));
#942=VECTOR('',#943,1.0);
#943=DIRECTION('',(0.0,0.0,1.0));
#944=ORIENTED_EDGE('',*,*,#945,.T.);
#945=EDGE_CURVE('NONE',#938,#946,#948,.F.);
#946=VERTEX_POINT('NONE',#947);
#947=CARTESIAN_POINT('',(2.90085,0.566048714,-0.61664604));
#948=CIRCLE('',#949,0.2);
#949=AXIS2_PLACEMENT_3D('',#950,#951,#952);
#950=CARTESIAN_POINT('',(2.90085,0.58,-0.41713323));
#951=DIRECTION('',(-1.0,3.296699878E-16,0.0));
#952=DIRECTION('',(3.296699878E-16,1.0,0.0));
#953=ORIENTED_EDGE('',*,*,#954,.T.);
#954=EDGE_CURVE('NONE',#946,#955,#957,.F.);
#955=VERTEX_POINT('NONE',#956);
#956=CARTESIAN_POINT('',(2.90085,1.05,-0.650487189));
#957=LINE('',#958,#959);
#958=CARTESIAN_POINT('',(2.90085,-0.304363962,-0.555780895));
#959=VECTOR('',#960,1.0);
#960=DIRECTION('',(-3.288669293E-16,-0.997564053,0.06975643));
#961=ORIENTED_EDGE('',*,*,#962,.T.);
#962=EDGE_CURVE('NONE',#955,#963,#965,.F.);
#963=VERTEX_POINT('NONE',#964);
#964=CARTESIAN_POINT('',(2.90085,1.036048714,-0.85));
#965=LINE('',#966,#967);
#966=CARTESIAN_POINT('',(2.90085,1.088863962,-0.094706294));
#967=VECTOR('',#968,1.0);
#968=DIRECTION('',(2.299660135E-17,0.06975643,0.997564053));
#969=ORIENTED_EDGE('',*,*,#970,.T.);
#970=EDGE_CURVE('NONE',#963,#971,#973,.F.);
#971=VERTEX_POINT('NONE',#972);
#972=CARTESIAN_POINT('',(2.90085,0.552097428,-0.816158851));
#973=LINE('',#974,#975);
#974=CARTESIAN_POINT('',(2.90085,-0.318315247,-0.755293706));
#975=VECTOR('',#976,1.0);
#976=DIRECTION('',(3.288669293E-16,0.997564053,-0.06975643));
#977=ORIENTED_EDGE('',*,*,#978,.T.);
#978=EDGE_CURVE('NONE',#971,#979,#981,.F.);
#979=VERTEX_POINT('NONE',#980);
#980=CARTESIAN_POINT('',(2.90085,0.18,-0.41713323));
#981=CIRCLE('',#982,0.4);
#982=AXIS2_PLACEMENT_3D('',#983,#984,#985);
#983=CARTESIAN_POINT('',(2.90085,0.58,-0.41713323));
#984=DIRECTION('',(1.0,-3.296699878E-16,0.0));
#985=DIRECTION('',(3.296699878E-16,1.0,0.0));
#986=ORIENTED_EDGE('',*,*,#987,.T.);
#987=EDGE_CURVE('NONE',#979,#988,#990,.F.);
#988=VERTEX_POINT('NONE',#989);
#989=CARTESIAN_POINT('',(2.90085,0.18,-0.400000126));
#990=LINE('',#991,#992);
#991=CARTESIAN_POINT('',(2.90085,0.18,-1.084202172E-16));
#992=VECTOR('',#993,1.0);
#993=DIRECTION('',(0.0,0.0,-1.0));
#994=ORIENTED_EDGE('',*,*,#995,.T.);
#995=EDGE_CURVE('NONE',#988,#239,#996,.F.);
#996=CIRCLE('',#997,0.2);
#997=AXIS2_PLACEMENT_3D('',#998,#999,#1000);
#998=CARTESIAN_POINT('',(2.90085,-0.02,-0.400000126));
#999=DIRECTION('',(-1.0,3.296699878E-16,0.0));
#1000=DIRECTION('',(3.296699878E-16,1.0,8.131516294E-16));
#1001=ORIENTED_EDGE('',*,*,#238,.F.);
#1002=PLANE('',#1003);
#1003=AXIS2_PLACEMENT_3D('',#1004,#1005,#1006);
#1004=CARTESIAN_POINT('',(2.90085,-0.2655,-1.084202172E-16));
#1005=DIRECTION('',(1.0,-3.296699878E-16,0.0));
#1006=DIRECTION('',(3.296699878E-16,1.0,0.0));
#1007=ADVANCED_FACE('NONE',(#1008),#1019,.F.);
#1008=FACE_BOUND('NONE',#1009,.T.);
#1009=EDGE_LOOP('',(#1010,#1011,#1012,#1013));
#1010=ORIENTED_EDGE('',*,*,#845,.F.);
#1011=ORIENTED_EDGE('',*,*,#246,.F.);
#1012=ORIENTED_EDGE('',*,*,#995,.F.);
#1013=ORIENTED_EDGE('',*,*,#1014,.T.);
#1014=EDGE_CURVE('NONE',#988,#846,#1015,.F.);
#1015=LINE('',#1016,#1017);
#1016=CARTESIAN_POINT('',(4.9,0.18,-0.400000126));
#1017=VECTOR('',#1018,1.0);
#1018=DIRECTION('',(-1.0,0.0,0.0));
#1019=CYLINDRICAL_SURFACE('',#1020,0.2);
#1020=AXIS2_PLACEMENT_3D('',#1021,#1022,#1023);
#1021=CARTESIAN_POINT('',(4.9,-0.02,-0.400000126));
#1022=DIRECTION('',(-1.0,0.0,0.0));
#1023=DIRECTION('',(0.0,0.0,-1.0));
#1024=ADVANCED_FACE('NONE',(#1025),#1036,.T.);
#1025=FACE_BOUND('NONE',#1026,.T.);
#1026=EDGE_LOOP('',(#1027,#1028,#1029,#1030));
#1027=ORIENTED_EDGE('',*,*,#854,.F.);
#1028=ORIENTED_EDGE('',*,*,#1014,.F.);
#1029=ORIENTED_EDGE('',*,*,#987,.F.);
#1030=ORIENTED_EDGE('',*,*,#1031,.T.);
#1031=EDGE_CURVE('NONE',#979,#855,#1032,.F.);
#1032=LINE('',#1033,#1034);
#1033=CARTESIAN_POINT('',(4.9,0.18,-0.41713323));
#1034=VECTOR('',#1035,1.0);
#1035=DIRECTION('',(-1.0,0.0,0.0));
#1036=PLANE('',#1037);
#1037=AXIS2_PLACEMENT_3D('',#1038,#1039,#1040);
#1038=CARTESIAN_POINT('',(4.9,0.18,-0.400000126));
#1039=DIRECTION('',(0.0,-1.0,0.0));
#1040=DIRECTION('',(0.0,0.0,1.0));
#1041=ADVANCED_FACE('NONE',(#1042),#1053,.T.);
#1042=FACE_BOUND('NONE',#1043,.T.);
#1043=EDGE_LOOP('',(#1044,#1045,#1046,#1047));
#1044=ORIENTED_EDGE('',*,*,#862,.F.);
#1045=ORIENTED_EDGE('',*,*,#1031,.F.);
#1046=ORIENTED_EDGE('',*,*,#978,.F.);
#1047=ORIENTED_EDGE('',*,*,#1048,.T.);
#1048=EDGE_CURVE('NONE',#971,#863,#1049,.F.);
#1049=LINE('',#1050,#1051);
#1050=CARTESIAN_POINT('',(4.9,0.552097428,-0.816158851));
#1051=VECTOR('',#1052,1.0);
#1052=DIRECTION('',(-1.0,0.0,0.0));
#1053=CYLINDRICAL_SURFACE('',#1054,0.4);
#1054=AXIS2_PLACEMENT_3D('',#1055,#1056,#1057);
#1055=CARTESIAN_POINT('',(4.9,0.58,-0.41713323));
#1056=DIRECTION('',(-1.0,0.0,0.0));
#1057=DIRECTION('',(0.0,0.0,-1.0));
#1058=ADVANCED_FACE('NONE',(#1059),#1070,.T.);
#1059=FACE_BOUND('NONE',#1060,.T.);
#1060=EDGE_LOOP('',(#1061,#1062,#1063,#1064));
#1061=ORIENTED_EDGE('',*,*,#871,.F.);
#1062=ORIENTED_EDGE('',*,*,#1048,.F.);
#1063=ORIENTED_EDGE('',*,*,#970,.F.);
#1064=ORIENTED_EDGE('',*,*,#1065,.T.);
#1065=EDGE_CURVE('NONE',#963,#872,#1066,.F.);
#1066=LINE('',#1067,#1068);
#1067=CARTESIAN_POINT('',(4.9,1.036048714,-0.85));
#1068=VECTOR('',#1069,1.0);
#1069=DIRECTION('',(-1.0,0.0,0.0));
#1070=PLANE('',#1071);
#1071=AXIS2_PLACEMENT_3D('',#1072,#1073,#1074);
#1072=CARTESIAN_POINT('',(4.9,1.036048714,-0.85));
#1073=DIRECTION('',(0.0,-0.06975643,-0.997564053));
#1074=DIRECTION('',(0.0,-0.997564053,0.06975643));
#1075=ADVANCED_FACE('NONE',(#1076),#1087,.T.);
#1076=FACE_BOUND('NONE',#1077,.T.);
#1077=EDGE_LOOP('',(#1078,#1079,#1080,#1081));
#1078=ORIENTED_EDGE('',*,*,#879,.F.);
#1079=ORIENTED_EDGE('',*,*,#1065,.F.);
#1080=ORIENTED_EDGE('',*,*,#962,.F.);
#1081=ORIENTED_EDGE('',*,*,#1082,.T.);
#1082=EDGE_CURVE('NONE',#955,#880,#1083,.F.);
#1083=LINE('',#1084,#1085);
#1084=CARTESIAN_POINT('',(4.9,1.05,-0.650487189));
#1085=VECTOR('',#1086,1.0);
#1086=DIRECTION('',(-1.0,0.0,0.0));
#1087=PLANE('',#1088);
#1088=AXIS2_PLACEMENT_3D('',#1089,#1090,#1091);
#1089=CARTESIAN_POINT('',(4.9,1.036048714,-0.85));
#1090=DIRECTION('',(0.0,0.997564053,-0.06975643));
#1091=DIRECTION('',(0.0,-0.06975643,-0.997564053));
#1092=ADVANCED_FACE('NONE',(#1093),#1104,.T.);
#1093=FACE_BOUND('NONE',#1094,.T.);
#1094=EDGE_LOOP('',(#1095,#1096,#1097,#1098));
#1095=ORIENTED_EDGE('',*,*,#887,.F.);
#1096=ORIENTED_EDGE('',*,*,#1082,.F.);
#1097=ORIENTED_EDGE('',*,*,#954,.F.);
#1098=ORIENTED_EDGE('',*,*,#1099,.T.);
#1099=EDGE_CURVE('NONE',#946,#888,#1100,.F.);
#1100=LINE('',#1101,#1102);
#1101=CARTESIAN_POINT('',(4.9,0.566048714,-0.61664604));
#1102=VECTOR('',#1103,1.0);
#1103=DIRECTION('',(-1.0,0.0,0.0));
#1104=PLANE('',#1105);
#1105=AXIS2_PLACEMENT_3D('',#1106,#1107,#1108);
#1106=CARTESIAN_POINT('',(4.9,1.05,-0.650487189));
#1107=DIRECTION('',(0.0,0.06975643,0.997564053));
#1108=DIRECTION('',(0.0,0.997564053,-0.06975643));
#1109=ADVANCED_FACE('NONE',(#1110),#1121,.F.);
#1110=FACE_BOUND('NONE',#1111,.T.);
#1111=EDGE_LOOP('',(#1112,#1113,#1114,#1115));
#1112=ORIENTED_EDGE('',*,*,#895,.F.);
#1113=ORIENTED_EDGE('',*,*,#1099,.F.);
#1114=ORIENTED_EDGE('',*,*,#945,.F.);
#1115=ORIENTED_EDGE('',*,*,#1116,.T.);
#1116=EDGE_CURVE('NONE',#938,#896,#1117,.F.);
#1117=LINE('',#1118,#1119);
#1118=CARTESIAN_POINT('',(4.9,0.38,-0.41713323));
#1119=VECTOR('',#1120,1.0);
#1120=DIRECTION('',(-1.0,0.0,0.0));
#1121=CYLINDRICAL_SURFACE('',#1122,0.2);
#1122=AXIS2_PLACEMENT_3D('',#1123,#1124,#1125);
#1123=CARTESIAN_POINT('',(4.9,0.58,-0.41713323));
#1124=DIRECTION('',(-1.0,0.0,0.0));
#1125=DIRECTION('',(0.0,0.0,-1.0));
#1126=ADVANCED_FACE('NONE',(#1127),#1138,.T.);
#1127=FACE_BOUND('NONE',#1128,.T.);
#1128=EDGE_LOOP('',(#1129,#1130,#1131,#1132));
#1129=ORIENTED_EDGE('',*,*,#904,.F.);
#1130=ORIENTED_EDGE('',*,*,#1116,.F.);
#1131=ORIENTED_EDGE('',*,*,#937,.F.);
#1132=ORIENTED_EDGE('',*,*,#1133,.T.);
#1133=EDGE_CURVE('NONE',#929,#905,#1134,.F.);
#1134=LINE('',#1135,#1136);
#1135=CARTESIAN_POINT('',(4.9,0.38,-0.400000126));
#1136=VECTOR('',#1137,1.0);
#1137=DIRECTION('',(-1.0,0.0,0.0));
#1138=PLANE('',#1139);
#1139=AXIS2_PLACEMENT_3D('',#1140,#1141,#1142);
#1140=CARTESIAN_POINT('',(4.9,0.38,-0.41713323));
#1141=DIRECTION('',(0.0,1.0,0.0));
#1142=DIRECTION('',(0.0,0.0,-1.0));
#1143=ADVANCED_FACE('NONE',(#1144),#1150,.T.);
#1144=FACE_BOUND('NONE',#1145,.T.);
#1145=EDGE_LOOP('',(#1146,#1147,#1148,#1149));
#1146=ORIENTED_EDGE('',*,*,#928,.F.);
#1147=ORIENTED_EDGE('',*,*,#144,.F.);
#1148=ORIENTED_EDGE('',*,*,#912,.F.);
#1149=ORIENTED_EDGE('',*,*,#1133,.F.);
#1150=CYLINDRICAL_SURFACE('',#1151,0.4);
#1151=AXIS2_PLACEMENT_3D('',#1152,#1153,#1154);
#1152=CARTESIAN_POINT('',(4.9,-0.02,-0.400000126));
#1153=DIRECTION('',(-1.0,0.0,0.0));
#1154=DIRECTION('',(0.0,0.0,-1.0));
#1155=ADVANCED_FACE('NONE',(#1156),#1234,.F.);
#1156=FACE_BOUND('NONE',#1157,.T.);
#1157=EDGE_LOOP('',(#1158,#1159,#1160,#1169,#1177,#1186,#1194,#1202,#1210,#1219,#1227));
#1158=ORIENTED_EDGE('',*,*,#104,.F.);
#1159=ORIENTED_EDGE('',*,*,#277,.F.);
#1160=ORIENTED_EDGE('',*,*,#1161,.T.);
#1161=EDGE_CURVE('NONE',#270,#1162,#1164,.F.);
#1162=VERTEX_POINT('NONE',#1163);
#1163=CARTESIAN_POINT('',(4.53915,0.18,-0.400000126));
#1164=CIRCLE('',#1165,0.2);
#1165=AXIS2_PLACEMENT_3D('',#1166,#1167,#1168);
#1166=CARTESIAN_POINT('',(4.53915,-0.02,-0.400000126));
#1167=DIRECTION('',(1.0,0.0,0.0));
#1168=DIRECTION('',(0.0,0.0,-1.0));
#1169=ORIENTED_EDGE('',*,*,#1170,.T.);
#1170=EDGE_CURVE('NONE',#1162,#1171,#1173,.F.);
#1171=VERTEX_POINT('NONE',#1172);
#1172=CARTESIAN_POINT('',(4.53915,0.18,-0.41713323));
#1173=LINE('',#1174,#1175);
#1174=CARTESIAN_POINT('',(4.53915,0.18,-1.084202172E-16));
#1175=VECTOR('',#1176,1.0);
#1176=DIRECTION('',(0.0,0.0,1.0));
#1177=ORIENTED_EDGE('',*,*,#1178,.T.);
#1178=EDGE_CURVE('NONE',#1171,#1179,#1181,.F.);
#1179=VERTEX_POINT('NONE',#1180);
#1180=CARTESIAN_POINT('',(4.53915,0.552097428,-0.816158851));
#1181=CIRCLE('',#1182,0.4);
#1182=AXIS2_PLACEMENT_3D('',#1183,#1184,#1185);
#1183=CARTESIAN_POINT('',(4.53915,0.58,-0.41713323));
#1184=DIRECTION('',(-1.0,0.0,0.0));
#1185=DIRECTION('',(0.0,0.0,-1.0));
#1186=ORIENTED_EDGE('',*,*,#1187,.T.);
#1187=EDGE_CURVE('NONE',#1179,#1188,#1190,.F.);
#1188=VERTEX_POINT('NONE',#1189);
#1189=CARTESIAN_POINT('',(4.53915,1.036048714,-0.85));
#1190=LINE('',#1191,#1192);
#1191=CARTESIAN_POINT('',(4.53915,-0.318315247,-0.755293706));
#1192=VECTOR('',#1193,1.0);
#1193=DIRECTION('',(0.0,-0.997564053,0.06975643));
#1194=ORIENTED_EDGE('',*,*,#1195,.T.);
#1195=EDGE_CURVE('NONE',#1188,#1196,#1198,.F.);
#1196=VERTEX_POINT('NONE',#1197);
#1197=CARTESIAN_POINT('',(4.53915,1.05,-0.650487189));
#1198=LINE('',#1199,#1200);
#1199=CARTESIAN_POINT('',(4.53915,1.088863962,-0.094706294));
#1200=VECTOR('',#1201,1.0);
#1201=DIRECTION('',(0.0,-0.06975643,-0.997564053));
#1202=ORIENTED_EDGE('',*,*,#1203,.T.);
#1203=EDGE_CURVE('NONE',#1196,#1204,#1206,.F.);
#1204=VERTEX_POINT('NONE',#1205);
#1205=CARTESIAN_POINT('',(4.53915,0.566048714,-0.61664604));
#1206=LINE('',#1207,#1208);
#1207=CARTESIAN_POINT('',(4.53915,-0.304363962,-0.555780895));
#1208=VECTOR('',#1209,1.0);
#1209=DIRECTION('',(0.0,0.997564053,-0.06975643));
#1210=ORIENTED_EDGE('',*,*,#1211,.T.);
#1211=EDGE_CURVE('NONE',#1204,#1212,#1214,.F.);
#1212=VERTEX_POINT('NONE',#1213);
#1213=CARTESIAN_POINT('',(4.53915,0.38,-0.41713323));
#1214=CIRCLE('',#1215,0.2);
#1215=AXIS2_PLACEMENT_3D('',#1216,#1217,#1218);
#1216=CARTESIAN_POINT('',(4.53915,0.58,-0.41713323));
#1217=DIRECTION('',(1.0,0.0,0.0));
#1218=DIRECTION('',(0.0,0.0,-1.0));
#1219=ORIENTED_EDGE('',*,*,#1220,.T.);
#1220=EDGE_CURVE('NONE',#1212,#1221,#1223,.F.);
#1221=VERTEX_POINT('NONE',#1222);
#1222=CARTESIAN_POINT('',(4.53915,0.38,-0.400000126));
#1223=LINE('',#1224,#1225);
#1224=CARTESIAN_POINT('',(4.53915,0.38,-1.084202172E-16));
#1225=VECTOR('',#1226,1.0);
#1226=DIRECTION('',(0.0,0.0,-1.0));
#1227=ORIENTED_EDGE('',*,*,#1228,.T.);
#1228=EDGE_CURVE('NONE',#1221,#105,#1229,.F.);
#1229=CIRCLE('',#1230,0.4);
#1230=AXIS2_PLACEMENT_3D('',#1231,#1232,#1233);
#1231=CARTESIAN_POINT('',(4.53915,-0.02,-0.400000126));
#1232=DIRECTION('',(-1.0,0.0,0.0));
#1233=DIRECTION('',(0.0,0.0,-1.0));
#1234=PLANE('',#1235);
#1235=AXIS2_PLACEMENT_3D('',#1236,#1237,#1238);
#1236=CARTESIAN_POINT('',(4.53915,-0.2655,-1.084202172E-16));
#1237=DIRECTION('',(-1.0,0.0,0.0));
#1238=DIRECTION('',(0.0,0.0,-1.0));
#1239=ADVANCED_FACE('NONE',(#1240),#1318,.F.);
#1240=FACE_BOUND('NONE',#1241,.T.);
#1241=EDGE_LOOP('',(#1242,#1243,#1252,#1260,#1269,#1277,#1285,#1293,#1302,#1310,#1317));
#1242=ORIENTED_EDGE('',*,*,#120,.F.);
#1243=ORIENTED_EDGE('',*,*,#1244,.T.);
#1244=EDGE_CURVE('NONE',#113,#1245,#1247,.F.);
#1245=VERTEX_POINT('NONE',#1246);
#1246=CARTESIAN_POINT('',(4.17085,0.38,-0.400000126));
#1247=CIRCLE('',#1248,0.4);
#1248=AXIS2_PLACEMENT_3D('',#1249,#1250,#1251);
#1249=CARTESIAN_POINT('',(4.17085,-0.02,-0.400000126));
#1250=DIRECTION('',(1.0,0.0,0.0));
#1251=DIRECTION('',(0.0,0.0,1.0));
#1252=ORIENTED_EDGE('',*,*,#1253,.T.);
#1253=EDGE_CURVE('NONE',#1245,#1254,#1256,.F.);
#1254=VERTEX_POINT('NONE',#1255);
#1255=CARTESIAN_POINT('',(4.17085,0.38,-0.41713323));
#1256=LINE('',#1257,#1258);
#1257=CARTESIAN_POINT('',(4.17085,0.38,-1.084202172E-16));
#1258=VECTOR('',#1259,1.0);
#1259=DIRECTION('',(0.0,0.0,1.0));
#1260=ORIENTED_EDGE('',*,*,#1261,.T.);
#1261=EDGE_CURVE('NONE',#1254,#1262,#1264,.F.);
#1262=VERTEX_POINT('NONE',#1263);
#1263=CARTESIAN_POINT('',(4.17085,0.566048714,-0.61664604));
#1264=CIRCLE('',#1265,0.2);
#1265=AXIS2_PLACEMENT_3D('',#1266,#1267,#1268);
#1266=CARTESIAN_POINT('',(4.17085,0.58,-0.41713323));
#1267=DIRECTION('',(-1.0,0.0,0.0));
#1268=DIRECTION('',(0.0,0.0,1.0));
#1269=ORIENTED_EDGE('',*,*,#1270,.T.);
#1270=EDGE_CURVE('NONE',#1262,#1271,#1273,.F.);
#1271=VERTEX_POINT('NONE',#1272);
#1272=CARTESIAN_POINT('',(4.17085,1.05,-0.650487189));
#1273=LINE('',#1274,#1275);
#1274=CARTESIAN_POINT('',(4.17085,-0.304363962,-0.555780895));
#1275=VECTOR('',#1276,1.0);
#1276=DIRECTION('',(0.0,-0.997564053,0.06975643));
#1277=ORIENTED_EDGE('',*,*,#1278,.T.);
#1278=EDGE_CURVE('NONE',#1271,#1279,#1281,.F.);
#1279=VERTEX_POINT('NONE',#1280);
#1280=CARTESIAN_POINT('',(4.17085,1.036048714,-0.85));
#1281=LINE('',#1282,#1283);
#1282=CARTESIAN_POINT('',(4.17085,1.088863962,-0.094706294));
#1283=VECTOR('',#1284,1.0);
#1284=DIRECTION('',(0.0,0.06975643,0.997564053));
#1285=ORIENTED_EDGE('',*,*,#1286,.T.);
#1286=EDGE_CURVE('NONE',#1279,#1287,#1289,.F.);
#1287=VERTEX_POINT('NONE',#1288);
#1288=CARTESIAN_POINT('',(4.17085,0.552097428,-0.816158851));
#1289=LINE('',#1290,#1291);
#1290=CARTESIAN_POINT('',(4.17085,-0.318315247,-0.755293706));
#1291=VECTOR('',#1292,1.0);
#1292=DIRECTION('',(0.0,0.997564053,-0.06975643));
#1293=ORIENTED_EDGE('',*,*,#1294,.T.);
#1294=EDGE_CURVE('NONE',#1287,#1295,#1297,.F.);
#1295=VERTEX_POINT('NONE',#1296);
#1296=CARTESIAN_POINT('',(4.17085,0.18,-0.41713323));
#1297=CIRCLE('',#1298,0.4);
#1298=AXIS2_PLACEMENT_3D('',#1299,#1300,#1301);
#1299=CARTESIAN_POINT('',(4.17085,0.58,-0.41713323));
#1300=DIRECTION('',(1.0,0.0,0.0));
#1301=DIRECTION('',(0.0,0.0,1.0));
#1302=ORIENTED_EDGE('',*,*,#1303,.T.);
#1303=EDGE_CURVE('NONE',#1295,#1304,#1306,.F.);
#1304=VERTEX_POINT('NONE',#1305);
#1305=CARTESIAN_POINT('',(4.17085,0.18,-0.400000126));
#1306=LINE('',#1307,#1308);
#1307=CARTESIAN_POINT('',(4.17085,0.18,-1.084202172E-16));
#1308=VECTOR('',#1309,1.0);
#1309=DIRECTION('',(0.0,0.0,-1.0));
#1310=ORIENTED_EDGE('',*,*,#1311,.T.);
#1311=EDGE_CURVE('NONE',#1304,#262,#1312,.F.);
#1312=CIRCLE('',#1313,0.2);
#1313=AXIS2_PLACEMENT_3D('',#1314,#1315,#1316);
#1314=CARTESIAN_POINT('',(4.17085,-0.02,-0.400000126));
#1315=DIRECTION('',(-1.0,0.0,0.0));
#1316=DIRECTION('',(0.0,0.0,1.0));
#1317=ORIENTED_EDGE('',*,*,#261,.F.);
#1318=PLANE('',#1319);
#1319=AXIS2_PLACEMENT_3D('',#1320,#1321,#1322);
#1320=CARTESIAN_POINT('',(4.17085,-0.2655,-1.084202172E-16));
#1321=DIRECTION('',(1.0,0.0,0.0));
#1322=DIRECTION('',(0.0,0.0,1.0));
#1323=ADVANCED_FACE('NONE',(#1324),#1335,.F.);
#1324=FACE_BOUND('NONE',#1325,.T.);
#1325=EDGE_LOOP('',(#1326,#1327,#1328,#1329));
#1326=ORIENTED_EDGE('',*,*,#1161,.F.);
#1327=ORIENTED_EDGE('',*,*,#269,.F.);
#1328=ORIENTED_EDGE('',*,*,#1311,.F.);
#1329=ORIENTED_EDGE('',*,*,#1330,.T.);
#1330=EDGE_CURVE('NONE',#1304,#1162,#1331,.F.);
#1331=LINE('',#1332,#1333);
#1332=CARTESIAN_POINT('',(4.9,0.18,-0.400000126));
#1333=VECTOR('',#1334,1.0);
#1334=DIRECTION('',(-1.0,0.0,0.0));
#1335=CYLINDRICAL_SURFACE('',#1336,0.2);
#1336=AXIS2_PLACEMENT_3D('',#1337,#1338,#1339);
#1337=CARTESIAN_POINT('',(4.9,-0.02,-0.400000126));
#1338=DIRECTION('',(-1.0,0.0,0.0));
#1339=DIRECTION('',(0.0,0.0,-1.0));
#1340=ADVANCED_FACE('NONE',(#1341),#1352,.T.);
#1341=FACE_BOUND('NONE',#1342,.T.);
#1342=EDGE_LOOP('',(#1343,#1344,#1345,#1346));
#1343=ORIENTED_EDGE('',*,*,#1170,.F.);
#1344=ORIENTED_EDGE('',*,*,#1330,.F.);
#1345=ORIENTED_EDGE('',*,*,#1303,.F.);
#1346=ORIENTED_EDGE('',*,*,#1347,.T.);
#1347=EDGE_CURVE('NONE',#1295,#1171,#1348,.F.);
#1348=LINE('',#1349,#1350);
#1349=CARTESIAN_POINT('',(4.9,0.18,-0.41713323));
#1350=VECTOR('',#1351,1.0);
#1351=DIRECTION('',(-1.0,0.0,0.0));
#1352=PLANE('',#1353);
#1353=AXIS2_PLACEMENT_3D('',#1354,#1355,#1356);
#1354=CARTESIAN_POINT('',(4.9,0.18,-0.400000126));
#1355=DIRECTION('',(0.0,-1.0,0.0));
#1356=DIRECTION('',(0.0,0.0,1.0));
#1357=ADVANCED_FACE('NONE',(#1358),#1369,.T.);
#1358=FACE_BOUND('NONE',#1359,.T.);
#1359=EDGE_LOOP('',(#1360,#1361,#1362,#1363));
#1360=ORIENTED_EDGE('',*,*,#1178,.F.);
#1361=ORIENTED_EDGE('',*,*,#1347,.F.);
#1362=ORIENTED_EDGE('',*,*,#1294,.F.);
#1363=ORIENTED_EDGE('',*,*,#1364,.T.);
#1364=EDGE_CURVE('NONE',#1287,#1179,#1365,.F.);
#1365=LINE('',#1366,#1367);
#1366=CARTESIAN_POINT('',(4.9,0.552097428,-0.816158851));
#1367=VECTOR('',#1368,1.0);
#1368=DIRECTION('',(-1.0,0.0,0.0));
#1369=CYLINDRICAL_SURFACE('',#1370,0.4);
#1370=AXIS2_PLACEMENT_3D('',#1371,#1372,#1373);
#1371=CARTESIAN_POINT('',(4.9,0.58,-0.41713323));
#1372=DIRECTION('',(-1.0,0.0,0.0));
#1373=DIRECTION('',(0.0,0.0,-1.0));
#1374=ADVANCED_FACE('NONE',(#1375),#1386,.T.);
#1375=FACE_BOUND('NONE',#1376,.T.);
#1376=EDGE_LOOP('',(#1377,#1378,#1379,#1380));
#1377=ORIENTED_EDGE('',*,*,#1187,.F.);
#1378=ORIENTED_EDGE('',*,*,#1364,.F.);
#1379=ORIENTED_EDGE('',*,*,#1286,.F.);
#1380=ORIENTED_EDGE('',*,*,#1381,.T.);
#1381=EDGE_CURVE('NONE',#1279,#1188,#1382,.F.);
#1382=LINE('',#1383,#1384);
#1383=CARTESIAN_POINT('',(4.9,1.036048714,-0.85));
#1384=VECTOR('',#1385,1.0);
#1385=DIRECTION('',(-1.0,0.0,0.0));
#1386=PLANE('',#1387);
#1387=AXIS2_PLACEMENT_3D('',#1388,#1389,#1390);
#1388=CARTESIAN_POINT('',(4.9,1.036048714,-0.85));
#1389=DIRECTION('',(0.0,-0.06975643,-0.997564053));
#1390=DIRECTION('',(0.0,-0.997564053,0.06975643));
#1391=ADVANCED_FACE('NONE',(#1392),#1403,.T.);
#1392=FACE_BOUND('NONE',#1393,.T.);
#1393=EDGE_LOOP('',(#1394,#1395,#1396,#1397));
#1394=ORIENTED_EDGE('',*,*,#1195,.F.);
#1395=ORIENTED_EDGE('',*,*,#1381,.F.);
#1396=ORIENTED_EDGE('',*,*,#1278,.F.);
#1397=ORIENTED_EDGE('',*,*,#1398,.T.);
#1398=EDGE_CURVE('NONE',#1271,#1196,#1399,.F.);
#1399=LINE('',#1400,#1401);
#1400=CARTESIAN_POINT('',(4.9,1.05,-0.650487189));
#1401=VECTOR('',#1402,1.0);
#1402=DIRECTION('',(-1.0,0.0,0.0));
#1403=PLANE('',#1404);
#1404=AXIS2_PLACEMENT_3D('',#1405,#1406,#1407);
#1405=CARTESIAN_POINT('',(4.9,1.036048714,-0.85));
#1406=DIRECTION('',(0.0,0.997564053,-0.06975643));
#1407=DIRECTION('',(0.0,-0.06975643,-0.997564053));
#1408=ADVANCED_FACE('NONE',(#1409),#1420,.T.);
#1409=FACE_BOUND('NONE',#1410,.T.);
#1410=EDGE_LOOP('',(#1411,#1412,#1413,#1414));
#1411=ORIENTED_EDGE('',*,*,#1203,.F.);
#1412=ORIENTED_EDGE('',*,*,#1398,.F.);
#1413=ORIENTED_EDGE('',*,*,#1270,.F.);
#1414=ORIENTED_EDGE('',*,*,#1415,.T.);
#1415=EDGE_CURVE('NONE',#1262,#1204,#1416,.F.);
#1416=LINE('',#1417,#1418);
#1417=CARTESIAN_POINT('',(4.9,0.566048714,-0.61664604));
#1418=VECTOR('',#1419,1.0);
#1419=DIRECTION('',(-1.0,0.0,0.0));
#1420=PLANE('',#1421);
#1421=AXIS2_PLACEMENT_3D('',#1422,#1423,#1424);
#1422=CARTESIAN_POINT('',(4.9,1.05,-0.650487189));
#1423=DIRECTION('',(0.0,0.06975643,0.997564053));
#1424=DIRECTION('',(0.0,0.997564053,-0.06975643));
#1425=ADVANCED_FACE('NONE',(#1426),#1437,.F.);
#1426=FACE_BOUND('NONE',#1427,.T.);
#1427=EDGE_LOOP('',(#1428,#1429,#1430,#1431));
#1428=ORIENTED_EDGE('',*,*,#1211,.F.);
#1429=ORIENTED_EDGE('',*,*,#1415,.F.);
#1430=ORIENTED_EDGE('',*,*,#1261,.F.);
#1431=ORIENTED_EDGE('',*,*,#1432,.T.);
#1432=EDGE_CURVE('NONE',#1254,#1212,#1433,.F.);
#1433=LINE('',#1434,#1435);
#1434=CARTESIAN_POINT('',(4.9,0.38,-0.41713323));
#1435=VECTOR('',#1436,1.0);
#1436=DIRECTION('',(-1.0,0.0,0.0));
#1437=CYLINDRICAL_SURFACE('',#1438,0.2);
#1438=AXIS2_PLACEMENT_3D('',#1439,#1440,#1441);
#1439=CARTESIAN_POINT('',(4.9,0.58,-0.41713323));
#1440=DIRECTION('',(-1.0,0.0,0.0));
#1441=DIRECTION('',(0.0,0.0,-1.0));
#1442=ADVANCED_FACE('NONE',(#1443),#1454,.T.);
#1443=FACE_BOUND('NONE',#1444,.T.);
#1444=EDGE_LOOP('',(#1445,#1446,#1447,#1448));
#1445=ORIENTED_EDGE('',*,*,#1220,.F.);
#1446=ORIENTED_EDGE('',*,*,#1432,.F.);
#1447=ORIENTED_EDGE('',*,*,#1253,.F.);
#1448=ORIENTED_EDGE('',*,*,#1449,.T.);
#1449=EDGE_CURVE('NONE',#1245,#1221,#1450,.F.);
#1450=LINE('',#1451,#1452);
#1451=CARTESIAN_POINT('',(4.9,0.38,-0.400000126));
#1452=VECTOR('',#1453,1.0);
#1453=DIRECTION('',(-1.0,0.0,0.0));
#1454=PLANE('',#1455);
#1455=AXIS2_PLACEMENT_3D('',#1456,#1457,#1458);
#1456=CARTESIAN_POINT('',(4.9,0.38,-0.41713323));
#1457=DIRECTION('',(0.0,1.0,0.0));
#1458=DIRECTION('',(0.0,0.0,-1.0));
#1459=ADVANCED_FACE('NONE',(#1460),#1466,.T.);
#1460=FACE_BOUND('NONE',#1461,.T.);
#1461=EDGE_LOOP('',(#1462,#1463,#1464,#1465));
#1462=ORIENTED_EDGE('',*,*,#1244,.F.);
#1463=ORIENTED_EDGE('',*,*,#112,.F.);
#1464=ORIENTED_EDGE('',*,*,#1228,.F.);
#1465=ORIENTED_EDGE('',*,*,#1449,.F.);
#1466=CYLINDRICAL_SURFACE('',#1467,0.4);
#1467=AXIS2_PLACEMENT_3D('',#1468,#1469,#1470);
#1468=CARTESIAN_POINT('',(4.9,-0.02,-0.400000126));
#1469=DIRECTION('',(-1.0,0.0,0.0));
#1470=DIRECTION('',(0.0,0.0,-1.0));
#1471=ADVANCED_FACE('NONE',(#1472),#1550,.F.);
#1472=FACE_BOUND('NONE',#1473,.T.);
#1473=EDGE_LOOP('',(#1474,#1475,#1476,#1485,#1493,#1502,#1510,#1518,#1526,#1535,#1543));
#1474=ORIENTED_EDGE('',*,*,#168,.F.);
#1475=ORIENTED_EDGE('',*,*,#231,.F.);
#1476=ORIENTED_EDGE('',*,*,#1477,.T.);
#1477=EDGE_CURVE('NONE',#224,#1478,#1480,.F.);
#1478=VERTEX_POINT('NONE',#1479);
#1479=CARTESIAN_POINT('',(1.99915,0.18,-0.400000126));
#1480=CIRCLE('',#1481,0.2);
#1481=AXIS2_PLACEMENT_3D('',#1482,#1483,#1484);
#1482=CARTESIAN_POINT('',(1.99915,-0.02,-0.400000126));
#1483=DIRECTION('',(1.0,1.648349939E-16,0.0));
#1484=DIRECTION('',(1.648349939E-16,-1.0,0.0));
#1485=ORIENTED_EDGE('',*,*,#1486,.T.);
#1486=EDGE_CURVE('NONE',#1478,#1487,#1489,.F.);
#1487=VERTEX_POINT('NONE',#1488);
#1488=CARTESIAN_POINT('',(1.99915,0.18,-0.41713323));
#1489=LINE('',#1490,#1491);
#1490=CARTESIAN_POINT('',(1.99915,0.18,-1.084202172E-16));
#1491=VECTOR('',#1492,1.0);
#1492=DIRECTION('',(0.0,0.0,1.0));
#1493=ORIENTED_EDGE('',*,*,#1494,.T.);
#1494=EDGE_CURVE('NONE',#1487,#1495,#1497,.F.);
#1495=VERTEX_POINT('NONE',#1496);
#1496=CARTESIAN_POINT('',(1.99915,0.552097428,-0.816158851));
#1497=CIRCLE('',#1498,0.4);
#1498=AXIS2_PLACEMENT_3D('',#1499,#1500,#1501);
#1499=CARTESIAN_POINT('',(1.99915,0.58,-0.41713323));
#1500=DIRECTION('',(-1.0,-1.648349939E-16,0.0));
#1501=DIRECTION('',(1.648349939E-16,-1.0,0.0));
#1502=ORIENTED_EDGE('',*,*,#1503,.T.);
#1503=EDGE_CURVE('NONE',#1495,#1504,#1506,.F.);
#1504=VERTEX_POINT('NONE',#1505);
#1505=CARTESIAN_POINT('',(1.99915,1.036048714,-0.85));
#1506=LINE('',#1507,#1508);
#1507=CARTESIAN_POINT('',(1.99915,-0.318315247,-0.755293706));
#1508=VECTOR('',#1509,1.0);
#1509=DIRECTION('',(1.644334647E-16,-0.997564053,0.06975643));
#1510=ORIENTED_EDGE('',*,*,#1511,.T.);
#1511=EDGE_CURVE('NONE',#1504,#1512,#1514,.F.);
#1512=VERTEX_POINT('NONE',#1513);
#1513=CARTESIAN_POINT('',(1.99915,1.05,-0.650487189));
#1514=LINE('',#1515,#1516);
#1515=CARTESIAN_POINT('',(1.99915,1.088863962,-0.094706294));
#1516=VECTOR('',#1517,1.0);
#1517=DIRECTION('',(1.149830067E-17,-0.06975643,-0.997564053));
#1518=ORIENTED_EDGE('',*,*,#1519,.T.);
#1519=EDGE_CURVE('NONE',#1512,#1520,#1522,.F.);
#1520=VERTEX_POINT('NONE',#1521);
#1521=CARTESIAN_POINT('',(1.99915,0.566048714,-0.61664604));
#1522=LINE('',#1523,#1524);
#1523=CARTESIAN_POINT('',(1.99915,-0.304363962,-0.555780895));
#1524=VECTOR('',#1525,1.0);
#1525=DIRECTION('',(-1.644334647E-16,0.997564053,-0.06975643));
#1526=ORIENTED_EDGE('',*,*,#1527,.T.);
#1527=EDGE_CURVE('NONE',#1520,#1528,#1530,.F.);
#1528=VERTEX_POINT('NONE',#1529);
#1529=CARTESIAN_POINT('',(1.99915,0.38,-0.41713323));
#1530=CIRCLE('',#1531,0.2);
#1531=AXIS2_PLACEMENT_3D('',#1532,#1533,#1534);
#1532=CARTESIAN_POINT('',(1.99915,0.58,-0.41713323));
#1533=DIRECTION('',(1.0,1.648349939E-16,0.0));
#1534=DIRECTION('',(1.648349939E-16,-1.0,0.0));
#1535=ORIENTED_EDGE('',*,*,#1536,.T.);
#1536=EDGE_CURVE('NONE',#1528,#1537,#1539,.F.);
#1537=VERTEX_POINT('NONE',#1538);
#1538=CARTESIAN_POINT('',(1.99915,0.38,-0.400000126));
#1539=LINE('',#1540,#1541);
#1540=CARTESIAN_POINT('',(1.99915,0.38,-1.084202172E-16));
#1541=VECTOR('',#1542,1.0);
#1542=DIRECTION('',(0.0,0.0,-1.0));
#1543=ORIENTED_EDGE('',*,*,#1544,.T.);
#1544=EDGE_CURVE('NONE',#1537,#169,#1545,.F.);
#1545=CIRCLE('',#1546,0.4);
#1546=AXIS2_PLACEMENT_3D('',#1547,#1548,#1549);
#1547=CARTESIAN_POINT('',(1.99915,-0.02,-0.400000126));
#1548=DIRECTION('',(-1.0,-1.648349939E-16,0.0));
#1549=DIRECTION('',(1.648349939E-16,-1.0,0.0));
#1550=PLANE('',#1551);
#1551=AXIS2_PLACEMENT_3D('',#1552,#1553,#1554);
#1552=CARTESIAN_POINT('',(1.99915,-0.2655,-1.084202172E-16));
#1553=DIRECTION('',(-1.0,-1.648349939E-16,0.0));
#1554=DIRECTION('',(1.648349939E-16,-1.0,0.0));
#1555=ADVANCED_FACE('NONE',(#1556),#1634,.F.);
#1556=FACE_BOUND('NONE',#1557,.T.);
#1557=EDGE_LOOP('',(#1558,#1559,#1568,#1576,#1585,#1593,#1601,#1609,#1618,#1626,#1633));
#1558=ORIENTED_EDGE('',*,*,#184,.F.);
#1559=ORIENTED_EDGE('',*,*,#1560,.T.);
#1560=EDGE_CURVE('NONE',#177,#1561,#1563,.F.);
#1561=VERTEX_POINT('NONE',#1562);
#1562=CARTESIAN_POINT('',(1.63085,0.38,-0.400000126));
#1563=CIRCLE('',#1564,0.4);
#1564=AXIS2_PLACEMENT_3D('',#1565,#1566,#1567);
#1565=CARTESIAN_POINT('',(1.63085,-0.02,-0.400000126));
#1566=DIRECTION('',(1.0,-1.648349939E-16,0.0));
#1567=DIRECTION('',(1.648349939E-16,1.0,0.0));
#1568=ORIENTED_EDGE('',*,*,#1569,.T.);
#1569=EDGE_CURVE('NONE',#1561,#1570,#1572,.F.);
#1570=VERTEX_POINT('NONE',#1571);
#1571=CARTESIAN_POINT('',(1.63085,0.38,-0.41713323));
#1572=LINE('',#1573,#1574);
#1573=CARTESIAN_POINT('',(1.63085,0.38,-1.084202172E-16));
#1574=VECTOR('',#1575,1.0);
#1575=DIRECTION('',(0.0,0.0,1.0));
#1576=ORIENTED_EDGE('',*,*,#1577,.T.);
#1577=EDGE_CURVE('NONE',#1570,#1578,#1580,.F.);
#1578=VERTEX_POINT('NONE',#1579);
#1579=CARTESIAN_POINT('',(1.63085,0.566048714,-0.61664604));
#1580=CIRCLE('',#1581,0.2);
#1581=AXIS2_PLACEMENT_3D('',#1582,#1583,#1584);
#1582=CARTESIAN_POINT('',(1.63085,0.58,-0.41713323));
#1583=DIRECTION('',(-1.0,1.648349939E-16,0.0));
#1584=DIRECTION('',(1.648349939E-16,1.0,0.0));
#1585=ORIENTED_EDGE('',*,*,#1586,.T.);
#1586=EDGE_CURVE('NONE',#1578,#1587,#1589,.F.);
#1587=VERTEX_POINT('NONE',#1588);
#1588=CARTESIAN_POINT('',(1.63085,1.05,-0.650487189));
#1589=LINE('',#1590,#1591);
#1590=CARTESIAN_POINT('',(1.63085,-0.304363962,-0.555780895));
#1591=VECTOR('',#1592,1.0);
#1592=DIRECTION('',(-1.644334647E-16,-0.997564053,0.06975643));
#1593=ORIENTED_EDGE('',*,*,#1594,.T.);
#1594=EDGE_CURVE('NONE',#1587,#1595,#1597,.F.);
#1595=VERTEX_POINT('NONE',#1596);
#1596=CARTESIAN_POINT('',(1.63085,1.036048714,-0.85));
#1597=LINE('',#1598,#1599);
#1598=CARTESIAN_POINT('',(1.63085,1.088863962,-0.094706294));
#1599=VECTOR('',#1600,1.0);
#1600=DIRECTION('',(1.149830067E-17,0.06975643,0.997564053));
#1601=ORIENTED_EDGE('',*,*,#1602,.T.);
#1602=EDGE_CURVE('NONE',#1595,#1603,#1605,.F.);
#1603=VERTEX_POINT('NONE',#1604);
#1604=CARTESIAN_POINT('',(1.63085,0.552097428,-0.816158851));
#1605=LINE('',#1606,#1607);
#1606=CARTESIAN_POINT('',(1.63085,-0.318315247,-0.755293706));
#1607=VECTOR('',#1608,1.0);
#1608=DIRECTION('',(1.644334647E-16,0.997564053,-0.06975643));
#1609=ORIENTED_EDGE('',*,*,#1610,.T.);
#1610=EDGE_CURVE('NONE',#1603,#1611,#1613,.F.);
#1611=VERTEX_POINT('NONE',#1612);
#1612=CARTESIAN_POINT('',(1.63085,0.18,-0.41713323));
#1613=CIRCLE('',#1614,0.4);
#1614=AXIS2_PLACEMENT_3D('',#1615,#1616,#1617);
#1615=CARTESIAN_POINT('',(1.63085,0.58,-0.41713323));
#1616=DIRECTION('',(1.0,-1.648349939E-16,0.0));
#1617=DIRECTION('',(1.648349939E-16,1.0,0.0));
#1618=ORIENTED_EDGE('',*,*,#1619,.T.);
#1619=EDGE_CURVE('NONE',#1611,#1620,#1622,.F.);
#1620=VERTEX_POINT('NONE',#1621);
#1621=CARTESIAN_POINT('',(1.63085,0.18,-0.400000126));
#1622=LINE('',#1623,#1624);
#1623=CARTESIAN_POINT('',(1.63085,0.18,-1.084202172E-16));
#1624=VECTOR('',#1625,1.0);
#1625=DIRECTION('',(0.0,0.0,-1.0));
#1626=ORIENTED_EDGE('',*,*,#1627,.T.);
#1627=EDGE_CURVE('NONE',#1620,#216,#1628,.F.);
#1628=CIRCLE('',#1629,0.2);
#1629=AXIS2_PLACEMENT_3D('',#1630,#1631,#1632);
#1630=CARTESIAN_POINT('',(1.63085,-0.02,-0.400000126));
#1631=DIRECTION('',(-1.0,1.648349939E-16,0.0));
#1632=DIRECTION('',(1.648349939E-16,1.0,8.131516294E-16));
#1633=ORIENTED_EDGE('',*,*,#215,.F.);
#1634=PLANE('',#1635);
#1635=AXIS2_PLACEMENT_3D('',#1636,#1637,#1638);
#1636=CARTESIAN_POINT('',(1.63085,-0.2655,-1.084202172E-16));
#1637=DIRECTION('',(1.0,-1.648349939E-16,0.0));
#1638=DIRECTION('',(1.648349939E-16,1.0,0.0));
#1639=ADVANCED_FACE('NONE',(#1640),#1651,.F.);
#1640=FACE_BOUND('NONE',#1641,.T.);
#1641=EDGE_LOOP('',(#1642,#1643,#1644,#1645));
#1642=ORIENTED_EDGE('',*,*,#1477,.F.);
#1643=ORIENTED_EDGE('',*,*,#223,.F.);
#1644=ORIENTED_EDGE('',*,*,#1627,.F.);
#1645=ORIENTED_EDGE('',*,*,#1646,.T.);
#1646=EDGE_CURVE('NONE',#1620,#1478,#1647,.F.);
#1647=LINE('',#1648,#1649);
#1648=CARTESIAN_POINT('',(4.9,0.18,-0.400000126));
#1649=VECTOR('',#1650,1.0);
#1650=DIRECTION('',(-1.0,0.0,0.0));
#1651=CYLINDRICAL_SURFACE('',#1652,0.2);
#1652=AXIS2_PLACEMENT_3D('',#1653,#1654,#1655);
#1653=CARTESIAN_POINT('',(4.9,-0.02,-0.400000126));
#1654=DIRECTION('',(-1.0,0.0,0.0));
#1655=DIRECTION('',(0.0,0.0,-1.0));
#1656=ADVANCED_FACE('NONE',(#1657),#1668,.T.);
#1657=FACE_BOUND('NONE',#1658,.T.);
#1658=EDGE_LOOP('',(#1659,#1660,#1661,#1662));
#1659=ORIENTED_EDGE('',*,*,#1486,.F.);
#1660=ORIENTED_EDGE('',*,*,#1646,.F.);
#1661=ORIENTED_EDGE('',*,*,#1619,.F.);
#1662=ORIENTED_EDGE('',*,*,#1663,.T.);
#1663=EDGE_CURVE('NONE',#1611,#1487,#1664,.F.);
#1664=LINE('',#1665,#1666);
#1665=CARTESIAN_POINT('',(4.9,0.18,-0.41713323));
#1666=VECTOR('',#1667,1.0);
#1667=DIRECTION('',(-1.0,0.0,0.0));
#1668=PLANE('',#1669);
#1669=AXIS2_PLACEMENT_3D('',#1670,#1671,#1672);
#1670=CARTESIAN_POINT('',(4.9,0.18,-0.400000126));
#1671=DIRECTION('',(0.0,-1.0,0.0));
#1672=DIRECTION('',(0.0,0.0,1.0));
#1673=ADVANCED_FACE('NONE',(#1674),#1685,.T.);
#1674=FACE_BOUND('NONE',#1675,.T.);
#1675=EDGE_LOOP('',(#1676,#1677,#1678,#1679));
#1676=ORIENTED_EDGE('',*,*,#1494,.F.);
#1677=ORIENTED_EDGE('',*,*,#1663,.F.);
#1678=ORIENTED_EDGE('',*,*,#1610,.F.);
#1679=ORIENTED_EDGE('',*,*,#1680,.T.);
#1680=EDGE_CURVE('NONE',#1603,#1495,#1681,.F.);
#1681=LINE('',#1682,#1683);
#1682=CARTESIAN_POINT('',(4.9,0.552097428,-0.816158851));
#1683=VECTOR('',#1684,1.0);
#1684=DIRECTION('',(-1.0,0.0,0.0));
#1685=CYLINDRICAL_SURFACE('',#1686,0.4);
#1686=AXIS2_PLACEMENT_3D('',#1687,#1688,#1689);
#1687=CARTESIAN_POINT('',(4.9,0.58,-0.41713323));
#1688=DIRECTION('',(-1.0,0.0,0.0));
#1689=DIRECTION('',(0.0,0.0,-1.0));
#1690=ADVANCED_FACE('NONE',(#1691),#1702,.T.);
#1691=FACE_BOUND('NONE',#1692,.T.);
#1692=EDGE_LOOP('',(#1693,#1694,#1695,#1696));
#1693=ORIENTED_EDGE('',*,*,#1503,.F.);
#1694=ORIENTED_EDGE('',*,*,#1680,.F.);
#1695=ORIENTED_EDGE('',*,*,#1602,.F.);
#1696=ORIENTED_EDGE('',*,*,#1697,.T.);
#1697=EDGE_CURVE('NONE',#1595,#1504,#1698,.F.);
#1698=LINE('',#1699,#1700);
#1699=CARTESIAN_POINT('',(4.9,1.036048714,-0.85));
#1700=VECTOR('',#1701,1.0);
#1701=DIRECTION('',(-1.0,0.0,0.0));
#1702=PLANE('',#1703);
#1703=AXIS2_PLACEMENT_3D('',#1704,#1705,#1706);
#1704=CARTESIAN_POINT('',(4.9,1.036048714,-0.85));
#1705=DIRECTION('',(0.0,-0.06975643,-0.997564053));
#1706=DIRECTION('',(0.0,-0.997564053,0.06975643));
#1707=ADVANCED_FACE('NONE',(#1708),#1719,.T.);
#1708=FACE_BOUND('NONE',#1709,.T.);
#1709=EDGE_LOOP('',(#1710,#1711,#1712,#1713));
#1710=ORIENTED_EDGE('',*,*,#1511,.F.);
#1711=ORIENTED_EDGE('',*,*,#1697,.F.);
#1712=ORIENTED_EDGE('',*,*,#1594,.F.);
#1713=ORIENTED_EDGE('',*,*,#1714,.T.);
#1714=EDGE_CURVE('NONE',#1587,#1512,#1715,.F.);
#1715=LINE('',#1716,#1717);
#1716=CARTESIAN_POINT('',(4.9,1.05,-0.650487189));
#1717=VECTOR('',#1718,1.0);
#1718=DIRECTION('',(-1.0,0.0,0.0));
#1719=PLANE('',#1720);
#1720=AXIS2_PLACEMENT_3D('',#1721,#1722,#1723);
#1721=CARTESIAN_POINT('',(4.9,1.036048714,-0.85));
#1722=DIRECTION('',(0.0,0.997564053,-0.06975643));
#1723=DIRECTION('',(0.0,-0.06975643,-0.997564053));
#1724=ADVANCED_FACE('NONE',(#1725),#1736,.T.);
#1725=FACE_BOUND('NONE',#1726,.T.);
#1726=EDGE_LOOP('',(#1727,#1728,#1729,#1730));
#1727=ORIENTED_EDGE('',*,*,#1519,.F.);
#1728=ORIENTED_EDGE('',*,*,#1714,.F.);
#1729=ORIENTED_EDGE('',*,*,#1586,.F.);
#1730=ORIENTED_EDGE('',*,*,#1731,.T.);
#1731=EDGE_CURVE('NONE',#1578,#1520,#1732,.F.);
#1732=LINE('',#1733,#1734);
#1733=CARTESIAN_POINT('',(4.9,0.566048714,-0.61664604));
#1734=VECTOR('',#1735,1.0);
#1735=DIRECTION('',(-1.0,0.0,0.0));
#1736=PLANE('',#1737);
#1737=AXIS2_PLACEMENT_3D('',#1738,#1739,#1740);
#1738=CARTESIAN_POINT('',(4.9,1.05,-0.650487189));
#1739=DIRECTION('',(0.0,0.06975643,0.997564053));
#1740=DIRECTION('',(0.0,0.997564053,-0.06975643));
#1741=ADVANCED_FACE('NONE',(#1742),#1753,.F.);
#1742=FACE_BOUND('NONE',#1743,.T.);
#1743=EDGE_LOOP('',(#1744,#1745,#1746,#1747));
#1744=ORIENTED_EDGE('',*,*,#1527,.F.);
#1745=ORIENTED_EDGE('',*,*,#1731,.F.);
#1746=ORIENTED_EDGE('',*,*,#1577,.F.);
#1747=ORIENTED_EDGE('',*,*,#1748,.T.);
#1748=EDGE_CURVE('NONE',#1570,#1528,#1749,.F.);
#1749=LINE('',#1750,#1751);
#1750=CARTESIAN_POINT('',(4.9,0.38,-0.41713323));
#1751=VECTOR('',#1752,1.0);
#1752=DIRECTION('',(-1.0,0.0,0.0));
#1753=CYLINDRICAL_SURFACE('',#1754,0.2);
#1754=AXIS2_PLACEMENT_3D('',#1755,#1756,#1757);
#1755=CARTESIAN_POINT('',(4.9,0.58,-0.41713323));
#1756=DIRECTION('',(-1.0,0.0,0.0));
#1757=DIRECTION('',(0.0,0.0,-1.0));
#1758=ADVANCED_FACE('NONE',(#1759),#1770,.T.);
#1759=FACE_BOUND('NONE',#1760,.T.);
#1760=EDGE_LOOP('',(#1761,#1762,#1763,#1764));
#1761=ORIENTED_EDGE('',*,*,#1536,.F.);
#1762=ORIENTED_EDGE('',*,*,#1748,.F.);
#1763=ORIENTED_EDGE('',*,*,#1569,.F.);
#1764=ORIENTED_EDGE('',*,*,#1765,.T.);
#1765=EDGE_CURVE('NONE',#1561,#1537,#1766,.F.);
#1766=LINE('',#1767,#1768);
#1767=CARTESIAN_POINT('',(4.9,0.38,-0.400000126));
#1768=VECTOR('',#1769,1.0);
#1769=DIRECTION('',(-1.0,0.0,0.0));
#1770=PLANE('',#1771);
#1771=AXIS2_PLACEMENT_3D('',#1772,#1773,#1774);
#1772=CARTESIAN_POINT('',(4.9,0.38,-0.41713323));
#1773=DIRECTION('',(0.0,1.0,0.0));
#1774=DIRECTION('',(0.0,0.0,-1.0));
#1775=ADVANCED_FACE('NONE',(#1776),#1782,.T.);
#1776=FACE_BOUND('NONE',#1777,.T.);
#1777=EDGE_LOOP('',(#1778,#1779,#1780,#1781));
#1778=ORIENTED_EDGE('',*,*,#1560,.F.);
#1779=ORIENTED_EDGE('',*,*,#176,.F.);
#1780=ORIENTED_EDGE('',*,*,#1544,.F.);
#1781=ORIENTED_EDGE('',*,*,#1765,.F.);
#1782=CYLINDRICAL_SURFACE('',#1783,0.4);
#1783=AXIS2_PLACEMENT_3D('',#1784,#1785,#1786);
#1784=CARTESIAN_POINT('',(4.9,-0.02,-0.400000126));
#1785=DIRECTION('',(-1.0,0.0,0.0));
#1786=DIRECTION('',(0.0,0.0,-1.0));
#1787=ADVANCED_FACE('NONE',(#1788),#1824,.T.);
#1788=FACE_BOUND('NONE',#1789,.T.);
#1789=EDGE_LOOP('',(#1790,#1801,#1809,#1818));
#1790=ORIENTED_EDGE('',*,*,#1791,.T.);
#1791=EDGE_CURVE('NONE',#1792,#1794,#1796,.T.);
#1792=VERTEX_POINT('NONE',#1793);
#1793=CARTESIAN_POINT('',(2.90085,-4.452097428,-0.816158851));
#1794=VERTEX_POINT('NONE',#1795);
#1795=CARTESIAN_POINT('',(2.90085,-4.08,-0.41713323));
#1796=CIRCLE('',#1797,0.4);
#1797=AXIS2_PLACEMENT_3D('',#1798,#1799,#1800);
#1798=CARTESIAN_POINT('',(2.90085,-4.48,-0.41713323));
#1799=DIRECTION('',(1.0,0.0,0.0));
#1800=DIRECTION('',(0.0,0.0,1.0));
#1801=ORIENTED_EDGE('',*,*,#1802,.T.);
#1802=EDGE_CURVE('NONE',#1794,#1803,#1805,.F.);
#1803=VERTEX_POINT('NONE',#1804);
#1804=CARTESIAN_POINT('',(3.26915,-4.08,-0.41713323));
#1805=LINE('',#1806,#1807);
#1806=CARTESIAN_POINT('',(4.9,-4.08,-0.41713323));
#1807=VECTOR('',#1808,1.0);
#1808=DIRECTION('',(-1.0,0.0,0.0));
#1809=ORIENTED_EDGE('',*,*,#1810,.T.);
#1810=EDGE_CURVE('NONE',#1803,#1811,#1813,.T.);
#1811=VERTEX_POINT('NONE',#1812);
#1812=CARTESIAN_POINT('',(3.26915,-4.452097428,-0.816158851));
#1813=CIRCLE('',#1814,0.4);
#1814=AXIS2_PLACEMENT_3D('',#1815,#1816,#1817);
#1815=CARTESIAN_POINT('',(3.26915,-4.48,-0.41713323));
#1816=DIRECTION('',(-1.0,0.0,0.0));
#1817=DIRECTION('',(0.0,0.0,-1.0));
#1818=ORIENTED_EDGE('',*,*,#1819,.T.);
#1819=EDGE_CURVE('NONE',#1811,#1792,#1820,.T.);
#1820=LINE('',#1821,#1822);
#1821=CARTESIAN_POINT('',(4.9,-4.452097428,-0.816158851));
#1822=VECTOR('',#1823,1.0);
#1823=DIRECTION('',(-1.0,0.0,0.0));
#1824=CYLINDRICAL_SURFACE('',#1825,0.4);
#1825=AXIS2_PLACEMENT_3D('',#1826,#1827,#1828);
#1826=CARTESIAN_POINT('',(4.9,-4.48,-0.41713323));
#1827=DIRECTION('',(-1.0,0.0,0.0));
#1828=DIRECTION('',(0.0,0.0,-1.0));
#1829=ADVANCED_FACE('NONE',(#1830),#1855,.T.);
#1830=FACE_BOUND('NONE',#1831,.T.);
#1831=EDGE_LOOP('',(#1832,#1840,#1841,#1849));
#1832=ORIENTED_EDGE('',*,*,#1833,.T.);
#1833=EDGE_CURVE('NONE',#1834,#1792,#1836,.T.);
#1834=VERTEX_POINT('NONE',#1835);
#1835=CARTESIAN_POINT('',(2.90085,-4.936048714,-0.85));
#1836=LINE('',#1837,#1838);
#1837=CARTESIAN_POINT('',(2.90085,-3.5815592,-0.755284926));
#1838=VECTOR('',#1839,1.0);
#1839=DIRECTION('',(0.0,0.997564053,0.06975643));
#1840=ORIENTED_EDGE('',*,*,#1819,.F.);
#1841=ORIENTED_EDGE('',*,*,#1842,.T.);
#1842=EDGE_CURVE('NONE',#1811,#1843,#1845,.T.);
#1843=VERTEX_POINT('NONE',#1844);
#1844=CARTESIAN_POINT('',(3.26915,-4.936048714,-0.85));
#1845=LINE('',#1846,#1847);
#1846=CARTESIAN_POINT('',(3.26915,-3.5815592,-0.755284926));
#1847=VECTOR('',#1848,1.0);
#1848=DIRECTION('',(0.0,-0.997564053,-0.06975643));
#1849=ORIENTED_EDGE('',*,*,#1850,.T.);
#1850=EDGE_CURVE('NONE',#1843,#1834,#1851,.T.);
#1851=LINE('',#1852,#1853);
#1852=CARTESIAN_POINT('',(4.9,-4.936048714,-0.85));
#1853=VECTOR('',#1854,1.0);
#1854=DIRECTION('',(-1.0,0.0,0.0));
#1855=PLANE('',#1856);
#1856=AXIS2_PLACEMENT_3D('',#1857,#1858,#1859);
#1857=CARTESIAN_POINT('',(4.9,-4.936048714,-0.85));
#1858=DIRECTION('',(0.0,0.06975643,-0.997564053));
#1859=DIRECTION('',(0.0,-0.997564053,-0.06975643));
#1860=ADVANCED_FACE('NONE',(#1861),#1886,.T.);
#1861=FACE_BOUND('NONE',#1862,.T.);
#1862=EDGE_LOOP('',(#1863,#1871,#1872,#1880));
#1863=ORIENTED_EDGE('',*,*,#1864,.T.);
#1864=EDGE_CURVE('NONE',#1865,#1834,#1867,.T.);
#1865=VERTEX_POINT('NONE',#1866);
#1866=CARTESIAN_POINT('',(2.90085,-4.95,-0.650487189));
#1867=LINE('',#1868,#1869);
#1868=CARTESIAN_POINT('',(2.90085,-4.988863348,-0.094715074));
#1869=VECTOR('',#1870,1.0);
#1870=DIRECTION('',(0.0,0.06975643,-0.997564053));
#1871=ORIENTED_EDGE('',*,*,#1850,.F.);
#1872=ORIENTED_EDGE('',*,*,#1873,.T.);
#1873=EDGE_CURVE('NONE',#1843,#1874,#1876,.T.);
#1874=VERTEX_POINT('NONE',#1875);
#1875=CARTESIAN_POINT('',(3.26915,-4.95,-0.650487189));
#1876=LINE('',#1877,#1878);
#1877=CARTESIAN_POINT('',(3.26915,-4.988863348,-0.094715074));
#1878=VECTOR('',#1879,1.0);
#1879=DIRECTION('',(0.0,-0.06975643,0.997564053));
#1880=ORIENTED_EDGE('',*,*,#1881,.T.);
#1881=EDGE_CURVE('NONE',#1874,#1865,#1882,.T.);
#1882=LINE('',#1883,#1884);
#1883=CARTESIAN_POINT('',(4.9,-4.95,-0.650487189));
#1884=VECTOR('',#1885,1.0);
#1885=DIRECTION('',(-1.0,0.0,0.0));
#1886=PLANE('',#1887);
#1887=AXIS2_PLACEMENT_3D('',#1888,#1889,#1890);
#1888=CARTESIAN_POINT('',(4.9,-4.936048714,-0.85));
#1889=DIRECTION('',(0.0,-0.997564053,-0.06975643));
#1890=DIRECTION('',(0.0,-0.06975643,0.997564053));
#1891=ADVANCED_FACE('NONE',(#1892),#1917,.T.);
#1892=FACE_BOUND('NONE',#1893,.T.);
#1893=EDGE_LOOP('',(#1894,#1902,#1903,#1911));
#1894=ORIENTED_EDGE('',*,*,#1895,.T.);
#1895=EDGE_CURVE('NONE',#1896,#1865,#1898,.T.);
#1896=VERTEX_POINT('NONE',#1897);
#1897=CARTESIAN_POINT('',(2.90085,-4.466048714,-0.61664604));
#1898=LINE('',#1899,#1900);
#1899=CARTESIAN_POINT('',(2.90085,-3.595510486,-0.555772116));
#1900=VECTOR('',#1901,1.0);
#1901=DIRECTION('',(0.0,-0.997564053,-0.06975643));
#1902=ORIENTED_EDGE('',*,*,#1881,.F.);
#1903=ORIENTED_EDGE('',*,*,#1904,.T.);
#1904=EDGE_CURVE('NONE',#1874,#1905,#1907,.T.);
#1905=VERTEX_POINT('NONE',#1906);
#1906=CARTESIAN_POINT('',(3.26915,-4.466048714,-0.61664604));
#1907=LINE('',#1908,#1909);
#1908=CARTESIAN_POINT('',(3.26915,-3.595510486,-0.555772116));
#1909=VECTOR('',#1910,1.0);
#1910=DIRECTION('',(0.0,0.997564053,0.06975643));
#1911=ORIENTED_EDGE('',*,*,#1912,.T.);
#1912=EDGE_CURVE('NONE',#1905,#1896,#1913,.T.);
#1913=LINE('',#1914,#1915);
#1914=CARTESIAN_POINT('',(4.9,-4.466048714,-0.61664604));
#1915=VECTOR('',#1916,1.0);
#1916=DIRECTION('',(-1.0,0.0,0.0));
#1917=PLANE('',#1918);
#1918=AXIS2_PLACEMENT_3D('',#1919,#1920,#1921);
#1919=CARTESIAN_POINT('',(4.9,-4.95,-0.650487189));
#1920=DIRECTION('',(0.0,-0.06975643,0.997564053));
#1921=DIRECTION('',(0.0,0.997564053,0.06975643));
#1922=ADVANCED_FACE('NONE',(#1923),#1950,.F.);
#1923=FACE_BOUND('NONE',#1924,.T.);
#1924=EDGE_LOOP('',(#1925,#1934,#1935,#1944));
#1925=ORIENTED_EDGE('',*,*,#1926,.T.);
#1926=EDGE_CURVE('NONE',#1927,#1896,#1929,.T.);
#1927=VERTEX_POINT('NONE',#1928);
#1928=CARTESIAN_POINT('',(2.90085,-4.28,-0.41713323));
#1929=CIRCLE('',#1930,0.2);
#1930=AXIS2_PLACEMENT_3D('',#1931,#1932,#1933);
#1931=CARTESIAN_POINT('',(2.90085,-4.48,-0.41713323));
#1932=DIRECTION('',(-1.0,0.0,0.0));
#1933=DIRECTION('',(0.0,0.0,1.0));
#1934=ORIENTED_EDGE('',*,*,#1912,.F.);
#1935=ORIENTED_EDGE('',*,*,#1936,.T.);
#1936=EDGE_CURVE('NONE',#1905,#1937,#1939,.T.);
#1937=VERTEX_POINT('NONE',#1938);
#1938=CARTESIAN_POINT('',(3.26915,-4.28,-0.41713323));
#1939=CIRCLE('',#1940,0.2);
#1940=AXIS2_PLACEMENT_3D('',#1941,#1942,#1943);
#1941=CARTESIAN_POINT('',(3.26915,-4.48,-0.41713323));
#1942=DIRECTION('',(1.0,0.0,0.0));
#1943=DIRECTION('',(0.0,0.0,-1.0));
#1944=ORIENTED_EDGE('',*,*,#1945,.T.);
#1945=EDGE_CURVE('NONE',#1937,#1927,#1946,.T.);
#1946=LINE('',#1947,#1948);
#1947=CARTESIAN_POINT('',(4.9,-4.28,-0.41713323));
#1948=VECTOR('',#1949,1.0);
#1949=DIRECTION('',(-1.0,0.0,0.0));
#1950=CYLINDRICAL_SURFACE('',#1951,0.2);
#1951=AXIS2_PLACEMENT_3D('',#1952,#1953,#1954);
#1952=CARTESIAN_POINT('',(4.9,-4.48,-0.41713323));
#1953=DIRECTION('',(-1.0,0.0,0.0));
#1954=DIRECTION('',(0.0,0.0,-1.0));
#1955=ADVANCED_FACE('NONE',(#1956),#1981,.T.);
#1956=FACE_BOUND('NONE',#1957,.T.);
#1957=EDGE_LOOP('',(#1958,#1966,#1967,#1975));
#1958=ORIENTED_EDGE('',*,*,#1959,.T.);
#1959=EDGE_CURVE('NONE',#1960,#1927,#1962,.T.);
#1960=VERTEX_POINT('NONE',#1961);
#1961=CARTESIAN_POINT('',(2.90085,-4.28,-0.400000126));
#1962=LINE('',#1963,#1964);
#1963=CARTESIAN_POINT('',(2.90085,-4.28,-1.084202172E-16));
#1964=VECTOR('',#1965,1.0);
#1965=DIRECTION('',(0.0,0.0,-1.0));
#1966=ORIENTED_EDGE('',*,*,#1945,.F.);
#1967=ORIENTED_EDGE('',*,*,#1968,.T.);
#1968=EDGE_CURVE('NONE',#1937,#1969,#1971,.T.);
#1969=VERTEX_POINT('NONE',#1970);
#1970=CARTESIAN_POINT('',(3.26915,-4.28,-0.400000126));
#1971=LINE('',#1972,#1973);
#1972=CARTESIAN_POINT('',(3.26915,-4.28,-1.084202172E-16));
#1973=VECTOR('',#1974,1.0);
#1974=DIRECTION('',(0.0,0.0,1.0));
#1975=ORIENTED_EDGE('',*,*,#1976,.T.);
#1976=EDGE_CURVE('NONE',#1969,#1960,#1977,.T.);
#1977=LINE('',#1978,#1979);
#1978=CARTESIAN_POINT('',(4.9,-4.28,-0.400000126));
#1979=VECTOR('',#1980,1.0);
#1980=DIRECTION('',(-1.0,0.0,0.0));
#1981=PLANE('',#1982);
#1982=AXIS2_PLACEMENT_3D('',#1983,#1984,#1985);
#1983=CARTESIAN_POINT('',(4.9,-4.28,-0.41713323));
#1984=DIRECTION('',(0.0,-1.0,0.0));
#1985=DIRECTION('',(0.0,0.0,1.0));
#1986=ADVANCED_FACE('NONE',(#1987),#2012,.T.);
#1987=FACE_BOUND('NONE',#1988,.T.);
#1988=EDGE_LOOP('',(#1989,#1997,#2005,#2011));
#1989=ORIENTED_EDGE('',*,*,#1990,.T.);
#1990=EDGE_CURVE('NONE',#1794,#1991,#1993,.T.);
#1991=VERTEX_POINT('NONE',#1992);
#1992=CARTESIAN_POINT('',(2.90085,-4.08,-0.400000126));
#1993=LINE('',#1994,#1995);
#1994=CARTESIAN_POINT('',(2.90085,-4.08,-5.746271514E-15));
#1995=VECTOR('',#1996,1.0);
#1996=DIRECTION('',(0.0,-1.265622609E-14,1.0));
#1997=ORIENTED_EDGE('',*,*,#1998,.T.);
#1998=EDGE_CURVE('NONE',#1991,#1999,#2001,.F.);
#1999=VERTEX_POINT('NONE',#2000);
#2000=CARTESIAN_POINT('',(3.26915,-4.08,-0.400000126));
#2001=LINE('',#2002,#2003);
#2002=CARTESIAN_POINT('',(4.9,-4.08,-0.400000126));
#2003=VECTOR('',#2004,1.0);
#2004=DIRECTION('',(-1.0,0.0,0.0));
#2005=ORIENTED_EDGE('',*,*,#2006,.T.);
#2006=EDGE_CURVE('NONE',#1999,#1803,#2007,.T.);
#2007=LINE('',#2008,#2009);
#2008=CARTESIAN_POINT('',(3.26915,-4.08,-5.746271514E-15));
#2009=VECTOR('',#2010,1.0);
#2010=DIRECTION('',(0.0,1.265622609E-14,-1.0));
#2011=ORIENTED_EDGE('',*,*,#1802,.F.);
#2012=PLANE('',#2013);
#2013=AXIS2_PLACEMENT_3D('',#2014,#2015,#2016);
#2014=CARTESIAN_POINT('',(4.9,-4.08,-0.41713323));
#2015=DIRECTION('',(0.0,1.0,1.265622609E-14));
#2016=DIRECTION('',(0.0,1.265622609E-14,-1.0));
#2017=ADVANCED_FACE('NONE',(#2018),#2036,.F.);
#2018=FACE_BOUND('NONE',#2019,.T.);
#2019=EDGE_LOOP('',(#2020,#2027,#2028,#2035));
#2020=ORIENTED_EDGE('',*,*,#2021,.T.);
#2021=EDGE_CURVE('NONE',#1991,#515,#2022,.T.);
#2022=CIRCLE('',#2023,0.2);
#2023=AXIS2_PLACEMENT_3D('',#2024,#2025,#2026);
#2024=CARTESIAN_POINT('',(2.90085,-3.88,-0.400000126));
#2025=DIRECTION('',(-1.0,0.0,0.0));
#2026=DIRECTION('',(0.0,0.0,1.0));
#2027=ORIENTED_EDGE('',*,*,#514,.F.);
#2028=ORIENTED_EDGE('',*,*,#2029,.T.);
#2029=EDGE_CURVE('NONE',#507,#1999,#2030,.T.);
#2030=CIRCLE('',#2031,0.2);
#2031=AXIS2_PLACEMENT_3D('',#2032,#2033,#2034);
#2032=CARTESIAN_POINT('',(3.26915,-3.88,-0.400000126));
#2033=DIRECTION('',(1.0,0.0,0.0));
#2034=DIRECTION('',(0.0,0.0,-1.0));
#2035=ORIENTED_EDGE('',*,*,#1998,.F.);
#2036=CYLINDRICAL_SURFACE('',#2037,0.2);
#2037=AXIS2_PLACEMENT_3D('',#2038,#2039,#2040);
#2038=CARTESIAN_POINT('',(4.9,-3.88,-0.400000126));
#2039=DIRECTION('',(-1.0,0.0,0.0));
#2040=DIRECTION('',(0.0,0.0,-1.0));
#2041=ADVANCED_FACE('NONE',(#2042),#2061,.F.);
#2042=FACE_BOUND('NONE',#2043,.T.);
#2043=EDGE_LOOP('',(#2044,#2045,#2052,#2053,#2054,#2055,#2056,#2057,#2058,#2059,#2060));
#2044=ORIENTED_EDGE('',*,*,#475,.F.);
#2045=ORIENTED_EDGE('',*,*,#2046,.T.);
#2046=EDGE_CURVE('NONE',#468,#1969,#2047,.F.);
#2047=CIRCLE('',#2048,0.4);
#2048=AXIS2_PLACEMENT_3D('',#2049,#2050,#2051);
#2049=CARTESIAN_POINT('',(3.26915,-3.88,-0.400000126));
#2050=DIRECTION('',(-1.0,0.0,0.0));
#2051=DIRECTION('',(0.0,0.0,-1.0));
#2052=ORIENTED_EDGE('',*,*,#1968,.F.);
#2053=ORIENTED_EDGE('',*,*,#1936,.F.);
#2054=ORIENTED_EDGE('',*,*,#1904,.F.);
#2055=ORIENTED_EDGE('',*,*,#1873,.F.);
#2056=ORIENTED_EDGE('',*,*,#1842,.F.);
#2057=ORIENTED_EDGE('',*,*,#1810,.F.);
#2058=ORIENTED_EDGE('',*,*,#2006,.F.);
#2059=ORIENTED_EDGE('',*,*,#2029,.F.);
#2060=ORIENTED_EDGE('',*,*,#506,.F.);
#2061=PLANE('',#2062);
#2062=AXIS2_PLACEMENT_3D('',#2063,#2064,#2065);
#2063=CARTESIAN_POINT('',(3.26915,-3.634373833,-1.084202172E-16));
#2064=DIRECTION('',(-1.0,0.0,0.0));
#2065=DIRECTION('',(0.0,0.0,-1.0));
#2066=ADVANCED_FACE('NONE',(#2067),#2086,.F.);
#2067=FACE_BOUND('NONE',#2068,.T.);
#2068=EDGE_LOOP('',(#2069,#2070,#2071,#2072,#2073,#2074,#2075,#2076,#2077,#2078,#2079));
#2069=ORIENTED_EDGE('',*,*,#459,.F.);
#2070=ORIENTED_EDGE('',*,*,#522,.F.);
#2071=ORIENTED_EDGE('',*,*,#2021,.F.);
#2072=ORIENTED_EDGE('',*,*,#1990,.F.);
#2073=ORIENTED_EDGE('',*,*,#1791,.F.);
#2074=ORIENTED_EDGE('',*,*,#1833,.F.);
#2075=ORIENTED_EDGE('',*,*,#1864,.F.);
#2076=ORIENTED_EDGE('',*,*,#1895,.F.);
#2077=ORIENTED_EDGE('',*,*,#1926,.F.);
#2078=ORIENTED_EDGE('',*,*,#1959,.F.);
#2079=ORIENTED_EDGE('',*,*,#2080,.T.);
#2080=EDGE_CURVE('NONE',#1960,#460,#2081,.F.);
#2081=CIRCLE('',#2082,0.4);
#2082=AXIS2_PLACEMENT_3D('',#2083,#2084,#2085);
#2083=CARTESIAN_POINT('',(2.90085,-3.88,-0.400000126));
#2084=DIRECTION('',(1.0,0.0,0.0));
#2085=DIRECTION('',(0.0,0.0,1.0));
#2086=PLANE('',#2087);
#2087=AXIS2_PLACEMENT_3D('',#2088,#2089,#2090);
#2088=CARTESIAN_POINT('',(2.90085,-3.634373833,-1.084202172E-16));
#2089=DIRECTION('',(1.0,0.0,0.0));
#2090=DIRECTION('',(0.0,0.0,1.0));
#2091=ADVANCED_FACE('NONE',(#2092),#2098,.T.);
#2092=FACE_BOUND('NONE',#2093,.T.);
#2093=EDGE_LOOP('',(#2094,#2095,#2096,#2097));
#2094=ORIENTED_EDGE('',*,*,#2046,.F.);
#2095=ORIENTED_EDGE('',*,*,#467,.F.);
#2096=ORIENTED_EDGE('',*,*,#2080,.F.);
#2097=ORIENTED_EDGE('',*,*,#1976,.F.);
#2098=CYLINDRICAL_SURFACE('',#2099,0.4);
#2099=AXIS2_PLACEMENT_3D('',#2100,#2101,#2102);
#2100=CARTESIAN_POINT('',(4.9,-3.88,-0.400000126));
#2101=DIRECTION('',(-1.0,0.0,0.0));
#2102=DIRECTION('',(0.0,0.0,-1.0));
#2103=ADVANCED_FACE('NONE',(#2104),#2140,.T.);
#2104=FACE_BOUND('NONE',#2105,.T.);
#2105=EDGE_LOOP('',(#2106,#2117,#2125,#2134));
#2106=ORIENTED_EDGE('',*,*,#2107,.T.);
#2107=EDGE_CURVE('NONE',#2108,#2110,#2112,.T.);
#2108=VERTEX_POINT('NONE',#2109);
#2109=CARTESIAN_POINT('',(1.63085,-4.452097428,-0.816158851));
#2110=VERTEX_POINT('NONE',#2111);
#2111=CARTESIAN_POINT('',(1.63085,-4.08,-0.41713323));
#2112=CIRCLE('',#2113,0.4);
#2113=AXIS2_PLACEMENT_3D('',#2114,#2115,#2116);
#2114=CARTESIAN_POINT('',(1.63085,-4.48,-0.41713323));
#2115=DIRECTION('',(1.0,1.648191865E-16,0.0));
#2116=DIRECTION('',(-1.648191865E-16,1.0,0.0));
#2117=ORIENTED_EDGE('',*,*,#2118,.T.);
#2118=EDGE_CURVE('NONE',#2110,#2119,#2121,.F.);
#2119=VERTEX_POINT('NONE',#2120);
#2120=CARTESIAN_POINT('',(1.99915,-4.08,-0.41713323));
#2121=LINE('',#2122,#2123);
#2122=CARTESIAN_POINT('',(4.9,-4.08,-0.41713323));
#2123=VECTOR('',#2124,1.0);
#2124=DIRECTION('',(-1.0,0.0,0.0));
#2125=ORIENTED_EDGE('',*,*,#2126,.T.);
#2126=EDGE_CURVE('NONE',#2119,#2127,#2129,.T.);
#2127=VERTEX_POINT('NONE',#2128);
#2128=CARTESIAN_POINT('',(1.99915,-4.452097428,-0.816158851));
#2129=CIRCLE('',#2130,0.4);
#2130=AXIS2_PLACEMENT_3D('',#2131,#2132,#2133);
#2131=CARTESIAN_POINT('',(1.99915,-4.48,-0.41713323));
#2132=DIRECTION('',(-1.0,1.648191865E-16,0.0));
#2133=DIRECTION('',(-1.648191865E-16,-1.0,0.0));
#2134=ORIENTED_EDGE('',*,*,#2135,.T.);
#2135=EDGE_CURVE('NONE',#2127,#2108,#2136,.T.);
#2136=LINE('',#2137,#2138);
#2137=CARTESIAN_POINT('',(4.9,-4.452097428,-0.816158851));
#2138=VECTOR('',#2139,1.0);
#2139=DIRECTION('',(-1.0,0.0,0.0));
#2140=CYLINDRICAL_SURFACE('',#2141,0.4);
#2141=AXIS2_PLACEMENT_3D('',#2142,#2143,#2144);
#2142=CARTESIAN_POINT('',(4.9,-4.48,-0.41713323));
#2143=DIRECTION('',(-1.0,0.0,0.0));
#2144=DIRECTION('',(0.0,0.0,-1.0));
#2145=ADVANCED_FACE('NONE',(#2146),#2171,.T.);
#2146=FACE_BOUND('NONE',#2147,.T.);
#2147=EDGE_LOOP('',(#2148,#2156,#2157,#2165));
#2148=ORIENTED_EDGE('',*,*,#2149,.T.);
#2149=EDGE_CURVE('NONE',#2150,#2108,#2152,.T.);
#2150=VERTEX_POINT('NONE',#2151);
#2151=CARTESIAN_POINT('',(1.63085,-4.936048714,-0.85));
#2152=LINE('',#2153,#2154);
#2153=CARTESIAN_POINT('',(1.63085,-3.5815592,-0.755284926));
#2154=VECTOR('',#2155,1.0);
#2155=DIRECTION('',(-1.644176957E-16,0.997564053,0.06975643));
#2156=ORIENTED_EDGE('',*,*,#2135,.F.);
#2157=ORIENTED_EDGE('',*,*,#2158,.T.);
#2158=EDGE_CURVE('NONE',#2127,#2159,#2161,.T.);
#2159=VERTEX_POINT('NONE',#2160);
#2160=CARTESIAN_POINT('',(1.99915,-4.936048714,-0.85));
#2161=LINE('',#2162,#2163);
#2162=CARTESIAN_POINT('',(1.99915,-3.5815592,-0.755284926));
#2163=VECTOR('',#2164,1.0);
#2164=DIRECTION('',(-1.644176957E-16,-0.997564053,-0.06975643));
#2165=ORIENTED_EDGE('',*,*,#2166,.T.);
#2166=EDGE_CURVE('NONE',#2159,#2150,#2167,.T.);
#2167=LINE('',#2168,#2169);
#2168=CARTESIAN_POINT('',(4.9,-4.936048714,-0.85));
#2169=VECTOR('',#2170,1.0);
#2170=DIRECTION('',(-1.0,0.0,0.0));
#2171=PLANE('',#2172);
#2172=AXIS2_PLACEMENT_3D('',#2173,#2174,#2175);
#2173=CARTESIAN_POINT('',(4.9,-4.936048714,-0.85));
#2174=DIRECTION('',(0.0,0.06975643,-0.997564053));
#2175=DIRECTION('',(0.0,-0.997564053,-0.06975643));
#2176=ADVANCED_FACE('NONE',(#2177),#2202,.T.);
#2177=FACE_BOUND('NONE',#2178,.T.);
#2178=EDGE_LOOP('',(#2179,#2187,#2188,#2196));
#2179=ORIENTED_EDGE('',*,*,#2180,.T.);
#2180=EDGE_CURVE('NONE',#2181,#2150,#2183,.T.);
#2181=VERTEX_POINT('NONE',#2182);
#2182=CARTESIAN_POINT('',(1.63085,-4.95,-0.650487189));
#2183=LINE('',#2184,#2185);
#2184=CARTESIAN_POINT('',(1.63085,-4.988863348,-0.094715074));
#2185=VECTOR('',#2186,1.0);
#2186=DIRECTION('',(-1.1497198E-17,0.06975643,-0.997564053));
#2187=ORIENTED_EDGE('',*,*,#2166,.F.);
#2188=ORIENTED_EDGE('',*,*,#2189,.T.);
#2189=EDGE_CURVE('NONE',#2159,#2190,#2192,.T.);
#2190=VERTEX_POINT('NONE',#2191);
#2191=CARTESIAN_POINT('',(1.99915,-4.95,-0.650487189));
#2192=LINE('',#2193,#2194);
#2193=CARTESIAN_POINT('',(1.99915,-4.988863348,-0.094715074));
#2194=VECTOR('',#2195,1.0);
#2195=DIRECTION('',(-1.1497198E-17,-0.06975643,0.997564053));
#2196=ORIENTED_EDGE('',*,*,#2197,.T.);
#2197=EDGE_CURVE('NONE',#2190,#2181,#2198,.T.);
#2198=LINE('',#2199,#2200);
#2199=CARTESIAN_POINT('',(4.9,-4.95,-0.650487189));
#2200=VECTOR('',#2201,1.0);
#2201=DIRECTION('',(-1.0,0.0,0.0));
#2202=PLANE('',#2203);
#2203=AXIS2_PLACEMENT_3D('',#2204,#2205,#2206);
#2204=CARTESIAN_POINT('',(4.9,-4.936048714,-0.85));
#2205=DIRECTION('',(0.0,-0.997564053,-0.06975643));
#2206=DIRECTION('',(0.0,-0.06975643,0.997564053));
#2207=ADVANCED_FACE('NONE',(#2208),#2233,.T.);
#2208=FACE_BOUND('NONE',#2209,.T.);
#2209=EDGE_LOOP('',(#2210,#2218,#2219,#2227));
#2210=ORIENTED_EDGE('',*,*,#2211,.T.);
#2211=EDGE_CURVE('NONE',#2212,#2181,#2214,.T.);
#2212=VERTEX_POINT('NONE',#2213);
#2213=CARTESIAN_POINT('',(1.63085,-4.466048714,-0.61664604));
#2214=LINE('',#2215,#2216);
#2215=CARTESIAN_POINT('',(1.63085,-3.595510486,-0.555772116));
#2216=VECTOR('',#2217,1.0);
#2217=DIRECTION('',(1.644176957E-16,-0.997564053,-0.06975643));
#2218=ORIENTED_EDGE('',*,*,#2197,.F.);
#2219=ORIENTED_EDGE('',*,*,#2220,.T.);
#2220=EDGE_CURVE('NONE',#2190,#2221,#2223,.T.);
#2221=VERTEX_POINT('NONE',#2222);
#2222=CARTESIAN_POINT('',(1.99915,-4.466048714,-0.61664604));
#2223=LINE('',#2224,#2225);
#2224=CARTESIAN_POINT('',(1.99915,-3.595510486,-0.555772116));
#2225=VECTOR('',#2226,1.0);
#2226=DIRECTION('',(1.644176957E-16,0.997564053,0.06975643));
#2227=ORIENTED_EDGE('',*,*,#2228,.T.);
#2228=EDGE_CURVE('NONE',#2221,#2212,#2229,.T.);
#2229=LINE('',#2230,#2231);
#2230=CARTESIAN_POINT('',(4.9,-4.466048714,-0.61664604));
#2231=VECTOR('',#2232,1.0);
#2232=DIRECTION('',(-1.0,0.0,0.0));
#2233=PLANE('',#2234);
#2234=AXIS2_PLACEMENT_3D('',#2235,#2236,#2237);
#2235=CARTESIAN_POINT('',(4.9,-4.95,-0.650487189));
#2236=DIRECTION('',(0.0,-0.06975643,0.997564053));
#2237=DIRECTION('',(0.0,0.997564053,0.06975643));
#2238=ADVANCED_FACE('NONE',(#2239),#2266,.F.);
#2239=FACE_BOUND('NONE',#2240,.T.);
#2240=EDGE_LOOP('',(#2241,#2250,#2251,#2260));
#2241=ORIENTED_EDGE('',*,*,#2242,.T.);
#2242=EDGE_CURVE('NONE',#2243,#2212,#2245,.T.);
#2243=VERTEX_POINT('NONE',#2244);
#2244=CARTESIAN_POINT('',(1.63085,-4.28,-0.41713323));
#2245=CIRCLE('',#2246,0.2);
#2246=AXIS2_PLACEMENT_3D('',#2247,#2248,#2249);
#2247=CARTESIAN_POINT('',(1.63085,-4.48,-0.41713323));
#2248=DIRECTION('',(-1.0,-1.648191865E-16,0.0));
#2249=DIRECTION('',(-1.648191865E-16,1.0,0.0));
#2250=ORIENTED_EDGE('',*,*,#2228,.F.);
#2251=ORIENTED_EDGE('',*,*,#2252,.T.);
#2252=EDGE_CURVE('NONE',#2221,#2253,#2255,.T.);
#2253=VERTEX_POINT('NONE',#2254);
#2254=CARTESIAN_POINT('',(1.99915,-4.28,-0.41713323));
#2255=CIRCLE('',#2256,0.2);
#2256=AXIS2_PLACEMENT_3D('',#2257,#2258,#2259);
#2257=CARTESIAN_POINT('',(1.99915,-4.48,-0.41713323));
#2258=DIRECTION('',(1.0,-1.648191865E-16,0.0));
#2259=DIRECTION('',(-1.648191865E-16,-1.0,0.0));
#2260=ORIENTED_EDGE('',*,*,#2261,.T.);
#2261=EDGE_CURVE('NONE',#2253,#2243,#2262,.T.);
#2262=LINE('',#2263,#2264);
#2263=CARTESIAN_POINT('',(4.9,-4.28,-0.41713323));
#2264=VECTOR('',#2265,1.0);
#2265=DIRECTION('',(-1.0,0.0,0.0));
#2266=CYLINDRICAL_SURFACE('',#2267,0.2);
#2267=AXIS2_PLACEMENT_3D('',#2268,#2269,#2270);
#2268=CARTESIAN_POINT('',(4.9,-4.48,-0.41713323));
#2269=DIRECTION('',(-1.0,0.0,0.0));
#2270=DIRECTION('',(0.0,0.0,-1.0));
#2271=ADVANCED_FACE('NONE',(#2272),#2297,.T.);
#2272=FACE_BOUND('NONE',#2273,.T.);
#2273=EDGE_LOOP('',(#2274,#2282,#2283,#2291));
#2274=ORIENTED_EDGE('',*,*,#2275,.T.);
#2275=EDGE_CURVE('NONE',#2276,#2243,#2278,.T.);
#2276=VERTEX_POINT('NONE',#2277);
#2277=CARTESIAN_POINT('',(1.63085,-4.28,-0.400000126));
#2278=LINE('',#2279,#2280);
#2279=CARTESIAN_POINT('',(1.63085,-4.28,-1.084202172E-16));
#2280=VECTOR('',#2281,1.0);
#2281=DIRECTION('',(0.0,0.0,-1.0));
#2282=ORIENTED_EDGE('',*,*,#2261,.F.);
#2283=ORIENTED_EDGE('',*,*,#2284,.T.);
#2284=EDGE_CURVE('NONE',#2253,#2285,#2287,.T.);
#2285=VERTEX_POINT('NONE',#2286);
#2286=CARTESIAN_POINT('',(1.99915,-4.28,-0.400000126));
#2287=LINE('',#2288,#2289);
#2288=CARTESIAN_POINT('',(1.99915,-4.28,-1.084202172E-16));
#2289=VECTOR('',#2290,1.0);
#2290=DIRECTION('',(0.0,0.0,1.0));
#2291=ORIENTED_EDGE('',*,*,#2292,.T.);
#2292=EDGE_CURVE('NONE',#2285,#2276,#2293,.T.);
#2293=LINE('',#2294,#2295);
#2294=CARTESIAN_POINT('',(4.9,-4.28,-0.400000126));
#2295=VECTOR('',#2296,1.0);
#2296=DIRECTION('',(-1.0,0.0,0.0));
#2297=PLANE('',#2298);
#2298=AXIS2_PLACEMENT_3D('',#2299,#2300,#2301);
#2299=CARTESIAN_POINT('',(4.9,-4.28,-0.41713323));
#2300=DIRECTION('',(0.0,-1.0,0.0));
#2301=DIRECTION('',(0.0,0.0,1.0));
#2302=ADVANCED_FACE('NONE',(#2303),#2328,.T.);
#2303=FACE_BOUND('NONE',#2304,.T.);
#2304=EDGE_LOOP('',(#2305,#2313,#2321,#2327));
#2305=ORIENTED_EDGE('',*,*,#2306,.T.);
#2306=EDGE_CURVE('NONE',#2110,#2307,#2309,.T.);
#2307=VERTEX_POINT('NONE',#2308);
#2308=CARTESIAN_POINT('',(1.63085,-4.08,-0.400000126));
#2309=LINE('',#2310,#2311);
#2310=CARTESIAN_POINT('',(1.63085,-4.08,-5.746271514E-15));
#2311=VECTOR('',#2312,1.0);
#2312=DIRECTION('',(2.085988888E-30,-1.265622609E-14,1.0));
#2313=ORIENTED_EDGE('',*,*,#2314,.T.);
#2314=EDGE_CURVE('NONE',#2307,#2315,#2317,.F.);
#2315=VERTEX_POINT('NONE',#2316);
#2316=CARTESIAN_POINT('',(1.99915,-4.08,-0.400000126));
#2317=LINE('',#2318,#2319);
#2318=CARTESIAN_POINT('',(4.9,-4.08,-0.400000126));
#2319=VECTOR('',#2320,1.0);
#2320=DIRECTION('',(-1.0,0.0,0.0));
#2321=ORIENTED_EDGE('',*,*,#2322,.T.);
#2322=EDGE_CURVE('NONE',#2315,#2119,#2323,.T.);
#2323=LINE('',#2324,#2325);
#2324=CARTESIAN_POINT('',(1.99915,-4.08,-5.746271514E-15));
#2325=VECTOR('',#2326,1.0);
#2326=DIRECTION('',(2.085988888E-30,1.265622609E-14,-1.0));
#2327=ORIENTED_EDGE('',*,*,#2118,.F.);
#2328=PLANE('',#2329);
#2329=AXIS2_PLACEMENT_3D('',#2330,#2331,#2332);
#2330=CARTESIAN_POINT('',(4.9,-4.08,-0.41713323));
#2331=DIRECTION('',(0.0,1.0,1.265622609E-14));
#2332=DIRECTION('',(0.0,1.265622609E-14,-1.0));
#2333=ADVANCED_FACE('NONE',(#2334),#2352,.F.);
#2334=FACE_BOUND('NONE',#2335,.T.);
#2335=EDGE_LOOP('',(#2336,#2343,#2344,#2351));
#2336=ORIENTED_EDGE('',*,*,#2337,.T.);
#2337=EDGE_CURVE('NONE',#2307,#538,#2338,.T.);
#2338=CIRCLE('',#2339,0.2);
#2339=AXIS2_PLACEMENT_3D('',#2340,#2341,#2342);
#2340=CARTESIAN_POINT('',(1.63085,-3.88,-0.400000126));
#2341=DIRECTION('',(-1.0,-1.648191865E-16,0.0));
#2342=DIRECTION('',(-1.648191865E-16,1.0,0.0));
#2343=ORIENTED_EDGE('',*,*,#537,.F.);
#2344=ORIENTED_EDGE('',*,*,#2345,.T.);
#2345=EDGE_CURVE('NONE',#530,#2315,#2346,.T.);
#2346=CIRCLE('',#2347,0.2);
#2347=AXIS2_PLACEMENT_3D('',#2348,#2349,#2350);
#2348=CARTESIAN_POINT('',(1.99915,-3.88,-0.400000126));
#2349=DIRECTION('',(1.0,-1.648191865E-16,0.0));
#2350=DIRECTION('',(-1.648191865E-16,-1.0,0.0));
#2351=ORIENTED_EDGE('',*,*,#2314,.F.);
#2352=CYLINDRICAL_SURFACE('',#2353,0.2);
#2353=AXIS2_PLACEMENT_3D('',#2354,#2355,#2356);
#2354=CARTESIAN_POINT('',(4.9,-3.88,-0.400000126));
#2355=DIRECTION('',(-1.0,0.0,0.0));
#2356=DIRECTION('',(0.0,0.0,-1.0));
#2357=ADVANCED_FACE('NONE',(#2358),#2377,.F.);
#2358=FACE_BOUND('NONE',#2359,.T.);
#2359=EDGE_LOOP('',(#2360,#2361,#2368,#2369,#2370,#2371,#2372,#2373,#2374,#2375,#2376));
#2360=ORIENTED_EDGE('',*,*,#443,.F.);
#2361=ORIENTED_EDGE('',*,*,#2362,.T.);
#2362=EDGE_CURVE('NONE',#436,#2285,#2363,.F.);
#2363=CIRCLE('',#2364,0.4);
#2364=AXIS2_PLACEMENT_3D('',#2365,#2366,#2367);
#2365=CARTESIAN_POINT('',(1.99915,-3.88,-0.400000126));
#2366=DIRECTION('',(-1.0,1.648191865E-16,0.0));
#2367=DIRECTION('',(-1.648191865E-16,-1.0,0.0));
#2368=ORIENTED_EDGE('',*,*,#2284,.F.);
#2369=ORIENTED_EDGE('',*,*,#2252,.F.);
#2370=ORIENTED_EDGE('',*,*,#2220,.F.);
#2371=ORIENTED_EDGE('',*,*,#2189,.F.);
#2372=ORIENTED_EDGE('',*,*,#2158,.F.);
#2373=ORIENTED_EDGE('',*,*,#2126,.F.);
#2374=ORIENTED_EDGE('',*,*,#2322,.F.);
#2375=ORIENTED_EDGE('',*,*,#2345,.F.);
#2376=ORIENTED_EDGE('',*,*,#529,.F.);
#2377=PLANE('',#2378);
#2378=AXIS2_PLACEMENT_3D('',#2379,#2380,#2381);
#2379=CARTESIAN_POINT('',(1.99915,-3.634373833,-1.084202172E-16));
#2380=DIRECTION('',(-1.0,1.648191865E-16,0.0));
#2381=DIRECTION('',(-1.648191865E-16,-1.0,0.0));
#2382=ADVANCED_FACE('NONE',(#2383),#2402,.F.);
#2383=FACE_BOUND('NONE',#2384,.T.);
#2384=EDGE_LOOP('',(#2385,#2386,#2387,#2388,#2389,#2390,#2391,#2392,#2393,#2394,#2395));
#2385=ORIENTED_EDGE('',*,*,#427,.F.);
#2386=ORIENTED_EDGE('',*,*,#545,.F.);
#2387=ORIENTED_EDGE('',*,*,#2337,.F.);
#2388=ORIENTED_EDGE('',*,*,#2306,.F.);
#2389=ORIENTED_EDGE('',*,*,#2107,.F.);
#2390=ORIENTED_EDGE('',*,*,#2149,.F.);
#2391=ORIENTED_EDGE('',*,*,#2180,.F.);
#2392=ORIENTED_EDGE('',*,*,#2211,.F.);
#2393=ORIENTED_EDGE('',*,*,#2242,.F.);
#2394=ORIENTED_EDGE('',*,*,#2275,.F.);
#2395=ORIENTED_EDGE('',*,*,#2396,.T.);
#2396=EDGE_CURVE('NONE',#2276,#428,#2397,.F.);
#2397=CIRCLE('',#2398,0.4);
#2398=AXIS2_PLACEMENT_3D('',#2399,#2400,#2401);
#2399=CARTESIAN_POINT('',(1.63085,-3.88,-0.400000126));
#2400=DIRECTION('',(1.0,1.648191865E-16,0.0));
#2401=DIRECTION('',(-1.648191865E-16,1.0,0.0));
#2402=PLANE('',#2403);
#2403=AXIS2_PLACEMENT_3D('',#2404,#2405,#2406);
#2404=CARTESIAN_POINT('',(1.63085,-3.634373833,-1.084202172E-16));
#2405=DIRECTION('',(1.0,1.648191865E-16,0.0));
#2406=DIRECTION('',(-1.648191865E-16,1.0,0.0));
#2407=ADVANCED_FACE('NONE',(#2408),#2414,.T.);
#2408=FACE_BOUND('NONE',#2409,.T.);
#2409=EDGE_LOOP('',(#2410,#2411,#2412,#2413));
#2410=ORIENTED_EDGE('',*,*,#2362,.F.);
#2411=ORIENTED_EDGE('',*,*,#435,.F.);
#2412=ORIENTED_EDGE('',*,*,#2396,.F.);
#2413=ORIENTED_EDGE('',*,*,#2292,.F.);
#2414=CYLINDRICAL_SURFACE('',#2415,0.4);
#2415=AXIS2_PLACEMENT_3D('',#2416,#2417,#2418);
#2416=CARTESIAN_POINT('',(4.9,-3.88,-0.400000126));
#2417=DIRECTION('',(-1.0,0.0,0.0));
#2418=DIRECTION('',(0.0,0.0,-1.0));
#2419=ADVANCED_FACE('NONE',(#2420),#2456,.T.);
#2420=FACE_BOUND('NONE',#2421,.T.);
#2421=EDGE_LOOP('',(#2422,#2433,#2441,#2450));
#2422=ORIENTED_EDGE('',*,*,#2423,.T.);
#2423=EDGE_CURVE('NONE',#2424,#2426,#2428,.T.);
#2424=VERTEX_POINT('NONE',#2425);
#2425=CARTESIAN_POINT('',(0.36085,-4.452097428,-0.816158851));
#2426=VERTEX_POINT('NONE',#2427);
#2427=CARTESIAN_POINT('',(0.36085,-4.08,-0.41713323));
#2428=CIRCLE('',#2429,0.4);
#2429=AXIS2_PLACEMENT_3D('',#2430,#2431,#2432);
#2430=CARTESIAN_POINT('',(0.36085,-4.48,-0.41713323));
#2431=DIRECTION('',(1.0,4.738551611E-16,0.0));
#2432=DIRECTION('',(-4.738551611E-16,1.0,0.0));
#2433=ORIENTED_EDGE('',*,*,#2434,.T.);
#2434=EDGE_CURVE('NONE',#2426,#2435,#2437,.F.);
#2435=VERTEX_POINT('NONE',#2436);
#2436=CARTESIAN_POINT('',(0.72915,-4.08,-0.41713323));
#2437=LINE('',#2438,#2439);
#2438=CARTESIAN_POINT('',(4.9,-4.08,-0.41713323));
#2439=VECTOR('',#2440,1.0);
#2440=DIRECTION('',(-1.0,0.0,0.0));
#2441=ORIENTED_EDGE('',*,*,#2442,.T.);
#2442=EDGE_CURVE('NONE',#2435,#2443,#2445,.T.);
#2443=VERTEX_POINT('NONE',#2444);
#2444=CARTESIAN_POINT('',(0.72915,-4.452097428,-0.816158851));
#2445=CIRCLE('',#2446,0.4);
#2446=AXIS2_PLACEMENT_3D('',#2447,#2448,#2449);
#2447=CARTESIAN_POINT('',(0.72915,-4.48,-0.41713323));
#2448=DIRECTION('',(-1.0,-1.648191865E-16,0.0));
#2449=DIRECTION('',(1.648191865E-16,-1.0,0.0));
#2450=ORIENTED_EDGE('',*,*,#2451,.T.);
#2451=EDGE_CURVE('NONE',#2443,#2424,#2452,.T.);
#2452=LINE('',#2453,#2454);
#2453=CARTESIAN_POINT('',(4.9,-4.452097428,-0.816158851));
#2454=VECTOR('',#2455,1.0);
#2455=DIRECTION('',(-1.0,0.0,0.0));
#2456=CYLINDRICAL_SURFACE('',#2457,0.4);
#2457=AXIS2_PLACEMENT_3D('',#2458,#2459,#2460);
#2458=CARTESIAN_POINT('',(4.9,-4.48,-0.41713323));
#2459=DIRECTION('',(-1.0,0.0,0.0));
#2460=DIRECTION('',(0.0,0.0,-1.0));
#2461=ADVANCED_FACE('NONE',(#2462),#2487,.T.);
#2462=FACE_BOUND('NONE',#2463,.T.);
#2463=EDGE_LOOP('',(#2464,#2472,#2473,#2481));
#2464=ORIENTED_EDGE('',*,*,#2465,.T.);
#2465=EDGE_CURVE('NONE',#2466,#2424,#2468,.T.);
#2466=VERTEX_POINT('NONE',#2467);
#2467=CARTESIAN_POINT('',(0.36085,-4.936048714,-0.85));
#2468=LINE('',#2469,#2470);
#2469=CARTESIAN_POINT('',(0.36085,-3.5815592,-0.755284926));
#2470=VECTOR('',#2471,1.0);
#2471=DIRECTION('',(-4.727008752E-16,0.997564053,0.06975643));
#2472=ORIENTED_EDGE('',*,*,#2451,.F.);
#2473=ORIENTED_EDGE('',*,*,#2474,.T.);
#2474=EDGE_CURVE('NONE',#2443,#2475,#2477,.T.);
#2475=VERTEX_POINT('NONE',#2476);
#2476=CARTESIAN_POINT('',(0.72915,-4.936048714,-0.85));
#2477=LINE('',#2478,#2479);
#2478=CARTESIAN_POINT('',(0.72915,-3.5815592,-0.755284926));
#2479=VECTOR('',#2480,1.0);
#2480=DIRECTION('',(1.644176957E-16,-0.997564053,-0.06975643));
#2481=ORIENTED_EDGE('',*,*,#2482,.T.);
#2482=EDGE_CURVE('NONE',#2475,#2466,#2483,.T.);
#2483=LINE('',#2484,#2485);
#2484=CARTESIAN_POINT('',(4.9,-4.936048714,-0.85));
#2485=VECTOR('',#2486,1.0);
#2486=DIRECTION('',(-1.0,0.0,0.0));
#2487=PLANE('',#2488);
#2488=AXIS2_PLACEMENT_3D('',#2489,#2490,#2491);
#2489=CARTESIAN_POINT('',(4.9,-4.936048714,-0.85));
#2490=DIRECTION('',(0.0,0.06975643,-0.997564053));
#2491=DIRECTION('',(0.0,-0.997564053,-0.06975643));
#2492=ADVANCED_FACE('NONE',(#2493),#2518,.T.);
#2493=FACE_BOUND('NONE',#2494,.T.);
#2494=EDGE_LOOP('',(#2495,#2503,#2504,#2512));
#2495=ORIENTED_EDGE('',*,*,#2496,.T.);
#2496=EDGE_CURVE('NONE',#2497,#2466,#2499,.T.);
#2497=VERTEX_POINT('NONE',#2498);
#2498=CARTESIAN_POINT('',(0.36085,-4.95,-0.650487189));
#2499=LINE('',#2500,#2501);
#2500=CARTESIAN_POINT('',(0.36085,-4.988863348,-0.094715074));
#2501=VECTOR('',#2502,1.0);
#2502=DIRECTION('',(-3.305444426E-17,0.06975643,-0.997564053));
#2503=ORIENTED_EDGE('',*,*,#2482,.F.);
#2504=ORIENTED_EDGE('',*,*,#2505,.T.);
#2505=EDGE_CURVE('NONE',#2475,#2506,#2508,.T.);
#2506=VERTEX_POINT('NONE',#2507);
#2507=CARTESIAN_POINT('',(0.72915,-4.95,-0.650487189));
#2508=LINE('',#2509,#2510);
#2509=CARTESIAN_POINT('',(0.72915,-4.988863348,-0.094715074));
#2510=VECTOR('',#2511,1.0);
#2511=DIRECTION('',(1.1497198E-17,-0.06975643,0.997564053));
#2512=ORIENTED_EDGE('',*,*,#2513,.T.);
#2513=EDGE_CURVE('NONE',#2506,#2497,#2514,.T.);
#2514=LINE('',#2515,#2516);
#2515=CARTESIAN_POINT('',(4.9,-4.95,-0.650487189));
#2516=VECTOR('',#2517,1.0);
#2517=DIRECTION('',(-1.0,0.0,0.0));
#2518=PLANE('',#2519);
#2519=AXIS2_PLACEMENT_3D('',#2520,#2521,#2522);
#2520=CARTESIAN_POINT('',(4.9,-4.936048714,-0.85));
#2521=DIRECTION('',(0.0,-0.997564053,-0.06975643));
#2522=DIRECTION('',(0.0,-0.06975643,0.997564053));
#2523=ADVANCED_FACE('NONE',(#2524),#2549,.T.);
#2524=FACE_BOUND('NONE',#2525,.T.);
#2525=EDGE_LOOP('',(#2526,#2534,#2535,#2543));
#2526=ORIENTED_EDGE('',*,*,#2527,.T.);
#2527=EDGE_CURVE('NONE',#2528,#2497,#2530,.T.);
#2528=VERTEX_POINT('NONE',#2529);
#2529=CARTESIAN_POINT('',(0.36085,-4.466048714,-0.61664604));
#2530=LINE('',#2531,#2532);
#2531=CARTESIAN_POINT('',(0.36085,-3.595510486,-0.555772116));
#2532=VECTOR('',#2533,1.0);
#2533=DIRECTION('',(4.727008752E-16,-0.997564053,-0.06975643));
#2534=ORIENTED_EDGE('',*,*,#2513,.F.);
#2535=ORIENTED_EDGE('',*,*,#2536,.T.);
#2536=EDGE_CURVE('NONE',#2506,#2537,#2539,.T.);
#2537=VERTEX_POINT('NONE',#2538);
#2538=CARTESIAN_POINT('',(0.72915,-4.466048714,-0.61664604));
#2539=LINE('',#2540,#2541);
#2540=CARTESIAN_POINT('',(0.72915,-3.595510486,-0.555772116));
#2541=VECTOR('',#2542,1.0);
#2542=DIRECTION('',(-1.644176957E-16,0.997564053,0.06975643));
#2543=ORIENTED_EDGE('',*,*,#2544,.T.);
#2544=EDGE_CURVE('NONE',#2537,#2528,#2545,.T.);
#2545=LINE('',#2546,#2547);
#2546=CARTESIAN_POINT('',(4.9,-4.466048714,-0.61664604));
#2547=VECTOR('',#2548,1.0);
#2548=DIRECTION('',(-1.0,0.0,0.0));
#2549=PLANE('',#2550);
#2550=AXIS2_PLACEMENT_3D('',#2551,#2552,#2553);
#2551=CARTESIAN_POINT('',(4.9,-4.95,-0.650487189));
#2552=DIRECTION('',(0.0,-0.06975643,0.997564053));
#2553=DIRECTION('',(0.0,0.997564053,0.06975643));
#2554=ADVANCED_FACE('NONE',(#2555),#2582,.F.);
#2555=FACE_BOUND('NONE',#2556,.T.);
#2556=EDGE_LOOP('',(#2557,#2566,#2567,#2576));
#2557=ORIENTED_EDGE('',*,*,#2558,.T.);
#2558=EDGE_CURVE('NONE',#2559,#2528,#2561,.T.);
#2559=VERTEX_POINT('NONE',#2560);
#2560=CARTESIAN_POINT('',(0.36085,-4.28,-0.41713323));
#2561=CIRCLE('',#2562,0.2);
#2562=AXIS2_PLACEMENT_3D('',#2563,#2564,#2565);
#2563=CARTESIAN_POINT('',(0.36085,-4.48,-0.41713323));
#2564=DIRECTION('',(-1.0,-4.738551611E-16,0.0));
#2565=DIRECTION('',(-4.738551611E-16,1.0,0.0));
#2566=ORIENTED_EDGE('',*,*,#2544,.F.);
#2567=ORIENTED_EDGE('',*,*,#2568,.T.);
#2568=EDGE_CURVE('NONE',#2537,#2569,#2571,.T.);
#2569=VERTEX_POINT('NONE',#2570);
#2570=CARTESIAN_POINT('',(0.72915,-4.28,-0.41713323));
#2571=CIRCLE('',#2572,0.2);
#2572=AXIS2_PLACEMENT_3D('',#2573,#2574,#2575);
#2573=CARTESIAN_POINT('',(0.72915,-4.48,-0.41713323));
#2574=DIRECTION('',(1.0,1.648191865E-16,0.0));
#2575=DIRECTION('',(1.648191865E-16,-1.0,0.0));
#2576=ORIENTED_EDGE('',*,*,#2577,.T.);
#2577=EDGE_CURVE('NONE',#2569,#2559,#2578,.T.);
#2578=LINE('',#2579,#2580);
#2579=CARTESIAN_POINT('',(4.9,-4.28,-0.41713323));
#2580=VECTOR('',#2581,1.0);
#2581=DIRECTION('',(-1.0,0.0,0.0));
#2582=CYLINDRICAL_SURFACE('',#2583,0.2);
#2583=AXIS2_PLACEMENT_3D('',#2584,#2585,#2586);
#2584=CARTESIAN_POINT('',(4.9,-4.48,-0.41713323));
#2585=DIRECTION('',(-1.0,0.0,0.0));
#2586=DIRECTION('',(0.0,0.0,-1.0));
#2587=ADVANCED_FACE('NONE',(#2588),#2613,.T.);
#2588=FACE_BOUND('NONE',#2589,.T.);
#2589=EDGE_LOOP('',(#2590,#2598,#2599,#2607));
#2590=ORIENTED_EDGE('',*,*,#2591,.T.);
#2591=EDGE_CURVE('NONE',#2592,#2559,#2594,.T.);
#2592=VERTEX_POINT('NONE',#2593);
#2593=CARTESIAN_POINT('',(0.36085,-4.28,-0.400000126));
#2594=LINE('',#2595,#2596);
#2595=CARTESIAN_POINT('',(0.36085,-4.28,-1.084202172E-16));
#2596=VECTOR('',#2597,1.0);
#2597=DIRECTION('',(0.0,0.0,-1.0));
#2598=ORIENTED_EDGE('',*,*,#2577,.F.);
#2599=ORIENTED_EDGE('',*,*,#2600,.T.);
#2600=EDGE_CURVE('NONE',#2569,#2601,#2603,.T.);
#2601=VERTEX_POINT('NONE',#2602);
#2602=CARTESIAN_POINT('',(0.72915,-4.28,-0.400000126));
#2603=LINE('',#2604,#2605);
#2604=CARTESIAN_POINT('',(0.72915,-4.28,-1.084202172E-16));
#2605=VECTOR('',#2606,1.0);
#2606=DIRECTION('',(0.0,0.0,1.0));
#2607=ORIENTED_EDGE('',*,*,#2608,.T.);
#2608=EDGE_CURVE('NONE',#2601,#2592,#2609,.T.);
#2609=LINE('',#2610,#2611);
#2610=CARTESIAN_POINT('',(4.9,-4.28,-0.400000126));
#2611=VECTOR('',#2612,1.0);
#2612=DIRECTION('',(-1.0,0.0,0.0));
#2613=PLANE('',#2614);
#2614=AXIS2_PLACEMENT_3D('',#2615,#2616,#2617);
#2615=CARTESIAN_POINT('',(4.9,-4.28,-0.41713323));
#2616=DIRECTION('',(0.0,-1.0,0.0));
#2617=DIRECTION('',(0.0,0.0,1.0));
#2618=ADVANCED_FACE('NONE',(#2619),#2644,.T.);
#2619=FACE_BOUND('NONE',#2620,.T.);
#2620=EDGE_LOOP('',(#2621,#2629,#2637,#2643));
#2621=ORIENTED_EDGE('',*,*,#2622,.T.);
#2622=EDGE_CURVE('NONE',#2426,#2623,#2625,.T.);
#2623=VERTEX_POINT('NONE',#2624);
#2624=CARTESIAN_POINT('',(0.36085,-4.08,-0.400000126));
#2625=LINE('',#2626,#2627);
#2626=CARTESIAN_POINT('',(0.36085,-4.08,-5.746271514E-15));
#2627=VECTOR('',#2628,1.0);
#2628=DIRECTION('',(5.997218054E-30,-1.265622609E-14,1.0));
#2629=ORIENTED_EDGE('',*,*,#2630,.T.);
#2630=EDGE_CURVE('NONE',#2623,#2631,#2633,.F.);
#2631=VERTEX_POINT('NONE',#2632);
#2632=CARTESIAN_POINT('',(0.72915,-4.08,-0.400000126));
#2633=LINE('',#2634,#2635);
#2634=CARTESIAN_POINT('',(4.9,-4.08,-0.400000126));
#2635=VECTOR('',#2636,1.0);
#2636=DIRECTION('',(-1.0,0.0,0.0));
#2637=ORIENTED_EDGE('',*,*,#2638,.T.);
#2638=EDGE_CURVE('NONE',#2631,#2435,#2639,.T.);
#2639=LINE('',#2640,#2641);
#2640=CARTESIAN_POINT('',(0.72915,-4.08,-5.746271514E-15));
#2641=VECTOR('',#2642,1.0);
#2642=DIRECTION('',(-2.085988888E-30,1.265622609E-14,-1.0));
#2643=ORIENTED_EDGE('',*,*,#2434,.F.);
#2644=PLANE('',#2645);
#2645=AXIS2_PLACEMENT_3D('',#2646,#2647,#2648);
#2646=CARTESIAN_POINT('',(4.9,-4.08,-0.41713323));
#2647=DIRECTION('',(0.0,1.0,1.265622609E-14));
#2648=DIRECTION('',(0.0,1.265622609E-14,-1.0));
#2649=ADVANCED_FACE('NONE',(#2650),#2668,.F.);
#2650=FACE_BOUND('NONE',#2651,.T.);
#2651=EDGE_LOOP('',(#2652,#2659,#2660,#2667));
#2652=ORIENTED_EDGE('',*,*,#2653,.T.);
#2653=EDGE_CURVE('NONE',#2623,#561,#2654,.T.);
#2654=CIRCLE('',#2655,0.2);
#2655=AXIS2_PLACEMENT_3D('',#2656,#2657,#2658);
#2656=CARTESIAN_POINT('',(0.36085,-3.88,-0.400000126));
#2657=DIRECTION('',(-1.0,-4.738551611E-16,0.0));
#2658=DIRECTION('',(-4.738551611E-16,1.0,0.0));
#2659=ORIENTED_EDGE('',*,*,#560,.F.);
#2660=ORIENTED_EDGE('',*,*,#2661,.T.);
#2661=EDGE_CURVE('NONE',#553,#2631,#2662,.T.);
#2662=CIRCLE('',#2663,0.2);
#2663=AXIS2_PLACEMENT_3D('',#2664,#2665,#2666);
#2664=CARTESIAN_POINT('',(0.72915,-3.88,-0.400000126));
#2665=DIRECTION('',(1.0,1.648191865E-16,0.0));
#2666=DIRECTION('',(1.648191865E-16,-1.0,0.0));
#2667=ORIENTED_EDGE('',*,*,#2630,.F.);
#2668=CYLINDRICAL_SURFACE('',#2669,0.2);
#2669=AXIS2_PLACEMENT_3D('',#2670,#2671,#2672);
#2670=CARTESIAN_POINT('',(4.9,-3.88,-0.400000126));
#2671=DIRECTION('',(-1.0,0.0,0.0));
#2672=DIRECTION('',(0.0,0.0,-1.0));
#2673=ADVANCED_FACE('NONE',(#2674),#2693,.F.);
#2674=FACE_BOUND('NONE',#2675,.T.);
#2675=EDGE_LOOP('',(#2676,#2677,#2684,#2685,#2686,#2687,#2688,#2689,#2690,#2691,#2692));
#2676=ORIENTED_EDGE('',*,*,#411,.F.);
#2677=ORIENTED_EDGE('',*,*,#2678,.T.);
#2678=EDGE_CURVE('NONE',#404,#2601,#2679,.F.);
#2679=CIRCLE('',#2680,0.4);
#2680=AXIS2_PLACEMENT_3D('',#2681,#2682,#2683);
#2681=CARTESIAN_POINT('',(0.72915,-3.88,-0.400000126));
#2682=DIRECTION('',(-1.0,-1.648191865E-16,0.0));
#2683=DIRECTION('',(1.648191865E-16,-1.0,0.0));
#2684=ORIENTED_EDGE('',*,*,#2600,.F.);
#2685=ORIENTED_EDGE('',*,*,#2568,.F.);
#2686=ORIENTED_EDGE('',*,*,#2536,.F.);
#2687=ORIENTED_EDGE('',*,*,#2505,.F.);
#2688=ORIENTED_EDGE('',*,*,#2474,.F.);
#2689=ORIENTED_EDGE('',*,*,#2442,.F.);
#2690=ORIENTED_EDGE('',*,*,#2638,.F.);
#2691=ORIENTED_EDGE('',*,*,#2661,.F.);
#2692=ORIENTED_EDGE('',*,*,#552,.F.);
#2693=PLANE('',#2694);
#2694=AXIS2_PLACEMENT_3D('',#2695,#2696,#2697);
#2695=CARTESIAN_POINT('',(0.72915,-3.634373833,-1.084202172E-16));
#2696=DIRECTION('',(-1.0,-1.648191865E-16,0.0));
#2697=DIRECTION('',(1.648191865E-16,-1.0,0.0));
#2698=ADVANCED_FACE('NONE',(#2699),#2718,.F.);
#2699=FACE_BOUND('NONE',#2700,.T.);
#2700=EDGE_LOOP('',(#2701,#2702,#2703,#2704,#2705,#2706,#2707,#2708,#2709,#2710,#2711));
#2701=ORIENTED_EDGE('',*,*,#395,.F.);
#2702=ORIENTED_EDGE('',*,*,#568,.F.);
#2703=ORIENTED_EDGE('',*,*,#2653,.F.);
#2704=ORIENTED_EDGE('',*,*,#2622,.F.);
#2705=ORIENTED_EDGE('',*,*,#2423,.F.);
#2706=ORIENTED_EDGE('',*,*,#2465,.F.);
#2707=ORIENTED_EDGE('',*,*,#2496,.F.);
#2708=ORIENTED_EDGE('',*,*,#2527,.F.);
#2709=ORIENTED_EDGE('',*,*,#2558,.F.);
#2710=ORIENTED_EDGE('',*,*,#2591,.F.);
#2711=ORIENTED_EDGE('',*,*,#2712,.T.);
#2712=EDGE_CURVE('NONE',#2592,#396,#2713,.F.);
#2713=CIRCLE('',#2714,0.4);
#2714=AXIS2_PLACEMENT_3D('',#2715,#2716,#2717);
#2715=CARTESIAN_POINT('',(0.36085,-3.88,-0.400000126));
#2716=DIRECTION('',(1.0,4.738551611E-16,0.0));
#2717=DIRECTION('',(-4.738551611E-16,1.0,0.0));
#2718=PLANE('',#2719);
#2719=AXIS2_PLACEMENT_3D('',#2720,#2721,#2722);
#2720=CARTESIAN_POINT('',(0.36085,-3.634373833,-1.084202172E-16));
#2721=DIRECTION('',(1.0,4.738551611E-16,0.0));
#2722=DIRECTION('',(-4.738551611E-16,1.0,0.0));
#2723=ADVANCED_FACE('NONE',(#2724),#2730,.T.);
#2724=FACE_BOUND('NONE',#2725,.T.);
#2725=EDGE_LOOP('',(#2726,#2727,#2728,#2729));
#2726=ORIENTED_EDGE('',*,*,#2678,.F.);
#2727=ORIENTED_EDGE('',*,*,#403,.F.);
#2728=ORIENTED_EDGE('',*,*,#2712,.F.);
#2729=ORIENTED_EDGE('',*,*,#2608,.F.);
#2730=CYLINDRICAL_SURFACE('',#2731,0.4);
#2731=AXIS2_PLACEMENT_3D('',#2732,#2733,#2734);
#2732=CARTESIAN_POINT('',(4.9,-3.88,-0.400000126));
#2733=DIRECTION('',(-1.0,0.0,0.0));
#2734=DIRECTION('',(0.0,0.0,-1.0));
#2735=ADVANCED_FACE('NONE',(#2736),#2814,.F.);
#2736=FACE_BOUND('NONE',#2737,.T.);
#2737=EDGE_LOOP('',(#2738,#2739,#2740,#2749,#2757,#2766,#2774,#2782,#2790,#2799,#2807));
#2738=ORIENTED_EDGE('',*,*,#331,.F.);
#2739=ORIENTED_EDGE('',*,*,#499,.F.);
#2740=ORIENTED_EDGE('',*,*,#2741,.T.);
#2741=EDGE_CURVE('NONE',#492,#2742,#2744,.F.);
#2742=VERTEX_POINT('NONE',#2743);
#2743=CARTESIAN_POINT('',(4.17085,-4.08,-0.400000126));
#2744=CIRCLE('',#2745,0.2);
#2745=AXIS2_PLACEMENT_3D('',#2746,#2747,#2748);
#2746=CARTESIAN_POINT('',(4.17085,-3.88,-0.400000126));
#2747=DIRECTION('',(-1.0,0.0,0.0));
#2748=DIRECTION('',(0.0,0.0,1.0));
#2749=ORIENTED_EDGE('',*,*,#2750,.T.);
#2750=EDGE_CURVE('NONE',#2742,#2751,#2753,.F.);
#2751=VERTEX_POINT('NONE',#2752);
#2752=CARTESIAN_POINT('',(4.17085,-4.08,-0.41713323));
#2753=LINE('',#2754,#2755);
#2754=CARTESIAN_POINT('',(4.17085,-4.08,-5.746271514E-15));
#2755=VECTOR('',#2756,1.0);
#2756=DIRECTION('',(0.0,-1.265622609E-14,1.0));
#2757=ORIENTED_EDGE('',*,*,#2758,.T.);
#2758=EDGE_CURVE('NONE',#2751,#2759,#2761,.F.);
#2759=VERTEX_POINT('NONE',#2760);
#2760=CARTESIAN_POINT('',(4.17085,-4.452097428,-0.816158851));
#2761=CIRCLE('',#2762,0.4);
#2762=AXIS2_PLACEMENT_3D('',#2763,#2764,#2765);
#2763=CARTESIAN_POINT('',(4.17085,-4.48,-0.41713323));
#2764=DIRECTION('',(1.0,0.0,0.0));
#2765=DIRECTION('',(0.0,0.0,1.0));
#2766=ORIENTED_EDGE('',*,*,#2767,.T.);
#2767=EDGE_CURVE('NONE',#2759,#2768,#2770,.F.);
#2768=VERTEX_POINT('NONE',#2769);
#2769=CARTESIAN_POINT('',(4.17085,-4.936048714,-0.85));
#2770=LINE('',#2771,#2772);
#2771=CARTESIAN_POINT('',(4.17085,-3.5815592,-0.755284926));
#2772=VECTOR('',#2773,1.0);
#2773=DIRECTION('',(0.0,0.997564053,0.06975643));
#2774=ORIENTED_EDGE('',*,*,#2775,.T.);
#2775=EDGE_CURVE('NONE',#2768,#2776,#2778,.F.);
#2776=VERTEX_POINT('NONE',#2777);
#2777=CARTESIAN_POINT('',(4.17085,-4.95,-0.650487189));
#2778=LINE('',#2779,#2780);
#2779=CARTESIAN_POINT('',(4.17085,-4.988863348,-0.094715074));
#2780=VECTOR('',#2781,1.0);
#2781=DIRECTION('',(0.0,0.06975643,-0.997564053));
#2782=ORIENTED_EDGE('',*,*,#2783,.T.);
#2783=EDGE_CURVE('NONE',#2776,#2784,#2786,.F.);
#2784=VERTEX_POINT('NONE',#2785);
#2785=CARTESIAN_POINT('',(4.17085,-4.466048714,-0.61664604));
#2786=LINE('',#2787,#2788);
#2787=CARTESIAN_POINT('',(4.17085,-3.595510486,-0.555772116));
#2788=VECTOR('',#2789,1.0);
#2789=DIRECTION('',(0.0,-0.997564053,-0.06975643));
#2790=ORIENTED_EDGE('',*,*,#2791,.T.);
#2791=EDGE_CURVE('NONE',#2784,#2792,#2794,.F.);
#2792=VERTEX_POINT('NONE',#2793);
#2793=CARTESIAN_POINT('',(4.17085,-4.28,-0.41713323));
#2794=CIRCLE('',#2795,0.2);
#2795=AXIS2_PLACEMENT_3D('',#2796,#2797,#2798);
#2796=CARTESIAN_POINT('',(4.17085,-4.48,-0.41713323));
#2797=DIRECTION('',(-1.0,0.0,0.0));
#2798=DIRECTION('',(0.0,0.0,1.0));
#2799=ORIENTED_EDGE('',*,*,#2800,.T.);
#2800=EDGE_CURVE('NONE',#2792,#2801,#2803,.F.);
#2801=VERTEX_POINT('NONE',#2802);
#2802=CARTESIAN_POINT('',(4.17085,-4.28,-0.400000126));
#2803=LINE('',#2804,#2805);
#2804=CARTESIAN_POINT('',(4.17085,-4.28,-1.084202172E-16));
#2805=VECTOR('',#2806,1.0);
#2806=DIRECTION('',(0.0,0.0,-1.0));
#2807=ORIENTED_EDGE('',*,*,#2808,.T.);
#2808=EDGE_CURVE('NONE',#2801,#332,#2809,.F.);
#2809=CIRCLE('',#2810,0.4);
#2810=AXIS2_PLACEMENT_3D('',#2811,#2812,#2813);
#2811=CARTESIAN_POINT('',(4.17085,-3.88,-0.400000126));
#2812=DIRECTION('',(1.0,0.0,0.0));
#2813=DIRECTION('',(0.0,0.0,1.0));
#2814=PLANE('',#2815);
#2815=AXIS2_PLACEMENT_3D('',#2816,#2817,#2818);
#2816=CARTESIAN_POINT('',(4.17085,-3.634373833,-1.084202172E-16));
#2817=DIRECTION('',(1.0,0.0,0.0));
#2818=DIRECTION('',(0.0,0.0,1.0));
#2819=ADVANCED_FACE('NONE',(#2820),#2898,.F.);
#2820=FACE_BOUND('NONE',#2821,.T.);
#2821=EDGE_LOOP('',(#2822,#2823,#2832,#2840,#2849,#2857,#2865,#2873,#2882,#2890,#2897));
#2822=ORIENTED_EDGE('',*,*,#347,.F.);
#2823=ORIENTED_EDGE('',*,*,#2824,.T.);
#2824=EDGE_CURVE('NONE',#340,#2825,#2827,.F.);
#2825=VERTEX_POINT('NONE',#2826);
#2826=CARTESIAN_POINT('',(4.53915,-4.28,-0.400000126));
#2827=CIRCLE('',#2828,0.4);
#2828=AXIS2_PLACEMENT_3D('',#2829,#2830,#2831);
#2829=CARTESIAN_POINT('',(4.53915,-3.88,-0.400000126));
#2830=DIRECTION('',(-1.0,0.0,0.0));
#2831=DIRECTION('',(0.0,0.0,-1.0));
#2832=ORIENTED_EDGE('',*,*,#2833,.T.);
#2833=EDGE_CURVE('NONE',#2825,#2834,#2836,.F.);
#2834=VERTEX_POINT('NONE',#2835);
#2835=CARTESIAN_POINT('',(4.53915,-4.28,-0.41713323));
#2836=LINE('',#2837,#2838);
#2837=CARTESIAN_POINT('',(4.53915,-4.28,-1.084202172E-16));
#2838=VECTOR('',#2839,1.0);
#2839=DIRECTION('',(0.0,0.0,1.0));
#2840=ORIENTED_EDGE('',*,*,#2841,.T.);
#2841=EDGE_CURVE('NONE',#2834,#2842,#2844,.F.);
#2842=VERTEX_POINT('NONE',#2843);
#2843=CARTESIAN_POINT('',(4.53915,-4.466048714,-0.61664604));
#2844=CIRCLE('',#2845,0.2);
#2845=AXIS2_PLACEMENT_3D('',#2846,#2847,#2848);
#2846=CARTESIAN_POINT('',(4.53915,-4.48,-0.41713323));
#2847=DIRECTION('',(1.0,0.0,0.0));
#2848=DIRECTION('',(0.0,0.0,-1.0));
#2849=ORIENTED_EDGE('',*,*,#2850,.T.);
#2850=EDGE_CURVE('NONE',#2842,#2851,#2853,.F.);
#2851=VERTEX_POINT('NONE',#2852);
#2852=CARTESIAN_POINT('',(4.53915,-4.95,-0.650487189));
#2853=LINE('',#2854,#2855);
#2854=CARTESIAN_POINT('',(4.53915,-3.595510486,-0.555772116));
#2855=VECTOR('',#2856,1.0);
#2856=DIRECTION('',(0.0,0.997564053,0.06975643));
#2857=ORIENTED_EDGE('',*,*,#2858,.T.);
#2858=EDGE_CURVE('NONE',#2851,#2859,#2861,.F.);
#2859=VERTEX_POINT('NONE',#2860);
#2860=CARTESIAN_POINT('',(4.53915,-4.936048714,-0.85));
#2861=LINE('',#2862,#2863);
#2862=CARTESIAN_POINT('',(4.53915,-4.988863348,-0.094715074));
#2863=VECTOR('',#2864,1.0);
#2864=DIRECTION('',(0.0,-0.06975643,0.997564053));
#2865=ORIENTED_EDGE('',*,*,#2866,.T.);
#2866=EDGE_CURVE('NONE',#2859,#2867,#2869,.F.);
#2867=VERTEX_POINT('NONE',#2868);
#2868=CARTESIAN_POINT('',(4.53915,-4.452097428,-0.816158851));
#2869=LINE('',#2870,#2871);
#2870=CARTESIAN_POINT('',(4.53915,-3.5815592,-0.755284926));
#2871=VECTOR('',#2872,1.0);
#2872=DIRECTION('',(0.0,-0.997564053,-0.06975643));
#2873=ORIENTED_EDGE('',*,*,#2874,.T.);
#2874=EDGE_CURVE('NONE',#2867,#2875,#2877,.F.);
#2875=VERTEX_POINT('NONE',#2876);
#2876=CARTESIAN_POINT('',(4.53915,-4.08,-0.41713323));
#2877=CIRCLE('',#2878,0.4);
#2878=AXIS2_PLACEMENT_3D('',#2879,#2880,#2881);
#2879=CARTESIAN_POINT('',(4.53915,-4.48,-0.41713323));
#2880=DIRECTION('',(-1.0,0.0,0.0));
#2881=DIRECTION('',(0.0,0.0,-1.0));
#2882=ORIENTED_EDGE('',*,*,#2883,.T.);
#2883=EDGE_CURVE('NONE',#2875,#2884,#2886,.F.);
#2884=VERTEX_POINT('NONE',#2885);
#2885=CARTESIAN_POINT('',(4.53915,-4.08,-0.400000126));
#2886=LINE('',#2887,#2888);
#2887=CARTESIAN_POINT('',(4.53915,-4.08,-5.746271514E-15));
#2888=VECTOR('',#2889,1.0);
#2889=DIRECTION('',(0.0,1.265622609E-14,-1.0));
#2890=ORIENTED_EDGE('',*,*,#2891,.T.);
#2891=EDGE_CURVE('NONE',#2884,#490,#2892,.F.);
#2892=CIRCLE('',#2893,0.2);
#2893=AXIS2_PLACEMENT_3D('',#2894,#2895,#2896);
#2894=CARTESIAN_POINT('',(4.53915,-3.88,-0.400000126));
#2895=DIRECTION('',(1.0,0.0,0.0));
#2896=DIRECTION('',(0.0,0.0,-1.0));
#2897=ORIENTED_EDGE('',*,*,#598,.F.);
#2898=PLANE('',#2899);
#2899=AXIS2_PLACEMENT_3D('',#2900,#2901,#2902);
#2900=CARTESIAN_POINT('',(4.53915,-3.634373833,-1.084202172E-16));
#2901=DIRECTION('',(-1.0,0.0,0.0));
#2902=DIRECTION('',(0.0,0.0,-1.0));
#2903=ADVANCED_FACE('NONE',(#2904),#2920,.T.);
#2904=FACE_BOUND('NONE',#2905,.T.);
#2905=EDGE_LOOP('',(#2906,#2907,#2913,#2914));
#2906=ORIENTED_EDGE('',*,*,#2767,.F.);
#2907=ORIENTED_EDGE('',*,*,#2908,.T.);
#2908=EDGE_CURVE('NONE',#2759,#2867,#2909,.F.);
#2909=LINE('',#2910,#2911);
#2910=CARTESIAN_POINT('',(4.9,-4.452097428,-0.816158851));
#2911=VECTOR('',#2912,1.0);
#2912=DIRECTION('',(-1.0,0.0,0.0));
#2913=ORIENTED_EDGE('',*,*,#2866,.F.);
#2914=ORIENTED_EDGE('',*,*,#2915,.T.);
#2915=EDGE_CURVE('NONE',#2859,#2768,#2916,.T.);
#2916=LINE('',#2917,#2918);
#2917=CARTESIAN_POINT('',(4.9,-4.936048714,-0.85));
#2918=VECTOR('',#2919,1.0);
#2919=DIRECTION('',(-1.0,0.0,0.0));
#2920=PLANE('',#2921);
#2921=AXIS2_PLACEMENT_3D('',#2922,#2923,#2924);
#2922=CARTESIAN_POINT('',(4.9,-4.936048714,-0.85));
#2923=DIRECTION('',(0.0,0.06975643,-0.997564053));
#2924=DIRECTION('',(0.0,-0.997564053,-0.06975643));
#2925=ADVANCED_FACE('NONE',(#2926),#2937,.T.);
#2926=FACE_BOUND('NONE',#2927,.T.);
#2927=EDGE_LOOP('',(#2928,#2929,#2935,#2936));
#2928=ORIENTED_EDGE('',*,*,#2758,.F.);
#2929=ORIENTED_EDGE('',*,*,#2930,.T.);
#2930=EDGE_CURVE('NONE',#2751,#2875,#2931,.F.);
#2931=LINE('',#2932,#2933);
#2932=CARTESIAN_POINT('',(4.9,-4.08,-0.41713323));
#2933=VECTOR('',#2934,1.0);
#2934=DIRECTION('',(-1.0,0.0,0.0));
#2935=ORIENTED_EDGE('',*,*,#2874,.F.);
#2936=ORIENTED_EDGE('',*,*,#2908,.F.);
#2937=CYLINDRICAL_SURFACE('',#2938,0.4);
#2938=AXIS2_PLACEMENT_3D('',#2939,#2940,#2941);
#2939=CARTESIAN_POINT('',(4.9,-4.48,-0.41713323));
#2940=DIRECTION('',(-1.0,0.0,0.0));
#2941=DIRECTION('',(0.0,0.0,-1.0));
#2942=ADVANCED_FACE('NONE',(#2943),#2954,.T.);
#2943=FACE_BOUND('NONE',#2944,.T.);
#2944=EDGE_LOOP('',(#2945,#2946,#2952,#2953));
#2945=ORIENTED_EDGE('',*,*,#2750,.F.);
#2946=ORIENTED_EDGE('',*,*,#2947,.T.);
#2947=EDGE_CURVE('NONE',#2742,#2884,#2948,.F.);
#2948=LINE('',#2949,#2950);
#2949=CARTESIAN_POINT('',(4.9,-4.08,-0.400000126));
#2950=VECTOR('',#2951,1.0);
#2951=DIRECTION('',(-1.0,0.0,0.0));
#2952=ORIENTED_EDGE('',*,*,#2883,.F.);
#2953=ORIENTED_EDGE('',*,*,#2930,.F.);
#2954=PLANE('',#2955);
#2955=AXIS2_PLACEMENT_3D('',#2956,#2957,#2958);
#2956=CARTESIAN_POINT('',(4.9,-4.08,-0.41713323));
#2957=DIRECTION('',(0.0,1.0,1.265622609E-14));
#2958=DIRECTION('',(0.0,1.265622609E-14,-1.0));
#2959=ADVANCED_FACE('NONE',(#2960),#2966,.F.);
#2960=FACE_BOUND('NONE',#2961,.T.);
#2961=EDGE_LOOP('',(#2962,#2963,#2964,#2965));
#2962=ORIENTED_EDGE('',*,*,#2741,.F.);
#2963=ORIENTED_EDGE('',*,*,#489,.F.);
#2964=ORIENTED_EDGE('',*,*,#2891,.F.);
#2965=ORIENTED_EDGE('',*,*,#2947,.F.);
#2966=CYLINDRICAL_SURFACE('',#2967,0.2);
#2967=AXIS2_PLACEMENT_3D('',#2968,#2969,#2970);
#2968=CARTESIAN_POINT('',(4.9,-3.88,-0.400000126));
#2969=DIRECTION('',(-1.0,0.0,0.0));
#2970=DIRECTION('',(0.0,0.0,-1.0));
#2971=ADVANCED_FACE('NONE',(#2972),#2983,.T.);
#2972=FACE_BOUND('NONE',#2973,.T.);
#2973=EDGE_LOOP('',(#2974,#2975,#2976,#2977));
#2974=ORIENTED_EDGE('',*,*,#2824,.F.);
#2975=ORIENTED_EDGE('',*,*,#339,.F.);
#2976=ORIENTED_EDGE('',*,*,#2808,.F.);
#2977=ORIENTED_EDGE('',*,*,#2978,.T.);
#2978=EDGE_CURVE('NONE',#2801,#2825,#2979,.F.);
#2979=LINE('',#2980,#2981);
#2980=CARTESIAN_POINT('',(4.9,-4.28,-0.400000126));
#2981=VECTOR('',#2982,1.0);
#2982=DIRECTION('',(-1.0,0.0,0.0));
#2983=CYLINDRICAL_SURFACE('',#2984,0.4);
#2984=AXIS2_PLACEMENT_3D('',#2985,#2986,#2987);
#2985=CARTESIAN_POINT('',(4.9,-3.88,-0.400000126));
#2986=DIRECTION('',(-1.0,0.0,0.0));
#2987=DIRECTION('',(0.0,0.0,-1.0));
#2988=ADVANCED_FACE('NONE',(#2989),#3000,.T.);
#2989=FACE_BOUND('NONE',#2990,.T.);
#2990=EDGE_LOOP('',(#2991,#2992,#2998,#2999));
#2991=ORIENTED_EDGE('',*,*,#2800,.F.);
#2992=ORIENTED_EDGE('',*,*,#2993,.T.);
#2993=EDGE_CURVE('NONE',#2792,#2834,#2994,.F.);
#2994=LINE('',#2995,#2996);
#2995=CARTESIAN_POINT('',(4.9,-4.28,-0.41713323));
#2996=VECTOR('',#2997,1.0);
#2997=DIRECTION('',(-1.0,0.0,0.0));
#2998=ORIENTED_EDGE('',*,*,#2833,.F.);
#2999=ORIENTED_EDGE('',*,*,#2978,.F.);
#3000=PLANE('',#3001);
#3001=AXIS2_PLACEMENT_3D('',#3002,#3003,#3004);
#3002=CARTESIAN_POINT('',(4.9,-4.28,-0.41713323));
#3003=DIRECTION('',(0.0,-1.0,0.0));
#3004=DIRECTION('',(0.0,0.0,1.0));
#3005=ADVANCED_FACE('NONE',(#3006),#3017,.F.);
#3006=FACE_BOUND('NONE',#3007,.T.);
#3007=EDGE_LOOP('',(#3008,#3009,#3015,#3016));
#3008=ORIENTED_EDGE('',*,*,#2791,.F.);
#3009=ORIENTED_EDGE('',*,*,#3010,.T.);
#3010=EDGE_CURVE('NONE',#2784,#2842,#3011,.F.);
#3011=LINE('',#3012,#3013);
#3012=CARTESIAN_POINT('',(4.9,-4.466048714,-0.61664604));
#3013=VECTOR('',#3014,1.0);
#3014=DIRECTION('',(-1.0,0.0,0.0));
#3015=ORIENTED_EDGE('',*,*,#2841,.F.);
#3016=ORIENTED_EDGE('',*,*,#2993,.F.);
#3017=CYLINDRICAL_SURFACE('',#3018,0.2);
#3018=AXIS2_PLACEMENT_3D('',#3019,#3020,#3021);
#3019=CARTESIAN_POINT('',(4.9,-4.48,-0.41713323));
#3020=DIRECTION('',(-1.0,0.0,0.0));
#3021=DIRECTION('',(0.0,0.0,-1.0));
#3022=ADVANCED_FACE('NONE',(#3023),#3034,.T.);
#3023=FACE_BOUND('NONE',#3024,.T.);
#3024=EDGE_LOOP('',(#3025,#3026,#3032,#3033));
#3025=ORIENTED_EDGE('',*,*,#2783,.F.);
#3026=ORIENTED_EDGE('',*,*,#3027,.T.);
#3027=EDGE_CURVE('NONE',#2776,#2851,#3028,.F.);
#3028=LINE('',#3029,#3030);
#3029=CARTESIAN_POINT('',(4.9,-4.95,-0.650487189));
#3030=VECTOR('',#3031,1.0);
#3031=DIRECTION('',(-1.0,0.0,0.0));
#3032=ORIENTED_EDGE('',*,*,#2850,.F.);
#3033=ORIENTED_EDGE('',*,*,#3010,.F.);
#3034=PLANE('',#3035);
#3035=AXIS2_PLACEMENT_3D('',#3036,#3037,#3038);
#3036=CARTESIAN_POINT('',(4.9,-4.95,-0.650487189));
#3037=DIRECTION('',(0.0,-0.06975643,0.997564053));
#3038=DIRECTION('',(0.0,0.997564053,0.06975643));
#3039=ADVANCED_FACE('NONE',(#3040),#3046,.T.);
#3040=FACE_BOUND('NONE',#3041,.T.);
#3041=EDGE_LOOP('',(#3042,#3043,#3044,#3045));
#3042=ORIENTED_EDGE('',*,*,#2775,.F.);
#3043=ORIENTED_EDGE('',*,*,#2915,.F.);
#3044=ORIENTED_EDGE('',*,*,#2858,.F.);
#3045=ORIENTED_EDGE('',*,*,#3027,.F.);
#3046=PLANE('',#3047);
#3047=AXIS2_PLACEMENT_3D('',#3048,#3049,#3050);
#3048=CARTESIAN_POINT('',(4.9,-4.936048714,-0.85));
#3049=DIRECTION('',(0.0,-0.997564053,-0.06975643));
#3050=DIRECTION('',(0.0,-0.06975643,0.997564053));
#3051=ADVANCED_FACE('NONE',(#3052),#3130,.F.);
#3052=FACE_BOUND('NONE',#3053,.T.);
#3053=EDGE_LOOP('',(#3054,#3055,#3056,#3065,#3073,#3082,#3090,#3098,#3106,#3115,#3123));
#3054=ORIENTED_EDGE('',*,*,#40,.F.);
#3055=ORIENTED_EDGE('',*,*,#208,.F.);
#3056=ORIENTED_EDGE('',*,*,#3057,.T.);
#3057=EDGE_CURVE('NONE',#201,#3058,#3060,.F.);
#3058=VERTEX_POINT('NONE',#3059);
#3059=CARTESIAN_POINT('',(0.72915,0.18,-0.400000126));
#3060=CIRCLE('',#3061,0.2);
#3061=AXIS2_PLACEMENT_3D('',#3062,#3063,#3064);
#3062=CARTESIAN_POINT('',(0.72915,-0.02,-0.400000126));
#3063=DIRECTION('',(1.0,-1.648349939E-16,0.0));
#3064=DIRECTION('',(-1.648349939E-16,-1.0,0.0));
#3065=ORIENTED_EDGE('',*,*,#3066,.T.);
#3066=EDGE_CURVE('NONE',#3058,#3067,#3069,.F.);
#3067=VERTEX_POINT('NONE',#3068);
#3068=CARTESIAN_POINT('',(0.72915,0.18,-0.41713323));
#3069=LINE('',#3070,#3071);
#3070=CARTESIAN_POINT('',(0.72915,0.18,-1.084202172E-16));
#3071=VECTOR('',#3072,1.0);
#3072=DIRECTION('',(0.0,0.0,1.0));
#3073=ORIENTED_EDGE('',*,*,#3074,.T.);
#3074=EDGE_CURVE('NONE',#3067,#3075,#3077,.F.);
#3075=VERTEX_POINT('NONE',#3076);
#3076=CARTESIAN_POINT('',(0.72915,0.552097428,-0.816158851));
#3077=CIRCLE('',#3078,0.4);
#3078=AXIS2_PLACEMENT_3D('',#3079,#3080,#3081);
#3079=CARTESIAN_POINT('',(0.72915,0.58,-0.41713323));
#3080=DIRECTION('',(-1.0,1.648349939E-16,0.0));
#3081=DIRECTION('',(-1.648349939E-16,-1.0,0.0));
#3082=ORIENTED_EDGE('',*,*,#3083,.T.);
#3083=EDGE_CURVE('NONE',#3075,#3084,#3086,.F.);
#3084=VERTEX_POINT('NONE',#3085);
#3085=CARTESIAN_POINT('',(0.72915,1.036048714,-0.85));
#3086=LINE('',#3087,#3088);
#3087=CARTESIAN_POINT('',(0.72915,-0.318315247,-0.755293706));
#3088=VECTOR('',#3089,1.0);
#3089=DIRECTION('',(-1.644334647E-16,-0.997564053,0.06975643));
#3090=ORIENTED_EDGE('',*,*,#3091,.T.);
#3091=EDGE_CURVE('NONE',#3084,#3092,#3094,.F.);
#3092=VERTEX_POINT('NONE',#3093);
#3093=CARTESIAN_POINT('',(0.72915,1.05,-0.650487189));
#3094=LINE('',#3095,#3096);
#3095=CARTESIAN_POINT('',(0.72915,1.088863962,-0.094706294));
#3096=VECTOR('',#3097,1.0);
#3097=DIRECTION('',(-1.149830067E-17,-0.06975643,-0.997564053));
#3098=ORIENTED_EDGE('',*,*,#3099,.T.);
#3099=EDGE_CURVE('NONE',#3092,#3100,#3102,.F.);
#3100=VERTEX_POINT('NONE',#3101);
#3101=CARTESIAN_POINT('',(0.72915,0.566048714,-0.61664604));
#3102=LINE('',#3103,#3104);
#3103=CARTESIAN_POINT('',(0.72915,-0.304363962,-0.555780895));
#3104=VECTOR('',#3105,1.0);
#3105=DIRECTION('',(1.644334647E-16,0.997564053,-0.06975643));
#3106=ORIENTED_EDGE('',*,*,#3107,.T.);
#3107=EDGE_CURVE('NONE',#3100,#3108,#3110,.F.);
#3108=VERTEX_POINT('NONE',#3109);
#3109=CARTESIAN_POINT('',(0.72915,0.38,-0.41713323));
#3110=CIRCLE('',#3111,0.2);
#3111=AXIS2_PLACEMENT_3D('',#3112,#3113,#3114);
#3112=CARTESIAN_POINT('',(0.72915,0.58,-0.41713323));
#3113=DIRECTION('',(1.0,-1.648349939E-16,0.0));
#3114=DIRECTION('',(-1.648349939E-16,-1.0,0.0));
#3115=ORIENTED_EDGE('',*,*,#3116,.T.);
#3116=EDGE_CURVE('NONE',#3108,#3117,#3119,.F.);
#3117=VERTEX_POINT('NONE',#3118);
#3118=CARTESIAN_POINT('',(0.72915,0.38,-0.400000126));
#3119=LINE('',#3120,#3121);
#3120=CARTESIAN_POINT('',(0.72915,0.38,-1.084202172E-16));
#3121=VECTOR('',#3122,1.0);
#3122=DIRECTION('',(0.0,0.0,-1.0));
#3123=ORIENTED_EDGE('',*,*,#3124,.T.);
#3124=EDGE_CURVE('NONE',#3117,#41,#3125,.F.);
#3125=CIRCLE('',#3126,0.4);
#3126=AXIS2_PLACEMENT_3D('',#3127,#3128,#3129);
#3127=CARTESIAN_POINT('',(0.72915,-0.02,-0.400000126));
#3128=DIRECTION('',(-1.0,1.648349939E-16,0.0));
#3129=DIRECTION('',(-1.648349939E-16,-1.0,0.0));
#3130=PLANE('',#3131);
#3131=AXIS2_PLACEMENT_3D('',#3132,#3133,#3134);
#3132=CARTESIAN_POINT('',(0.72915,-0.2655,-1.084202172E-16));
#3133=DIRECTION('',(-1.0,1.648349939E-16,0.0));
#3134=DIRECTION('',(-1.648349939E-16,-1.0,0.0));
#3135=ADVANCED_FACE('NONE',(#3136),#3214,.F.);
#3136=FACE_BOUND('NONE',#3137,.T.);
#3137=EDGE_LOOP('',(#3138,#3139,#3148,#3156,#3165,#3173,#3181,#3189,#3198,#3206,#3213));
#3138=ORIENTED_EDGE('',*,*,#56,.F.);
#3139=ORIENTED_EDGE('',*,*,#3140,.T.);
#3140=EDGE_CURVE('NONE',#49,#3141,#3143,.F.);
#3141=VERTEX_POINT('NONE',#3142);
#3142=CARTESIAN_POINT('',(0.36085,0.38,-0.400000126));
#3143=CIRCLE('',#3144,0.4);
#3144=AXIS2_PLACEMENT_3D('',#3145,#3146,#3147);
#3145=CARTESIAN_POINT('',(0.36085,-0.02,-0.400000126));
#3146=DIRECTION('',(1.0,-4.739006075E-16,0.0));
#3147=DIRECTION('',(4.739006075E-16,1.0,0.0));
#3148=ORIENTED_EDGE('',*,*,#3149,.T.);
#3149=EDGE_CURVE('NONE',#3141,#3150,#3152,.F.);
#3150=VERTEX_POINT('NONE',#3151);
#3151=CARTESIAN_POINT('',(0.36085,0.38,-0.41713323));
#3152=LINE('',#3153,#3154);
#3153=CARTESIAN_POINT('',(0.36085,0.38,-1.084202172E-16));
#3154=VECTOR('',#3155,1.0);
#3155=DIRECTION('',(0.0,0.0,1.0));
#3156=ORIENTED_EDGE('',*,*,#3157,.T.);
#3157=EDGE_CURVE('NONE',#3150,#3158,#3160,.F.);
#3158=VERTEX_POINT('NONE',#3159);
#3159=CARTESIAN_POINT('',(0.36085,0.566048714,-0.61664604));
#3160=CIRCLE('',#3161,0.2);
#3161=AXIS2_PLACEMENT_3D('',#3162,#3163,#3164);
#3162=CARTESIAN_POINT('',(0.36085,0.58,-0.41713323));
#3163=DIRECTION('',(-1.0,4.739006075E-16,0.0));
#3164=DIRECTION('',(4.739006075E-16,1.0,0.0));
#3165=ORIENTED_EDGE('',*,*,#3166,.T.);
#3166=EDGE_CURVE('NONE',#3158,#3167,#3169,.F.);
#3167=VERTEX_POINT('NONE',#3168);
#3168=CARTESIAN_POINT('',(0.36085,1.05,-0.650487189));
#3169=LINE('',#3170,#3171);
#3170=CARTESIAN_POINT('',(0.36085,-0.304363962,-0.555780895));
#3171=VECTOR('',#3172,1.0);
#3172=DIRECTION('',(-4.727462109E-16,-0.997564053,0.06975643));
#3173=ORIENTED_EDGE('',*,*,#3174,.T.);
#3174=EDGE_CURVE('NONE',#3167,#3175,#3177,.F.);
#3175=VERTEX_POINT('NONE',#3176);
#3176=CARTESIAN_POINT('',(0.36085,1.036048714,-0.85));
#3177=LINE('',#3178,#3179);
#3178=CARTESIAN_POINT('',(0.36085,1.088863962,-0.094706294));
#3179=VECTOR('',#3180,1.0);
#3180=DIRECTION('',(3.305761444E-17,0.06975643,0.997564053));
#3181=ORIENTED_EDGE('',*,*,#3182,.T.);
#3182=EDGE_CURVE('NONE',#3175,#3183,#3185,.F.);
#3183=VERTEX_POINT('NONE',#3184);
#3184=CARTESIAN_POINT('',(0.36085,0.552097428,-0.816158851));
#3185=LINE('',#3186,#3187);
#3186=CARTESIAN_POINT('',(0.36085,-0.318315247,-0.755293706));
#3187=VECTOR('',#3188,1.0);
#3188=DIRECTION('',(4.727462109E-16,0.997564053,-0.06975643));
#3189=ORIENTED_EDGE('',*,*,#3190,.T.);
#3190=EDGE_CURVE('NONE',#3183,#3191,#3193,.F.);
#3191=VERTEX_POINT('NONE',#3192);
#3192=CARTESIAN_POINT('',(0.36085,0.18,-0.41713323));
#3193=CIRCLE('',#3194,0.4);
#3194=AXIS2_PLACEMENT_3D('',#3195,#3196,#3197);
#3195=CARTESIAN_POINT('',(0.36085,0.58,-0.41713323));
#3196=DIRECTION('',(1.0,-4.739006075E-16,0.0));
#3197=DIRECTION('',(4.739006075E-16,1.0,0.0));
#3198=ORIENTED_EDGE('',*,*,#3199,.T.);
#3199=EDGE_CURVE('NONE',#3191,#3200,#3202,.F.);
#3200=VERTEX_POINT('NONE',#3201);
#3201=CARTESIAN_POINT('',(0.36085,0.18,-0.400000126));
#3202=LINE('',#3203,#3204);
#3203=CARTESIAN_POINT('',(0.36085,0.18,-1.084202172E-16));
#3204=VECTOR('',#3205,1.0);
#3205=DIRECTION('',(0.0,0.0,-1.0));
#3206=ORIENTED_EDGE('',*,*,#3207,.T.);
#3207=EDGE_CURVE('NONE',#3200,#199,#3208,.F.);
#3208=CIRCLE('',#3209,0.2);
#3209=AXIS2_PLACEMENT_3D('',#3210,#3211,#3212);
#3210=CARTESIAN_POINT('',(0.36085,-0.02,-0.400000126));
#3211=DIRECTION('',(-1.0,4.739006075E-16,0.0));
#3212=DIRECTION('',(4.739006075E-16,1.0,8.131516294E-16));
#3213=ORIENTED_EDGE('',*,*,#307,.F.);
#3214=PLANE('',#3215);
#3215=AXIS2_PLACEMENT_3D('',#3216,#3217,#3218);
#3216=CARTESIAN_POINT('',(0.36085,-0.2655,-1.084202172E-16));
#3217=DIRECTION('',(1.0,-4.739006075E-16,0.0));
#3218=DIRECTION('',(4.739006075E-16,1.0,0.0));
#3219=ADVANCED_FACE('NONE',(#3220),#3231,.F.);
#3220=FACE_BOUND('NONE',#3221,.T.);
#3221=EDGE_LOOP('',(#3222,#3223,#3224,#3225));
#3222=ORIENTED_EDGE('',*,*,#3057,.F.);
#3223=ORIENTED_EDGE('',*,*,#198,.F.);
#3224=ORIENTED_EDGE('',*,*,#3207,.F.);
#3225=ORIENTED_EDGE('',*,*,#3226,.T.);
#3226=EDGE_CURVE('NONE',#3200,#3058,#3227,.F.);
#3227=LINE('',#3228,#3229);
#3228=CARTESIAN_POINT('',(4.9,0.18,-0.400000126));
#3229=VECTOR('',#3230,1.0);
#3230=DIRECTION('',(-1.0,0.0,0.0));
#3231=CYLINDRICAL_SURFACE('',#3232,0.2);
#3232=AXIS2_PLACEMENT_3D('',#3233,#3234,#3235);
#3233=CARTESIAN_POINT('',(4.9,-0.02,-0.400000126));
#3234=DIRECTION('',(-1.0,0.0,0.0));
#3235=DIRECTION('',(0.0,0.0,-1.0));
#3236=ADVANCED_FACE('NONE',(#3237),#3248,.T.);
#3237=FACE_BOUND('NONE',#3238,.T.);
#3238=EDGE_LOOP('',(#3239,#3240,#3241,#3242));
#3239=ORIENTED_EDGE('',*,*,#3066,.F.);
#3240=ORIENTED_EDGE('',*,*,#3226,.F.);
#3241=ORIENTED_EDGE('',*,*,#3199,.F.);
#3242=ORIENTED_EDGE('',*,*,#3243,.T.);
#3243=EDGE_CURVE('NONE',#3191,#3067,#3244,.F.);
#3244=LINE('',#3245,#3246);
#3245=CARTESIAN_POINT('',(4.9,0.18,-0.41713323));
#3246=VECTOR('',#3247,1.0);
#3247=DIRECTION('',(-1.0,0.0,0.0));
#3248=PLANE('',#3249);
#3249=AXIS2_PLACEMENT_3D('',#3250,#3251,#3252);
#3250=CARTESIAN_POINT('',(4.9,0.18,-0.400000126));
#3251=DIRECTION('',(0.0,-1.0,0.0));
#3252=DIRECTION('',(0.0,0.0,1.0));
#3253=ADVANCED_FACE('NONE',(#3254),#3265,.T.);
#3254=FACE_BOUND('NONE',#3255,.T.);
#3255=EDGE_LOOP('',(#3256,#3257,#3258,#3259));
#3256=ORIENTED_EDGE('',*,*,#3074,.F.);
#3257=ORIENTED_EDGE('',*,*,#3243,.F.);
#3258=ORIENTED_EDGE('',*,*,#3190,.F.);
#3259=ORIENTED_EDGE('',*,*,#3260,.T.);
#3260=EDGE_CURVE('NONE',#3183,#3075,#3261,.F.);
#3261=LINE('',#3262,#3263);
#3262=CARTESIAN_POINT('',(4.9,0.552097428,-0.816158851));
#3263=VECTOR('',#3264,1.0);
#3264=DIRECTION('',(-1.0,0.0,0.0));
#3265=CYLINDRICAL_SURFACE('',#3266,0.4);
#3266=AXIS2_PLACEMENT_3D('',#3267,#3268,#3269);
#3267=CARTESIAN_POINT('',(4.9,0.58,-0.41713323));
#3268=DIRECTION('',(-1.0,0.0,0.0));
#3269=DIRECTION('',(0.0,0.0,-1.0));
#3270=ADVANCED_FACE('NONE',(#3271),#3282,.T.);
#3271=FACE_BOUND('NONE',#3272,.T.);
#3272=EDGE_LOOP('',(#3273,#3274,#3275,#3276));
#3273=ORIENTED_EDGE('',*,*,#3083,.F.);
#3274=ORIENTED_EDGE('',*,*,#3260,.F.);
#3275=ORIENTED_EDGE('',*,*,#3182,.F.);
#3276=ORIENTED_EDGE('',*,*,#3277,.T.);
#3277=EDGE_CURVE('NONE',#3175,#3084,#3278,.F.);
#3278=LINE('',#3279,#3280);
#3279=CARTESIAN_POINT('',(4.9,1.036048714,-0.85));
#3280=VECTOR('',#3281,1.0);
#3281=DIRECTION('',(-1.0,0.0,0.0));
#3282=PLANE('',#3283);
#3283=AXIS2_PLACEMENT_3D('',#3284,#3285,#3286);
#3284=CARTESIAN_POINT('',(4.9,1.036048714,-0.85));
#3285=DIRECTION('',(0.0,-0.06975643,-0.997564053));
#3286=DIRECTION('',(0.0,-0.997564053,0.06975643));
#3287=ADVANCED_FACE('NONE',(#3288),#3299,.T.);
#3288=FACE_BOUND('NONE',#3289,.T.);
#3289=EDGE_LOOP('',(#3290,#3291,#3292,#3293));
#3290=ORIENTED_EDGE('',*,*,#3091,.F.);
#3291=ORIENTED_EDGE('',*,*,#3277,.F.);
#3292=ORIENTED_EDGE('',*,*,#3174,.F.);
#3293=ORIENTED_EDGE('',*,*,#3294,.T.);
#3294=EDGE_CURVE('NONE',#3167,#3092,#3295,.F.);
#3295=LINE('',#3296,#3297);
#3296=CARTESIAN_POINT('',(4.9,1.05,-0.650487189));
#3297=VECTOR('',#3298,1.0);
#3298=DIRECTION('',(-1.0,0.0,0.0));
#3299=PLANE('',#3300);
#3300=AXIS2_PLACEMENT_3D('',#3301,#3302,#3303);
#3301=CARTESIAN_POINT('',(4.9,1.036048714,-0.85));
#3302=DIRECTION('',(0.0,0.997564053,-0.06975643));
#3303=DIRECTION('',(0.0,-0.06975643,-0.997564053));
#3304=ADVANCED_FACE('NONE',(#3305),#3316,.T.);
#3305=FACE_BOUND('NONE',#3306,.T.);
#3306=EDGE_LOOP('',(#3307,#3308,#3309,#3310));
#3307=ORIENTED_EDGE('',*,*,#3099,.F.);
#3308=ORIENTED_EDGE('',*,*,#3294,.F.);
#3309=ORIENTED_EDGE('',*,*,#3166,.F.);
#3310=ORIENTED_EDGE('',*,*,#3311,.T.);
#3311=EDGE_CURVE('NONE',#3158,#3100,#3312,.F.);
#3312=LINE('',#3313,#3314);
#3313=CARTESIAN_POINT('',(4.9,0.566048714,-0.61664604));
#3314=VECTOR('',#3315,1.0);
#3315=DIRECTION('',(-1.0,0.0,0.0));
#3316=PLANE('',#3317);
#3317=AXIS2_PLACEMENT_3D('',#3318,#3319,#3320);
#3318=CARTESIAN_POINT('',(4.9,1.05,-0.650487189));
#3319=DIRECTION('',(0.0,0.06975643,0.997564053));
#3320=DIRECTION('',(0.0,0.997564053,-0.06975643));
#3321=ADVANCED_FACE('NONE',(#3322),#3333,.F.);
#3322=FACE_BOUND('NONE',#3323,.T.);
#3323=EDGE_LOOP('',(#3324,#3325,#3326,#3327));
#3324=ORIENTED_EDGE('',*,*,#3107,.F.);
#3325=ORIENTED_EDGE('',*,*,#3311,.F.);
#3326=ORIENTED_EDGE('',*,*,#3157,.F.);
#3327=ORIENTED_EDGE('',*,*,#3328,.T.);
#3328=EDGE_CURVE('NONE',#3150,#3108,#3329,.F.);
#3329=LINE('',#3330,#3331);
#3330=CARTESIAN_POINT('',(4.9,0.38,-0.41713323));
#3331=VECTOR('',#3332,1.0);
#3332=DIRECTION('',(-1.0,0.0,0.0));
#3333=CYLINDRICAL_SURFACE('',#3334,0.2);
#3334=AXIS2_PLACEMENT_3D('',#3335,#3336,#3337);
#3335=CARTESIAN_POINT('',(4.9,0.58,-0.41713323));
#3336=DIRECTION('',(-1.0,0.0,0.0));
#3337=DIRECTION('',(0.0,0.0,-1.0));
#3338=ADVANCED_FACE('NONE',(#3339),#3350,.T.);
#3339=FACE_BOUND('NONE',#3340,.T.);
#3340=EDGE_LOOP('',(#3341,#3342,#3343,#3344));
#3341=ORIENTED_EDGE('',*,*,#3116,.F.);
#3342=ORIENTED_EDGE('',*,*,#3328,.F.);
#3343=ORIENTED_EDGE('',*,*,#3149,.F.);
#3344=ORIENTED_EDGE('',*,*,#3345,.T.);
#3345=EDGE_CURVE('NONE',#3141,#3117,#3346,.F.);
#3346=LINE('',#3347,#3348);
#3347=CARTESIAN_POINT('',(4.9,0.38,-0.400000126));
#3348=VECTOR('',#3349,1.0);
#3349=DIRECTION('',(-1.0,0.0,0.0));
#3350=PLANE('',#3351);
#3351=AXIS2_PLACEMENT_3D('',#3352,#3353,#3354);
#3352=CARTESIAN_POINT('',(4.9,0.38,-0.41713323));
#3353=DIRECTION('',(0.0,1.0,0.0));
#3354=DIRECTION('',(0.0,0.0,-1.0));
#3355=ADVANCED_FACE('NONE',(#3356),#3362,.T.);
#3356=FACE_BOUND('NONE',#3357,.T.);
#3357=EDGE_LOOP('',(#3358,#3359,#3360,#3361));
#3358=ORIENTED_EDGE('',*,*,#3140,.F.);
#3359=ORIENTED_EDGE('',*,*,#48,.F.);
#3360=ORIENTED_EDGE('',*,*,#3124,.F.);
#3361=ORIENTED_EDGE('',*,*,#3345,.F.);
#3362=CYLINDRICAL_SURFACE('',#3363,0.4);
#3363=AXIS2_PLACEMENT_3D('',#3364,#3365,#3366);
#3364=CARTESIAN_POINT('',(4.9,-0.02,-0.400000126));
#3365=DIRECTION('',(-1.0,0.0,0.0));
#3366=DIRECTION('',(0.0,0.0,-1.0));
#3367=(GEOMETRIC_REPRESENTATION_CONTEXT(3)GLOBAL_UNCERTAINTY_ASSIGNED_CONTEXT((#3368))GLOBAL_UNIT_ASSIGNED_CONTEXT((#18,#19,#20))REPRESENTATION_CONTEXT('',''));
#3368=UNCERTAINTY_MEASURE_WITH_UNIT(LENGTH_MEASURE(1.0E-07),#18,'','maximum tolerance');
#3369=ADVANCED_BREP_SHAPE_REPRESENTATION('',(#24,#9),#3367);
#3370=(REPRESENTATION_RELATIONSHIP('',$,#3369,#21)REPRESENTATION_RELATIONSHIP_WITH_TRANSFORMATION(#3371)SHAPE_REPRESENTATION_RELATIONSHIP());
#3371=ITEM_DEFINED_TRANSFORMATION('',$,#9,#13);
#3372=PRODUCT('LC mold','LC mold',$,(#3));
#3373=PRODUCT_DEFINITION_FORMATION('',$,#3372);
#3374=PRODUCT_DEFINITION('design',$,#3373,#6);
#3375=NEXT_ASSEMBLY_USAGE_OCCURRENCE('instance_1','','',#7,#3374,$);
#3376=PRODUCT_DEFINITION_SHAPE('',$,#3375);
#3377=CONTEXT_DEPENDENT_SHAPE_REPRESENTATION(#3370,#3376);
#3378=PRODUCT_DEFINITION_SHAPE('',$,#3374);
#3379=SHAPE_DEFINITION_REPRESENTATION(#3378,#3369);
#3380=PRODUCT_RELATED_PRODUCT_CATEGORY('part',$,(#3372));
#3381=STYLED_ITEM('',(#3382),#24);
#3382=PRESENTATION_STYLE_ASSIGNMENT((#3383));
#3383=SURFACE_STYLE_USAGE(.BOTH.,#3384);
#3384=SURFACE_SIDE_STYLE('',(#3385));
#3385=SURFACE_STYLE_FILL_AREA(#3386);
#3386=FILL_AREA_STYLE('',(#3388));
#3387=COLOUR_RGB('',0.501960814,0.501960814,0.501960814);
#3388=FILL_AREA_STYLE_COLOUR('',#3387);
#3389=MECHANICAL_DESIGN_GEOMETRIC_PRESENTATION_REPRESENTATION('',(#3381),#3367);
ENDSEC;
END-ISO-10303-21;
