ISO-10303-21;
HEADER;
FILE_DESCRIPTION(('CAx-IF Rec.Pracs.---Model Styling and Organization---1.5---2016-08-15','CAx-IF Rec.Pracs.---Geometric and Assembly Validation Properties---4.4---2016-08-17','CAx-IF Rec.Pracs.---User Defined Attributes---1.5---2016-08-15','CAx-IF Rec.Pracs.---External References---2.1---2005-01-19'),'2;1');
FILE_NAME('17858992.step','2026-08-07T14:25:07',('Unspecified'),('Unspecified'),'CAD Exchanger 3.10.2 (cadexchanger.com)','Unspecified','');
FILE_SCHEMA(('AUTOMOTIVE_DESIGN { 1 0 10303 214 1 1 1 1 }'));
ENDSEC;
DATA;
#1=APPLICATION_CONTEXT('core data for automotive mechanical design processes');
#2=APPLICATION_PROTOCOL_DEFINITION('international standard','automotive_design',2000,#1);
#3=PRODUCT_CONTEXT('',#1,'mechanical');
#4=PRODUCT('BCX5616TA','BCX5616TA',$,(#3));
#5=PRODUCT_DEFINITION_FORMATION('',$,#4);
#6=PRODUCT_DEFINITION_CONTEXT('part definition',#1,'design');
#7=PRODUCT_DEFINITION('design',$,#5,#6);
#8=PRODUCT_DEFINITION_SHAPE('',$,#7);
#9=AXIS2_PLACEMENT_3D('',#10,#11,#12);
#10=CARTESIAN_POINT('',(0.0,0.0,0.0));
#11=DIRECTION('',(0.0,0.0,1.0));
#12=DIRECTION('',(1.0,0.0,0.0));
#13=AXIS2_PLACEMENT_3D('',#14,#15,#16);
#14=CARTESIAN_POINT('',(-12.065919523,7.948758553,1.6));
#15=DIRECTION('',(0.0,0.0,1.0));
#16=DIRECTION('',(1.0,0.0,0.0));
#17=(GEOMETRIC_REPRESENTATION_CONTEXT(3)GLOBAL_UNIT_ASSIGNED_CONTEXT((#18,#19,#20))REPRESENTATION_CONTEXT('',''));
#18=(LENGTH_UNIT()NAMED_UNIT(*)SI_UNIT(.MILLI.,.METRE.));
#19=(NAMED_UNIT(*)PLANE_ANGLE_UNIT()SI_UNIT($,.RADIAN.));
#20=(NAMED_UNIT(*)SI_UNIT($,.STERADIAN.)SOLID_ANGLE_UNIT());
#21=SHAPE_REPRESENTATION('',(#9,#13),#17);
#22=SHAPE_DEFINITION_REPRESENTATION(#8,#21);
#23=PRODUCT_RELATED_PRODUCT_CATEGORY('assembly',$,(#4));
#24=MANIFOLD_SOLID_BREP('Boss-Extrude2',#25);
#25=CLOSED_SHELL('NONE',(#26,#68,#92,#102));
#26=ADVANCED_FACE('NONE',(#27),#63,.T.);
#27=FACE_BOUND('NONE',#28,.T.);
#28=EDGE_LOOP('',(#29,#40,#48,#57));
#29=ORIENTED_EDGE('',*,*,#30,.T.);
#30=EDGE_CURVE('NONE',#31,#33,#35,.F.);
#31=VERTEX_POINT('NONE',#32);
#32=CARTESIAN_POINT('',(-1.919750658,-0.744750658,1.6));
#33=VERTEX_POINT('NONE',#34);
#34=CARTESIAN_POINT('',(-1.569750658,-0.744750658,1.6));
#35=CIRCLE('',#36,0.175);
#36=AXIS2_PLACEMENT_3D('',#37,#38,#39);
#37=CARTESIAN_POINT('',(-1.744750658,-0.744750658,1.6));
#38=DIRECTION('',(0.0,0.0,1.0));
#39=DIRECTION('',(1.0,0.0,0.0));
#40=ORIENTED_EDGE('',*,*,#41,.T.);
#41=EDGE_CURVE('NONE',#33,#42,#44,.T.);
#42=VERTEX_POINT('NONE',#43);
#43=CARTESIAN_POINT('',(-1.569750658,-0.744750658,1.59));
#44=LINE('',#45,#46);
#45=CARTESIAN_POINT('',(-1.569750658,-0.744750658,1.6));
#46=VECTOR('',#47,1.0);
#47=DIRECTION('',(0.0,0.0,-1.0));
#48=ORIENTED_EDGE('',*,*,#49,.T.);
#49=EDGE_CURVE('NONE',#42,#50,#52,.T.);
#50=VERTEX_POINT('NONE',#51);
#51=CARTESIAN_POINT('',(-1.919750658,-0.744750658,1.59));
#52=CIRCLE('',#53,0.175);
#53=AXIS2_PLACEMENT_3D('',#54,#55,#56);
#54=CARTESIAN_POINT('',(-1.744750658,-0.744750658,1.59));
#55=DIRECTION('',(0.0,0.0,1.0));
#56=DIRECTION('',(1.0,0.0,0.0));
#57=ORIENTED_EDGE('',*,*,#58,.T.);
#58=EDGE_CURVE('NONE',#50,#31,#59,.F.);
#59=LINE('',#60,#61);
#60=CARTESIAN_POINT('',(-1.919750658,-0.744750658,1.6));
#61=VECTOR('',#62,1.0);
#62=DIRECTION('',(0.0,0.0,-1.0));
#63=CYLINDRICAL_SURFACE('',#64,0.175);
#64=AXIS2_PLACEMENT_3D('',#65,#66,#67);
#65=CARTESIAN_POINT('',(-1.744750658,-0.744750658,1.6));
#66=DIRECTION('',(0.0,0.0,-1.0));
#67=DIRECTION('',(-1.0,0.0,0.0));
#68=ADVANCED_FACE('NONE',(#69),#87,.T.);
#69=FACE_BOUND('NONE',#70,.T.);
#70=EDGE_LOOP('',(#71,#72,#79,#80));
#71=ORIENTED_EDGE('',*,*,#41,.F.);
#72=ORIENTED_EDGE('',*,*,#73,.T.);
#73=EDGE_CURVE('NONE',#33,#31,#74,.F.);
#74=CIRCLE('',#75,0.175);
#75=AXIS2_PLACEMENT_3D('',#76,#77,#78);
#76=CARTESIAN_POINT('',(-1.744750658,-0.744750658,1.6));
#77=DIRECTION('',(0.0,0.0,1.0));
#78=DIRECTION('',(1.0,0.0,0.0));
#79=ORIENTED_EDGE('',*,*,#58,.F.);
#80=ORIENTED_EDGE('',*,*,#81,.T.);
#81=EDGE_CURVE('NONE',#50,#42,#82,.T.);
#82=CIRCLE('',#83,0.175);
#83=AXIS2_PLACEMENT_3D('',#84,#85,#86);
#84=CARTESIAN_POINT('',(-1.744750658,-0.744750658,1.59));
#85=DIRECTION('',(0.0,0.0,1.0));
#86=DIRECTION('',(1.0,0.0,0.0));
#87=CYLINDRICAL_SURFACE('',#88,0.175);
#88=AXIS2_PLACEMENT_3D('',#89,#90,#91);
#89=CARTESIAN_POINT('',(-1.744750658,-0.744750658,1.6));
#90=DIRECTION('',(0.0,0.0,-1.0));
#91=DIRECTION('',(-1.0,0.0,0.0));
#92=ADVANCED_FACE('NONE',(#93),#97,.T.);
#93=FACE_BOUND('NONE',#94,.T.);
#94=EDGE_LOOP('',(#95,#96));
#95=ORIENTED_EDGE('',*,*,#73,.F.);
#96=ORIENTED_EDGE('',*,*,#30,.F.);
#97=PLANE('',#98);
#98=AXIS2_PLACEMENT_3D('',#99,#100,#101);
#99=CARTESIAN_POINT('',(-1.744750658,-0.744750658,1.6));
#100=DIRECTION('',(0.0,0.0,1.0));
#101=DIRECTION('',(1.0,0.0,0.0));
#102=ADVANCED_FACE('NONE',(#103),#107,.F.);
#103=FACE_BOUND('NONE',#104,.T.);
#104=EDGE_LOOP('',(#105,#106));
#105=ORIENTED_EDGE('',*,*,#81,.F.);
#106=ORIENTED_EDGE('',*,*,#49,.F.);
#107=PLANE('',#108);
#108=AXIS2_PLACEMENT_3D('',#109,#110,#111);
#109=CARTESIAN_POINT('',(-1.744750658,-0.744750658,1.59));
#110=DIRECTION('',(0.0,0.0,1.0));
#111=DIRECTION('',(1.0,0.0,0.0));
#112=MANIFOLD_SOLID_BREP('Cut-Extrude2',#113);
#113=CLOSED_SHELL('NONE',(#114,#156,#196,#236,#276,#316,#422,#510,#541,#572,#603,#634,#684,#738,#785,#832,#900,#920,#940,#958,#982,#1000,#1020,#1037,#1054,#1074,#1092,#1110,#1128,#1146,#1163,#1180,#1192,#1210,#1220,#1244,#1268,#1292,#1317,#1334,#1358,#1383,#1400,#1418,#1442,#1466,#1483,#1495,#1519,#1543,#1560));
#114=ADVANCED_FACE('NONE',(#115),#151,.F.);
#115=FACE_BOUND('NONE',#116,.T.);
#116=EDGE_LOOP('',(#117,#128,#136,#145));
#117=ORIENTED_EDGE('',*,*,#118,.T.);
#118=EDGE_CURVE('NONE',#119,#121,#123,.F.);
#119=VERTEX_POINT('NONE',#120);
#120=CARTESIAN_POINT('',(-1.569750658,-0.744750658,1.59));
#121=VERTEX_POINT('NONE',#122);
#122=CARTESIAN_POINT('',(-1.919750658,-0.744750658,1.59));
#123=CIRCLE('',#124,0.175);
#124=AXIS2_PLACEMENT_3D('',#125,#126,#127);
#125=CARTESIAN_POINT('',(-1.744750658,-0.744750658,1.59));
#126=DIRECTION('',(0.0,0.0,1.0));
#127=DIRECTION('',(1.0,0.0,0.0));
#128=ORIENTED_EDGE('',*,*,#129,.T.);
#129=EDGE_CURVE('NONE',#121,#130,#132,.T.);
#130=VERTEX_POINT('NONE',#131);
#131=CARTESIAN_POINT('',(-1.919750658,-0.744750658,1.6));
#132=LINE('',#133,#134);
#133=CARTESIAN_POINT('',(-1.919750658,-0.744750658,1.59));
#134=VECTOR('',#135,1.0);
#135=DIRECTION('',(0.0,0.0,1.0));
#136=ORIENTED_EDGE('',*,*,#137,.T.);
#137=EDGE_CURVE('NONE',#130,#138,#140,.T.);
#138=VERTEX_POINT('NONE',#139);
#139=CARTESIAN_POINT('',(-1.569750658,-0.744750658,1.6));
#140=CIRCLE('',#141,0.175);
#141=AXIS2_PLACEMENT_3D('',#142,#143,#144);
#142=CARTESIAN_POINT('',(-1.744750658,-0.744750658,1.6));
#143=DIRECTION('',(0.0,0.0,1.0));
#144=DIRECTION('',(1.0,0.0,0.0));
#145=ORIENTED_EDGE('',*,*,#146,.T.);
#146=EDGE_CURVE('NONE',#138,#119,#147,.F.);
#147=LINE('',#148,#149);
#148=CARTESIAN_POINT('',(-1.569750658,-0.744750658,1.59));
#149=VECTOR('',#150,1.0);
#150=DIRECTION('',(0.0,0.0,1.0));
#151=CYLINDRICAL_SURFACE('',#152,0.175);
#152=AXIS2_PLACEMENT_3D('',#153,#154,#155);
#153=CARTESIAN_POINT('',(-1.744750658,-0.744750658,1.59));
#154=DIRECTION('',(0.0,0.0,1.0));
#155=DIRECTION('',(1.0,0.0,0.0));
#156=ADVANCED_FACE('NONE',(#157),#191,.F.);
#157=FACE_BOUND('NONE',#158,.T.);
#158=EDGE_LOOP('',(#159,#169,#177,#185));
#159=ORIENTED_EDGE('',*,*,#160,.T.);
#160=EDGE_CURVE('NONE',#161,#163,#165,.T.);
#161=VERTEX_POINT('NONE',#162);
#162=CARTESIAN_POINT('',(-0.855,1.25,0.38));
#163=VERTEX_POINT('NONE',#164);
#164=CARTESIAN_POINT('',(-0.855,1.25,0.0));
#165=LINE('',#166,#167);
#166=CARTESIAN_POINT('',(-0.855,1.25,0.38));
#167=VECTOR('',#168,1.0);
#168=DIRECTION('',(0.0,0.0,-1.0));
#169=ORIENTED_EDGE('',*,*,#170,.T.);
#170=EDGE_CURVE('NONE',#163,#171,#173,.T.);
#171=VERTEX_POINT('NONE',#172);
#172=CARTESIAN_POINT('',(-2.175,1.25,0.0));
#173=LINE('',#174,#175);
#174=CARTESIAN_POINT('',(-2.25,1.25,0.0));
#175=VECTOR('',#176,1.0);
#176=DIRECTION('',(-1.0,0.0,0.0));
#177=ORIENTED_EDGE('',*,*,#178,.T.);
#178=EDGE_CURVE('NONE',#171,#179,#181,.T.);
#179=VERTEX_POINT('NONE',#180);
#180=CARTESIAN_POINT('',(-2.175,1.25,0.38));
#181=LINE('',#182,#183);
#182=CARTESIAN_POINT('',(-2.175,1.25,1.6));
#183=VECTOR('',#184,1.0);
#184=DIRECTION('',(0.0,0.0,1.0));
#185=ORIENTED_EDGE('',*,*,#186,.T.);
#186=EDGE_CURVE('NONE',#179,#161,#187,.T.);
#187=LINE('',#188,#189);
#188=CARTESIAN_POINT('',(2.25,1.25,0.38));
#189=VECTOR('',#190,1.0);
#190=DIRECTION('',(1.0,0.0,0.0));
#191=PLANE('',#192);
#192=AXIS2_PLACEMENT_3D('',#193,#194,#195);
#193=CARTESIAN_POINT('',(-2.25,1.25,1.6));
#194=DIRECTION('',(0.0,-1.0,0.0));
#195=DIRECTION('',(0.0,0.0,-1.0));
#196=ADVANCED_FACE('NONE',(#197),#231,.F.);
#197=FACE_BOUND('NONE',#198,.T.);
#198=EDGE_LOOP('',(#199,#209,#217,#225));
#199=ORIENTED_EDGE('',*,*,#200,.T.);
#200=EDGE_CURVE('NONE',#201,#203,#205,.F.);
#201=VERTEX_POINT('NONE',#202);
#202=CARTESIAN_POINT('',(1.26,-1.25,0.0));
#203=VERTEX_POINT('NONE',#204);
#204=CARTESIAN_POINT('',(1.26,-1.25,0.38));
#205=LINE('',#206,#207);
#206=CARTESIAN_POINT('',(1.26,-1.25,1.6));
#207=VECTOR('',#208,1.0);
#208=DIRECTION('',(0.0,0.0,-1.0));
#209=ORIENTED_EDGE('',*,*,#210,.T.);
#210=EDGE_CURVE('NONE',#203,#211,#213,.T.);
#211=VERTEX_POINT('NONE',#212);
#212=CARTESIAN_POINT('',(0.28,-1.25,0.38));
#213=LINE('',#214,#215);
#214=CARTESIAN_POINT('',(-2.25,-1.25,0.38));
#215=VECTOR('',#216,1.0);
#216=DIRECTION('',(-1.0,0.0,0.0));
#217=ORIENTED_EDGE('',*,*,#218,.T.);
#218=EDGE_CURVE('NONE',#211,#219,#221,.T.);
#219=VERTEX_POINT('NONE',#220);
#220=CARTESIAN_POINT('',(0.28,-1.25,0.0));
#221=LINE('',#222,#223);
#222=CARTESIAN_POINT('',(0.28,-1.25,1.6));
#223=VECTOR('',#224,1.0);
#224=DIRECTION('',(0.0,0.0,-1.0));
#225=ORIENTED_EDGE('',*,*,#226,.T.);
#226=EDGE_CURVE('NONE',#219,#201,#227,.T.);
#227=LINE('',#228,#229);
#228=CARTESIAN_POINT('',(-2.25,-1.25,0.0));
#229=VECTOR('',#230,1.0);
#230=DIRECTION('',(1.0,0.0,0.0));
#231=PLANE('',#232);
#232=AXIS2_PLACEMENT_3D('',#233,#234,#235);
#233=CARTESIAN_POINT('',(-2.25,-1.25,1.6));
#234=DIRECTION('',(0.0,1.0,0.0));
#235=DIRECTION('',(0.0,0.0,1.0));
#236=ADVANCED_FACE('NONE',(#237),#271,.F.);
#237=FACE_BOUND('NONE',#238,.T.);
#238=EDGE_LOOP('',(#239,#249,#257,#265));
#239=ORIENTED_EDGE('',*,*,#240,.T.);
#240=EDGE_CURVE('NONE',#241,#243,#245,.F.);
#241=VERTEX_POINT('NONE',#242);
#242=CARTESIAN_POINT('',(-1.74,-1.25,0.0));
#243=VERTEX_POINT('NONE',#244);
#244=CARTESIAN_POINT('',(-1.74,-1.25,0.38));
#245=LINE('',#246,#247);
#246=CARTESIAN_POINT('',(-1.74,-1.25,1.6));
#247=VECTOR('',#248,1.0);
#248=DIRECTION('',(0.0,0.0,-1.0));
#249=ORIENTED_EDGE('',*,*,#250,.T.);
#250=EDGE_CURVE('NONE',#243,#251,#253,.T.);
#251=VERTEX_POINT('NONE',#252);
#252=CARTESIAN_POINT('',(-2.175,-1.25,0.38));
#253=LINE('',#254,#255);
#254=CARTESIAN_POINT('',(-2.25,-1.25,0.38));
#255=VECTOR('',#256,1.0);
#256=DIRECTION('',(-1.0,0.0,0.0));
#257=ORIENTED_EDGE('',*,*,#258,.T.);
#258=EDGE_CURVE('NONE',#251,#259,#261,.T.);
#259=VERTEX_POINT('NONE',#260);
#260=CARTESIAN_POINT('',(-2.175,-1.25,0.0));
#261=LINE('',#262,#263);
#262=CARTESIAN_POINT('',(-2.175,-1.25,1.6));
#263=VECTOR('',#264,1.0);
#264=DIRECTION('',(0.0,0.0,-1.0));
#265=ORIENTED_EDGE('',*,*,#266,.T.);
#266=EDGE_CURVE('NONE',#259,#241,#267,.T.);
#267=LINE('',#268,#269);
#268=CARTESIAN_POINT('',(-2.25,-1.25,0.0));
#269=VECTOR('',#270,1.0);
#270=DIRECTION('',(1.0,0.0,0.0));
#271=PLANE('',#272);
#272=AXIS2_PLACEMENT_3D('',#273,#274,#275);
#273=CARTESIAN_POINT('',(-2.25,-1.25,1.6));
#274=DIRECTION('',(0.0,1.0,0.0));
#275=DIRECTION('',(0.0,0.0,1.0));
#276=ADVANCED_FACE('NONE',(#277),#311,.F.);
#277=FACE_BOUND('NONE',#278,.T.);
#278=EDGE_LOOP('',(#279,#289,#297,#305));
#279=ORIENTED_EDGE('',*,*,#280,.T.);
#280=EDGE_CURVE('NONE',#281,#283,#285,.T.);
#281=VERTEX_POINT('NONE',#282);
#282=CARTESIAN_POINT('',(-0.28,-1.25,0.38));
#283=VERTEX_POINT('NONE',#284);
#284=CARTESIAN_POINT('',(-1.26,-1.25,0.38));
#285=LINE('',#286,#287);
#286=CARTESIAN_POINT('',(-2.25,-1.25,0.38));
#287=VECTOR('',#288,1.0);
#288=DIRECTION('',(-1.0,0.0,0.0));
#289=ORIENTED_EDGE('',*,*,#290,.T.);
#290=EDGE_CURVE('NONE',#283,#291,#293,.T.);
#291=VERTEX_POINT('NONE',#292);
#292=CARTESIAN_POINT('',(-1.26,-1.25,0.0));
#293=LINE('',#294,#295);
#294=CARTESIAN_POINT('',(-1.26,-1.25,1.6));
#295=VECTOR('',#296,1.0);
#296=DIRECTION('',(0.0,0.0,-1.0));
#297=ORIENTED_EDGE('',*,*,#298,.T.);
#298=EDGE_CURVE('NONE',#291,#299,#301,.T.);
#299=VERTEX_POINT('NONE',#300);
#300=CARTESIAN_POINT('',(-0.28,-1.25,0.0));
#301=LINE('',#302,#303);
#302=CARTESIAN_POINT('',(-2.25,-1.25,0.0));
#303=VECTOR('',#304,1.0);
#304=DIRECTION('',(1.0,0.0,0.0));
#305=ORIENTED_EDGE('',*,*,#306,.T.);
#306=EDGE_CURVE('NONE',#299,#281,#307,.F.);
#307=LINE('',#308,#309);
#308=CARTESIAN_POINT('',(-0.28,-1.25,1.6));
#309=VECTOR('',#310,1.0);
#310=DIRECTION('',(0.0,0.0,-1.0));
#311=PLANE('',#312);
#312=AXIS2_PLACEMENT_3D('',#313,#314,#315);
#313=CARTESIAN_POINT('',(-2.25,-1.25,1.6));
#314=DIRECTION('',(0.0,1.0,0.0));
#315=DIRECTION('',(0.0,0.0,1.0));
#316=ADVANCED_FACE('NONE',(#317),#417,.F.);
#317=FACE_BOUND('NONE',#318,.T.);
#318=EDGE_LOOP('',(#319,#327,#328,#336,#344,#353,#361,#369,#378,#386,#395,#403,#411));
#319=ORIENTED_EDGE('',*,*,#320,.T.);
#320=EDGE_CURVE('NONE',#321,#201,#323,.T.);
#321=VERTEX_POINT('NONE',#322);
#322=CARTESIAN_POINT('',(1.26,-0.823,0.0));
#323=LINE('',#324,#325);
#324=CARTESIAN_POINT('',(1.26,-1.849823612E-16,0.0));
#325=VECTOR('',#326,1.0);
#326=DIRECTION('',(-1.468113978E-16,-1.0,0.0));
#327=ORIENTED_EDGE('',*,*,#226,.F.);
#328=ORIENTED_EDGE('',*,*,#329,.T.);
#329=EDGE_CURVE('NONE',#219,#330,#332,.F.);
#330=VERTEX_POINT('NONE',#331);
#331=CARTESIAN_POINT('',(0.28,-0.825257985,0.0));
#332=LINE('',#333,#334);
#333=CARTESIAN_POINT('',(0.28,-3.076789949E-17,0.0));
#334=VECTOR('',#335,1.0);
#335=DIRECTION('',(-1.098853553E-16,-1.0,0.0));
#336=ORIENTED_EDGE('',*,*,#337,.T.);
#337=EDGE_CURVE('NONE',#330,#338,#340,.F.);
#338=VERTEX_POINT('NONE',#339);
#339=CARTESIAN_POINT('',(0.755,-0.825257985,0.0));
#340=LINE('',#341,#342);
#341=CARTESIAN_POINT('',(0.0,-0.825257985,0.0));
#342=VECTOR('',#343,1.0);
#343=DIRECTION('',(-1.0,0.0,0.0));
#344=ORIENTED_EDGE('',*,*,#345,.T.);
#345=EDGE_CURVE('NONE',#338,#346,#348,.F.);
#346=VERTEX_POINT('NONE',#347);
#347=CARTESIAN_POINT('',(0.855,-0.725257985,0.0));
#348=CIRCLE('',#349,0.1);
#349=AXIS2_PLACEMENT_3D('',#350,#351,#352);
#350=CARTESIAN_POINT('',(0.755,-0.725257985,0.0));
#351=DIRECTION('',(0.0,0.0,-1.0));
#352=DIRECTION('',(-1.0,0.0,0.0));
#353=ORIENTED_EDGE('',*,*,#354,.T.);
#354=EDGE_CURVE('NONE',#346,#355,#357,.F.);
#355=VERTEX_POINT('NONE',#356);
#356=CARTESIAN_POINT('',(0.855,1.25,0.0));
#357=LINE('',#358,#359);
#358=CARTESIAN_POINT('',(0.855,2.037115931E-16,0.0));
#359=VECTOR('',#360,1.0);
#360=DIRECTION('',(2.382591732E-16,-1.0,0.0));
#361=ORIENTED_EDGE('',*,*,#362,.T.);
#362=EDGE_CURVE('NONE',#355,#363,#365,.F.);
#363=VERTEX_POINT('NONE',#364);
#364=CARTESIAN_POINT('',(2.175,1.25,0.0));
#365=LINE('',#366,#367);
#366=CARTESIAN_POINT('',(-2.25,1.25,0.0));
#367=VECTOR('',#368,1.0);
#368=DIRECTION('',(-1.0,0.0,0.0));
#369=ORIENTED_EDGE('',*,*,#370,.T.);
#370=EDGE_CURVE('NONE',#363,#371,#373,.T.);
#371=VERTEX_POINT('NONE',#372);
#372=CARTESIAN_POINT('',(2.25,1.175,0.0));
#373=CIRCLE('',#374,0.075);
#374=AXIS2_PLACEMENT_3D('',#375,#376,#377);
#375=CARTESIAN_POINT('',(2.175,1.175,0.0));
#376=DIRECTION('',(0.0,0.0,-1.0));
#377=DIRECTION('',(1.0,0.0,0.0));
#378=ORIENTED_EDGE('',*,*,#379,.T.);
#379=EDGE_CURVE('NONE',#371,#380,#382,.F.);
#380=VERTEX_POINT('NONE',#381);
#381=CARTESIAN_POINT('',(2.25,-1.175,0.0));
#382=LINE('',#383,#384);
#383=CARTESIAN_POINT('',(2.25,1.25,0.0));
#384=VECTOR('',#385,1.0);
#385=DIRECTION('',(-1.734723476E-16,1.0,0.0));
#386=ORIENTED_EDGE('',*,*,#387,.T.);
#387=EDGE_CURVE('NONE',#380,#388,#390,.T.);
#388=VERTEX_POINT('NONE',#389);
#389=CARTESIAN_POINT('',(2.175,-1.25,0.0));
#390=CIRCLE('',#391,0.075);
#391=AXIS2_PLACEMENT_3D('',#392,#393,#394);
#392=CARTESIAN_POINT('',(2.175,-1.175,0.0));
#393=DIRECTION('',(0.0,0.0,-1.0));
#394=DIRECTION('',(1.0,0.0,0.0));
#395=ORIENTED_EDGE('',*,*,#396,.T.);
#396=EDGE_CURVE('NONE',#388,#397,#399,.F.);
#397=VERTEX_POINT('NONE',#398);
#398=CARTESIAN_POINT('',(1.74,-1.25,0.0));
#399=LINE('',#400,#401);
#400=CARTESIAN_POINT('',(-2.25,-1.25,0.0));
#401=VECTOR('',#402,1.0);
#402=DIRECTION('',(1.0,0.0,0.0));
#403=ORIENTED_EDGE('',*,*,#404,.T.);
#404=EDGE_CURVE('NONE',#397,#405,#407,.F.);
#405=VERTEX_POINT('NONE',#406);
#406=CARTESIAN_POINT('',(1.74,-0.823,0.0));
#407=LINE('',#408,#409);
#408=CARTESIAN_POINT('',(1.74,-2.554518321E-16,0.0));
#409=VECTOR('',#410,1.0);
#410=DIRECTION('',(-1.468113978E-16,-1.0,0.0));
#411=ORIENTED_EDGE('',*,*,#412,.T.);
#412=EDGE_CURVE('NONE',#405,#321,#413,.T.);
#413=LINE('',#414,#415);
#414=CARTESIAN_POINT('',(-1.858954975E-16,-0.823,0.0));
#415=VECTOR('',#416,1.0);
#416=DIRECTION('',(-1.0,2.258754526E-16,0.0));
#417=PLANE('',#418);
#418=AXIS2_PLACEMENT_3D('',#419,#420,#421);
#419=CARTESIAN_POINT('',(0.0,0.0,0.0));
#420=DIRECTION('',(0.0,0.0,1.0));
#421=DIRECTION('',(1.0,0.0,0.0));
#422=ADVANCED_FACE('NONE',(#423),#505,.F.);
#423=FACE_BOUND('NONE',#424,.T.);
#424=EDGE_LOOP('',(#425,#433,#434,#443,#451,#458,#459,#467,#476,#484,#490,#491,#499));
#425=ORIENTED_EDGE('',*,*,#426,.T.);
#426=EDGE_CURVE('NONE',#427,#241,#429,.T.);
#427=VERTEX_POINT('NONE',#428);
#428=CARTESIAN_POINT('',(-1.74,-0.823,0.0));
#429=LINE('',#430,#431);
#430=CARTESIAN_POINT('',(-1.74,2.554518321E-16,0.0));
#431=VECTOR('',#432,1.0);
#432=DIRECTION('',(-1.468113978E-16,-1.0,0.0));
#433=ORIENTED_EDGE('',*,*,#266,.F.);
#434=ORIENTED_EDGE('',*,*,#435,.T.);
#435=EDGE_CURVE('NONE',#259,#436,#438,.T.);
#436=VERTEX_POINT('NONE',#437);
#437=CARTESIAN_POINT('',(-2.25,-1.175,0.0));
#438=CIRCLE('',#439,0.075);
#439=AXIS2_PLACEMENT_3D('',#440,#441,#442);
#440=CARTESIAN_POINT('',(-2.175,-1.175,0.0));
#441=DIRECTION('',(0.0,0.0,-1.0));
#442=DIRECTION('',(1.0,0.0,0.0));
#443=ORIENTED_EDGE('',*,*,#444,.T.);
#444=EDGE_CURVE('NONE',#436,#445,#447,.F.);
#445=VERTEX_POINT('NONE',#446);
#446=CARTESIAN_POINT('',(-2.25,1.175,0.0));
#447=LINE('',#448,#449);
#448=CARTESIAN_POINT('',(-2.25,1.25,0.0));
#449=VECTOR('',#450,1.0);
#450=DIRECTION('',(0.0,-1.0,0.0));
#451=ORIENTED_EDGE('',*,*,#452,.T.);
#452=EDGE_CURVE('NONE',#445,#171,#453,.T.);
#453=CIRCLE('',#454,0.075);
#454=AXIS2_PLACEMENT_3D('',#455,#456,#457);
#455=CARTESIAN_POINT('',(-2.175,1.175,0.0));
#456=DIRECTION('',(0.0,0.0,-1.0));
#457=DIRECTION('',(1.0,0.0,0.0));
#458=ORIENTED_EDGE('',*,*,#170,.F.);
#459=ORIENTED_EDGE('',*,*,#460,.T.);
#460=EDGE_CURVE('NONE',#163,#461,#463,.T.);
#461=VERTEX_POINT('NONE',#462);
#462=CARTESIAN_POINT('',(-0.855,-0.725257985,0.0));
#463=LINE('',#464,#465);
#464=CARTESIAN_POINT('',(-0.855,4.074231862E-17,0.0));
#465=VECTOR('',#466,1.0);
#466=DIRECTION('',(-4.765183464E-17,-1.0,0.0));
#467=ORIENTED_EDGE('',*,*,#468,.T.);
#468=EDGE_CURVE('NONE',#461,#469,#471,.F.);
#469=VERTEX_POINT('NONE',#470);
#470=CARTESIAN_POINT('',(-0.755,-0.825257985,0.0));
#471=CIRCLE('',#472,0.1);
#472=AXIS2_PLACEMENT_3D('',#473,#474,#475);
#473=CARTESIAN_POINT('',(-0.755,-0.725257985,0.0));
#474=DIRECTION('',(0.0,0.0,-1.0));
#475=DIRECTION('',(-1.0,0.0,0.0));
#476=ORIENTED_EDGE('',*,*,#477,.T.);
#477=EDGE_CURVE('NONE',#469,#478,#480,.F.);
#478=VERTEX_POINT('NONE',#479);
#479=CARTESIAN_POINT('',(-0.28,-0.825257985,0.0));
#480=LINE('',#481,#482);
#481=CARTESIAN_POINT('',(0.0,-0.825257985,0.0));
#482=VECTOR('',#483,1.0);
#483=DIRECTION('',(-1.0,0.0,0.0));
#484=ORIENTED_EDGE('',*,*,#485,.T.);
#485=EDGE_CURVE('NONE',#478,#299,#486,.T.);
#486=LINE('',#487,#488);
#487=CARTESIAN_POINT('',(-0.28,3.076789949E-17,0.0));
#488=VECTOR('',#489,1.0);
#489=DIRECTION('',(-1.098853553E-16,-1.0,0.0));
#490=ORIENTED_EDGE('',*,*,#298,.F.);
#491=ORIENTED_EDGE('',*,*,#492,.T.);
#492=EDGE_CURVE('NONE',#291,#493,#495,.F.);
#493=VERTEX_POINT('NONE',#494);
#494=CARTESIAN_POINT('',(-1.26,-0.823,0.0));
#495=LINE('',#496,#497);
#496=CARTESIAN_POINT('',(-1.26,1.849823612E-16,0.0));
#497=VECTOR('',#498,1.0);
#498=DIRECTION('',(-1.468113978E-16,-1.0,0.0));
#499=ORIENTED_EDGE('',*,*,#500,.T.);
#500=EDGE_CURVE('NONE',#493,#427,#501,.F.);
#501=LINE('',#502,#503);
#502=CARTESIAN_POINT('',(1.858954975E-16,-0.823,0.0));
#503=VECTOR('',#504,1.0);
#504=DIRECTION('',(1.0,2.258754526E-16,0.0));
#505=PLANE('',#506);
#506=AXIS2_PLACEMENT_3D('',#507,#508,#509);
#507=CARTESIAN_POINT('',(0.0,0.0,0.0));
#508=DIRECTION('',(0.0,0.0,1.0));
#509=DIRECTION('',(1.0,0.0,0.0));
#510=ADVANCED_FACE('NONE',(#511),#536,.F.);
#511=FACE_BOUND('NONE',#512,.T.);
#512=EDGE_LOOP('',(#513,#514,#522,#530));
#513=ORIENTED_EDGE('',*,*,#379,.F.);
#514=ORIENTED_EDGE('',*,*,#515,.T.);
#515=EDGE_CURVE('NONE',#371,#516,#518,.T.);
#516=VERTEX_POINT('NONE',#517);
#517=CARTESIAN_POINT('',(2.25,1.175,0.38));
#518=LINE('',#519,#520);
#519=CARTESIAN_POINT('',(2.25,1.175,1.6));
#520=VECTOR('',#521,1.0);
#521=DIRECTION('',(0.0,0.0,1.0));
#522=ORIENTED_EDGE('',*,*,#523,.T.);
#523=EDGE_CURVE('NONE',#516,#524,#526,.T.);
#524=VERTEX_POINT('NONE',#525);
#525=CARTESIAN_POINT('',(2.25,-1.175,0.38));
#526=LINE('',#527,#528);
#527=CARTESIAN_POINT('',(2.25,-1.25,0.38));
#528=VECTOR('',#529,1.0);
#529=DIRECTION('',(1.734723476E-16,-1.0,0.0));
#530=ORIENTED_EDGE('',*,*,#531,.T.);
#531=EDGE_CURVE('NONE',#524,#380,#532,.T.);
#532=LINE('',#533,#534);
#533=CARTESIAN_POINT('',(2.25,-1.175,1.6));
#534=VECTOR('',#535,1.0);
#535=DIRECTION('',(0.0,0.0,-1.0));
#536=PLANE('',#537);
#537=AXIS2_PLACEMENT_3D('',#538,#539,#540);
#538=CARTESIAN_POINT('',(2.25,1.25,1.6));
#539=DIRECTION('',(-1.0,-1.734723476E-16,0.0));
#540=DIRECTION('',(1.734723476E-16,-1.0,0.0));
#541=ADVANCED_FACE('NONE',(#542),#567,.F.);
#542=FACE_BOUND('NONE',#543,.T.);
#543=EDGE_LOOP('',(#544,#545,#553,#561));
#544=ORIENTED_EDGE('',*,*,#362,.F.);
#545=ORIENTED_EDGE('',*,*,#546,.T.);
#546=EDGE_CURVE('NONE',#355,#547,#549,.F.);
#547=VERTEX_POINT('NONE',#548);
#548=CARTESIAN_POINT('',(0.855,1.25,0.38));
#549=LINE('',#550,#551);
#550=CARTESIAN_POINT('',(0.855,1.25,0.38));
#551=VECTOR('',#552,1.0);
#552=DIRECTION('',(0.0,0.0,-1.0));
#553=ORIENTED_EDGE('',*,*,#554,.T.);
#554=EDGE_CURVE('NONE',#547,#555,#557,.T.);
#555=VERTEX_POINT('NONE',#556);
#556=CARTESIAN_POINT('',(2.175,1.25,0.38));
#557=LINE('',#558,#559);
#558=CARTESIAN_POINT('',(2.25,1.25,0.38));
#559=VECTOR('',#560,1.0);
#560=DIRECTION('',(1.0,0.0,0.0));
#561=ORIENTED_EDGE('',*,*,#562,.T.);
#562=EDGE_CURVE('NONE',#555,#363,#563,.T.);
#563=LINE('',#564,#565);
#564=CARTESIAN_POINT('',(2.175,1.25,1.6));
#565=VECTOR('',#566,1.0);
#566=DIRECTION('',(0.0,0.0,-1.0));
#567=PLANE('',#568);
#568=AXIS2_PLACEMENT_3D('',#569,#570,#571);
#569=CARTESIAN_POINT('',(-2.25,1.25,1.6));
#570=DIRECTION('',(0.0,-1.0,0.0));
#571=DIRECTION('',(0.0,0.0,-1.0));
#572=ADVANCED_FACE('NONE',(#573),#598,.F.);
#573=FACE_BOUND('NONE',#574,.T.);
#574=EDGE_LOOP('',(#575,#585,#591,#592));
#575=ORIENTED_EDGE('',*,*,#576,.T.);
#576=EDGE_CURVE('NONE',#577,#579,#581,.T.);
#577=VERTEX_POINT('NONE',#578);
#578=CARTESIAN_POINT('',(-2.25,-1.175,0.38));
#579=VERTEX_POINT('NONE',#580);
#580=CARTESIAN_POINT('',(-2.25,1.175,0.38));
#581=LINE('',#582,#583);
#582=CARTESIAN_POINT('',(-2.25,1.25,0.38));
#583=VECTOR('',#584,1.0);
#584=DIRECTION('',(0.0,1.0,0.0));
#585=ORIENTED_EDGE('',*,*,#586,.T.);
#586=EDGE_CURVE('NONE',#579,#445,#587,.T.);
#587=LINE('',#588,#589);
#588=CARTESIAN_POINT('',(-2.25,1.175,1.6));
#589=VECTOR('',#590,1.0);
#590=DIRECTION('',(0.0,0.0,-1.0));
#591=ORIENTED_EDGE('',*,*,#444,.F.);
#592=ORIENTED_EDGE('',*,*,#593,.T.);
#593=EDGE_CURVE('NONE',#436,#577,#594,.T.);
#594=LINE('',#595,#596);
#595=CARTESIAN_POINT('',(-2.25,-1.175,1.6));
#596=VECTOR('',#597,1.0);
#597=DIRECTION('',(0.0,0.0,1.0));
#598=PLANE('',#599);
#599=AXIS2_PLACEMENT_3D('',#600,#601,#602);
#600=CARTESIAN_POINT('',(-2.25,1.25,1.6));
#601=DIRECTION('',(1.0,0.0,0.0));
#602=DIRECTION('',(0.0,0.0,-1.0));
#603=ADVANCED_FACE('NONE',(#604),#629,.F.);
#604=FACE_BOUND('NONE',#605,.T.);
#605=EDGE_LOOP('',(#606,#616,#622,#623));
#606=ORIENTED_EDGE('',*,*,#607,.T.);
#607=EDGE_CURVE('NONE',#608,#610,#612,.T.);
#608=VERTEX_POINT('NONE',#609);
#609=CARTESIAN_POINT('',(2.175,-1.25,0.38));
#610=VERTEX_POINT('NONE',#611);
#611=CARTESIAN_POINT('',(1.74,-1.25,0.38));
#612=LINE('',#613,#614);
#613=CARTESIAN_POINT('',(-2.25,-1.25,0.38));
#614=VECTOR('',#615,1.0);
#615=DIRECTION('',(-1.0,0.0,0.0));
#616=ORIENTED_EDGE('',*,*,#617,.T.);
#617=EDGE_CURVE('NONE',#610,#397,#618,.T.);
#618=LINE('',#619,#620);
#619=CARTESIAN_POINT('',(1.74,-1.25,1.6));
#620=VECTOR('',#621,1.0);
#621=DIRECTION('',(0.0,0.0,-1.0));
#622=ORIENTED_EDGE('',*,*,#396,.F.);
#623=ORIENTED_EDGE('',*,*,#624,.T.);
#624=EDGE_CURVE('NONE',#388,#608,#625,.T.);
#625=LINE('',#626,#627);
#626=CARTESIAN_POINT('',(2.175,-1.25,1.6));
#627=VECTOR('',#628,1.0);
#628=DIRECTION('',(0.0,0.0,1.0));
#629=PLANE('',#630);
#630=AXIS2_PLACEMENT_3D('',#631,#632,#633);
#631=CARTESIAN_POINT('',(-2.25,-1.25,1.6));
#632=DIRECTION('',(0.0,1.0,0.0));
#633=DIRECTION('',(0.0,0.0,1.0));
#634=ADVANCED_FACE('NONE',(#635,#645),#679,.T.);
#635=FACE_BOUND('NONE',#636,.T.);
#636=EDGE_LOOP('',(#637,#644));
#637=ORIENTED_EDGE('',*,*,#638,.T.);
#638=EDGE_CURVE('NONE',#130,#138,#639,.F.);
#639=CIRCLE('',#640,0.175);
#640=AXIS2_PLACEMENT_3D('',#641,#642,#643);
#641=CARTESIAN_POINT('',(-1.744750658,-0.744750658,1.6));
#642=DIRECTION('',(0.0,0.0,1.0));
#643=DIRECTION('',(1.0,0.0,0.0));
#644=ORIENTED_EDGE('',*,*,#137,.F.);
#645=FACE_BOUND('NONE',#646,.T.);
#646=EDGE_LOOP('',(#647,#657,#665,#673));
#647=ORIENTED_EDGE('',*,*,#648,.T.);
#648=EDGE_CURVE('NONE',#649,#651,#653,.T.);
#649=VERTEX_POINT('NONE',#650);
#650=CARTESIAN_POINT('',(2.094750658,-1.094750658,1.6));
#651=VERTEX_POINT('NONE',#652);
#652=CARTESIAN_POINT('',(2.094750658,1.094750658,1.6));
#653=LINE('',#654,#655);
#654=CARTESIAN_POINT('',(2.094750658,3.633813143E-16,1.6));
#655=VECTOR('',#656,1.0);
#656=DIRECTION('',(-1.734723476E-16,1.0,0.0));
#657=ORIENTED_EDGE('',*,*,#658,.T.);
#658=EDGE_CURVE('NONE',#651,#659,#661,.T.);
#659=VERTEX_POINT('NONE',#660);
#660=CARTESIAN_POINT('',(-2.094750658,1.094750658,1.6));
#661=LINE('',#662,#663);
#662=CARTESIAN_POINT('',(0.0,1.094750658,1.6));
#663=VECTOR('',#664,1.0);
#664=DIRECTION('',(-1.0,0.0,0.0));
#665=ORIENTED_EDGE('',*,*,#666,.T.);
#666=EDGE_CURVE('NONE',#659,#667,#669,.T.);
#667=VERTEX_POINT('NONE',#668);
#668=CARTESIAN_POINT('',(-2.094750658,-1.094750658,1.6));
#669=LINE('',#670,#671);
#670=CARTESIAN_POINT('',(-2.094750658,0.0,1.6));
#671=VECTOR('',#672,1.0);
#672=DIRECTION('',(0.0,-1.0,0.0));
#673=ORIENTED_EDGE('',*,*,#674,.T.);
#674=EDGE_CURVE('NONE',#667,#649,#675,.T.);
#675=LINE('',#676,#677);
#676=CARTESIAN_POINT('',(0.0,-1.094750658,1.6));
#677=VECTOR('',#678,1.0);
#678=DIRECTION('',(1.0,0.0,0.0));
#679=PLANE('',#680);
#680=AXIS2_PLACEMENT_3D('',#681,#682,#683);
#681=CARTESIAN_POINT('',(0.0,0.0,1.6));
#682=DIRECTION('',(0.0,0.0,1.0));
#683=DIRECTION('',(1.0,0.0,0.0));
#684=ADVANCED_FACE('NONE',(#685),#733,.T.);
#685=FACE_BOUND('NONE',#686,.T.);
#686=EDGE_LOOP('',(#687,#695,#703,#711,#719,#725,#726,#732));
#687=ORIENTED_EDGE('',*,*,#688,.T.);
#688=EDGE_CURVE('NONE',#179,#689,#691,.F.);
#689=VERTEX_POINT('NONE',#690);
#690=CARTESIAN_POINT('',(-2.175182696,1.25,0.38));
#691=LINE('',#692,#693);
#692=CARTESIAN_POINT('',(2.25,1.25,0.38));
#693=VECTOR('',#694,1.0);
#694=DIRECTION('',(1.0,0.0,0.0));
#695=ORIENTED_EDGE('',*,*,#696,.T.);
#696=EDGE_CURVE('NONE',#689,#697,#699,.T.);
#697=VERTEX_POINT('NONE',#698);
#698=CARTESIAN_POINT('',(-2.094750658,1.169567962,1.530231736));
#699=LINE('',#700,#701);
#700=CARTESIAN_POINT('',(-2.079751984,1.154569288,1.744722766));
#701=VECTOR('',#702,1.0);
#702=DIRECTION('',(0.069587374,-0.069587374,0.995145816));
#703=ORIENTED_EDGE('',*,*,#704,.T.);
#704=EDGE_CURVE('NONE',#697,#705,#707,.T.);
#705=VERTEX_POINT('NONE',#706);
#706=CARTESIAN_POINT('',(2.094750658,1.169567962,1.530231736));
#707=LINE('',#708,#709);
#708=CARTESIAN_POINT('',(0.0,1.169567962,1.530231736));
#709=VECTOR('',#710,1.0);
#710=DIRECTION('',(1.0,0.0,0.0));
#711=ORIENTED_EDGE('',*,*,#712,.T.);
#712=EDGE_CURVE('NONE',#705,#713,#715,.T.);
#713=VERTEX_POINT('NONE',#714);
#714=CARTESIAN_POINT('',(2.175182696,1.25,0.38));
#715=LINE('',#716,#717);
#716=CARTESIAN_POINT('',(2.079751984,1.154569288,1.744722766));
#717=VECTOR('',#718,1.0);
#718=DIRECTION('',(0.069587374,0.069587374,-0.995145816));
#719=ORIENTED_EDGE('',*,*,#720,.T.);
#720=EDGE_CURVE('NONE',#713,#555,#721,.F.);
#721=LINE('',#722,#723);
#722=CARTESIAN_POINT('',(2.25,1.25,0.38));
#723=VECTOR('',#724,1.0);
#724=DIRECTION('',(1.0,0.0,0.0));
#725=ORIENTED_EDGE('',*,*,#554,.F.);
#726=ORIENTED_EDGE('',*,*,#727,.T.);
#727=EDGE_CURVE('NONE',#547,#161,#728,.F.);
#728=LINE('',#729,#730);
#729=CARTESIAN_POINT('',(0.0,1.25,0.38));
#730=VECTOR('',#731,1.0);
#731=DIRECTION('',(1.0,0.0,0.0));
#732=ORIENTED_EDGE('',*,*,#186,.F.);
#733=PLANE('',#734);
#734=AXIS2_PLACEMENT_3D('',#735,#736,#737);
#735=CARTESIAN_POINT('',(0.0,1.164689289,1.6));
#736=DIRECTION('',(0.0,0.99756405,0.069756474));
#737=DIRECTION('',(1.0,0.0,0.0));
#738=ADVANCED_FACE('NONE',(#739),#780,.T.);
#739=FACE_BOUND('NONE',#740,.T.);
#740=EDGE_LOOP('',(#741,#751,#759,#765,#766,#774));
#741=ORIENTED_EDGE('',*,*,#742,.T.);
#742=EDGE_CURVE('NONE',#743,#745,#747,.T.);
#743=VERTEX_POINT('NONE',#744);
#744=CARTESIAN_POINT('',(-2.169567962,-1.094750658,1.530231736));
#745=VERTEX_POINT('NONE',#746);
#746=CARTESIAN_POINT('',(-2.169567962,1.094750658,1.530231736));
#747=LINE('',#748,#749);
#748=CARTESIAN_POINT('',(-2.169567962,0.0,1.530231736));
#749=VECTOR('',#750,1.0);
#750=DIRECTION('',(0.0,1.0,0.0));
#751=ORIENTED_EDGE('',*,*,#752,.T.);
#752=EDGE_CURVE('NONE',#745,#753,#755,.T.);
#753=VERTEX_POINT('NONE',#754);
#754=CARTESIAN_POINT('',(-2.25,1.175182696,0.38));
#755=LINE('',#756,#757);
#756=CARTESIAN_POINT('',(-2.15941169,1.084594387,1.675473182));
#757=VECTOR('',#758,1.0);
#758=DIRECTION('',(-0.069587374,0.069587374,-0.995145816));
#759=ORIENTED_EDGE('',*,*,#760,.T.);
#760=EDGE_CURVE('NONE',#753,#579,#761,.F.);
#761=LINE('',#762,#763);
#762=CARTESIAN_POINT('',(-2.25,1.25,0.38));
#763=VECTOR('',#764,1.0);
#764=DIRECTION('',(0.0,1.0,0.0));
#765=ORIENTED_EDGE('',*,*,#576,.F.);
#766=ORIENTED_EDGE('',*,*,#767,.T.);
#767=EDGE_CURVE('NONE',#577,#768,#770,.F.);
#768=VERTEX_POINT('NONE',#769);
#769=CARTESIAN_POINT('',(-2.25,-1.175182696,0.38));
#770=LINE('',#771,#772);
#771=CARTESIAN_POINT('',(-2.25,1.25,0.38));
#772=VECTOR('',#773,1.0);
#773=DIRECTION('',(0.0,1.0,0.0));
#774=ORIENTED_EDGE('',*,*,#775,.T.);
#775=EDGE_CURVE('NONE',#768,#743,#776,.T.);
#776=LINE('',#777,#778);
#777=CARTESIAN_POINT('',(-2.15941169,-1.084594387,1.675473182));
#778=VECTOR('',#779,1.0);
#779=DIRECTION('',(0.069587374,0.069587374,0.995145816));
#780=PLANE('',#781);
#781=AXIS2_PLACEMENT_3D('',#782,#783,#784);
#782=CARTESIAN_POINT('',(-2.164689289,0.0,1.6));
#783=DIRECTION('',(-0.99756405,0.0,0.069756474));
#784=DIRECTION('',(0.0,1.0,0.0));
#785=ADVANCED_FACE('NONE',(#786),#827,.T.);
#786=FACE_BOUND('NONE',#787,.T.);
#787=EDGE_LOOP('',(#788,#796,#804,#812,#820,#826));
#788=ORIENTED_EDGE('',*,*,#789,.T.);
#789=EDGE_CURVE('NONE',#516,#790,#792,.F.);
#790=VERTEX_POINT('NONE',#791);
#791=CARTESIAN_POINT('',(2.25,1.175182696,0.38));
#792=LINE('',#793,#794);
#793=CARTESIAN_POINT('',(2.25,-1.25,0.38));
#794=VECTOR('',#795,1.0);
#795=DIRECTION('',(1.734723476E-16,-1.0,0.0));
#796=ORIENTED_EDGE('',*,*,#797,.T.);
#797=EDGE_CURVE('NONE',#790,#798,#800,.T.);
#798=VERTEX_POINT('NONE',#799);
#799=CARTESIAN_POINT('',(2.169567962,1.094750658,1.530231736));
#800=LINE('',#801,#802);
#801=CARTESIAN_POINT('',(2.15941169,1.084594387,1.675473182));
#802=VECTOR('',#803,1.0);
#803=DIRECTION('',(-0.069587374,-0.069587374,0.995145816));
#804=ORIENTED_EDGE('',*,*,#805,.T.);
#805=EDGE_CURVE('NONE',#798,#806,#808,.T.);
#806=VERTEX_POINT('NONE',#807);
#807=CARTESIAN_POINT('',(2.169567962,-1.094750658,1.530231736));
#808=LINE('',#809,#810);
#809=CARTESIAN_POINT('',(2.169567962,3.763600476E-16,1.530231736));
#810=VECTOR('',#811,1.0);
#811=DIRECTION('',(1.734723476E-16,-1.0,8.367659718E-36));
#812=ORIENTED_EDGE('',*,*,#813,.T.);
#813=EDGE_CURVE('NONE',#806,#814,#816,.T.);
#814=VERTEX_POINT('NONE',#815);
#815=CARTESIAN_POINT('',(2.25,-1.175182696,0.38));
#816=LINE('',#817,#818);
#817=CARTESIAN_POINT('',(2.15941169,-1.084594387,1.675473182));
#818=VECTOR('',#819,1.0);
#819=DIRECTION('',(0.069587374,-0.069587374,-0.995145816));
#820=ORIENTED_EDGE('',*,*,#821,.T.);
#821=EDGE_CURVE('NONE',#814,#524,#822,.F.);
#822=LINE('',#823,#824);
#823=CARTESIAN_POINT('',(2.25,-1.25,0.38));
#824=VECTOR('',#825,1.0);
#825=DIRECTION('',(1.734723476E-16,-1.0,0.0));
#826=ORIENTED_EDGE('',*,*,#523,.F.);
#827=PLANE('',#828);
#828=AXIS2_PLACEMENT_3D('',#829,#830,#831);
#829=CARTESIAN_POINT('',(2.164689289,3.755137329E-16,1.6));
#830=DIRECTION('',(0.99756405,1.730497777E-16,0.069756474));
#831=DIRECTION('',(1.734723476E-16,-1.0,6.162975822E-33));
#832=ADVANCED_FACE('NONE',(#833),#895,.T.);
#833=FACE_BOUND('NONE',#834,.T.);
#834=EDGE_LOOP('',(#835,#843,#851,#859,#867,#873,#874,#880,#881,#887,#888,#894));
#835=ORIENTED_EDGE('',*,*,#836,.T.);
#836=EDGE_CURVE('NONE',#608,#837,#839,.F.);
#837=VERTEX_POINT('NONE',#838);
#838=CARTESIAN_POINT('',(2.175182696,-1.25,0.38));
#839=LINE('',#840,#841);
#840=CARTESIAN_POINT('',(-2.25,-1.25,0.38));
#841=VECTOR('',#842,1.0);
#842=DIRECTION('',(-1.0,0.0,0.0));
#843=ORIENTED_EDGE('',*,*,#844,.T.);
#844=EDGE_CURVE('NONE',#837,#845,#847,.T.);
#845=VERTEX_POINT('NONE',#846);
#846=CARTESIAN_POINT('',(2.094750658,-1.169567962,1.530231736));
#847=LINE('',#848,#849);
#848=CARTESIAN_POINT('',(2.079751984,-1.154569288,1.744722766));
#849=VECTOR('',#850,1.0);
#850=DIRECTION('',(-0.069587374,0.069587374,0.995145816));
#851=ORIENTED_EDGE('',*,*,#852,.T.);
#852=EDGE_CURVE('NONE',#845,#853,#855,.T.);
#853=VERTEX_POINT('NONE',#854);
#854=CARTESIAN_POINT('',(-2.094750658,-1.169567962,1.530231736));
#855=LINE('',#856,#857);
#856=CARTESIAN_POINT('',(0.0,-1.169567962,1.530231736));
#857=VECTOR('',#858,1.0);
#858=DIRECTION('',(-1.0,0.0,0.0));
#859=ORIENTED_EDGE('',*,*,#860,.T.);
#860=EDGE_CURVE('NONE',#853,#861,#863,.T.);
#861=VERTEX_POINT('NONE',#862);
#862=CARTESIAN_POINT('',(-2.175182696,-1.25,0.38));
#863=LINE('',#864,#865);
#864=CARTESIAN_POINT('',(-2.079751984,-1.154569288,1.744722766));
#865=VECTOR('',#866,1.0);
#866=DIRECTION('',(-0.069587374,-0.069587374,-0.995145816));
#867=ORIENTED_EDGE('',*,*,#868,.T.);
#868=EDGE_CURVE('NONE',#861,#251,#869,.F.);
#869=LINE('',#870,#871);
#870=CARTESIAN_POINT('',(-2.25,-1.25,0.38));
#871=VECTOR('',#872,1.0);
#872=DIRECTION('',(-1.0,0.0,0.0));
#873=ORIENTED_EDGE('',*,*,#250,.F.);
#874=ORIENTED_EDGE('',*,*,#875,.T.);
#875=EDGE_CURVE('NONE',#243,#283,#876,.F.);
#876=LINE('',#877,#878);
#877=CARTESIAN_POINT('',(-2.25,-1.25,0.38));
#878=VECTOR('',#879,1.0);
#879=DIRECTION('',(-1.0,0.0,0.0));
#880=ORIENTED_EDGE('',*,*,#280,.F.);
#881=ORIENTED_EDGE('',*,*,#882,.T.);
#882=EDGE_CURVE('NONE',#281,#211,#883,.F.);
#883=LINE('',#884,#885);
#884=CARTESIAN_POINT('',(-2.25,-1.25,0.38));
#885=VECTOR('',#886,1.0);
#886=DIRECTION('',(-1.0,0.0,0.0));
#887=ORIENTED_EDGE('',*,*,#210,.F.);
#888=ORIENTED_EDGE('',*,*,#889,.T.);
#889=EDGE_CURVE('NONE',#203,#610,#890,.F.);
#890=LINE('',#891,#892);
#891=CARTESIAN_POINT('',(-2.25,-1.25,0.38));
#892=VECTOR('',#893,1.0);
#893=DIRECTION('',(-1.0,0.0,0.0));
#894=ORIENTED_EDGE('',*,*,#607,.F.);
#895=PLANE('',#896);
#896=AXIS2_PLACEMENT_3D('',#897,#898,#899);
#897=CARTESIAN_POINT('',(0.0,-1.164689289,1.6));
#898=DIRECTION('',(0.0,-0.99756405,0.069756474));
#899=DIRECTION('',(-1.0,0.0,0.0));
#900=ADVANCED_FACE('NONE',(#901),#915,.T.);
#901=FACE_BOUND('NONE',#902,.T.);
#902=EDGE_LOOP('',(#903,#904,#905,#912,#913,#914));
#903=ORIENTED_EDGE('',*,*,#531,.F.);
#904=ORIENTED_EDGE('',*,*,#821,.F.);
#905=ORIENTED_EDGE('',*,*,#906,.T.);
#906=EDGE_CURVE('NONE',#814,#837,#907,.F.);
#907=(BOUNDED_CURVE()B_SPLINE_CURVE(3,(#908,#909,#910,#911),.UNSPECIFIED.,.F.,.U.)B_SPLINE_CURVE_WITH_KNOTS((4,4),(2.358628961,3.924556347),.PIECEWISE_BEZIER_KNOTS.)CURVE()GEOMETRIC_REPRESENTATION_ITEM()RATIONAL_B_SPLINE_CURVE((1.0,0.805884076,0.805884076,1.0))REPRESENTATION_ITEM(''));
#908=CARTESIAN_POINT('',(2.175182696,-1.25,0.38));
#909=CARTESIAN_POINT('',(2.218947016,-1.249893234,0.381525893));
#910=CARTESIAN_POINT('',(2.249893234,-1.218947016,0.381525893));
#911=CARTESIAN_POINT('',(2.25,-1.175182696,0.38));
#912=ORIENTED_EDGE('',*,*,#836,.F.);
#913=ORIENTED_EDGE('',*,*,#624,.F.);
#914=ORIENTED_EDGE('',*,*,#387,.F.);
#915=CYLINDRICAL_SURFACE('',#916,0.075);
#916=AXIS2_PLACEMENT_3D('',#917,#918,#919);
#917=CARTESIAN_POINT('',(2.175,-1.175,1.6));
#918=DIRECTION('',(0.0,0.0,-1.0));
#919=DIRECTION('',(-1.0,0.0,0.0));
#920=ADVANCED_FACE('NONE',(#921),#935,.T.);
#921=FACE_BOUND('NONE',#922,.T.);
#922=EDGE_LOOP('',(#923,#924,#925,#932,#933,#934));
#923=ORIENTED_EDGE('',*,*,#258,.F.);
#924=ORIENTED_EDGE('',*,*,#868,.F.);
#925=ORIENTED_EDGE('',*,*,#926,.T.);
#926=EDGE_CURVE('NONE',#861,#768,#927,.F.);
#927=(BOUNDED_CURVE()B_SPLINE_CURVE(3,(#928,#929,#930,#931),.UNSPECIFIED.,.F.,.U.)B_SPLINE_CURVE_WITH_KNOTS((4,4),(5.500221614,7.066149),.PIECEWISE_BEZIER_KNOTS.)CURVE()GEOMETRIC_REPRESENTATION_ITEM()RATIONAL_B_SPLINE_CURVE((1.0,0.805884076,0.805884076,1.0))REPRESENTATION_ITEM(''));
#928=CARTESIAN_POINT('',(-2.25,-1.175182696,0.38));
#929=CARTESIAN_POINT('',(-2.249893234,-1.218947016,0.381525893));
#930=CARTESIAN_POINT('',(-2.218947016,-1.249893234,0.381525893));
#931=CARTESIAN_POINT('',(-2.175182696,-1.25,0.38));
#932=ORIENTED_EDGE('',*,*,#767,.F.);
#933=ORIENTED_EDGE('',*,*,#593,.F.);
#934=ORIENTED_EDGE('',*,*,#435,.F.);
#935=CYLINDRICAL_SURFACE('',#936,0.075);
#936=AXIS2_PLACEMENT_3D('',#937,#938,#939);
#937=CARTESIAN_POINT('',(-2.175,-1.175,1.6));
#938=DIRECTION('',(0.0,0.0,-1.0));
#939=DIRECTION('',(-1.0,0.0,0.0));
#940=ADVANCED_FACE('NONE',(#941),#953,.T.);
#941=FACE_BOUND('NONE',#942,.T.);
#942=EDGE_LOOP('',(#943,#944,#945,#952));
#943=ORIENTED_EDGE('',*,*,#906,.F.);
#944=ORIENTED_EDGE('',*,*,#813,.F.);
#945=ORIENTED_EDGE('',*,*,#946,.T.);
#946=EDGE_CURVE('NONE',#806,#845,#947,.F.);
#947=CIRCLE('',#948,0.075);
#948=AXIS2_PLACEMENT_3D('',#949,#950,#951);
#949=CARTESIAN_POINT('',(2.094750658,-1.094750658,1.525));
#950=DIRECTION('',(-0.069587374,0.069587374,0.995145816));
#951=DIRECTION('',(1.734723476E-18,-0.99756405,0.069756474));
#952=ORIENTED_EDGE('',*,*,#844,.F.);
#953=CYLINDRICAL_SURFACE('',#954,0.075);
#954=AXIS2_PLACEMENT_3D('',#955,#956,#957);
#955=CARTESIAN_POINT('',(2.079751984,-1.079751984,1.739491031));
#956=DIRECTION('',(-0.069587374,0.069587374,0.995145816));
#957=DIRECTION('',(0.99756405,7.979727989E-17,0.069756474));
#958=ADVANCED_FACE('NONE',(#959),#977,.T.);
#959=FACE_BOUND('NONE',#960,.T.);
#960=EDGE_LOOP('',(#961,#968,#969,#976));
#961=ORIENTED_EDGE('',*,*,#962,.T.);
#962=EDGE_CURVE('NONE',#667,#853,#963,.F.);
#963=CIRCLE('',#964,0.075);
#964=AXIS2_PLACEMENT_3D('',#965,#966,#967);
#965=CARTESIAN_POINT('',(-2.094750658,-1.094750658,1.525));
#966=DIRECTION('',(-1.0,-4.043456076E-16,-5.782411587E-15));
#967=DIRECTION('',(-5.782411587E-15,-7.006492322E-46,1.0));
#968=ORIENTED_EDGE('',*,*,#852,.F.);
#969=ORIENTED_EDGE('',*,*,#970,.T.);
#970=EDGE_CURVE('NONE',#845,#649,#971,.F.);
#971=CIRCLE('',#972,0.075);
#972=AXIS2_PLACEMENT_3D('',#973,#974,#975);
#973=CARTESIAN_POINT('',(2.094750658,-1.094750658,1.525));
#974=DIRECTION('',(1.0,-1.159306329E-14,0.0));
#975=DIRECTION('',(1.159306329E-14,1.0,0.0));
#976=ORIENTED_EDGE('',*,*,#674,.F.);
#977=CYLINDRICAL_SURFACE('',#978,0.075);
#978=AXIS2_PLACEMENT_3D('',#979,#980,#981);
#979=CARTESIAN_POINT('',(0.0,-1.094750658,1.525));
#980=DIRECTION('',(1.0,0.0,0.0));
#981=DIRECTION('',(0.0,0.0,-1.0));
#982=ADVANCED_FACE('NONE',(#983),#995,.T.);
#983=FACE_BOUND('NONE',#984,.T.);
#984=EDGE_LOOP('',(#985,#986,#987,#994));
#985=ORIENTED_EDGE('',*,*,#926,.F.);
#986=ORIENTED_EDGE('',*,*,#860,.F.);
#987=ORIENTED_EDGE('',*,*,#988,.T.);
#988=EDGE_CURVE('NONE',#853,#743,#989,.F.);
#989=CIRCLE('',#990,0.075);
#990=AXIS2_PLACEMENT_3D('',#991,#992,#993);
#991=CARTESIAN_POINT('',(-2.094750658,-1.094750658,1.525));
#992=DIRECTION('',(0.069587374,0.069587374,0.995145816));
#993=DIRECTION('',(2.688821388E-17,-0.99756405,0.069756474));
#994=ORIENTED_EDGE('',*,*,#775,.F.);
#995=CYLINDRICAL_SURFACE('',#996,0.075);
#996=AXIS2_PLACEMENT_3D('',#997,#998,#999);
#997=CARTESIAN_POINT('',(-2.079751984,-1.079751984,1.739491031));
#998=DIRECTION('',(-0.069587374,-0.069587374,-0.995145816));
#999=DIRECTION('',(-0.99756405,6.678685383E-17,0.069756474));
#1000=ADVANCED_FACE('NONE',(#1001),#1015,.T.);
#1001=FACE_BOUND('NONE',#1002,.T.);
#1002=EDGE_LOOP('',(#1003,#1004,#1005,#1012,#1013,#1014));
#1003=ORIENTED_EDGE('',*,*,#562,.F.);
#1004=ORIENTED_EDGE('',*,*,#720,.F.);
#1005=ORIENTED_EDGE('',*,*,#1006,.T.);
#1006=EDGE_CURVE('NONE',#713,#790,#1007,.F.);
#1007=(BOUNDED_CURVE()B_SPLINE_CURVE(3,(#1008,#1009,#1010,#1011),.UNSPECIFIED.,.F.,.U.)B_SPLINE_CURVE_WITH_KNOTS((4,4),(2.358628961,3.924556347),.PIECEWISE_BEZIER_KNOTS.)CURVE()GEOMETRIC_REPRESENTATION_ITEM()RATIONAL_B_SPLINE_CURVE((1.0,0.805884076,0.805884076,1.0))REPRESENTATION_ITEM(''));
#1008=CARTESIAN_POINT('',(2.25,1.175182696,0.38));
#1009=CARTESIAN_POINT('',(2.249893234,1.218947016,0.381525893));
#1010=CARTESIAN_POINT('',(2.218947016,1.249893234,0.381525893));
#1011=CARTESIAN_POINT('',(2.175182696,1.25,0.38));
#1012=ORIENTED_EDGE('',*,*,#789,.F.);
#1013=ORIENTED_EDGE('',*,*,#515,.F.);
#1014=ORIENTED_EDGE('',*,*,#370,.F.);
#1015=CYLINDRICAL_SURFACE('',#1016,0.075);
#1016=AXIS2_PLACEMENT_3D('',#1017,#1018,#1019);
#1017=CARTESIAN_POINT('',(2.175,1.175,1.6));
#1018=DIRECTION('',(0.0,0.0,-1.0));
#1019=DIRECTION('',(-1.0,0.0,0.0));
#1020=ADVANCED_FACE('NONE',(#1021),#1032,.T.);
#1021=FACE_BOUND('NONE',#1022,.T.);
#1022=EDGE_LOOP('',(#1023,#1024,#1025));
#1023=ORIENTED_EDGE('',*,*,#970,.F.);
#1024=ORIENTED_EDGE('',*,*,#946,.F.);
#1025=ORIENTED_EDGE('',*,*,#1026,.T.);
#1026=EDGE_CURVE('NONE',#806,#649,#1027,.F.);
#1027=CIRCLE('',#1028,0.075);
#1028=AXIS2_PLACEMENT_3D('',#1029,#1030,#1031);
#1029=CARTESIAN_POINT('',(2.094750658,-1.094750658,1.525));
#1030=DIRECTION('',(0.0,1.0,0.0));
#1031=DIRECTION('',(0.0,0.0,-1.0));
#1032=SPHERICAL_SURFACE('',#1033,0.075);
#1033=AXIS2_PLACEMENT_3D('',#1034,#1035,#1036);
#1034=CARTESIAN_POINT('',(2.094750658,-1.094750658,1.525));
#1035=DIRECTION('',(0.0,1.0,0.0));
#1036=DIRECTION('',(1.0,0.0,-5.782411587E-15));
#1037=ADVANCED_FACE('NONE',(#1038),#1049,.T.);
#1038=FACE_BOUND('NONE',#1039,.T.);
#1039=EDGE_LOOP('',(#1040,#1041,#1042));
#1040=ORIENTED_EDGE('',*,*,#988,.F.);
#1041=ORIENTED_EDGE('',*,*,#962,.F.);
#1042=ORIENTED_EDGE('',*,*,#1043,.T.);
#1043=EDGE_CURVE('NONE',#667,#743,#1044,.F.);
#1044=CIRCLE('',#1045,0.075);
#1045=AXIS2_PLACEMENT_3D('',#1046,#1047,#1048);
#1046=CARTESIAN_POINT('',(-2.094750658,-1.094750658,1.525));
#1047=DIRECTION('',(0.0,1.0,0.0));
#1048=DIRECTION('',(0.0,0.0,-1.0));
#1049=SPHERICAL_SURFACE('',#1050,0.075);
#1050=AXIS2_PLACEMENT_3D('',#1051,#1052,#1053);
#1051=CARTESIAN_POINT('',(-2.094750658,-1.094750658,1.525));
#1052=DIRECTION('',(0.0,1.0,0.0));
#1053=DIRECTION('',(1.0,0.0,0.0));
#1054=ADVANCED_FACE('NONE',(#1055),#1069,.T.);
#1055=FACE_BOUND('NONE',#1056,.T.);
#1056=EDGE_LOOP('',(#1057,#1058,#1059,#1066,#1067,#1068));
#1057=ORIENTED_EDGE('',*,*,#586,.F.);
#1058=ORIENTED_EDGE('',*,*,#760,.F.);
#1059=ORIENTED_EDGE('',*,*,#1060,.T.);
#1060=EDGE_CURVE('NONE',#753,#689,#1061,.F.);
#1061=(BOUNDED_CURVE()B_SPLINE_CURVE(3,(#1062,#1063,#1064,#1065),.UNSPECIFIED.,.F.,.U.)B_SPLINE_CURVE_WITH_KNOTS((4,4),(2.358628961,3.924556347),.PIECEWISE_BEZIER_KNOTS.)CURVE()GEOMETRIC_REPRESENTATION_ITEM()RATIONAL_B_SPLINE_CURVE((1.0,0.805884076,0.805884076,1.0))REPRESENTATION_ITEM(''));
#1062=CARTESIAN_POINT('',(-2.175182696,1.25,0.38));
#1063=CARTESIAN_POINT('',(-2.218947016,1.249893234,0.381525893));
#1064=CARTESIAN_POINT('',(-2.249893234,1.218947016,0.381525893));
#1065=CARTESIAN_POINT('',(-2.25,1.175182696,0.38));
#1066=ORIENTED_EDGE('',*,*,#688,.F.);
#1067=ORIENTED_EDGE('',*,*,#178,.F.);
#1068=ORIENTED_EDGE('',*,*,#452,.F.);
#1069=CYLINDRICAL_SURFACE('',#1070,0.075);
#1070=AXIS2_PLACEMENT_3D('',#1071,#1072,#1073);
#1071=CARTESIAN_POINT('',(-2.175,1.175,1.6));
#1072=DIRECTION('',(0.0,0.0,-1.0));
#1073=DIRECTION('',(-1.0,0.0,0.0));
#1074=ADVANCED_FACE('NONE',(#1075),#1087,.T.);
#1075=FACE_BOUND('NONE',#1076,.T.);
#1076=EDGE_LOOP('',(#1077,#1078,#1079,#1086));
#1077=ORIENTED_EDGE('',*,*,#1006,.F.);
#1078=ORIENTED_EDGE('',*,*,#712,.F.);
#1079=ORIENTED_EDGE('',*,*,#1080,.T.);
#1080=EDGE_CURVE('NONE',#705,#798,#1081,.F.);
#1081=CIRCLE('',#1082,0.075);
#1082=AXIS2_PLACEMENT_3D('',#1083,#1084,#1085);
#1083=CARTESIAN_POINT('',(2.094750658,1.094750658,1.525));
#1084=DIRECTION('',(-0.069587374,-0.069587374,0.995145816));
#1085=DIRECTION('',(1.301042607E-17,-0.99756405,-0.069756474));
#1086=ORIENTED_EDGE('',*,*,#797,.F.);
#1087=CYLINDRICAL_SURFACE('',#1088,0.075);
#1088=AXIS2_PLACEMENT_3D('',#1089,#1090,#1091);
#1089=CARTESIAN_POINT('',(2.084594387,1.084594387,1.670241447));
#1090=DIRECTION('',(-0.069587374,-0.069587374,0.995145816));
#1091=DIRECTION('',(0.99756405,-7.806255642E-17,0.069756474));
#1092=ADVANCED_FACE('NONE',(#1093),#1105,.T.);
#1093=FACE_BOUND('NONE',#1094,.T.);
#1094=EDGE_LOOP('',(#1095,#1096,#1097,#1104));
#1095=ORIENTED_EDGE('',*,*,#1026,.F.);
#1096=ORIENTED_EDGE('',*,*,#805,.F.);
#1097=ORIENTED_EDGE('',*,*,#1098,.T.);
#1098=EDGE_CURVE('NONE',#798,#651,#1099,.F.);
#1099=CIRCLE('',#1100,0.075);
#1100=AXIS2_PLACEMENT_3D('',#1101,#1102,#1103);
#1101=CARTESIAN_POINT('',(2.094750658,1.094750658,1.525));
#1102=DIRECTION('',(-2.898265823E-15,1.0,0.0));
#1103=DIRECTION('',(-1.0,-2.898265823E-15,0.0));
#1104=ORIENTED_EDGE('',*,*,#648,.F.);
#1105=CYLINDRICAL_SURFACE('',#1106,0.075);
#1106=AXIS2_PLACEMENT_3D('',#1107,#1108,#1109);
#1107=CARTESIAN_POINT('',(2.094750658,3.633813143E-16,1.525));
#1108=DIRECTION('',(-1.734723476E-16,1.0,0.0));
#1109=DIRECTION('',(-1.0,-1.734723476E-16,0.0));
#1110=ADVANCED_FACE('NONE',(#1111),#1123,.T.);
#1111=FACE_BOUND('NONE',#1112,.T.);
#1112=EDGE_LOOP('',(#1113,#1114,#1115,#1122));
#1113=ORIENTED_EDGE('',*,*,#1043,.F.);
#1114=ORIENTED_EDGE('',*,*,#666,.F.);
#1115=ORIENTED_EDGE('',*,*,#1116,.T.);
#1116=EDGE_CURVE('NONE',#659,#745,#1117,.F.);
#1117=CIRCLE('',#1118,0.075);
#1118=AXIS2_PLACEMENT_3D('',#1119,#1120,#1121);
#1119=CARTESIAN_POINT('',(-2.094750658,1.094750658,1.525));
#1120=DIRECTION('',(0.0,1.0,0.0));
#1121=DIRECTION('',(0.0,0.0,1.0));
#1122=ORIENTED_EDGE('',*,*,#742,.F.);
#1123=CYLINDRICAL_SURFACE('',#1124,0.075);
#1124=AXIS2_PLACEMENT_3D('',#1125,#1126,#1127);
#1125=CARTESIAN_POINT('',(-2.094750658,0.0,1.525));
#1126=DIRECTION('',(0.0,-1.0,0.0));
#1127=DIRECTION('',(0.0,0.0,-1.0));
#1128=ADVANCED_FACE('NONE',(#1129),#1141,.T.);
#1129=FACE_BOUND('NONE',#1130,.T.);
#1130=EDGE_LOOP('',(#1131,#1132,#1133,#1140));
#1131=ORIENTED_EDGE('',*,*,#1060,.F.);
#1132=ORIENTED_EDGE('',*,*,#752,.F.);
#1133=ORIENTED_EDGE('',*,*,#1134,.T.);
#1134=EDGE_CURVE('NONE',#745,#697,#1135,.F.);
#1135=CIRCLE('',#1136,0.075);
#1136=AXIS2_PLACEMENT_3D('',#1137,#1138,#1139);
#1137=CARTESIAN_POINT('',(-2.094750658,1.094750658,1.525));
#1138=DIRECTION('',(0.069587374,-0.069587374,0.995145816));
#1139=DIRECTION('',(1.734723476E-18,-0.99756405,-0.069756474));
#1140=ORIENTED_EDGE('',*,*,#696,.F.);
#1141=CYLINDRICAL_SURFACE('',#1142,0.075);
#1142=AXIS2_PLACEMENT_3D('',#1143,#1144,#1145);
#1143=CARTESIAN_POINT('',(-2.084594387,1.084594387,1.670241447));
#1144=DIRECTION('',(-0.069587374,0.069587374,-0.995145816));
#1145=DIRECTION('',(-0.99756405,-6.678685383E-17,0.069756474));
#1146=ADVANCED_FACE('NONE',(#1147),#1158,.T.);
#1147=FACE_BOUND('NONE',#1148,.T.);
#1148=EDGE_LOOP('',(#1149,#1150,#1151));
#1149=ORIENTED_EDGE('',*,*,#1098,.F.);
#1150=ORIENTED_EDGE('',*,*,#1080,.F.);
#1151=ORIENTED_EDGE('',*,*,#1152,.T.);
#1152=EDGE_CURVE('NONE',#705,#651,#1153,.F.);
#1153=CIRCLE('',#1154,0.075);
#1154=AXIS2_PLACEMENT_3D('',#1155,#1156,#1157);
#1155=CARTESIAN_POINT('',(2.094750658,1.094750658,1.525));
#1156=DIRECTION('',(-1.0,-4.043456076E-16,5.782411587E-15));
#1157=DIRECTION('',(-5.782411587E-15,-7.006492322E-46,-1.0));
#1158=SPHERICAL_SURFACE('',#1159,0.075);
#1159=AXIS2_PLACEMENT_3D('',#1160,#1161,#1162);
#1160=CARTESIAN_POINT('',(2.094750658,1.094750658,1.525));
#1161=DIRECTION('',(0.0,1.0,0.0));
#1162=DIRECTION('',(1.0,0.0,-5.782411587E-15));
#1163=ADVANCED_FACE('NONE',(#1164),#1175,.T.);
#1164=FACE_BOUND('NONE',#1165,.T.);
#1165=EDGE_LOOP('',(#1166,#1167,#1168));
#1166=ORIENTED_EDGE('',*,*,#1134,.F.);
#1167=ORIENTED_EDGE('',*,*,#1116,.F.);
#1168=ORIENTED_EDGE('',*,*,#1169,.T.);
#1169=EDGE_CURVE('NONE',#659,#697,#1170,.F.);
#1170=CIRCLE('',#1171,0.075);
#1171=AXIS2_PLACEMENT_3D('',#1172,#1173,#1174);
#1172=CARTESIAN_POINT('',(-2.094750658,1.094750658,1.525));
#1173=DIRECTION('',(1.0,-5.796531646E-15,0.0));
#1174=DIRECTION('',(-5.796531646E-15,-1.0,0.0));
#1175=SPHERICAL_SURFACE('',#1176,0.075);
#1176=AXIS2_PLACEMENT_3D('',#1177,#1178,#1179);
#1177=CARTESIAN_POINT('',(-2.094750658,1.094750658,1.525));
#1178=DIRECTION('',(0.0,1.0,0.0));
#1179=DIRECTION('',(1.0,0.0,0.0));
#1180=ADVANCED_FACE('NONE',(#1181),#1187,.T.);
#1181=FACE_BOUND('NONE',#1182,.T.);
#1182=EDGE_LOOP('',(#1183,#1184,#1185,#1186));
#1183=ORIENTED_EDGE('',*,*,#1152,.F.);
#1184=ORIENTED_EDGE('',*,*,#704,.F.);
#1185=ORIENTED_EDGE('',*,*,#1169,.F.);
#1186=ORIENTED_EDGE('',*,*,#658,.F.);
#1187=CYLINDRICAL_SURFACE('',#1188,0.075);
#1188=AXIS2_PLACEMENT_3D('',#1189,#1190,#1191);
#1189=CARTESIAN_POINT('',(0.0,1.094750658,1.525));
#1190=DIRECTION('',(-1.0,0.0,0.0));
#1191=DIRECTION('',(0.0,0.0,1.0));
#1192=ADVANCED_FACE('NONE',(#1193),#1205,.F.);
#1193=FACE_BOUND('NONE',#1194,.T.);
#1194=EDGE_LOOP('',(#1195,#1196,#1203,#1204));
#1195=ORIENTED_EDGE('',*,*,#129,.F.);
#1196=ORIENTED_EDGE('',*,*,#1197,.T.);
#1197=EDGE_CURVE('NONE',#121,#119,#1198,.F.);
#1198=CIRCLE('',#1199,0.175);
#1199=AXIS2_PLACEMENT_3D('',#1200,#1201,#1202);
#1200=CARTESIAN_POINT('',(-1.744750658,-0.744750658,1.59));
#1201=DIRECTION('',(0.0,0.0,1.0));
#1202=DIRECTION('',(1.0,0.0,0.0));
#1203=ORIENTED_EDGE('',*,*,#146,.F.);
#1204=ORIENTED_EDGE('',*,*,#638,.F.);
#1205=CYLINDRICAL_SURFACE('',#1206,0.175);
#1206=AXIS2_PLACEMENT_3D('',#1207,#1208,#1209);
#1207=CARTESIAN_POINT('',(-1.744750658,-0.744750658,1.59));
#1208=DIRECTION('',(0.0,0.0,1.0));
#1209=DIRECTION('',(1.0,0.0,0.0));
#1210=ADVANCED_FACE('NONE',(#1211),#1215,.T.);
#1211=FACE_BOUND('NONE',#1212,.T.);
#1212=EDGE_LOOP('',(#1213,#1214));
#1213=ORIENTED_EDGE('',*,*,#1197,.F.);
#1214=ORIENTED_EDGE('',*,*,#118,.F.);
#1215=PLANE('',#1216);
#1216=AXIS2_PLACEMENT_3D('',#1217,#1218,#1219);
#1217=CARTESIAN_POINT('',(-1.744750658,-0.744750658,1.59));
#1218=DIRECTION('',(0.0,0.0,1.0));
#1219=DIRECTION('',(1.0,0.0,0.0));
#1220=ADVANCED_FACE('NONE',(#1221),#1239,.T.);
#1221=FACE_BOUND('NONE',#1222,.T.);
#1222=EDGE_LOOP('',(#1223,#1224,#1225,#1233));
#1223=ORIENTED_EDGE('',*,*,#306,.F.);
#1224=ORIENTED_EDGE('',*,*,#485,.F.);
#1225=ORIENTED_EDGE('',*,*,#1226,.T.);
#1226=EDGE_CURVE('NONE',#478,#1227,#1229,.F.);
#1227=VERTEX_POINT('NONE',#1228);
#1228=CARTESIAN_POINT('',(-0.28,-0.825257985,0.38));
#1229=LINE('',#1230,#1231);
#1230=CARTESIAN_POINT('',(-0.28,-0.825257985,0.38));
#1231=VECTOR('',#1232,1.0);
#1232=DIRECTION('',(0.0,0.0,-1.0));
#1233=ORIENTED_EDGE('',*,*,#1234,.T.);
#1234=EDGE_CURVE('NONE',#1227,#281,#1235,.T.);
#1235=LINE('',#1236,#1237);
#1236=CARTESIAN_POINT('',(-0.28,3.076789949E-17,0.38));
#1237=VECTOR('',#1238,1.0);
#1238=DIRECTION('',(-1.098853553E-16,-1.0,0.0));
#1239=PLANE('',#1240);
#1240=AXIS2_PLACEMENT_3D('',#1241,#1242,#1243);
#1241=CARTESIAN_POINT('',(-0.28,3.076789949E-17,0.38));
#1242=DIRECTION('',(1.0,-1.098853553E-16,0.0));
#1243=DIRECTION('',(1.098853553E-16,1.0,0.0));
#1244=ADVANCED_FACE('NONE',(#1245),#1263,.F.);
#1245=FACE_BOUND('NONE',#1246,.T.);
#1246=EDGE_LOOP('',(#1247,#1255,#1261,#1262));
#1247=ORIENTED_EDGE('',*,*,#1248,.T.);
#1248=EDGE_CURVE('NONE',#211,#1249,#1251,.F.);
#1249=VERTEX_POINT('NONE',#1250);
#1250=CARTESIAN_POINT('',(0.28,-0.825257985,0.38));
#1251=LINE('',#1252,#1253);
#1252=CARTESIAN_POINT('',(0.28,-3.076789949E-17,0.38));
#1253=VECTOR('',#1254,1.0);
#1254=DIRECTION('',(-1.098853553E-16,-1.0,0.0));
#1255=ORIENTED_EDGE('',*,*,#1256,.T.);
#1256=EDGE_CURVE('NONE',#1249,#330,#1257,.T.);
#1257=LINE('',#1258,#1259);
#1258=CARTESIAN_POINT('',(0.28,-0.825257985,0.38));
#1259=VECTOR('',#1260,1.0);
#1260=DIRECTION('',(0.0,0.0,-1.0));
#1261=ORIENTED_EDGE('',*,*,#329,.F.);
#1262=ORIENTED_EDGE('',*,*,#218,.F.);
#1263=PLANE('',#1264);
#1264=AXIS2_PLACEMENT_3D('',#1265,#1266,#1267);
#1265=CARTESIAN_POINT('',(0.28,-3.076789949E-17,0.38));
#1266=DIRECTION('',(1.0,-1.098853553E-16,0.0));
#1267=DIRECTION('',(1.098853553E-16,1.0,0.0));
#1268=ADVANCED_FACE('NONE',(#1269),#1287,.F.);
#1269=FACE_BOUND('NONE',#1270,.T.);
#1270=EDGE_LOOP('',(#1271,#1272,#1273,#1281));
#1271=ORIENTED_EDGE('',*,*,#337,.F.);
#1272=ORIENTED_EDGE('',*,*,#1256,.F.);
#1273=ORIENTED_EDGE('',*,*,#1274,.T.);
#1274=EDGE_CURVE('NONE',#1249,#1275,#1277,.F.);
#1275=VERTEX_POINT('NONE',#1276);
#1276=CARTESIAN_POINT('',(0.755,-0.825257985,0.38));
#1277=LINE('',#1278,#1279);
#1278=CARTESIAN_POINT('',(0.0,-0.825257985,0.38));
#1279=VECTOR('',#1280,1.0);
#1280=DIRECTION('',(-1.0,0.0,0.0));
#1281=ORIENTED_EDGE('',*,*,#1282,.T.);
#1282=EDGE_CURVE('NONE',#1275,#338,#1283,.T.);
#1283=LINE('',#1284,#1285);
#1284=CARTESIAN_POINT('',(0.755,-0.825257985,0.38));
#1285=VECTOR('',#1286,1.0);
#1286=DIRECTION('',(0.0,0.0,-1.0));
#1287=PLANE('',#1288);
#1288=AXIS2_PLACEMENT_3D('',#1289,#1290,#1291);
#1289=CARTESIAN_POINT('',(0.0,-0.825257985,0.38));
#1290=DIRECTION('',(0.0,-1.0,0.0));
#1291=DIRECTION('',(0.0,0.0,-1.0));
#1292=ADVANCED_FACE('NONE',(#1293),#1312,.F.);
#1293=FACE_BOUND('NONE',#1294,.T.);
#1294=EDGE_LOOP('',(#1295,#1296,#1297,#1306));
#1295=ORIENTED_EDGE('',*,*,#345,.F.);
#1296=ORIENTED_EDGE('',*,*,#1282,.F.);
#1297=ORIENTED_EDGE('',*,*,#1298,.T.);
#1298=EDGE_CURVE('NONE',#1275,#1299,#1301,.F.);
#1299=VERTEX_POINT('NONE',#1300);
#1300=CARTESIAN_POINT('',(0.855,-0.725257985,0.38));
#1301=CIRCLE('',#1302,0.1);
#1302=AXIS2_PLACEMENT_3D('',#1303,#1304,#1305);
#1303=CARTESIAN_POINT('',(0.755,-0.725257985,0.38));
#1304=DIRECTION('',(0.0,0.0,-1.0));
#1305=DIRECTION('',(-1.0,0.0,0.0));
#1306=ORIENTED_EDGE('',*,*,#1307,.T.);
#1307=EDGE_CURVE('NONE',#1299,#346,#1308,.T.);
#1308=LINE('',#1309,#1310);
#1309=CARTESIAN_POINT('',(0.855,-0.725257985,0.38));
#1310=VECTOR('',#1311,1.0);
#1311=DIRECTION('',(0.0,0.0,-1.0));
#1312=CYLINDRICAL_SURFACE('',#1313,0.1);
#1313=AXIS2_PLACEMENT_3D('',#1314,#1315,#1316);
#1314=CARTESIAN_POINT('',(0.755,-0.725257985,0.38));
#1315=DIRECTION('',(0.0,0.0,-1.0));
#1316=DIRECTION('',(-1.0,0.0,0.0));
#1317=ADVANCED_FACE('NONE',(#1318),#1329,.F.);
#1318=FACE_BOUND('NONE',#1319,.T.);
#1319=EDGE_LOOP('',(#1320,#1321,#1322,#1328));
#1320=ORIENTED_EDGE('',*,*,#354,.F.);
#1321=ORIENTED_EDGE('',*,*,#1307,.F.);
#1322=ORIENTED_EDGE('',*,*,#1323,.T.);
#1323=EDGE_CURVE('NONE',#1299,#547,#1324,.F.);
#1324=LINE('',#1325,#1326);
#1325=CARTESIAN_POINT('',(0.855,2.037115931E-16,0.38));
#1326=VECTOR('',#1327,1.0);
#1327=DIRECTION('',(2.382591732E-16,-1.0,0.0));
#1328=ORIENTED_EDGE('',*,*,#546,.F.);
#1329=PLANE('',#1330);
#1330=AXIS2_PLACEMENT_3D('',#1331,#1332,#1333);
#1331=CARTESIAN_POINT('',(0.855,2.037115931E-16,0.38));
#1332=DIRECTION('',(1.0,2.382591732E-16,0.0));
#1333=DIRECTION('',(-2.382591732E-16,1.0,0.0));
#1334=ADVANCED_FACE('NONE',(#1335),#1353,.T.);
#1335=FACE_BOUND('NONE',#1336,.T.);
#1336=EDGE_LOOP('',(#1337,#1338,#1339,#1347));
#1337=ORIENTED_EDGE('',*,*,#460,.F.);
#1338=ORIENTED_EDGE('',*,*,#160,.F.);
#1339=ORIENTED_EDGE('',*,*,#1340,.T.);
#1340=EDGE_CURVE('NONE',#161,#1341,#1343,.T.);
#1341=VERTEX_POINT('NONE',#1342);
#1342=CARTESIAN_POINT('',(-0.855,-0.725257985,0.38));
#1343=LINE('',#1344,#1345);
#1344=CARTESIAN_POINT('',(-0.855,4.074231862E-17,0.38));
#1345=VECTOR('',#1346,1.0);
#1346=DIRECTION('',(-4.765183464E-17,-1.0,0.0));
#1347=ORIENTED_EDGE('',*,*,#1348,.T.);
#1348=EDGE_CURVE('NONE',#1341,#461,#1349,.T.);
#1349=LINE('',#1350,#1351);
#1350=CARTESIAN_POINT('',(-0.855,-0.725257985,0.38));
#1351=VECTOR('',#1352,1.0);
#1352=DIRECTION('',(0.0,0.0,-1.0));
#1353=PLANE('',#1354);
#1354=AXIS2_PLACEMENT_3D('',#1355,#1356,#1357);
#1355=CARTESIAN_POINT('',(-0.855,4.074231862E-17,0.38));
#1356=DIRECTION('',(1.0,-4.765183464E-17,0.0));
#1357=DIRECTION('',(4.765183464E-17,1.0,0.0));
#1358=ADVANCED_FACE('NONE',(#1359),#1378,.F.);
#1359=FACE_BOUND('NONE',#1360,.T.);
#1360=EDGE_LOOP('',(#1361,#1362,#1363,#1372));
#1361=ORIENTED_EDGE('',*,*,#468,.F.);
#1362=ORIENTED_EDGE('',*,*,#1348,.F.);
#1363=ORIENTED_EDGE('',*,*,#1364,.T.);
#1364=EDGE_CURVE('NONE',#1341,#1365,#1367,.F.);
#1365=VERTEX_POINT('NONE',#1366);
#1366=CARTESIAN_POINT('',(-0.755,-0.825257985,0.38));
#1367=CIRCLE('',#1368,0.1);
#1368=AXIS2_PLACEMENT_3D('',#1369,#1370,#1371);
#1369=CARTESIAN_POINT('',(-0.755,-0.725257985,0.38));
#1370=DIRECTION('',(0.0,0.0,-1.0));
#1371=DIRECTION('',(-1.0,0.0,0.0));
#1372=ORIENTED_EDGE('',*,*,#1373,.T.);
#1373=EDGE_CURVE('NONE',#1365,#469,#1374,.T.);
#1374=LINE('',#1375,#1376);
#1375=CARTESIAN_POINT('',(-0.755,-0.825257985,0.38));
#1376=VECTOR('',#1377,1.0);
#1377=DIRECTION('',(0.0,0.0,-1.0));
#1378=CYLINDRICAL_SURFACE('',#1379,0.1);
#1379=AXIS2_PLACEMENT_3D('',#1380,#1381,#1382);
#1380=CARTESIAN_POINT('',(-0.755,-0.725257985,0.38));
#1381=DIRECTION('',(0.0,0.0,-1.0));
#1382=DIRECTION('',(-1.0,0.0,0.0));
#1383=ADVANCED_FACE('NONE',(#1384),#1395,.F.);
#1384=FACE_BOUND('NONE',#1385,.T.);
#1385=EDGE_LOOP('',(#1386,#1387,#1388,#1394));
#1386=ORIENTED_EDGE('',*,*,#477,.F.);
#1387=ORIENTED_EDGE('',*,*,#1373,.F.);
#1388=ORIENTED_EDGE('',*,*,#1389,.T.);
#1389=EDGE_CURVE('NONE',#1365,#1227,#1390,.F.);
#1390=LINE('',#1391,#1392);
#1391=CARTESIAN_POINT('',(0.0,-0.825257985,0.38));
#1392=VECTOR('',#1393,1.0);
#1393=DIRECTION('',(-1.0,0.0,0.0));
#1394=ORIENTED_EDGE('',*,*,#1226,.F.);
#1395=PLANE('',#1396);
#1396=AXIS2_PLACEMENT_3D('',#1397,#1398,#1399);
#1397=CARTESIAN_POINT('',(0.0,-0.825257985,0.38));
#1398=DIRECTION('',(0.0,-1.0,0.0));
#1399=DIRECTION('',(0.0,0.0,-1.0));
#1400=ADVANCED_FACE('NONE',(#1401),#1413,.T.);
#1401=FACE_BOUND('NONE',#1402,.T.);
#1402=EDGE_LOOP('',(#1403,#1404,#1405,#1406,#1407,#1408,#1409,#1410,#1411,#1412));
#1403=ORIENTED_EDGE('',*,*,#1234,.F.);
#1404=ORIENTED_EDGE('',*,*,#1389,.F.);
#1405=ORIENTED_EDGE('',*,*,#1364,.F.);
#1406=ORIENTED_EDGE('',*,*,#1340,.F.);
#1407=ORIENTED_EDGE('',*,*,#727,.F.);
#1408=ORIENTED_EDGE('',*,*,#1323,.F.);
#1409=ORIENTED_EDGE('',*,*,#1298,.F.);
#1410=ORIENTED_EDGE('',*,*,#1274,.F.);
#1411=ORIENTED_EDGE('',*,*,#1248,.F.);
#1412=ORIENTED_EDGE('',*,*,#882,.F.);
#1413=PLANE('',#1414);
#1414=AXIS2_PLACEMENT_3D('',#1415,#1416,#1417);
#1415=CARTESIAN_POINT('',(0.0,0.0,0.38));
#1416=DIRECTION('',(0.0,0.0,-1.0));
#1417=DIRECTION('',(-1.0,0.0,0.0));
#1418=ADVANCED_FACE('NONE',(#1419),#1437,.T.);
#1419=FACE_BOUND('NONE',#1420,.T.);
#1420=EDGE_LOOP('',(#1421,#1422,#1423,#1431));
#1421=ORIENTED_EDGE('',*,*,#240,.F.);
#1422=ORIENTED_EDGE('',*,*,#426,.F.);
#1423=ORIENTED_EDGE('',*,*,#1424,.T.);
#1424=EDGE_CURVE('NONE',#427,#1425,#1427,.F.);
#1425=VERTEX_POINT('NONE',#1426);
#1426=CARTESIAN_POINT('',(-1.74,-0.823,0.38));
#1427=LINE('',#1428,#1429);
#1428=CARTESIAN_POINT('',(-1.74,-0.823,0.38));
#1429=VECTOR('',#1430,1.0);
#1430=DIRECTION('',(0.0,0.0,-1.0));
#1431=ORIENTED_EDGE('',*,*,#1432,.T.);
#1432=EDGE_CURVE('NONE',#1425,#243,#1433,.T.);
#1433=LINE('',#1434,#1435);
#1434=CARTESIAN_POINT('',(-1.74,2.554518321E-16,0.38));
#1435=VECTOR('',#1436,1.0);
#1436=DIRECTION('',(-1.468113978E-16,-1.0,0.0));
#1437=PLANE('',#1438);
#1438=AXIS2_PLACEMENT_3D('',#1439,#1440,#1441);
#1439=CARTESIAN_POINT('',(-1.74,2.554518321E-16,0.38));
#1440=DIRECTION('',(1.0,-1.468113978E-16,0.0));
#1441=DIRECTION('',(1.468113978E-16,1.0,0.0));
#1442=ADVANCED_FACE('NONE',(#1443),#1461,.F.);
#1443=FACE_BOUND('NONE',#1444,.T.);
#1444=EDGE_LOOP('',(#1445,#1453,#1459,#1460));
#1445=ORIENTED_EDGE('',*,*,#1446,.T.);
#1446=EDGE_CURVE('NONE',#283,#1447,#1449,.F.);
#1447=VERTEX_POINT('NONE',#1448);
#1448=CARTESIAN_POINT('',(-1.26,-0.823,0.38));
#1449=LINE('',#1450,#1451);
#1450=CARTESIAN_POINT('',(-1.26,1.849823612E-16,0.38));
#1451=VECTOR('',#1452,1.0);
#1452=DIRECTION('',(-1.468113978E-16,-1.0,0.0));
#1453=ORIENTED_EDGE('',*,*,#1454,.T.);
#1454=EDGE_CURVE('NONE',#1447,#493,#1455,.T.);
#1455=LINE('',#1456,#1457);
#1456=CARTESIAN_POINT('',(-1.26,-0.823,0.38));
#1457=VECTOR('',#1458,1.0);
#1458=DIRECTION('',(0.0,0.0,-1.0));
#1459=ORIENTED_EDGE('',*,*,#492,.F.);
#1460=ORIENTED_EDGE('',*,*,#290,.F.);
#1461=PLANE('',#1462);
#1462=AXIS2_PLACEMENT_3D('',#1463,#1464,#1465);
#1463=CARTESIAN_POINT('',(-1.26,1.849823612E-16,0.38));
#1464=DIRECTION('',(1.0,-1.468113978E-16,0.0));
#1465=DIRECTION('',(1.468113978E-16,1.0,0.0));
#1466=ADVANCED_FACE('NONE',(#1467),#1478,.F.);
#1467=FACE_BOUND('NONE',#1468,.T.);
#1468=EDGE_LOOP('',(#1469,#1470,#1471,#1477));
#1469=ORIENTED_EDGE('',*,*,#500,.F.);
#1470=ORIENTED_EDGE('',*,*,#1454,.F.);
#1471=ORIENTED_EDGE('',*,*,#1472,.T.);
#1472=EDGE_CURVE('NONE',#1447,#1425,#1473,.F.);
#1473=LINE('',#1474,#1475);
#1474=CARTESIAN_POINT('',(1.858954975E-16,-0.823,0.38));
#1475=VECTOR('',#1476,1.0);
#1476=DIRECTION('',(1.0,2.258754526E-16,0.0));
#1477=ORIENTED_EDGE('',*,*,#1424,.F.);
#1478=PLANE('',#1479);
#1479=AXIS2_PLACEMENT_3D('',#1480,#1481,#1482);
#1480=CARTESIAN_POINT('',(1.858954975E-16,-0.823,0.38));
#1481=DIRECTION('',(-2.258754526E-16,1.0,0.0));
#1482=DIRECTION('',(-1.0,-2.258754526E-16,0.0));
#1483=ADVANCED_FACE('NONE',(#1484),#1490,.T.);
#1484=FACE_BOUND('NONE',#1485,.T.);
#1485=EDGE_LOOP('',(#1486,#1487,#1488,#1489));
#1486=ORIENTED_EDGE('',*,*,#1432,.F.);
#1487=ORIENTED_EDGE('',*,*,#1472,.F.);
#1488=ORIENTED_EDGE('',*,*,#1446,.F.);
#1489=ORIENTED_EDGE('',*,*,#875,.F.);
#1490=PLANE('',#1491);
#1491=AXIS2_PLACEMENT_3D('',#1492,#1493,#1494);
#1492=CARTESIAN_POINT('',(0.0,0.0,0.38));
#1493=DIRECTION('',(0.0,0.0,-1.0));
#1494=DIRECTION('',(-1.0,0.0,0.0));
#1495=ADVANCED_FACE('NONE',(#1496),#1514,.T.);
#1496=FACE_BOUND('NONE',#1497,.T.);
#1497=EDGE_LOOP('',(#1498,#1499,#1500,#1508));
#1498=ORIENTED_EDGE('',*,*,#200,.F.);
#1499=ORIENTED_EDGE('',*,*,#320,.F.);
#1500=ORIENTED_EDGE('',*,*,#1501,.T.);
#1501=EDGE_CURVE('NONE',#321,#1502,#1504,.F.);
#1502=VERTEX_POINT('NONE',#1503);
#1503=CARTESIAN_POINT('',(1.26,-0.823,0.38));
#1504=LINE('',#1505,#1506);
#1505=CARTESIAN_POINT('',(1.26,-0.823,0.38));
#1506=VECTOR('',#1507,1.0);
#1507=DIRECTION('',(0.0,0.0,-1.0));
#1508=ORIENTED_EDGE('',*,*,#1509,.T.);
#1509=EDGE_CURVE('NONE',#1502,#203,#1510,.T.);
#1510=LINE('',#1511,#1512);
#1511=CARTESIAN_POINT('',(1.26,-1.849823612E-16,0.38));
#1512=VECTOR('',#1513,1.0);
#1513=DIRECTION('',(-1.468113978E-16,-1.0,0.0));
#1514=PLANE('',#1515);
#1515=AXIS2_PLACEMENT_3D('',#1516,#1517,#1518);
#1516=CARTESIAN_POINT('',(1.26,-1.849823612E-16,0.38));
#1517=DIRECTION('',(1.0,-1.468113978E-16,0.0));
#1518=DIRECTION('',(1.468113978E-16,1.0,0.0));
#1519=ADVANCED_FACE('NONE',(#1520),#1538,.F.);
#1520=FACE_BOUND('NONE',#1521,.T.);
#1521=EDGE_LOOP('',(#1522,#1530,#1536,#1537));
#1522=ORIENTED_EDGE('',*,*,#1523,.T.);
#1523=EDGE_CURVE('NONE',#610,#1524,#1526,.F.);
#1524=VERTEX_POINT('NONE',#1525);
#1525=CARTESIAN_POINT('',(1.74,-0.823,0.38));
#1526=LINE('',#1527,#1528);
#1527=CARTESIAN_POINT('',(1.74,-2.554518321E-16,0.38));
#1528=VECTOR('',#1529,1.0);
#1529=DIRECTION('',(-1.468113978E-16,-1.0,0.0));
#1530=ORIENTED_EDGE('',*,*,#1531,.T.);
#1531=EDGE_CURVE('NONE',#1524,#405,#1532,.T.);
#1532=LINE('',#1533,#1534);
#1533=CARTESIAN_POINT('',(1.74,-0.823,0.38));
#1534=VECTOR('',#1535,1.0);
#1535=DIRECTION('',(0.0,0.0,-1.0));
#1536=ORIENTED_EDGE('',*,*,#404,.F.);
#1537=ORIENTED_EDGE('',*,*,#617,.F.);
#1538=PLANE('',#1539);
#1539=AXIS2_PLACEMENT_3D('',#1540,#1541,#1542);
#1540=CARTESIAN_POINT('',(1.74,-2.554518321E-16,0.38));
#1541=DIRECTION('',(1.0,-1.468113978E-16,0.0));
#1542=DIRECTION('',(1.468113978E-16,1.0,0.0));
#1543=ADVANCED_FACE('NONE',(#1544),#1555,.T.);
#1544=FACE_BOUND('NONE',#1545,.T.);
#1545=EDGE_LOOP('',(#1546,#1547,#1548,#1554));
#1546=ORIENTED_EDGE('',*,*,#412,.F.);
#1547=ORIENTED_EDGE('',*,*,#1531,.F.);
#1548=ORIENTED_EDGE('',*,*,#1549,.T.);
#1549=EDGE_CURVE('NONE',#1524,#1502,#1550,.T.);
#1550=LINE('',#1551,#1552);
#1551=CARTESIAN_POINT('',(-1.858954975E-16,-0.823,0.38));
#1552=VECTOR('',#1553,1.0);
#1553=DIRECTION('',(-1.0,2.258754526E-16,0.0));
#1554=ORIENTED_EDGE('',*,*,#1501,.F.);
#1555=PLANE('',#1556);
#1556=AXIS2_PLACEMENT_3D('',#1557,#1558,#1559);
#1557=CARTESIAN_POINT('',(-1.858954975E-16,-0.823,0.38));
#1558=DIRECTION('',(-2.258754526E-16,-1.0,0.0));
#1559=DIRECTION('',(1.0,-2.258754526E-16,0.0));
#1560=ADVANCED_FACE('NONE',(#1561),#1567,.T.);
#1561=FACE_BOUND('NONE',#1562,.T.);
#1562=EDGE_LOOP('',(#1563,#1564,#1565,#1566));
#1563=ORIENTED_EDGE('',*,*,#1509,.F.);
#1564=ORIENTED_EDGE('',*,*,#1549,.F.);
#1565=ORIENTED_EDGE('',*,*,#1523,.F.);
#1566=ORIENTED_EDGE('',*,*,#889,.F.);
#1567=PLANE('',#1568);
#1568=AXIS2_PLACEMENT_3D('',#1569,#1570,#1571);
#1569=CARTESIAN_POINT('',(0.0,0.0,0.38));
#1570=DIRECTION('',(0.0,0.0,-1.0));
#1571=DIRECTION('',(-1.0,0.0,0.0));
#1572=MANIFOLD_SOLID_BREP('Boss-Extrude3[1]',#1573);
#1573=CLOSED_SHELL('NONE',(#1574,#1614,#1645,#1676,#1698,#1710));
#1574=ADVANCED_FACE('NONE',(#1575),#1609,.F.);
#1575=FACE_BOUND('NONE',#1576,.T.);
#1576=EDGE_LOOP('',(#1577,#1587,#1595,#1603));
#1577=ORIENTED_EDGE('',*,*,#1578,.T.);
#1578=EDGE_CURVE('NONE',#1579,#1581,#1583,.T.);
#1579=VERTEX_POINT('NONE',#1580);
#1580=CARTESIAN_POINT('',(1.26,-0.823,0.0));
#1581=VERTEX_POINT('NONE',#1582);
#1582=CARTESIAN_POINT('',(1.26,-2.3,0.0));
#1583=LINE('',#1584,#1585);
#1584=CARTESIAN_POINT('',(1.26,-1.849823612E-16,0.0));
#1585=VECTOR('',#1586,1.0);
#1586=DIRECTION('',(-1.468113978E-16,-1.0,0.0));
#1587=ORIENTED_EDGE('',*,*,#1588,.T.);
#1588=EDGE_CURVE('NONE',#1581,#1589,#1591,.F.);
#1589=VERTEX_POINT('NONE',#1590);
#1590=CARTESIAN_POINT('',(1.26,-2.3,0.38));
#1591=LINE('',#1592,#1593);
#1592=CARTESIAN_POINT('',(1.26,-2.3,0.38));
#1593=VECTOR('',#1594,1.0);
#1594=DIRECTION('',(0.0,0.0,-1.0));
#1595=ORIENTED_EDGE('',*,*,#1596,.T.);
#1596=EDGE_CURVE('NONE',#1589,#1597,#1599,.F.);
#1597=VERTEX_POINT('NONE',#1598);
#1598=CARTESIAN_POINT('',(1.26,-0.823,0.38));
#1599=LINE('',#1600,#1601);
#1600=CARTESIAN_POINT('',(1.26,-1.849823612E-16,0.38));
#1601=VECTOR('',#1602,1.0);
#1602=DIRECTION('',(-1.468113978E-16,-1.0,0.0));
#1603=ORIENTED_EDGE('',*,*,#1604,.T.);
#1604=EDGE_CURVE('NONE',#1597,#1579,#1605,.T.);
#1605=LINE('',#1606,#1607);
#1606=CARTESIAN_POINT('',(1.26,-0.823,0.38));
#1607=VECTOR('',#1608,1.0);
#1608=DIRECTION('',(0.0,0.0,-1.0));
#1609=PLANE('',#1610);
#1610=AXIS2_PLACEMENT_3D('',#1611,#1612,#1613);
#1611=CARTESIAN_POINT('',(1.26,-1.849823612E-16,0.38));
#1612=DIRECTION('',(1.0,-1.468113978E-16,0.0));
#1613=DIRECTION('',(1.468113978E-16,1.0,0.0));
#1614=ADVANCED_FACE('NONE',(#1615),#1640,.T.);
#1615=FACE_BOUND('NONE',#1616,.T.);
#1616=EDGE_LOOP('',(#1617,#1625,#1633,#1639));
#1617=ORIENTED_EDGE('',*,*,#1618,.T.);
#1618=EDGE_CURVE('NONE',#1581,#1619,#1621,.F.);
#1619=VERTEX_POINT('NONE',#1620);
#1620=CARTESIAN_POINT('',(1.74,-2.3,0.0));
#1621=LINE('',#1622,#1623);
#1622=CARTESIAN_POINT('',(0.0,-2.3,0.0));
#1623=VECTOR('',#1624,1.0);
#1624=DIRECTION('',(-1.0,0.0,0.0));
#1625=ORIENTED_EDGE('',*,*,#1626,.T.);
#1626=EDGE_CURVE('NONE',#1619,#1627,#1629,.F.);
#1627=VERTEX_POINT('NONE',#1628);
#1628=CARTESIAN_POINT('',(1.74,-2.3,0.38));
#1629=LINE('',#1630,#1631);
#1630=CARTESIAN_POINT('',(1.74,-2.3,0.38));
#1631=VECTOR('',#1632,1.0);
#1632=DIRECTION('',(0.0,0.0,-1.0));
#1633=ORIENTED_EDGE('',*,*,#1634,.T.);
#1634=EDGE_CURVE('NONE',#1627,#1589,#1635,.T.);
#1635=LINE('',#1636,#1637);
#1636=CARTESIAN_POINT('',(0.0,-2.3,0.38));
#1637=VECTOR('',#1638,1.0);
#1638=DIRECTION('',(-1.0,0.0,0.0));
#1639=ORIENTED_EDGE('',*,*,#1588,.F.);
#1640=PLANE('',#1641);
#1641=AXIS2_PLACEMENT_3D('',#1642,#1643,#1644);
#1642=CARTESIAN_POINT('',(0.0,-2.3,0.38));
#1643=DIRECTION('',(0.0,-1.0,0.0));
#1644=DIRECTION('',(0.0,0.0,-1.0));
#1645=ADVANCED_FACE('NONE',(#1646),#1671,.T.);
#1646=FACE_BOUND('NONE',#1647,.T.);
#1647=EDGE_LOOP('',(#1648,#1656,#1664,#1670));
#1648=ORIENTED_EDGE('',*,*,#1649,.T.);
#1649=EDGE_CURVE('NONE',#1619,#1650,#1652,.F.);
#1650=VERTEX_POINT('NONE',#1651);
#1651=CARTESIAN_POINT('',(1.74,-0.823,0.0));
#1652=LINE('',#1653,#1654);
#1653=CARTESIAN_POINT('',(1.74,-2.554518321E-16,0.0));
#1654=VECTOR('',#1655,1.0);
#1655=DIRECTION('',(-1.468113978E-16,-1.0,0.0));
#1656=ORIENTED_EDGE('',*,*,#1657,.T.);
#1657=EDGE_CURVE('NONE',#1650,#1658,#1660,.F.);
#1658=VERTEX_POINT('NONE',#1659);
#1659=CARTESIAN_POINT('',(1.74,-0.823,0.38));
#1660=LINE('',#1661,#1662);
#1661=CARTESIAN_POINT('',(1.74,-0.823,0.38));
#1662=VECTOR('',#1663,1.0);
#1663=DIRECTION('',(0.0,0.0,-1.0));
#1664=ORIENTED_EDGE('',*,*,#1665,.T.);
#1665=EDGE_CURVE('NONE',#1658,#1627,#1666,.T.);
#1666=LINE('',#1667,#1668);
#1667=CARTESIAN_POINT('',(1.74,-2.554518321E-16,0.38));
#1668=VECTOR('',#1669,1.0);
#1669=DIRECTION('',(-1.468113978E-16,-1.0,0.0));
#1670=ORIENTED_EDGE('',*,*,#1626,.F.);
#1671=PLANE('',#1672);
#1672=AXIS2_PLACEMENT_3D('',#1673,#1674,#1675);
#1673=CARTESIAN_POINT('',(1.74,-2.554518321E-16,0.38));
#1674=DIRECTION('',(1.0,-1.468113978E-16,0.0));
#1675=DIRECTION('',(1.468113978E-16,1.0,0.0));
#1676=ADVANCED_FACE('NONE',(#1677),#1693,.F.);
#1677=FACE_BOUND('NONE',#1678,.T.);
#1678=EDGE_LOOP('',(#1679,#1685,#1686,#1692));
#1679=ORIENTED_EDGE('',*,*,#1680,.T.);
#1680=EDGE_CURVE('NONE',#1650,#1579,#1681,.T.);
#1681=LINE('',#1682,#1683);
#1682=CARTESIAN_POINT('',(-1.858954975E-16,-0.823,0.0));
#1683=VECTOR('',#1684,1.0);
#1684=DIRECTION('',(-1.0,2.258754526E-16,0.0));
#1685=ORIENTED_EDGE('',*,*,#1604,.F.);
#1686=ORIENTED_EDGE('',*,*,#1687,.T.);
#1687=EDGE_CURVE('NONE',#1597,#1658,#1688,.F.);
#1688=LINE('',#1689,#1690);
#1689=CARTESIAN_POINT('',(-1.858954975E-16,-0.823,0.38));
#1690=VECTOR('',#1691,1.0);
#1691=DIRECTION('',(-1.0,2.258754526E-16,0.0));
#1692=ORIENTED_EDGE('',*,*,#1657,.F.);
#1693=PLANE('',#1694);
#1694=AXIS2_PLACEMENT_3D('',#1695,#1696,#1697);
#1695=CARTESIAN_POINT('',(-1.858954975E-16,-0.823,0.38));
#1696=DIRECTION('',(-2.258754526E-16,-1.0,0.0));
#1697=DIRECTION('',(1.0,-2.258754526E-16,0.0));
#1698=ADVANCED_FACE('NONE',(#1699),#1705,.F.);
#1699=FACE_BOUND('NONE',#1700,.T.);
#1700=EDGE_LOOP('',(#1701,#1702,#1703,#1704));
#1701=ORIENTED_EDGE('',*,*,#1596,.F.);
#1702=ORIENTED_EDGE('',*,*,#1634,.F.);
#1703=ORIENTED_EDGE('',*,*,#1665,.F.);
#1704=ORIENTED_EDGE('',*,*,#1687,.F.);
#1705=PLANE('',#1706);
#1706=AXIS2_PLACEMENT_3D('',#1707,#1708,#1709);
#1707=CARTESIAN_POINT('',(0.0,0.0,0.38));
#1708=DIRECTION('',(0.0,0.0,-1.0));
#1709=DIRECTION('',(-1.0,0.0,0.0));
#1710=ADVANCED_FACE('NONE',(#1711),#1717,.T.);
#1711=FACE_BOUND('NONE',#1712,.T.);
#1712=EDGE_LOOP('',(#1713,#1714,#1715,#1716));
#1713=ORIENTED_EDGE('',*,*,#1578,.F.);
#1714=ORIENTED_EDGE('',*,*,#1680,.F.);
#1715=ORIENTED_EDGE('',*,*,#1649,.F.);
#1716=ORIENTED_EDGE('',*,*,#1618,.F.);
#1717=PLANE('',#1718);
#1718=AXIS2_PLACEMENT_3D('',#1719,#1720,#1721);
#1719=CARTESIAN_POINT('',(0.0,0.0,0.0));
#1720=DIRECTION('',(0.0,0.0,-1.0));
#1721=DIRECTION('',(-1.0,0.0,0.0));
#1722=MANIFOLD_SOLID_BREP('Boss-Extrude3[2]',#1723);
#1723=CLOSED_SHELL('NONE',(#1724,#1764,#1795,#1826,#1848,#1860));
#1724=ADVANCED_FACE('NONE',(#1725),#1759,.F.);
#1725=FACE_BOUND('NONE',#1726,.T.);
#1726=EDGE_LOOP('',(#1727,#1737,#1745,#1753));
#1727=ORIENTED_EDGE('',*,*,#1728,.T.);
#1728=EDGE_CURVE('NONE',#1729,#1731,#1733,.T.);
#1729=VERTEX_POINT('NONE',#1730);
#1730=CARTESIAN_POINT('',(-1.74,-0.823,0.0));
#1731=VERTEX_POINT('NONE',#1732);
#1732=CARTESIAN_POINT('',(-1.74,-2.3,0.0));
#1733=LINE('',#1734,#1735);
#1734=CARTESIAN_POINT('',(-1.74,2.554518321E-16,0.0));
#1735=VECTOR('',#1736,1.0);
#1736=DIRECTION('',(-1.468113978E-16,-1.0,0.0));
#1737=ORIENTED_EDGE('',*,*,#1738,.T.);
#1738=EDGE_CURVE('NONE',#1731,#1739,#1741,.F.);
#1739=VERTEX_POINT('NONE',#1740);
#1740=CARTESIAN_POINT('',(-1.74,-2.3,0.38));
#1741=LINE('',#1742,#1743);
#1742=CARTESIAN_POINT('',(-1.74,-2.3,0.38));
#1743=VECTOR('',#1744,1.0);
#1744=DIRECTION('',(0.0,0.0,-1.0));
#1745=ORIENTED_EDGE('',*,*,#1746,.T.);
#1746=EDGE_CURVE('NONE',#1739,#1747,#1749,.F.);
#1747=VERTEX_POINT('NONE',#1748);
#1748=CARTESIAN_POINT('',(-1.74,-0.823,0.38));
#1749=LINE('',#1750,#1751);
#1750=CARTESIAN_POINT('',(-1.74,2.554518321E-16,0.38));
#1751=VECTOR('',#1752,1.0);
#1752=DIRECTION('',(-1.468113978E-16,-1.0,0.0));
#1753=ORIENTED_EDGE('',*,*,#1754,.T.);
#1754=EDGE_CURVE('NONE',#1747,#1729,#1755,.T.);
#1755=LINE('',#1756,#1757);
#1756=CARTESIAN_POINT('',(-1.74,-0.823,0.38));
#1757=VECTOR('',#1758,1.0);
#1758=DIRECTION('',(0.0,0.0,-1.0));
#1759=PLANE('',#1760);
#1760=AXIS2_PLACEMENT_3D('',#1761,#1762,#1763);
#1761=CARTESIAN_POINT('',(-1.74,2.554518321E-16,0.38));
#1762=DIRECTION('',(1.0,-1.468113978E-16,0.0));
#1763=DIRECTION('',(1.468113978E-16,1.0,0.0));
#1764=ADVANCED_FACE('NONE',(#1765),#1790,.F.);
#1765=FACE_BOUND('NONE',#1766,.T.);
#1766=EDGE_LOOP('',(#1767,#1775,#1783,#1789));
#1767=ORIENTED_EDGE('',*,*,#1768,.T.);
#1768=EDGE_CURVE('NONE',#1731,#1769,#1771,.T.);
#1769=VERTEX_POINT('NONE',#1770);
#1770=CARTESIAN_POINT('',(-1.26,-2.3,0.0));
#1771=LINE('',#1772,#1773);
#1772=CARTESIAN_POINT('',(0.0,-2.3,0.0));
#1773=VECTOR('',#1774,1.0);
#1774=DIRECTION('',(1.0,0.0,0.0));
#1775=ORIENTED_EDGE('',*,*,#1776,.T.);
#1776=EDGE_CURVE('NONE',#1769,#1777,#1779,.F.);
#1777=VERTEX_POINT('NONE',#1778);
#1778=CARTESIAN_POINT('',(-1.26,-2.3,0.38));
#1779=LINE('',#1780,#1781);
#1780=CARTESIAN_POINT('',(-1.26,-2.3,0.38));
#1781=VECTOR('',#1782,1.0);
#1782=DIRECTION('',(0.0,0.0,-1.0));
#1783=ORIENTED_EDGE('',*,*,#1784,.T.);
#1784=EDGE_CURVE('NONE',#1777,#1739,#1785,.F.);
#1785=LINE('',#1786,#1787);
#1786=CARTESIAN_POINT('',(0.0,-2.3,0.38));
#1787=VECTOR('',#1788,1.0);
#1788=DIRECTION('',(1.0,0.0,0.0));
#1789=ORIENTED_EDGE('',*,*,#1738,.F.);
#1790=PLANE('',#1791);
#1791=AXIS2_PLACEMENT_3D('',#1792,#1793,#1794);
#1792=CARTESIAN_POINT('',(0.0,-2.3,0.38));
#1793=DIRECTION('',(0.0,1.0,0.0));
#1794=DIRECTION('',(0.0,0.0,1.0));
#1795=ADVANCED_FACE('NONE',(#1796),#1821,.T.);
#1796=FACE_BOUND('NONE',#1797,.T.);
#1797=EDGE_LOOP('',(#1798,#1806,#1814,#1820));
#1798=ORIENTED_EDGE('',*,*,#1799,.T.);
#1799=EDGE_CURVE('NONE',#1769,#1800,#1802,.F.);
#1800=VERTEX_POINT('NONE',#1801);
#1801=CARTESIAN_POINT('',(-1.26,-0.823,0.0));
#1802=LINE('',#1803,#1804);
#1803=CARTESIAN_POINT('',(-1.26,1.849823612E-16,0.0));
#1804=VECTOR('',#1805,1.0);
#1805=DIRECTION('',(-1.468113978E-16,-1.0,0.0));
#1806=ORIENTED_EDGE('',*,*,#1807,.T.);
#1807=EDGE_CURVE('NONE',#1800,#1808,#1810,.F.);
#1808=VERTEX_POINT('NONE',#1809);
#1809=CARTESIAN_POINT('',(-1.26,-0.823,0.38));
#1810=LINE('',#1811,#1812);
#1811=CARTESIAN_POINT('',(-1.26,-0.823,0.38));
#1812=VECTOR('',#1813,1.0);
#1813=DIRECTION('',(0.0,0.0,-1.0));
#1814=ORIENTED_EDGE('',*,*,#1815,.T.);
#1815=EDGE_CURVE('NONE',#1808,#1777,#1816,.T.);
#1816=LINE('',#1817,#1818);
#1817=CARTESIAN_POINT('',(-1.26,1.849823612E-16,0.38));
#1818=VECTOR('',#1819,1.0);
#1819=DIRECTION('',(-1.468113978E-16,-1.0,0.0));
#1820=ORIENTED_EDGE('',*,*,#1776,.F.);
#1821=PLANE('',#1822);
#1822=AXIS2_PLACEMENT_3D('',#1823,#1824,#1825);
#1823=CARTESIAN_POINT('',(-1.26,1.849823612E-16,0.38));
#1824=DIRECTION('',(1.0,-1.468113978E-16,0.0));
#1825=DIRECTION('',(1.468113978E-16,1.0,0.0));
#1826=ADVANCED_FACE('NONE',(#1827),#1843,.T.);
#1827=FACE_BOUND('NONE',#1828,.T.);
#1828=EDGE_LOOP('',(#1829,#1835,#1836,#1842));
#1829=ORIENTED_EDGE('',*,*,#1830,.T.);
#1830=EDGE_CURVE('NONE',#1800,#1729,#1831,.F.);
#1831=LINE('',#1832,#1833);
#1832=CARTESIAN_POINT('',(1.858954975E-16,-0.823,0.0));
#1833=VECTOR('',#1834,1.0);
#1834=DIRECTION('',(1.0,2.258754526E-16,0.0));
#1835=ORIENTED_EDGE('',*,*,#1754,.F.);
#1836=ORIENTED_EDGE('',*,*,#1837,.T.);
#1837=EDGE_CURVE('NONE',#1747,#1808,#1838,.T.);
#1838=LINE('',#1839,#1840);
#1839=CARTESIAN_POINT('',(1.858954975E-16,-0.823,0.38));
#1840=VECTOR('',#1841,1.0);
#1841=DIRECTION('',(1.0,2.258754526E-16,0.0));
#1842=ORIENTED_EDGE('',*,*,#1807,.F.);
#1843=PLANE('',#1844);
#1844=AXIS2_PLACEMENT_3D('',#1845,#1846,#1847);
#1845=CARTESIAN_POINT('',(1.858954975E-16,-0.823,0.38));
#1846=DIRECTION('',(-2.258754526E-16,1.0,0.0));
#1847=DIRECTION('',(-1.0,-2.258754526E-16,0.0));
#1848=ADVANCED_FACE('NONE',(#1849),#1855,.F.);
#1849=FACE_BOUND('NONE',#1850,.T.);
#1850=EDGE_LOOP('',(#1851,#1852,#1853,#1854));
#1851=ORIENTED_EDGE('',*,*,#1746,.F.);
#1852=ORIENTED_EDGE('',*,*,#1784,.F.);
#1853=ORIENTED_EDGE('',*,*,#1815,.F.);
#1854=ORIENTED_EDGE('',*,*,#1837,.F.);
#1855=PLANE('',#1856);
#1856=AXIS2_PLACEMENT_3D('',#1857,#1858,#1859);
#1857=CARTESIAN_POINT('',(0.0,0.0,0.38));
#1858=DIRECTION('',(0.0,0.0,-1.0));
#1859=DIRECTION('',(-1.0,0.0,0.0));
#1860=ADVANCED_FACE('NONE',(#1861),#1867,.T.);
#1861=FACE_BOUND('NONE',#1862,.T.);
#1862=EDGE_LOOP('',(#1863,#1864,#1865,#1866));
#1863=ORIENTED_EDGE('',*,*,#1728,.F.);
#1864=ORIENTED_EDGE('',*,*,#1830,.F.);
#1865=ORIENTED_EDGE('',*,*,#1799,.F.);
#1866=ORIENTED_EDGE('',*,*,#1768,.F.);
#1867=PLANE('',#1868);
#1868=AXIS2_PLACEMENT_3D('',#1869,#1870,#1871);
#1869=CARTESIAN_POINT('',(0.0,0.0,0.0));
#1870=DIRECTION('',(0.0,0.0,-1.0));
#1871=DIRECTION('',(-1.0,0.0,0.0));
#1872=MANIFOLD_SOLID_BREP('Boss-Extrude3[3]',#1873);
#1873=CLOSED_SHELL('NONE',(#1874,#1914,#1945,#1976,#2007,#2040,#2071,#2104,#2135,#2168,#2199,#2232,#2254,#2274));
#1874=ADVANCED_FACE('NONE',(#1875),#1909,.F.);
#1875=FACE_BOUND('NONE',#1876,.T.);
#1876=EDGE_LOOP('',(#1877,#1887,#1895,#1903));
#1877=ORIENTED_EDGE('',*,*,#1878,.T.);
#1878=EDGE_CURVE('NONE',#1879,#1881,#1883,.T.);
#1879=VERTEX_POINT('NONE',#1880);
#1880=CARTESIAN_POINT('',(-0.28,-0.825257985,0.0));
#1881=VERTEX_POINT('NONE',#1882);
#1882=CARTESIAN_POINT('',(-0.28,-2.303,0.0));
#1883=LINE('',#1884,#1885);
#1884=CARTESIAN_POINT('',(-0.28,3.076789949E-17,0.0));
#1885=VECTOR('',#1886,1.0);
#1886=DIRECTION('',(-1.098853553E-16,-1.0,0.0));
#1887=ORIENTED_EDGE('',*,*,#1888,.T.);
#1888=EDGE_CURVE('NONE',#1881,#1889,#1891,.F.);
#1889=VERTEX_POINT('NONE',#1890);
#1890=CARTESIAN_POINT('',(-0.28,-2.303,0.38));
#1891=LINE('',#1892,#1893);
#1892=CARTESIAN_POINT('',(-0.28,-2.303,0.38));
#1893=VECTOR('',#1894,1.0);
#1894=DIRECTION('',(0.0,0.0,-1.0));
#1895=ORIENTED_EDGE('',*,*,#1896,.T.);
#1896=EDGE_CURVE('NONE',#1889,#1897,#1899,.F.);
#1897=VERTEX_POINT('NONE',#1898);
#1898=CARTESIAN_POINT('',(-0.28,-0.825257985,0.38));
#1899=LINE('',#1900,#1901);
#1900=CARTESIAN_POINT('',(-0.28,3.076789949E-17,0.38));
#1901=VECTOR('',#1902,1.0);
#1902=DIRECTION('',(-1.098853553E-16,-1.0,0.0));
#1903=ORIENTED_EDGE('',*,*,#1904,.T.);
#1904=EDGE_CURVE('NONE',#1897,#1879,#1905,.T.);
#1905=LINE('',#1906,#1907);
#1906=CARTESIAN_POINT('',(-0.28,-0.825257985,0.38));
#1907=VECTOR('',#1908,1.0);
#1908=DIRECTION('',(0.0,0.0,-1.0));
#1909=PLANE('',#1910);
#1910=AXIS2_PLACEMENT_3D('',#1911,#1912,#1913);
#1911=CARTESIAN_POINT('',(-0.28,3.076789949E-17,0.38));
#1912=DIRECTION('',(1.0,-1.098853553E-16,0.0));
#1913=DIRECTION('',(1.098853553E-16,1.0,0.0));
#1914=ADVANCED_FACE('NONE',(#1915),#1940,.T.);
#1915=FACE_BOUND('NONE',#1916,.T.);
#1916=EDGE_LOOP('',(#1917,#1925,#1933,#1939));
#1917=ORIENTED_EDGE('',*,*,#1918,.T.);
#1918=EDGE_CURVE('NONE',#1881,#1919,#1921,.F.);
#1919=VERTEX_POINT('NONE',#1920);
#1920=CARTESIAN_POINT('',(0.28,-2.303,0.0));
#1921=LINE('',#1922,#1923);
#1922=CARTESIAN_POINT('',(0.0,-2.303,0.0));
#1923=VECTOR('',#1924,1.0);
#1924=DIRECTION('',(-1.0,0.0,0.0));
#1925=ORIENTED_EDGE('',*,*,#1926,.T.);
#1926=EDGE_CURVE('NONE',#1919,#1927,#1929,.F.);
#1927=VERTEX_POINT('NONE',#1928);
#1928=CARTESIAN_POINT('',(0.28,-2.303,0.38));
#1929=LINE('',#1930,#1931);
#1930=CARTESIAN_POINT('',(0.28,-2.303,0.38));
#1931=VECTOR('',#1932,1.0);
#1932=DIRECTION('',(0.0,0.0,-1.0));
#1933=ORIENTED_EDGE('',*,*,#1934,.T.);
#1934=EDGE_CURVE('NONE',#1927,#1889,#1935,.T.);
#1935=LINE('',#1936,#1937);
#1936=CARTESIAN_POINT('',(0.0,-2.303,0.38));
#1937=VECTOR('',#1938,1.0);
#1938=DIRECTION('',(-1.0,0.0,0.0));
#1939=ORIENTED_EDGE('',*,*,#1888,.F.);
#1940=PLANE('',#1941);
#1941=AXIS2_PLACEMENT_3D('',#1942,#1943,#1944);
#1942=CARTESIAN_POINT('',(0.0,-2.303,0.38));
#1943=DIRECTION('',(0.0,-1.0,0.0));
#1944=DIRECTION('',(0.0,0.0,-1.0));
#1945=ADVANCED_FACE('NONE',(#1946),#1971,.T.);
#1946=FACE_BOUND('NONE',#1947,.T.);
#1947=EDGE_LOOP('',(#1948,#1956,#1964,#1970));
#1948=ORIENTED_EDGE('',*,*,#1949,.T.);
#1949=EDGE_CURVE('NONE',#1919,#1950,#1952,.F.);
#1950=VERTEX_POINT('NONE',#1951);
#1951=CARTESIAN_POINT('',(0.28,-0.825257985,0.0));
#1952=LINE('',#1953,#1954);
#1953=CARTESIAN_POINT('',(0.28,-3.076789949E-17,0.0));
#1954=VECTOR('',#1955,1.0);
#1955=DIRECTION('',(-1.098853553E-16,-1.0,0.0));
#1956=ORIENTED_EDGE('',*,*,#1957,.T.);
#1957=EDGE_CURVE('NONE',#1950,#1958,#1960,.F.);
#1958=VERTEX_POINT('NONE',#1959);
#1959=CARTESIAN_POINT('',(0.28,-0.825257985,0.38));
#1960=LINE('',#1961,#1962);
#1961=CARTESIAN_POINT('',(0.28,-0.825257985,0.38));
#1962=VECTOR('',#1963,1.0);
#1963=DIRECTION('',(0.0,0.0,-1.0));
#1964=ORIENTED_EDGE('',*,*,#1965,.T.);
#1965=EDGE_CURVE('NONE',#1958,#1927,#1966,.T.);
#1966=LINE('',#1967,#1968);
#1967=CARTESIAN_POINT('',(0.28,-3.076789949E-17,0.38));
#1968=VECTOR('',#1969,1.0);
#1969=DIRECTION('',(-1.098853553E-16,-1.0,0.0));
#1970=ORIENTED_EDGE('',*,*,#1926,.F.);
#1971=PLANE('',#1972);
#1972=AXIS2_PLACEMENT_3D('',#1973,#1974,#1975);
#1973=CARTESIAN_POINT('',(0.28,-3.076789949E-17,0.38));
#1974=DIRECTION('',(1.0,-1.098853553E-16,0.0));
#1975=DIRECTION('',(1.098853553E-16,1.0,0.0));
#1976=ADVANCED_FACE('NONE',(#1977),#2002,.T.);
#1977=FACE_BOUND('NONE',#1978,.T.);
#1978=EDGE_LOOP('',(#1979,#1987,#1995,#2001));
#1979=ORIENTED_EDGE('',*,*,#1980,.T.);
#1980=EDGE_CURVE('NONE',#1950,#1981,#1983,.F.);
#1981=VERTEX_POINT('NONE',#1982);
#1982=CARTESIAN_POINT('',(0.755,-0.825257985,0.0));
#1983=LINE('',#1984,#1985);
#1984=CARTESIAN_POINT('',(0.0,-0.825257985,0.0));
#1985=VECTOR('',#1986,1.0);
#1986=DIRECTION('',(-1.0,0.0,0.0));
#1987=ORIENTED_EDGE('',*,*,#1988,.T.);
#1988=EDGE_CURVE('NONE',#1981,#1989,#1991,.F.);
#1989=VERTEX_POINT('NONE',#1990);
#1990=CARTESIAN_POINT('',(0.755,-0.825257985,0.38));
#1991=LINE('',#1992,#1993);
#1992=CARTESIAN_POINT('',(0.755,-0.825257985,0.38));
#1993=VECTOR('',#1994,1.0);
#1994=DIRECTION('',(0.0,0.0,-1.0));
#1995=ORIENTED_EDGE('',*,*,#1996,.T.);
#1996=EDGE_CURVE('NONE',#1989,#1958,#1997,.T.);
#1997=LINE('',#1998,#1999);
#1998=CARTESIAN_POINT('',(0.0,-0.825257985,0.38));
#1999=VECTOR('',#2000,1.0);
#2000=DIRECTION('',(-1.0,0.0,0.0));
#2001=ORIENTED_EDGE('',*,*,#1957,.F.);
#2002=PLANE('',#2003);
#2003=AXIS2_PLACEMENT_3D('',#2004,#2005,#2006);
#2004=CARTESIAN_POINT('',(0.0,-0.825257985,0.38));
#2005=DIRECTION('',(0.0,-1.0,0.0));
#2006=DIRECTION('',(0.0,0.0,-1.0));
#2007=ADVANCED_FACE('NONE',(#2008),#2035,.T.);
#2008=FACE_BOUND('NONE',#2009,.T.);
#2009=EDGE_LOOP('',(#2010,#2019,#2027,#2034));
#2010=ORIENTED_EDGE('',*,*,#2011,.T.);
#2011=EDGE_CURVE('NONE',#1981,#2012,#2014,.F.);
#2012=VERTEX_POINT('NONE',#2013);
#2013=CARTESIAN_POINT('',(0.855,-0.725257985,0.0));
#2014=CIRCLE('',#2015,0.1);
#2015=AXIS2_PLACEMENT_3D('',#2016,#2017,#2018);
#2016=CARTESIAN_POINT('',(0.755,-0.725257985,0.0));
#2017=DIRECTION('',(0.0,0.0,-1.0));
#2018=DIRECTION('',(-1.0,0.0,0.0));
#2019=ORIENTED_EDGE('',*,*,#2020,.T.);
#2020=EDGE_CURVE('NONE',#2012,#2021,#2023,.F.);
#2021=VERTEX_POINT('NONE',#2022);
#2022=CARTESIAN_POINT('',(0.855,-0.725257985,0.38));
#2023=LINE('',#2024,#2025);
#2024=CARTESIAN_POINT('',(0.855,-0.725257985,0.38));
#2025=VECTOR('',#2026,1.0);
#2026=DIRECTION('',(0.0,0.0,-1.0));
#2027=ORIENTED_EDGE('',*,*,#2028,.T.);
#2028=EDGE_CURVE('NONE',#2021,#1989,#2029,.T.);
#2029=CIRCLE('',#2030,0.1);
#2030=AXIS2_PLACEMENT_3D('',#2031,#2032,#2033);
#2031=CARTESIAN_POINT('',(0.755,-0.725257985,0.38));
#2032=DIRECTION('',(0.0,0.0,-1.0));
#2033=DIRECTION('',(-1.0,0.0,0.0));
#2034=ORIENTED_EDGE('',*,*,#1988,.F.);
#2035=CYLINDRICAL_SURFACE('',#2036,0.1);
#2036=AXIS2_PLACEMENT_3D('',#2037,#2038,#2039);
#2037=CARTESIAN_POINT('',(0.755,-0.725257985,0.38));
#2038=DIRECTION('',(0.0,0.0,-1.0));
#2039=DIRECTION('',(-1.0,0.0,0.0));
#2040=ADVANCED_FACE('NONE',(#2041),#2066,.T.);
#2041=FACE_BOUND('NONE',#2042,.T.);
#2042=EDGE_LOOP('',(#2043,#2051,#2059,#2065));
#2043=ORIENTED_EDGE('',*,*,#2044,.T.);
#2044=EDGE_CURVE('NONE',#2012,#2045,#2047,.F.);
#2045=VERTEX_POINT('NONE',#2046);
#2046=CARTESIAN_POINT('',(0.855,1.55,0.0));
#2047=LINE('',#2048,#2049);
#2048=CARTESIAN_POINT('',(0.855,2.037115931E-16,0.0));
#2049=VECTOR('',#2050,1.0);
#2050=DIRECTION('',(2.382591732E-16,-1.0,0.0));
#2051=ORIENTED_EDGE('',*,*,#2052,.T.);
#2052=EDGE_CURVE('NONE',#2045,#2053,#2055,.F.);
#2053=VERTEX_POINT('NONE',#2054);
#2054=CARTESIAN_POINT('',(0.855,1.55,0.38));
#2055=LINE('',#2056,#2057);
#2056=CARTESIAN_POINT('',(0.855,1.55,0.38));
#2057=VECTOR('',#2058,1.0);
#2058=DIRECTION('',(0.0,0.0,-1.0));
#2059=ORIENTED_EDGE('',*,*,#2060,.T.);
#2060=EDGE_CURVE('NONE',#2053,#2021,#2061,.T.);
#2061=LINE('',#2062,#2063);
#2062=CARTESIAN_POINT('',(0.855,2.037115931E-16,0.38));
#2063=VECTOR('',#2064,1.0);
#2064=DIRECTION('',(2.382591732E-16,-1.0,0.0));
#2065=ORIENTED_EDGE('',*,*,#2020,.F.);
#2066=PLANE('',#2067);
#2067=AXIS2_PLACEMENT_3D('',#2068,#2069,#2070);
#2068=CARTESIAN_POINT('',(0.855,2.037115931E-16,0.38));
#2069=DIRECTION('',(1.0,2.382591732E-16,0.0));
#2070=DIRECTION('',(-2.382591732E-16,1.0,0.0));
#2071=ADVANCED_FACE('NONE',(#2072),#2099,.T.);
#2072=FACE_BOUND('NONE',#2073,.T.);
#2073=EDGE_LOOP('',(#2074,#2083,#2091,#2098));
#2074=ORIENTED_EDGE('',*,*,#2075,.T.);
#2075=EDGE_CURVE('NONE',#2045,#2076,#2078,.F.);
#2076=VERTEX_POINT('NONE',#2077);
#2077=CARTESIAN_POINT('',(0.605,1.8,0.0));
#2078=CIRCLE('',#2079,0.25);
#2079=AXIS2_PLACEMENT_3D('',#2080,#2081,#2082);
#2080=CARTESIAN_POINT('',(0.605,1.55,0.0));
#2081=DIRECTION('',(0.0,0.0,-1.0));
#2082=DIRECTION('',(-1.0,0.0,0.0));
#2083=ORIENTED_EDGE('',*,*,#2084,.T.);
#2084=EDGE_CURVE('NONE',#2076,#2085,#2087,.F.);
#2085=VERTEX_POINT('NONE',#2086);
#2086=CARTESIAN_POINT('',(0.605,1.8,0.38));
#2087=LINE('',#2088,#2089);
#2088=CARTESIAN_POINT('',(0.605,1.8,0.38));
#2089=VECTOR('',#2090,1.0);
#2090=DIRECTION('',(0.0,0.0,-1.0));
#2091=ORIENTED_EDGE('',*,*,#2092,.T.);
#2092=EDGE_CURVE('NONE',#2085,#2053,#2093,.T.);
#2093=CIRCLE('',#2094,0.25);
#2094=AXIS2_PLACEMENT_3D('',#2095,#2096,#2097);
#2095=CARTESIAN_POINT('',(0.605,1.55,0.38));
#2096=DIRECTION('',(0.0,0.0,-1.0));
#2097=DIRECTION('',(-1.0,0.0,0.0));
#2098=ORIENTED_EDGE('',*,*,#2052,.F.);
#2099=CYLINDRICAL_SURFACE('',#2100,0.25);
#2100=AXIS2_PLACEMENT_3D('',#2101,#2102,#2103);
#2101=CARTESIAN_POINT('',(0.605,1.55,0.38));
#2102=DIRECTION('',(0.0,0.0,-1.0));
#2103=DIRECTION('',(-1.0,0.0,0.0));
#2104=ADVANCED_FACE('NONE',(#2105),#2130,.F.);
#2105=FACE_BOUND('NONE',#2106,.T.);
#2106=EDGE_LOOP('',(#2107,#2115,#2123,#2129));
#2107=ORIENTED_EDGE('',*,*,#2108,.T.);
#2108=EDGE_CURVE('NONE',#2076,#2109,#2111,.T.);
#2109=VERTEX_POINT('NONE',#2110);
#2110=CARTESIAN_POINT('',(-0.605,1.8,0.0));
#2111=LINE('',#2112,#2113);
#2112=CARTESIAN_POINT('',(0.0,1.8,0.0));
#2113=VECTOR('',#2114,1.0);
#2114=DIRECTION('',(-1.0,0.0,0.0));
#2115=ORIENTED_EDGE('',*,*,#2116,.T.);
#2116=EDGE_CURVE('NONE',#2109,#2117,#2119,.F.);
#2117=VERTEX_POINT('NONE',#2118);
#2118=CARTESIAN_POINT('',(-0.605,1.8,0.38));
#2119=LINE('',#2120,#2121);
#2120=CARTESIAN_POINT('',(-0.605,1.8,0.38));
#2121=VECTOR('',#2122,1.0);
#2122=DIRECTION('',(0.0,0.0,-1.0));
#2123=ORIENTED_EDGE('',*,*,#2124,.T.);
#2124=EDGE_CURVE('NONE',#2117,#2085,#2125,.F.);
#2125=LINE('',#2126,#2127);
#2126=CARTESIAN_POINT('',(0.0,1.8,0.38));
#2127=VECTOR('',#2128,1.0);
#2128=DIRECTION('',(-1.0,0.0,0.0));
#2129=ORIENTED_EDGE('',*,*,#2084,.F.);
#2130=PLANE('',#2131);
#2131=AXIS2_PLACEMENT_3D('',#2132,#2133,#2134);
#2132=CARTESIAN_POINT('',(0.0,1.8,0.38));
#2133=DIRECTION('',(0.0,-1.0,0.0));
#2134=DIRECTION('',(0.0,0.0,-1.0));
#2135=ADVANCED_FACE('NONE',(#2136),#2163,.T.);
#2136=FACE_BOUND('NONE',#2137,.T.);
#2137=EDGE_LOOP('',(#2138,#2147,#2155,#2162));
#2138=ORIENTED_EDGE('',*,*,#2139,.T.);
#2139=EDGE_CURVE('NONE',#2109,#2140,#2142,.F.);
#2140=VERTEX_POINT('NONE',#2141);
#2141=CARTESIAN_POINT('',(-0.855,1.55,0.0));
#2142=CIRCLE('',#2143,0.25);
#2143=AXIS2_PLACEMENT_3D('',#2144,#2145,#2146);
#2144=CARTESIAN_POINT('',(-0.605,1.55,0.0));
#2145=DIRECTION('',(0.0,0.0,-1.0));
#2146=DIRECTION('',(-1.0,0.0,0.0));
#2147=ORIENTED_EDGE('',*,*,#2148,.T.);
#2148=EDGE_CURVE('NONE',#2140,#2149,#2151,.F.);
#2149=VERTEX_POINT('NONE',#2150);
#2150=CARTESIAN_POINT('',(-0.855,1.55,0.38));
#2151=LINE('',#2152,#2153);
#2152=CARTESIAN_POINT('',(-0.855,1.55,0.38));
#2153=VECTOR('',#2154,1.0);
#2154=DIRECTION('',(0.0,0.0,-1.0));
#2155=ORIENTED_EDGE('',*,*,#2156,.T.);
#2156=EDGE_CURVE('NONE',#2149,#2117,#2157,.T.);
#2157=CIRCLE('',#2158,0.25);
#2158=AXIS2_PLACEMENT_3D('',#2159,#2160,#2161);
#2159=CARTESIAN_POINT('',(-0.605,1.55,0.38));
#2160=DIRECTION('',(0.0,0.0,-1.0));
#2161=DIRECTION('',(-1.0,0.0,0.0));
#2162=ORIENTED_EDGE('',*,*,#2116,.F.);
#2163=CYLINDRICAL_SURFACE('',#2164,0.25);
#2164=AXIS2_PLACEMENT_3D('',#2165,#2166,#2167);
#2165=CARTESIAN_POINT('',(-0.605,1.55,0.38));
#2166=DIRECTION('',(0.0,0.0,-1.0));
#2167=DIRECTION('',(-1.0,0.0,0.0));
#2168=ADVANCED_FACE('NONE',(#2169),#2194,.F.);
#2169=FACE_BOUND('NONE',#2170,.T.);
#2170=EDGE_LOOP('',(#2171,#2179,#2187,#2193));
#2171=ORIENTED_EDGE('',*,*,#2172,.T.);
#2172=EDGE_CURVE('NONE',#2140,#2173,#2175,.T.);
#2173=VERTEX_POINT('NONE',#2174);
#2174=CARTESIAN_POINT('',(-0.855,-0.725257985,0.0));
#2175=LINE('',#2176,#2177);
#2176=CARTESIAN_POINT('',(-0.855,4.074231862E-17,0.0));
#2177=VECTOR('',#2178,1.0);
#2178=DIRECTION('',(-4.765183464E-17,-1.0,0.0));
#2179=ORIENTED_EDGE('',*,*,#2180,.T.);
#2180=EDGE_CURVE('NONE',#2173,#2181,#2183,.F.);
#2181=VERTEX_POINT('NONE',#2182);
#2182=CARTESIAN_POINT('',(-0.855,-0.725257985,0.38));
#2183=LINE('',#2184,#2185);
#2184=CARTESIAN_POINT('',(-0.855,-0.725257985,0.38));
#2185=VECTOR('',#2186,1.0);
#2186=DIRECTION('',(0.0,0.0,-1.0));
#2187=ORIENTED_EDGE('',*,*,#2188,.T.);
#2188=EDGE_CURVE('NONE',#2181,#2149,#2189,.F.);
#2189=LINE('',#2190,#2191);
#2190=CARTESIAN_POINT('',(-0.855,4.074231862E-17,0.38));
#2191=VECTOR('',#2192,1.0);
#2192=DIRECTION('',(-4.765183464E-17,-1.0,0.0));
#2193=ORIENTED_EDGE('',*,*,#2148,.F.);
#2194=PLANE('',#2195);
#2195=AXIS2_PLACEMENT_3D('',#2196,#2197,#2198);
#2196=CARTESIAN_POINT('',(-0.855,4.074231862E-17,0.38));
#2197=DIRECTION('',(1.0,-4.765183464E-17,0.0));
#2198=DIRECTION('',(4.765183464E-17,1.0,0.0));
#2199=ADVANCED_FACE('NONE',(#2200),#2227,.T.);
#2200=FACE_BOUND('NONE',#2201,.T.);
#2201=EDGE_LOOP('',(#2202,#2211,#2219,#2226));
#2202=ORIENTED_EDGE('',*,*,#2203,.T.);
#2203=EDGE_CURVE('NONE',#2173,#2204,#2206,.F.);
#2204=VERTEX_POINT('NONE',#2205);
#2205=CARTESIAN_POINT('',(-0.755,-0.825257985,0.0));
#2206=CIRCLE('',#2207,0.1);
#2207=AXIS2_PLACEMENT_3D('',#2208,#2209,#2210);
#2208=CARTESIAN_POINT('',(-0.755,-0.725257985,0.0));
#2209=DIRECTION('',(0.0,0.0,-1.0));
#2210=DIRECTION('',(-1.0,0.0,0.0));
#2211=ORIENTED_EDGE('',*,*,#2212,.T.);
#2212=EDGE_CURVE('NONE',#2204,#2213,#2215,.F.);
#2213=VERTEX_POINT('NONE',#2214);
#2214=CARTESIAN_POINT('',(-0.755,-0.825257985,0.38));
#2215=LINE('',#2216,#2217);
#2216=CARTESIAN_POINT('',(-0.755,-0.825257985,0.38));
#2217=VECTOR('',#2218,1.0);
#2218=DIRECTION('',(0.0,0.0,-1.0));
#2219=ORIENTED_EDGE('',*,*,#2220,.T.);
#2220=EDGE_CURVE('NONE',#2213,#2181,#2221,.T.);
#2221=CIRCLE('',#2222,0.1);
#2222=AXIS2_PLACEMENT_3D('',#2223,#2224,#2225);
#2223=CARTESIAN_POINT('',(-0.755,-0.725257985,0.38));
#2224=DIRECTION('',(0.0,0.0,-1.0));
#2225=DIRECTION('',(-1.0,0.0,0.0));
#2226=ORIENTED_EDGE('',*,*,#2180,.F.);
#2227=CYLINDRICAL_SURFACE('',#2228,0.1);
#2228=AXIS2_PLACEMENT_3D('',#2229,#2230,#2231);
#2229=CARTESIAN_POINT('',(-0.755,-0.725257985,0.38));
#2230=DIRECTION('',(0.0,0.0,-1.0));
#2231=DIRECTION('',(-1.0,0.0,0.0));
#2232=ADVANCED_FACE('NONE',(#2233),#2249,.T.);
#2233=FACE_BOUND('NONE',#2234,.T.);
#2234=EDGE_LOOP('',(#2235,#2241,#2242,#2248));
#2235=ORIENTED_EDGE('',*,*,#2236,.T.);
#2236=EDGE_CURVE('NONE',#2204,#1879,#2237,.F.);
#2237=LINE('',#2238,#2239);
#2238=CARTESIAN_POINT('',(0.0,-0.825257985,0.0));
#2239=VECTOR('',#2240,1.0);
#2240=DIRECTION('',(-1.0,0.0,0.0));
#2241=ORIENTED_EDGE('',*,*,#1904,.F.);
#2242=ORIENTED_EDGE('',*,*,#2243,.T.);
#2243=EDGE_CURVE('NONE',#1897,#2213,#2244,.T.);
#2244=LINE('',#2245,#2246);
#2245=CARTESIAN_POINT('',(0.0,-0.825257985,0.38));
#2246=VECTOR('',#2247,1.0);
#2247=DIRECTION('',(-1.0,0.0,0.0));
#2248=ORIENTED_EDGE('',*,*,#2212,.F.);
#2249=PLANE('',#2250);
#2250=AXIS2_PLACEMENT_3D('',#2251,#2252,#2253);
#2251=CARTESIAN_POINT('',(0.0,-0.825257985,0.38));
#2252=DIRECTION('',(0.0,-1.0,0.0));
#2253=DIRECTION('',(0.0,0.0,-1.0));
#2254=ADVANCED_FACE('NONE',(#2255),#2269,.F.);
#2255=FACE_BOUND('NONE',#2256,.T.);
#2256=EDGE_LOOP('',(#2257,#2258,#2259,#2260,#2261,#2262,#2263,#2264,#2265,#2266,#2267,#2268));
#2257=ORIENTED_EDGE('',*,*,#1896,.F.);
#2258=ORIENTED_EDGE('',*,*,#1934,.F.);
#2259=ORIENTED_EDGE('',*,*,#1965,.F.);
#2260=ORIENTED_EDGE('',*,*,#1996,.F.);
#2261=ORIENTED_EDGE('',*,*,#2028,.F.);
#2262=ORIENTED_EDGE('',*,*,#2060,.F.);
#2263=ORIENTED_EDGE('',*,*,#2092,.F.);
#2264=ORIENTED_EDGE('',*,*,#2124,.F.);
#2265=ORIENTED_EDGE('',*,*,#2156,.F.);
#2266=ORIENTED_EDGE('',*,*,#2188,.F.);
#2267=ORIENTED_EDGE('',*,*,#2220,.F.);
#2268=ORIENTED_EDGE('',*,*,#2243,.F.);
#2269=PLANE('',#2270);
#2270=AXIS2_PLACEMENT_3D('',#2271,#2272,#2273);
#2271=CARTESIAN_POINT('',(0.0,0.0,0.38));
#2272=DIRECTION('',(0.0,0.0,-1.0));
#2273=DIRECTION('',(-1.0,0.0,0.0));
#2274=ADVANCED_FACE('NONE',(#2275),#2289,.T.);
#2275=FACE_BOUND('NONE',#2276,.T.);
#2276=EDGE_LOOP('',(#2277,#2278,#2279,#2280,#2281,#2282,#2283,#2284,#2285,#2286,#2287,#2288));
#2277=ORIENTED_EDGE('',*,*,#1878,.F.);
#2278=ORIENTED_EDGE('',*,*,#2236,.F.);
#2279=ORIENTED_EDGE('',*,*,#2203,.F.);
#2280=ORIENTED_EDGE('',*,*,#2172,.F.);
#2281=ORIENTED_EDGE('',*,*,#2139,.F.);
#2282=ORIENTED_EDGE('',*,*,#2108,.F.);
#2283=ORIENTED_EDGE('',*,*,#2075,.F.);
#2284=ORIENTED_EDGE('',*,*,#2044,.F.);
#2285=ORIENTED_EDGE('',*,*,#2011,.F.);
#2286=ORIENTED_EDGE('',*,*,#1980,.F.);
#2287=ORIENTED_EDGE('',*,*,#1949,.F.);
#2288=ORIENTED_EDGE('',*,*,#1918,.F.);
#2289=PLANE('',#2290);
#2290=AXIS2_PLACEMENT_3D('',#2291,#2292,#2293);
#2291=CARTESIAN_POINT('',(0.0,0.0,0.0));
#2292=DIRECTION('',(0.0,0.0,-1.0));
#2293=DIRECTION('',(-1.0,0.0,0.0));
#2294=(GEOMETRIC_REPRESENTATION_CONTEXT(3)GLOBAL_UNCERTAINTY_ASSIGNED_CONTEXT((#2295))GLOBAL_UNIT_ASSIGNED_CONTEXT((#18,#19,#20))REPRESENTATION_CONTEXT('',''));
#2295=UNCERTAINTY_MEASURE_WITH_UNIT(LENGTH_MEASURE(2.225213135E-07),#18,'','maximum tolerance');
#2296=ADVANCED_BREP_SHAPE_REPRESENTATION('',(#24,#112,#1572,#1722,#1872,#9),#2294);
#2297=(REPRESENTATION_RELATIONSHIP('',$,#2296,#21)REPRESENTATION_RELATIONSHIP_WITH_TRANSFORMATION(#2298)SHAPE_REPRESENTATION_RELATIONSHIP());
#2298=ITEM_DEFINED_TRANSFORMATION('',$,#9,#9);
#2299=PRODUCT('BCX5616TA','BCX5616TA',$,(#3));
#2300=PRODUCT_DEFINITION_FORMATION('',$,#2299);
#2301=PRODUCT_DEFINITION('design',$,#2300,#6);
#2302=NEXT_ASSEMBLY_USAGE_OCCURRENCE('instance_1','','',#7,#2301,$);
#2303=PRODUCT_DEFINITION_SHAPE('',$,#2302);
#2304=CONTEXT_DEPENDENT_SHAPE_REPRESENTATION(#2297,#2303);
#2305=PRODUCT_DEFINITION_SHAPE('',$,#2301);
#2306=SHAPE_DEFINITION_REPRESENTATION(#2305,#2296);
#2307=PRODUCT_RELATED_PRODUCT_CATEGORY('part',$,(#2299));
#2308=STYLED_ITEM('',(#2309),#24);
#2309=PRESENTATION_STYLE_ASSIGNMENT((#2310));
#2310=SURFACE_STYLE_USAGE(.BOTH.,#2311);
#2311=SURFACE_SIDE_STYLE('',(#2312));
#2312=SURFACE_STYLE_FILL_AREA(#2313);
#2313=FILL_AREA_STYLE('',(#2315));
#2314=COLOUR_RGB('',0.286274523,0.286274523,0.286274523);
#2315=FILL_AREA_STYLE_COLOUR('',#2314);
#2316=OVER_RIDING_STYLED_ITEM('',(#2317),#26,#2308);
#2317=PRESENTATION_STYLE_ASSIGNMENT((#2318));
#2318=SURFACE_STYLE_USAGE(.BOTH.,#2319);
#2319=SURFACE_SIDE_STYLE('',(#2320));
#2320=SURFACE_STYLE_FILL_AREA(#2321);
#2321=FILL_AREA_STYLE('',(#2323));
#2322=COLOUR_RGB('',0.960784316,0.960784316,0.960784316);
#2323=FILL_AREA_STYLE_COLOUR('',#2322);
#2324=OVER_RIDING_STYLED_ITEM('',(#2325),#68,#2308);
#2325=PRESENTATION_STYLE_ASSIGNMENT((#2326));
#2326=SURFACE_STYLE_USAGE(.BOTH.,#2327);
#2327=SURFACE_SIDE_STYLE('',(#2328));
#2328=SURFACE_STYLE_FILL_AREA(#2329);
#2329=FILL_AREA_STYLE('',(#2331));
#2330=COLOUR_RGB('',0.960784316,0.960784316,0.960784316);
#2331=FILL_AREA_STYLE_COLOUR('',#2330);
#2332=OVER_RIDING_STYLED_ITEM('',(#2333),#92,#2308);
#2333=PRESENTATION_STYLE_ASSIGNMENT((#2334));
#2334=SURFACE_STYLE_USAGE(.BOTH.,#2335);
#2335=SURFACE_SIDE_STYLE('',(#2336));
#2336=SURFACE_STYLE_FILL_AREA(#2337);
#2337=FILL_AREA_STYLE('',(#2339));
#2338=COLOUR_RGB('',0.960784316,0.960784316,0.960784316);
#2339=FILL_AREA_STYLE_COLOUR('',#2338);
#2340=OVER_RIDING_STYLED_ITEM('',(#2341),#102,#2308);
#2341=PRESENTATION_STYLE_ASSIGNMENT((#2342));
#2342=SURFACE_STYLE_USAGE(.BOTH.,#2343);
#2343=SURFACE_SIDE_STYLE('',(#2344));
#2344=SURFACE_STYLE_FILL_AREA(#2345);
#2345=FILL_AREA_STYLE('',(#2347));
#2346=COLOUR_RGB('',0.960784316,0.960784316,0.960784316);
#2347=FILL_AREA_STYLE_COLOUR('',#2346);
#2348=STYLED_ITEM('',(#2349),#112);
#2349=PRESENTATION_STYLE_ASSIGNMENT((#2350));
#2350=SURFACE_STYLE_USAGE(.BOTH.,#2351);
#2351=SURFACE_SIDE_STYLE('',(#2352));
#2352=SURFACE_STYLE_FILL_AREA(#2353);
#2353=FILL_AREA_STYLE('',(#2355));
#2354=COLOUR_RGB('',0.286274523,0.286274523,0.286274523);
#2355=FILL_AREA_STYLE_COLOUR('',#2354);
#2356=STYLED_ITEM('',(#2357),#1572);
#2357=PRESENTATION_STYLE_ASSIGNMENT((#2358));
#2358=SURFACE_STYLE_USAGE(.BOTH.,#2359);
#2359=SURFACE_SIDE_STYLE('',(#2360));
#2360=SURFACE_STYLE_FILL_AREA(#2361);
#2361=FILL_AREA_STYLE('',(#2363));
#2362=COLOUR_RGB('',0.286274523,0.286274523,0.286274523);
#2363=FILL_AREA_STYLE_COLOUR('',#2362);
#2364=OVER_RIDING_STYLED_ITEM('',(#2365),#1574,#2356);
#2365=PRESENTATION_STYLE_ASSIGNMENT((#2366));
#2366=SURFACE_STYLE_USAGE(.BOTH.,#2367);
#2367=SURFACE_SIDE_STYLE('',(#2368));
#2368=SURFACE_STYLE_FILL_AREA(#2369);
#2369=FILL_AREA_STYLE('',(#2371));
#2370=COLOUR_RGB('',0.80392158,0.80392158,0.80392158);
#2371=FILL_AREA_STYLE_COLOUR('',#2370);
#2372=OVER_RIDING_STYLED_ITEM('',(#2373),#1614,#2356);
#2373=PRESENTATION_STYLE_ASSIGNMENT((#2374));
#2374=SURFACE_STYLE_USAGE(.BOTH.,#2375);
#2375=SURFACE_SIDE_STYLE('',(#2376));
#2376=SURFACE_STYLE_FILL_AREA(#2377);
#2377=FILL_AREA_STYLE('',(#2379));
#2378=COLOUR_RGB('',0.80392158,0.80392158,0.80392158);
#2379=FILL_AREA_STYLE_COLOUR('',#2378);
#2380=OVER_RIDING_STYLED_ITEM('',(#2381),#1645,#2356);
#2381=PRESENTATION_STYLE_ASSIGNMENT((#2382));
#2382=SURFACE_STYLE_USAGE(.BOTH.,#2383);
#2383=SURFACE_SIDE_STYLE('',(#2384));
#2384=SURFACE_STYLE_FILL_AREA(#2385);
#2385=FILL_AREA_STYLE('',(#2387));
#2386=COLOUR_RGB('',0.80392158,0.80392158,0.80392158);
#2387=FILL_AREA_STYLE_COLOUR('',#2386);
#2388=OVER_RIDING_STYLED_ITEM('',(#2389),#1676,#2356);
#2389=PRESENTATION_STYLE_ASSIGNMENT((#2390));
#2390=SURFACE_STYLE_USAGE(.BOTH.,#2391);
#2391=SURFACE_SIDE_STYLE('',(#2392));
#2392=SURFACE_STYLE_FILL_AREA(#2393);
#2393=FILL_AREA_STYLE('',(#2395));
#2394=COLOUR_RGB('',0.80392158,0.80392158,0.80392158);
#2395=FILL_AREA_STYLE_COLOUR('',#2394);
#2396=OVER_RIDING_STYLED_ITEM('',(#2397),#1698,#2356);
#2397=PRESENTATION_STYLE_ASSIGNMENT((#2398));
#2398=SURFACE_STYLE_USAGE(.BOTH.,#2399);
#2399=SURFACE_SIDE_STYLE('',(#2400));
#2400=SURFACE_STYLE_FILL_AREA(#2401);
#2401=FILL_AREA_STYLE('',(#2403));
#2402=COLOUR_RGB('',0.80392158,0.80392158,0.80392158);
#2403=FILL_AREA_STYLE_COLOUR('',#2402);
#2404=OVER_RIDING_STYLED_ITEM('',(#2405),#1710,#2356);
#2405=PRESENTATION_STYLE_ASSIGNMENT((#2406));
#2406=SURFACE_STYLE_USAGE(.BOTH.,#2407);
#2407=SURFACE_SIDE_STYLE('',(#2408));
#2408=SURFACE_STYLE_FILL_AREA(#2409);
#2409=FILL_AREA_STYLE('',(#2411));
#2410=COLOUR_RGB('',0.80392158,0.80392158,0.80392158);
#2411=FILL_AREA_STYLE_COLOUR('',#2410);
#2412=STYLED_ITEM('',(#2413),#1722);
#2413=PRESENTATION_STYLE_ASSIGNMENT((#2414));
#2414=SURFACE_STYLE_USAGE(.BOTH.,#2415);
#2415=SURFACE_SIDE_STYLE('',(#2416));
#2416=SURFACE_STYLE_FILL_AREA(#2417);
#2417=FILL_AREA_STYLE('',(#2419));
#2418=COLOUR_RGB('',0.286274523,0.286274523,0.286274523);
#2419=FILL_AREA_STYLE_COLOUR('',#2418);
#2420=OVER_RIDING_STYLED_ITEM('',(#2421),#1724,#2412);
#2421=PRESENTATION_STYLE_ASSIGNMENT((#2422));
#2422=SURFACE_STYLE_USAGE(.BOTH.,#2423);
#2423=SURFACE_SIDE_STYLE('',(#2424));
#2424=SURFACE_STYLE_FILL_AREA(#2425);
#2425=FILL_AREA_STYLE('',(#2427));
#2426=COLOUR_RGB('',0.80392158,0.80392158,0.80392158);
#2427=FILL_AREA_STYLE_COLOUR('',#2426);
#2428=OVER_RIDING_STYLED_ITEM('',(#2429),#1764,#2412);
#2429=PRESENTATION_STYLE_ASSIGNMENT((#2430));
#2430=SURFACE_STYLE_USAGE(.BOTH.,#2431);
#2431=SURFACE_SIDE_STYLE('',(#2432));
#2432=SURFACE_STYLE_FILL_AREA(#2433);
#2433=FILL_AREA_STYLE('',(#2435));
#2434=COLOUR_RGB('',0.80392158,0.80392158,0.80392158);
#2435=FILL_AREA_STYLE_COLOUR('',#2434);
#2436=OVER_RIDING_STYLED_ITEM('',(#2437),#1795,#2412);
#2437=PRESENTATION_STYLE_ASSIGNMENT((#2438));
#2438=SURFACE_STYLE_USAGE(.BOTH.,#2439);
#2439=SURFACE_SIDE_STYLE('',(#2440));
#2440=SURFACE_STYLE_FILL_AREA(#2441);
#2441=FILL_AREA_STYLE('',(#2443));
#2442=COLOUR_RGB('',0.80392158,0.80392158,0.80392158);
#2443=FILL_AREA_STYLE_COLOUR('',#2442);
#2444=OVER_RIDING_STYLED_ITEM('',(#2445),#1826,#2412);
#2445=PRESENTATION_STYLE_ASSIGNMENT((#2446));
#2446=SURFACE_STYLE_USAGE(.BOTH.,#2447);
#2447=SURFACE_SIDE_STYLE('',(#2448));
#2448=SURFACE_STYLE_FILL_AREA(#2449);
#2449=FILL_AREA_STYLE('',(#2451));
#2450=COLOUR_RGB('',0.80392158,0.80392158,0.80392158);
#2451=FILL_AREA_STYLE_COLOUR('',#2450);
#2452=OVER_RIDING_STYLED_ITEM('',(#2453),#1848,#2412);
#2453=PRESENTATION_STYLE_ASSIGNMENT((#2454));
#2454=SURFACE_STYLE_USAGE(.BOTH.,#2455);
#2455=SURFACE_SIDE_STYLE('',(#2456));
#2456=SURFACE_STYLE_FILL_AREA(#2457);
#2457=FILL_AREA_STYLE('',(#2459));
#2458=COLOUR_RGB('',0.80392158,0.80392158,0.80392158);
#2459=FILL_AREA_STYLE_COLOUR('',#2458);
#2460=OVER_RIDING_STYLED_ITEM('',(#2461),#1860,#2412);
#2461=PRESENTATION_STYLE_ASSIGNMENT((#2462));
#2462=SURFACE_STYLE_USAGE(.BOTH.,#2463);
#2463=SURFACE_SIDE_STYLE('',(#2464));
#2464=SURFACE_STYLE_FILL_AREA(#2465);
#2465=FILL_AREA_STYLE('',(#2467));
#2466=COLOUR_RGB('',0.80392158,0.80392158,0.80392158);
#2467=FILL_AREA_STYLE_COLOUR('',#2466);
#2468=STYLED_ITEM('',(#2469),#1872);
#2469=PRESENTATION_STYLE_ASSIGNMENT((#2470));
#2470=SURFACE_STYLE_USAGE(.BOTH.,#2471);
#2471=SURFACE_SIDE_STYLE('',(#2472));
#2472=SURFACE_STYLE_FILL_AREA(#2473);
#2473=FILL_AREA_STYLE('',(#2475));
#2474=COLOUR_RGB('',0.286274523,0.286274523,0.286274523);
#2475=FILL_AREA_STYLE_COLOUR('',#2474);
#2476=OVER_RIDING_STYLED_ITEM('',(#2477),#1874,#2468);
#2477=PRESENTATION_STYLE_ASSIGNMENT((#2478));
#2478=SURFACE_STYLE_USAGE(.BOTH.,#2479);
#2479=SURFACE_SIDE_STYLE('',(#2480));
#2480=SURFACE_STYLE_FILL_AREA(#2481);
#2481=FILL_AREA_STYLE('',(#2483));
#2482=COLOUR_RGB('',0.80392158,0.80392158,0.80392158);
#2483=FILL_AREA_STYLE_COLOUR('',#2482);
#2484=OVER_RIDING_STYLED_ITEM('',(#2485),#1914,#2468);
#2485=PRESENTATION_STYLE_ASSIGNMENT((#2486));
#2486=SURFACE_STYLE_USAGE(.BOTH.,#2487);
#2487=SURFACE_SIDE_STYLE('',(#2488));
#2488=SURFACE_STYLE_FILL_AREA(#2489);
#2489=FILL_AREA_STYLE('',(#2491));
#2490=COLOUR_RGB('',0.80392158,0.80392158,0.80392158);
#2491=FILL_AREA_STYLE_COLOUR('',#2490);
#2492=OVER_RIDING_STYLED_ITEM('',(#2493),#1945,#2468);
#2493=PRESENTATION_STYLE_ASSIGNMENT((#2494));
#2494=SURFACE_STYLE_USAGE(.BOTH.,#2495);
#2495=SURFACE_SIDE_STYLE('',(#2496));
#2496=SURFACE_STYLE_FILL_AREA(#2497);
#2497=FILL_AREA_STYLE('',(#2499));
#2498=COLOUR_RGB('',0.80392158,0.80392158,0.80392158);
#2499=FILL_AREA_STYLE_COLOUR('',#2498);
#2500=OVER_RIDING_STYLED_ITEM('',(#2501),#1976,#2468);
#2501=PRESENTATION_STYLE_ASSIGNMENT((#2502));
#2502=SURFACE_STYLE_USAGE(.BOTH.,#2503);
#2503=SURFACE_SIDE_STYLE('',(#2504));
#2504=SURFACE_STYLE_FILL_AREA(#2505);
#2505=FILL_AREA_STYLE('',(#2507));
#2506=COLOUR_RGB('',0.80392158,0.80392158,0.80392158);
#2507=FILL_AREA_STYLE_COLOUR('',#2506);
#2508=OVER_RIDING_STYLED_ITEM('',(#2509),#2007,#2468);
#2509=PRESENTATION_STYLE_ASSIGNMENT((#2510));
#2510=SURFACE_STYLE_USAGE(.BOTH.,#2511);
#2511=SURFACE_SIDE_STYLE('',(#2512));
#2512=SURFACE_STYLE_FILL_AREA(#2513);
#2513=FILL_AREA_STYLE('',(#2515));
#2514=COLOUR_RGB('',0.80392158,0.80392158,0.80392158);
#2515=FILL_AREA_STYLE_COLOUR('',#2514);
#2516=OVER_RIDING_STYLED_ITEM('',(#2517),#2040,#2468);
#2517=PRESENTATION_STYLE_ASSIGNMENT((#2518));
#2518=SURFACE_STYLE_USAGE(.BOTH.,#2519);
#2519=SURFACE_SIDE_STYLE('',(#2520));
#2520=SURFACE_STYLE_FILL_AREA(#2521);
#2521=FILL_AREA_STYLE('',(#2523));
#2522=COLOUR_RGB('',0.80392158,0.80392158,0.80392158);
#2523=FILL_AREA_STYLE_COLOUR('',#2522);
#2524=OVER_RIDING_STYLED_ITEM('',(#2525),#2071,#2468);
#2525=PRESENTATION_STYLE_ASSIGNMENT((#2526));
#2526=SURFACE_STYLE_USAGE(.BOTH.,#2527);
#2527=SURFACE_SIDE_STYLE('',(#2528));
#2528=SURFACE_STYLE_FILL_AREA(#2529);
#2529=FILL_AREA_STYLE('',(#2531));
#2530=COLOUR_RGB('',0.80392158,0.80392158,0.80392158);
#2531=FILL_AREA_STYLE_COLOUR('',#2530);
#2532=OVER_RIDING_STYLED_ITEM('',(#2533),#2104,#2468);
#2533=PRESENTATION_STYLE_ASSIGNMENT((#2534));
#2534=SURFACE_STYLE_USAGE(.BOTH.,#2535);
#2535=SURFACE_SIDE_STYLE('',(#2536));
#2536=SURFACE_STYLE_FILL_AREA(#2537);
#2537=FILL_AREA_STYLE('',(#2539));
#2538=COLOUR_RGB('',0.80392158,0.80392158,0.80392158);
#2539=FILL_AREA_STYLE_COLOUR('',#2538);
#2540=OVER_RIDING_STYLED_ITEM('',(#2541),#2135,#2468);
#2541=PRESENTATION_STYLE_ASSIGNMENT((#2542));
#2542=SURFACE_STYLE_USAGE(.BOTH.,#2543);
#2543=SURFACE_SIDE_STYLE('',(#2544));
#2544=SURFACE_STYLE_FILL_AREA(#2545);
#2545=FILL_AREA_STYLE('',(#2547));
#2546=COLOUR_RGB('',0.80392158,0.80392158,0.80392158);
#2547=FILL_AREA_STYLE_COLOUR('',#2546);
#2548=OVER_RIDING_STYLED_ITEM('',(#2549),#2168,#2468);
#2549=PRESENTATION_STYLE_ASSIGNMENT((#2550));
#2550=SURFACE_STYLE_USAGE(.BOTH.,#2551);
#2551=SURFACE_SIDE_STYLE('',(#2552));
#2552=SURFACE_STYLE_FILL_AREA(#2553);
#2553=FILL_AREA_STYLE('',(#2555));
#2554=COLOUR_RGB('',0.80392158,0.80392158,0.80392158);
#2555=FILL_AREA_STYLE_COLOUR('',#2554);
#2556=OVER_RIDING_STYLED_ITEM('',(#2557),#2199,#2468);
#2557=PRESENTATION_STYLE_ASSIGNMENT((#2558));
#2558=SURFACE_STYLE_USAGE(.BOTH.,#2559);
#2559=SURFACE_SIDE_STYLE('',(#2560));
#2560=SURFACE_STYLE_FILL_AREA(#2561);
#2561=FILL_AREA_STYLE('',(#2563));
#2562=COLOUR_RGB('',0.80392158,0.80392158,0.80392158);
#2563=FILL_AREA_STYLE_COLOUR('',#2562);
#2564=OVER_RIDING_STYLED_ITEM('',(#2565),#2232,#2468);
#2565=PRESENTATION_STYLE_ASSIGNMENT((#2566));
#2566=SURFACE_STYLE_USAGE(.BOTH.,#2567);
#2567=SURFACE_SIDE_STYLE('',(#2568));
#2568=SURFACE_STYLE_FILL_AREA(#2569);
#2569=FILL_AREA_STYLE('',(#2571));
#2570=COLOUR_RGB('',0.80392158,0.80392158,0.80392158);
#2571=FILL_AREA_STYLE_COLOUR('',#2570);
#2572=OVER_RIDING_STYLED_ITEM('',(#2573),#2254,#2468);
#2573=PRESENTATION_STYLE_ASSIGNMENT((#2574));
#2574=SURFACE_STYLE_USAGE(.BOTH.,#2575);
#2575=SURFACE_SIDE_STYLE('',(#2576));
#2576=SURFACE_STYLE_FILL_AREA(#2577);
#2577=FILL_AREA_STYLE('',(#2579));
#2578=COLOUR_RGB('',0.80392158,0.80392158,0.80392158);
#2579=FILL_AREA_STYLE_COLOUR('',#2578);
#2580=OVER_RIDING_STYLED_ITEM('',(#2581),#2274,#2468);
#2581=PRESENTATION_STYLE_ASSIGNMENT((#2582));
#2582=SURFACE_STYLE_USAGE(.BOTH.,#2583);
#2583=SURFACE_SIDE_STYLE('',(#2584));
#2584=SURFACE_STYLE_FILL_AREA(#2585);
#2585=FILL_AREA_STYLE('',(#2587));
#2586=COLOUR_RGB('',0.80392158,0.80392158,0.80392158);
#2587=FILL_AREA_STYLE_COLOUR('',#2586);
#2588=MECHANICAL_DESIGN_GEOMETRIC_PRESENTATION_REPRESENTATION('',(#2308,#2316,#2324,#2332,#2340,#2348,#2356,#2364,#2372,#2380,#2388,#2396,#2404,#2412,#2420,#2428,#2436,#2444,#2452,#2460,#2468,#2476,#2484,#2492,#2500,#2508,#2516,#2524,#2532,#2540,#2548,#2556,#2564,#2572,#2580),#2294);
#2589=MANIFOLD_SOLID_BREP('Boss-Extrude1[1]',#2590);
#2590=CLOSED_SHELL('NONE',(#2591,#2637,#2674,#2705,#2742,#2779,#2810,#2841,#2872,#2909,#2946,#2983,#3020,#3057,#3094,#3131,#3168,#3199,#3236,#3267,#3304,#3341,#3378,#3415,#3443,#3475));
#2591=ADVANCED_FACE('NONE',(#2592),#2628,.F.);
#2592=FACE_BOUND('NONE',#2593,.T.);
#2593=EDGE_LOOP('',(#2594,#2605,#2613,#2622));
#2594=ORIENTED_EDGE('',*,*,#2595,.T.);
#2595=EDGE_CURVE('NONE',#2596,#2598,#2600,.T.);
#2596=VERTEX_POINT('NONE',#2597);
#2597=CARTESIAN_POINT('',(11.401258132,-7.644500232,0.0));
#2598=VERTEX_POINT('NONE',#2599);
#2599=CARTESIAN_POINT('',(11.258555039,-7.553328811,0.0));
#2600=B_SPLINE_CURVE_WITH_KNOTS('',3,(#2601,#2602,#2603,#2604),.UNSPECIFIED.,.F.,.U.,(4,4),(0.88,0.92),.PIECEWISE_BEZIER_KNOTS.);
#2601=CARTESIAN_POINT('',(11.401258132,-7.644500232,0.0));
#2602=CARTESIAN_POINT('',(11.387905795,-7.57690403,0.0));
#2603=CARTESIAN_POINT('',(11.329697955,-7.56021361,0.0));
#2604=CARTESIAN_POINT('',(11.258555039,-7.553328811,0.0));
#2605=ORIENTED_EDGE('',*,*,#2606,.T.);
#2606=EDGE_CURVE('NONE',#2598,#2607,#2609,.F.);
#2607=VERTEX_POINT('NONE',#2608);
#2608=CARTESIAN_POINT('',(11.258555039,-7.553328811,0.001));
#2609=LINE('',#2610,#2611);
#2610=CARTESIAN_POINT('',(11.258555039,-7.553328811,0.001));
#2611=VECTOR('',#2612,1.0);
#2612=DIRECTION('',(0.0,0.0,-1.0));
#2613=ORIENTED_EDGE('',*,*,#2614,.T.);
#2614=EDGE_CURVE('NONE',#2607,#2615,#2617,.F.);
#2615=VERTEX_POINT('NONE',#2616);
#2616=CARTESIAN_POINT('',(11.401258132,-7.644500232,0.001));
#2617=B_SPLINE_CURVE_WITH_KNOTS('',3,(#2618,#2619,#2620,#2621),.UNSPECIFIED.,.F.,.U.,(4,4),(0.88,0.92),.PIECEWISE_BEZIER_KNOTS.);
#2618=CARTESIAN_POINT('',(11.401258132,-7.644500232,0.001));
#2619=CARTESIAN_POINT('',(11.387905795,-7.57690403,0.001));
#2620=CARTESIAN_POINT('',(11.329697955,-7.56021361,0.001));
#2621=CARTESIAN_POINT('',(11.258555039,-7.553328811,0.001));
#2622=ORIENTED_EDGE('',*,*,#2623,.T.);
#2623=EDGE_CURVE('NONE',#2615,#2596,#2624,.T.);
#2624=LINE('',#2625,#2626);
#2625=CARTESIAN_POINT('',(11.401258132,-7.644500232,0.001));
#2626=VECTOR('',#2627,1.0);
#2627=DIRECTION('',(0.0,0.0,-1.0));
#2628=B_SPLINE_SURFACE_WITH_KNOTS('',3,1,((#2629,#2630),(#2631,#2632),(#2633,#2634),(#2635,#2636)),.UNSPECIFIED.,.F.,.F.,.U.,(4,4),(2,2),(0.88,0.92),(0.0,1.0),.PIECEWISE_BEZIER_KNOTS.);
#2629=CARTESIAN_POINT('',(11.401258132,-7.644500232,0.001));
#2630=CARTESIAN_POINT('',(11.401258132,-7.644500232,0.0));
#2631=CARTESIAN_POINT('',(11.387905795,-7.57690403,0.001));
#2632=CARTESIAN_POINT('',(11.387905795,-7.57690403,0.0));
#2633=CARTESIAN_POINT('',(11.329697955,-7.56021361,0.001));
#2634=CARTESIAN_POINT('',(11.329697955,-7.56021361,0.0));
#2635=CARTESIAN_POINT('',(11.258555039,-7.553328811,0.001));
#2636=CARTESIAN_POINT('',(11.258555039,-7.553328811,0.0));
#2637=ADVANCED_FACE('NONE',(#2638),#2665,.F.);
#2638=FACE_BOUND('NONE',#2639,.T.);
#2639=EDGE_LOOP('',(#2640,#2649,#2657,#2664));
#2640=ORIENTED_EDGE('',*,*,#2641,.T.);
#2641=EDGE_CURVE('NONE',#2598,#2642,#2644,.T.);
#2642=VERTEX_POINT('NONE',#2643);
#2643=CARTESIAN_POINT('',(11.179901434,-7.548947576,0.0));
#2644=B_SPLINE_CURVE_WITH_KNOTS('',3,(#2645,#2646,#2647,#2648),.UNSPECIFIED.,.F.,.U.,(4,4),(0.92,1.0),.PIECEWISE_BEZIER_KNOTS.);
#2645=CARTESIAN_POINT('',(11.258555039,-7.553328811,0.0));
#2646=CARTESIAN_POINT('',(11.247080375,-7.55228566,-1.694065895E-18));
#2647=CARTESIAN_POINT('',(11.183030888,-7.549782097,-1.694065895E-18));
#2648=CARTESIAN_POINT('',(11.179901434,-7.548947576,0.0));
#2649=ORIENTED_EDGE('',*,*,#2650,.T.);
#2650=EDGE_CURVE('NONE',#2642,#2651,#2653,.F.);
#2651=VERTEX_POINT('NONE',#2652);
#2652=CARTESIAN_POINT('',(11.179901434,-7.548947576,0.001));
#2653=LINE('',#2654,#2655);
#2654=CARTESIAN_POINT('',(11.179901434,-7.548947576,0.001));
#2655=VECTOR('',#2656,1.0);
#2656=DIRECTION('',(0.0,0.0,-1.0));
#2657=ORIENTED_EDGE('',*,*,#2658,.T.);
#2658=EDGE_CURVE('NONE',#2651,#2607,#2659,.F.);
#2659=B_SPLINE_CURVE_WITH_KNOTS('',3,(#2660,#2661,#2662,#2663),.UNSPECIFIED.,.F.,.U.,(4,4),(0.92,1.0),.PIECEWISE_BEZIER_KNOTS.);
#2660=CARTESIAN_POINT('',(11.258555039,-7.553328811,0.001));
#2661=CARTESIAN_POINT('',(11.247080375,-7.55228566,10.0E-04));
#2662=CARTESIAN_POINT('',(11.183030888,-7.549782097,10.0E-04));
#2663=CARTESIAN_POINT('',(11.179901434,-7.548947576,0.001));
#2664=ORIENTED_EDGE('',*,*,#2606,.F.);
#2665=B_SPLINE_SURFACE_WITH_KNOTS('',3,1,((#2666,#2667),(#2668,#2669),(#2670,#2671),(#2672,#2673)),.UNSPECIFIED.,.F.,.F.,.U.,(4,4),(2,2),(0.92,1.0),(0.0,1.0),.PIECEWISE_BEZIER_KNOTS.);
#2666=CARTESIAN_POINT('',(11.258555039,-7.553328811,10.0E-04));
#2667=CARTESIAN_POINT('',(11.258555039,-7.553328811,0.0));
#2668=CARTESIAN_POINT('',(11.247080375,-7.55228566,10.0E-04));
#2669=CARTESIAN_POINT('',(11.247080375,-7.55228566,0.0));
#2670=CARTESIAN_POINT('',(11.183030888,-7.549782097,10.0E-04));
#2671=CARTESIAN_POINT('',(11.183030888,-7.549782097,0.0));
#2672=CARTESIAN_POINT('',(11.179901434,-7.548947576,10.0E-04));
#2673=CARTESIAN_POINT('',(11.179901434,-7.548947576,0.0));
#2674=ADVANCED_FACE('NONE',(#2675),#2700,.F.);
#2675=FACE_BOUND('NONE',#2676,.T.);
#2676=EDGE_LOOP('',(#2677,#2685,#2693,#2699));
#2677=ORIENTED_EDGE('',*,*,#2678,.T.);
#2678=EDGE_CURVE('NONE',#2642,#2679,#2681,.T.);
#2679=VERTEX_POINT('NONE',#2680);
#2680=CARTESIAN_POINT('',(11.082888366,-7.548947576,0.0));
#2681=LINE('',#2682,#2683);
#2682=CARTESIAN_POINT('',(0.0,-7.548947576,0.0));
#2683=VECTOR('',#2684,1.0);
#2684=DIRECTION('',(-1.0,0.0,0.0));
#2685=ORIENTED_EDGE('',*,*,#2686,.T.);
#2686=EDGE_CURVE('NONE',#2679,#2687,#2689,.F.);
#2687=VERTEX_POINT('NONE',#2688);
#2688=CARTESIAN_POINT('',(11.082888366,-7.548947576,0.001));
#2689=LINE('',#2690,#2691);
#2690=CARTESIAN_POINT('',(11.082888366,-7.548947576,0.001));
#2691=VECTOR('',#2692,1.0);
#2692=DIRECTION('',(0.0,0.0,-1.0));
#2693=ORIENTED_EDGE('',*,*,#2694,.T.);
#2694=EDGE_CURVE('NONE',#2687,#2651,#2695,.F.);
#2695=LINE('',#2696,#2697);
#2696=CARTESIAN_POINT('',(0.0,-7.548947576,0.001));
#2697=VECTOR('',#2698,1.0);
#2698=DIRECTION('',(-1.0,0.0,0.0));
#2699=ORIENTED_EDGE('',*,*,#2650,.F.);
#2700=PLANE('',#2701);
#2701=AXIS2_PLACEMENT_3D('',#2702,#2703,#2704);
#2702=CARTESIAN_POINT('',(0.0,-7.548947576,0.001));
#2703=DIRECTION('',(0.0,-1.0,0.0));
#2704=DIRECTION('',(0.0,0.0,-1.0));
#2705=ADVANCED_FACE('NONE',(#2706),#2733,.F.);
#2706=FACE_BOUND('NONE',#2707,.T.);
#2707=EDGE_LOOP('',(#2708,#2717,#2725,#2732));
#2708=ORIENTED_EDGE('',*,*,#2709,.T.);
#2709=EDGE_CURVE('NONE',#2679,#2710,#2712,.T.);
#2710=VERTEX_POINT('NONE',#2711);
#2711=CARTESIAN_POINT('',(10.902005937,-7.558335937,0.0));
#2712=B_SPLINE_CURVE_WITH_KNOTS('',3,(#2713,#2714,#2715,#2716),.UNSPECIFIED.,.F.,.U.,(4,4),(0.04,0.08),.PIECEWISE_BEZIER_KNOTS.);
#2713=CARTESIAN_POINT('',(11.082888366,-7.548947576,0.0));
#2714=CARTESIAN_POINT('',(11.07788124,-7.550825248,0.0));
#2715=CARTESIAN_POINT('',(10.906804433,-7.555832374,0.0));
#2716=CARTESIAN_POINT('',(10.902005937,-7.558335937,0.0));
#2717=ORIENTED_EDGE('',*,*,#2718,.T.);
#2718=EDGE_CURVE('NONE',#2710,#2719,#2721,.F.);
#2719=VERTEX_POINT('NONE',#2720);
#2720=CARTESIAN_POINT('',(10.902005937,-7.558335937,0.001));
#2721=LINE('',#2722,#2723);
#2722=CARTESIAN_POINT('',(10.902005937,-7.558335937,0.001));
#2723=VECTOR('',#2724,1.0);
#2724=DIRECTION('',(0.0,0.0,-1.0));
#2725=ORIENTED_EDGE('',*,*,#2726,.T.);
#2726=EDGE_CURVE('NONE',#2719,#2687,#2727,.F.);
#2727=B_SPLINE_CURVE_WITH_KNOTS('',3,(#2728,#2729,#2730,#2731),.UNSPECIFIED.,.F.,.U.,(4,4),(0.04,0.08),.PIECEWISE_BEZIER_KNOTS.);
#2728=CARTESIAN_POINT('',(11.082888366,-7.548947576,0.001));
#2729=CARTESIAN_POINT('',(11.07788124,-7.550825248,0.001));
#2730=CARTESIAN_POINT('',(10.906804433,-7.555832374,0.001));
#2731=CARTESIAN_POINT('',(10.902005937,-7.558335937,0.001));
#2732=ORIENTED_EDGE('',*,*,#2686,.F.);
#2733=B_SPLINE_SURFACE_WITH_KNOTS('',3,1,((#2734,#2735),(#2736,#2737),(#2738,#2739),(#2740,#2741)),.UNSPECIFIED.,.F.,.F.,.U.,(4,4),(2,2),(0.04,0.08),(0.0,1.0),.PIECEWISE_BEZIER_KNOTS.);
#2734=CARTESIAN_POINT('',(11.082888366,-7.548947576,0.001));
#2735=CARTESIAN_POINT('',(11.082888366,-7.548947576,0.0));
#2736=CARTESIAN_POINT('',(11.07788124,-7.550825248,0.001));
#2737=CARTESIAN_POINT('',(11.07788124,-7.550825248,0.0));
#2738=CARTESIAN_POINT('',(10.906804433,-7.555832374,0.001));
#2739=CARTESIAN_POINT('',(10.906804433,-7.555832374,0.0));
#2740=CARTESIAN_POINT('',(10.902005937,-7.558335937,0.001));
#2741=CARTESIAN_POINT('',(10.902005937,-7.558335937,0.0));
#2742=ADVANCED_FACE('NONE',(#2743),#2770,.F.);
#2743=FACE_BOUND('NONE',#2744,.T.);
#2744=EDGE_LOOP('',(#2745,#2754,#2762,#2769));
#2745=ORIENTED_EDGE('',*,*,#2746,.T.);
#2746=EDGE_CURVE('NONE',#2710,#2747,#2749,.T.);
#2747=VERTEX_POINT('NONE',#2748);
#2748=CARTESIAN_POINT('',(10.900545526,-7.65993887,0.0));
#2749=B_SPLINE_CURVE_WITH_KNOTS('',3,(#2750,#2751,#2752,#2753),.UNSPECIFIED.,.F.,.U.,(4,4),(0.08,0.12),.PIECEWISE_BEZIER_KNOTS.);
#2750=CARTESIAN_POINT('',(10.902005937,-7.558335937,0.0));
#2751=CARTESIAN_POINT('',(10.898459223,-7.56000498,1.694065895E-18));
#2752=CARTESIAN_POINT('',(10.900545526,-7.657852568,1.694065895E-18));
#2753=CARTESIAN_POINT('',(10.900545526,-7.65993887,0.0));
#2754=ORIENTED_EDGE('',*,*,#2755,.T.);
#2755=EDGE_CURVE('NONE',#2747,#2756,#2758,.F.);
#2756=VERTEX_POINT('NONE',#2757);
#2757=CARTESIAN_POINT('',(10.900545526,-7.65993887,0.001));
#2758=LINE('',#2759,#2760);
#2759=CARTESIAN_POINT('',(10.900545526,-7.65993887,0.001));
#2760=VECTOR('',#2761,1.0);
#2761=DIRECTION('',(0.0,0.0,-1.0));
#2762=ORIENTED_EDGE('',*,*,#2763,.T.);
#2763=EDGE_CURVE('NONE',#2756,#2719,#2764,.F.);
#2764=B_SPLINE_CURVE_WITH_KNOTS('',3,(#2765,#2766,#2767,#2768),.UNSPECIFIED.,.F.,.U.,(4,4),(0.08,0.12),.PIECEWISE_BEZIER_KNOTS.);
#2765=CARTESIAN_POINT('',(10.902005937,-7.558335937,0.001));
#2766=CARTESIAN_POINT('',(10.898459223,-7.56000498,0.001));
#2767=CARTESIAN_POINT('',(10.900545526,-7.657852568,0.001));
#2768=CARTESIAN_POINT('',(10.900545526,-7.65993887,0.001));
#2769=ORIENTED_EDGE('',*,*,#2718,.F.);
#2770=B_SPLINE_SURFACE_WITH_KNOTS('',3,1,((#2771,#2772),(#2773,#2774),(#2775,#2776),(#2777,#2778)),.UNSPECIFIED.,.F.,.F.,.U.,(4,4),(2,2),(0.08,0.12),(0.0,1.0),.PIECEWISE_BEZIER_KNOTS.);
#2771=CARTESIAN_POINT('',(10.902005937,-7.558335937,0.001));
#2772=CARTESIAN_POINT('',(10.902005937,-7.558335937,0.0));
#2773=CARTESIAN_POINT('',(10.898459223,-7.56000498,0.001));
#2774=CARTESIAN_POINT('',(10.898459223,-7.56000498,0.0));
#2775=CARTESIAN_POINT('',(10.900545526,-7.657852568,0.001));
#2776=CARTESIAN_POINT('',(10.900545526,-7.657852568,0.0));
#2777=CARTESIAN_POINT('',(10.900545526,-7.65993887,0.001));
#2778=CARTESIAN_POINT('',(10.900545526,-7.65993887,0.0));
#2779=ADVANCED_FACE('NONE',(#2780),#2805,.F.);
#2780=FACE_BOUND('NONE',#2781,.T.);
#2781=EDGE_LOOP('',(#2782,#2790,#2798,#2804));
#2782=ORIENTED_EDGE('',*,*,#2783,.T.);
#2783=EDGE_CURVE('NONE',#2747,#2784,#2786,.T.);
#2784=VERTEX_POINT('NONE',#2785);
#2785=CARTESIAN_POINT('',(10.899293744,-7.969754795,0.0));
#2786=LINE('',#2787,#2788);
#2787=CARTESIAN_POINT('',(10.931316321,-0.044166935,0.0));
#2788=VECTOR('',#2789,1.0);
#2789=DIRECTION('',(-0.004040371,-0.999991838,0.0));
#2790=ORIENTED_EDGE('',*,*,#2791,.T.);
#2791=EDGE_CURVE('NONE',#2784,#2792,#2794,.F.);
#2792=VERTEX_POINT('NONE',#2793);
#2793=CARTESIAN_POINT('',(10.899293744,-7.969754795,0.001));
#2794=LINE('',#2795,#2796);
#2795=CARTESIAN_POINT('',(10.899293744,-7.969754795,0.001));
#2796=VECTOR('',#2797,1.0);
#2797=DIRECTION('',(0.0,0.0,-1.0));
#2798=ORIENTED_EDGE('',*,*,#2799,.T.);
#2799=EDGE_CURVE('NONE',#2792,#2756,#2800,.F.);
#2800=LINE('',#2801,#2802);
#2801=CARTESIAN_POINT('',(10.931316321,-0.044166935,0.001));
#2802=VECTOR('',#2803,1.0);
#2803=DIRECTION('',(-0.004040371,-0.999991838,0.0));
#2804=ORIENTED_EDGE('',*,*,#2755,.F.);
#2805=PLANE('',#2806);
#2806=AXIS2_PLACEMENT_3D('',#2807,#2808,#2809);
#2807=CARTESIAN_POINT('',(10.931316321,-0.044166935,0.001));
#2808=DIRECTION('',(0.999991838,-0.004040371,0.0));
#2809=DIRECTION('',(0.004040371,0.999991838,0.0));
#2810=ADVANCED_FACE('NONE',(#2811),#2836,.F.);
#2811=FACE_BOUND('NONE',#2812,.T.);
#2812=EDGE_LOOP('',(#2813,#2821,#2829,#2835));
#2813=ORIENTED_EDGE('',*,*,#2814,.T.);
#2814=EDGE_CURVE('NONE',#2784,#2815,#2817,.T.);
#2815=VERTEX_POINT('NONE',#2816);
#2816=CARTESIAN_POINT('',(11.045752181,-7.969754795,0.0));
#2817=LINE('',#2818,#2819);
#2818=CARTESIAN_POINT('',(0.0,-7.969754795,0.0));
#2819=VECTOR('',#2820,1.0);
#2820=DIRECTION('',(1.0,0.0,0.0));
#2821=ORIENTED_EDGE('',*,*,#2822,.T.);
#2822=EDGE_CURVE('NONE',#2815,#2823,#2825,.F.);
#2823=VERTEX_POINT('NONE',#2824);
#2824=CARTESIAN_POINT('',(11.045752181,-7.969754795,0.001));
#2825=LINE('',#2826,#2827);
#2826=CARTESIAN_POINT('',(11.045752181,-7.969754795,0.001));
#2827=VECTOR('',#2828,1.0);
#2828=DIRECTION('',(0.0,0.0,-1.0));
#2829=ORIENTED_EDGE('',*,*,#2830,.T.);
#2830=EDGE_CURVE('NONE',#2823,#2792,#2831,.F.);
#2831=LINE('',#2832,#2833);
#2832=CARTESIAN_POINT('',(0.0,-7.969754795,0.001));
#2833=VECTOR('',#2834,1.0);
#2834=DIRECTION('',(1.0,0.0,0.0));
#2835=ORIENTED_EDGE('',*,*,#2791,.F.);
#2836=PLANE('',#2837);
#2837=AXIS2_PLACEMENT_3D('',#2838,#2839,#2840);
#2838=CARTESIAN_POINT('',(0.0,-7.969754795,0.001));
#2839=DIRECTION('',(0.0,1.0,0.0));
#2840=DIRECTION('',(0.0,0.0,1.0));
#2841=ADVANCED_FACE('NONE',(#2842),#2867,.F.);
#2842=FACE_BOUND('NONE',#2843,.T.);
#2843=EDGE_LOOP('',(#2844,#2852,#2860,#2866));
#2844=ORIENTED_EDGE('',*,*,#2845,.T.);
#2845=EDGE_CURVE('NONE',#2815,#2846,#2848,.T.);
#2846=VERTEX_POINT('NONE',#2847);
#2847=CARTESIAN_POINT('',(11.045752181,-7.660982022,0.0));
#2848=LINE('',#2849,#2850);
#2849=CARTESIAN_POINT('',(11.045752181,0.0,0.0));
#2850=VECTOR('',#2851,1.0);
#2851=DIRECTION('',(0.0,1.0,0.0));
#2852=ORIENTED_EDGE('',*,*,#2853,.T.);
#2853=EDGE_CURVE('NONE',#2846,#2854,#2856,.F.);
#2854=VERTEX_POINT('NONE',#2855);
#2855=CARTESIAN_POINT('',(11.045752181,-7.660982022,0.001));
#2856=LINE('',#2857,#2858);
#2857=CARTESIAN_POINT('',(11.045752181,-7.660982022,0.001));
#2858=VECTOR('',#2859,1.0);
#2859=DIRECTION('',(0.0,0.0,-1.0));
#2860=ORIENTED_EDGE('',*,*,#2861,.T.);
#2861=EDGE_CURVE('NONE',#2854,#2823,#2862,.F.);
#2862=LINE('',#2863,#2864);
#2863=CARTESIAN_POINT('',(11.045752181,0.0,0.001));
#2864=VECTOR('',#2865,1.0);
#2865=DIRECTION('',(0.0,1.0,0.0));
#2866=ORIENTED_EDGE('',*,*,#2822,.F.);
#2867=PLANE('',#2868);
#2868=AXIS2_PLACEMENT_3D('',#2869,#2870,#2871);
#2869=CARTESIAN_POINT('',(11.045752181,0.0,0.001));
#2870=DIRECTION('',(-1.0,0.0,0.0));
#2871=DIRECTION('',(0.0,0.0,1.0));
#2872=ADVANCED_FACE('NONE',(#2873),#2900,.F.);
#2873=FACE_BOUND('NONE',#2874,.T.);
#2874=EDGE_LOOP('',(#2875,#2884,#2892,#2899));
#2875=ORIENTED_EDGE('',*,*,#2876,.T.);
#2876=EDGE_CURVE('NONE',#2846,#2877,#2879,.T.);
#2877=VERTEX_POINT('NONE',#2878);
#2878=CARTESIAN_POINT('',(11.108341257,-7.60965898,0.0));
#2879=B_SPLINE_CURVE_WITH_KNOTS('',3,(#2880,#2881,#2882,#2883),.UNSPECIFIED.,.F.,.U.,(4,4),(0.24,0.28),.PIECEWISE_BEZIER_KNOTS.);
#2880=CARTESIAN_POINT('',(11.045752181,-7.660982022,0.0));
#2881=CARTESIAN_POINT('',(11.045752181,-7.614040215,0.0));
#2882=CARTESIAN_POINT('',(11.039910534,-7.612371173,0.0));
#2883=CARTESIAN_POINT('',(11.108341257,-7.60965898,0.0));
#2884=ORIENTED_EDGE('',*,*,#2885,.T.);
#2885=EDGE_CURVE('NONE',#2877,#2886,#2888,.F.);
#2886=VERTEX_POINT('NONE',#2887);
#2887=CARTESIAN_POINT('',(11.108341257,-7.60965898,0.001));
#2888=LINE('',#2889,#2890);
#2889=CARTESIAN_POINT('',(11.108341257,-7.60965898,0.001));
#2890=VECTOR('',#2891,1.0);
#2891=DIRECTION('',(0.0,0.0,-1.0));
#2892=ORIENTED_EDGE('',*,*,#2893,.T.);
#2893=EDGE_CURVE('NONE',#2886,#2854,#2894,.F.);
#2894=B_SPLINE_CURVE_WITH_KNOTS('',3,(#2895,#2896,#2897,#2898),.UNSPECIFIED.,.F.,.U.,(4,4),(0.24,0.28),.PIECEWISE_BEZIER_KNOTS.);
#2895=CARTESIAN_POINT('',(11.045752181,-7.660982022,0.001));
#2896=CARTESIAN_POINT('',(11.045752181,-7.614040215,0.001));
#2897=CARTESIAN_POINT('',(11.039910534,-7.612371173,0.001));
#2898=CARTESIAN_POINT('',(11.108341257,-7.60965898,0.001));
#2899=ORIENTED_EDGE('',*,*,#2853,.F.);
#2900=B_SPLINE_SURFACE_WITH_KNOTS('',3,1,((#2901,#2902),(#2903,#2904),(#2905,#2906),(#2907,#2908)),.UNSPECIFIED.,.F.,.F.,.U.,(4,4),(2,2),(0.24,0.28),(0.0,1.0),.PIECEWISE_BEZIER_KNOTS.);
#2901=CARTESIAN_POINT('',(11.045752181,-7.660982022,0.001));
#2902=CARTESIAN_POINT('',(11.045752181,-7.660982022,0.0));
#2903=CARTESIAN_POINT('',(11.045752181,-7.614040215,0.001));
#2904=CARTESIAN_POINT('',(11.045752181,-7.614040215,0.0));
#2905=CARTESIAN_POINT('',(11.039910534,-7.612371173,0.001));
#2906=CARTESIAN_POINT('',(11.039910534,-7.612371173,0.0));
#2907=CARTESIAN_POINT('',(11.108341257,-7.60965898,0.001));
#2908=CARTESIAN_POINT('',(11.108341257,-7.60965898,0.0));
#2909=ADVANCED_FACE('NONE',(#2910),#2937,.F.);
#2910=FACE_BOUND('NONE',#2911,.T.);
#2911=EDGE_LOOP('',(#2912,#2921,#2929,#2936));
#2912=ORIENTED_EDGE('',*,*,#2913,.T.);
#2913=EDGE_CURVE('NONE',#2877,#2914,#2916,.T.);
#2914=VERTEX_POINT('NONE',#2915);
#2915=CARTESIAN_POINT('',(11.222670636,-7.616543778,-1.694065895E-18));
#2916=B_SPLINE_CURVE_WITH_KNOTS('',3,(#2917,#2918,#2919,#2920),.UNSPECIFIED.,.F.,.U.,(4,4),(0.28,0.32),.PIECEWISE_BEZIER_KNOTS.);
#2917=CARTESIAN_POINT('',(11.108341257,-7.60965898,0.0));
#2918=CARTESIAN_POINT('',(11.142556619,-7.608198568,-1.694065895E-18));
#2919=CARTESIAN_POINT('',(11.192836509,-7.607364047,-1.694065895E-18));
#2920=CARTESIAN_POINT('',(11.222670636,-7.616543778,-1.694065895E-18));
#2921=ORIENTED_EDGE('',*,*,#2922,.T.);
#2922=EDGE_CURVE('NONE',#2914,#2923,#2925,.F.);
#2923=VERTEX_POINT('NONE',#2924);
#2924=CARTESIAN_POINT('',(11.222670636,-7.616543778,10.0E-04));
#2925=LINE('',#2926,#2927);
#2926=CARTESIAN_POINT('',(11.222670636,-7.616543778,10.0E-04));
#2927=VECTOR('',#2928,1.0);
#2928=DIRECTION('',(0.0,0.0,-1.0));
#2929=ORIENTED_EDGE('',*,*,#2930,.T.);
#2930=EDGE_CURVE('NONE',#2923,#2886,#2931,.F.);
#2931=B_SPLINE_CURVE_WITH_KNOTS('',3,(#2932,#2933,#2934,#2935),.UNSPECIFIED.,.F.,.U.,(4,4),(0.28,0.32),.PIECEWISE_BEZIER_KNOTS.);
#2932=CARTESIAN_POINT('',(11.108341257,-7.60965898,0.001));
#2933=CARTESIAN_POINT('',(11.142556619,-7.608198568,10.0E-04));
#2934=CARTESIAN_POINT('',(11.192836509,-7.607364047,10.0E-04));
#2935=CARTESIAN_POINT('',(11.222670636,-7.616543778,10.0E-04));
#2936=ORIENTED_EDGE('',*,*,#2885,.F.);
#2937=B_SPLINE_SURFACE_WITH_KNOTS('',3,1,((#2938,#2939),(#2940,#2941),(#2942,#2943),(#2944,#2945)),.UNSPECIFIED.,.F.,.F.,.U.,(4,4),(2,2),(0.28,0.32),(0.0,1.0),.PIECEWISE_BEZIER_KNOTS.);
#2938=CARTESIAN_POINT('',(11.108341257,-7.60965898,10.0E-04));
#2939=CARTESIAN_POINT('',(11.108341257,-7.60965898,0.0));
#2940=CARTESIAN_POINT('',(11.142556619,-7.608198568,10.0E-04));
#2941=CARTESIAN_POINT('',(11.142556619,-7.608198568,0.0));
#2942=CARTESIAN_POINT('',(11.192836509,-7.607364047,10.0E-04));
#2943=CARTESIAN_POINT('',(11.192836509,-7.607364047,0.0));
#2944=CARTESIAN_POINT('',(11.222670636,-7.616543778,10.0E-04));
#2945=CARTESIAN_POINT('',(11.222670636,-7.616543778,0.0));
#2946=ADVANCED_FACE('NONE',(#2947),#2974,.F.);
#2947=FACE_BOUND('NONE',#2948,.T.);
#2948=EDGE_LOOP('',(#2949,#2958,#2966,#2973));
#2949=ORIENTED_EDGE('',*,*,#2950,.T.);
#2950=EDGE_CURVE('NONE',#2914,#2951,#2953,.T.);
#2951=VERTEX_POINT('NONE',#2952);
#2952=CARTESIAN_POINT('',(11.26773477,-7.683096828,-1.694065895E-18));
#2953=B_SPLINE_CURVE_WITH_KNOTS('',3,(#2954,#2955,#2956,#2957),.UNSPECIFIED.,.F.,.U.,(4,4),(0.32,0.36),.PIECEWISE_BEZIER_KNOTS.);
#2954=CARTESIAN_POINT('',(11.222670636,-7.616543778,-1.694065895E-18));
#2955=CARTESIAN_POINT('',(11.257303257,-7.627183921,-1.694065895E-18));
#2956=CARTESIAN_POINT('',(11.2679434,-7.645752013,-1.694065895E-18));
#2957=CARTESIAN_POINT('',(11.26773477,-7.683096828,-1.694065895E-18));
#2958=ORIENTED_EDGE('',*,*,#2959,.T.);
#2959=EDGE_CURVE('NONE',#2951,#2960,#2962,.F.);
#2960=VERTEX_POINT('NONE',#2961);
#2961=CARTESIAN_POINT('',(11.26773477,-7.683096828,10.0E-04));
#2962=LINE('',#2963,#2964);
#2963=CARTESIAN_POINT('',(11.26773477,-7.683096828,10.0E-04));
#2964=VECTOR('',#2965,1.0);
#2965=DIRECTION('',(0.0,0.0,-1.0));
#2966=ORIENTED_EDGE('',*,*,#2967,.T.);
#2967=EDGE_CURVE('NONE',#2960,#2923,#2968,.F.);
#2968=B_SPLINE_CURVE_WITH_KNOTS('',3,(#2969,#2970,#2971,#2972),.UNSPECIFIED.,.F.,.U.,(4,4),(0.32,0.36),.PIECEWISE_BEZIER_KNOTS.);
#2969=CARTESIAN_POINT('',(11.222670636,-7.616543778,10.0E-04));
#2970=CARTESIAN_POINT('',(11.257303257,-7.627183921,10.0E-04));
#2971=CARTESIAN_POINT('',(11.2679434,-7.645752013,10.0E-04));
#2972=CARTESIAN_POINT('',(11.26773477,-7.683096828,10.0E-04));
#2973=ORIENTED_EDGE('',*,*,#2922,.F.);
#2974=B_SPLINE_SURFACE_WITH_KNOTS('',3,1,((#2975,#2976),(#2977,#2978),(#2979,#2980),(#2981,#2982)),.UNSPECIFIED.,.F.,.F.,.U.,(4,4),(2,2),(0.32,0.36),(0.0,1.0),.PIECEWISE_BEZIER_KNOTS.);
#2975=CARTESIAN_POINT('',(11.222670636,-7.616543778,10.0E-04));
#2976=CARTESIAN_POINT('',(11.222670636,-7.616543778,-1.694065895E-18));
#2977=CARTESIAN_POINT('',(11.257303257,-7.627183921,10.0E-04));
#2978=CARTESIAN_POINT('',(11.257303257,-7.627183921,-1.694065895E-18));
#2979=CARTESIAN_POINT('',(11.2679434,-7.645752013,10.0E-04));
#2980=CARTESIAN_POINT('',(11.2679434,-7.645752013,-1.694065895E-18));
#2981=CARTESIAN_POINT('',(11.26773477,-7.683096828,10.0E-04));
#2982=CARTESIAN_POINT('',(11.26773477,-7.683096828,-1.694065895E-18));
#2983=ADVANCED_FACE('NONE',(#2984),#3011,.F.);
#2984=FACE_BOUND('NONE',#2985,.T.);
#2985=EDGE_LOOP('',(#2986,#2995,#3003,#3010));
#2986=ORIENTED_EDGE('',*,*,#2987,.T.);
#2987=EDGE_CURVE('NONE',#2951,#2988,#2990,.T.);
#2988=VERTEX_POINT('NONE',#2989);
#2989=CARTESIAN_POINT('',(11.221001593,-7.748189467,0.0));
#2990=B_SPLINE_CURVE_WITH_KNOTS('',3,(#2991,#2992,#2993,#2994),.UNSPECIFIED.,.F.,.U.,(4,4),(0.36,0.4),.PIECEWISE_BEZIER_KNOTS.);
#2991=CARTESIAN_POINT('',(11.26773477,-7.683096828,-1.694065895E-18));
#2992=CARTESIAN_POINT('',(11.26773477,-7.715225887,0.0));
#2993=CARTESIAN_POINT('',(11.25980682,-7.738592476,0.0));
#2994=CARTESIAN_POINT('',(11.221001593,-7.748189467,0.0));
#2995=ORIENTED_EDGE('',*,*,#2996,.T.);
#2996=EDGE_CURVE('NONE',#2988,#2997,#2999,.F.);
#2997=VERTEX_POINT('NONE',#2998);
#2998=CARTESIAN_POINT('',(11.221001593,-7.748189467,0.001));
#2999=LINE('',#3000,#3001);
#3000=CARTESIAN_POINT('',(11.221001593,-7.748189467,0.001));
#3001=VECTOR('',#3002,1.0);
#3002=DIRECTION('',(0.0,0.0,-1.0));
#3003=ORIENTED_EDGE('',*,*,#3004,.T.);
#3004=EDGE_CURVE('NONE',#2997,#2960,#3005,.F.);
#3005=B_SPLINE_CURVE_WITH_KNOTS('',3,(#3006,#3007,#3008,#3009),.UNSPECIFIED.,.F.,.U.,(4,4),(0.36,0.4),.PIECEWISE_BEZIER_KNOTS.);
#3006=CARTESIAN_POINT('',(11.26773477,-7.683096828,10.0E-04));
#3007=CARTESIAN_POINT('',(11.26773477,-7.715225887,0.001));
#3008=CARTESIAN_POINT('',(11.25980682,-7.738592476,0.001));
#3009=CARTESIAN_POINT('',(11.221001593,-7.748189467,0.001));
#3010=ORIENTED_EDGE('',*,*,#2959,.F.);
#3011=B_SPLINE_SURFACE_WITH_KNOTS('',3,1,((#3012,#3013),(#3014,#3015),(#3016,#3017),(#3018,#3019)),.UNSPECIFIED.,.F.,.F.,.U.,(4,4),(2,2),(0.36,0.4),(0.0,1.0),.PIECEWISE_BEZIER_KNOTS.);
#3012=CARTESIAN_POINT('',(11.26773477,-7.683096828,0.001));
#3013=CARTESIAN_POINT('',(11.26773477,-7.683096828,-1.694065895E-18));
#3014=CARTESIAN_POINT('',(11.26773477,-7.715225887,0.001));
#3015=CARTESIAN_POINT('',(11.26773477,-7.715225887,-1.694065895E-18));
#3016=CARTESIAN_POINT('',(11.25980682,-7.738592476,0.001));
#3017=CARTESIAN_POINT('',(11.25980682,-7.738592476,-1.694065895E-18));
#3018=CARTESIAN_POINT('',(11.221001593,-7.748189467,0.001));
#3019=CARTESIAN_POINT('',(11.221001593,-7.748189467,-1.694065895E-18));
#3020=ADVANCED_FACE('NONE',(#3021),#3048,.F.);
#3021=FACE_BOUND('NONE',#3022,.T.);
#3022=EDGE_LOOP('',(#3023,#3032,#3040,#3047));
#3023=ORIENTED_EDGE('',*,*,#3024,.T.);
#3024=EDGE_CURVE('NONE',#2988,#3025,#3027,.T.);
#3025=VERTEX_POINT('NONE',#3026);
#3026=CARTESIAN_POINT('',(11.103960022,-7.754865635,-1.694065895E-18));
#3027=B_SPLINE_CURVE_WITH_KNOTS('',3,(#3028,#3029,#3030,#3031),.UNSPECIFIED.,.F.,.U.,(4,4),(0.4,0.44),.PIECEWISE_BEZIER_KNOTS.);
#3028=CARTESIAN_POINT('',(11.221001593,-7.748189467,0.0));
#3029=CARTESIAN_POINT('',(11.187412123,-7.756534677,-1.694065895E-18));
#3030=CARTESIAN_POINT('',(11.141304837,-7.754865635,-1.694065895E-18));
#3031=CARTESIAN_POINT('',(11.103960022,-7.754865635,-1.694065895E-18));
#3032=ORIENTED_EDGE('',*,*,#3033,.T.);
#3033=EDGE_CURVE('NONE',#3025,#3034,#3036,.F.);
#3034=VERTEX_POINT('NONE',#3035);
#3035=CARTESIAN_POINT('',(11.103960022,-7.754865635,10.0E-04));
#3036=LINE('',#3037,#3038);
#3037=CARTESIAN_POINT('',(11.103960022,-7.754865635,10.0E-04));
#3038=VECTOR('',#3039,1.0);
#3039=DIRECTION('',(0.0,0.0,-1.0));
#3040=ORIENTED_EDGE('',*,*,#3041,.T.);
#3041=EDGE_CURVE('NONE',#3034,#2997,#3042,.F.);
#3042=B_SPLINE_CURVE_WITH_KNOTS('',3,(#3043,#3044,#3045,#3046),.UNSPECIFIED.,.F.,.U.,(4,4),(0.4,0.44),.PIECEWISE_BEZIER_KNOTS.);
#3043=CARTESIAN_POINT('',(11.221001593,-7.748189467,0.001));
#3044=CARTESIAN_POINT('',(11.187412123,-7.756534677,10.0E-04));
#3045=CARTESIAN_POINT('',(11.141304837,-7.754865635,10.0E-04));
#3046=CARTESIAN_POINT('',(11.103960022,-7.754865635,10.0E-04));
#3047=ORIENTED_EDGE('',*,*,#2996,.F.);
#3048=B_SPLINE_SURFACE_WITH_KNOTS('',3,1,((#3049,#3050),(#3051,#3052),(#3053,#3054),(#3055,#3056)),.UNSPECIFIED.,.F.,.F.,.U.,(4,4),(2,2),(0.4,0.44),(0.0,1.0),.PIECEWISE_BEZIER_KNOTS.);
#3049=CARTESIAN_POINT('',(11.221001593,-7.748189467,10.0E-04));
#3050=CARTESIAN_POINT('',(11.221001593,-7.748189467,0.0));
#3051=CARTESIAN_POINT('',(11.187412123,-7.756534677,10.0E-04));
#3052=CARTESIAN_POINT('',(11.187412123,-7.756534677,0.0));
#3053=CARTESIAN_POINT('',(11.141304837,-7.754865635,10.0E-04));
#3054=CARTESIAN_POINT('',(11.141304837,-7.754865635,0.0));
#3055=CARTESIAN_POINT('',(11.103960022,-7.754865635,10.0E-04));
#3056=CARTESIAN_POINT('',(11.103960022,-7.754865635,0.0));
#3057=ADVANCED_FACE('NONE',(#3058),#3085,.F.);
#3058=FACE_BOUND('NONE',#3059,.T.);
#3059=EDGE_LOOP('',(#3060,#3069,#3077,#3084));
#3060=ORIENTED_EDGE('',*,*,#3061,.T.);
#3061=EDGE_CURVE('NONE',#3025,#3062,#3064,.T.);
#3062=VERTEX_POINT('NONE',#3063);
#3063=CARTESIAN_POINT('',(11.1438084,-7.851461442,-1.694065895E-18));
#3064=B_SPLINE_CURVE_WITH_KNOTS('',3,(#3065,#3066,#3067,#3068),.UNSPECIFIED.,.F.,.U.,(4,4),(0.44,0.48),.PIECEWISE_BEZIER_KNOTS.);
#3065=CARTESIAN_POINT('',(11.103960022,-7.754865635,-1.694065895E-18));
#3066=CARTESIAN_POINT('',(11.103960022,-7.817246081,-1.694065895E-18));
#3067=CARTESIAN_POINT('',(11.098952896,-7.805145526,-1.694065895E-18));
#3068=CARTESIAN_POINT('',(11.1438084,-7.851461442,-1.694065895E-18));
#3069=ORIENTED_EDGE('',*,*,#3070,.T.);
#3070=EDGE_CURVE('NONE',#3062,#3071,#3073,.F.);
#3071=VERTEX_POINT('NONE',#3072);
#3072=CARTESIAN_POINT('',(11.1438084,-7.851461442,10.0E-04));
#3073=LINE('',#3074,#3075);
#3074=CARTESIAN_POINT('',(11.1438084,-7.851461442,10.0E-04));
#3075=VECTOR('',#3076,1.0);
#3076=DIRECTION('',(0.0,0.0,-1.0));
#3077=ORIENTED_EDGE('',*,*,#3078,.T.);
#3078=EDGE_CURVE('NONE',#3071,#3034,#3079,.F.);
#3079=B_SPLINE_CURVE_WITH_KNOTS('',3,(#3080,#3081,#3082,#3083),.UNSPECIFIED.,.F.,.U.,(4,4),(0.44,0.48),.PIECEWISE_BEZIER_KNOTS.);
#3080=CARTESIAN_POINT('',(11.103960022,-7.754865635,10.0E-04));
#3081=CARTESIAN_POINT('',(11.103960022,-7.817246081,10.0E-04));
#3082=CARTESIAN_POINT('',(11.098952896,-7.805145526,10.0E-04));
#3083=CARTESIAN_POINT('',(11.1438084,-7.851461442,10.0E-04));
#3084=ORIENTED_EDGE('',*,*,#3033,.F.);
#3085=B_SPLINE_SURFACE_WITH_KNOTS('',3,1,((#3086,#3087),(#3088,#3089),(#3090,#3091),(#3092,#3093)),.UNSPECIFIED.,.F.,.F.,.U.,(4,4),(2,2),(0.44,0.48),(0.0,1.0),.PIECEWISE_BEZIER_KNOTS.);
#3086=CARTESIAN_POINT('',(11.103960022,-7.754865635,10.0E-04));
#3087=CARTESIAN_POINT('',(11.103960022,-7.754865635,-1.694065895E-18));
#3088=CARTESIAN_POINT('',(11.103960022,-7.817246081,10.0E-04));
#3089=CARTESIAN_POINT('',(11.103960022,-7.817246081,-1.694065895E-18));
#3090=CARTESIAN_POINT('',(11.098952896,-7.805145526,10.0E-04));
#3091=CARTESIAN_POINT('',(11.098952896,-7.805145526,-1.694065895E-18));
#3092=CARTESIAN_POINT('',(11.1438084,-7.851461442,10.0E-04));
#3093=CARTESIAN_POINT('',(11.1438084,-7.851461442,-1.694065895E-18));
#3094=ADVANCED_FACE('NONE',(#3095),#3122,.F.);
#3095=FACE_BOUND('NONE',#3096,.T.);
#3096=EDGE_LOOP('',(#3097,#3106,#3114,#3121));
#3097=ORIENTED_EDGE('',*,*,#3098,.T.);
#3098=EDGE_CURVE('NONE',#3062,#3099,#3101,.T.);
#3099=VERTEX_POINT('NONE',#3100);
#3100=CARTESIAN_POINT('',(11.250418459,-7.95744561,0.0));
#3101=B_SPLINE_CURVE_WITH_KNOTS('',3,(#3102,#3103,#3104,#3105),.UNSPECIFIED.,.F.,.U.,(4,4),(0.48,0.52),.PIECEWISE_BEZIER_KNOTS.);
#3102=CARTESIAN_POINT('',(11.1438084,-7.851461442,-1.694065895E-18));
#3103=CARTESIAN_POINT('',(11.175728829,-7.884425022,0.0));
#3104=CARTESIAN_POINT('',(11.217037619,-7.924482031,0.0));
#3105=CARTESIAN_POINT('',(11.250418459,-7.95744561,0.0));
#3106=ORIENTED_EDGE('',*,*,#3107,.T.);
#3107=EDGE_CURVE('NONE',#3099,#3108,#3110,.F.);
#3108=VERTEX_POINT('NONE',#3109);
#3109=CARTESIAN_POINT('',(11.250418459,-7.95744561,0.001));
#3110=LINE('',#3111,#3112);
#3111=CARTESIAN_POINT('',(11.250418459,-7.95744561,0.001));
#3112=VECTOR('',#3113,1.0);
#3113=DIRECTION('',(0.0,0.0,-1.0));
#3114=ORIENTED_EDGE('',*,*,#3115,.T.);
#3115=EDGE_CURVE('NONE',#3108,#3071,#3116,.F.);
#3116=B_SPLINE_CURVE_WITH_KNOTS('',3,(#3117,#3118,#3119,#3120),.UNSPECIFIED.,.F.,.U.,(4,4),(0.48,0.52),.PIECEWISE_BEZIER_KNOTS.);
#3117=CARTESIAN_POINT('',(11.1438084,-7.851461442,10.0E-04));
#3118=CARTESIAN_POINT('',(11.175728829,-7.884425022,0.001));
#3119=CARTESIAN_POINT('',(11.217037619,-7.924482031,0.001));
#3120=CARTESIAN_POINT('',(11.250418459,-7.95744561,0.001));
#3121=ORIENTED_EDGE('',*,*,#3070,.F.);
#3122=B_SPLINE_SURFACE_WITH_KNOTS('',3,1,((#3123,#3124),(#3125,#3126),(#3127,#3128),(#3129,#3130)),.UNSPECIFIED.,.F.,.F.,.U.,(4,4),(2,2),(0.48,0.52),(0.0,1.0),.PIECEWISE_BEZIER_KNOTS.);
#3123=CARTESIAN_POINT('',(11.1438084,-7.851461442,0.001));
#3124=CARTESIAN_POINT('',(11.1438084,-7.851461442,-1.694065895E-18));
#3125=CARTESIAN_POINT('',(11.175728829,-7.884425022,0.001));
#3126=CARTESIAN_POINT('',(11.175728829,-7.884425022,-1.694065895E-18));
#3127=CARTESIAN_POINT('',(11.217037619,-7.924482031,0.001));
#3128=CARTESIAN_POINT('',(11.217037619,-7.924482031,-1.694065895E-18));
#3129=CARTESIAN_POINT('',(11.250418459,-7.95744561,0.001));
#3130=CARTESIAN_POINT('',(11.250418459,-7.95744561,-1.694065895E-18));
#3131=ADVANCED_FACE('NONE',(#3132),#3159,.F.);
#3132=FACE_BOUND('NONE',#3133,.T.);
#3133=EDGE_LOOP('',(#3134,#3143,#3151,#3158));
#3134=ORIENTED_EDGE('',*,*,#3135,.T.);
#3135=EDGE_CURVE('NONE',#3099,#3136,#3138,.T.);
#3136=VERTEX_POINT('NONE',#3137);
#3137=CARTESIAN_POINT('',(11.262310383,-7.969754795,0.0));
#3138=B_SPLINE_CURVE_WITH_KNOTS('',3,(#3139,#3140,#3141,#3142),.UNSPECIFIED.,.F.,.U.,(4,4),(0.52,0.56),.PIECEWISE_BEZIER_KNOTS.);
#3139=CARTESIAN_POINT('',(11.250418459,-7.95744561,0.0));
#3140=CARTESIAN_POINT('',(11.254382434,-7.961200955,0.0));
#3141=CARTESIAN_POINT('',(11.25980682,-7.96558219,0.0));
#3142=CARTESIAN_POINT('',(11.262310383,-7.969754795,0.0));
#3143=ORIENTED_EDGE('',*,*,#3144,.T.);
#3144=EDGE_CURVE('NONE',#3136,#3145,#3147,.F.);
#3145=VERTEX_POINT('NONE',#3146);
#3146=CARTESIAN_POINT('',(11.262310383,-7.969754795,0.001));
#3147=LINE('',#3148,#3149);
#3148=CARTESIAN_POINT('',(11.262310383,-7.969754795,0.001));
#3149=VECTOR('',#3150,1.0);
#3150=DIRECTION('',(0.0,0.0,-1.0));
#3151=ORIENTED_EDGE('',*,*,#3152,.T.);
#3152=EDGE_CURVE('NONE',#3145,#3108,#3153,.F.);
#3153=B_SPLINE_CURVE_WITH_KNOTS('',3,(#3154,#3155,#3156,#3157),.UNSPECIFIED.,.F.,.U.,(4,4),(0.52,0.56),.PIECEWISE_BEZIER_KNOTS.);
#3154=CARTESIAN_POINT('',(11.250418459,-7.95744561,0.001));
#3155=CARTESIAN_POINT('',(11.254382434,-7.961200955,0.001));
#3156=CARTESIAN_POINT('',(11.25980682,-7.96558219,0.001));
#3157=CARTESIAN_POINT('',(11.262310383,-7.969754795,0.001));
#3158=ORIENTED_EDGE('',*,*,#3107,.F.);
#3159=B_SPLINE_SURFACE_WITH_KNOTS('',3,1,((#3160,#3161),(#3162,#3163),(#3164,#3165),(#3166,#3167)),.UNSPECIFIED.,.F.,.F.,.U.,(4,4),(2,2),(0.52,0.56),(0.0,1.0),.PIECEWISE_BEZIER_KNOTS.);
#3160=CARTESIAN_POINT('',(11.250418459,-7.95744561,0.001));
#3161=CARTESIAN_POINT('',(11.250418459,-7.95744561,0.0));
#3162=CARTESIAN_POINT('',(11.254382434,-7.961200955,0.001));
#3163=CARTESIAN_POINT('',(11.254382434,-7.961200955,0.0));
#3164=CARTESIAN_POINT('',(11.25980682,-7.96558219,0.001));
#3165=CARTESIAN_POINT('',(11.25980682,-7.96558219,0.0));
#3166=CARTESIAN_POINT('',(11.262310383,-7.969754795,0.001));
#3167=CARTESIAN_POINT('',(11.262310383,-7.969754795,0.0));
#3168=ADVANCED_FACE('NONE',(#3169),#3194,.F.);
#3169=FACE_BOUND('NONE',#3170,.T.);
#3170=EDGE_LOOP('',(#3171,#3179,#3187,#3193));
#3171=ORIENTED_EDGE('',*,*,#3172,.T.);
#3172=EDGE_CURVE('NONE',#3136,#3173,#3175,.T.);
#3173=VERTEX_POINT('NONE',#3174);
#3174=CARTESIAN_POINT('',(11.432344039,-7.969754795,0.0));
#3175=LINE('',#3176,#3177);
#3176=CARTESIAN_POINT('',(0.0,-7.969754795,0.0));
#3177=VECTOR('',#3178,1.0);
#3178=DIRECTION('',(1.0,0.0,0.0));
#3179=ORIENTED_EDGE('',*,*,#3180,.T.);
#3180=EDGE_CURVE('NONE',#3173,#3181,#3183,.F.);
#3181=VERTEX_POINT('NONE',#3182);
#3182=CARTESIAN_POINT('',(11.432344039,-7.969754795,0.001));
#3183=LINE('',#3184,#3185);
#3184=CARTESIAN_POINT('',(11.432344039,-7.969754795,0.001));
#3185=VECTOR('',#3186,1.0);
#3186=DIRECTION('',(0.0,0.0,-1.0));
#3187=ORIENTED_EDGE('',*,*,#3188,.T.);
#3188=EDGE_CURVE('NONE',#3181,#3145,#3189,.F.);
#3189=LINE('',#3190,#3191);
#3190=CARTESIAN_POINT('',(0.0,-7.969754795,0.001));
#3191=VECTOR('',#3192,1.0);
#3192=DIRECTION('',(1.0,0.0,0.0));
#3193=ORIENTED_EDGE('',*,*,#3144,.F.);
#3194=PLANE('',#3195);
#3195=AXIS2_PLACEMENT_3D('',#3196,#3197,#3198);
#3196=CARTESIAN_POINT('',(0.0,-7.969754795,0.001));
#3197=DIRECTION('',(0.0,1.0,0.0));
#3198=DIRECTION('',(0.0,0.0,1.0));
#3199=ADVANCED_FACE('NONE',(#3200),#3227,.F.);
#3200=FACE_BOUND('NONE',#3201,.T.);
#3201=EDGE_LOOP('',(#3202,#3211,#3219,#3226));
#3202=ORIENTED_EDGE('',*,*,#3203,.T.);
#3203=EDGE_CURVE('NONE',#3173,#3204,#3206,.T.);
#3204=VERTEX_POINT('NONE',#3205);
#3205=CARTESIAN_POINT('',(11.3920784,-7.929697787,0.0));
#3206=B_SPLINE_CURVE_WITH_KNOTS('',3,(#3207,#3208,#3209,#3210),.UNSPECIFIED.,.F.,.U.,(4,4),(0.6,0.64),.PIECEWISE_BEZIER_KNOTS.);
#3207=CARTESIAN_POINT('',(11.432344039,-7.969754795,0.0));
#3208=CARTESIAN_POINT('',(11.430674997,-7.966416711,0.0));
#3209=CARTESIAN_POINT('',(11.396042375,-7.933453131,0.0));
#3210=CARTESIAN_POINT('',(11.3920784,-7.929697787,0.0));
#3211=ORIENTED_EDGE('',*,*,#3212,.T.);
#3212=EDGE_CURVE('NONE',#3204,#3213,#3215,.F.);
#3213=VERTEX_POINT('NONE',#3214);
#3214=CARTESIAN_POINT('',(11.3920784,-7.929697787,0.001));
#3215=LINE('',#3216,#3217);
#3216=CARTESIAN_POINT('',(11.3920784,-7.929697787,0.001));
#3217=VECTOR('',#3218,1.0);
#3218=DIRECTION('',(0.0,0.0,-1.0));
#3219=ORIENTED_EDGE('',*,*,#3220,.T.);
#3220=EDGE_CURVE('NONE',#3213,#3181,#3221,.F.);
#3221=B_SPLINE_CURVE_WITH_KNOTS('',3,(#3222,#3223,#3224,#3225),.UNSPECIFIED.,.F.,.U.,(4,4),(0.6,0.64),.PIECEWISE_BEZIER_KNOTS.);
#3222=CARTESIAN_POINT('',(11.432344039,-7.969754795,0.001));
#3223=CARTESIAN_POINT('',(11.430674997,-7.966416711,0.001));
#3224=CARTESIAN_POINT('',(11.396042375,-7.933453131,0.001));
#3225=CARTESIAN_POINT('',(11.3920784,-7.929697787,0.001));
#3226=ORIENTED_EDGE('',*,*,#3180,.F.);
#3227=B_SPLINE_SURFACE_WITH_KNOTS('',3,1,((#3228,#3229),(#3230,#3231),(#3232,#3233),(#3234,#3235)),.UNSPECIFIED.,.F.,.F.,.U.,(4,4),(2,2),(0.6,0.64),(0.0,1.0),.PIECEWISE_BEZIER_KNOTS.);
#3228=CARTESIAN_POINT('',(11.432344039,-7.969754795,0.001));
#3229=CARTESIAN_POINT('',(11.432344039,-7.969754795,0.0));
#3230=CARTESIAN_POINT('',(11.430674997,-7.966416711,0.001));
#3231=CARTESIAN_POINT('',(11.430674997,-7.966416711,0.0));
#3232=CARTESIAN_POINT('',(11.396042375,-7.933453131,0.001));
#3233=CARTESIAN_POINT('',(11.396042375,-7.933453131,0.0));
#3234=CARTESIAN_POINT('',(11.3920784,-7.929697787,0.001));
#3235=CARTESIAN_POINT('',(11.3920784,-7.929697787,0.0));
#3236=ADVANCED_FACE('NONE',(#3237),#3262,.F.);
#3237=FACE_BOUND('NONE',#3238,.T.);
#3238=EDGE_LOOP('',(#3239,#3247,#3255,#3261));
#3239=ORIENTED_EDGE('',*,*,#3240,.T.);
#3240=EDGE_CURVE('NONE',#3204,#3241,#3243,.T.);
#3241=VERTEX_POINT('NONE',#3242);
#3242=CARTESIAN_POINT('',(11.361827014,-7.900489552,0.0));
#3243=LINE('',#3244,#3245);
#3244=CARTESIAN_POINT('',(1.533830685,1.588610352,0.0));
#3245=VECTOR('',#3246,1.0);
#3246=DIRECTION('',(-0.719401461,0.694594514,0.0));
#3247=ORIENTED_EDGE('',*,*,#3248,.T.);
#3248=EDGE_CURVE('NONE',#3241,#3249,#3251,.F.);
#3249=VERTEX_POINT('NONE',#3250);
#3250=CARTESIAN_POINT('',(11.361827014,-7.900489552,0.001));
#3251=LINE('',#3252,#3253);
#3252=CARTESIAN_POINT('',(11.361827014,-7.900489552,0.001));
#3253=VECTOR('',#3254,1.0);
#3254=DIRECTION('',(0.0,0.0,-1.0));
#3255=ORIENTED_EDGE('',*,*,#3256,.T.);
#3256=EDGE_CURVE('NONE',#3249,#3213,#3257,.F.);
#3257=LINE('',#3258,#3259);
#3258=CARTESIAN_POINT('',(1.533830685,1.588610352,0.001));
#3259=VECTOR('',#3260,1.0);
#3260=DIRECTION('',(-0.719401461,0.694594514,0.0));
#3261=ORIENTED_EDGE('',*,*,#3212,.F.);
#3262=PLANE('',#3263);
#3263=AXIS2_PLACEMENT_3D('',#3264,#3265,#3266);
#3264=CARTESIAN_POINT('',(1.533830685,1.588610352,0.001));
#3265=DIRECTION('',(-0.694594514,-0.719401461,0.0));
#3266=DIRECTION('',(0.719401461,-0.694594514,0.0));
#3267=ADVANCED_FACE('NONE',(#3268),#3295,.F.);
#3268=FACE_BOUND('NONE',#3269,.T.);
#3269=EDGE_LOOP('',(#3270,#3279,#3287,#3294));
#3270=ORIENTED_EDGE('',*,*,#3271,.T.);
#3271=EDGE_CURVE('NONE',#3241,#3272,#3274,.T.);
#3272=VERTEX_POINT('NONE',#3273);
#3273=CARTESIAN_POINT('',(11.351395501,-7.889849409,0.0));
#3274=B_SPLINE_CURVE_WITH_KNOTS('',3,(#3275,#3276,#3277,#3278),.UNSPECIFIED.,.F.,.U.,(4,4),(0.68,0.72),.PIECEWISE_BEZIER_KNOTS.);
#3275=CARTESIAN_POINT('',(11.361827014,-7.900489552,0.0));
#3276=CARTESIAN_POINT('',(11.35848893,-7.897151467,0.0));
#3277=CARTESIAN_POINT('',(11.354942216,-7.892978862,0.0));
#3278=CARTESIAN_POINT('',(11.351395501,-7.889849409,0.0));
#3279=ORIENTED_EDGE('',*,*,#3280,.T.);
#3280=EDGE_CURVE('NONE',#3272,#3281,#3283,.F.);
#3281=VERTEX_POINT('NONE',#3282);
#3282=CARTESIAN_POINT('',(11.351395501,-7.889849409,0.001));
#3283=LINE('',#3284,#3285);
#3284=CARTESIAN_POINT('',(11.351395501,-7.889849409,0.001));
#3285=VECTOR('',#3286,1.0);
#3286=DIRECTION('',(0.0,0.0,-1.0));
#3287=ORIENTED_EDGE('',*,*,#3288,.T.);
#3288=EDGE_CURVE('NONE',#3281,#3249,#3289,.F.);
#3289=B_SPLINE_CURVE_WITH_KNOTS('',3,(#3290,#3291,#3292,#3293),.UNSPECIFIED.,.F.,.U.,(4,4),(0.68,0.72),.PIECEWISE_BEZIER_KNOTS.);
#3290=CARTESIAN_POINT('',(11.361827014,-7.900489552,0.001));
#3291=CARTESIAN_POINT('',(11.35848893,-7.897151467,0.001));
#3292=CARTESIAN_POINT('',(11.354942216,-7.892978862,0.001));
#3293=CARTESIAN_POINT('',(11.351395501,-7.889849409,0.001));
#3294=ORIENTED_EDGE('',*,*,#3248,.F.);
#3295=B_SPLINE_SURFACE_WITH_KNOTS('',3,1,((#3296,#3297),(#3298,#3299),(#3300,#3301),(#3302,#3303)),.UNSPECIFIED.,.F.,.F.,.U.,(4,4),(2,2),(0.68,0.72),(0.0,1.0),.PIECEWISE_BEZIER_KNOTS.);
#3296=CARTESIAN_POINT('',(11.361827014,-7.900489552,0.001));
#3297=CARTESIAN_POINT('',(11.361827014,-7.900489552,0.0));
#3298=CARTESIAN_POINT('',(11.35848893,-7.897151467,0.001));
#3299=CARTESIAN_POINT('',(11.35848893,-7.897151467,0.0));
#3300=CARTESIAN_POINT('',(11.354942216,-7.892978862,0.001));
#3301=CARTESIAN_POINT('',(11.354942216,-7.892978862,0.0));
#3302=CARTESIAN_POINT('',(11.351395501,-7.889849409,0.001));
#3303=CARTESIAN_POINT('',(11.351395501,-7.889849409,0.0));
#3304=ADVANCED_FACE('NONE',(#3305),#3332,.F.);
#3305=FACE_BOUND('NONE',#3306,.T.);
#3306=EDGE_LOOP('',(#3307,#3316,#3324,#3331));
#3307=ORIENTED_EDGE('',*,*,#3308,.T.);
#3308=EDGE_CURVE('NONE',#3272,#3309,#3311,.T.);
#3309=VERTEX_POINT('NONE',#3310);
#3310=CARTESIAN_POINT('',(11.341172619,-7.880043787,0.0));
#3311=B_SPLINE_CURVE_WITH_KNOTS('',3,(#3312,#3313,#3314,#3315),.UNSPECIFIED.,.F.,.U.,(4,4),(0.72,0.76),.PIECEWISE_BEZIER_KNOTS.);
#3312=CARTESIAN_POINT('',(11.351395501,-7.889849409,0.0));
#3313=CARTESIAN_POINT('',(11.347222896,-7.886094064,0.0));
#3314=CARTESIAN_POINT('',(11.344927963,-7.883799131,0.0));
#3315=CARTESIAN_POINT('',(11.341172619,-7.880043787,0.0));
#3316=ORIENTED_EDGE('',*,*,#3317,.T.);
#3317=EDGE_CURVE('NONE',#3309,#3318,#3320,.F.);
#3318=VERTEX_POINT('NONE',#3319);
#3319=CARTESIAN_POINT('',(11.341172619,-7.880043787,0.001));
#3320=LINE('',#3321,#3322);
#3321=CARTESIAN_POINT('',(11.341172619,-7.880043787,0.001));
#3322=VECTOR('',#3323,1.0);
#3323=DIRECTION('',(0.0,0.0,-1.0));
#3324=ORIENTED_EDGE('',*,*,#3325,.T.);
#3325=EDGE_CURVE('NONE',#3318,#3281,#3326,.F.);
#3326=B_SPLINE_CURVE_WITH_KNOTS('',3,(#3327,#3328,#3329,#3330),.UNSPECIFIED.,.F.,.U.,(4,4),(0.72,0.76),.PIECEWISE_BEZIER_KNOTS.);
#3327=CARTESIAN_POINT('',(11.351395501,-7.889849409,0.001));
#3328=CARTESIAN_POINT('',(11.347222896,-7.886094064,0.001));
#3329=CARTESIAN_POINT('',(11.344927963,-7.883799131,0.001));
#3330=CARTESIAN_POINT('',(11.341172619,-7.880043787,0.001));
#3331=ORIENTED_EDGE('',*,*,#3280,.F.);
#3332=B_SPLINE_SURFACE_WITH_KNOTS('',3,1,((#3333,#3334),(#3335,#3336),(#3337,#3338),(#3339,#3340)),.UNSPECIFIED.,.F.,.F.,.U.,(4,4),(2,2),(0.72,0.76),(0.0,1.0),.PIECEWISE_BEZIER_KNOTS.);
#3333=CARTESIAN_POINT('',(11.351395501,-7.889849409,0.001));
#3334=CARTESIAN_POINT('',(11.351395501,-7.889849409,0.0));
#3335=CARTESIAN_POINT('',(11.347222896,-7.886094064,0.001));
#3336=CARTESIAN_POINT('',(11.347222896,-7.886094064,0.0));
#3337=CARTESIAN_POINT('',(11.344927963,-7.883799131,0.001));
#3338=CARTESIAN_POINT('',(11.344927963,-7.883799131,0.0));
#3339=CARTESIAN_POINT('',(11.341172619,-7.880043787,0.001));
#3340=CARTESIAN_POINT('',(11.341172619,-7.880043787,0.0));
#3341=ADVANCED_FACE('NONE',(#3342),#3369,.F.);
#3342=FACE_BOUND('NONE',#3343,.T.);
#3343=EDGE_LOOP('',(#3344,#3353,#3361,#3368));
#3344=ORIENTED_EDGE('',*,*,#3345,.T.);
#3345=EDGE_CURVE('NONE',#3309,#3346,#3348,.T.);
#3346=VERTEX_POINT('NONE',#3347);
#3347=CARTESIAN_POINT('',(11.270238333,-7.810152652,0.0));
#3348=B_SPLINE_CURVE_WITH_KNOTS('',3,(#3349,#3350,#3351,#3352),.UNSPECIFIED.,.F.,.U.,(4,4),(0.76,0.8),.PIECEWISE_BEZIER_KNOTS.);
#3349=CARTESIAN_POINT('',(11.341172619,-7.880043787,0.0));
#3350=CARTESIAN_POINT('',(11.326777131,-7.865648299,0.0));
#3351=CARTESIAN_POINT('',(11.279626694,-7.821627316,0.0));
#3352=CARTESIAN_POINT('',(11.270238333,-7.810152652,0.0));
#3353=ORIENTED_EDGE('',*,*,#3354,.T.);
#3354=EDGE_CURVE('NONE',#3346,#3355,#3357,.F.);
#3355=VERTEX_POINT('NONE',#3356);
#3356=CARTESIAN_POINT('',(11.270238333,-7.810152652,0.001));
#3357=LINE('',#3358,#3359);
#3358=CARTESIAN_POINT('',(11.270238333,-7.810152652,0.001));
#3359=VECTOR('',#3360,1.0);
#3360=DIRECTION('',(0.0,0.0,-1.0));
#3361=ORIENTED_EDGE('',*,*,#3362,.T.);
#3362=EDGE_CURVE('NONE',#3355,#3318,#3363,.F.);
#3363=B_SPLINE_CURVE_WITH_KNOTS('',3,(#3364,#3365,#3366,#3367),.UNSPECIFIED.,.F.,.U.,(4,4),(0.76,0.8),.PIECEWISE_BEZIER_KNOTS.);
#3364=CARTESIAN_POINT('',(11.341172619,-7.880043787,0.001));
#3365=CARTESIAN_POINT('',(11.326777131,-7.865648299,0.001));
#3366=CARTESIAN_POINT('',(11.279626694,-7.821627316,0.001));
#3367=CARTESIAN_POINT('',(11.270238333,-7.810152652,0.001));
#3368=ORIENTED_EDGE('',*,*,#3317,.F.);
#3369=B_SPLINE_SURFACE_WITH_KNOTS('',3,1,((#3370,#3371),(#3372,#3373),(#3374,#3375),(#3376,#3377)),.UNSPECIFIED.,.F.,.F.,.U.,(4,4),(2,2),(0.76,0.8),(0.0,1.0),.PIECEWISE_BEZIER_KNOTS.);
#3370=CARTESIAN_POINT('',(11.341172619,-7.880043787,0.001));
#3371=CARTESIAN_POINT('',(11.341172619,-7.880043787,0.0));
#3372=CARTESIAN_POINT('',(11.326777131,-7.865648299,0.001));
#3373=CARTESIAN_POINT('',(11.326777131,-7.865648299,0.0));
#3374=CARTESIAN_POINT('',(11.279626694,-7.821627316,0.001));
#3375=CARTESIAN_POINT('',(11.279626694,-7.821627316,0.0));
#3376=CARTESIAN_POINT('',(11.270238333,-7.810152652,0.001));
#3377=CARTESIAN_POINT('',(11.270238333,-7.810152652,0.0));
#3378=ADVANCED_FACE('NONE',(#3379),#3406,.F.);
#3379=FACE_BOUND('NONE',#3380,.T.);
#3380=EDGE_LOOP('',(#3381,#3390,#3398,#3405));
#3381=ORIENTED_EDGE('',*,*,#3382,.T.);
#3382=EDGE_CURVE('NONE',#3346,#3383,#3385,.T.);
#3383=VERTEX_POINT('NONE',#3384);
#3384=CARTESIAN_POINT('',(11.384359081,-7.765088518,0.0));
#3385=B_SPLINE_CURVE_WITH_KNOTS('',3,(#3386,#3387,#3388,#3389),.UNSPECIFIED.,.F.,.U.,(4,4),(0.8,0.84),.PIECEWISE_BEZIER_KNOTS.);
#3386=CARTESIAN_POINT('',(11.270238333,-7.810152652,0.0));
#3387=CARTESIAN_POINT('',(11.308417669,-7.806188677,0.0));
#3388=CARTESIAN_POINT('',(11.361201123,-7.792836341,0.0));
#3389=CARTESIAN_POINT('',(11.384359081,-7.765088518,0.0));
#3390=ORIENTED_EDGE('',*,*,#3391,.T.);
#3391=EDGE_CURVE('NONE',#3383,#3392,#3394,.F.);
#3392=VERTEX_POINT('NONE',#3393);
#3393=CARTESIAN_POINT('',(11.384359081,-7.765088518,0.001));
#3394=LINE('',#3395,#3396);
#3395=CARTESIAN_POINT('',(11.384359081,-7.765088518,0.001));
#3396=VECTOR('',#3397,1.0);
#3397=DIRECTION('',(0.0,0.0,-1.0));
#3398=ORIENTED_EDGE('',*,*,#3399,.T.);
#3399=EDGE_CURVE('NONE',#3392,#3355,#3400,.F.);
#3400=B_SPLINE_CURVE_WITH_KNOTS('',3,(#3401,#3402,#3403,#3404),.UNSPECIFIED.,.F.,.U.,(4,4),(0.8,0.84),.PIECEWISE_BEZIER_KNOTS.);
#3401=CARTESIAN_POINT('',(11.270238333,-7.810152652,0.001));
#3402=CARTESIAN_POINT('',(11.308417669,-7.806188677,0.001));
#3403=CARTESIAN_POINT('',(11.361201123,-7.792836341,0.001));
#3404=CARTESIAN_POINT('',(11.384359081,-7.765088518,0.001));
#3405=ORIENTED_EDGE('',*,*,#3354,.F.);
#3406=B_SPLINE_SURFACE_WITH_KNOTS('',3,1,((#3407,#3408),(#3409,#3410),(#3411,#3412),(#3413,#3414)),.UNSPECIFIED.,.F.,.F.,.U.,(4,4),(2,2),(0.8,0.84),(0.0,1.0),.PIECEWISE_BEZIER_KNOTS.);
#3407=CARTESIAN_POINT('',(11.270238333,-7.810152652,0.001));
#3408=CARTESIAN_POINT('',(11.270238333,-7.810152652,0.0));
#3409=CARTESIAN_POINT('',(11.308417669,-7.806188677,0.001));
#3410=CARTESIAN_POINT('',(11.308417669,-7.806188677,0.0));
#3411=CARTESIAN_POINT('',(11.361201123,-7.792836341,0.001));
#3412=CARTESIAN_POINT('',(11.361201123,-7.792836341,0.0));
#3413=CARTESIAN_POINT('',(11.384359081,-7.765088518,0.001));
#3414=CARTESIAN_POINT('',(11.384359081,-7.765088518,0.0));
#3415=ADVANCED_FACE('NONE',(#3416),#3434,.F.);
#3416=FACE_BOUND('NONE',#3417,.T.);
#3417=EDGE_LOOP('',(#3418,#3425,#3426,#3433));
#3418=ORIENTED_EDGE('',*,*,#3419,.T.);
#3419=EDGE_CURVE('NONE',#3383,#2596,#3420,.T.);
#3420=B_SPLINE_CURVE_WITH_KNOTS('',3,(#3421,#3422,#3423,#3424),.UNSPECIFIED.,.F.,.U.,(4,4),(0.84,0.88),.PIECEWISE_BEZIER_KNOTS.);
#3421=CARTESIAN_POINT('',(11.384359081,-7.765088518,0.0));
#3422=CARTESIAN_POINT('',(11.406056627,-7.738801106,0.0));
#3423=CARTESIAN_POINT('',(11.40814293,-7.679758744,0.0));
#3424=CARTESIAN_POINT('',(11.401258132,-7.644500232,0.0));
#3425=ORIENTED_EDGE('',*,*,#2623,.F.);
#3426=ORIENTED_EDGE('',*,*,#3427,.T.);
#3427=EDGE_CURVE('NONE',#2615,#3392,#3428,.F.);
#3428=B_SPLINE_CURVE_WITH_KNOTS('',3,(#3429,#3430,#3431,#3432),.UNSPECIFIED.,.F.,.U.,(4,4),(0.84,0.88),.PIECEWISE_BEZIER_KNOTS.);
#3429=CARTESIAN_POINT('',(11.384359081,-7.765088518,0.001));
#3430=CARTESIAN_POINT('',(11.406056627,-7.738801106,0.001));
#3431=CARTESIAN_POINT('',(11.40814293,-7.679758744,0.001));
#3432=CARTESIAN_POINT('',(11.401258132,-7.644500232,0.001));
#3433=ORIENTED_EDGE('',*,*,#3391,.F.);
#3434=B_SPLINE_SURFACE_WITH_KNOTS('',3,1,((#3435,#3436),(#3437,#3438),(#3439,#3440),(#3441,#3442)),.UNSPECIFIED.,.F.,.F.,.U.,(4,4),(2,2),(0.84,0.88),(0.0,1.0),.PIECEWISE_BEZIER_KNOTS.);
#3435=CARTESIAN_POINT('',(11.384359081,-7.765088518,0.001));
#3436=CARTESIAN_POINT('',(11.384359081,-7.765088518,0.0));
#3437=CARTESIAN_POINT('',(11.406056627,-7.738801106,0.001));
#3438=CARTESIAN_POINT('',(11.406056627,-7.738801106,0.0));
#3439=CARTESIAN_POINT('',(11.40814293,-7.679758744,0.001));
#3440=CARTESIAN_POINT('',(11.40814293,-7.679758744,0.0));
#3441=CARTESIAN_POINT('',(11.401258132,-7.644500232,0.001));
#3442=CARTESIAN_POINT('',(11.401258132,-7.644500232,0.0));
#3443=ADVANCED_FACE('NONE',(#3444),#3470,.T.);
#3444=FACE_BOUND('NONE',#3445,.T.);
#3445=EDGE_LOOP('',(#3446,#3447,#3448,#3449,#3450,#3451,#3452,#3453,#3454,#3455,#3456,#3457,#3458,#3459,#3460,#3461,#3462,#3463,#3464,#3465,#3466,#3467,#3468,#3469));
#3446=ORIENTED_EDGE('',*,*,#2614,.F.);
#3447=ORIENTED_EDGE('',*,*,#2658,.F.);
#3448=ORIENTED_EDGE('',*,*,#2694,.F.);
#3449=ORIENTED_EDGE('',*,*,#2726,.F.);
#3450=ORIENTED_EDGE('',*,*,#2763,.F.);
#3451=ORIENTED_EDGE('',*,*,#2799,.F.);
#3452=ORIENTED_EDGE('',*,*,#2830,.F.);
#3453=ORIENTED_EDGE('',*,*,#2861,.F.);
#3454=ORIENTED_EDGE('',*,*,#2893,.F.);
#3455=ORIENTED_EDGE('',*,*,#2930,.F.);
#3456=ORIENTED_EDGE('',*,*,#2967,.F.);
#3457=ORIENTED_EDGE('',*,*,#3004,.F.);
#3458=ORIENTED_EDGE('',*,*,#3041,.F.);
#3459=ORIENTED_EDGE('',*,*,#3078,.F.);
#3460=ORIENTED_EDGE('',*,*,#3115,.F.);
#3461=ORIENTED_EDGE('',*,*,#3152,.F.);
#3462=ORIENTED_EDGE('',*,*,#3188,.F.);
#3463=ORIENTED_EDGE('',*,*,#3220,.F.);
#3464=ORIENTED_EDGE('',*,*,#3256,.F.);
#3465=ORIENTED_EDGE('',*,*,#3288,.F.);
#3466=ORIENTED_EDGE('',*,*,#3325,.F.);
#3467=ORIENTED_EDGE('',*,*,#3362,.F.);
#3468=ORIENTED_EDGE('',*,*,#3399,.F.);
#3469=ORIENTED_EDGE('',*,*,#3427,.F.);
#3470=PLANE('',#3471);
#3471=AXIS2_PLACEMENT_3D('',#3472,#3473,#3474);
#3472=CARTESIAN_POINT('',(0.0,0.0,0.001));
#3473=DIRECTION('',(0.0,0.0,1.0));
#3474=DIRECTION('',(1.0,0.0,0.0));
#3475=ADVANCED_FACE('NONE',(#3476),#3502,.F.);
#3476=FACE_BOUND('NONE',#3477,.T.);
#3477=EDGE_LOOP('',(#3478,#3479,#3480,#3481,#3482,#3483,#3484,#3485,#3486,#3487,#3488,#3489,#3490,#3491,#3492,#3493,#3494,#3495,#3496,#3497,#3498,#3499,#3500,#3501));
#3478=ORIENTED_EDGE('',*,*,#2595,.F.);
#3479=ORIENTED_EDGE('',*,*,#3419,.F.);
#3480=ORIENTED_EDGE('',*,*,#3382,.F.);
#3481=ORIENTED_EDGE('',*,*,#3345,.F.);
#3482=ORIENTED_EDGE('',*,*,#3308,.F.);
#3483=ORIENTED_EDGE('',*,*,#3271,.F.);
#3484=ORIENTED_EDGE('',*,*,#3240,.F.);
#3485=ORIENTED_EDGE('',*,*,#3203,.F.);
#3486=ORIENTED_EDGE('',*,*,#3172,.F.);
#3487=ORIENTED_EDGE('',*,*,#3135,.F.);
#3488=ORIENTED_EDGE('',*,*,#3098,.F.);
#3489=ORIENTED_EDGE('',*,*,#3061,.F.);
#3490=ORIENTED_EDGE('',*,*,#3024,.F.);
#3491=ORIENTED_EDGE('',*,*,#2987,.F.);
#3492=ORIENTED_EDGE('',*,*,#2950,.F.);
#3493=ORIENTED_EDGE('',*,*,#2913,.F.);
#3494=ORIENTED_EDGE('',*,*,#2876,.F.);
#3495=ORIENTED_EDGE('',*,*,#2845,.F.);
#3496=ORIENTED_EDGE('',*,*,#2814,.F.);
#3497=ORIENTED_EDGE('',*,*,#2783,.F.);
#3498=ORIENTED_EDGE('',*,*,#2746,.F.);
#3499=ORIENTED_EDGE('',*,*,#2709,.F.);
#3500=ORIENTED_EDGE('',*,*,#2678,.F.);
#3501=ORIENTED_EDGE('',*,*,#2641,.F.);
#3502=PLANE('',#3503);
#3503=AXIS2_PLACEMENT_3D('',#3504,#3505,#3506);
#3504=CARTESIAN_POINT('',(0.0,0.0,0.0));
#3505=DIRECTION('',(0.0,0.0,1.0));
#3506=DIRECTION('',(1.0,0.0,0.0));
#3507=MANIFOLD_SOLID_BREP('Boss-Extrude1[2]',#3508);
#3508=CLOSED_SHELL('NONE',(#3509,#3555,#3592,#3623,#3660,#3697,#3734,#3771,#3808,#3845,#3882,#3919,#3956,#4002,#4039,#4070,#4107,#4144,#4181,#4209,#4237,#4267));
#3509=ADVANCED_FACE('NONE',(#3510),#3546,.F.);
#3510=FACE_BOUND('NONE',#3511,.T.);
#3511=EDGE_LOOP('',(#3512,#3523,#3531,#3540));
#3512=ORIENTED_EDGE('',*,*,#3513,.T.);
#3513=EDGE_CURVE('NONE',#3514,#3516,#3518,.T.);
#3514=VERTEX_POINT('NONE',#3515);
#3515=CARTESIAN_POINT('',(11.898215393,-7.562091282,0.0));
#3516=VERTEX_POINT('NONE',#3517);
#3517=CARTESIAN_POINT('',(11.845431939,-7.553328811,0.0));
#3518=B_SPLINE_CURVE_WITH_KNOTS('',3,(#3519,#3520,#3521,#3522),.UNSPECIFIED.,.F.,.U.,(4,4),(0.785714286,0.857142857),.PIECEWISE_BEZIER_KNOTS.);
#3519=CARTESIAN_POINT('',(11.898215393,-7.562091282,0.0));
#3520=CARTESIAN_POINT('',(11.882150863,-7.558127307,0.0));
#3521=CARTESIAN_POINT('',(11.86295688,-7.555206484,0.0));
#3522=CARTESIAN_POINT('',(11.845431939,-7.553328811,0.0));
#3523=ORIENTED_EDGE('',*,*,#3524,.T.);
#3524=EDGE_CURVE('NONE',#3516,#3525,#3527,.F.);
#3525=VERTEX_POINT('NONE',#3526);
#3526=CARTESIAN_POINT('',(11.845431939,-7.553328811,0.001));
#3527=LINE('',#3528,#3529);
#3528=CARTESIAN_POINT('',(11.845431939,-7.553328811,0.001));
#3529=VECTOR('',#3530,1.0);
#3530=DIRECTION('',(0.0,0.0,-1.0));
#3531=ORIENTED_EDGE('',*,*,#3532,.T.);
#3532=EDGE_CURVE('NONE',#3525,#3533,#3535,.F.);
#3533=VERTEX_POINT('NONE',#3534);
#3534=CARTESIAN_POINT('',(11.898215393,-7.562091282,0.001));
#3535=B_SPLINE_CURVE_WITH_KNOTS('',3,(#3536,#3537,#3538,#3539),.UNSPECIFIED.,.F.,.U.,(4,4),(0.785714286,0.857142857),.PIECEWISE_BEZIER_KNOTS.);
#3536=CARTESIAN_POINT('',(11.898215393,-7.562091282,0.001));
#3537=CARTESIAN_POINT('',(11.882150863,-7.558127307,0.001));
#3538=CARTESIAN_POINT('',(11.86295688,-7.555206484,0.001));
#3539=CARTESIAN_POINT('',(11.845431939,-7.553328811,0.001));
#3540=ORIENTED_EDGE('',*,*,#3541,.T.);
#3541=EDGE_CURVE('NONE',#3533,#3514,#3542,.T.);
#3542=LINE('',#3543,#3544);
#3543=CARTESIAN_POINT('',(11.898215393,-7.562091282,0.001));
#3544=VECTOR('',#3545,1.0);
#3545=DIRECTION('',(0.0,0.0,-1.0));
#3546=B_SPLINE_SURFACE_WITH_KNOTS('',3,1,((#3547,#3548),(#3549,#3550),(#3551,#3552),(#3553,#3554)),.UNSPECIFIED.,.F.,.F.,.U.,(4,4),(2,2),(0.785714286,0.857142857),(0.0,1.0),.PIECEWISE_BEZIER_KNOTS.);
#3547=CARTESIAN_POINT('',(11.898215393,-7.562091282,0.001));
#3548=CARTESIAN_POINT('',(11.898215393,-7.562091282,0.0));
#3549=CARTESIAN_POINT('',(11.882150863,-7.558127307,0.001));
#3550=CARTESIAN_POINT('',(11.882150863,-7.558127307,0.0));
#3551=CARTESIAN_POINT('',(11.86295688,-7.555206484,0.001));
#3552=CARTESIAN_POINT('',(11.86295688,-7.555206484,0.0));
#3553=CARTESIAN_POINT('',(11.845431939,-7.553328811,0.001));
#3554=CARTESIAN_POINT('',(11.845431939,-7.553328811,0.0));
#3555=ADVANCED_FACE('NONE',(#3556),#3583,.F.);
#3556=FACE_BOUND('NONE',#3557,.T.);
#3557=EDGE_LOOP('',(#3558,#3567,#3575,#3582));
#3558=ORIENTED_EDGE('',*,*,#3559,.T.);
#3559=EDGE_CURVE('NONE',#3516,#3560,#3562,.T.);
#3560=VERTEX_POINT('NONE',#3561);
#3561=CARTESIAN_POINT('',(11.787641359,-7.548947576,0.0));
#3562=B_SPLINE_CURVE_WITH_KNOTS('',3,(#3563,#3564,#3565,#3566),.UNSPECIFIED.,.F.,.U.,(4,4),(0.857142857,1.0),.PIECEWISE_BEZIER_KNOTS.);
#3563=CARTESIAN_POINT('',(11.845431939,-7.553328811,0.0));
#3564=CARTESIAN_POINT('',(11.836460838,-7.55228566,0.0));
#3565=CARTESIAN_POINT('',(11.790770813,-7.549990727,0.0));
#3566=CARTESIAN_POINT('',(11.787641359,-7.548947576,0.0));
#3567=ORIENTED_EDGE('',*,*,#3568,.T.);
#3568=EDGE_CURVE('NONE',#3560,#3569,#3571,.F.);
#3569=VERTEX_POINT('NONE',#3570);
#3570=CARTESIAN_POINT('',(11.787641359,-7.548947576,0.001));
#3571=LINE('',#3572,#3573);
#3572=CARTESIAN_POINT('',(11.787641359,-7.548947576,0.001));
#3573=VECTOR('',#3574,1.0);
#3574=DIRECTION('',(0.0,0.0,-1.0));
#3575=ORIENTED_EDGE('',*,*,#3576,.T.);
#3576=EDGE_CURVE('NONE',#3569,#3525,#3577,.F.);
#3577=B_SPLINE_CURVE_WITH_KNOTS('',3,(#3578,#3579,#3580,#3581),.UNSPECIFIED.,.F.,.U.,(4,4),(0.857142857,1.0),.PIECEWISE_BEZIER_KNOTS.);
#3578=CARTESIAN_POINT('',(11.845431939,-7.553328811,0.001));
#3579=CARTESIAN_POINT('',(11.836460838,-7.55228566,0.001));
#3580=CARTESIAN_POINT('',(11.790770813,-7.549990727,0.001));
#3581=CARTESIAN_POINT('',(11.787641359,-7.548947576,0.001));
#3582=ORIENTED_EDGE('',*,*,#3524,.F.);
#3583=B_SPLINE_SURFACE_WITH_KNOTS('',3,1,((#3584,#3585),(#3586,#3587),(#3588,#3589),(#3590,#3591)),.UNSPECIFIED.,.F.,.F.,.U.,(4,4),(2,2),(0.857142857,1.0),(0.0,1.0),.PIECEWISE_BEZIER_KNOTS.);
#3584=CARTESIAN_POINT('',(11.845431939,-7.553328811,0.001));
#3585=CARTESIAN_POINT('',(11.845431939,-7.553328811,0.0));
#3586=CARTESIAN_POINT('',(11.836460838,-7.55228566,0.001));
#3587=CARTESIAN_POINT('',(11.836460838,-7.55228566,0.0));
#3588=CARTESIAN_POINT('',(11.790770813,-7.549990727,0.001));
#3589=CARTESIAN_POINT('',(11.790770813,-7.549990727,0.0));
#3590=CARTESIAN_POINT('',(11.787641359,-7.548947576,0.001));
#3591=CARTESIAN_POINT('',(11.787641359,-7.548947576,0.0));
#3592=ADVANCED_FACE('NONE',(#3593),#3618,.F.);
#3593=FACE_BOUND('NONE',#3594,.T.);
#3594=EDGE_LOOP('',(#3595,#3603,#3611,#3617));
#3595=ORIENTED_EDGE('',*,*,#3596,.T.);
#3596=EDGE_CURVE('NONE',#3560,#3597,#3599,.T.);
#3597=VERTEX_POINT('NONE',#3598);
#3598=CARTESIAN_POINT('',(11.717332964,-7.548947576,0.0));
#3599=LINE('',#3600,#3601);
#3600=CARTESIAN_POINT('',(0.0,-7.548947576,0.0));
#3601=VECTOR('',#3602,1.0);
#3602=DIRECTION('',(-1.0,0.0,0.0));
#3603=ORIENTED_EDGE('',*,*,#3604,.T.);
#3604=EDGE_CURVE('NONE',#3597,#3605,#3607,.F.);
#3605=VERTEX_POINT('NONE',#3606);
#3606=CARTESIAN_POINT('',(11.717332964,-7.548947576,0.001));
#3607=LINE('',#3608,#3609);
#3608=CARTESIAN_POINT('',(11.717332964,-7.548947576,0.001));
#3609=VECTOR('',#3610,1.0);
#3610=DIRECTION('',(0.0,0.0,-1.0));
#3611=ORIENTED_EDGE('',*,*,#3612,.T.);
#3612=EDGE_CURVE('NONE',#3605,#3569,#3613,.F.);
#3613=LINE('',#3614,#3615);
#3614=CARTESIAN_POINT('',(0.0,-7.548947576,0.001));
#3615=VECTOR('',#3616,1.0);
#3616=DIRECTION('',(-1.0,0.0,0.0));
#3617=ORIENTED_EDGE('',*,*,#3568,.F.);
#3618=PLANE('',#3619);
#3619=AXIS2_PLACEMENT_3D('',#3620,#3621,#3622);
#3620=CARTESIAN_POINT('',(0.0,-7.548947576,0.001));
#3621=DIRECTION('',(0.0,-1.0,0.0));
#3622=DIRECTION('',(0.0,0.0,-1.0));
#3623=ADVANCED_FACE('NONE',(#3624),#3651,.F.);
#3624=FACE_BOUND('NONE',#3625,.T.);
#3625=EDGE_LOOP('',(#3626,#3635,#3643,#3650));
#3626=ORIENTED_EDGE('',*,*,#3627,.T.);
#3627=EDGE_CURVE('NONE',#3597,#3628,#3630,.T.);
#3628=VERTEX_POINT('NONE',#3629);
#3629=CARTESIAN_POINT('',(11.546882048,-7.589630475,0.0));
#3630=B_SPLINE_CURVE_WITH_KNOTS('',3,(#3631,#3632,#3633,#3634),.UNSPECIFIED.,.F.,.U.,(4,4),(0.071428571,0.142857143),.PIECEWISE_BEZIER_KNOTS.);
#3631=CARTESIAN_POINT('',(11.717332964,-7.548947576,0.0));
#3632=CARTESIAN_POINT('',(11.706275561,-7.552702921,0.0));
#3633=CARTESIAN_POINT('',(11.60696756,-7.548738946,0.0));
#3634=CARTESIAN_POINT('',(11.546882048,-7.589630475,0.0));
#3635=ORIENTED_EDGE('',*,*,#3636,.T.);
#3636=EDGE_CURVE('NONE',#3628,#3637,#3639,.F.);
#3637=VERTEX_POINT('NONE',#3638);
#3638=CARTESIAN_POINT('',(11.546882048,-7.589630475,0.001));
#3639=LINE('',#3640,#3641);
#3640=CARTESIAN_POINT('',(11.546882048,-7.589630475,0.001));
#3641=VECTOR('',#3642,1.0);
#3642=DIRECTION('',(0.0,0.0,-1.0));
#3643=ORIENTED_EDGE('',*,*,#3644,.T.);
#3644=EDGE_CURVE('NONE',#3637,#3605,#3645,.F.);
#3645=B_SPLINE_CURVE_WITH_KNOTS('',3,(#3646,#3647,#3648,#3649),.UNSPECIFIED.,.F.,.U.,(4,4),(0.071428571,0.142857143),.PIECEWISE_BEZIER_KNOTS.);
#3646=CARTESIAN_POINT('',(11.717332964,-7.548947576,0.001));
#3647=CARTESIAN_POINT('',(11.706275561,-7.552702921,0.001));
#3648=CARTESIAN_POINT('',(11.60696756,-7.548738946,0.001));
#3649=CARTESIAN_POINT('',(11.546882048,-7.589630475,0.001));
#3650=ORIENTED_EDGE('',*,*,#3604,.F.);
#3651=B_SPLINE_SURFACE_WITH_KNOTS('',3,1,((#3652,#3653),(#3654,#3655),(#3656,#3657),(#3658,#3659)),.UNSPECIFIED.,.F.,.F.,.U.,(4,4),(2,2),(0.071428571,0.142857143),(0.0,1.0),.PIECEWISE_BEZIER_KNOTS.);
#3652=CARTESIAN_POINT('',(11.717332964,-7.548947576,0.001));
#3653=CARTESIAN_POINT('',(11.717332964,-7.548947576,0.0));
#3654=CARTESIAN_POINT('',(11.706275561,-7.552702921,0.001));
#3655=CARTESIAN_POINT('',(11.706275561,-7.552702921,0.0));
#3656=CARTESIAN_POINT('',(11.60696756,-7.548738946,0.001));
#3657=CARTESIAN_POINT('',(11.60696756,-7.548738946,0.0));
#3658=CARTESIAN_POINT('',(11.546882048,-7.589630475,0.001));
#3659=CARTESIAN_POINT('',(11.546882048,-7.589630475,0.0));
#3660=ADVANCED_FACE('NONE',(#3661),#3688,.F.);
#3661=FACE_BOUND('NONE',#3662,.T.);
#3662=EDGE_LOOP('',(#3663,#3672,#3680,#3687));
#3663=ORIENTED_EDGE('',*,*,#3664,.T.);
#3664=EDGE_CURVE('NONE',#3628,#3665,#3667,.T.);
#3665=VERTEX_POINT('NONE',#3666);
#3666=CARTESIAN_POINT('',(11.530191628,-7.602565551,0.0));
#3667=B_SPLINE_CURVE_WITH_KNOTS('',3,(#3668,#3669,#3670,#3671),.UNSPECIFIED.,.F.,.U.,(4,4),(0.142857143,0.214285714),.PIECEWISE_BEZIER_KNOTS.);
#3668=CARTESIAN_POINT('',(11.546882048,-7.589630475,0.0));
#3669=CARTESIAN_POINT('',(11.542292182,-7.592759929,0.0));
#3670=CARTESIAN_POINT('',(11.534155602,-7.598601576,0.0));
#3671=CARTESIAN_POINT('',(11.530191628,-7.602565551,0.0));
#3672=ORIENTED_EDGE('',*,*,#3673,.T.);
#3673=EDGE_CURVE('NONE',#3665,#3674,#3676,.F.);
#3674=VERTEX_POINT('NONE',#3675);
#3675=CARTESIAN_POINT('',(11.530191628,-7.602565551,0.001));
#3676=LINE('',#3677,#3678);
#3677=CARTESIAN_POINT('',(11.530191628,-7.602565551,0.001));
#3678=VECTOR('',#3679,1.0);
#3679=DIRECTION('',(0.0,0.0,-1.0));
#3680=ORIENTED_EDGE('',*,*,#3681,.T.);
#3681=EDGE_CURVE('NONE',#3674,#3637,#3682,.F.);
#3682=B_SPLINE_CURVE_WITH_KNOTS('',3,(#3683,#3684,#3685,#3686),.UNSPECIFIED.,.F.,.U.,(4,4),(0.142857143,0.214285714),.PIECEWISE_BEZIER_KNOTS.);
#3683=CARTESIAN_POINT('',(11.546882048,-7.589630475,0.001));
#3684=CARTESIAN_POINT('',(11.542292182,-7.592759929,0.001));
#3685=CARTESIAN_POINT('',(11.534155602,-7.598601576,0.001));
#3686=CARTESIAN_POINT('',(11.530191628,-7.602565551,0.001));
#3687=ORIENTED_EDGE('',*,*,#3636,.F.);
#3688=B_SPLINE_SURFACE_WITH_KNOTS('',3,1,((#3689,#3690),(#3691,#3692),(#3693,#3694),(#3695,#3696)),.UNSPECIFIED.,.F.,.F.,.U.,(4,4),(2,2),(0.142857143,0.214285714),(0.0,1.0),.PIECEWISE_BEZIER_KNOTS.);
#3689=CARTESIAN_POINT('',(11.546882048,-7.589630475,0.001));
#3690=CARTESIAN_POINT('',(11.546882048,-7.589630475,0.0));
#3691=CARTESIAN_POINT('',(11.542292182,-7.592759929,0.001));
#3692=CARTESIAN_POINT('',(11.542292182,-7.592759929,0.0));
#3693=CARTESIAN_POINT('',(11.534155602,-7.598601576,0.001));
#3694=CARTESIAN_POINT('',(11.534155602,-7.598601576,0.0));
#3695=CARTESIAN_POINT('',(11.530191628,-7.602565551,0.001));
#3696=CARTESIAN_POINT('',(11.530191628,-7.602565551,0.0));
#3697=ADVANCED_FACE('NONE',(#3698),#3725,.F.);
#3698=FACE_BOUND('NONE',#3699,.T.);
#3699=EDGE_LOOP('',(#3700,#3709,#3717,#3724));
#3700=ORIENTED_EDGE('',*,*,#3701,.T.);
#3701=EDGE_CURVE('NONE',#3665,#3702,#3704,.T.);
#3702=VERTEX_POINT('NONE',#3703);
#3703=CARTESIAN_POINT('',(11.495976266,-7.678506963,0.0));
#3704=B_SPLINE_CURVE_WITH_KNOTS('',3,(#3705,#3706,#3707,#3708),.UNSPECIFIED.,.F.,.U.,(4,4),(0.214285714,0.285714286),.PIECEWISE_BEZIER_KNOTS.);
#3705=CARTESIAN_POINT('',(11.530191628,-7.602565551,0.0));
#3706=CARTESIAN_POINT('',(11.510371754,-7.622802686,0.0));
#3707=CARTESIAN_POINT('',(11.49889709,-7.644500232,0.0));
#3708=CARTESIAN_POINT('',(11.495976266,-7.678506963,0.0));
#3709=ORIENTED_EDGE('',*,*,#3710,.T.);
#3710=EDGE_CURVE('NONE',#3702,#3711,#3713,.F.);
#3711=VERTEX_POINT('NONE',#3712);
#3712=CARTESIAN_POINT('',(11.495976266,-7.678506963,0.001));
#3713=LINE('',#3714,#3715);
#3714=CARTESIAN_POINT('',(11.495976266,-7.678506963,0.001));
#3715=VECTOR('',#3716,1.0);
#3716=DIRECTION('',(0.0,0.0,-1.0));
#3717=ORIENTED_EDGE('',*,*,#3718,.T.);
#3718=EDGE_CURVE('NONE',#3711,#3674,#3719,.F.);
#3719=B_SPLINE_CURVE_WITH_KNOTS('',3,(#3720,#3721,#3722,#3723),.UNSPECIFIED.,.F.,.U.,(4,4),(0.214285714,0.285714286),.PIECEWISE_BEZIER_KNOTS.);
#3720=CARTESIAN_POINT('',(11.530191628,-7.602565551,0.001));
#3721=CARTESIAN_POINT('',(11.510371754,-7.622802686,0.001));
#3722=CARTESIAN_POINT('',(11.49889709,-7.644500232,0.001));
#3723=CARTESIAN_POINT('',(11.495976266,-7.678506963,0.001));
#3724=ORIENTED_EDGE('',*,*,#3673,.F.);
#3725=B_SPLINE_SURFACE_WITH_KNOTS('',3,1,((#3726,#3727),(#3728,#3729),(#3730,#3731),(#3732,#3733)),.UNSPECIFIED.,.F.,.F.,.U.,(4,4),(2,2),(0.214285714,0.285714286),(0.0,1.0),.PIECEWISE_BEZIER_KNOTS.);
#3726=CARTESIAN_POINT('',(11.530191628,-7.602565551,0.001));
#3727=CARTESIAN_POINT('',(11.530191628,-7.602565551,0.0));
#3728=CARTESIAN_POINT('',(11.510371754,-7.622802686,0.001));
#3729=CARTESIAN_POINT('',(11.510371754,-7.622802686,0.0));
#3730=CARTESIAN_POINT('',(11.49889709,-7.644500232,0.001));
#3731=CARTESIAN_POINT('',(11.49889709,-7.644500232,0.0));
#3732=CARTESIAN_POINT('',(11.495976266,-7.678506963,0.001));
#3733=CARTESIAN_POINT('',(11.495976266,-7.678506963,0.0));
#3734=ADVANCED_FACE('NONE',(#3735),#3762,.F.);
#3735=FACE_BOUND('NONE',#3736,.T.);
#3736=EDGE_LOOP('',(#3737,#3746,#3754,#3761));
#3737=ORIENTED_EDGE('',*,*,#3738,.T.);
#3738=EDGE_CURVE('NONE',#3702,#3739,#3741,.T.);
#3739=VERTEX_POINT('NONE',#3740);
#3740=CARTESIAN_POINT('',(11.495141745,-7.782613459,0.0));
#3741=B_SPLINE_CURVE_WITH_KNOTS('',3,(#3742,#3743,#3744,#3745),.UNSPECIFIED.,.F.,.U.,(4,4),(0.285714286,0.357142857),.PIECEWISE_BEZIER_KNOTS.);
#3742=CARTESIAN_POINT('',(11.495976266,-7.678506963,0.0));
#3743=CARTESIAN_POINT('',(11.493055443,-7.711053282,0.0));
#3744=CARTESIAN_POINT('',(11.495141745,-7.749441249,0.0));
#3745=CARTESIAN_POINT('',(11.495141745,-7.782613459,0.0));
#3746=ORIENTED_EDGE('',*,*,#3747,.T.);
#3747=EDGE_CURVE('NONE',#3739,#3748,#3750,.F.);
#3748=VERTEX_POINT('NONE',#3749);
#3749=CARTESIAN_POINT('',(11.495141745,-7.782613459,0.001));
#3750=LINE('',#3751,#3752);
#3751=CARTESIAN_POINT('',(11.495141745,-7.782613459,0.001));
#3752=VECTOR('',#3753,1.0);
#3753=DIRECTION('',(0.0,0.0,-1.0));
#3754=ORIENTED_EDGE('',*,*,#3755,.T.);
#3755=EDGE_CURVE('NONE',#3748,#3711,#3756,.F.);
#3756=B_SPLINE_CURVE_WITH_KNOTS('',3,(#3757,#3758,#3759,#3760),.UNSPECIFIED.,.F.,.U.,(4,4),(0.285714286,0.357142857),.PIECEWISE_BEZIER_KNOTS.);
#3757=CARTESIAN_POINT('',(11.495976266,-7.678506963,0.001));
#3758=CARTESIAN_POINT('',(11.493055443,-7.711053282,0.001));
#3759=CARTESIAN_POINT('',(11.495141745,-7.749441249,0.001));
#3760=CARTESIAN_POINT('',(11.495141745,-7.782613459,0.001));
#3761=ORIENTED_EDGE('',*,*,#3710,.F.);
#3762=B_SPLINE_SURFACE_WITH_KNOTS('',3,1,((#3763,#3764),(#3765,#3766),(#3767,#3768),(#3769,#3770)),.UNSPECIFIED.,.F.,.F.,.U.,(4,4),(2,2),(0.285714286,0.357142857),(0.0,1.0),.PIECEWISE_BEZIER_KNOTS.);
#3763=CARTESIAN_POINT('',(11.495976266,-7.678506963,0.001));
#3764=CARTESIAN_POINT('',(11.495976266,-7.678506963,0.0));
#3765=CARTESIAN_POINT('',(11.493055443,-7.711053282,0.001));
#3766=CARTESIAN_POINT('',(11.493055443,-7.711053282,0.0));
#3767=CARTESIAN_POINT('',(11.495141745,-7.749441249,0.001));
#3768=CARTESIAN_POINT('',(11.495141745,-7.749441249,0.0));
#3769=CARTESIAN_POINT('',(11.495141745,-7.782613459,0.001));
#3770=CARTESIAN_POINT('',(11.495141745,-7.782613459,0.0));
#3771=ADVANCED_FACE('NONE',(#3772),#3799,.F.);
#3772=FACE_BOUND('NONE',#3773,.T.);
#3773=EDGE_LOOP('',(#3774,#3783,#3791,#3798));
#3774=ORIENTED_EDGE('',*,*,#3775,.T.);
#3775=EDGE_CURVE('NONE',#3739,#3776,#3778,.T.);
#3776=VERTEX_POINT('NONE',#3777);
#3777=CARTESIAN_POINT('',(11.552306434,-7.944301905,0.0));
#3778=B_SPLINE_CURVE_WITH_KNOTS('',3,(#3779,#3780,#3781,#3782),.UNSPECIFIED.,.F.,.U.,(4,4),(0.357142857,0.428571429),.PIECEWISE_BEZIER_KNOTS.);
#3779=CARTESIAN_POINT('',(11.495141745,-7.782613459,0.0));
#3780=CARTESIAN_POINT('',(11.495141745,-7.861684325,0.0));
#3781=CARTESIAN_POINT('',(11.49096914,-7.904870787,0.0));
#3782=CARTESIAN_POINT('',(11.552306434,-7.944301905,0.0));
#3783=ORIENTED_EDGE('',*,*,#3784,.T.);
#3784=EDGE_CURVE('NONE',#3776,#3785,#3787,.F.);
#3785=VERTEX_POINT('NONE',#3786);
#3786=CARTESIAN_POINT('',(11.552306434,-7.944301905,0.001));
#3787=LINE('',#3788,#3789);
#3788=CARTESIAN_POINT('',(11.552306434,-7.944301905,0.001));
#3789=VECTOR('',#3790,1.0);
#3790=DIRECTION('',(0.0,0.0,-1.0));
#3791=ORIENTED_EDGE('',*,*,#3792,.T.);
#3792=EDGE_CURVE('NONE',#3785,#3748,#3793,.F.);
#3793=B_SPLINE_CURVE_WITH_KNOTS('',3,(#3794,#3795,#3796,#3797),.UNSPECIFIED.,.F.,.U.,(4,4),(0.357142857,0.428571429),.PIECEWISE_BEZIER_KNOTS.);
#3794=CARTESIAN_POINT('',(11.495141745,-7.782613459,0.001));
#3795=CARTESIAN_POINT('',(11.495141745,-7.861684325,0.001));
#3796=CARTESIAN_POINT('',(11.49096914,-7.904870787,0.001));
#3797=CARTESIAN_POINT('',(11.552306434,-7.944301905,0.001));
#3798=ORIENTED_EDGE('',*,*,#3747,.F.);
#3799=B_SPLINE_SURFACE_WITH_KNOTS('',3,1,((#3800,#3801),(#3802,#3803),(#3804,#3805),(#3806,#3807)),.UNSPECIFIED.,.F.,.F.,.U.,(4,4),(2,2),(0.357142857,0.428571429),(0.0,1.0),.PIECEWISE_BEZIER_KNOTS.);
#3800=CARTESIAN_POINT('',(11.495141745,-7.782613459,0.001));
#3801=CARTESIAN_POINT('',(11.495141745,-7.782613459,0.0));
#3802=CARTESIAN_POINT('',(11.495141745,-7.861684325,0.001));
#3803=CARTESIAN_POINT('',(11.495141745,-7.861684325,0.0));
#3804=CARTESIAN_POINT('',(11.49096914,-7.904870787,0.001));
#3805=CARTESIAN_POINT('',(11.49096914,-7.904870787,0.0));
#3806=CARTESIAN_POINT('',(11.552306434,-7.944301905,0.001));
#3807=CARTESIAN_POINT('',(11.552306434,-7.944301905,0.0));
#3808=ADVANCED_FACE('NONE',(#3809),#3836,.F.);
#3809=FACE_BOUND('NONE',#3810,.T.);
#3810=EDGE_LOOP('',(#3811,#3820,#3828,#3835));
#3811=ORIENTED_EDGE('',*,*,#3812,.T.);
#3812=EDGE_CURVE('NONE',#3776,#3813,#3815,.T.);
#3813=VERTEX_POINT('NONE',#3814);
#3814=CARTESIAN_POINT('',(11.759684905,-7.98164672,0.0));
#3815=B_SPLINE_CURVE_WITH_KNOTS('',3,(#3816,#3817,#3818,#3819),.UNSPECIFIED.,.F.,.U.,(4,4),(0.428571429,0.5),.PIECEWISE_BEZIER_KNOTS.);
#3816=CARTESIAN_POINT('',(11.552306434,-7.944301905,0.0));
#3817=CARTESIAN_POINT('',(11.600500023,-7.975179182,0.0));
#3818=CARTESIAN_POINT('',(11.687707468,-7.98164672,0.0));
#3819=CARTESIAN_POINT('',(11.759684905,-7.98164672,0.0));
#3820=ORIENTED_EDGE('',*,*,#3821,.T.);
#3821=EDGE_CURVE('NONE',#3813,#3822,#3824,.F.);
#3822=VERTEX_POINT('NONE',#3823);
#3823=CARTESIAN_POINT('',(11.759684905,-7.98164672,0.001));
#3824=LINE('',#3825,#3826);
#3825=CARTESIAN_POINT('',(11.759684905,-7.98164672,0.001));
#3826=VECTOR('',#3827,1.0);
#3827=DIRECTION('',(0.0,0.0,-1.0));
#3828=ORIENTED_EDGE('',*,*,#3829,.T.);
#3829=EDGE_CURVE('NONE',#3822,#3785,#3830,.F.);
#3830=B_SPLINE_CURVE_WITH_KNOTS('',3,(#3831,#3832,#3833,#3834),.UNSPECIFIED.,.F.,.U.,(4,4),(0.428571429,0.5),.PIECEWISE_BEZIER_KNOTS.);
#3831=CARTESIAN_POINT('',(11.552306434,-7.944301905,0.001));
#3832=CARTESIAN_POINT('',(11.600500023,-7.975179182,0.001));
#3833=CARTESIAN_POINT('',(11.687707468,-7.98164672,0.001));
#3834=CARTESIAN_POINT('',(11.759684905,-7.98164672,0.001));
#3835=ORIENTED_EDGE('',*,*,#3784,.F.);
#3836=B_SPLINE_SURFACE_WITH_KNOTS('',3,1,((#3837,#3838),(#3839,#3840),(#3841,#3842),(#3843,#3844)),.UNSPECIFIED.,.F.,.F.,.U.,(4,4),(2,2),(0.428571429,0.5),(0.0,1.0),.PIECEWISE_BEZIER_KNOTS.);
#3837=CARTESIAN_POINT('',(11.552306434,-7.944301905,0.001));
#3838=CARTESIAN_POINT('',(11.552306434,-7.944301905,0.0));
#3839=CARTESIAN_POINT('',(11.600500023,-7.975179182,0.001));
#3840=CARTESIAN_POINT('',(11.600500023,-7.975179182,0.0));
#3841=CARTESIAN_POINT('',(11.687707468,-7.98164672,0.001));
#3842=CARTESIAN_POINT('',(11.687707468,-7.98164672,0.0));
#3843=CARTESIAN_POINT('',(11.759684905,-7.98164672,0.001));
#3844=CARTESIAN_POINT('',(11.759684905,-7.98164672,0.0));
#3845=ADVANCED_FACE('NONE',(#3846),#3873,.F.);
#3846=FACE_BOUND('NONE',#3847,.T.);
#3847=EDGE_LOOP('',(#3848,#3857,#3865,#3872));
#3848=ORIENTED_EDGE('',*,*,#3849,.T.);
#3849=EDGE_CURVE('NONE',#3813,#3850,#3852,.T.);
#3850=VERTEX_POINT('NONE',#3851);
#3851=CARTESIAN_POINT('',(11.963099401,-7.942006972,0.0));
#3852=B_SPLINE_CURVE_WITH_KNOTS('',3,(#3853,#3854,#3855,#3856),.UNSPECIFIED.,.F.,.U.,(4,4),(0.5,0.571428571),.PIECEWISE_BEZIER_KNOTS.);
#3853=CARTESIAN_POINT('',(11.759684905,-7.98164672,0.0));
#3854=CARTESIAN_POINT('',(11.833122754,-7.98164672,0.0));
#3855=CARTESIAN_POINT('',(11.915948964,-7.97330151,0.0));
#3856=CARTESIAN_POINT('',(11.963099401,-7.942006972,0.0));
#3857=ORIENTED_EDGE('',*,*,#3858,.T.);
#3858=EDGE_CURVE('NONE',#3850,#3859,#3861,.F.);
#3859=VERTEX_POINT('NONE',#3860);
#3860=CARTESIAN_POINT('',(11.963099401,-7.942006972,0.001));
#3861=LINE('',#3862,#3863);
#3862=CARTESIAN_POINT('',(11.963099401,-7.942006972,0.001));
#3863=VECTOR('',#3864,1.0);
#3864=DIRECTION('',(0.0,0.0,-1.0));
#3865=ORIENTED_EDGE('',*,*,#3866,.T.);
#3866=EDGE_CURVE('NONE',#3859,#3822,#3867,.F.);
#3867=B_SPLINE_CURVE_WITH_KNOTS('',3,(#3868,#3869,#3870,#3871),.UNSPECIFIED.,.F.,.U.,(4,4),(0.5,0.571428571),.PIECEWISE_BEZIER_KNOTS.);
#3868=CARTESIAN_POINT('',(11.759684905,-7.98164672,0.001));
#3869=CARTESIAN_POINT('',(11.833122754,-7.98164672,0.001));
#3870=CARTESIAN_POINT('',(11.915948964,-7.97330151,0.001));
#3871=CARTESIAN_POINT('',(11.963099401,-7.942006972,0.001));
#3872=ORIENTED_EDGE('',*,*,#3821,.F.);
#3873=B_SPLINE_SURFACE_WITH_KNOTS('',3,1,((#3874,#3875),(#3876,#3877),(#3878,#3879),(#3880,#3881)),.UNSPECIFIED.,.F.,.F.,.U.,(4,4),(2,2),(0.5,0.571428571),(0.0,1.0),.PIECEWISE_BEZIER_KNOTS.);
#3874=CARTESIAN_POINT('',(11.759684905,-7.98164672,0.001));
#3875=CARTESIAN_POINT('',(11.759684905,-7.98164672,0.0));
#3876=CARTESIAN_POINT('',(11.833122754,-7.98164672,0.001));
#3877=CARTESIAN_POINT('',(11.833122754,-7.98164672,0.0));
#3878=CARTESIAN_POINT('',(11.915948964,-7.97330151,0.001));
#3879=CARTESIAN_POINT('',(11.915948964,-7.97330151,0.0));
#3880=CARTESIAN_POINT('',(11.963099401,-7.942006972,0.001));
#3881=CARTESIAN_POINT('',(11.963099401,-7.942006972,0.0));
#3882=ADVANCED_FACE('NONE',(#3883),#3910,.F.);
#3883=FACE_BOUND('NONE',#3884,.T.);
#3884=EDGE_LOOP('',(#3885,#3894,#3902,#3909));
#3885=ORIENTED_EDGE('',*,*,#3886,.T.);
#3886=EDGE_CURVE('NONE',#3850,#3887,#3889,.T.);
#3887=VERTEX_POINT('NONE',#3888);
#3888=CARTESIAN_POINT('',(12.016508746,-7.776980442,0.0));
#3889=B_SPLINE_CURVE_WITH_KNOTS('',3,(#3890,#3891,#3892,#3893),.UNSPECIFIED.,.F.,.U.,(4,4),(0.571428571,0.642857143),.PIECEWISE_BEZIER_KNOTS.);
#3890=CARTESIAN_POINT('',(11.963099401,-7.942006972,0.0));
#3891=CARTESIAN_POINT('',(12.022350393,-7.902993115,0.0));
#3892=CARTESIAN_POINT('',(12.016508746,-7.853130484,0.0));
#3893=CARTESIAN_POINT('',(12.016508746,-7.776980442,0.0));
#3894=ORIENTED_EDGE('',*,*,#3895,.T.);
#3895=EDGE_CURVE('NONE',#3887,#3896,#3898,.F.);
#3896=VERTEX_POINT('NONE',#3897);
#3897=CARTESIAN_POINT('',(12.016508746,-7.776980442,0.001));
#3898=LINE('',#3899,#3900);
#3899=CARTESIAN_POINT('',(12.016508746,-7.776980442,0.001));
#3900=VECTOR('',#3901,1.0);
#3901=DIRECTION('',(0.0,0.0,-1.0));
#3902=ORIENTED_EDGE('',*,*,#3903,.T.);
#3903=EDGE_CURVE('NONE',#3896,#3859,#3904,.F.);
#3904=B_SPLINE_CURVE_WITH_KNOTS('',3,(#3905,#3906,#3907,#3908),.UNSPECIFIED.,.F.,.U.,(4,4),(0.571428571,0.642857143),.PIECEWISE_BEZIER_KNOTS.);
#3905=CARTESIAN_POINT('',(11.963099401,-7.942006972,0.001));
#3906=CARTESIAN_POINT('',(12.022350393,-7.902993115,0.001));
#3907=CARTESIAN_POINT('',(12.016508746,-7.853130484,0.001));
#3908=CARTESIAN_POINT('',(12.016508746,-7.776980442,0.001));
#3909=ORIENTED_EDGE('',*,*,#3858,.F.);
#3910=B_SPLINE_SURFACE_WITH_KNOTS('',3,1,((#3911,#3912),(#3913,#3914),(#3915,#3916),(#3917,#3918)),.UNSPECIFIED.,.F.,.F.,.U.,(4,4),(2,2),(0.571428571,0.642857143),(0.0,1.0),.PIECEWISE_BEZIER_KNOTS.);
#3911=CARTESIAN_POINT('',(11.963099401,-7.942006972,0.001));
#3912=CARTESIAN_POINT('',(11.963099401,-7.942006972,0.0));
#3913=CARTESIAN_POINT('',(12.022350393,-7.902993115,0.001));
#3914=CARTESIAN_POINT('',(12.022350393,-7.902993115,0.0));
#3915=CARTESIAN_POINT('',(12.016508746,-7.853130484,0.001));
#3916=CARTESIAN_POINT('',(12.016508746,-7.853130484,0.0));
#3917=CARTESIAN_POINT('',(12.016508746,-7.776980442,0.001));
#3918=CARTESIAN_POINT('',(12.016508746,-7.776980442,0.0));
#3919=ADVANCED_FACE('NONE',(#3920),#3947,.F.);
#3920=FACE_BOUND('NONE',#3921,.T.);
#3921=EDGE_LOOP('',(#3922,#3931,#3939,#3946));
#3922=ORIENTED_EDGE('',*,*,#3923,.T.);
#3923=EDGE_CURVE('NONE',#3887,#3924,#3926,.T.);
#3924=VERTEX_POINT('NONE',#3925);
#3925=CARTESIAN_POINT('',(11.97853804,-7.599853358,0.0));
#3926=B_SPLINE_CURVE_WITH_KNOTS('',3,(#3927,#3928,#3929,#3930),.UNSPECIFIED.,.F.,.U.,(4,4),(0.642857143,0.714285714),.PIECEWISE_BEZIER_KNOTS.);
#3927=CARTESIAN_POINT('',(12.016508746,-7.776980442,0.0));
#3928=CARTESIAN_POINT('',(12.016508746,-7.711679173,0.0));
#3929=CARTESIAN_POINT('',(12.028817931,-7.645752013,0.0));
#3930=CARTESIAN_POINT('',(11.97853804,-7.599853358,0.0));
#3931=ORIENTED_EDGE('',*,*,#3932,.T.);
#3932=EDGE_CURVE('NONE',#3924,#3933,#3935,.F.);
#3933=VERTEX_POINT('NONE',#3934);
#3934=CARTESIAN_POINT('',(11.97853804,-7.599853358,0.001));
#3935=LINE('',#3936,#3937);
#3936=CARTESIAN_POINT('',(11.97853804,-7.599853358,0.001));
#3937=VECTOR('',#3938,1.0);
#3938=DIRECTION('',(0.0,0.0,-1.0));
#3939=ORIENTED_EDGE('',*,*,#3940,.T.);
#3940=EDGE_CURVE('NONE',#3933,#3896,#3941,.F.);
#3941=B_SPLINE_CURVE_WITH_KNOTS('',3,(#3942,#3943,#3944,#3945),.UNSPECIFIED.,.F.,.U.,(4,4),(0.642857143,0.714285714),.PIECEWISE_BEZIER_KNOTS.);
#3942=CARTESIAN_POINT('',(12.016508746,-7.776980442,0.001));
#3943=CARTESIAN_POINT('',(12.016508746,-7.711679173,0.001));
#3944=CARTESIAN_POINT('',(12.028817931,-7.645752013,0.001));
#3945=CARTESIAN_POINT('',(11.97853804,-7.599853358,0.001));
#3946=ORIENTED_EDGE('',*,*,#3895,.F.);
#3947=B_SPLINE_SURFACE_WITH_KNOTS('',3,1,((#3948,#3949),(#3950,#3951),(#3952,#3953),(#3954,#3955)),.UNSPECIFIED.,.F.,.F.,.U.,(4,4),(2,2),(0.642857143,0.714285714),(0.0,1.0),.PIECEWISE_BEZIER_KNOTS.);
#3948=CARTESIAN_POINT('',(12.016508746,-7.776980442,0.001));
#3949=CARTESIAN_POINT('',(12.016508746,-7.776980442,0.0));
#3950=CARTESIAN_POINT('',(12.016508746,-7.711679173,0.001));
#3951=CARTESIAN_POINT('',(12.016508746,-7.711679173,0.0));
#3952=CARTESIAN_POINT('',(12.028817931,-7.645752013,0.001));
#3953=CARTESIAN_POINT('',(12.028817931,-7.645752013,0.0));
#3954=CARTESIAN_POINT('',(11.97853804,-7.599853358,0.001));
#3955=CARTESIAN_POINT('',(11.97853804,-7.599853358,0.0));
#3956=ADVANCED_FACE('NONE',(#3957),#3993,.F.);
#3957=FACE_BOUND('NONE',#3958,.T.);
#3958=EDGE_LOOP('',(#3959,#3970,#3978,#3987));
#3959=ORIENTED_EDGE('',*,*,#3960,.T.);
#3960=EDGE_CURVE('NONE',#3961,#3963,#3965,.T.);
#3961=VERTEX_POINT('NONE',#3962);
#3962=CARTESIAN_POINT('',(11.849604544,-7.903410375,0.0));
#3963=VERTEX_POINT('NONE',#3964);
#3964=CARTESIAN_POINT('',(11.744663527,-7.922604358,0.0));
#3965=B_SPLINE_CURVE_WITH_KNOTS('',3,(#3966,#3967,#3968,#3969),.UNSPECIFIED.,.F.,.U.,(4,4),(0.5,0.625),.PIECEWISE_BEZIER_KNOTS.);
#3966=CARTESIAN_POINT('',(11.849604544,-7.903410375,0.0));
#3967=CARTESIAN_POINT('',(11.824568914,-7.922812989,0.0));
#3968=CARTESIAN_POINT('',(11.78013067,-7.922604358,0.0));
#3969=CARTESIAN_POINT('',(11.744663527,-7.922604358,0.0));
#3970=ORIENTED_EDGE('',*,*,#3971,.T.);
#3971=EDGE_CURVE('NONE',#3963,#3972,#3974,.F.);
#3972=VERTEX_POINT('NONE',#3973);
#3973=CARTESIAN_POINT('',(11.744663527,-7.922604358,0.001));
#3974=LINE('',#3975,#3976);
#3975=CARTESIAN_POINT('',(11.744663527,-7.922604358,0.001));
#3976=VECTOR('',#3977,1.0);
#3977=DIRECTION('',(0.0,0.0,-1.0));
#3978=ORIENTED_EDGE('',*,*,#3979,.T.);
#3979=EDGE_CURVE('NONE',#3972,#3980,#3982,.F.);
#3980=VERTEX_POINT('NONE',#3981);
#3981=CARTESIAN_POINT('',(11.849604544,-7.903410375,0.001));
#3982=B_SPLINE_CURVE_WITH_KNOTS('',3,(#3983,#3984,#3985,#3986),.UNSPECIFIED.,.F.,.U.,(4,4),(0.5,0.625),.PIECEWISE_BEZIER_KNOTS.);
#3983=CARTESIAN_POINT('',(11.849604544,-7.903410375,0.001));
#3984=CARTESIAN_POINT('',(11.824568914,-7.922812989,0.001));
#3985=CARTESIAN_POINT('',(11.78013067,-7.922604358,0.001));
#3986=CARTESIAN_POINT('',(11.744663527,-7.922604358,0.001));
#3987=ORIENTED_EDGE('',*,*,#3988,.T.);
#3988=EDGE_CURVE('NONE',#3980,#3961,#3989,.T.);
#3989=LINE('',#3990,#3991);
#3990=CARTESIAN_POINT('',(11.849604544,-7.903410375,0.001));
#3991=VECTOR('',#3992,1.0);
#3992=DIRECTION('',(0.0,0.0,-1.0));
#3993=B_SPLINE_SURFACE_WITH_KNOTS('',3,1,((#3994,#3995),(#3996,#3997),(#3998,#3999),(#4000,#4001)),.UNSPECIFIED.,.F.,.F.,.U.,(4,4),(2,2),(0.5,0.625),(0.0,1.0),.PIECEWISE_BEZIER_KNOTS.);
#3994=CARTESIAN_POINT('',(11.849604544,-7.903410375,0.001));
#3995=CARTESIAN_POINT('',(11.849604544,-7.903410375,0.0));
#3996=CARTESIAN_POINT('',(11.824568914,-7.922812989,0.001));
#3997=CARTESIAN_POINT('',(11.824568914,-7.922812989,0.0));
#3998=CARTESIAN_POINT('',(11.78013067,-7.922604358,0.001));
#3999=CARTESIAN_POINT('',(11.78013067,-7.922604358,0.0));
#4000=CARTESIAN_POINT('',(11.744663527,-7.922604358,0.001));
#4001=CARTESIAN_POINT('',(11.744663527,-7.922604358,0.0));
#4002=ADVANCED_FACE('NONE',(#4003),#4030,.F.);
#4003=FACE_BOUND('NONE',#4004,.T.);
#4004=EDGE_LOOP('',(#4005,#4014,#4022,#4029));
#4005=ORIENTED_EDGE('',*,*,#4006,.T.);
#4006=EDGE_CURVE('NONE',#3963,#4007,#4009,.T.);
#4007=VERTEX_POINT('NONE',#4008);
#4008=CARTESIAN_POINT('',(11.637844838,-7.835396913,0.0));
#4009=B_SPLINE_CURVE_WITH_KNOTS('',3,(#4010,#4011,#4012,#4013),.UNSPECIFIED.,.F.,.U.,(4,4),(0.625,0.75),.PIECEWISE_BEZIER_KNOTS.);
#4010=CARTESIAN_POINT('',(11.744663527,-7.922604358,0.0));
#4011=CARTESIAN_POINT('',(11.668930745,-7.922604358,0.0));
#4012=CARTESIAN_POINT('',(11.637844838,-7.898820509,0.0));
#4013=CARTESIAN_POINT('',(11.637844838,-7.835396913,0.0));
#4014=ORIENTED_EDGE('',*,*,#4015,.T.);
#4015=EDGE_CURVE('NONE',#4007,#4016,#4018,.F.);
#4016=VERTEX_POINT('NONE',#4017);
#4017=CARTESIAN_POINT('',(11.637844838,-7.835396913,0.001));
#4018=LINE('',#4019,#4020);
#4019=CARTESIAN_POINT('',(11.637844838,-7.835396913,0.001));
#4020=VECTOR('',#4021,1.0);
#4021=DIRECTION('',(0.0,0.0,-1.0));
#4022=ORIENTED_EDGE('',*,*,#4023,.T.);
#4023=EDGE_CURVE('NONE',#4016,#3972,#4024,.F.);
#4024=B_SPLINE_CURVE_WITH_KNOTS('',3,(#4025,#4026,#4027,#4028),.UNSPECIFIED.,.F.,.U.,(4,4),(0.625,0.75),.PIECEWISE_BEZIER_KNOTS.);
#4025=CARTESIAN_POINT('',(11.744663527,-7.922604358,0.001));
#4026=CARTESIAN_POINT('',(11.668930745,-7.922604358,0.001));
#4027=CARTESIAN_POINT('',(11.637844838,-7.898820509,0.001));
#4028=CARTESIAN_POINT('',(11.637844838,-7.835396913,0.001));
#4029=ORIENTED_EDGE('',*,*,#3971,.F.);
#4030=B_SPLINE_SURFACE_WITH_KNOTS('',3,1,((#4031,#4032),(#4033,#4034),(#4035,#4036),(#4037,#4038)),.UNSPECIFIED.,.F.,.F.,.U.,(4,4),(2,2),(0.625,0.75),(0.0,1.0),.PIECEWISE_BEZIER_KNOTS.);
#4031=CARTESIAN_POINT('',(11.744663527,-7.922604358,0.001));
#4032=CARTESIAN_POINT('',(11.744663527,-7.922604358,0.0));
#4033=CARTESIAN_POINT('',(11.668930745,-7.922604358,0.001));
#4034=CARTESIAN_POINT('',(11.668930745,-7.922604358,0.0));
#4035=CARTESIAN_POINT('',(11.637844838,-7.898820509,0.001));
#4036=CARTESIAN_POINT('',(11.637844838,-7.898820509,0.0));
#4037=CARTESIAN_POINT('',(11.637844838,-7.835396913,0.001));
#4038=CARTESIAN_POINT('',(11.637844838,-7.835396913,0.0));
#4039=ADVANCED_FACE('NONE',(#4040),#4065,.F.);
#4040=FACE_BOUND('NONE',#4041,.T.);
#4041=EDGE_LOOP('',(#4042,#4050,#4058,#4064));
#4042=ORIENTED_EDGE('',*,*,#4043,.T.);
#4043=EDGE_CURVE('NONE',#4007,#4044,#4046,.T.);
#4044=VERTEX_POINT('NONE',#4045);
#4045=CARTESIAN_POINT('',(11.637844838,-7.698326837,0.0));
#4046=LINE('',#4047,#4048);
#4047=CARTESIAN_POINT('',(11.637844838,0.0,0.0));
#4048=VECTOR('',#4049,1.0);
#4049=DIRECTION('',(0.0,1.0,0.0));
#4050=ORIENTED_EDGE('',*,*,#4051,.T.);
#4051=EDGE_CURVE('NONE',#4044,#4052,#4054,.F.);
#4052=VERTEX_POINT('NONE',#4053);
#4053=CARTESIAN_POINT('',(11.637844838,-7.698326837,0.001));
#4054=LINE('',#4055,#4056);
#4055=CARTESIAN_POINT('',(11.637844838,-7.698326837,0.001));
#4056=VECTOR('',#4057,1.0);
#4057=DIRECTION('',(0.0,0.0,-1.0));
#4058=ORIENTED_EDGE('',*,*,#4059,.T.);
#4059=EDGE_CURVE('NONE',#4052,#4016,#4060,.F.);
#4060=LINE('',#4061,#4062);
#4061=CARTESIAN_POINT('',(11.637844838,0.0,0.001));
#4062=VECTOR('',#4063,1.0);
#4063=DIRECTION('',(0.0,1.0,0.0));
#4064=ORIENTED_EDGE('',*,*,#4015,.F.);
#4065=PLANE('',#4066);
#4066=AXIS2_PLACEMENT_3D('',#4067,#4068,#4069);
#4067=CARTESIAN_POINT('',(11.637844838,0.0,0.001));
#4068=DIRECTION('',(-1.0,0.0,0.0));
#4069=DIRECTION('',(0.0,0.0,1.0));
#4070=ADVANCED_FACE('NONE',(#4071),#4098,.F.);
#4071=FACE_BOUND('NONE',#4072,.T.);
#4072=EDGE_LOOP('',(#4073,#4082,#4090,#4097));
#4073=ORIENTED_EDGE('',*,*,#4074,.T.);
#4074=EDGE_CURVE('NONE',#4044,#4075,#4077,.T.);
#4075=VERTEX_POINT('NONE',#4076);
#4076=CARTESIAN_POINT('',(11.753843258,-7.610702131,0.0));
#4077=B_SPLINE_CURVE_WITH_KNOTS('',3,(#4078,#4079,#4080,#4081),.UNSPECIFIED.,.F.,.U.,(4,4),(0.0,0.125),.PIECEWISE_BEZIER_KNOTS.);
#4078=CARTESIAN_POINT('',(11.637844838,-7.698326837,0.0));
#4079=CARTESIAN_POINT('',(11.637844838,-7.630104744,0.0));
#4080=CARTESIAN_POINT('',(11.67247746,-7.610702131,0.0));
#4081=CARTESIAN_POINT('',(11.753843258,-7.610702131,0.0));
#4082=ORIENTED_EDGE('',*,*,#4083,.T.);
#4083=EDGE_CURVE('NONE',#4075,#4084,#4086,.F.);
#4084=VERTEX_POINT('NONE',#4085);
#4085=CARTESIAN_POINT('',(11.753843258,-7.610702131,0.001));
#4086=LINE('',#4087,#4088);
#4087=CARTESIAN_POINT('',(11.753843258,-7.610702131,0.001));
#4088=VECTOR('',#4089,1.0);
#4089=DIRECTION('',(0.0,0.0,-1.0));
#4090=ORIENTED_EDGE('',*,*,#4091,.T.);
#4091=EDGE_CURVE('NONE',#4084,#4052,#4092,.F.);
#4092=B_SPLINE_CURVE_WITH_KNOTS('',3,(#4093,#4094,#4095,#4096),.UNSPECIFIED.,.F.,.U.,(4,4),(0.0,0.125),.PIECEWISE_BEZIER_KNOTS.);
#4093=CARTESIAN_POINT('',(11.637844838,-7.698326837,0.001));
#4094=CARTESIAN_POINT('',(11.637844838,-7.630104744,0.001));
#4095=CARTESIAN_POINT('',(11.67247746,-7.610702131,0.001));
#4096=CARTESIAN_POINT('',(11.753843258,-7.610702131,0.001));
#4097=ORIENTED_EDGE('',*,*,#4051,.F.);
#4098=B_SPLINE_SURFACE_WITH_KNOTS('',3,1,((#4099,#4100),(#4101,#4102),(#4103,#4104),(#4105,#4106)),.UNSPECIFIED.,.F.,.F.,.U.,(4,4),(2,2),(0.0,0.125),(0.0,1.0),.PIECEWISE_BEZIER_KNOTS.);
#4099=CARTESIAN_POINT('',(11.637844838,-7.698326837,0.001));
#4100=CARTESIAN_POINT('',(11.637844838,-7.698326837,0.0));
#4101=CARTESIAN_POINT('',(11.637844838,-7.630104744,0.001));
#4102=CARTESIAN_POINT('',(11.637844838,-7.630104744,0.0));
#4103=CARTESIAN_POINT('',(11.67247746,-7.610702131,0.001));
#4104=CARTESIAN_POINT('',(11.67247746,-7.610702131,0.0));
#4105=CARTESIAN_POINT('',(11.753843258,-7.610702131,0.001));
#4106=CARTESIAN_POINT('',(11.753843258,-7.610702131,0.0));
#4107=ADVANCED_FACE('NONE',(#4108),#4135,.F.);
#4108=FACE_BOUND('NONE',#4109,.T.);
#4109=EDGE_LOOP('',(#4110,#4119,#4127,#4134));
#4110=ORIENTED_EDGE('',*,*,#4111,.T.);
#4111=EDGE_CURVE('NONE',#4075,#4112,#4114,.T.);
#4112=VERTEX_POINT('NONE',#4113);
#4113=CARTESIAN_POINT('',(11.867964006,-7.652428181,0.0));
#4114=B_SPLINE_CURVE_WITH_KNOTS('',3,(#4115,#4116,#4117,#4118),.UNSPECIFIED.,.F.,.U.,(4,4),(0.125,0.25),.PIECEWISE_BEZIER_KNOTS.);
#4115=CARTESIAN_POINT('',(11.753843258,-7.610702131,0.0));
#4116=CARTESIAN_POINT('',(11.806835342,-7.610702131,0.0));
#4117=CARTESIAN_POINT('',(11.853359889,-7.615083366,0.0));
#4118=CARTESIAN_POINT('',(11.867964006,-7.652428181,0.0));
#4119=ORIENTED_EDGE('',*,*,#4120,.T.);
#4120=EDGE_CURVE('NONE',#4112,#4121,#4123,.F.);
#4121=VERTEX_POINT('NONE',#4122);
#4122=CARTESIAN_POINT('',(11.867964006,-7.652428181,0.001));
#4123=LINE('',#4124,#4125);
#4124=CARTESIAN_POINT('',(11.867964006,-7.652428181,0.001));
#4125=VECTOR('',#4126,1.0);
#4126=DIRECTION('',(0.0,0.0,-1.0));
#4127=ORIENTED_EDGE('',*,*,#4128,.T.);
#4128=EDGE_CURVE('NONE',#4121,#4084,#4129,.F.);
#4129=B_SPLINE_CURVE_WITH_KNOTS('',3,(#4130,#4131,#4132,#4133),.UNSPECIFIED.,.F.,.U.,(4,4),(0.125,0.25),.PIECEWISE_BEZIER_KNOTS.);
#4130=CARTESIAN_POINT('',(11.753843258,-7.610702131,0.001));
#4131=CARTESIAN_POINT('',(11.806835342,-7.610702131,0.001));
#4132=CARTESIAN_POINT('',(11.853359889,-7.615083366,0.001));
#4133=CARTESIAN_POINT('',(11.867964006,-7.652428181,0.001));
#4134=ORIENTED_EDGE('',*,*,#4083,.F.);
#4135=B_SPLINE_SURFACE_WITH_KNOTS('',3,1,((#4136,#4137),(#4138,#4139),(#4140,#4141),(#4142,#4143)),.UNSPECIFIED.,.F.,.F.,.U.,(4,4),(2,2),(0.125,0.25),(0.0,1.0),.PIECEWISE_BEZIER_KNOTS.);
#4136=CARTESIAN_POINT('',(11.753843258,-7.610702131,0.001));
#4137=CARTESIAN_POINT('',(11.753843258,-7.610702131,0.0));
#4138=CARTESIAN_POINT('',(11.806835342,-7.610702131,0.001));
#4139=CARTESIAN_POINT('',(11.806835342,-7.610702131,0.0));
#4140=CARTESIAN_POINT('',(11.853359889,-7.615083366,0.001));
#4141=CARTESIAN_POINT('',(11.853359889,-7.615083366,0.0));
#4142=CARTESIAN_POINT('',(11.867964006,-7.652428181,0.001));
#4143=CARTESIAN_POINT('',(11.867964006,-7.652428181,0.0));
#4144=ADVANCED_FACE('NONE',(#4145),#4172,.F.);
#4145=FACE_BOUND('NONE',#4146,.T.);
#4146=EDGE_LOOP('',(#4147,#4156,#4164,#4171));
#4147=ORIENTED_EDGE('',*,*,#4148,.T.);
#4148=EDGE_CURVE('NONE',#4112,#4149,#4151,.T.);
#4149=VERTEX_POINT('NONE',#4150);
#4150=CARTESIAN_POINT('',(11.874014284,-7.836231434,0.0));
#4151=B_SPLINE_CURVE_WITH_KNOTS('',3,(#4152,#4153,#4154,#4155),.UNSPECIFIED.,.F.,.U.,(4,4),(0.25,0.375),.PIECEWISE_BEZIER_KNOTS.);
#4152=CARTESIAN_POINT('',(11.867964006,-7.652428181,0.0));
#4153=CARTESIAN_POINT('',(11.877560998,-7.676629291,0.0));
#4154=CARTESIAN_POINT('',(11.874014284,-7.795757165,0.0));
#4155=CARTESIAN_POINT('',(11.874014284,-7.836231434,0.0));
#4156=ORIENTED_EDGE('',*,*,#4157,.T.);
#4157=EDGE_CURVE('NONE',#4149,#4158,#4160,.F.);
#4158=VERTEX_POINT('NONE',#4159);
#4159=CARTESIAN_POINT('',(11.874014284,-7.836231434,0.001));
#4160=LINE('',#4161,#4162);
#4161=CARTESIAN_POINT('',(11.874014284,-7.836231434,0.001));
#4162=VECTOR('',#4163,1.0);
#4163=DIRECTION('',(0.0,0.0,-1.0));
#4164=ORIENTED_EDGE('',*,*,#4165,.T.);
#4165=EDGE_CURVE('NONE',#4158,#4121,#4166,.F.);
#4166=B_SPLINE_CURVE_WITH_KNOTS('',3,(#4167,#4168,#4169,#4170),.UNSPECIFIED.,.F.,.U.,(4,4),(0.25,0.375),.PIECEWISE_BEZIER_KNOTS.);
#4167=CARTESIAN_POINT('',(11.867964006,-7.652428181,0.001));
#4168=CARTESIAN_POINT('',(11.877560998,-7.676629291,0.001));
#4169=CARTESIAN_POINT('',(11.874014284,-7.795757165,0.001));
#4170=CARTESIAN_POINT('',(11.874014284,-7.836231434,0.001));
#4171=ORIENTED_EDGE('',*,*,#4120,.F.);
#4172=B_SPLINE_SURFACE_WITH_KNOTS('',3,1,((#4173,#4174),(#4175,#4176),(#4177,#4178),(#4179,#4180)),.UNSPECIFIED.,.F.,.F.,.U.,(4,4),(2,2),(0.25,0.375),(0.0,1.0),.PIECEWISE_BEZIER_KNOTS.);
#4173=CARTESIAN_POINT('',(11.867964006,-7.652428181,0.001));
#4174=CARTESIAN_POINT('',(11.867964006,-7.652428181,0.0));
#4175=CARTESIAN_POINT('',(11.877560998,-7.676629291,0.001));
#4176=CARTESIAN_POINT('',(11.877560998,-7.676629291,0.0));
#4177=CARTESIAN_POINT('',(11.874014284,-7.795757165,0.001));
#4178=CARTESIAN_POINT('',(11.874014284,-7.795757165,0.0));
#4179=CARTESIAN_POINT('',(11.874014284,-7.836231434,0.001));
#4180=CARTESIAN_POINT('',(11.874014284,-7.836231434,0.0));
#4181=ADVANCED_FACE('NONE',(#4182),#4200,.F.);
#4182=FACE_BOUND('NONE',#4183,.T.);
#4183=EDGE_LOOP('',(#4184,#4191,#4192,#4199));
#4184=ORIENTED_EDGE('',*,*,#4185,.T.);
#4185=EDGE_CURVE('NONE',#4149,#3961,#4186,.T.);
#4186=B_SPLINE_CURVE_WITH_KNOTS('',3,(#4187,#4188,#4189,#4190),.UNSPECIFIED.,.F.,.U.,(4,4),(0.375,0.5),.PIECEWISE_BEZIER_KNOTS.);
#4187=CARTESIAN_POINT('',(11.874014284,-7.836231434,0.0));
#4188=CARTESIAN_POINT('',(11.874014284,-7.868569123,0.0));
#4189=CARTESIAN_POINT('',(11.871510721,-7.886094064,0.0));
#4190=CARTESIAN_POINT('',(11.849604544,-7.903410375,0.0));
#4191=ORIENTED_EDGE('',*,*,#3988,.F.);
#4192=ORIENTED_EDGE('',*,*,#4193,.T.);
#4193=EDGE_CURVE('NONE',#3980,#4158,#4194,.F.);
#4194=B_SPLINE_CURVE_WITH_KNOTS('',3,(#4195,#4196,#4197,#4198),.UNSPECIFIED.,.F.,.U.,(4,4),(0.375,0.5),.PIECEWISE_BEZIER_KNOTS.);
#4195=CARTESIAN_POINT('',(11.874014284,-7.836231434,0.001));
#4196=CARTESIAN_POINT('',(11.874014284,-7.868569123,0.001));
#4197=CARTESIAN_POINT('',(11.871510721,-7.886094064,0.001));
#4198=CARTESIAN_POINT('',(11.849604544,-7.903410375,0.001));
#4199=ORIENTED_EDGE('',*,*,#4157,.F.);
#4200=B_SPLINE_SURFACE_WITH_KNOTS('',3,1,((#4201,#4202),(#4203,#4204),(#4205,#4206),(#4207,#4208)),.UNSPECIFIED.,.F.,.F.,.U.,(4,4),(2,2),(0.375,0.5),(0.0,1.0),.PIECEWISE_BEZIER_KNOTS.);
#4201=CARTESIAN_POINT('',(11.874014284,-7.836231434,0.001));
#4202=CARTESIAN_POINT('',(11.874014284,-7.836231434,0.0));
#4203=CARTESIAN_POINT('',(11.874014284,-7.868569123,0.001));
#4204=CARTESIAN_POINT('',(11.874014284,-7.868569123,0.0));
#4205=CARTESIAN_POINT('',(11.871510721,-7.886094064,0.001));
#4206=CARTESIAN_POINT('',(11.871510721,-7.886094064,0.0));
#4207=CARTESIAN_POINT('',(11.849604544,-7.903410375,0.001));
#4208=CARTESIAN_POINT('',(11.849604544,-7.903410375,0.0));
#4209=ADVANCED_FACE('NONE',(#4210),#4228,.F.);
#4210=FACE_BOUND('NONE',#4211,.T.);
#4211=EDGE_LOOP('',(#4212,#4219,#4220,#4227));
#4212=ORIENTED_EDGE('',*,*,#4213,.T.);
#4213=EDGE_CURVE('NONE',#3924,#3514,#4214,.T.);
#4214=B_SPLINE_CURVE_WITH_KNOTS('',3,(#4215,#4216,#4217,#4218),.UNSPECIFIED.,.F.,.U.,(4,4),(0.714285714,0.785714286),.PIECEWISE_BEZIER_KNOTS.);
#4215=CARTESIAN_POINT('',(11.97853804,-7.599853358,0.0));
#4216=CARTESIAN_POINT('',(11.960804469,-7.583580198,0.0));
#4217=CARTESIAN_POINT('',(11.932013494,-7.570436492,0.0));
#4218=CARTESIAN_POINT('',(11.898215393,-7.562091282,0.0));
#4219=ORIENTED_EDGE('',*,*,#3541,.F.);
#4220=ORIENTED_EDGE('',*,*,#4221,.T.);
#4221=EDGE_CURVE('NONE',#3533,#3933,#4222,.F.);
#4222=B_SPLINE_CURVE_WITH_KNOTS('',3,(#4223,#4224,#4225,#4226),.UNSPECIFIED.,.F.,.U.,(4,4),(0.714285714,0.785714286),.PIECEWISE_BEZIER_KNOTS.);
#4223=CARTESIAN_POINT('',(11.97853804,-7.599853358,0.001));
#4224=CARTESIAN_POINT('',(11.960804469,-7.583580198,0.001));
#4225=CARTESIAN_POINT('',(11.932013494,-7.570436492,0.001));
#4226=CARTESIAN_POINT('',(11.898215393,-7.562091282,0.001));
#4227=ORIENTED_EDGE('',*,*,#3932,.F.);
#4228=B_SPLINE_SURFACE_WITH_KNOTS('',3,1,((#4229,#4230),(#4231,#4232),(#4233,#4234),(#4235,#4236)),.UNSPECIFIED.,.F.,.F.,.U.,(4,4),(2,2),(0.714285714,0.785714286),(0.0,1.0),.PIECEWISE_BEZIER_KNOTS.);
#4229=CARTESIAN_POINT('',(11.97853804,-7.599853358,0.001));
#4230=CARTESIAN_POINT('',(11.97853804,-7.599853358,0.0));
#4231=CARTESIAN_POINT('',(11.960804469,-7.583580198,0.001));
#4232=CARTESIAN_POINT('',(11.960804469,-7.583580198,0.0));
#4233=CARTESIAN_POINT('',(11.932013494,-7.570436492,0.001));
#4234=CARTESIAN_POINT('',(11.932013494,-7.570436492,0.0));
#4235=CARTESIAN_POINT('',(11.898215393,-7.562091282,0.001));
#4236=CARTESIAN_POINT('',(11.898215393,-7.562091282,0.0));
#4237=ADVANCED_FACE('NONE',(#4238,#4247),#4262,.T.);
#4238=FACE_BOUND('NONE',#4239,.T.);
#4239=EDGE_LOOP('',(#4240,#4241,#4242,#4243,#4244,#4245,#4246));
#4240=ORIENTED_EDGE('',*,*,#3979,.F.);
#4241=ORIENTED_EDGE('',*,*,#4023,.F.);
#4242=ORIENTED_EDGE('',*,*,#4059,.F.);
#4243=ORIENTED_EDGE('',*,*,#4091,.F.);
#4244=ORIENTED_EDGE('',*,*,#4128,.F.);
#4245=ORIENTED_EDGE('',*,*,#4165,.F.);
#4246=ORIENTED_EDGE('',*,*,#4193,.F.);
#4247=FACE_BOUND('NONE',#4248,.T.);
#4248=EDGE_LOOP('',(#4249,#4250,#4251,#4252,#4253,#4254,#4255,#4256,#4257,#4258,#4259,#4260,#4261));
#4249=ORIENTED_EDGE('',*,*,#3532,.F.);
#4250=ORIENTED_EDGE('',*,*,#3576,.F.);
#4251=ORIENTED_EDGE('',*,*,#3612,.F.);
#4252=ORIENTED_EDGE('',*,*,#3644,.F.);
#4253=ORIENTED_EDGE('',*,*,#3681,.F.);
#4254=ORIENTED_EDGE('',*,*,#3718,.F.);
#4255=ORIENTED_EDGE('',*,*,#3755,.F.);
#4256=ORIENTED_EDGE('',*,*,#3792,.F.);
#4257=ORIENTED_EDGE('',*,*,#3829,.F.);
#4258=ORIENTED_EDGE('',*,*,#3866,.F.);
#4259=ORIENTED_EDGE('',*,*,#3903,.F.);
#4260=ORIENTED_EDGE('',*,*,#3940,.F.);
#4261=ORIENTED_EDGE('',*,*,#4221,.F.);
#4262=PLANE('',#4263);
#4263=AXIS2_PLACEMENT_3D('',#4264,#4265,#4266);
#4264=CARTESIAN_POINT('',(0.0,0.0,0.001));
#4265=DIRECTION('',(0.0,0.0,1.0));
#4266=DIRECTION('',(1.0,0.0,0.0));
#4267=ADVANCED_FACE('NONE',(#4268,#4277),#4292,.F.);
#4268=FACE_BOUND('NONE',#4269,.T.);
#4269=EDGE_LOOP('',(#4270,#4271,#4272,#4273,#4274,#4275,#4276));
#4270=ORIENTED_EDGE('',*,*,#3960,.F.);
#4271=ORIENTED_EDGE('',*,*,#4185,.F.);
#4272=ORIENTED_EDGE('',*,*,#4148,.F.);
#4273=ORIENTED_EDGE('',*,*,#4111,.F.);
#4274=ORIENTED_EDGE('',*,*,#4074,.F.);
#4275=ORIENTED_EDGE('',*,*,#4043,.F.);
#4276=ORIENTED_EDGE('',*,*,#4006,.F.);
#4277=FACE_BOUND('NONE',#4278,.T.);
#4278=EDGE_LOOP('',(#4279,#4280,#4281,#4282,#4283,#4284,#4285,#4286,#4287,#4288,#4289,#4290,#4291));
#4279=ORIENTED_EDGE('',*,*,#3513,.F.);
#4280=ORIENTED_EDGE('',*,*,#4213,.F.);
#4281=ORIENTED_EDGE('',*,*,#3923,.F.);
#4282=ORIENTED_EDGE('',*,*,#3886,.F.);
#4283=ORIENTED_EDGE('',*,*,#3849,.F.);
#4284=ORIENTED_EDGE('',*,*,#3812,.F.);
#4285=ORIENTED_EDGE('',*,*,#3775,.F.);
#4286=ORIENTED_EDGE('',*,*,#3738,.F.);
#4287=ORIENTED_EDGE('',*,*,#3701,.F.);
#4288=ORIENTED_EDGE('',*,*,#3664,.F.);
#4289=ORIENTED_EDGE('',*,*,#3627,.F.);
#4290=ORIENTED_EDGE('',*,*,#3596,.F.);
#4291=ORIENTED_EDGE('',*,*,#3559,.F.);
#4292=PLANE('',#4293);
#4293=AXIS2_PLACEMENT_3D('',#4294,#4295,#4296);
#4294=CARTESIAN_POINT('',(0.0,0.0,0.0));
#4295=DIRECTION('',(0.0,0.0,1.0));
#4296=DIRECTION('',(1.0,0.0,0.0));
#4297=MANIFOLD_SOLID_BREP('Boss-Extrude1[3]',#4298);
#4298=CLOSED_SHELL('NONE',(#4299,#4339,#4376,#4407,#4438,#4469,#4500,#4531,#4568,#4599,#4636,#4667,#4698,#4729,#4760,#4791,#4819,#4843));
#4299=ADVANCED_FACE('NONE',(#4300),#4334,.F.);
#4300=FACE_BOUND('NONE',#4301,.T.);
#4301=EDGE_LOOP('',(#4302,#4312,#4320,#4328));
#4302=ORIENTED_EDGE('',*,*,#4303,.T.);
#4303=EDGE_CURVE('NONE',#4304,#4306,#4308,.T.);
#4304=VERTEX_POINT('NONE',#4305);
#4305=CARTESIAN_POINT('',(12.49072531,-7.722945207,0.0));
#4306=VERTEX_POINT('NONE',#4307);
#4307=CARTESIAN_POINT('',(12.28438999,-7.722945207,0.0));
#4308=LINE('',#4309,#4310);
#4309=CARTESIAN_POINT('',(0.0,-7.722945207,0.0));
#4310=VECTOR('',#4311,1.0);
#4311=DIRECTION('',(-1.0,0.0,0.0));
#4312=ORIENTED_EDGE('',*,*,#4313,.T.);
#4313=EDGE_CURVE('NONE',#4306,#4314,#4316,.F.);
#4314=VERTEX_POINT('NONE',#4315);
#4315=CARTESIAN_POINT('',(12.28438999,-7.722945207,0.001));
#4316=LINE('',#4317,#4318);
#4317=CARTESIAN_POINT('',(12.28438999,-7.722945207,0.001));
#4318=VECTOR('',#4319,1.0);
#4319=DIRECTION('',(0.0,0.0,-1.0));
#4320=ORIENTED_EDGE('',*,*,#4321,.T.);
#4321=EDGE_CURVE('NONE',#4314,#4322,#4324,.F.);
#4322=VERTEX_POINT('NONE',#4323);
#4323=CARTESIAN_POINT('',(12.49072531,-7.722945207,0.001));
#4324=LINE('',#4325,#4326);
#4325=CARTESIAN_POINT('',(0.0,-7.722945207,0.001));
#4326=VECTOR('',#4327,1.0);
#4327=DIRECTION('',(-1.0,0.0,0.0));
#4328=ORIENTED_EDGE('',*,*,#4329,.T.);
#4329=EDGE_CURVE('NONE',#4322,#4304,#4330,.T.);
#4330=LINE('',#4331,#4332);
#4331=CARTESIAN_POINT('',(12.49072531,-7.722945207,0.001));
#4332=VECTOR('',#4333,1.0);
#4333=DIRECTION('',(0.0,0.0,-1.0));
#4334=PLANE('',#4335);
#4335=AXIS2_PLACEMENT_3D('',#4336,#4337,#4338);
#4336=CARTESIAN_POINT('',(0.0,-7.722945207,0.001));
#4337=DIRECTION('',(0.0,-1.0,0.0));
#4338=DIRECTION('',(0.0,0.0,-1.0));
#4339=ADVANCED_FACE('NONE',(#4340),#4367,.F.);
#4340=FACE_BOUND('NONE',#4341,.T.);
#4341=EDGE_LOOP('',(#4342,#4351,#4359,#4366));
#4342=ORIENTED_EDGE('',*,*,#4343,.T.);
#4343=EDGE_CURVE('NONE',#4306,#4344,#4346,.T.);
#4344=VERTEX_POINT('NONE',#4345);
#4345=CARTESIAN_POINT('',(12.261857923,-7.702082181,0.0));
#4346=B_SPLINE_CURVE_WITH_KNOTS('',3,(#4347,#4348,#4349,#4350),.UNSPECIFIED.,.F.,.U.,(4,4),(0.705882353,0.764705882),.PIECEWISE_BEZIER_KNOTS.);
#4347=CARTESIAN_POINT('',(12.28438999,-7.722945207,0.0));
#4348=CARTESIAN_POINT('',(12.268951351,-7.722945207,-1.694065895E-18));
#4349=CARTESIAN_POINT('',(12.261857923,-7.714599997,-1.694065895E-18));
#4350=CARTESIAN_POINT('',(12.261857923,-7.702082181,0.0));
#4351=ORIENTED_EDGE('',*,*,#4352,.T.);
#4352=EDGE_CURVE('NONE',#4344,#4353,#4355,.F.);
#4353=VERTEX_POINT('NONE',#4354);
#4354=CARTESIAN_POINT('',(12.261857923,-7.702082181,0.001));
#4355=LINE('',#4356,#4357);
#4356=CARTESIAN_POINT('',(12.261857923,-7.702082181,0.001));
#4357=VECTOR('',#4358,1.0);
#4358=DIRECTION('',(0.0,0.0,-1.0));
#4359=ORIENTED_EDGE('',*,*,#4360,.T.);
#4360=EDGE_CURVE('NONE',#4353,#4314,#4361,.F.);
#4361=B_SPLINE_CURVE_WITH_KNOTS('',3,(#4362,#4363,#4364,#4365),.UNSPECIFIED.,.F.,.U.,(4,4),(0.705882353,0.764705882),.PIECEWISE_BEZIER_KNOTS.);
#4362=CARTESIAN_POINT('',(12.28438999,-7.722945207,0.001));
#4363=CARTESIAN_POINT('',(12.268951351,-7.722945207,10.0E-04));
#4364=CARTESIAN_POINT('',(12.261857923,-7.714599997,10.0E-04));
#4365=CARTESIAN_POINT('',(12.261857923,-7.702082181,0.001));
#4366=ORIENTED_EDGE('',*,*,#4313,.F.);
#4367=B_SPLINE_SURFACE_WITH_KNOTS('',3,1,((#4368,#4369),(#4370,#4371),(#4372,#4373),(#4374,#4375)),.UNSPECIFIED.,.F.,.F.,.U.,(4,4),(2,2),(0.705882353,0.764705882),(0.0,1.0),.PIECEWISE_BEZIER_KNOTS.);
#4368=CARTESIAN_POINT('',(12.28438999,-7.722945207,10.0E-04));
#4369=CARTESIAN_POINT('',(12.28438999,-7.722945207,0.0));
#4370=CARTESIAN_POINT('',(12.268951351,-7.722945207,10.0E-04));
#4371=CARTESIAN_POINT('',(12.268951351,-7.722945207,0.0));
#4372=CARTESIAN_POINT('',(12.261857923,-7.714599997,10.0E-04));
#4373=CARTESIAN_POINT('',(12.261857923,-7.714599997,0.0));
#4374=CARTESIAN_POINT('',(12.261857923,-7.702082181,10.0E-04));
#4375=CARTESIAN_POINT('',(12.261857923,-7.702082181,0.0));
#4376=ADVANCED_FACE('NONE',(#4377),#4402,.F.);
#4377=FACE_BOUND('NONE',#4378,.T.);
#4378=EDGE_LOOP('',(#4379,#4387,#4395,#4401));
#4379=ORIENTED_EDGE('',*,*,#4380,.T.);
#4380=EDGE_CURVE('NONE',#4344,#4381,#4383,.T.);
#4381=VERTEX_POINT('NONE',#4382);
#4382=CARTESIAN_POINT('',(12.261857923,-7.558335937,0.0));
#4383=LINE('',#4384,#4385);
#4384=CARTESIAN_POINT('',(12.261857923,0.0,0.0));
#4385=VECTOR('',#4386,1.0);
#4386=DIRECTION('',(0.0,1.0,0.0));
#4387=ORIENTED_EDGE('',*,*,#4388,.T.);
#4388=EDGE_CURVE('NONE',#4381,#4389,#4391,.F.);
#4389=VERTEX_POINT('NONE',#4390);
#4390=CARTESIAN_POINT('',(12.261857923,-7.558335937,0.001));
#4391=LINE('',#4392,#4393);
#4392=CARTESIAN_POINT('',(12.261857923,-7.558335937,0.001));
#4393=VECTOR('',#4394,1.0);
#4394=DIRECTION('',(0.0,0.0,-1.0));
#4395=ORIENTED_EDGE('',*,*,#4396,.T.);
#4396=EDGE_CURVE('NONE',#4389,#4353,#4397,.F.);
#4397=LINE('',#4398,#4399);
#4398=CARTESIAN_POINT('',(12.261857923,0.0,0.001));
#4399=VECTOR('',#4400,1.0);
#4400=DIRECTION('',(0.0,1.0,0.0));
#4401=ORIENTED_EDGE('',*,*,#4352,.F.);
#4402=PLANE('',#4403);
#4403=AXIS2_PLACEMENT_3D('',#4404,#4405,#4406);
#4404=CARTESIAN_POINT('',(12.261857923,0.0,0.001));
#4405=DIRECTION('',(-1.0,0.0,0.0));
#4406=DIRECTION('',(0.0,0.0,1.0));
#4407=ADVANCED_FACE('NONE',(#4408),#4433,.F.);
#4408=FACE_BOUND('NONE',#4409,.T.);
#4409=EDGE_LOOP('',(#4410,#4418,#4426,#4432));
#4410=ORIENTED_EDGE('',*,*,#4411,.T.);
#4411=EDGE_CURVE('NONE',#4381,#4412,#4414,.T.);
#4412=VERTEX_POINT('NONE',#4413);
#4413=CARTESIAN_POINT('',(12.115816746,-7.558335937,0.0));
#4414=LINE('',#4415,#4416);
#4415=CARTESIAN_POINT('',(0.0,-7.558335937,0.0));
#4416=VECTOR('',#4417,1.0);
#4417=DIRECTION('',(-1.0,0.0,0.0));
#4418=ORIENTED_EDGE('',*,*,#4419,.T.);
#4419=EDGE_CURVE('NONE',#4412,#4420,#4422,.F.);
#4420=VERTEX_POINT('NONE',#4421);
#4421=CARTESIAN_POINT('',(12.115816746,-7.558335937,0.001));
#4422=LINE('',#4423,#4424);
#4423=CARTESIAN_POINT('',(12.115816746,-7.558335937,0.001));
#4424=VECTOR('',#4425,1.0);
#4425=DIRECTION('',(0.0,0.0,-1.0));
#4426=ORIENTED_EDGE('',*,*,#4427,.T.);
#4427=EDGE_CURVE('NONE',#4420,#4389,#4428,.F.);
#4428=LINE('',#4429,#4430);
#4429=CARTESIAN_POINT('',(0.0,-7.558335937,0.001));
#4430=VECTOR('',#4431,1.0);
#4431=DIRECTION('',(-1.0,0.0,0.0));
#4432=ORIENTED_EDGE('',*,*,#4388,.F.);
#4433=PLANE('',#4434);
#4434=AXIS2_PLACEMENT_3D('',#4435,#4436,#4437);
#4435=CARTESIAN_POINT('',(0.0,-7.558335937,0.001));
#4436=DIRECTION('',(0.0,-1.0,0.0));
#4437=DIRECTION('',(0.0,0.0,-1.0));
#4438=ADVANCED_FACE('NONE',(#4439),#4464,.F.);
#4439=FACE_BOUND('NONE',#4440,.T.);
#4440=EDGE_LOOP('',(#4441,#4449,#4457,#4463));
#4441=ORIENTED_EDGE('',*,*,#4442,.T.);
#4442=EDGE_CURVE('NONE',#4412,#4443,#4445,.T.);
#4443=VERTEX_POINT('NONE',#4444);
#4444=CARTESIAN_POINT('',(12.116025376,-7.969754795,0.0));
#4445=LINE('',#4446,#4447);
#4446=CARTESIAN_POINT('',(12.111980804,0.006141978,0.0));
#4447=VECTOR('',#4448,1.0);
#4448=DIRECTION('',(5.070993262E-04,-0.999999871,0.0));
#4449=ORIENTED_EDGE('',*,*,#4450,.T.);
#4450=EDGE_CURVE('NONE',#4443,#4451,#4453,.F.);
#4451=VERTEX_POINT('NONE',#4452);
#4452=CARTESIAN_POINT('',(12.116025376,-7.969754795,0.001));
#4453=LINE('',#4454,#4455);
#4454=CARTESIAN_POINT('',(12.116025376,-7.969754795,0.001));
#4455=VECTOR('',#4456,1.0);
#4456=DIRECTION('',(0.0,0.0,-1.0));
#4457=ORIENTED_EDGE('',*,*,#4458,.T.);
#4458=EDGE_CURVE('NONE',#4451,#4420,#4459,.F.);
#4459=LINE('',#4460,#4461);
#4460=CARTESIAN_POINT('',(12.111980804,0.006141978,0.001));
#4461=VECTOR('',#4462,1.0);
#4462=DIRECTION('',(5.070993262E-04,-0.999999871,0.0));
#4463=ORIENTED_EDGE('',*,*,#4419,.F.);
#4464=PLANE('',#4465);
#4465=AXIS2_PLACEMENT_3D('',#4466,#4467,#4468);
#4466=CARTESIAN_POINT('',(12.111980804,0.006141978,0.001));
#4467=DIRECTION('',(0.999999871,5.070993262E-04,0.0));
#4468=DIRECTION('',(-5.070993262E-04,0.999999871,0.0));
#4469=ADVANCED_FACE('NONE',(#4470),#4495,.F.);
#4470=FACE_BOUND('NONE',#4471,.T.);
#4471=EDGE_LOOP('',(#4472,#4480,#4488,#4494));
#4472=ORIENTED_EDGE('',*,*,#4473,.T.);
#4473=EDGE_CURVE('NONE',#4443,#4474,#4476,.T.);
#4474=VERTEX_POINT('NONE',#4475);
#4475=CARTESIAN_POINT('',(12.261857923,-7.969754795,0.0));
#4476=LINE('',#4477,#4478);
#4477=CARTESIAN_POINT('',(0.0,-7.969754795,0.0));
#4478=VECTOR('',#4479,1.0);
#4479=DIRECTION('',(1.0,0.0,0.0));
#4480=ORIENTED_EDGE('',*,*,#4481,.T.);
#4481=EDGE_CURVE('NONE',#4474,#4482,#4484,.F.);
#4482=VERTEX_POINT('NONE',#4483);
#4483=CARTESIAN_POINT('',(12.261857923,-7.969754795,0.001));
#4484=LINE('',#4485,#4486);
#4485=CARTESIAN_POINT('',(12.261857923,-7.969754795,0.001));
#4486=VECTOR('',#4487,1.0);
#4487=DIRECTION('',(0.0,0.0,-1.0));
#4488=ORIENTED_EDGE('',*,*,#4489,.T.);
#4489=EDGE_CURVE('NONE',#4482,#4451,#4490,.F.);
#4490=LINE('',#4491,#4492);
#4491=CARTESIAN_POINT('',(0.0,-7.969754795,0.001));
#4492=VECTOR('',#4493,1.0);
#4493=DIRECTION('',(1.0,0.0,0.0));
#4494=ORIENTED_EDGE('',*,*,#4450,.F.);
#4495=PLANE('',#4496);
#4496=AXIS2_PLACEMENT_3D('',#4497,#4498,#4499);
#4497=CARTESIAN_POINT('',(0.0,-7.969754795,0.001));
#4498=DIRECTION('',(0.0,1.0,0.0));
#4499=DIRECTION('',(0.0,0.0,1.0));
#4500=ADVANCED_FACE('NONE',(#4501),#4526,.F.);
#4501=FACE_BOUND('NONE',#4502,.T.);
#4502=EDGE_LOOP('',(#4503,#4511,#4519,#4525));
#4503=ORIENTED_EDGE('',*,*,#4504,.T.);
#4504=EDGE_CURVE('NONE',#4474,#4505,#4507,.T.);
#4505=VERTEX_POINT('NONE',#4506);
#4506=CARTESIAN_POINT('',(12.261857923,-7.81620293,0.0));
#4507=LINE('',#4508,#4509);
#4508=CARTESIAN_POINT('',(12.261857923,0.0,0.0));
#4509=VECTOR('',#4510,1.0);
#4510=DIRECTION('',(0.0,1.0,0.0));
#4511=ORIENTED_EDGE('',*,*,#4512,.T.);
#4512=EDGE_CURVE('NONE',#4505,#4513,#4515,.F.);
#4513=VERTEX_POINT('NONE',#4514);
#4514=CARTESIAN_POINT('',(12.261857923,-7.81620293,0.001));
#4515=LINE('',#4516,#4517);
#4516=CARTESIAN_POINT('',(12.261857923,-7.81620293,0.001));
#4517=VECTOR('',#4518,1.0);
#4518=DIRECTION('',(0.0,0.0,-1.0));
#4519=ORIENTED_EDGE('',*,*,#4520,.T.);
#4520=EDGE_CURVE('NONE',#4513,#4482,#4521,.F.);
#4521=LINE('',#4522,#4523);
#4522=CARTESIAN_POINT('',(12.261857923,0.0,0.001));
#4523=VECTOR('',#4524,1.0);
#4524=DIRECTION('',(0.0,1.0,0.0));
#4525=ORIENTED_EDGE('',*,*,#4481,.F.);
#4526=PLANE('',#4527);
#4527=AXIS2_PLACEMENT_3D('',#4528,#4529,#4530);
#4528=CARTESIAN_POINT('',(12.261857923,0.0,0.001));
#4529=DIRECTION('',(-1.0,0.0,0.0));
#4530=DIRECTION('',(0.0,0.0,1.0));
#4531=ADVANCED_FACE('NONE',(#4532),#4559,.F.);
#4532=FACE_BOUND('NONE',#4533,.T.);
#4533=EDGE_LOOP('',(#4534,#4543,#4551,#4558));
#4534=ORIENTED_EDGE('',*,*,#4535,.T.);
#4535=EDGE_CURVE('NONE',#4505,#4536,#4538,.T.);
#4536=VERTEX_POINT('NONE',#4537);
#4537=CARTESIAN_POINT('',(12.288979856,-7.794296753,0.0));
#4538=B_SPLINE_CURVE_WITH_KNOTS('',3,(#4539,#4540,#4541,#4542),.UNSPECIFIED.,.F.,.U.,(4,4),(0.117647059,0.176470588),.PIECEWISE_BEZIER_KNOTS.);
#4539=CARTESIAN_POINT('',(12.261857923,-7.81620293,0.0));
#4540=CARTESIAN_POINT('',(12.261857923,-7.800764291,0.0));
#4541=CARTESIAN_POINT('',(12.270411763,-7.794296753,0.0));
#4542=CARTESIAN_POINT('',(12.288979856,-7.794296753,0.0));
#4543=ORIENTED_EDGE('',*,*,#4544,.T.);
#4544=EDGE_CURVE('NONE',#4536,#4545,#4547,.F.);
#4545=VERTEX_POINT('NONE',#4546);
#4546=CARTESIAN_POINT('',(12.288979856,-7.794296753,0.001));
#4547=LINE('',#4548,#4549);
#4548=CARTESIAN_POINT('',(12.288979856,-7.794296753,0.001));
#4549=VECTOR('',#4550,1.0);
#4550=DIRECTION('',(0.0,0.0,-1.0));
#4551=ORIENTED_EDGE('',*,*,#4552,.T.);
#4552=EDGE_CURVE('NONE',#4545,#4513,#4553,.F.);
#4553=B_SPLINE_CURVE_WITH_KNOTS('',3,(#4554,#4555,#4556,#4557),.UNSPECIFIED.,.F.,.U.,(4,4),(0.117647059,0.176470588),.PIECEWISE_BEZIER_KNOTS.);
#4554=CARTESIAN_POINT('',(12.261857923,-7.81620293,0.001));
#4555=CARTESIAN_POINT('',(12.261857923,-7.800764291,0.001));
#4556=CARTESIAN_POINT('',(12.270411763,-7.794296753,0.001));
#4557=CARTESIAN_POINT('',(12.288979856,-7.794296753,0.001));
#4558=ORIENTED_EDGE('',*,*,#4512,.F.);
#4559=B_SPLINE_SURFACE_WITH_KNOTS('',3,1,((#4560,#4561),(#4562,#4563),(#4564,#4565),(#4566,#4567)),.UNSPECIFIED.,.F.,.F.,.U.,(4,4),(2,2),(0.117647059,0.176470588),(0.0,1.0),.PIECEWISE_BEZIER_KNOTS.);
#4560=CARTESIAN_POINT('',(12.261857923,-7.81620293,0.001));
#4561=CARTESIAN_POINT('',(12.261857923,-7.81620293,0.0));
#4562=CARTESIAN_POINT('',(12.261857923,-7.800764291,0.001));
#4563=CARTESIAN_POINT('',(12.261857923,-7.800764291,0.0));
#4564=CARTESIAN_POINT('',(12.270411763,-7.794296753,0.001));
#4565=CARTESIAN_POINT('',(12.270411763,-7.794296753,0.0));
#4566=CARTESIAN_POINT('',(12.288979856,-7.794296753,0.001));
#4567=CARTESIAN_POINT('',(12.288979856,-7.794296753,0.0));
#4568=ADVANCED_FACE('NONE',(#4569),#4594,.F.);
#4569=FACE_BOUND('NONE',#4570,.T.);
#4570=EDGE_LOOP('',(#4571,#4579,#4587,#4593));
#4571=ORIENTED_EDGE('',*,*,#4572,.T.);
#4572=EDGE_CURVE('NONE',#4536,#4573,#4575,.T.);
#4573=VERTEX_POINT('NONE',#4574);
#4574=CARTESIAN_POINT('',(12.488221747,-7.794296753,0.0));
#4575=LINE('',#4576,#4577);
#4576=CARTESIAN_POINT('',(0.0,-7.794296753,0.0));
#4577=VECTOR('',#4578,1.0);
#4578=DIRECTION('',(1.0,0.0,0.0));
#4579=ORIENTED_EDGE('',*,*,#4580,.T.);
#4580=EDGE_CURVE('NONE',#4573,#4581,#4583,.F.);
#4581=VERTEX_POINT('NONE',#4582);
#4582=CARTESIAN_POINT('',(12.488221747,-7.794296753,0.001));
#4583=LINE('',#4584,#4585);
#4584=CARTESIAN_POINT('',(12.488221747,-7.794296753,0.001));
#4585=VECTOR('',#4586,1.0);
#4586=DIRECTION('',(0.0,0.0,-1.0));
#4587=ORIENTED_EDGE('',*,*,#4588,.T.);
#4588=EDGE_CURVE('NONE',#4581,#4545,#4589,.F.);
#4589=LINE('',#4590,#4591);
#4590=CARTESIAN_POINT('',(0.0,-7.794296753,0.001));
#4591=VECTOR('',#4592,1.0);
#4592=DIRECTION('',(1.0,0.0,0.0));
#4593=ORIENTED_EDGE('',*,*,#4544,.F.);
#4594=PLANE('',#4595);
#4595=AXIS2_PLACEMENT_3D('',#4596,#4597,#4598);
#4596=CARTESIAN_POINT('',(0.0,-7.794296753,0.001));
#4597=DIRECTION('',(0.0,1.0,0.0));
#4598=DIRECTION('',(0.0,0.0,1.0));
#4599=ADVANCED_FACE('NONE',(#4600),#4627,.F.);
#4600=FACE_BOUND('NONE',#4601,.T.);
#4601=EDGE_LOOP('',(#4602,#4611,#4619,#4626));
#4602=ORIENTED_EDGE('',*,*,#4603,.T.);
#4603=EDGE_CURVE('NONE',#4573,#4604,#4606,.T.);
#4604=VERTEX_POINT('NONE',#4605);
#4605=CARTESIAN_POINT('',(12.51555231,-7.815159778,0.0));
#4606=B_SPLINE_CURVE_WITH_KNOTS('',3,(#4607,#4608,#4609,#4610),.UNSPECIFIED.,.F.,.U.,(4,4),(0.235294118,0.294117647),.PIECEWISE_BEZIER_KNOTS.);
#4607=CARTESIAN_POINT('',(12.488221747,-7.794296753,0.0));
#4608=CARTESIAN_POINT('',(12.506163949,-7.794296753,0.0));
#4609=CARTESIAN_POINT('',(12.51555231,-7.8001384,0.0));
#4610=CARTESIAN_POINT('',(12.51555231,-7.815159778,0.0));
#4611=ORIENTED_EDGE('',*,*,#4612,.T.);
#4612=EDGE_CURVE('NONE',#4604,#4613,#4615,.F.);
#4613=VERTEX_POINT('NONE',#4614);
#4614=CARTESIAN_POINT('',(12.51555231,-7.815159778,0.001));
#4615=LINE('',#4616,#4617);
#4616=CARTESIAN_POINT('',(12.51555231,-7.815159778,0.001));
#4617=VECTOR('',#4618,1.0);
#4618=DIRECTION('',(0.0,0.0,-1.0));
#4619=ORIENTED_EDGE('',*,*,#4620,.T.);
#4620=EDGE_CURVE('NONE',#4613,#4581,#4621,.F.);
#4621=B_SPLINE_CURVE_WITH_KNOTS('',3,(#4622,#4623,#4624,#4625),.UNSPECIFIED.,.F.,.U.,(4,4),(0.235294118,0.294117647),.PIECEWISE_BEZIER_KNOTS.);
#4622=CARTESIAN_POINT('',(12.488221747,-7.794296753,0.001));
#4623=CARTESIAN_POINT('',(12.506163949,-7.794296753,0.001));
#4624=CARTESIAN_POINT('',(12.51555231,-7.8001384,0.001));
#4625=CARTESIAN_POINT('',(12.51555231,-7.815159778,0.001));
#4626=ORIENTED_EDGE('',*,*,#4580,.F.);
#4627=B_SPLINE_SURFACE_WITH_KNOTS('',3,1,((#4628,#4629),(#4630,#4631),(#4632,#4633),(#4634,#4635)),.UNSPECIFIED.,.F.,.F.,.U.,(4,4),(2,2),(0.235294118,0.294117647),(0.0,1.0),.PIECEWISE_BEZIER_KNOTS.);
#4628=CARTESIAN_POINT('',(12.488221747,-7.794296753,0.001));
#4629=CARTESIAN_POINT('',(12.488221747,-7.794296753,0.0));
#4630=CARTESIAN_POINT('',(12.506163949,-7.794296753,0.001));
#4631=CARTESIAN_POINT('',(12.506163949,-7.794296753,0.0));
#4632=CARTESIAN_POINT('',(12.51555231,-7.8001384,0.001));
#4633=CARTESIAN_POINT('',(12.51555231,-7.8001384,0.0));
#4634=CARTESIAN_POINT('',(12.51555231,-7.815159778,0.001));
#4635=CARTESIAN_POINT('',(12.51555231,-7.815159778,0.0));
#4636=ADVANCED_FACE('NONE',(#4637),#4662,.F.);
#4637=FACE_BOUND('NONE',#4638,.T.);
#4638=EDGE_LOOP('',(#4639,#4647,#4655,#4661));
#4639=ORIENTED_EDGE('',*,*,#4640,.T.);
#4640=EDGE_CURVE('NONE',#4604,#4641,#4643,.T.);
#4641=VERTEX_POINT('NONE',#4642);
#4642=CARTESIAN_POINT('',(12.51555231,-7.969754795,0.0));
#4643=LINE('',#4644,#4645);
#4644=CARTESIAN_POINT('',(12.51555231,0.0,0.0));
#4645=VECTOR('',#4646,1.0);
#4646=DIRECTION('',(0.0,-1.0,0.0));
#4647=ORIENTED_EDGE('',*,*,#4648,.T.);
#4648=EDGE_CURVE('NONE',#4641,#4649,#4651,.F.);
#4649=VERTEX_POINT('NONE',#4650);
#4650=CARTESIAN_POINT('',(12.51555231,-7.969754795,0.001));
#4651=LINE('',#4652,#4653);
#4652=CARTESIAN_POINT('',(12.51555231,-7.969754795,0.001));
#4653=VECTOR('',#4654,1.0);
#4654=DIRECTION('',(0.0,0.0,-1.0));
#4655=ORIENTED_EDGE('',*,*,#4656,.T.);
#4656=EDGE_CURVE('NONE',#4649,#4613,#4657,.F.);
#4657=LINE('',#4658,#4659);
#4658=CARTESIAN_POINT('',(12.51555231,0.0,0.001));
#4659=VECTOR('',#4660,1.0);
#4660=DIRECTION('',(0.0,-1.0,0.0));
#4661=ORIENTED_EDGE('',*,*,#4612,.F.);
#4662=PLANE('',#4663);
#4663=AXIS2_PLACEMENT_3D('',#4664,#4665,#4666);
#4664=CARTESIAN_POINT('',(12.51555231,0.0,0.001));
#4665=DIRECTION('',(1.0,0.0,0.0));
#4666=DIRECTION('',(0.0,0.0,-1.0));
#4667=ADVANCED_FACE('NONE',(#4668),#4693,.F.);
#4668=FACE_BOUND('NONE',#4669,.T.);
#4669=EDGE_LOOP('',(#4670,#4678,#4686,#4692));
#4670=ORIENTED_EDGE('',*,*,#4671,.T.);
#4671=EDGE_CURVE('NONE',#4641,#4672,#4674,.T.);
#4672=VERTEX_POINT('NONE',#4673);
#4673=CARTESIAN_POINT('',(12.661384856,-7.969754795,0.0));
#4674=LINE('',#4675,#4676);
#4675=CARTESIAN_POINT('',(0.0,-7.969754795,0.0));
#4676=VECTOR('',#4677,1.0);
#4677=DIRECTION('',(1.0,0.0,0.0));
#4678=ORIENTED_EDGE('',*,*,#4679,.T.);
#4679=EDGE_CURVE('NONE',#4672,#4680,#4682,.F.);
#4680=VERTEX_POINT('NONE',#4681);
#4681=CARTESIAN_POINT('',(12.661384856,-7.969754795,0.001));
#4682=LINE('',#4683,#4684);
#4683=CARTESIAN_POINT('',(12.661384856,-7.969754795,0.001));
#4684=VECTOR('',#4685,1.0);
#4685=DIRECTION('',(0.0,0.0,-1.0));
#4686=ORIENTED_EDGE('',*,*,#4687,.T.);
#4687=EDGE_CURVE('NONE',#4680,#4649,#4688,.F.);
#4688=LINE('',#4689,#4690);
#4689=CARTESIAN_POINT('',(0.0,-7.969754795,0.001));
#4690=VECTOR('',#4691,1.0);
#4691=DIRECTION('',(1.0,0.0,0.0));
#4692=ORIENTED_EDGE('',*,*,#4648,.F.);
#4693=PLANE('',#4694);
#4694=AXIS2_PLACEMENT_3D('',#4695,#4696,#4697);
#4695=CARTESIAN_POINT('',(0.0,-7.969754795,0.001));
#4696=DIRECTION('',(0.0,1.0,0.0));
#4697=DIRECTION('',(0.0,0.0,1.0));
#4698=ADVANCED_FACE('NONE',(#4699),#4724,.F.);
#4699=FACE_BOUND('NONE',#4700,.T.);
#4700=EDGE_LOOP('',(#4701,#4709,#4717,#4723));
#4701=ORIENTED_EDGE('',*,*,#4702,.T.);
#4702=EDGE_CURVE('NONE',#4672,#4703,#4705,.T.);
#4703=VERTEX_POINT('NONE',#4704);
#4704=CARTESIAN_POINT('',(12.661384856,-7.558335937,0.0));
#4705=LINE('',#4706,#4707);
#4706=CARTESIAN_POINT('',(12.661384856,0.0,0.0));
#4707=VECTOR('',#4708,1.0);
#4708=DIRECTION('',(0.0,1.0,0.0));
#4709=ORIENTED_EDGE('',*,*,#4710,.T.);
#4710=EDGE_CURVE('NONE',#4703,#4711,#4713,.F.);
#4711=VERTEX_POINT('NONE',#4712);
#4712=CARTESIAN_POINT('',(12.661384856,-7.558335937,0.001));
#4713=LINE('',#4714,#4715);
#4714=CARTESIAN_POINT('',(12.661384856,-7.558335937,0.001));
#4715=VECTOR('',#4716,1.0);
#4716=DIRECTION('',(0.0,0.0,-1.0));
#4717=ORIENTED_EDGE('',*,*,#4718,.T.);
#4718=EDGE_CURVE('NONE',#4711,#4680,#4719,.F.);
#4719=LINE('',#4720,#4721);
#4720=CARTESIAN_POINT('',(12.661384856,0.0,0.001));
#4721=VECTOR('',#4722,1.0);
#4722=DIRECTION('',(0.0,1.0,0.0));
#4723=ORIENTED_EDGE('',*,*,#4679,.F.);
#4724=PLANE('',#4725);
#4725=AXIS2_PLACEMENT_3D('',#4726,#4727,#4728);
#4726=CARTESIAN_POINT('',(12.661384856,0.0,0.001));
#4727=DIRECTION('',(-1.0,0.0,0.0));
#4728=DIRECTION('',(0.0,0.0,1.0));
#4729=ADVANCED_FACE('NONE',(#4730),#4755,.F.);
#4730=FACE_BOUND('NONE',#4731,.T.);
#4731=EDGE_LOOP('',(#4732,#4740,#4748,#4754));
#4732=ORIENTED_EDGE('',*,*,#4733,.T.);
#4733=EDGE_CURVE('NONE',#4703,#4734,#4736,.T.);
#4734=VERTEX_POINT('NONE',#4735);
#4735=CARTESIAN_POINT('',(12.51534368,-7.558335937,0.0));
#4736=LINE('',#4737,#4738);
#4737=CARTESIAN_POINT('',(0.0,-7.558335937,0.0));
#4738=VECTOR('',#4739,1.0);
#4739=DIRECTION('',(-1.0,0.0,0.0));
#4740=ORIENTED_EDGE('',*,*,#4741,.T.);
#4741=EDGE_CURVE('NONE',#4734,#4742,#4744,.F.);
#4742=VERTEX_POINT('NONE',#4743);
#4743=CARTESIAN_POINT('',(12.51534368,-7.558335937,0.001));
#4744=LINE('',#4745,#4746);
#4745=CARTESIAN_POINT('',(12.51534368,-7.558335937,0.001));
#4746=VECTOR('',#4747,1.0);
#4747=DIRECTION('',(0.0,0.0,-1.0));
#4748=ORIENTED_EDGE('',*,*,#4749,.T.);
#4749=EDGE_CURVE('NONE',#4742,#4711,#4750,.F.);
#4750=LINE('',#4751,#4752);
#4751=CARTESIAN_POINT('',(0.0,-7.558335937,0.001));
#4752=VECTOR('',#4753,1.0);
#4753=DIRECTION('',(-1.0,0.0,0.0));
#4754=ORIENTED_EDGE('',*,*,#4710,.F.);
#4755=PLANE('',#4756);
#4756=AXIS2_PLACEMENT_3D('',#4757,#4758,#4759);
#4757=CARTESIAN_POINT('',(0.0,-7.558335937,0.001));
#4758=DIRECTION('',(0.0,-1.0,0.0));
#4759=DIRECTION('',(0.0,0.0,-1.0));
#4760=ADVANCED_FACE('NONE',(#4761),#4786,.F.);
#4761=FACE_BOUND('NONE',#4762,.T.);
#4762=EDGE_LOOP('',(#4763,#4771,#4779,#4785));
#4763=ORIENTED_EDGE('',*,*,#4764,.T.);
#4764=EDGE_CURVE('NONE',#4734,#4765,#4767,.T.);
#4765=VERTEX_POINT('NONE',#4766);
#4766=CARTESIAN_POINT('',(12.51555231,-7.702082181,0.0));
#4767=LINE('',#4768,#4769);
#4768=CARTESIAN_POINT('',(12.504347331,0.018148545,0.0));
#4769=VECTOR('',#4770,1.0);
#4770=DIRECTION('',(0.001451377,-0.999998947,0.0));
#4771=ORIENTED_EDGE('',*,*,#4772,.T.);
#4772=EDGE_CURVE('NONE',#4765,#4773,#4775,.F.);
#4773=VERTEX_POINT('NONE',#4774);
#4774=CARTESIAN_POINT('',(12.51555231,-7.702082181,0.001));
#4775=LINE('',#4776,#4777);
#4776=CARTESIAN_POINT('',(12.51555231,-7.702082181,0.001));
#4777=VECTOR('',#4778,1.0);
#4778=DIRECTION('',(0.0,0.0,-1.0));
#4779=ORIENTED_EDGE('',*,*,#4780,.T.);
#4780=EDGE_CURVE('NONE',#4773,#4742,#4781,.F.);
#4781=LINE('',#4782,#4783);
#4782=CARTESIAN_POINT('',(12.504347331,0.018148545,0.001));
#4783=VECTOR('',#4784,1.0);
#4784=DIRECTION('',(0.001451377,-0.999998947,0.0));
#4785=ORIENTED_EDGE('',*,*,#4741,.F.);
#4786=PLANE('',#4787);
#4787=AXIS2_PLACEMENT_3D('',#4788,#4789,#4790);
#4788=CARTESIAN_POINT('',(12.504347331,0.018148545,0.001));
#4789=DIRECTION('',(0.999998947,0.001451377,0.0));
#4790=DIRECTION('',(-0.001451377,0.999998947,0.0));
#4791=ADVANCED_FACE('NONE',(#4792),#4810,.F.);
#4792=FACE_BOUND('NONE',#4793,.T.);
#4793=EDGE_LOOP('',(#4794,#4801,#4802,#4809));
#4794=ORIENTED_EDGE('',*,*,#4795,.T.);
#4795=EDGE_CURVE('NONE',#4765,#4304,#4796,.T.);
#4796=B_SPLINE_CURVE_WITH_KNOTS('',3,(#4797,#4798,#4799,#4800),.UNSPECIFIED.,.F.,.U.,(4,4),(0.588235294,0.647058824),.PIECEWISE_BEZIER_KNOTS.);
#4797=CARTESIAN_POINT('',(12.51555231,-7.702082181,0.0));
#4798=CARTESIAN_POINT('',(12.51555231,-7.715434518,0.0));
#4799=CARTESIAN_POINT('',(12.506789839,-7.722945207,0.0));
#4800=CARTESIAN_POINT('',(12.49072531,-7.722945207,0.0));
#4801=ORIENTED_EDGE('',*,*,#4329,.F.);
#4802=ORIENTED_EDGE('',*,*,#4803,.T.);
#4803=EDGE_CURVE('NONE',#4322,#4773,#4804,.F.);
#4804=B_SPLINE_CURVE_WITH_KNOTS('',3,(#4805,#4806,#4807,#4808),.UNSPECIFIED.,.F.,.U.,(4,4),(0.588235294,0.647058824),.PIECEWISE_BEZIER_KNOTS.);
#4805=CARTESIAN_POINT('',(12.51555231,-7.702082181,0.001));
#4806=CARTESIAN_POINT('',(12.51555231,-7.715434518,0.001));
#4807=CARTESIAN_POINT('',(12.506789839,-7.722945207,0.001));
#4808=CARTESIAN_POINT('',(12.49072531,-7.722945207,0.001));
#4809=ORIENTED_EDGE('',*,*,#4772,.F.);
#4810=B_SPLINE_SURFACE_WITH_KNOTS('',3,1,((#4811,#4812),(#4813,#4814),(#4815,#4816),(#4817,#4818)),.UNSPECIFIED.,.F.,.F.,.U.,(4,4),(2,2),(0.588235294,0.647058824),(0.0,1.0),.PIECEWISE_BEZIER_KNOTS.);
#4811=CARTESIAN_POINT('',(12.51555231,-7.702082181,0.001));
#4812=CARTESIAN_POINT('',(12.51555231,-7.702082181,0.0));
#4813=CARTESIAN_POINT('',(12.51555231,-7.715434518,0.001));
#4814=CARTESIAN_POINT('',(12.51555231,-7.715434518,0.0));
#4815=CARTESIAN_POINT('',(12.506789839,-7.722945207,0.001));
#4816=CARTESIAN_POINT('',(12.506789839,-7.722945207,0.0));
#4817=CARTESIAN_POINT('',(12.49072531,-7.722945207,0.001));
#4818=CARTESIAN_POINT('',(12.49072531,-7.722945207,0.0));
#4819=ADVANCED_FACE('NONE',(#4820),#4838,.T.);
#4820=FACE_BOUND('NONE',#4821,.T.);
#4821=EDGE_LOOP('',(#4822,#4823,#4824,#4825,#4826,#4827,#4828,#4829,#4830,#4831,#4832,#4833,#4834,#4835,#4836,#4837));
#4822=ORIENTED_EDGE('',*,*,#4321,.F.);
#4823=ORIENTED_EDGE('',*,*,#4360,.F.);
#4824=ORIENTED_EDGE('',*,*,#4396,.F.);
#4825=ORIENTED_EDGE('',*,*,#4427,.F.);
#4826=ORIENTED_EDGE('',*,*,#4458,.F.);
#4827=ORIENTED_EDGE('',*,*,#4489,.F.);
#4828=ORIENTED_EDGE('',*,*,#4520,.F.);
#4829=ORIENTED_EDGE('',*,*,#4552,.F.);
#4830=ORIENTED_EDGE('',*,*,#4588,.F.);
#4831=ORIENTED_EDGE('',*,*,#4620,.F.);
#4832=ORIENTED_EDGE('',*,*,#4656,.F.);
#4833=ORIENTED_EDGE('',*,*,#4687,.F.);
#4834=ORIENTED_EDGE('',*,*,#4718,.F.);
#4835=ORIENTED_EDGE('',*,*,#4749,.F.);
#4836=ORIENTED_EDGE('',*,*,#4780,.F.);
#4837=ORIENTED_EDGE('',*,*,#4803,.F.);
#4838=PLANE('',#4839);
#4839=AXIS2_PLACEMENT_3D('',#4840,#4841,#4842);
#4840=CARTESIAN_POINT('',(0.0,0.0,0.001));
#4841=DIRECTION('',(0.0,0.0,1.0));
#4842=DIRECTION('',(1.0,0.0,0.0));
#4843=ADVANCED_FACE('NONE',(#4844),#4862,.F.);
#4844=FACE_BOUND('NONE',#4845,.T.);
#4845=EDGE_LOOP('',(#4846,#4847,#4848,#4849,#4850,#4851,#4852,#4853,#4854,#4855,#4856,#4857,#4858,#4859,#4860,#4861));
#4846=ORIENTED_EDGE('',*,*,#4303,.F.);
#4847=ORIENTED_EDGE('',*,*,#4795,.F.);
#4848=ORIENTED_EDGE('',*,*,#4764,.F.);
#4849=ORIENTED_EDGE('',*,*,#4733,.F.);
#4850=ORIENTED_EDGE('',*,*,#4702,.F.);
#4851=ORIENTED_EDGE('',*,*,#4671,.F.);
#4852=ORIENTED_EDGE('',*,*,#4640,.F.);
#4853=ORIENTED_EDGE('',*,*,#4603,.F.);
#4854=ORIENTED_EDGE('',*,*,#4572,.F.);
#4855=ORIENTED_EDGE('',*,*,#4535,.F.);
#4856=ORIENTED_EDGE('',*,*,#4504,.F.);
#4857=ORIENTED_EDGE('',*,*,#4473,.F.);
#4858=ORIENTED_EDGE('',*,*,#4442,.F.);
#4859=ORIENTED_EDGE('',*,*,#4411,.F.);
#4860=ORIENTED_EDGE('',*,*,#4380,.F.);
#4861=ORIENTED_EDGE('',*,*,#4343,.F.);
#4862=PLANE('',#4863);
#4863=AXIS2_PLACEMENT_3D('',#4864,#4865,#4866);
#4864=CARTESIAN_POINT('',(0.0,0.0,0.0));
#4865=DIRECTION('',(0.0,0.0,1.0));
#4866=DIRECTION('',(1.0,0.0,0.0));
#4867=MANIFOLD_SOLID_BREP('Boss-Extrude1[4]',#4868);
#4868=CLOSED_SHELL('NONE',(#4869,#4909,#4946,#4977,#5014,#5045,#5082,#5119,#5150,#5181,#5218,#5255,#5292,#5329,#5360,#5397,#5434,#5471,#5508,#5539,#5570,#5607,#5644,#5672,#5703));
#4869=ADVANCED_FACE('NONE',(#4870),#4904,.F.);
#4870=FACE_BOUND('NONE',#4871,.T.);
#4871=EDGE_LOOP('',(#4872,#4882,#4890,#4898));
#4872=ORIENTED_EDGE('',*,*,#4873,.T.);
#4873=EDGE_CURVE('NONE',#4874,#4876,#4878,.T.);
#4874=VERTEX_POINT('NONE',#4875);
#4875=CARTESIAN_POINT('',(13.179205143,-7.549990727,0.0));
#4876=VERTEX_POINT('NONE',#4877);
#4877=CARTESIAN_POINT('',(13.174823908,-7.549156206,0.0));
#4878=LINE('',#4879,#4880);
#4879=CARTESIAN_POINT('',(-0.926328094,-4.863222492,0.0));
#4880=VECTOR('',#4881,1.0);
#4881=DIRECTION('',(-0.982338566,0.187112108,0.0));
#4882=ORIENTED_EDGE('',*,*,#4883,.T.);
#4883=EDGE_CURVE('NONE',#4876,#4884,#4886,.F.);
#4884=VERTEX_POINT('NONE',#4885);
#4885=CARTESIAN_POINT('',(13.174823908,-7.549156206,0.001));
#4886=LINE('',#4887,#4888);
#4887=CARTESIAN_POINT('',(13.174823908,-7.549156206,0.001));
#4888=VECTOR('',#4889,1.0);
#4889=DIRECTION('',(0.0,0.0,-1.0));
#4890=ORIENTED_EDGE('',*,*,#4891,.T.);
#4891=EDGE_CURVE('NONE',#4884,#4892,#4894,.F.);
#4892=VERTEX_POINT('NONE',#4893);
#4893=CARTESIAN_POINT('',(13.179205143,-7.549990727,0.001));
#4894=LINE('',#4895,#4896);
#4895=CARTESIAN_POINT('',(-0.926328094,-4.863222492,0.001));
#4896=VECTOR('',#4897,1.0);
#4897=DIRECTION('',(-0.982338566,0.187112108,0.0));
#4898=ORIENTED_EDGE('',*,*,#4899,.T.);
#4899=EDGE_CURVE('NONE',#4892,#4874,#4900,.T.);
#4900=LINE('',#4901,#4902);
#4901=CARTESIAN_POINT('',(13.179205143,-7.549990727,0.001));
#4902=VECTOR('',#4903,1.0);
#4903=DIRECTION('',(0.0,0.0,-1.0));
#4904=PLANE('',#4905);
#4905=AXIS2_PLACEMENT_3D('',#4906,#4907,#4908);
#4906=CARTESIAN_POINT('',(-0.926328094,-4.863222492,0.001));
#4907=DIRECTION('',(-0.187112108,-0.982338566,0.0));
#4908=DIRECTION('',(0.982338566,-0.187112108,0.0));
#4909=ADVANCED_FACE('NONE',(#4910),#4937,.F.);
#4910=FACE_BOUND('NONE',#4911,.T.);
#4911=EDGE_LOOP('',(#4912,#4921,#4929,#4936));
#4912=ORIENTED_EDGE('',*,*,#4913,.T.);
#4913=EDGE_CURVE('NONE',#4876,#4914,#4916,.T.);
#4914=VERTEX_POINT('NONE',#4915);
#4915=CARTESIAN_POINT('',(13.173780756,-7.548947576,0.0));
#4916=B_SPLINE_CURVE_WITH_KNOTS('',3,(#4917,#4918,#4919,#4920),.UNSPECIFIED.,.F.,.U.,(4,4),(0.916666667,1.0),.PIECEWISE_BEZIER_KNOTS.);
#4917=CARTESIAN_POINT('',(13.174823908,-7.549156206,0.0));
#4918=CARTESIAN_POINT('',(13.174406647,-7.549156206,0.0));
#4919=CARTESIAN_POINT('',(13.173989387,-7.549156206,0.0));
#4920=CARTESIAN_POINT('',(13.173780756,-7.548947576,0.0));
#4921=ORIENTED_EDGE('',*,*,#4922,.T.);
#4922=EDGE_CURVE('NONE',#4914,#4923,#4925,.F.);
#4923=VERTEX_POINT('NONE',#4924);
#4924=CARTESIAN_POINT('',(13.173780756,-7.548947576,0.001));
#4925=LINE('',#4926,#4927);
#4926=CARTESIAN_POINT('',(13.173780756,-7.548947576,0.001));
#4927=VECTOR('',#4928,1.0);
#4928=DIRECTION('',(0.0,0.0,-1.0));
#4929=ORIENTED_EDGE('',*,*,#4930,.T.);
#4930=EDGE_CURVE('NONE',#4923,#4884,#4931,.F.);
#4931=B_SPLINE_CURVE_WITH_KNOTS('',3,(#4932,#4933,#4934,#4935),.UNSPECIFIED.,.F.,.U.,(4,4),(0.916666667,1.0),.PIECEWISE_BEZIER_KNOTS.);
#4932=CARTESIAN_POINT('',(13.174823908,-7.549156206,0.001));
#4933=CARTESIAN_POINT('',(13.174406647,-7.549156206,0.001));
#4934=CARTESIAN_POINT('',(13.173989387,-7.549156206,0.001));
#4935=CARTESIAN_POINT('',(13.173780756,-7.548947576,0.001));
#4936=ORIENTED_EDGE('',*,*,#4883,.F.);
#4937=B_SPLINE_SURFACE_WITH_KNOTS('',3,1,((#4938,#4939),(#4940,#4941),(#4942,#4943),(#4944,#4945)),.UNSPECIFIED.,.F.,.F.,.U.,(4,4),(2,2),(0.916666667,1.0),(0.0,1.0),.PIECEWISE_BEZIER_KNOTS.);
#4938=CARTESIAN_POINT('',(13.174823908,-7.549156206,0.001));
#4939=CARTESIAN_POINT('',(13.174823908,-7.549156206,0.0));
#4940=CARTESIAN_POINT('',(13.174406647,-7.549156206,0.001));
#4941=CARTESIAN_POINT('',(13.174406647,-7.549156206,0.0));
#4942=CARTESIAN_POINT('',(13.173989387,-7.549156206,0.001));
#4943=CARTESIAN_POINT('',(13.173989387,-7.549156206,0.0));
#4944=CARTESIAN_POINT('',(13.173780756,-7.548947576,0.001));
#4945=CARTESIAN_POINT('',(13.173780756,-7.548947576,0.0));
#4946=ADVANCED_FACE('NONE',(#4947),#4972,.F.);
#4947=FACE_BOUND('NONE',#4948,.T.);
#4948=EDGE_LOOP('',(#4949,#4957,#4965,#4971));
#4949=ORIENTED_EDGE('',*,*,#4950,.T.);
#4950=EDGE_CURVE('NONE',#4914,#4951,#4953,.T.);
#4951=VERTEX_POINT('NONE',#4952);
#4952=CARTESIAN_POINT('',(13.001243538,-7.548947576,0.0));
#4953=LINE('',#4954,#4955);
#4954=CARTESIAN_POINT('',(0.0,-7.548947576,0.0));
#4955=VECTOR('',#4956,1.0);
#4956=DIRECTION('',(-1.0,0.0,0.0));
#4957=ORIENTED_EDGE('',*,*,#4958,.T.);
#4958=EDGE_CURVE('NONE',#4951,#4959,#4961,.F.);
#4959=VERTEX_POINT('NONE',#4960);
#4960=CARTESIAN_POINT('',(13.001243538,-7.548947576,0.001));
#4961=LINE('',#4962,#4963);
#4962=CARTESIAN_POINT('',(13.001243538,-7.548947576,0.001));
#4963=VECTOR('',#4964,1.0);
#4964=DIRECTION('',(0.0,0.0,-1.0));
#4965=ORIENTED_EDGE('',*,*,#4966,.T.);
#4966=EDGE_CURVE('NONE',#4959,#4923,#4967,.F.);
#4967=LINE('',#4968,#4969);
#4968=CARTESIAN_POINT('',(0.0,-7.548947576,0.001));
#4969=VECTOR('',#4970,1.0);
#4970=DIRECTION('',(-1.0,0.0,0.0));
#4971=ORIENTED_EDGE('',*,*,#4922,.F.);
#4972=PLANE('',#4973);
#4973=AXIS2_PLACEMENT_3D('',#4974,#4975,#4976);
#4974=CARTESIAN_POINT('',(0.0,-7.548947576,0.001));
#4975=DIRECTION('',(0.0,-1.0,0.0));
#4976=DIRECTION('',(0.0,0.0,-1.0));
#4977=ADVANCED_FACE('NONE',(#4978),#5005,.F.);
#4978=FACE_BOUND('NONE',#4979,.T.);
#4979=EDGE_LOOP('',(#4980,#4989,#4997,#5004));
#4980=ORIENTED_EDGE('',*,*,#4981,.T.);
#4981=EDGE_CURVE('NONE',#4951,#4982,#4984,.T.);
#4982=VERTEX_POINT('NONE',#4983);
#4983=CARTESIAN_POINT('',(13.000200386,-7.549156206,0.0));
#4984=B_SPLINE_CURVE_WITH_KNOTS('',3,(#4985,#4986,#4987,#4988),.UNSPECIFIED.,.F.,.U.,(4,4),(0.041666667,0.083333333),.PIECEWISE_BEZIER_KNOTS.);
#4985=CARTESIAN_POINT('',(13.001243538,-7.548947576,0.0));
#4986=CARTESIAN_POINT('',(13.000826277,-7.549156206,0.0));
#4987=CARTESIAN_POINT('',(13.000409017,-7.548947576,0.0));
#4988=CARTESIAN_POINT('',(13.000200386,-7.549156206,0.0));
#4989=ORIENTED_EDGE('',*,*,#4990,.T.);
#4990=EDGE_CURVE('NONE',#4982,#4991,#4993,.F.);
#4991=VERTEX_POINT('NONE',#4992);
#4992=CARTESIAN_POINT('',(13.000200386,-7.549156206,0.001));
#4993=LINE('',#4994,#4995);
#4994=CARTESIAN_POINT('',(13.000200386,-7.549156206,0.001));
#4995=VECTOR('',#4996,1.0);
#4996=DIRECTION('',(0.0,0.0,-1.0));
#4997=ORIENTED_EDGE('',*,*,#4998,.T.);
#4998=EDGE_CURVE('NONE',#4991,#4959,#4999,.F.);
#4999=B_SPLINE_CURVE_WITH_KNOTS('',3,(#5000,#5001,#5002,#5003),.UNSPECIFIED.,.F.,.U.,(4,4),(0.041666667,0.083333333),.PIECEWISE_BEZIER_KNOTS.);
#5000=CARTESIAN_POINT('',(13.001243538,-7.548947576,0.001));
#5001=CARTESIAN_POINT('',(13.000826277,-7.549156206,0.001));
#5002=CARTESIAN_POINT('',(13.000409017,-7.548947576,0.001));
#5003=CARTESIAN_POINT('',(13.000200386,-7.549156206,0.001));
#5004=ORIENTED_EDGE('',*,*,#4958,.F.);
#5005=B_SPLINE_SURFACE_WITH_KNOTS('',3,1,((#5006,#5007),(#5008,#5009),(#5010,#5011),(#5012,#5013)),.UNSPECIFIED.,.F.,.F.,.U.,(4,4),(2,2),(0.041666667,0.083333333),(0.0,1.0),.PIECEWISE_BEZIER_KNOTS.);
#5006=CARTESIAN_POINT('',(13.001243538,-7.548947576,0.001));
#5007=CARTESIAN_POINT('',(13.001243538,-7.548947576,0.0));
#5008=CARTESIAN_POINT('',(13.000826277,-7.549156206,0.001));
#5009=CARTESIAN_POINT('',(13.000826277,-7.549156206,0.0));
#5010=CARTESIAN_POINT('',(13.000409017,-7.548947576,0.001));
#5011=CARTESIAN_POINT('',(13.000409017,-7.548947576,0.0));
#5012=CARTESIAN_POINT('',(13.000200386,-7.549156206,0.001));
#5013=CARTESIAN_POINT('',(13.000200386,-7.549156206,0.0));
#5014=ADVANCED_FACE('NONE',(#5015),#5040,.F.);
#5015=FACE_BOUND('NONE',#5016,.T.);
#5016=EDGE_LOOP('',(#5017,#5025,#5033,#5039));
#5017=ORIENTED_EDGE('',*,*,#5018,.T.);
#5018=EDGE_CURVE('NONE',#4982,#5019,#5021,.T.);
#5019=VERTEX_POINT('NONE',#5020);
#5020=CARTESIAN_POINT('',(12.888374571,-7.553328811,0.0));
#5021=LINE('',#5022,#5023);
#5022=CARTESIAN_POINT('',(0.299368204,-8.023067855,0.0));
#5023=VECTOR('',#5024,1.0);
#5024=DIRECTION('',(-0.99930458,-0.037287484,0.0));
#5025=ORIENTED_EDGE('',*,*,#5026,.T.);
#5026=EDGE_CURVE('NONE',#5019,#5027,#5029,.F.);
#5027=VERTEX_POINT('NONE',#5028);
#5028=CARTESIAN_POINT('',(12.888374571,-7.553328811,0.001));
#5029=LINE('',#5030,#5031);
#5030=CARTESIAN_POINT('',(12.888374571,-7.553328811,0.001));
#5031=VECTOR('',#5032,1.0);
#5032=DIRECTION('',(0.0,0.0,-1.0));
#5033=ORIENTED_EDGE('',*,*,#5034,.T.);
#5034=EDGE_CURVE('NONE',#5027,#4991,#5035,.F.);
#5035=LINE('',#5036,#5037);
#5036=CARTESIAN_POINT('',(0.299368204,-8.023067855,0.001));
#5037=VECTOR('',#5038,1.0);
#5038=DIRECTION('',(-0.99930458,-0.037287484,0.0));
#5039=ORIENTED_EDGE('',*,*,#4990,.F.);
#5040=PLANE('',#5041);
#5041=AXIS2_PLACEMENT_3D('',#5042,#5043,#5044);
#5042=CARTESIAN_POINT('',(0.299368204,-8.023067855,0.001));
#5043=DIRECTION('',(0.037287484,-0.99930458,0.0));
#5044=DIRECTION('',(0.99930458,0.037287484,0.0));
#5045=ADVANCED_FACE('NONE',(#5046),#5073,.F.);
#5046=FACE_BOUND('NONE',#5047,.T.);
#5047=EDGE_LOOP('',(#5048,#5057,#5065,#5072));
#5048=ORIENTED_EDGE('',*,*,#5049,.T.);
#5049=EDGE_CURVE('NONE',#5019,#5050,#5052,.T.);
#5050=VERTEX_POINT('NONE',#5051);
#5051=CARTESIAN_POINT('',(12.832044403,-7.555623744,0.0));
#5052=B_SPLINE_CURVE_WITH_KNOTS('',3,(#5053,#5054,#5055,#5056),.UNSPECIFIED.,.F.,.U.,(4,4),(0.125,0.166666667),.PIECEWISE_BEZIER_KNOTS.);
#5053=CARTESIAN_POINT('',(12.888374571,-7.553328811,0.0));
#5054=CARTESIAN_POINT('',(12.869597848,-7.553954702,0.0));
#5055=CARTESIAN_POINT('',(12.850821126,-7.554789223,0.0));
#5056=CARTESIAN_POINT('',(12.832044403,-7.555623744,0.0));
#5057=ORIENTED_EDGE('',*,*,#5058,.T.);
#5058=EDGE_CURVE('NONE',#5050,#5059,#5061,.F.);
#5059=VERTEX_POINT('NONE',#5060);
#5060=CARTESIAN_POINT('',(12.832044403,-7.555623744,0.001));
#5061=LINE('',#5062,#5063);
#5062=CARTESIAN_POINT('',(12.832044403,-7.555623744,0.001));
#5063=VECTOR('',#5064,1.0);
#5064=DIRECTION('',(0.0,0.0,-1.0));
#5065=ORIENTED_EDGE('',*,*,#5066,.T.);
#5066=EDGE_CURVE('NONE',#5059,#5027,#5067,.F.);
#5067=B_SPLINE_CURVE_WITH_KNOTS('',3,(#5068,#5069,#5070,#5071),.UNSPECIFIED.,.F.,.U.,(4,4),(0.125,0.166666667),.PIECEWISE_BEZIER_KNOTS.);
#5068=CARTESIAN_POINT('',(12.888374571,-7.553328811,0.001));
#5069=CARTESIAN_POINT('',(12.869597848,-7.553954702,0.001));
#5070=CARTESIAN_POINT('',(12.850821126,-7.554789223,0.001));
#5071=CARTESIAN_POINT('',(12.832044403,-7.555623744,0.001));
#5072=ORIENTED_EDGE('',*,*,#5026,.F.);
#5073=B_SPLINE_SURFACE_WITH_KNOTS('',3,1,((#5074,#5075),(#5076,#5077),(#5078,#5079),(#5080,#5081)),.UNSPECIFIED.,.F.,.F.,.U.,(4,4),(2,2),(0.125,0.166666667),(0.0,1.0),.PIECEWISE_BEZIER_KNOTS.);
#5074=CARTESIAN_POINT('',(12.888374571,-7.553328811,0.001));
#5075=CARTESIAN_POINT('',(12.888374571,-7.553328811,0.0));
#5076=CARTESIAN_POINT('',(12.869597848,-7.553954702,0.001));
#5077=CARTESIAN_POINT('',(12.869597848,-7.553954702,0.0));
#5078=CARTESIAN_POINT('',(12.850821126,-7.554789223,0.001));
#5079=CARTESIAN_POINT('',(12.850821126,-7.554789223,0.0));
#5080=CARTESIAN_POINT('',(12.832044403,-7.555623744,0.001));
#5081=CARTESIAN_POINT('',(12.832044403,-7.555623744,0.0));
#5082=ADVANCED_FACE('NONE',(#5083),#5110,.F.);
#5083=FACE_BOUND('NONE',#5084,.T.);
#5084=EDGE_LOOP('',(#5085,#5094,#5102,#5109));
#5085=ORIENTED_EDGE('',*,*,#5086,.T.);
#5086=EDGE_CURVE('NONE',#5050,#5087,#5089,.T.);
#5087=VERTEX_POINT('NONE',#5088);
#5088=CARTESIAN_POINT('',(12.775922865,-7.558544568,0.0));
#5089=B_SPLINE_CURVE_WITH_KNOTS('',3,(#5090,#5091,#5092,#5093),.UNSPECIFIED.,.F.,.U.,(4,4),(0.166666667,0.208333333),.PIECEWISE_BEZIER_KNOTS.);
#5090=CARTESIAN_POINT('',(12.832044403,-7.555623744,0.0));
#5091=CARTESIAN_POINT('',(12.816814394,-7.556249635,0.0));
#5092=CARTESIAN_POINT('',(12.789483831,-7.556249635,0.0));
#5093=CARTESIAN_POINT('',(12.775922865,-7.558544568,0.0));
#5094=ORIENTED_EDGE('',*,*,#5095,.T.);
#5095=EDGE_CURVE('NONE',#5087,#5096,#5098,.F.);
#5096=VERTEX_POINT('NONE',#5097);
#5097=CARTESIAN_POINT('',(12.775922865,-7.558544568,0.001));
#5098=LINE('',#5099,#5100);
#5099=CARTESIAN_POINT('',(12.775922865,-7.558544568,0.001));
#5100=VECTOR('',#5101,1.0);
#5101=DIRECTION('',(0.0,0.0,-1.0));
#5102=ORIENTED_EDGE('',*,*,#5103,.T.);
#5103=EDGE_CURVE('NONE',#5096,#5059,#5104,.F.);
#5104=B_SPLINE_CURVE_WITH_KNOTS('',3,(#5105,#5106,#5107,#5108),.UNSPECIFIED.,.F.,.U.,(4,4),(0.166666667,0.208333333),.PIECEWISE_BEZIER_KNOTS.);
#5105=CARTESIAN_POINT('',(12.832044403,-7.555623744,0.001));
#5106=CARTESIAN_POINT('',(12.816814394,-7.556249635,0.001));
#5107=CARTESIAN_POINT('',(12.789483831,-7.556249635,0.001));
#5108=CARTESIAN_POINT('',(12.775922865,-7.558544568,0.001));
#5109=ORIENTED_EDGE('',*,*,#5058,.F.);
#5110=B_SPLINE_SURFACE_WITH_KNOTS('',3,1,((#5111,#5112),(#5113,#5114),(#5115,#5116),(#5117,#5118)),.UNSPECIFIED.,.F.,.F.,.U.,(4,4),(2,2),(0.166666667,0.208333333),(0.0,1.0),.PIECEWISE_BEZIER_KNOTS.);
#5111=CARTESIAN_POINT('',(12.832044403,-7.555623744,0.001));
#5112=CARTESIAN_POINT('',(12.832044403,-7.555623744,0.0));
#5113=CARTESIAN_POINT('',(12.816814394,-7.556249635,0.001));
#5114=CARTESIAN_POINT('',(12.816814394,-7.556249635,0.0));
#5115=CARTESIAN_POINT('',(12.789483831,-7.556249635,0.001));
#5116=CARTESIAN_POINT('',(12.789483831,-7.556249635,0.0));
#5117=CARTESIAN_POINT('',(12.775922865,-7.558544568,0.001));
#5118=CARTESIAN_POINT('',(12.775922865,-7.558544568,0.0));
#5119=ADVANCED_FACE('NONE',(#5120),#5145,.F.);
#5120=FACE_BOUND('NONE',#5121,.T.);
#5121=EDGE_LOOP('',(#5122,#5130,#5138,#5144));
#5122=ORIENTED_EDGE('',*,*,#5123,.T.);
#5123=EDGE_CURVE('NONE',#5087,#5124,#5126,.T.);
#5124=VERTEX_POINT('NONE',#5125);
#5125=CARTESIAN_POINT('',(12.775922865,-7.969546165,0.0));
#5126=LINE('',#5127,#5128);
#5127=CARTESIAN_POINT('',(12.775922865,0.0,0.0));
#5128=VECTOR('',#5129,1.0);
#5129=DIRECTION('',(0.0,-1.0,0.0));
#5130=ORIENTED_EDGE('',*,*,#5131,.T.);
#5131=EDGE_CURVE('NONE',#5124,#5132,#5134,.F.);
#5132=VERTEX_POINT('NONE',#5133);
#5133=CARTESIAN_POINT('',(12.775922865,-7.969546165,0.001));
#5134=LINE('',#5135,#5136);
#5135=CARTESIAN_POINT('',(12.775922865,-7.969546165,0.001));
#5136=VECTOR('',#5137,1.0);
#5137=DIRECTION('',(0.0,0.0,-1.0));
#5138=ORIENTED_EDGE('',*,*,#5139,.T.);
#5139=EDGE_CURVE('NONE',#5132,#5096,#5140,.F.);
#5140=LINE('',#5141,#5142);
#5141=CARTESIAN_POINT('',(12.775922865,0.0,0.001));
#5142=VECTOR('',#5143,1.0);
#5143=DIRECTION('',(0.0,-1.0,0.0));
#5144=ORIENTED_EDGE('',*,*,#5095,.F.);
#5145=PLANE('',#5146);
#5146=AXIS2_PLACEMENT_3D('',#5147,#5148,#5149);
#5147=CARTESIAN_POINT('',(12.775922865,0.0,0.001));
#5148=DIRECTION('',(1.0,0.0,0.0));
#5149=DIRECTION('',(0.0,0.0,-1.0));
#5150=ADVANCED_FACE('NONE',(#5151),#5176,.F.);
#5151=FACE_BOUND('NONE',#5152,.T.);
#5152=EDGE_LOOP('',(#5153,#5161,#5169,#5175));
#5153=ORIENTED_EDGE('',*,*,#5154,.T.);
#5154=EDGE_CURVE('NONE',#5124,#5155,#5157,.T.);
#5155=VERTEX_POINT('NONE',#5156);
#5156=CARTESIAN_POINT('',(12.914453353,-7.969754795,0.0));
#5157=LINE('',#5158,#5159);
#5158=CARTESIAN_POINT('',(-0.011973324,-7.950287285,0.0));
#5159=VECTOR('',#5160,1.0);
#5160=DIRECTION('',(0.999998866,-0.001506022,0.0));
#5161=ORIENTED_EDGE('',*,*,#5162,.T.);
#5162=EDGE_CURVE('NONE',#5155,#5163,#5165,.F.);
#5163=VERTEX_POINT('NONE',#5164);
#5164=CARTESIAN_POINT('',(12.914453353,-7.969754795,0.001));
#5165=LINE('',#5166,#5167);
#5166=CARTESIAN_POINT('',(12.914453353,-7.969754795,0.001));
#5167=VECTOR('',#5168,1.0);
#5168=DIRECTION('',(0.0,0.0,-1.0));
#5169=ORIENTED_EDGE('',*,*,#5170,.T.);
#5170=EDGE_CURVE('NONE',#5163,#5132,#5171,.F.);
#5171=LINE('',#5172,#5173);
#5172=CARTESIAN_POINT('',(-0.011973324,-7.950287285,0.001));
#5173=VECTOR('',#5174,1.0);
#5174=DIRECTION('',(0.999998866,-0.001506022,0.0));
#5175=ORIENTED_EDGE('',*,*,#5131,.F.);
#5176=PLANE('',#5177);
#5177=AXIS2_PLACEMENT_3D('',#5178,#5179,#5180);
#5178=CARTESIAN_POINT('',(-0.011973324,-7.950287285,0.001));
#5179=DIRECTION('',(0.001506022,0.999998866,0.0));
#5180=DIRECTION('',(-0.999998866,0.001506022,0.0));
#5181=ADVANCED_FACE('NONE',(#5182),#5209,.F.);
#5182=FACE_BOUND('NONE',#5183,.T.);
#5183=EDGE_LOOP('',(#5184,#5193,#5201,#5208));
#5184=ORIENTED_EDGE('',*,*,#5185,.T.);
#5185=EDGE_CURVE('NONE',#5155,#5186,#5188,.T.);
#5186=VERTEX_POINT('NONE',#5187);
#5187=CARTESIAN_POINT('',(12.914870613,-7.627392551,0.0));
#5188=B_SPLINE_CURVE_WITH_KNOTS('',3,(#5189,#5190,#5191,#5192),.UNSPECIFIED.,.F.,.U.,(4,4),(0.291666667,0.333333333),.PIECEWISE_BEZIER_KNOTS.);
#5189=CARTESIAN_POINT('',(12.914453353,-7.969754795,0.0));
#5190=CARTESIAN_POINT('',(12.914453353,-7.952021224,0.0));
#5191=CARTESIAN_POINT('',(12.913201571,-7.637198173,0.0));
#5192=CARTESIAN_POINT('',(12.914870613,-7.627392551,0.0));
#5193=ORIENTED_EDGE('',*,*,#5194,.T.);
#5194=EDGE_CURVE('NONE',#5186,#5195,#5197,.F.);
#5195=VERTEX_POINT('NONE',#5196);
#5196=CARTESIAN_POINT('',(12.914870613,-7.627392551,0.001));
#5197=LINE('',#5198,#5199);
#5198=CARTESIAN_POINT('',(12.914870613,-7.627392551,0.001));
#5199=VECTOR('',#5200,1.0);
#5200=DIRECTION('',(0.0,0.0,-1.0));
#5201=ORIENTED_EDGE('',*,*,#5202,.T.);
#5202=EDGE_CURVE('NONE',#5195,#5163,#5203,.F.);
#5203=B_SPLINE_CURVE_WITH_KNOTS('',3,(#5204,#5205,#5206,#5207),.UNSPECIFIED.,.F.,.U.,(4,4),(0.291666667,0.333333333),.PIECEWISE_BEZIER_KNOTS.);
#5204=CARTESIAN_POINT('',(12.914453353,-7.969754795,0.001));
#5205=CARTESIAN_POINT('',(12.914453353,-7.952021224,0.001));
#5206=CARTESIAN_POINT('',(12.913201571,-7.637198173,0.001));
#5207=CARTESIAN_POINT('',(12.914870613,-7.627392551,0.001));
#5208=ORIENTED_EDGE('',*,*,#5162,.F.);
#5209=B_SPLINE_SURFACE_WITH_KNOTS('',3,1,((#5210,#5211),(#5212,#5213),(#5214,#5215),(#5216,#5217)),.UNSPECIFIED.,.F.,.F.,.U.,(4,4),(2,2),(0.291666667,0.333333333),(0.0,1.0),.PIECEWISE_BEZIER_KNOTS.);
#5210=CARTESIAN_POINT('',(12.914453353,-7.969754795,0.001));
#5211=CARTESIAN_POINT('',(12.914453353,-7.969754795,0.0));
#5212=CARTESIAN_POINT('',(12.914453353,-7.952021224,0.001));
#5213=CARTESIAN_POINT('',(12.914453353,-7.952021224,0.0));
#5214=CARTESIAN_POINT('',(12.913201571,-7.637198173,0.001));
#5215=CARTESIAN_POINT('',(12.913201571,-7.637198173,0.0));
#5216=CARTESIAN_POINT('',(12.914870613,-7.627392551,0.001));
#5217=CARTESIAN_POINT('',(12.914870613,-7.627392551,0.0));
#5218=ADVANCED_FACE('NONE',(#5219),#5246,.F.);
#5219=FACE_BOUND('NONE',#5220,.T.);
#5220=EDGE_LOOP('',(#5221,#5230,#5238,#5245));
#5221=ORIENTED_EDGE('',*,*,#5222,.T.);
#5222=EDGE_CURVE('NONE',#5186,#5223,#5225,.T.);
#5223=VERTEX_POINT('NONE',#5224);
#5224=CARTESIAN_POINT('',(12.962438311,-7.616961038,0.0));
#5225=B_SPLINE_CURVE_WITH_KNOTS('',3,(#5226,#5227,#5228,#5229),.UNSPECIFIED.,.F.,.U.,(4,4),(0.333333333,0.375),.PIECEWISE_BEZIER_KNOTS.);
#5226=CARTESIAN_POINT('',(12.914870613,-7.627392551,0.0));
#5227=CARTESIAN_POINT('',(12.917165546,-7.614457475,0.0));
#5228=CARTESIAN_POINT('',(12.939697613,-7.617378299,0.0));
#5229=CARTESIAN_POINT('',(12.962438311,-7.616961038,0.0));
#5230=ORIENTED_EDGE('',*,*,#5231,.T.);
#5231=EDGE_CURVE('NONE',#5223,#5232,#5234,.F.);
#5232=VERTEX_POINT('NONE',#5233);
#5233=CARTESIAN_POINT('',(12.962438311,-7.616961038,0.001));
#5234=LINE('',#5235,#5236);
#5235=CARTESIAN_POINT('',(12.962438311,-7.616961038,0.001));
#5236=VECTOR('',#5237,1.0);
#5237=DIRECTION('',(0.0,0.0,-1.0));
#5238=ORIENTED_EDGE('',*,*,#5239,.T.);
#5239=EDGE_CURVE('NONE',#5232,#5195,#5240,.F.);
#5240=B_SPLINE_CURVE_WITH_KNOTS('',3,(#5241,#5242,#5243,#5244),.UNSPECIFIED.,.F.,.U.,(4,4),(0.333333333,0.375),.PIECEWISE_BEZIER_KNOTS.);
#5241=CARTESIAN_POINT('',(12.914870613,-7.627392551,0.001));
#5242=CARTESIAN_POINT('',(12.917165546,-7.614457475,0.001));
#5243=CARTESIAN_POINT('',(12.939697613,-7.617378299,0.001));
#5244=CARTESIAN_POINT('',(12.962438311,-7.616961038,0.001));
#5245=ORIENTED_EDGE('',*,*,#5194,.F.);
#5246=B_SPLINE_SURFACE_WITH_KNOTS('',3,1,((#5247,#5248),(#5249,#5250),(#5251,#5252),(#5253,#5254)),.UNSPECIFIED.,.F.,.F.,.U.,(4,4),(2,2),(0.333333333,0.375),(0.0,1.0),.PIECEWISE_BEZIER_KNOTS.);
#5247=CARTESIAN_POINT('',(12.914870613,-7.627392551,0.001));
#5248=CARTESIAN_POINT('',(12.914870613,-7.627392551,0.0));
#5249=CARTESIAN_POINT('',(12.917165546,-7.614457475,0.001));
#5250=CARTESIAN_POINT('',(12.917165546,-7.614457475,0.0));
#5251=CARTESIAN_POINT('',(12.939697613,-7.617378299,0.001));
#5252=CARTESIAN_POINT('',(12.939697613,-7.617378299,0.0));
#5253=CARTESIAN_POINT('',(12.962438311,-7.616961038,0.001));
#5254=CARTESIAN_POINT('',(12.962438311,-7.616961038,0.0));
#5255=ADVANCED_FACE('NONE',(#5256),#5283,.F.);
#5256=FACE_BOUND('NONE',#5257,.T.);
#5257=EDGE_LOOP('',(#5258,#5267,#5275,#5282));
#5258=ORIENTED_EDGE('',*,*,#5259,.T.);
#5259=EDGE_CURVE('NONE',#5223,#5260,#5262,.T.);
#5260=VERTEX_POINT('NONE',#5261);
#5261=CARTESIAN_POINT('',(13.010214638,-7.62614077,0.0));
#5262=B_SPLINE_CURVE_WITH_KNOTS('',3,(#5263,#5264,#5265,#5266),.UNSPECIFIED.,.F.,.U.,(4,4),(0.375,0.416666667),.PIECEWISE_BEZIER_KNOTS.);
#5263=CARTESIAN_POINT('',(12.962438311,-7.616961038,0.0));
#5264=CARTESIAN_POINT('',(12.985387638,-7.616335148,0.0));
#5265=CARTESIAN_POINT('',(13.007293815,-7.612788433,0.0));
#5266=CARTESIAN_POINT('',(13.010214638,-7.62614077,0.0));
#5267=ORIENTED_EDGE('',*,*,#5268,.T.);
#5268=EDGE_CURVE('NONE',#5260,#5269,#5271,.F.);
#5269=VERTEX_POINT('NONE',#5270);
#5270=CARTESIAN_POINT('',(13.010214638,-7.62614077,0.001));
#5271=LINE('',#5272,#5273);
#5272=CARTESIAN_POINT('',(13.010214638,-7.62614077,0.001));
#5273=VECTOR('',#5274,1.0);
#5274=DIRECTION('',(0.0,0.0,-1.0));
#5275=ORIENTED_EDGE('',*,*,#5276,.T.);
#5276=EDGE_CURVE('NONE',#5269,#5232,#5277,.F.);
#5277=B_SPLINE_CURVE_WITH_KNOTS('',3,(#5278,#5279,#5280,#5281),.UNSPECIFIED.,.F.,.U.,(4,4),(0.375,0.416666667),.PIECEWISE_BEZIER_KNOTS.);
#5278=CARTESIAN_POINT('',(12.962438311,-7.616961038,0.001));
#5279=CARTESIAN_POINT('',(12.985387638,-7.616335148,0.001));
#5280=CARTESIAN_POINT('',(13.007293815,-7.612788433,0.001));
#5281=CARTESIAN_POINT('',(13.010214638,-7.62614077,0.001));
#5282=ORIENTED_EDGE('',*,*,#5231,.F.);
#5283=B_SPLINE_SURFACE_WITH_KNOTS('',3,1,((#5284,#5285),(#5286,#5287),(#5288,#5289),(#5290,#5291)),.UNSPECIFIED.,.F.,.F.,.U.,(4,4),(2,2),(0.375,0.416666667),(0.0,1.0),.PIECEWISE_BEZIER_KNOTS.);
#5284=CARTESIAN_POINT('',(12.962438311,-7.616961038,0.001));
#5285=CARTESIAN_POINT('',(12.962438311,-7.616961038,0.0));
#5286=CARTESIAN_POINT('',(12.985387638,-7.616335148,0.001));
#5287=CARTESIAN_POINT('',(12.985387638,-7.616335148,0.0));
#5288=CARTESIAN_POINT('',(13.007293815,-7.612788433,0.001));
#5289=CARTESIAN_POINT('',(13.007293815,-7.612788433,0.0));
#5290=CARTESIAN_POINT('',(13.010214638,-7.62614077,0.001));
#5291=CARTESIAN_POINT('',(13.010214638,-7.62614077,0.0));
#5292=ADVANCED_FACE('NONE',(#5293),#5320,.F.);
#5293=FACE_BOUND('NONE',#5294,.T.);
#5294=EDGE_LOOP('',(#5295,#5304,#5312,#5319));
#5295=ORIENTED_EDGE('',*,*,#5296,.T.);
#5296=EDGE_CURVE('NONE',#5260,#5297,#5299,.T.);
#5297=VERTEX_POINT('NONE',#5298);
#5298=CARTESIAN_POINT('',(13.010423269,-7.969546165,0.0));
#5299=B_SPLINE_CURVE_WITH_KNOTS('',3,(#5300,#5301,#5302,#5303),.UNSPECIFIED.,.F.,.U.,(4,4),(0.416666667,0.458333333),.PIECEWISE_BEZIER_KNOTS.);
#5300=CARTESIAN_POINT('',(13.010214638,-7.62614077,0.0));
#5301=CARTESIAN_POINT('',(13.01188368,-7.634277349,0.0));
#5302=CARTESIAN_POINT('',(13.010423269,-7.953064375,0.0));
#5303=CARTESIAN_POINT('',(13.010423269,-7.969546165,0.0));
#5304=ORIENTED_EDGE('',*,*,#5305,.T.);
#5305=EDGE_CURVE('NONE',#5297,#5306,#5308,.F.);
#5306=VERTEX_POINT('NONE',#5307);
#5307=CARTESIAN_POINT('',(13.010423269,-7.969546165,0.001));
#5308=LINE('',#5309,#5310);
#5309=CARTESIAN_POINT('',(13.010423269,-7.969546165,0.001));
#5310=VECTOR('',#5311,1.0);
#5311=DIRECTION('',(0.0,0.0,-1.0));
#5312=ORIENTED_EDGE('',*,*,#5313,.T.);
#5313=EDGE_CURVE('NONE',#5306,#5269,#5314,.F.);
#5314=B_SPLINE_CURVE_WITH_KNOTS('',3,(#5315,#5316,#5317,#5318),.UNSPECIFIED.,.F.,.U.,(4,4),(0.416666667,0.458333333),.PIECEWISE_BEZIER_KNOTS.);
#5315=CARTESIAN_POINT('',(13.010214638,-7.62614077,0.001));
#5316=CARTESIAN_POINT('',(13.01188368,-7.634277349,0.001));
#5317=CARTESIAN_POINT('',(13.010423269,-7.953064375,0.001));
#5318=CARTESIAN_POINT('',(13.010423269,-7.969546165,0.001));
#5319=ORIENTED_EDGE('',*,*,#5268,.F.);
#5320=B_SPLINE_SURFACE_WITH_KNOTS('',3,1,((#5321,#5322),(#5323,#5324),(#5325,#5326),(#5327,#5328)),.UNSPECIFIED.,.F.,.F.,.U.,(4,4),(2,2),(0.416666667,0.458333333),(0.0,1.0),.PIECEWISE_BEZIER_KNOTS.);
#5321=CARTESIAN_POINT('',(13.010214638,-7.62614077,0.001));
#5322=CARTESIAN_POINT('',(13.010214638,-7.62614077,0.0));
#5323=CARTESIAN_POINT('',(13.01188368,-7.634277349,0.001));
#5324=CARTESIAN_POINT('',(13.01188368,-7.634277349,0.0));
#5325=CARTESIAN_POINT('',(13.010423269,-7.953064375,0.001));
#5326=CARTESIAN_POINT('',(13.010423269,-7.953064375,0.0));
#5327=CARTESIAN_POINT('',(13.010423269,-7.969546165,0.001));
#5328=CARTESIAN_POINT('',(13.010423269,-7.969546165,0.0));
#5329=ADVANCED_FACE('NONE',(#5330),#5355,.F.);
#5330=FACE_BOUND('NONE',#5331,.T.);
#5331=EDGE_LOOP('',(#5332,#5340,#5348,#5354));
#5332=ORIENTED_EDGE('',*,*,#5333,.T.);
#5333=EDGE_CURVE('NONE',#5297,#5334,#5336,.T.);
#5334=VERTEX_POINT('NONE',#5335);
#5335=CARTESIAN_POINT('',(13.149579647,-7.969546165,0.0));
#5336=LINE('',#5337,#5338);
#5337=CARTESIAN_POINT('',(0.0,-7.969546165,0.0));
#5338=VECTOR('',#5339,1.0);
#5339=DIRECTION('',(1.0,0.0,0.0));
#5340=ORIENTED_EDGE('',*,*,#5341,.T.);
#5341=EDGE_CURVE('NONE',#5334,#5342,#5344,.F.);
#5342=VERTEX_POINT('NONE',#5343);
#5343=CARTESIAN_POINT('',(13.149579647,-7.969546165,0.001));
#5344=LINE('',#5345,#5346);
#5345=CARTESIAN_POINT('',(13.149579647,-7.969546165,0.001));
#5346=VECTOR('',#5347,1.0);
#5347=DIRECTION('',(0.0,0.0,-1.0));
#5348=ORIENTED_EDGE('',*,*,#5349,.T.);
#5349=EDGE_CURVE('NONE',#5342,#5306,#5350,.F.);
#5350=LINE('',#5351,#5352);
#5351=CARTESIAN_POINT('',(0.0,-7.969546165,0.001));
#5352=VECTOR('',#5353,1.0);
#5353=DIRECTION('',(1.0,0.0,0.0));
#5354=ORIENTED_EDGE('',*,*,#5305,.F.);
#5355=PLANE('',#5356);
#5356=AXIS2_PLACEMENT_3D('',#5357,#5358,#5359);
#5357=CARTESIAN_POINT('',(0.0,-7.969546165,0.001));
#5358=DIRECTION('',(0.0,1.0,0.0));
#5359=DIRECTION('',(0.0,0.0,1.0));
#5360=ADVANCED_FACE('NONE',(#5361),#5388,.F.);
#5361=FACE_BOUND('NONE',#5362,.T.);
#5362=EDGE_LOOP('',(#5363,#5372,#5380,#5387));
#5363=ORIENTED_EDGE('',*,*,#5364,.T.);
#5364=EDGE_CURVE('NONE',#5334,#5365,#5367,.T.);
#5365=VERTEX_POINT('NONE',#5366);
#5366=CARTESIAN_POINT('',(13.149788277,-7.625932139,0.0));
#5367=B_SPLINE_CURVE_WITH_KNOTS('',3,(#5368,#5369,#5370,#5371),.UNSPECIFIED.,.F.,.U.,(4,4),(0.5,0.541666667),.PIECEWISE_BEZIER_KNOTS.);
#5368=CARTESIAN_POINT('',(13.149579647,-7.969546165,0.0));
#5369=CARTESIAN_POINT('',(13.149579647,-7.953064375,0.0));
#5370=CARTESIAN_POINT('',(13.148119235,-7.63448598,0.0));
#5371=CARTESIAN_POINT('',(13.149788277,-7.625932139,0.0));
#5372=ORIENTED_EDGE('',*,*,#5373,.T.);
#5373=EDGE_CURVE('NONE',#5365,#5374,#5376,.F.);
#5374=VERTEX_POINT('NONE',#5375);
#5375=CARTESIAN_POINT('',(13.149788277,-7.625932139,0.001));
#5376=LINE('',#5377,#5378);
#5377=CARTESIAN_POINT('',(13.149788277,-7.625932139,0.001));
#5378=VECTOR('',#5379,1.0);
#5379=DIRECTION('',(0.0,0.0,-1.0));
#5380=ORIENTED_EDGE('',*,*,#5381,.T.);
#5381=EDGE_CURVE('NONE',#5374,#5342,#5382,.F.);
#5382=B_SPLINE_CURVE_WITH_KNOTS('',3,(#5383,#5384,#5385,#5386),.UNSPECIFIED.,.F.,.U.,(4,4),(0.5,0.541666667),.PIECEWISE_BEZIER_KNOTS.);
#5383=CARTESIAN_POINT('',(13.149579647,-7.969546165,0.001));
#5384=CARTESIAN_POINT('',(13.149579647,-7.953064375,0.001));
#5385=CARTESIAN_POINT('',(13.148119235,-7.63448598,0.001));
#5386=CARTESIAN_POINT('',(13.149788277,-7.625932139,0.001));
#5387=ORIENTED_EDGE('',*,*,#5341,.F.);
#5388=B_SPLINE_SURFACE_WITH_KNOTS('',3,1,((#5389,#5390),(#5391,#5392),(#5393,#5394),(#5395,#5396)),.UNSPECIFIED.,.F.,.F.,.U.,(4,4),(2,2),(0.5,0.541666667),(0.0,1.0),.PIECEWISE_BEZIER_KNOTS.);
#5389=CARTESIAN_POINT('',(13.149579647,-7.969546165,0.001));
#5390=CARTESIAN_POINT('',(13.149579647,-7.969546165,0.0));
#5391=CARTESIAN_POINT('',(13.149579647,-7.953064375,0.001));
#5392=CARTESIAN_POINT('',(13.149579647,-7.953064375,0.0));
#5393=CARTESIAN_POINT('',(13.148119235,-7.63448598,0.001));
#5394=CARTESIAN_POINT('',(13.148119235,-7.63448598,0.0));
#5395=CARTESIAN_POINT('',(13.149788277,-7.625932139,0.001));
#5396=CARTESIAN_POINT('',(13.149788277,-7.625932139,0.0));
#5397=ADVANCED_FACE('NONE',(#5398),#5425,.F.);
#5398=FACE_BOUND('NONE',#5399,.T.);
#5399=EDGE_LOOP('',(#5400,#5409,#5417,#5424));
#5400=ORIENTED_EDGE('',*,*,#5401,.T.);
#5401=EDGE_CURVE('NONE',#5365,#5402,#5404,.T.);
#5402=VERTEX_POINT('NONE',#5403);
#5403=CARTESIAN_POINT('',(13.16877363,-7.616335148,0.0));
#5404=B_SPLINE_CURVE_WITH_KNOTS('',3,(#5405,#5406,#5407,#5408),.UNSPECIFIED.,.F.,.U.,(4,4),(0.541666667,0.583333333),.PIECEWISE_BEZIER_KNOTS.);
#5405=CARTESIAN_POINT('',(13.149788277,-7.625932139,0.0));
#5406=CARTESIAN_POINT('',(13.151040059,-7.617586929,0.0));
#5407=CARTESIAN_POINT('',(13.158342118,-7.616335148,0.0));
#5408=CARTESIAN_POINT('',(13.16877363,-7.616335148,0.0));
#5409=ORIENTED_EDGE('',*,*,#5410,.T.);
#5410=EDGE_CURVE('NONE',#5402,#5411,#5413,.F.);
#5411=VERTEX_POINT('NONE',#5412);
#5412=CARTESIAN_POINT('',(13.16877363,-7.616335148,0.001));
#5413=LINE('',#5414,#5415);
#5414=CARTESIAN_POINT('',(13.16877363,-7.616335148,0.001));
#5415=VECTOR('',#5416,1.0);
#5416=DIRECTION('',(0.0,0.0,-1.0));
#5417=ORIENTED_EDGE('',*,*,#5418,.T.);
#5418=EDGE_CURVE('NONE',#5411,#5374,#5419,.F.);
#5419=B_SPLINE_CURVE_WITH_KNOTS('',3,(#5420,#5421,#5422,#5423),.UNSPECIFIED.,.F.,.U.,(4,4),(0.541666667,0.583333333),.PIECEWISE_BEZIER_KNOTS.);
#5420=CARTESIAN_POINT('',(13.149788277,-7.625932139,0.001));
#5421=CARTESIAN_POINT('',(13.151040059,-7.617586929,0.001));
#5422=CARTESIAN_POINT('',(13.158342118,-7.616335148,0.001));
#5423=CARTESIAN_POINT('',(13.16877363,-7.616335148,0.001));
#5424=ORIENTED_EDGE('',*,*,#5373,.F.);
#5425=B_SPLINE_SURFACE_WITH_KNOTS('',3,1,((#5426,#5427),(#5428,#5429),(#5430,#5431),(#5432,#5433)),.UNSPECIFIED.,.F.,.F.,.U.,(4,4),(2,2),(0.541666667,0.583333333),(0.0,1.0),.PIECEWISE_BEZIER_KNOTS.);
#5426=CARTESIAN_POINT('',(13.149788277,-7.625932139,0.001));
#5427=CARTESIAN_POINT('',(13.149788277,-7.625932139,0.0));
#5428=CARTESIAN_POINT('',(13.151040059,-7.617586929,0.001));
#5429=CARTESIAN_POINT('',(13.151040059,-7.617586929,0.0));
#5430=CARTESIAN_POINT('',(13.158342118,-7.616335148,0.001));
#5431=CARTESIAN_POINT('',(13.158342118,-7.616335148,0.0));
#5432=CARTESIAN_POINT('',(13.16877363,-7.616335148,0.001));
#5433=CARTESIAN_POINT('',(13.16877363,-7.616335148,0.0));
#5434=ADVANCED_FACE('NONE',(#5435),#5462,.F.);
#5435=FACE_BOUND('NONE',#5436,.T.);
#5436=EDGE_LOOP('',(#5437,#5446,#5454,#5461));
#5437=ORIENTED_EDGE('',*,*,#5438,.T.);
#5438=EDGE_CURVE('NONE',#5402,#5439,#5441,.T.);
#5439=VERTEX_POINT('NONE',#5440);
#5440=CARTESIAN_POINT('',(13.249513538,-7.673499837,0.0));
#5441=B_SPLINE_CURVE_WITH_KNOTS('',3,(#5442,#5443,#5444,#5445),.UNSPECIFIED.,.F.,.U.,(4,4),(0.583333333,0.625),.PIECEWISE_BEZIER_KNOTS.);
#5442=CARTESIAN_POINT('',(13.16877363,-7.616335148,0.0));
#5443=CARTESIAN_POINT('',(13.231571336,-7.616543778,0.0));
#5444=CARTESIAN_POINT('',(13.249096277,-7.620507753,0.0));
#5445=CARTESIAN_POINT('',(13.249513538,-7.673499837,0.0));
#5446=ORIENTED_EDGE('',*,*,#5447,.T.);
#5447=EDGE_CURVE('NONE',#5439,#5448,#5450,.F.);
#5448=VERTEX_POINT('NONE',#5449);
#5449=CARTESIAN_POINT('',(13.249513538,-7.673499837,0.001));
#5450=LINE('',#5451,#5452);
#5451=CARTESIAN_POINT('',(13.249513538,-7.673499837,0.001));
#5452=VECTOR('',#5453,1.0);
#5453=DIRECTION('',(0.0,0.0,-1.0));
#5454=ORIENTED_EDGE('',*,*,#5455,.T.);
#5455=EDGE_CURVE('NONE',#5448,#5411,#5456,.F.);
#5456=B_SPLINE_CURVE_WITH_KNOTS('',3,(#5457,#5458,#5459,#5460),.UNSPECIFIED.,.F.,.U.,(4,4),(0.583333333,0.625),.PIECEWISE_BEZIER_KNOTS.);
#5457=CARTESIAN_POINT('',(13.16877363,-7.616335148,0.001));
#5458=CARTESIAN_POINT('',(13.231571336,-7.616543778,0.001));
#5459=CARTESIAN_POINT('',(13.249096277,-7.620507753,0.001));
#5460=CARTESIAN_POINT('',(13.249513538,-7.673499837,0.001));
#5461=ORIENTED_EDGE('',*,*,#5410,.F.);
#5462=B_SPLINE_SURFACE_WITH_KNOTS('',3,1,((#5463,#5464),(#5465,#5466),(#5467,#5468),(#5469,#5470)),.UNSPECIFIED.,.F.,.F.,.U.,(4,4),(2,2),(0.583333333,0.625),(0.0,1.0),.PIECEWISE_BEZIER_KNOTS.);
#5463=CARTESIAN_POINT('',(13.16877363,-7.616335148,0.001));
#5464=CARTESIAN_POINT('',(13.16877363,-7.616335148,0.0));
#5465=CARTESIAN_POINT('',(13.231571336,-7.616543778,0.001));
#5466=CARTESIAN_POINT('',(13.231571336,-7.616543778,0.0));
#5467=CARTESIAN_POINT('',(13.249096277,-7.620507753,0.001));
#5468=CARTESIAN_POINT('',(13.249096277,-7.620507753,0.0));
#5469=CARTESIAN_POINT('',(13.249513538,-7.673499837,0.001));
#5470=CARTESIAN_POINT('',(13.249513538,-7.673499837,0.0));
#5471=ADVANCED_FACE('NONE',(#5472),#5499,.F.);
#5472=FACE_BOUND('NONE',#5473,.T.);
#5473=EDGE_LOOP('',(#5474,#5483,#5491,#5498));
#5474=ORIENTED_EDGE('',*,*,#5475,.T.);
#5475=EDGE_CURVE('NONE',#5439,#5476,#5478,.T.);
#5476=VERTEX_POINT('NONE',#5477);
#5477=CARTESIAN_POINT('',(13.249513538,-7.969754795,0.0));
#5478=B_SPLINE_CURVE_WITH_KNOTS('',3,(#5479,#5480,#5481,#5482),.UNSPECIFIED.,.F.,.U.,(4,4),(0.625,0.666666667),.PIECEWISE_BEZIER_KNOTS.);
#5479=CARTESIAN_POINT('',(13.249513538,-7.673499837,0.0));
#5480=CARTESIAN_POINT('',(13.250556689,-7.771138795,0.0));
#5481=CARTESIAN_POINT('',(13.249513538,-7.871907207,0.0));
#5482=CARTESIAN_POINT('',(13.249513538,-7.969754795,0.0));
#5483=ORIENTED_EDGE('',*,*,#5484,.T.);
#5484=EDGE_CURVE('NONE',#5476,#5485,#5487,.F.);
#5485=VERTEX_POINT('NONE',#5486);
#5486=CARTESIAN_POINT('',(13.249513538,-7.969754795,0.001));
#5487=LINE('',#5488,#5489);
#5488=CARTESIAN_POINT('',(13.249513538,-7.969754795,0.001));
#5489=VECTOR('',#5490,1.0);
#5490=DIRECTION('',(0.0,0.0,-1.0));
#5491=ORIENTED_EDGE('',*,*,#5492,.T.);
#5492=EDGE_CURVE('NONE',#5485,#5448,#5493,.F.);
#5493=B_SPLINE_CURVE_WITH_KNOTS('',3,(#5494,#5495,#5496,#5497),.UNSPECIFIED.,.F.,.U.,(4,4),(0.625,0.666666667),.PIECEWISE_BEZIER_KNOTS.);
#5494=CARTESIAN_POINT('',(13.249513538,-7.673499837,0.001));
#5495=CARTESIAN_POINT('',(13.250556689,-7.771138795,0.001));
#5496=CARTESIAN_POINT('',(13.249513538,-7.871907207,0.001));
#5497=CARTESIAN_POINT('',(13.249513538,-7.969754795,0.001));
#5498=ORIENTED_EDGE('',*,*,#5447,.F.);
#5499=B_SPLINE_SURFACE_WITH_KNOTS('',3,1,((#5500,#5501),(#5502,#5503),(#5504,#5505),(#5506,#5507)),.UNSPECIFIED.,.F.,.F.,.U.,(4,4),(2,2),(0.625,0.666666667),(0.0,1.0),.PIECEWISE_BEZIER_KNOTS.);
#5500=CARTESIAN_POINT('',(13.249513538,-7.673499837,0.001));
#5501=CARTESIAN_POINT('',(13.249513538,-7.673499837,0.0));
#5502=CARTESIAN_POINT('',(13.250556689,-7.771138795,0.001));
#5503=CARTESIAN_POINT('',(13.250556689,-7.771138795,0.0));
#5504=CARTESIAN_POINT('',(13.249513538,-7.871907207,0.001));
#5505=CARTESIAN_POINT('',(13.249513538,-7.871907207,0.0));
#5506=CARTESIAN_POINT('',(13.249513538,-7.969754795,0.001));
#5507=CARTESIAN_POINT('',(13.249513538,-7.969754795,0.0));
#5508=ADVANCED_FACE('NONE',(#5509),#5534,.F.);
#5509=FACE_BOUND('NONE',#5510,.T.);
#5510=EDGE_LOOP('',(#5511,#5519,#5527,#5533));
#5511=ORIENTED_EDGE('',*,*,#5512,.T.);
#5512=EDGE_CURVE('NONE',#5476,#5513,#5515,.T.);
#5513=VERTEX_POINT('NONE',#5514);
#5514=CARTESIAN_POINT('',(13.388252656,-7.969754795,0.0));
#5515=LINE('',#5516,#5517);
#5516=CARTESIAN_POINT('',(0.0,-7.969754795,0.0));
#5517=VECTOR('',#5518,1.0);
#5518=DIRECTION('',(1.0,0.0,0.0));
#5519=ORIENTED_EDGE('',*,*,#5520,.T.);
#5520=EDGE_CURVE('NONE',#5513,#5521,#5523,.F.);
#5521=VERTEX_POINT('NONE',#5522);
#5522=CARTESIAN_POINT('',(13.388252656,-7.969754795,0.001));
#5523=LINE('',#5524,#5525);
#5524=CARTESIAN_POINT('',(13.388252656,-7.969754795,0.001));
#5525=VECTOR('',#5526,1.0);
#5526=DIRECTION('',(0.0,0.0,-1.0));
#5527=ORIENTED_EDGE('',*,*,#5528,.T.);
#5528=EDGE_CURVE('NONE',#5521,#5485,#5529,.F.);
#5529=LINE('',#5530,#5531);
#5530=CARTESIAN_POINT('',(0.0,-7.969754795,0.001));
#5531=VECTOR('',#5532,1.0);
#5532=DIRECTION('',(1.0,0.0,0.0));
#5533=ORIENTED_EDGE('',*,*,#5484,.F.);
#5534=PLANE('',#5535);
#5535=AXIS2_PLACEMENT_3D('',#5536,#5537,#5538);
#5536=CARTESIAN_POINT('',(0.0,-7.969754795,0.001));
#5537=DIRECTION('',(0.0,1.0,0.0));
#5538=DIRECTION('',(0.0,0.0,1.0));
#5539=ADVANCED_FACE('NONE',(#5540),#5565,.F.);
#5540=FACE_BOUND('NONE',#5541,.T.);
#5541=EDGE_LOOP('',(#5542,#5550,#5558,#5564));
#5542=ORIENTED_EDGE('',*,*,#5543,.T.);
#5543=EDGE_CURVE('NONE',#5513,#5544,#5546,.T.);
#5544=VERTEX_POINT('NONE',#5545);
#5545=CARTESIAN_POINT('',(13.388252656,-7.745268644,0.0));
#5546=LINE('',#5547,#5548);
#5547=CARTESIAN_POINT('',(13.388252656,0.0,0.0));
#5548=VECTOR('',#5549,1.0);
#5549=DIRECTION('',(0.0,1.0,0.0));
#5550=ORIENTED_EDGE('',*,*,#5551,.T.);
#5551=EDGE_CURVE('NONE',#5544,#5552,#5554,.F.);
#5552=VERTEX_POINT('NONE',#5553);
#5553=CARTESIAN_POINT('',(13.388252656,-7.745268644,0.001));
#5554=LINE('',#5555,#5556);
#5555=CARTESIAN_POINT('',(13.388252656,-7.745268644,0.001));
#5556=VECTOR('',#5557,1.0);
#5557=DIRECTION('',(0.0,0.0,-1.0));
#5558=ORIENTED_EDGE('',*,*,#5559,.T.);
#5559=EDGE_CURVE('NONE',#5552,#5521,#5560,.F.);
#5560=LINE('',#5561,#5562);
#5561=CARTESIAN_POINT('',(13.388252656,0.0,0.001));
#5562=VECTOR('',#5563,1.0);
#5563=DIRECTION('',(0.0,1.0,0.0));
#5564=ORIENTED_EDGE('',*,*,#5520,.F.);
#5565=PLANE('',#5566);
#5566=AXIS2_PLACEMENT_3D('',#5567,#5568,#5569);
#5567=CARTESIAN_POINT('',(13.388252656,0.0,0.001));
#5568=DIRECTION('',(-1.0,0.0,0.0));
#5569=DIRECTION('',(0.0,0.0,1.0));
#5570=ADVANCED_FACE('NONE',(#5571),#5598,.F.);
#5571=FACE_BOUND('NONE',#5572,.T.);
#5572=EDGE_LOOP('',(#5573,#5582,#5590,#5597));
#5573=ORIENTED_EDGE('',*,*,#5574,.T.);
#5574=EDGE_CURVE('NONE',#5544,#5575,#5577,.T.);
#5575=VERTEX_POINT('NONE',#5576);
#5576=CARTESIAN_POINT('',(13.323368647,-7.574609097,0.0));
#5577=B_SPLINE_CURVE_WITH_KNOTS('',3,(#5578,#5579,#5580,#5581),.UNSPECIFIED.,.F.,.U.,(4,4),(0.75,0.791666667),.PIECEWISE_BEZIER_KNOTS.);
#5578=CARTESIAN_POINT('',(13.388252656,-7.745268644,0.0));
#5579=CARTESIAN_POINT('',(13.388252656,-7.672665316,0.0));
#5580=CARTESIAN_POINT('',(13.400561841,-7.611328022,0.0));
#5581=CARTESIAN_POINT('',(13.323368647,-7.574609097,0.0));
#5582=ORIENTED_EDGE('',*,*,#5583,.T.);
#5583=EDGE_CURVE('NONE',#5575,#5584,#5586,.F.);
#5584=VERTEX_POINT('NONE',#5585);
#5585=CARTESIAN_POINT('',(13.323368647,-7.574609097,0.001));
#5586=LINE('',#5587,#5588);
#5587=CARTESIAN_POINT('',(13.323368647,-7.574609097,0.001));
#5588=VECTOR('',#5589,1.0);
#5589=DIRECTION('',(0.0,0.0,-1.0));
#5590=ORIENTED_EDGE('',*,*,#5591,.T.);
#5591=EDGE_CURVE('NONE',#5584,#5552,#5592,.F.);
#5592=B_SPLINE_CURVE_WITH_KNOTS('',3,(#5593,#5594,#5595,#5596),.UNSPECIFIED.,.F.,.U.,(4,4),(0.75,0.791666667),.PIECEWISE_BEZIER_KNOTS.);
#5593=CARTESIAN_POINT('',(13.388252656,-7.745268644,0.001));
#5594=CARTESIAN_POINT('',(13.388252656,-7.672665316,0.001));
#5595=CARTESIAN_POINT('',(13.400561841,-7.611328022,0.001));
#5596=CARTESIAN_POINT('',(13.323368647,-7.574609097,0.001));
#5597=ORIENTED_EDGE('',*,*,#5551,.F.);
#5598=B_SPLINE_SURFACE_WITH_KNOTS('',3,1,((#5599,#5600),(#5601,#5602),(#5603,#5604),(#5605,#5606)),.UNSPECIFIED.,.F.,.F.,.U.,(4,4),(2,2),(0.75,0.791666667),(0.0,1.0),.PIECEWISE_BEZIER_KNOTS.);
#5599=CARTESIAN_POINT('',(13.388252656,-7.745268644,0.001));
#5600=CARTESIAN_POINT('',(13.388252656,-7.745268644,0.0));
#5601=CARTESIAN_POINT('',(13.388252656,-7.672665316,0.001));
#5602=CARTESIAN_POINT('',(13.388252656,-7.672665316,0.0));
#5603=CARTESIAN_POINT('',(13.400561841,-7.611328022,0.001));
#5604=CARTESIAN_POINT('',(13.400561841,-7.611328022,0.0));
#5605=CARTESIAN_POINT('',(13.323368647,-7.574609097,0.001));
#5606=CARTESIAN_POINT('',(13.323368647,-7.574609097,0.0));
#5607=ADVANCED_FACE('NONE',(#5608),#5635,.F.);
#5608=FACE_BOUND('NONE',#5609,.T.);
#5609=EDGE_LOOP('',(#5610,#5619,#5627,#5634));
#5610=ORIENTED_EDGE('',*,*,#5611,.T.);
#5611=EDGE_CURVE('NONE',#5575,#5612,#5614,.T.);
#5612=VERTEX_POINT('NONE',#5613);
#5613=CARTESIAN_POINT('',(13.18504679,-7.550199358,0.0));
#5614=B_SPLINE_CURVE_WITH_KNOTS('',3,(#5615,#5616,#5617,#5618),.UNSPECIFIED.,.F.,.U.,(4,4),(0.791666667,0.833333333),.PIECEWISE_BEZIER_KNOTS.);
#5615=CARTESIAN_POINT('',(13.323368647,-7.574609097,0.0));
#5616=CARTESIAN_POINT('',(13.286858353,-7.557292786,0.0));
#5617=CARTESIAN_POINT('',(13.229067773,-7.551659769,0.0));
#5618=CARTESIAN_POINT('',(13.18504679,-7.550199358,0.0));
#5619=ORIENTED_EDGE('',*,*,#5620,.T.);
#5620=EDGE_CURVE('NONE',#5612,#5621,#5623,.F.);
#5621=VERTEX_POINT('NONE',#5622);
#5622=CARTESIAN_POINT('',(13.18504679,-7.550199358,0.001));
#5623=LINE('',#5624,#5625);
#5624=CARTESIAN_POINT('',(13.18504679,-7.550199358,0.001));
#5625=VECTOR('',#5626,1.0);
#5626=DIRECTION('',(0.0,0.0,-1.0));
#5627=ORIENTED_EDGE('',*,*,#5628,.T.);
#5628=EDGE_CURVE('NONE',#5621,#5584,#5629,.F.);
#5629=B_SPLINE_CURVE_WITH_KNOTS('',3,(#5630,#5631,#5632,#5633),.UNSPECIFIED.,.F.,.U.,(4,4),(0.791666667,0.833333333),.PIECEWISE_BEZIER_KNOTS.);
#5630=CARTESIAN_POINT('',(13.323368647,-7.574609097,0.001));
#5631=CARTESIAN_POINT('',(13.286858353,-7.557292786,0.001));
#5632=CARTESIAN_POINT('',(13.229067773,-7.551659769,0.001));
#5633=CARTESIAN_POINT('',(13.18504679,-7.550199358,0.001));
#5634=ORIENTED_EDGE('',*,*,#5583,.F.);
#5635=B_SPLINE_SURFACE_WITH_KNOTS('',3,1,((#5636,#5637),(#5638,#5639),(#5640,#5641),(#5642,#5643)),.UNSPECIFIED.,.F.,.F.,.U.,(4,4),(2,2),(0.791666667,0.833333333),(0.0,1.0),.PIECEWISE_BEZIER_KNOTS.);
#5636=CARTESIAN_POINT('',(13.323368647,-7.574609097,0.001));
#5637=CARTESIAN_POINT('',(13.323368647,-7.574609097,0.0));
#5638=CARTESIAN_POINT('',(13.286858353,-7.557292786,0.001));
#5639=CARTESIAN_POINT('',(13.286858353,-7.557292786,0.0));
#5640=CARTESIAN_POINT('',(13.229067773,-7.551659769,0.001));
#5641=CARTESIAN_POINT('',(13.229067773,-7.551659769,0.0));
#5642=CARTESIAN_POINT('',(13.18504679,-7.550199358,0.001));
#5643=CARTESIAN_POINT('',(13.18504679,-7.550199358,0.0));
#5644=ADVANCED_FACE('NONE',(#5645),#5663,.F.);
#5645=FACE_BOUND('NONE',#5646,.T.);
#5646=EDGE_LOOP('',(#5647,#5654,#5655,#5662));
#5647=ORIENTED_EDGE('',*,*,#5648,.T.);
#5648=EDGE_CURVE('NONE',#5612,#4874,#5649,.T.);
#5649=B_SPLINE_CURVE_WITH_KNOTS('',3,(#5650,#5651,#5652,#5653),.UNSPECIFIED.,.F.,.U.,(4,4),(0.833333333,0.875),.PIECEWISE_BEZIER_KNOTS.);
#5650=CARTESIAN_POINT('',(13.18504679,-7.550199358,0.0));
#5651=CARTESIAN_POINT('',(13.183377748,-7.550199358,0.0));
#5652=CARTESIAN_POINT('',(13.180665555,-7.550199358,0.0));
#5653=CARTESIAN_POINT('',(13.179205143,-7.549990727,0.0));
#5654=ORIENTED_EDGE('',*,*,#4899,.F.);
#5655=ORIENTED_EDGE('',*,*,#5656,.T.);
#5656=EDGE_CURVE('NONE',#4892,#5621,#5657,.F.);
#5657=B_SPLINE_CURVE_WITH_KNOTS('',3,(#5658,#5659,#5660,#5661),.UNSPECIFIED.,.F.,.U.,(4,4),(0.833333333,0.875),.PIECEWISE_BEZIER_KNOTS.);
#5658=CARTESIAN_POINT('',(13.18504679,-7.550199358,0.001));
#5659=CARTESIAN_POINT('',(13.183377748,-7.550199358,0.001));
#5660=CARTESIAN_POINT('',(13.180665555,-7.550199358,0.001));
#5661=CARTESIAN_POINT('',(13.179205143,-7.549990727,0.001));
#5662=ORIENTED_EDGE('',*,*,#5620,.F.);
#5663=B_SPLINE_SURFACE_WITH_KNOTS('',3,1,((#5664,#5665),(#5666,#5667),(#5668,#5669),(#5670,#5671)),.UNSPECIFIED.,.F.,.F.,.U.,(4,4),(2,2),(0.833333333,0.875),(0.0,1.0),.PIECEWISE_BEZIER_KNOTS.);
#5664=CARTESIAN_POINT('',(13.18504679,-7.550199358,0.001));
#5665=CARTESIAN_POINT('',(13.18504679,-7.550199358,0.0));
#5666=CARTESIAN_POINT('',(13.183377748,-7.550199358,0.001));
#5667=CARTESIAN_POINT('',(13.183377748,-7.550199358,0.0));
#5668=CARTESIAN_POINT('',(13.180665555,-7.550199358,0.001));
#5669=CARTESIAN_POINT('',(13.180665555,-7.550199358,0.0));
#5670=CARTESIAN_POINT('',(13.179205143,-7.549990727,0.001));
#5671=CARTESIAN_POINT('',(13.179205143,-7.549990727,0.0));
#5672=ADVANCED_FACE('NONE',(#5673),#5698,.T.);
#5673=FACE_BOUND('NONE',#5674,.T.);
#5674=EDGE_LOOP('',(#5675,#5676,#5677,#5678,#5679,#5680,#5681,#5682,#5683,#5684,#5685,#5686,#5687,#5688,#5689,#5690,#5691,#5692,#5693,#5694,#5695,#5696,#5697));
#5675=ORIENTED_EDGE('',*,*,#4891,.F.);
#5676=ORIENTED_EDGE('',*,*,#4930,.F.);
#5677=ORIENTED_EDGE('',*,*,#4966,.F.);
#5678=ORIENTED_EDGE('',*,*,#4998,.F.);
#5679=ORIENTED_EDGE('',*,*,#5034,.F.);
#5680=ORIENTED_EDGE('',*,*,#5066,.F.);
#5681=ORIENTED_EDGE('',*,*,#5103,.F.);
#5682=ORIENTED_EDGE('',*,*,#5139,.F.);
#5683=ORIENTED_EDGE('',*,*,#5170,.F.);
#5684=ORIENTED_EDGE('',*,*,#5202,.F.);
#5685=ORIENTED_EDGE('',*,*,#5239,.F.);
#5686=ORIENTED_EDGE('',*,*,#5276,.F.);
#5687=ORIENTED_EDGE('',*,*,#5313,.F.);
#5688=ORIENTED_EDGE('',*,*,#5349,.F.);
#5689=ORIENTED_EDGE('',*,*,#5381,.F.);
#5690=ORIENTED_EDGE('',*,*,#5418,.F.);
#5691=ORIENTED_EDGE('',*,*,#5455,.F.);
#5692=ORIENTED_EDGE('',*,*,#5492,.F.);
#5693=ORIENTED_EDGE('',*,*,#5528,.F.);
#5694=ORIENTED_EDGE('',*,*,#5559,.F.);
#5695=ORIENTED_EDGE('',*,*,#5591,.F.);
#5696=ORIENTED_EDGE('',*,*,#5628,.F.);
#5697=ORIENTED_EDGE('',*,*,#5656,.F.);
#5698=PLANE('',#5699);
#5699=AXIS2_PLACEMENT_3D('',#5700,#5701,#5702);
#5700=CARTESIAN_POINT('',(0.0,0.0,0.001));
#5701=DIRECTION('',(0.0,0.0,1.0));
#5702=DIRECTION('',(1.0,0.0,0.0));
#5703=ADVANCED_FACE('NONE',(#5704),#5729,.F.);
#5704=FACE_BOUND('NONE',#5705,.T.);
#5705=EDGE_LOOP('',(#5706,#5707,#5708,#5709,#5710,#5711,#5712,#5713,#5714,#5715,#5716,#5717,#5718,#5719,#5720,#5721,#5722,#5723,#5724,#5725,#5726,#5727,#5728));
#5706=ORIENTED_EDGE('',*,*,#4873,.F.);
#5707=ORIENTED_EDGE('',*,*,#5648,.F.);
#5708=ORIENTED_EDGE('',*,*,#5611,.F.);
#5709=ORIENTED_EDGE('',*,*,#5574,.F.);
#5710=ORIENTED_EDGE('',*,*,#5543,.F.);
#5711=ORIENTED_EDGE('',*,*,#5512,.F.);
#5712=ORIENTED_EDGE('',*,*,#5475,.F.);
#5713=ORIENTED_EDGE('',*,*,#5438,.F.);
#5714=ORIENTED_EDGE('',*,*,#5401,.F.);
#5715=ORIENTED_EDGE('',*,*,#5364,.F.);
#5716=ORIENTED_EDGE('',*,*,#5333,.F.);
#5717=ORIENTED_EDGE('',*,*,#5296,.F.);
#5718=ORIENTED_EDGE('',*,*,#5259,.F.);
#5719=ORIENTED_EDGE('',*,*,#5222,.F.);
#5720=ORIENTED_EDGE('',*,*,#5185,.F.);
#5721=ORIENTED_EDGE('',*,*,#5154,.F.);
#5722=ORIENTED_EDGE('',*,*,#5123,.F.);
#5723=ORIENTED_EDGE('',*,*,#5086,.F.);
#5724=ORIENTED_EDGE('',*,*,#5049,.F.);
#5725=ORIENTED_EDGE('',*,*,#5018,.F.);
#5726=ORIENTED_EDGE('',*,*,#4981,.F.);
#5727=ORIENTED_EDGE('',*,*,#4950,.F.);
#5728=ORIENTED_EDGE('',*,*,#4913,.F.);
#5729=PLANE('',#5730);
#5730=AXIS2_PLACEMENT_3D('',#5731,#5732,#5733);
#5731=CARTESIAN_POINT('',(0.0,0.0,0.0));
#5732=DIRECTION('',(0.0,0.0,1.0));
#5733=DIRECTION('',(1.0,0.0,0.0));
#5734=MANIFOLD_SOLID_BREP('Boss-Extrude1[5]',#5735);
#5735=CLOSED_SHELL('NONE',(#5736,#5782,#5819,#5850,#5887,#5924,#5961,#5998,#6035,#6066,#6103,#6140,#6177,#6214,#6251,#6282,#6310,#6334));
#5736=ADVANCED_FACE('NONE',(#5737),#5773,.F.);
#5737=FACE_BOUND('NONE',#5738,.T.);
#5738=EDGE_LOOP('',(#5739,#5750,#5758,#5767));
#5739=ORIENTED_EDGE('',*,*,#5740,.T.);
#5740=EDGE_CURVE('NONE',#5741,#5743,#5745,.T.);
#5741=VERTEX_POINT('NONE',#5742);
#5742=CARTESIAN_POINT('',(10.949990896,-8.098479661,0.0));
#5743=VERTEX_POINT('NONE',#5744);
#5744=CARTESIAN_POINT('',(10.899919635,-8.114544191,0.0));
#5745=B_SPLINE_CURVE_WITH_KNOTS('',3,(#5746,#5747,#5748,#5749),.UNSPECIFIED.,.F.,.U.,(4,4),(0.823529412,0.882352941),.PIECEWISE_BEZIER_KNOTS.);
#5746=CARTESIAN_POINT('',(10.949990896,-8.098479661,0.0));
#5747=CARTESIAN_POINT('',(10.92912787,-8.098479661,0.0));
#5748=CARTESIAN_POINT('',(10.91202019,-8.100983224,0.0));
#5749=CARTESIAN_POINT('',(10.899919635,-8.114544191,0.0));
#5750=ORIENTED_EDGE('',*,*,#5751,.T.);
#5751=EDGE_CURVE('NONE',#5743,#5752,#5754,.F.);
#5752=VERTEX_POINT('NONE',#5753);
#5753=CARTESIAN_POINT('',(10.899919635,-8.114544191,0.001));
#5754=LINE('',#5755,#5756);
#5755=CARTESIAN_POINT('',(10.899919635,-8.114544191,0.001));
#5756=VECTOR('',#5757,1.0);
#5757=DIRECTION('',(0.0,0.0,-1.0));
#5758=ORIENTED_EDGE('',*,*,#5759,.T.);
#5759=EDGE_CURVE('NONE',#5752,#5760,#5762,.F.);
#5760=VERTEX_POINT('NONE',#5761);
#5761=CARTESIAN_POINT('',(10.949990896,-8.098479661,0.001));
#5762=B_SPLINE_CURVE_WITH_KNOTS('',3,(#5763,#5764,#5765,#5766),.UNSPECIFIED.,.F.,.U.,(4,4),(0.823529412,0.882352941),.PIECEWISE_BEZIER_KNOTS.);
#5763=CARTESIAN_POINT('',(10.949990896,-8.098479661,0.001));
#5764=CARTESIAN_POINT('',(10.92912787,-8.098479661,0.001));
#5765=CARTESIAN_POINT('',(10.91202019,-8.100983224,0.001));
#5766=CARTESIAN_POINT('',(10.899919635,-8.114544191,0.001));
#5767=ORIENTED_EDGE('',*,*,#5768,.T.);
#5768=EDGE_CURVE('NONE',#5760,#5741,#5769,.T.);
#5769=LINE('',#5770,#5771);
#5770=CARTESIAN_POINT('',(10.949990896,-8.098479661,0.001));
#5771=VECTOR('',#5772,1.0);
#5772=DIRECTION('',(0.0,0.0,-1.0));
#5773=B_SPLINE_SURFACE_WITH_KNOTS('',3,1,((#5774,#5775),(#5776,#5777),(#5778,#5779),(#5780,#5781)),.UNSPECIFIED.,.F.,.F.,.U.,(4,4),(2,2),(0.823529412,0.882352941),(0.0,1.0),.PIECEWISE_BEZIER_KNOTS.);
#5774=CARTESIAN_POINT('',(10.949990896,-8.098479661,0.001));
#5775=CARTESIAN_POINT('',(10.949990896,-8.098479661,0.0));
#5776=CARTESIAN_POINT('',(10.92912787,-8.098479661,0.001));
#5777=CARTESIAN_POINT('',(10.92912787,-8.098479661,0.0));
#5778=CARTESIAN_POINT('',(10.91202019,-8.100983224,0.001));
#5779=CARTESIAN_POINT('',(10.91202019,-8.100983224,0.0));
#5780=CARTESIAN_POINT('',(10.899919635,-8.114544191,0.001));
#5781=CARTESIAN_POINT('',(10.899919635,-8.114544191,0.0));
#5782=ADVANCED_FACE('NONE',(#5783),#5810,.F.);
#5783=FACE_BOUND('NONE',#5784,.T.);
#5784=EDGE_LOOP('',(#5785,#5794,#5802,#5809));
#5785=ORIENTED_EDGE('',*,*,#5786,.T.);
#5786=EDGE_CURVE('NONE',#5743,#5787,#5789,.T.);
#5787=VERTEX_POINT('NONE',#5788);
#5788=CARTESIAN_POINT('',(10.892408946,-8.127687896,0.0));
#5789=B_SPLINE_CURVE_WITH_KNOTS('',3,(#5790,#5791,#5792,#5793),.UNSPECIFIED.,.F.,.U.,(4,4),(0.882352941,1.0),.PIECEWISE_BEZIER_KNOTS.);
#5790=CARTESIAN_POINT('',(10.899919635,-8.114544191,0.0));
#5791=CARTESIAN_POINT('',(10.89574703,-8.119134056,0.0));
#5792=CARTESIAN_POINT('',(10.895329769,-8.123515291,0.0));
#5793=CARTESIAN_POINT('',(10.892408946,-8.127687896,0.0));
#5794=ORIENTED_EDGE('',*,*,#5795,.T.);
#5795=EDGE_CURVE('NONE',#5787,#5796,#5798,.F.);
#5796=VERTEX_POINT('NONE',#5797);
#5797=CARTESIAN_POINT('',(10.892408946,-8.127687896,0.001));
#5798=LINE('',#5799,#5800);
#5799=CARTESIAN_POINT('',(10.892408946,-8.127687896,0.001));
#5800=VECTOR('',#5801,1.0);
#5801=DIRECTION('',(0.0,0.0,-1.0));
#5802=ORIENTED_EDGE('',*,*,#5803,.T.);
#5803=EDGE_CURVE('NONE',#5796,#5752,#5804,.F.);
#5804=B_SPLINE_CURVE_WITH_KNOTS('',3,(#5805,#5806,#5807,#5808),.UNSPECIFIED.,.F.,.U.,(4,4),(0.882352941,1.0),.PIECEWISE_BEZIER_KNOTS.);
#5805=CARTESIAN_POINT('',(10.899919635,-8.114544191,0.001));
#5806=CARTESIAN_POINT('',(10.89574703,-8.119134056,0.001));
#5807=CARTESIAN_POINT('',(10.895329769,-8.123515291,0.001));
#5808=CARTESIAN_POINT('',(10.892408946,-8.127687896,0.001));
#5809=ORIENTED_EDGE('',*,*,#5751,.F.);
#5810=B_SPLINE_SURFACE_WITH_KNOTS('',3,1,((#5811,#5812),(#5813,#5814),(#5815,#5816),(#5817,#5818)),.UNSPECIFIED.,.F.,.F.,.U.,(4,4),(2,2),(0.882352941,1.0),(0.0,1.0),.PIECEWISE_BEZIER_KNOTS.);
#5811=CARTESIAN_POINT('',(10.899919635,-8.114544191,0.001));
#5812=CARTESIAN_POINT('',(10.899919635,-8.114544191,0.0));
#5813=CARTESIAN_POINT('',(10.89574703,-8.119134056,0.001));
#5814=CARTESIAN_POINT('',(10.89574703,-8.119134056,0.0));
#5815=CARTESIAN_POINT('',(10.895329769,-8.123515291,0.001));
#5816=CARTESIAN_POINT('',(10.895329769,-8.123515291,0.0));
#5817=CARTESIAN_POINT('',(10.892408946,-8.127687896,0.001));
#5818=CARTESIAN_POINT('',(10.892408946,-8.127687896,0.0));
#5819=ADVANCED_FACE('NONE',(#5820),#5845,.F.);
#5820=FACE_BOUND('NONE',#5821,.T.);
#5821=EDGE_LOOP('',(#5822,#5830,#5838,#5844));
#5822=ORIENTED_EDGE('',*,*,#5823,.T.);
#5823=EDGE_CURVE('NONE',#5787,#5824,#5826,.T.);
#5824=VERTEX_POINT('NONE',#5825);
#5825=CARTESIAN_POINT('',(10.892408946,-8.142083384,0.0));
#5826=LINE('',#5827,#5828);
#5827=CARTESIAN_POINT('',(10.892408946,0.0,0.0));
#5828=VECTOR('',#5829,1.0);
#5829=DIRECTION('',(0.0,-1.0,0.0));
#5830=ORIENTED_EDGE('',*,*,#5831,.T.);
#5831=EDGE_CURVE('NONE',#5824,#5832,#5834,.F.);
#5832=VERTEX_POINT('NONE',#5833);
#5833=CARTESIAN_POINT('',(10.892408946,-8.142083384,0.001));
#5834=LINE('',#5835,#5836);
#5835=CARTESIAN_POINT('',(10.892408946,-8.142083384,0.001));
#5836=VECTOR('',#5837,1.0);
#5837=DIRECTION('',(0.0,0.0,-1.0));
#5838=ORIENTED_EDGE('',*,*,#5839,.T.);
#5839=EDGE_CURVE('NONE',#5832,#5796,#5840,.F.);
#5840=LINE('',#5841,#5842);
#5841=CARTESIAN_POINT('',(10.892408946,0.0,0.001));
#5842=VECTOR('',#5843,1.0);
#5843=DIRECTION('',(0.0,-1.0,0.0));
#5844=ORIENTED_EDGE('',*,*,#5795,.F.);
#5845=PLANE('',#5846);
#5846=AXIS2_PLACEMENT_3D('',#5847,#5848,#5849);
#5847=CARTESIAN_POINT('',(10.892408946,0.0,0.001));
#5848=DIRECTION('',(1.0,0.0,0.0));
#5849=DIRECTION('',(0.0,0.0,-1.0));
#5850=ADVANCED_FACE('NONE',(#5851),#5878,.F.);
#5851=FACE_BOUND('NONE',#5852,.T.);
#5852=EDGE_LOOP('',(#5853,#5862,#5870,#5877));
#5853=ORIENTED_EDGE('',*,*,#5854,.T.);
#5854=EDGE_CURVE('NONE',#5824,#5855,#5857,.T.);
#5855=VERTEX_POINT('NONE',#5856);
#5856=CARTESIAN_POINT('',(10.906178543,-8.161903258,-1.694065895E-18));
#5857=B_SPLINE_CURVE_WITH_KNOTS('',3,(#5858,#5859,#5860,#5861),.UNSPECIFIED.,.F.,.U.,(4,4),(0.058823529,0.117647059),.PIECEWISE_BEZIER_KNOTS.);
#5858=CARTESIAN_POINT('',(10.892408946,-8.142083384,0.0));
#5859=CARTESIAN_POINT('',(10.896372921,-8.148550922,-1.694065895E-18));
#5860=CARTESIAN_POINT('',(10.893869358,-8.153140787,-1.694065895E-18));
#5861=CARTESIAN_POINT('',(10.906178543,-8.161903258,-1.694065895E-18));
#5862=ORIENTED_EDGE('',*,*,#5863,.T.);
#5863=EDGE_CURVE('NONE',#5855,#5864,#5866,.F.);
#5864=VERTEX_POINT('NONE',#5865);
#5865=CARTESIAN_POINT('',(10.906178543,-8.161903258,10.0E-04));
#5866=LINE('',#5867,#5868);
#5867=CARTESIAN_POINT('',(10.906178543,-8.161903258,10.0E-04));
#5868=VECTOR('',#5869,1.0);
#5869=DIRECTION('',(0.0,0.0,-1.0));
#5870=ORIENTED_EDGE('',*,*,#5871,.T.);
#5871=EDGE_CURVE('NONE',#5864,#5832,#5872,.F.);
#5872=B_SPLINE_CURVE_WITH_KNOTS('',3,(#5873,#5874,#5875,#5876),.UNSPECIFIED.,.F.,.U.,(4,4),(0.058823529,0.117647059),.PIECEWISE_BEZIER_KNOTS.);
#5873=CARTESIAN_POINT('',(10.892408946,-8.142083384,0.001));
#5874=CARTESIAN_POINT('',(10.896372921,-8.148550922,10.0E-04));
#5875=CARTESIAN_POINT('',(10.893869358,-8.153140787,10.0E-04));
#5876=CARTESIAN_POINT('',(10.906178543,-8.161903258,10.0E-04));
#5877=ORIENTED_EDGE('',*,*,#5831,.F.);
#5878=B_SPLINE_SURFACE_WITH_KNOTS('',3,1,((#5879,#5880),(#5881,#5882),(#5883,#5884),(#5885,#5886)),.UNSPECIFIED.,.F.,.F.,.U.,(4,4),(2,2),(0.058823529,0.117647059),(0.0,1.0),.PIECEWISE_BEZIER_KNOTS.);
#5879=CARTESIAN_POINT('',(10.892408946,-8.142083384,10.0E-04));
#5880=CARTESIAN_POINT('',(10.892408946,-8.142083384,0.0));
#5881=CARTESIAN_POINT('',(10.896372921,-8.148550922,10.0E-04));
#5882=CARTESIAN_POINT('',(10.896372921,-8.148550922,0.0));
#5883=CARTESIAN_POINT('',(10.893869358,-8.153140787,10.0E-04));
#5884=CARTESIAN_POINT('',(10.893869358,-8.153140787,0.0));
#5885=CARTESIAN_POINT('',(10.906178543,-8.161903258,10.0E-04));
#5886=CARTESIAN_POINT('',(10.906178543,-8.161903258,0.0));
#5887=ADVANCED_FACE('NONE',(#5888),#5915,.F.);
#5888=FACE_BOUND('NONE',#5889,.T.);
#5889=EDGE_LOOP('',(#5890,#5899,#5907,#5914));
#5890=ORIENTED_EDGE('',*,*,#5891,.T.);
#5891=EDGE_CURVE('NONE',#5855,#5892,#5894,.T.);
#5892=VERTEX_POINT('NONE',#5893);
#5893=CARTESIAN_POINT('',(11.004652022,-8.174003812,0.0));
#5894=B_SPLINE_CURVE_WITH_KNOTS('',3,(#5895,#5896,#5897,#5898),.UNSPECIFIED.,.F.,.U.,(4,4),(0.117647059,0.176470588),.PIECEWISE_BEZIER_KNOTS.);
#5895=CARTESIAN_POINT('',(10.906178543,-8.161903258,-1.694065895E-18));
#5896=CARTESIAN_POINT('',(10.932048694,-8.18026272,0.0));
#5897=CARTESIAN_POINT('',(10.984414887,-8.1635723,0.0));
#5898=CARTESIAN_POINT('',(11.004652022,-8.174003812,0.0));
#5899=ORIENTED_EDGE('',*,*,#5900,.T.);
#5900=EDGE_CURVE('NONE',#5892,#5901,#5903,.F.);
#5901=VERTEX_POINT('NONE',#5902);
#5902=CARTESIAN_POINT('',(11.004652022,-8.174003812,0.001));
#5903=LINE('',#5904,#5905);
#5904=CARTESIAN_POINT('',(11.004652022,-8.174003812,0.001));
#5905=VECTOR('',#5906,1.0);
#5906=DIRECTION('',(0.0,0.0,-1.0));
#5907=ORIENTED_EDGE('',*,*,#5908,.T.);
#5908=EDGE_CURVE('NONE',#5901,#5864,#5909,.F.);
#5909=B_SPLINE_CURVE_WITH_KNOTS('',3,(#5910,#5911,#5912,#5913),.UNSPECIFIED.,.F.,.U.,(4,4),(0.117647059,0.176470588),.PIECEWISE_BEZIER_KNOTS.);
#5910=CARTESIAN_POINT('',(10.906178543,-8.161903258,10.0E-04));
#5911=CARTESIAN_POINT('',(10.932048694,-8.18026272,0.001));
#5912=CARTESIAN_POINT('',(10.984414887,-8.1635723,0.001));
#5913=CARTESIAN_POINT('',(11.004652022,-8.174003812,0.001));
#5914=ORIENTED_EDGE('',*,*,#5863,.F.);
#5915=B_SPLINE_SURFACE_WITH_KNOTS('',3,1,((#5916,#5917),(#5918,#5919),(#5920,#5921),(#5922,#5923)),.UNSPECIFIED.,.F.,.F.,.U.,(4,4),(2,2),(0.117647059,0.176470588),(0.0,1.0),.PIECEWISE_BEZIER_KNOTS.);
#5916=CARTESIAN_POINT('',(10.906178543,-8.161903258,0.001));
#5917=CARTESIAN_POINT('',(10.906178543,-8.161903258,-1.694065895E-18));
#5918=CARTESIAN_POINT('',(10.932048694,-8.18026272,0.001));
#5919=CARTESIAN_POINT('',(10.932048694,-8.18026272,-1.694065895E-18));
#5920=CARTESIAN_POINT('',(10.984414887,-8.1635723,0.001));
#5921=CARTESIAN_POINT('',(10.984414887,-8.1635723,-1.694065895E-18));
#5922=CARTESIAN_POINT('',(11.004652022,-8.174003812,0.001));
#5923=CARTESIAN_POINT('',(11.004652022,-8.174003812,-1.694065895E-18));
#5924=ADVANCED_FACE('NONE',(#5925),#5952,.F.);
#5925=FACE_BOUND('NONE',#5926,.T.);
#5926=EDGE_LOOP('',(#5927,#5936,#5944,#5951));
#5927=ORIENTED_EDGE('',*,*,#5928,.T.);
#5928=EDGE_CURVE('NONE',#5892,#5929,#5931,.T.);
#5929=VERTEX_POINT('NONE',#5930);
#5930=CARTESIAN_POINT('',(11.007572845,-8.195284098,0.0));
#5931=B_SPLINE_CURVE_WITH_KNOTS('',3,(#5932,#5933,#5934,#5935),.UNSPECIFIED.,.F.,.U.,(4,4),(0.176470588,0.235294118),.PIECEWISE_BEZIER_KNOTS.);
#5932=CARTESIAN_POINT('',(11.004652022,-8.174003812,0.0));
#5933=CARTESIAN_POINT('',(11.012162711,-8.177967787,0.0));
#5934=CARTESIAN_POINT('',(11.015500795,-8.18860793,0.0));
#5935=CARTESIAN_POINT('',(11.007572845,-8.195284098,0.0));
#5936=ORIENTED_EDGE('',*,*,#5937,.T.);
#5937=EDGE_CURVE('NONE',#5929,#5938,#5940,.F.);
#5938=VERTEX_POINT('NONE',#5939);
#5939=CARTESIAN_POINT('',(11.007572845,-8.195284098,0.001));
#5940=LINE('',#5941,#5942);
#5941=CARTESIAN_POINT('',(11.007572845,-8.195284098,0.001));
#5942=VECTOR('',#5943,1.0);
#5943=DIRECTION('',(0.0,0.0,-1.0));
#5944=ORIENTED_EDGE('',*,*,#5945,.T.);
#5945=EDGE_CURVE('NONE',#5938,#5901,#5946,.F.);
#5946=B_SPLINE_CURVE_WITH_KNOTS('',3,(#5947,#5948,#5949,#5950),.UNSPECIFIED.,.F.,.U.,(4,4),(0.176470588,0.235294118),.PIECEWISE_BEZIER_KNOTS.);
#5947=CARTESIAN_POINT('',(11.004652022,-8.174003812,0.001));
#5948=CARTESIAN_POINT('',(11.012162711,-8.177967787,0.001));
#5949=CARTESIAN_POINT('',(11.015500795,-8.18860793,0.001));
#5950=CARTESIAN_POINT('',(11.007572845,-8.195284098,0.001));
#5951=ORIENTED_EDGE('',*,*,#5900,.F.);
#5952=B_SPLINE_SURFACE_WITH_KNOTS('',3,1,((#5953,#5954),(#5955,#5956),(#5957,#5958),(#5959,#5960)),.UNSPECIFIED.,.F.,.F.,.U.,(4,4),(2,2),(0.176470588,0.235294118),(0.0,1.0),.PIECEWISE_BEZIER_KNOTS.);
#5953=CARTESIAN_POINT('',(11.004652022,-8.174003812,0.001));
#5954=CARTESIAN_POINT('',(11.004652022,-8.174003812,0.0));
#5955=CARTESIAN_POINT('',(11.012162711,-8.177967787,0.001));
#5956=CARTESIAN_POINT('',(11.012162711,-8.177967787,0.0));
#5957=CARTESIAN_POINT('',(11.015500795,-8.18860793,0.001));
#5958=CARTESIAN_POINT('',(11.015500795,-8.18860793,0.0));
#5959=CARTESIAN_POINT('',(11.007572845,-8.195284098,0.001));
#5960=CARTESIAN_POINT('',(11.007572845,-8.195284098,0.0));
#5961=ADVANCED_FACE('NONE',(#5962),#5989,.F.);
#5962=FACE_BOUND('NONE',#5963,.T.);
#5963=EDGE_LOOP('',(#5964,#5973,#5981,#5988));
#5964=ORIENTED_EDGE('',*,*,#5965,.T.);
#5965=EDGE_CURVE('NONE',#5929,#5966,#5968,.T.);
#5966=VERTEX_POINT('NONE',#5967);
#5967=CARTESIAN_POINT('',(10.976695568,-8.200708485,0.0));
#5968=B_SPLINE_CURVE_WITH_KNOTS('',3,(#5969,#5970,#5971,#5972),.UNSPECIFIED.,.F.,.U.,(4,4),(0.235294118,0.294117647),.PIECEWISE_BEZIER_KNOTS.);
#5969=CARTESIAN_POINT('',(11.007572845,-8.195284098,0.0));
#5970=CARTESIAN_POINT('',(11.000479417,-8.201543006,0.0));
#5971=CARTESIAN_POINT('',(10.988378862,-8.200708485,0.0));
#5972=CARTESIAN_POINT('',(10.976695568,-8.200708485,0.0));
#5973=ORIENTED_EDGE('',*,*,#5974,.T.);
#5974=EDGE_CURVE('NONE',#5966,#5975,#5977,.F.);
#5975=VERTEX_POINT('NONE',#5976);
#5976=CARTESIAN_POINT('',(10.976695568,-8.200708485,0.001));
#5977=LINE('',#5978,#5979);
#5978=CARTESIAN_POINT('',(10.976695568,-8.200708485,0.001));
#5979=VECTOR('',#5980,1.0);
#5980=DIRECTION('',(0.0,0.0,-1.0));
#5981=ORIENTED_EDGE('',*,*,#5982,.T.);
#5982=EDGE_CURVE('NONE',#5975,#5938,#5983,.F.);
#5983=B_SPLINE_CURVE_WITH_KNOTS('',3,(#5984,#5985,#5986,#5987),.UNSPECIFIED.,.F.,.U.,(4,4),(0.235294118,0.294117647),.PIECEWISE_BEZIER_KNOTS.);
#5984=CARTESIAN_POINT('',(11.007572845,-8.195284098,0.001));
#5985=CARTESIAN_POINT('',(11.000479417,-8.201543006,0.001));
#5986=CARTESIAN_POINT('',(10.988378862,-8.200708485,0.001));
#5987=CARTESIAN_POINT('',(10.976695568,-8.200708485,0.001));
#5988=ORIENTED_EDGE('',*,*,#5937,.F.);
#5989=B_SPLINE_SURFACE_WITH_KNOTS('',3,1,((#5990,#5991),(#5992,#5993),(#5994,#5995),(#5996,#5997)),.UNSPECIFIED.,.F.,.F.,.U.,(4,4),(2,2),(0.235294118,0.294117647),(0.0,1.0),.PIECEWISE_BEZIER_KNOTS.);
#5990=CARTESIAN_POINT('',(11.007572845,-8.195284098,0.001));
#5991=CARTESIAN_POINT('',(11.007572845,-8.195284098,0.0));
#5992=CARTESIAN_POINT('',(11.000479417,-8.201543006,0.001));
#5993=CARTESIAN_POINT('',(11.000479417,-8.201543006,0.0));
#5994=CARTESIAN_POINT('',(10.988378862,-8.200708485,0.001));
#5995=CARTESIAN_POINT('',(10.988378862,-8.200708485,0.0));
#5996=CARTESIAN_POINT('',(10.976695568,-8.200708485,0.001));
#5997=CARTESIAN_POINT('',(10.976695568,-8.200708485,0.0));
#5998=ADVANCED_FACE('NONE',(#5999),#6026,.F.);
#5999=FACE_BOUND('NONE',#6000,.T.);
#6000=EDGE_LOOP('',(#6001,#6010,#6018,#6025));
#6001=ORIENTED_EDGE('',*,*,#6002,.T.);
#6002=EDGE_CURVE('NONE',#5966,#6003,#6005,.T.);
#6003=VERTEX_POINT('NONE',#6004);
#6004=CARTESIAN_POINT('',(10.902005937,-8.200708485,0.0));
#6005=B_SPLINE_CURVE_WITH_KNOTS('',3,(#6006,#6007,#6008,#6009),.UNSPECIFIED.,.F.,.U.,(4,4),(0.294117647,0.352941176),.PIECEWISE_BEZIER_KNOTS.);
#6006=CARTESIAN_POINT('',(10.976695568,-8.200708485,0.0));
#6007=CARTESIAN_POINT('',(10.952911719,-8.200708485,0.0));
#6008=CARTESIAN_POINT('',(10.925581156,-8.199665334,0.0));
#6009=CARTESIAN_POINT('',(10.902005937,-8.200708485,0.0));
#6010=ORIENTED_EDGE('',*,*,#6011,.T.);
#6011=EDGE_CURVE('NONE',#6003,#6012,#6014,.F.);
#6012=VERTEX_POINT('NONE',#6013);
#6013=CARTESIAN_POINT('',(10.902005937,-8.200708485,0.001));
#6014=LINE('',#6015,#6016);
#6015=CARTESIAN_POINT('',(10.902005937,-8.200708485,0.001));
#6016=VECTOR('',#6017,1.0);
#6017=DIRECTION('',(0.0,0.0,-1.0));
#6018=ORIENTED_EDGE('',*,*,#6019,.T.);
#6019=EDGE_CURVE('NONE',#6012,#5975,#6020,.F.);
#6020=B_SPLINE_CURVE_WITH_KNOTS('',3,(#6021,#6022,#6023,#6024),.UNSPECIFIED.,.F.,.U.,(4,4),(0.294117647,0.352941176),.PIECEWISE_BEZIER_KNOTS.);
#6021=CARTESIAN_POINT('',(10.976695568,-8.200708485,0.001));
#6022=CARTESIAN_POINT('',(10.952911719,-8.200708485,0.001));
#6023=CARTESIAN_POINT('',(10.925581156,-8.199665334,0.001));
#6024=CARTESIAN_POINT('',(10.902005937,-8.200708485,0.001));
#6025=ORIENTED_EDGE('',*,*,#5974,.F.);
#6026=B_SPLINE_SURFACE_WITH_KNOTS('',3,1,((#6027,#6028),(#6029,#6030),(#6031,#6032),(#6033,#6034)),.UNSPECIFIED.,.F.,.F.,.U.,(4,4),(2,2),(0.294117647,0.352941176),(0.0,1.0),.PIECEWISE_BEZIER_KNOTS.);
#6027=CARTESIAN_POINT('',(10.976695568,-8.200708485,0.001));
#6028=CARTESIAN_POINT('',(10.976695568,-8.200708485,0.0));
#6029=CARTESIAN_POINT('',(10.952911719,-8.200708485,0.001));
#6030=CARTESIAN_POINT('',(10.952911719,-8.200708485,0.0));
#6031=CARTESIAN_POINT('',(10.925581156,-8.199665334,0.001));
#6032=CARTESIAN_POINT('',(10.925581156,-8.199665334,0.0));
#6033=CARTESIAN_POINT('',(10.902005937,-8.200708485,0.001));
#6034=CARTESIAN_POINT('',(10.902005937,-8.200708485,0.0));
#6035=ADVANCED_FACE('NONE',(#6036),#6061,.F.);
#6036=FACE_BOUND('NONE',#6037,.T.);
#6037=EDGE_LOOP('',(#6038,#6046,#6054,#6060));
#6038=ORIENTED_EDGE('',*,*,#6039,.T.);
#6039=EDGE_CURVE('NONE',#6003,#6040,#6042,.T.);
#6040=VERTEX_POINT('NONE',#6041);
#6041=CARTESIAN_POINT('',(10.902214568,-8.222823292,0.0));
#6042=LINE('',#6043,#6044);
#6043=CARTESIAN_POINT('',(10.82367746,0.102110165,0.0));
#6044=VECTOR('',#6045,1.0);
#6045=DIRECTION('',(0.009433542,-0.999955503,0.0));
#6046=ORIENTED_EDGE('',*,*,#6047,.T.);
#6047=EDGE_CURVE('NONE',#6040,#6048,#6050,.F.);
#6048=VERTEX_POINT('NONE',#6049);
#6049=CARTESIAN_POINT('',(10.902214568,-8.222823292,0.001));
#6050=LINE('',#6051,#6052);
#6051=CARTESIAN_POINT('',(10.902214568,-8.222823292,0.001));
#6052=VECTOR('',#6053,1.0);
#6053=DIRECTION('',(0.0,0.0,-1.0));
#6054=ORIENTED_EDGE('',*,*,#6055,.T.);
#6055=EDGE_CURVE('NONE',#6048,#6012,#6056,.F.);
#6056=LINE('',#6057,#6058);
#6057=CARTESIAN_POINT('',(10.82367746,0.102110165,0.001));
#6058=VECTOR('',#6059,1.0);
#6059=DIRECTION('',(0.009433542,-0.999955503,0.0));
#6060=ORIENTED_EDGE('',*,*,#6011,.F.);
#6061=PLANE('',#6062);
#6062=AXIS2_PLACEMENT_3D('',#6063,#6064,#6065);
#6063=CARTESIAN_POINT('',(10.82367746,0.102110165,0.001));
#6064=DIRECTION('',(0.999955503,0.009433542,0.0));
#6065=DIRECTION('',(-0.009433542,0.999955503,0.0));
#6066=ADVANCED_FACE('NONE',(#6067),#6094,.F.);
#6067=FACE_BOUND('NONE',#6068,.T.);
#6068=EDGE_LOOP('',(#6069,#6078,#6086,#6093));
#6069=ORIENTED_EDGE('',*,*,#6070,.T.);
#6070=EDGE_CURVE('NONE',#6040,#6071,#6073,.T.);
#6071=VERTEX_POINT('NONE',#6072);
#6072=CARTESIAN_POINT('',(11.024054635,-8.220319728,-1.694065895E-18));
#6073=B_SPLINE_CURVE_WITH_KNOTS('',3,(#6074,#6075,#6076,#6077),.UNSPECIFIED.,.F.,.U.,(4,4),(0.411764706,0.470588235),.PIECEWISE_BEZIER_KNOTS.);
#6074=CARTESIAN_POINT('',(10.902214568,-8.222823292,0.0));
#6075=CARTESIAN_POINT('',(10.921199921,-8.224075073,-1.694065895E-18));
#6076=CARTESIAN_POINT('',(11.010702299,-8.224283703,-1.694065895E-18));
#6077=CARTESIAN_POINT('',(11.024054635,-8.220319728,-1.694065895E-18));
#6078=ORIENTED_EDGE('',*,*,#6079,.T.);
#6079=EDGE_CURVE('NONE',#6071,#6080,#6082,.F.);
#6080=VERTEX_POINT('NONE',#6081);
#6081=CARTESIAN_POINT('',(11.024054635,-8.220319728,10.0E-04));
#6082=LINE('',#6083,#6084);
#6083=CARTESIAN_POINT('',(11.024054635,-8.220319728,10.0E-04));
#6084=VECTOR('',#6085,1.0);
#6085=DIRECTION('',(0.0,0.0,-1.0));
#6086=ORIENTED_EDGE('',*,*,#6087,.T.);
#6087=EDGE_CURVE('NONE',#6080,#6048,#6088,.F.);
#6088=B_SPLINE_CURVE_WITH_KNOTS('',3,(#6089,#6090,#6091,#6092),.UNSPECIFIED.,.F.,.U.,(4,4),(0.411764706,0.470588235),.PIECEWISE_BEZIER_KNOTS.);
#6089=CARTESIAN_POINT('',(10.902214568,-8.222823292,0.001));
#6090=CARTESIAN_POINT('',(10.921199921,-8.224075073,10.0E-04));
#6091=CARTESIAN_POINT('',(11.010702299,-8.224283703,10.0E-04));
#6092=CARTESIAN_POINT('',(11.024054635,-8.220319728,10.0E-04));
#6093=ORIENTED_EDGE('',*,*,#6047,.F.);
#6094=B_SPLINE_SURFACE_WITH_KNOTS('',3,1,((#6095,#6096),(#6097,#6098),(#6099,#6100),(#6101,#6102)),.UNSPECIFIED.,.F.,.F.,.U.,(4,4),(2,2),(0.411764706,0.470588235),(0.0,1.0),.PIECEWISE_BEZIER_KNOTS.);
#6095=CARTESIAN_POINT('',(10.902214568,-8.222823292,10.0E-04));
#6096=CARTESIAN_POINT('',(10.902214568,-8.222823292,0.0));
#6097=CARTESIAN_POINT('',(10.921199921,-8.224075073,10.0E-04));
#6098=CARTESIAN_POINT('',(10.921199921,-8.224075073,0.0));
#6099=CARTESIAN_POINT('',(11.010702299,-8.224283703,10.0E-04));
#6100=CARTESIAN_POINT('',(11.010702299,-8.224283703,0.0));
#6101=CARTESIAN_POINT('',(11.024054635,-8.220319728,10.0E-04));
#6102=CARTESIAN_POINT('',(11.024054635,-8.220319728,0.0));
#6103=ADVANCED_FACE('NONE',(#6104),#6131,.F.);
#6104=FACE_BOUND('NONE',#6105,.T.);
#6105=EDGE_LOOP('',(#6106,#6115,#6123,#6130));
#6106=ORIENTED_EDGE('',*,*,#6107,.T.);
#6107=EDGE_CURVE('NONE',#6071,#6108,#6110,.T.);
#6108=VERTEX_POINT('NONE',#6109);
#6109=CARTESIAN_POINT('',(11.033234366,-8.155018459,0.0));
#6110=B_SPLINE_CURVE_WITH_KNOTS('',3,(#6111,#6112,#6113,#6114),.UNSPECIFIED.,.F.,.U.,(4,4),(0.470588235,0.529411765),.PIECEWISE_BEZIER_KNOTS.);
#6111=CARTESIAN_POINT('',(11.024054635,-8.220319728,-1.694065895E-18));
#6112=CARTESIAN_POINT('',(11.058061366,-8.210096846,0.0));
#6113=CARTESIAN_POINT('',(11.06119082,-8.169831207,0.0));
#6114=CARTESIAN_POINT('',(11.033234366,-8.155018459,0.0));
#6115=ORIENTED_EDGE('',*,*,#6116,.T.);
#6116=EDGE_CURVE('NONE',#6108,#6117,#6119,.F.);
#6117=VERTEX_POINT('NONE',#6118);
#6118=CARTESIAN_POINT('',(11.033234366,-8.155018459,0.001));
#6119=LINE('',#6120,#6121);
#6120=CARTESIAN_POINT('',(11.033234366,-8.155018459,0.001));
#6121=VECTOR('',#6122,1.0);
#6122=DIRECTION('',(0.0,0.0,-1.0));
#6123=ORIENTED_EDGE('',*,*,#6124,.T.);
#6124=EDGE_CURVE('NONE',#6117,#6080,#6125,.F.);
#6125=B_SPLINE_CURVE_WITH_KNOTS('',3,(#6126,#6127,#6128,#6129),.UNSPECIFIED.,.F.,.U.,(4,4),(0.470588235,0.529411765),.PIECEWISE_BEZIER_KNOTS.);
#6126=CARTESIAN_POINT('',(11.024054635,-8.220319728,10.0E-04));
#6127=CARTESIAN_POINT('',(11.058061366,-8.210096846,0.001));
#6128=CARTESIAN_POINT('',(11.06119082,-8.169831207,0.001));
#6129=CARTESIAN_POINT('',(11.033234366,-8.155018459,0.001));
#6130=ORIENTED_EDGE('',*,*,#6079,.F.);
#6131=B_SPLINE_SURFACE_WITH_KNOTS('',3,1,((#6132,#6133),(#6134,#6135),(#6136,#6137),(#6138,#6139)),.UNSPECIFIED.,.F.,.F.,.U.,(4,4),(2,2),(0.470588235,0.529411765),(0.0,1.0),.PIECEWISE_BEZIER_KNOTS.);
#6132=CARTESIAN_POINT('',(11.024054635,-8.220319728,0.001));
#6133=CARTESIAN_POINT('',(11.024054635,-8.220319728,-1.694065895E-18));
#6134=CARTESIAN_POINT('',(11.058061366,-8.210096846,0.001));
#6135=CARTESIAN_POINT('',(11.058061366,-8.210096846,-1.694065895E-18));
#6136=CARTESIAN_POINT('',(11.06119082,-8.169831207,0.001));
#6137=CARTESIAN_POINT('',(11.06119082,-8.169831207,-1.694065895E-18));
#6138=CARTESIAN_POINT('',(11.033234366,-8.155018459,0.001));
#6139=CARTESIAN_POINT('',(11.033234366,-8.155018459,-1.694065895E-18));
#6140=ADVANCED_FACE('NONE',(#6141),#6168,.F.);
#6141=FACE_BOUND('NONE',#6142,.T.);
#6142=EDGE_LOOP('',(#6143,#6152,#6160,#6167));
#6143=ORIENTED_EDGE('',*,*,#6144,.T.);
#6144=EDGE_CURVE('NONE',#6108,#6145,#6147,.T.);
#6145=VERTEX_POINT('NONE',#6146);
#6146=CARTESIAN_POINT('',(10.933926366,-8.134155434,0.0));
#6147=B_SPLINE_CURVE_WITH_KNOTS('',3,(#6148,#6149,#6150,#6151),.UNSPECIFIED.,.F.,.U.,(4,4),(0.529411765,0.588235294),.PIECEWISE_BEZIER_KNOTS.);
#6148=CARTESIAN_POINT('',(11.033234366,-8.155018459,0.0));
#6149=CARTESIAN_POINT('',(11.002774349,-8.13895393,0.0));
#6150=CARTESIAN_POINT('',(10.931840064,-8.163155039,0.0));
#6151=CARTESIAN_POINT('',(10.933926366,-8.134155434,0.0));
#6152=ORIENTED_EDGE('',*,*,#6153,.T.);
#6153=EDGE_CURVE('NONE',#6145,#6154,#6156,.F.);
#6154=VERTEX_POINT('NONE',#6155);
#6155=CARTESIAN_POINT('',(10.933926366,-8.134155434,0.001));
#6156=LINE('',#6157,#6158);
#6157=CARTESIAN_POINT('',(10.933926366,-8.134155434,0.001));
#6158=VECTOR('',#6159,1.0);
#6159=DIRECTION('',(0.0,0.0,-1.0));
#6160=ORIENTED_EDGE('',*,*,#6161,.T.);
#6161=EDGE_CURVE('NONE',#6154,#6117,#6162,.F.);
#6162=B_SPLINE_CURVE_WITH_KNOTS('',3,(#6163,#6164,#6165,#6166),.UNSPECIFIED.,.F.,.U.,(4,4),(0.529411765,0.588235294),.PIECEWISE_BEZIER_KNOTS.);
#6163=CARTESIAN_POINT('',(11.033234366,-8.155018459,0.001));
#6164=CARTESIAN_POINT('',(11.002774349,-8.13895393,0.001));
#6165=CARTESIAN_POINT('',(10.931840064,-8.163155039,0.001));
#6166=CARTESIAN_POINT('',(10.933926366,-8.134155434,0.001));
#6167=ORIENTED_EDGE('',*,*,#6116,.F.);
#6168=B_SPLINE_SURFACE_WITH_KNOTS('',3,1,((#6169,#6170),(#6171,#6172),(#6173,#6174),(#6175,#6176)),.UNSPECIFIED.,.F.,.F.,.U.,(4,4),(2,2),(0.529411765,0.588235294),(0.0,1.0),.PIECEWISE_BEZIER_KNOTS.);
#6169=CARTESIAN_POINT('',(11.033234366,-8.155018459,0.001));
#6170=CARTESIAN_POINT('',(11.033234366,-8.155018459,0.0));
#6171=CARTESIAN_POINT('',(11.002774349,-8.13895393,0.001));
#6172=CARTESIAN_POINT('',(11.002774349,-8.13895393,0.0));
#6173=CARTESIAN_POINT('',(10.931840064,-8.163155039,0.001));
#6174=CARTESIAN_POINT('',(10.931840064,-8.163155039,0.0));
#6175=CARTESIAN_POINT('',(10.933926366,-8.134155434,0.001));
#6176=CARTESIAN_POINT('',(10.933926366,-8.134155434,0.0));
#6177=ADVANCED_FACE('NONE',(#6178),#6205,.F.);
#6178=FACE_BOUND('NONE',#6179,.T.);
#6179=EDGE_LOOP('',(#6180,#6189,#6197,#6204));
#6180=ORIENTED_EDGE('',*,*,#6181,.T.);
#6181=EDGE_CURVE('NONE',#6145,#6182,#6184,.T.);
#6182=VERTEX_POINT('NONE',#6183);
#6183=CARTESIAN_POINT('',(10.980033652,-8.120594468,0.0));
#6184=B_SPLINE_CURVE_WITH_KNOTS('',3,(#6185,#6186,#6187,#6188),.UNSPECIFIED.,.F.,.U.,(4,4),(0.588235294,0.647058824),.PIECEWISE_BEZIER_KNOTS.);
#6185=CARTESIAN_POINT('',(10.933926366,-8.134155434,0.0));
#6186=CARTESIAN_POINT('',(10.934969517,-8.116421863,0.0));
#6187=CARTESIAN_POINT('',(10.961256929,-8.120594468,0.0));
#6188=CARTESIAN_POINT('',(10.980033652,-8.120594468,0.0));
#6189=ORIENTED_EDGE('',*,*,#6190,.T.);
#6190=EDGE_CURVE('NONE',#6182,#6191,#6193,.F.);
#6191=VERTEX_POINT('NONE',#6192);
#6192=CARTESIAN_POINT('',(10.980033652,-8.120594468,0.001));
#6193=LINE('',#6194,#6195);
#6194=CARTESIAN_POINT('',(10.980033652,-8.120594468,0.001));
#6195=VECTOR('',#6196,1.0);
#6196=DIRECTION('',(0.0,0.0,-1.0));
#6197=ORIENTED_EDGE('',*,*,#6198,.T.);
#6198=EDGE_CURVE('NONE',#6191,#6154,#6199,.F.);
#6199=B_SPLINE_CURVE_WITH_KNOTS('',3,(#6200,#6201,#6202,#6203),.UNSPECIFIED.,.F.,.U.,(4,4),(0.588235294,0.647058824),.PIECEWISE_BEZIER_KNOTS.);
#6200=CARTESIAN_POINT('',(10.933926366,-8.134155434,0.001));
#6201=CARTESIAN_POINT('',(10.934969517,-8.116421863,0.001));
#6202=CARTESIAN_POINT('',(10.961256929,-8.120594468,0.001));
#6203=CARTESIAN_POINT('',(10.980033652,-8.120594468,0.001));
#6204=ORIENTED_EDGE('',*,*,#6153,.F.);
#6205=B_SPLINE_SURFACE_WITH_KNOTS('',3,1,((#6206,#6207),(#6208,#6209),(#6210,#6211),(#6212,#6213)),.UNSPECIFIED.,.F.,.F.,.U.,(4,4),(2,2),(0.588235294,0.647058824),(0.0,1.0),.PIECEWISE_BEZIER_KNOTS.);
#6206=CARTESIAN_POINT('',(10.933926366,-8.134155434,0.001));
#6207=CARTESIAN_POINT('',(10.933926366,-8.134155434,0.0));
#6208=CARTESIAN_POINT('',(10.934969517,-8.116421863,0.001));
#6209=CARTESIAN_POINT('',(10.934969517,-8.116421863,0.0));
#6210=CARTESIAN_POINT('',(10.961256929,-8.120594468,0.001));
#6211=CARTESIAN_POINT('',(10.961256929,-8.120594468,0.0));
#6212=CARTESIAN_POINT('',(10.980033652,-8.120594468,0.001));
#6213=CARTESIAN_POINT('',(10.980033652,-8.120594468,0.0));
#6214=ADVANCED_FACE('NONE',(#6215),#6242,.F.);
#6215=FACE_BOUND('NONE',#6216,.T.);
#6216=EDGE_LOOP('',(#6217,#6226,#6234,#6241));
#6217=ORIENTED_EDGE('',*,*,#6218,.T.);
#6218=EDGE_CURVE('NONE',#6182,#6219,#6221,.T.);
#6219=VERTEX_POINT('NONE',#6220);
#6220=CARTESIAN_POINT('',(11.041996837,-8.120385838,0.0));
#6221=B_SPLINE_CURVE_WITH_KNOTS('',3,(#6222,#6223,#6224,#6225),.UNSPECIFIED.,.F.,.U.,(4,4),(0.647058824,0.705882353),.PIECEWISE_BEZIER_KNOTS.);
#6222=CARTESIAN_POINT('',(10.980033652,-8.120594468,0.0));
#6223=CARTESIAN_POINT('',(10.998601744,-8.120594468,0.0));
#6224=CARTESIAN_POINT('',(11.024263265,-8.121846249,0.0));
#6225=CARTESIAN_POINT('',(11.041996837,-8.120385838,0.0));
#6226=ORIENTED_EDGE('',*,*,#6227,.T.);
#6227=EDGE_CURVE('NONE',#6219,#6228,#6230,.F.);
#6228=VERTEX_POINT('NONE',#6229);
#6229=CARTESIAN_POINT('',(11.041996837,-8.120385838,0.001));
#6230=LINE('',#6231,#6232);
#6231=CARTESIAN_POINT('',(11.041996837,-8.120385838,0.001));
#6232=VECTOR('',#6233,1.0);
#6233=DIRECTION('',(0.0,0.0,-1.0));
#6234=ORIENTED_EDGE('',*,*,#6235,.T.);
#6235=EDGE_CURVE('NONE',#6228,#6191,#6236,.F.);
#6236=B_SPLINE_CURVE_WITH_KNOTS('',3,(#6237,#6238,#6239,#6240),.UNSPECIFIED.,.F.,.U.,(4,4),(0.647058824,0.705882353),.PIECEWISE_BEZIER_KNOTS.);
#6237=CARTESIAN_POINT('',(10.980033652,-8.120594468,0.001));
#6238=CARTESIAN_POINT('',(10.998601744,-8.120594468,0.001));
#6239=CARTESIAN_POINT('',(11.024263265,-8.121846249,0.001));
#6240=CARTESIAN_POINT('',(11.041996837,-8.120385838,0.001));
#6241=ORIENTED_EDGE('',*,*,#6190,.F.);
#6242=B_SPLINE_SURFACE_WITH_KNOTS('',3,1,((#6243,#6244),(#6245,#6246),(#6247,#6248),(#6249,#6250)),.UNSPECIFIED.,.F.,.F.,.U.,(4,4),(2,2),(0.647058824,0.705882353),(0.0,1.0),.PIECEWISE_BEZIER_KNOTS.);
#6243=CARTESIAN_POINT('',(10.980033652,-8.120594468,0.001));
#6244=CARTESIAN_POINT('',(10.980033652,-8.120594468,0.0));
#6245=CARTESIAN_POINT('',(10.998601744,-8.120594468,0.001));
#6246=CARTESIAN_POINT('',(10.998601744,-8.120594468,0.0));
#6247=CARTESIAN_POINT('',(11.024263265,-8.121846249,0.001));
#6248=CARTESIAN_POINT('',(11.024263265,-8.121846249,0.0));
#6249=CARTESIAN_POINT('',(11.041996837,-8.120385838,0.001));
#6250=CARTESIAN_POINT('',(11.041996837,-8.120385838,0.0));
#6251=ADVANCED_FACE('NONE',(#6252),#6277,.F.);
#6252=FACE_BOUND('NONE',#6253,.T.);
#6253=EDGE_LOOP('',(#6254,#6262,#6270,#6276));
#6254=ORIENTED_EDGE('',*,*,#6255,.T.);
#6255=EDGE_CURVE('NONE',#6219,#6256,#6258,.T.);
#6256=VERTEX_POINT('NONE',#6257);
#6257=CARTESIAN_POINT('',(11.041996837,-8.098688291,0.0));
#6258=LINE('',#6259,#6260);
#6259=CARTESIAN_POINT('',(11.041996837,0.0,0.0));
#6260=VECTOR('',#6261,1.0);
#6261=DIRECTION('',(0.0,1.0,0.0));
#6262=ORIENTED_EDGE('',*,*,#6263,.T.);
#6263=EDGE_CURVE('NONE',#6256,#6264,#6266,.F.);
#6264=VERTEX_POINT('NONE',#6265);
#6265=CARTESIAN_POINT('',(11.041996837,-8.098688291,0.001));
#6266=LINE('',#6267,#6268);
#6267=CARTESIAN_POINT('',(11.041996837,-8.098688291,0.001));
#6268=VECTOR('',#6269,1.0);
#6269=DIRECTION('',(0.0,0.0,-1.0));
#6270=ORIENTED_EDGE('',*,*,#6271,.T.);
#6271=EDGE_CURVE('NONE',#6264,#6228,#6272,.F.);
#6272=LINE('',#6273,#6274);
#6273=CARTESIAN_POINT('',(11.041996837,0.0,0.001));
#6274=VECTOR('',#6275,1.0);
#6275=DIRECTION('',(0.0,1.0,0.0));
#6276=ORIENTED_EDGE('',*,*,#6227,.F.);
#6277=PLANE('',#6278);
#6278=AXIS2_PLACEMENT_3D('',#6279,#6280,#6281);
#6279=CARTESIAN_POINT('',(11.041996837,0.0,0.001));
#6280=DIRECTION('',(-1.0,0.0,0.0));
#6281=DIRECTION('',(0.0,0.0,1.0));
#6282=ADVANCED_FACE('NONE',(#6283),#6301,.F.);
#6283=FACE_BOUND('NONE',#6284,.T.);
#6284=EDGE_LOOP('',(#6285,#6292,#6293,#6300));
#6285=ORIENTED_EDGE('',*,*,#6286,.T.);
#6286=EDGE_CURVE('NONE',#6256,#5741,#6287,.T.);
#6287=B_SPLINE_CURVE_WITH_KNOTS('',3,(#6288,#6289,#6290,#6291),.UNSPECIFIED.,.F.,.U.,(4,4),(0.764705882,0.823529412),.PIECEWISE_BEZIER_KNOTS.);
#6288=CARTESIAN_POINT('',(11.041996837,-8.098688291,0.0));
#6289=CARTESIAN_POINT('',(11.032399845,-8.09785377,0.0));
#6290=CARTESIAN_POINT('',(10.965846795,-8.098479661,0.0));
#6291=CARTESIAN_POINT('',(10.949990896,-8.098479661,0.0));
#6292=ORIENTED_EDGE('',*,*,#5768,.F.);
#6293=ORIENTED_EDGE('',*,*,#6294,.T.);
#6294=EDGE_CURVE('NONE',#5760,#6264,#6295,.F.);
#6295=B_SPLINE_CURVE_WITH_KNOTS('',3,(#6296,#6297,#6298,#6299),.UNSPECIFIED.,.F.,.U.,(4,4),(0.764705882,0.823529412),.PIECEWISE_BEZIER_KNOTS.);
#6296=CARTESIAN_POINT('',(11.041996837,-8.098688291,0.001));
#6297=CARTESIAN_POINT('',(11.032399845,-8.09785377,0.001));
#6298=CARTESIAN_POINT('',(10.965846795,-8.098479661,0.001));
#6299=CARTESIAN_POINT('',(10.949990896,-8.098479661,0.001));
#6300=ORIENTED_EDGE('',*,*,#6263,.F.);
#6301=B_SPLINE_SURFACE_WITH_KNOTS('',3,1,((#6302,#6303),(#6304,#6305),(#6306,#6307),(#6308,#6309)),.UNSPECIFIED.,.F.,.F.,.U.,(4,4),(2,2),(0.764705882,0.823529412),(0.0,1.0),.PIECEWISE_BEZIER_KNOTS.);
#6302=CARTESIAN_POINT('',(11.041996837,-8.098688291,0.001));
#6303=CARTESIAN_POINT('',(11.041996837,-8.098688291,0.0));
#6304=CARTESIAN_POINT('',(11.032399845,-8.09785377,0.001));
#6305=CARTESIAN_POINT('',(11.032399845,-8.09785377,0.0));
#6306=CARTESIAN_POINT('',(10.965846795,-8.098479661,0.001));
#6307=CARTESIAN_POINT('',(10.965846795,-8.098479661,0.0));
#6308=CARTESIAN_POINT('',(10.949990896,-8.098479661,0.001));
#6309=CARTESIAN_POINT('',(10.949990896,-8.098479661,0.0));
#6310=ADVANCED_FACE('NONE',(#6311),#6329,.T.);
#6311=FACE_BOUND('NONE',#6312,.T.);
#6312=EDGE_LOOP('',(#6313,#6314,#6315,#6316,#6317,#6318,#6319,#6320,#6321,#6322,#6323,#6324,#6325,#6326,#6327,#6328));
#6313=ORIENTED_EDGE('',*,*,#5759,.F.);
#6314=ORIENTED_EDGE('',*,*,#5803,.F.);
#6315=ORIENTED_EDGE('',*,*,#5839,.F.);
#6316=ORIENTED_EDGE('',*,*,#5871,.F.);
#6317=ORIENTED_EDGE('',*,*,#5908,.F.);
#6318=ORIENTED_EDGE('',*,*,#5945,.F.);
#6319=ORIENTED_EDGE('',*,*,#5982,.F.);
#6320=ORIENTED_EDGE('',*,*,#6019,.F.);
#6321=ORIENTED_EDGE('',*,*,#6055,.F.);
#6322=ORIENTED_EDGE('',*,*,#6087,.F.);
#6323=ORIENTED_EDGE('',*,*,#6124,.F.);
#6324=ORIENTED_EDGE('',*,*,#6161,.F.);
#6325=ORIENTED_EDGE('',*,*,#6198,.F.);
#6326=ORIENTED_EDGE('',*,*,#6235,.F.);
#6327=ORIENTED_EDGE('',*,*,#6271,.F.);
#6328=ORIENTED_EDGE('',*,*,#6294,.F.);
#6329=PLANE('',#6330);
#6330=AXIS2_PLACEMENT_3D('',#6331,#6332,#6333);
#6331=CARTESIAN_POINT('',(0.0,0.0,0.001));
#6332=DIRECTION('',(0.0,0.0,1.0));
#6333=DIRECTION('',(1.0,0.0,0.0));
#6334=ADVANCED_FACE('NONE',(#6335),#6353,.F.);
#6335=FACE_BOUND('NONE',#6336,.T.);
#6336=EDGE_LOOP('',(#6337,#6338,#6339,#6340,#6341,#6342,#6343,#6344,#6345,#6346,#6347,#6348,#6349,#6350,#6351,#6352));
#6337=ORIENTED_EDGE('',*,*,#5740,.F.);
#6338=ORIENTED_EDGE('',*,*,#6286,.F.);
#6339=ORIENTED_EDGE('',*,*,#6255,.F.);
#6340=ORIENTED_EDGE('',*,*,#6218,.F.);
#6341=ORIENTED_EDGE('',*,*,#6181,.F.);
#6342=ORIENTED_EDGE('',*,*,#6144,.F.);
#6343=ORIENTED_EDGE('',*,*,#6107,.F.);
#6344=ORIENTED_EDGE('',*,*,#6070,.F.);
#6345=ORIENTED_EDGE('',*,*,#6039,.F.);
#6346=ORIENTED_EDGE('',*,*,#6002,.F.);
#6347=ORIENTED_EDGE('',*,*,#5965,.F.);
#6348=ORIENTED_EDGE('',*,*,#5928,.F.);
#6349=ORIENTED_EDGE('',*,*,#5891,.F.);
#6350=ORIENTED_EDGE('',*,*,#5854,.F.);
#6351=ORIENTED_EDGE('',*,*,#5823,.F.);
#6352=ORIENTED_EDGE('',*,*,#5786,.F.);
#6353=PLANE('',#6354);
#6354=AXIS2_PLACEMENT_3D('',#6355,#6356,#6357);
#6355=CARTESIAN_POINT('',(0.0,0.0,0.0));
#6356=DIRECTION('',(0.0,0.0,1.0));
#6357=DIRECTION('',(1.0,0.0,0.0));
#6358=MANIFOLD_SOLID_BREP('Boss-Extrude1[6]',#6359);
#6359=CLOSED_SHELL('NONE',(#6360,#6406,#6443,#6474,#6505,#6536,#6573,#6610,#6641,#6678,#6715,#6737,#6756));
#6360=ADVANCED_FACE('NONE',(#6361),#6397,.F.);
#6361=FACE_BOUND('NONE',#6362,.T.);
#6362=EDGE_LOOP('',(#6363,#6374,#6382,#6391));
#6363=ORIENTED_EDGE('',*,*,#6364,.T.);
#6364=EDGE_CURVE('NONE',#6365,#6367,#6369,.T.);
#6365=VERTEX_POINT('NONE',#6366);
#6366=CARTESIAN_POINT('',(11.239569686,-8.200708485,0.0));
#6367=VERTEX_POINT('NONE',#6368);
#6368=CARTESIAN_POINT('',(11.174059787,-8.200708485,0.0));
#6369=B_SPLINE_CURVE_WITH_KNOTS('',3,(#6370,#6371,#6372,#6373),.UNSPECIFIED.,.F.,.U.,(4,4),(0.5,0.583333333),.PIECEWISE_BEZIER_KNOTS.);
#6370=CARTESIAN_POINT('',(11.239569686,-8.200708485,0.0));
#6371=CARTESIAN_POINT('',(11.21849803,-8.200708485,0.0));
#6372=CARTESIAN_POINT('',(11.194714182,-8.201543006,0.0));
#6373=CARTESIAN_POINT('',(11.174059787,-8.200708485,0.0));
#6374=ORIENTED_EDGE('',*,*,#6375,.T.);
#6375=EDGE_CURVE('NONE',#6367,#6376,#6378,.F.);
#6376=VERTEX_POINT('NONE',#6377);
#6377=CARTESIAN_POINT('',(11.174059787,-8.200708485,0.001));
#6378=LINE('',#6379,#6380);
#6379=CARTESIAN_POINT('',(11.174059787,-8.200708485,0.001));
#6380=VECTOR('',#6381,1.0);
#6381=DIRECTION('',(0.0,0.0,-1.0));
#6382=ORIENTED_EDGE('',*,*,#6383,.T.);
#6383=EDGE_CURVE('NONE',#6376,#6384,#6386,.F.);
#6384=VERTEX_POINT('NONE',#6385);
#6385=CARTESIAN_POINT('',(11.239569686,-8.200708485,0.001));
#6386=B_SPLINE_CURVE_WITH_KNOTS('',3,(#6387,#6388,#6389,#6390),.UNSPECIFIED.,.F.,.U.,(4,4),(0.5,0.583333333),.PIECEWISE_BEZIER_KNOTS.);
#6387=CARTESIAN_POINT('',(11.239569686,-8.200708485,0.001));
#6388=CARTESIAN_POINT('',(11.21849803,-8.200708485,0.001));
#6389=CARTESIAN_POINT('',(11.194714182,-8.201543006,0.001));
#6390=CARTESIAN_POINT('',(11.174059787,-8.200708485,0.001));
#6391=ORIENTED_EDGE('',*,*,#6392,.T.);
#6392=EDGE_CURVE('NONE',#6384,#6365,#6393,.T.);
#6393=LINE('',#6394,#6395);
#6394=CARTESIAN_POINT('',(11.239569686,-8.200708485,0.001));
#6395=VECTOR('',#6396,1.0);
#6396=DIRECTION('',(0.0,0.0,-1.0));
#6397=B_SPLINE_SURFACE_WITH_KNOTS('',3,1,((#6398,#6399),(#6400,#6401),(#6402,#6403),(#6404,#6405)),.UNSPECIFIED.,.F.,.F.,.U.,(4,4),(2,2),(0.5,0.583333333),(0.0,1.0),.PIECEWISE_BEZIER_KNOTS.);
#6398=CARTESIAN_POINT('',(11.239569686,-8.200708485,0.001));
#6399=CARTESIAN_POINT('',(11.239569686,-8.200708485,0.0));
#6400=CARTESIAN_POINT('',(11.21849803,-8.200708485,0.001));
#6401=CARTESIAN_POINT('',(11.21849803,-8.200708485,0.0));
#6402=CARTESIAN_POINT('',(11.194714182,-8.201543006,0.001));
#6403=CARTESIAN_POINT('',(11.194714182,-8.201543006,0.0));
#6404=CARTESIAN_POINT('',(11.174059787,-8.200708485,0.001));
#6405=CARTESIAN_POINT('',(11.174059787,-8.200708485,0.0));
#6406=ADVANCED_FACE('NONE',(#6407),#6434,.F.);
#6407=FACE_BOUND('NONE',#6408,.T.);
#6408=EDGE_LOOP('',(#6409,#6418,#6426,#6433));
#6409=ORIENTED_EDGE('',*,*,#6410,.T.);
#6410=EDGE_CURVE('NONE',#6367,#6411,#6413,.T.);
#6411=VERTEX_POINT('NONE',#6412);
#6412=CARTESIAN_POINT('',(11.142556619,-8.17212614,0.0));
#6413=B_SPLINE_CURVE_WITH_KNOTS('',3,(#6414,#6415,#6416,#6417),.UNSPECIFIED.,.F.,.U.,(4,4),(0.583333333,0.666666667),.PIECEWISE_BEZIER_KNOTS.);
#6414=CARTESIAN_POINT('',(11.174059787,-8.200708485,0.0));
#6415=CARTESIAN_POINT('',(11.153614022,-8.199665334,0.0));
#6416=CARTESIAN_POINT('',(11.143182509,-8.189651081,0.0));
#6417=CARTESIAN_POINT('',(11.142556619,-8.17212614,0.0));
#6418=ORIENTED_EDGE('',*,*,#6419,.T.);
#6419=EDGE_CURVE('NONE',#6411,#6420,#6422,.F.);
#6420=VERTEX_POINT('NONE',#6421);
#6421=CARTESIAN_POINT('',(11.142556619,-8.17212614,0.001));
#6422=LINE('',#6423,#6424);
#6423=CARTESIAN_POINT('',(11.142556619,-8.17212614,0.001));
#6424=VECTOR('',#6425,1.0);
#6425=DIRECTION('',(0.0,0.0,-1.0));
#6426=ORIENTED_EDGE('',*,*,#6427,.T.);
#6427=EDGE_CURVE('NONE',#6420,#6376,#6428,.F.);
#6428=B_SPLINE_CURVE_WITH_KNOTS('',3,(#6429,#6430,#6431,#6432),.UNSPECIFIED.,.F.,.U.,(4,4),(0.583333333,0.666666667),.PIECEWISE_BEZIER_KNOTS.);
#6429=CARTESIAN_POINT('',(11.174059787,-8.200708485,0.001));
#6430=CARTESIAN_POINT('',(11.153614022,-8.199665334,0.001));
#6431=CARTESIAN_POINT('',(11.143182509,-8.189651081,0.001));
#6432=CARTESIAN_POINT('',(11.142556619,-8.17212614,0.001));
#6433=ORIENTED_EDGE('',*,*,#6375,.F.);
#6434=B_SPLINE_SURFACE_WITH_KNOTS('',3,1,((#6435,#6436),(#6437,#6438),(#6439,#6440),(#6441,#6442)),.UNSPECIFIED.,.F.,.F.,.U.,(4,4),(2,2),(0.583333333,0.666666667),(0.0,1.0),.PIECEWISE_BEZIER_KNOTS.);
#6435=CARTESIAN_POINT('',(11.174059787,-8.200708485,0.001));
#6436=CARTESIAN_POINT('',(11.174059787,-8.200708485,0.0));
#6437=CARTESIAN_POINT('',(11.153614022,-8.199665334,0.001));
#6438=CARTESIAN_POINT('',(11.153614022,-8.199665334,0.0));
#6439=CARTESIAN_POINT('',(11.143182509,-8.189651081,0.001));
#6440=CARTESIAN_POINT('',(11.143182509,-8.189651081,0.0));
#6441=CARTESIAN_POINT('',(11.142556619,-8.17212614,0.001));
#6442=CARTESIAN_POINT('',(11.142556619,-8.17212614,0.0));
#6443=ADVANCED_FACE('NONE',(#6444),#6469,.F.);
#6444=FACE_BOUND('NONE',#6445,.T.);
#6445=EDGE_LOOP('',(#6446,#6454,#6462,#6468));
#6446=ORIENTED_EDGE('',*,*,#6447,.T.);
#6447=EDGE_CURVE('NONE',#6411,#6448,#6450,.T.);
#6448=VERTEX_POINT('NONE',#6449);
#6449=CARTESIAN_POINT('',(11.239361056,-8.17212614,0.0));
#6450=LINE('',#6451,#6452);
#6451=CARTESIAN_POINT('',(0.0,-8.17212614,0.0));
#6452=VECTOR('',#6453,1.0);
#6453=DIRECTION('',(1.0,0.0,0.0));
#6454=ORIENTED_EDGE('',*,*,#6455,.T.);
#6455=EDGE_CURVE('NONE',#6448,#6456,#6458,.F.);
#6456=VERTEX_POINT('NONE',#6457);
#6457=CARTESIAN_POINT('',(11.239361056,-8.17212614,0.001));
#6458=LINE('',#6459,#6460);
#6459=CARTESIAN_POINT('',(11.239361056,-8.17212614,0.001));
#6460=VECTOR('',#6461,1.0);
#6461=DIRECTION('',(0.0,0.0,-1.0));
#6462=ORIENTED_EDGE('',*,*,#6463,.T.);
#6463=EDGE_CURVE('NONE',#6456,#6420,#6464,.F.);
#6464=LINE('',#6465,#6466);
#6465=CARTESIAN_POINT('',(0.0,-8.17212614,0.001));
#6466=VECTOR('',#6467,1.0);
#6467=DIRECTION('',(1.0,0.0,0.0));
#6468=ORIENTED_EDGE('',*,*,#6419,.F.);
#6469=PLANE('',#6470);
#6470=AXIS2_PLACEMENT_3D('',#6471,#6472,#6473);
#6471=CARTESIAN_POINT('',(0.0,-8.17212614,0.001));
#6472=DIRECTION('',(0.0,1.0,0.0));
#6473=DIRECTION('',(0.0,0.0,1.0));
#6474=ADVANCED_FACE('NONE',(#6475),#6500,.F.);
#6475=FACE_BOUND('NONE',#6476,.T.);
#6476=EDGE_LOOP('',(#6477,#6485,#6493,#6499));
#6477=ORIENTED_EDGE('',*,*,#6478,.T.);
#6478=EDGE_CURVE('NONE',#6448,#6479,#6481,.T.);
#6479=VERTEX_POINT('NONE',#6480);
#6480=CARTESIAN_POINT('',(11.239778316,-8.150219964,0.0));
#6481=LINE('',#6482,#6483);
#6482=CARTESIAN_POINT('',(11.390887853,-0.216969292,0.0));
#6483=VECTOR('',#6484,1.0);
#6484=DIRECTION('',(0.019044165,0.999818643,0.0));
#6485=ORIENTED_EDGE('',*,*,#6486,.T.);
#6486=EDGE_CURVE('NONE',#6479,#6487,#6489,.F.);
#6487=VERTEX_POINT('NONE',#6488);
#6488=CARTESIAN_POINT('',(11.239778316,-8.150219964,0.001));
#6489=LINE('',#6490,#6491);
#6490=CARTESIAN_POINT('',(11.239778316,-8.150219964,0.001));
#6491=VECTOR('',#6492,1.0);
#6492=DIRECTION('',(0.0,0.0,-1.0));
#6493=ORIENTED_EDGE('',*,*,#6494,.T.);
#6494=EDGE_CURVE('NONE',#6487,#6456,#6495,.F.);
#6495=LINE('',#6496,#6497);
#6496=CARTESIAN_POINT('',(11.390887853,-0.216969292,0.001));
#6497=VECTOR('',#6498,1.0);
#6498=DIRECTION('',(0.019044165,0.999818643,0.0));
#6499=ORIENTED_EDGE('',*,*,#6455,.F.);
#6500=PLANE('',#6501);
#6501=AXIS2_PLACEMENT_3D('',#6502,#6503,#6504);
#6502=CARTESIAN_POINT('',(11.390887853,-0.216969292,0.001));
#6503=DIRECTION('',(-0.999818643,0.019044165,0.0));
#6504=DIRECTION('',(-0.019044165,-0.999818643,0.0));
#6505=ADVANCED_FACE('NONE',(#6506),#6531,.F.);
#6506=FACE_BOUND('NONE',#6507,.T.);
#6507=EDGE_LOOP('',(#6508,#6516,#6524,#6530));
#6508=ORIENTED_EDGE('',*,*,#6509,.T.);
#6509=EDGE_CURVE('NONE',#6479,#6510,#6512,.T.);
#6510=VERTEX_POINT('NONE',#6511);
#6511=CARTESIAN_POINT('',(11.142973879,-8.150219964,0.0));
#6512=LINE('',#6513,#6514);
#6513=CARTESIAN_POINT('',(0.0,-8.150219964,0.0));
#6514=VECTOR('',#6515,1.0);
#6515=DIRECTION('',(-1.0,0.0,0.0));
#6516=ORIENTED_EDGE('',*,*,#6517,.T.);
#6517=EDGE_CURVE('NONE',#6510,#6518,#6520,.F.);
#6518=VERTEX_POINT('NONE',#6519);
#6519=CARTESIAN_POINT('',(11.142973879,-8.150219964,0.001));
#6520=LINE('',#6521,#6522);
#6521=CARTESIAN_POINT('',(11.142973879,-8.150219964,0.001));
#6522=VECTOR('',#6523,1.0);
#6523=DIRECTION('',(0.0,0.0,-1.0));
#6524=ORIENTED_EDGE('',*,*,#6525,.T.);
#6525=EDGE_CURVE('NONE',#6518,#6487,#6526,.F.);
#6526=LINE('',#6527,#6528);
#6527=CARTESIAN_POINT('',(0.0,-8.150219964,0.001));
#6528=VECTOR('',#6529,1.0);
#6529=DIRECTION('',(-1.0,0.0,0.0));
#6530=ORIENTED_EDGE('',*,*,#6486,.F.);
#6531=PLANE('',#6532);
#6532=AXIS2_PLACEMENT_3D('',#6533,#6534,#6535);
#6533=CARTESIAN_POINT('',(0.0,-8.150219964,0.001));
#6534=DIRECTION('',(0.0,-1.0,0.0));
#6535=DIRECTION('',(0.0,0.0,-1.0));
#6536=ADVANCED_FACE('NONE',(#6537),#6564,.F.);
#6537=FACE_BOUND('NONE',#6538,.T.);
#6538=EDGE_LOOP('',(#6539,#6548,#6556,#6563));
#6539=ORIENTED_EDGE('',*,*,#6540,.T.);
#6540=EDGE_CURVE('NONE',#6510,#6541,#6543,.T.);
#6541=VERTEX_POINT('NONE',#6542);
#6542=CARTESIAN_POINT('',(11.172599375,-8.120803098,0.0));
#6543=B_SPLINE_CURVE_WITH_KNOTS('',3,(#6544,#6545,#6546,#6547),.UNSPECIFIED.,.F.,.U.,(4,4),(0.0,0.083333333),.PIECEWISE_BEZIER_KNOTS.);
#6544=CARTESIAN_POINT('',(11.142973879,-8.150219964,0.0));
#6545=CARTESIAN_POINT('',(11.141513467,-8.133529543,0.0));
#6546=CARTESIAN_POINT('',(11.154448543,-8.12226351,0.0));
#6547=CARTESIAN_POINT('',(11.172599375,-8.120803098,0.0));
#6548=ORIENTED_EDGE('',*,*,#6549,.T.);
#6549=EDGE_CURVE('NONE',#6541,#6550,#6552,.F.);
#6550=VERTEX_POINT('NONE',#6551);
#6551=CARTESIAN_POINT('',(11.172599375,-8.120803098,0.001));
#6552=LINE('',#6553,#6554);
#6553=CARTESIAN_POINT('',(11.172599375,-8.120803098,0.001));
#6554=VECTOR('',#6555,1.0);
#6555=DIRECTION('',(0.0,0.0,-1.0));
#6556=ORIENTED_EDGE('',*,*,#6557,.T.);
#6557=EDGE_CURVE('NONE',#6550,#6518,#6558,.F.);
#6558=B_SPLINE_CURVE_WITH_KNOTS('',3,(#6559,#6560,#6561,#6562),.UNSPECIFIED.,.F.,.U.,(4,4),(0.0,0.083333333),.PIECEWISE_BEZIER_KNOTS.);
#6559=CARTESIAN_POINT('',(11.142973879,-8.150219964,0.001));
#6560=CARTESIAN_POINT('',(11.141513467,-8.133529543,0.001));
#6561=CARTESIAN_POINT('',(11.154448543,-8.12226351,0.001));
#6562=CARTESIAN_POINT('',(11.172599375,-8.120803098,0.001));
#6563=ORIENTED_EDGE('',*,*,#6517,.F.);
#6564=B_SPLINE_SURFACE_WITH_KNOTS('',3,1,((#6565,#6566),(#6567,#6568),(#6569,#6570),(#6571,#6572)),.UNSPECIFIED.,.F.,.F.,.U.,(4,4),(2,2),(0.0,0.083333333),(0.0,1.0),.PIECEWISE_BEZIER_KNOTS.);
#6565=CARTESIAN_POINT('',(11.142973879,-8.150219964,0.001));
#6566=CARTESIAN_POINT('',(11.142973879,-8.150219964,0.0));
#6567=CARTESIAN_POINT('',(11.141513467,-8.133529543,0.001));
#6568=CARTESIAN_POINT('',(11.141513467,-8.133529543,0.0));
#6569=CARTESIAN_POINT('',(11.154448543,-8.12226351,0.001));
#6570=CARTESIAN_POINT('',(11.154448543,-8.12226351,0.0));
#6571=CARTESIAN_POINT('',(11.172599375,-8.120803098,0.001));
#6572=CARTESIAN_POINT('',(11.172599375,-8.120803098,0.0));
#6573=ADVANCED_FACE('NONE',(#6574),#6601,.F.);
#6574=FACE_BOUND('NONE',#6575,.T.);
#6575=EDGE_LOOP('',(#6576,#6585,#6593,#6600));
#6576=ORIENTED_EDGE('',*,*,#6577,.T.);
#6577=EDGE_CURVE('NONE',#6541,#6578,#6580,.T.);
#6578=VERTEX_POINT('NONE',#6579);
#6579=CARTESIAN_POINT('',(11.238526535,-8.120385838,0.0));
#6580=B_SPLINE_CURVE_WITH_KNOTS('',3,(#6581,#6582,#6583,#6584),.UNSPECIFIED.,.F.,.U.,(4,4),(0.083333333,0.166666667),.PIECEWISE_BEZIER_KNOTS.);
#6581=CARTESIAN_POINT('',(11.172599375,-8.120803098,0.0));
#6582=CARTESIAN_POINT('',(11.191793358,-8.119134056,-1.694065895E-18));
#6583=CARTESIAN_POINT('',(11.2182894,-8.120385838,-1.694065895E-18));
#6584=CARTESIAN_POINT('',(11.238526535,-8.120385838,0.0));
#6585=ORIENTED_EDGE('',*,*,#6586,.T.);
#6586=EDGE_CURVE('NONE',#6578,#6587,#6589,.F.);
#6587=VERTEX_POINT('NONE',#6588);
#6588=CARTESIAN_POINT('',(11.238526535,-8.120385838,0.001));
#6589=LINE('',#6590,#6591);
#6590=CARTESIAN_POINT('',(11.238526535,-8.120385838,0.001));
#6591=VECTOR('',#6592,1.0);
#6592=DIRECTION('',(0.0,0.0,-1.0));
#6593=ORIENTED_EDGE('',*,*,#6594,.T.);
#6594=EDGE_CURVE('NONE',#6587,#6550,#6595,.F.);
#6595=B_SPLINE_CURVE_WITH_KNOTS('',3,(#6596,#6597,#6598,#6599),.UNSPECIFIED.,.F.,.U.,(4,4),(0.083333333,0.166666667),.PIECEWISE_BEZIER_KNOTS.);
#6596=CARTESIAN_POINT('',(11.172599375,-8.120803098,0.001));
#6597=CARTESIAN_POINT('',(11.191793358,-8.119134056,10.0E-04));
#6598=CARTESIAN_POINT('',(11.2182894,-8.120385838,10.0E-04));
#6599=CARTESIAN_POINT('',(11.238526535,-8.120385838,0.001));
#6600=ORIENTED_EDGE('',*,*,#6549,.F.);
#6601=B_SPLINE_SURFACE_WITH_KNOTS('',3,1,((#6602,#6603),(#6604,#6605),(#6606,#6607),(#6608,#6609)),.UNSPECIFIED.,.F.,.F.,.U.,(4,4),(2,2),(0.083333333,0.166666667),(0.0,1.0),.PIECEWISE_BEZIER_KNOTS.);
#6602=CARTESIAN_POINT('',(11.172599375,-8.120803098,10.0E-04));
#6603=CARTESIAN_POINT('',(11.172599375,-8.120803098,0.0));
#6604=CARTESIAN_POINT('',(11.191793358,-8.119134056,10.0E-04));
#6605=CARTESIAN_POINT('',(11.191793358,-8.119134056,0.0));
#6606=CARTESIAN_POINT('',(11.2182894,-8.120385838,10.0E-04));
#6607=CARTESIAN_POINT('',(11.2182894,-8.120385838,0.0));
#6608=CARTESIAN_POINT('',(11.238526535,-8.120385838,10.0E-04));
#6609=CARTESIAN_POINT('',(11.238526535,-8.120385838,0.0));
#6610=ADVANCED_FACE('NONE',(#6611),#6636,.F.);
#6611=FACE_BOUND('NONE',#6612,.T.);
#6612=EDGE_LOOP('',(#6613,#6621,#6629,#6635));
#6613=ORIENTED_EDGE('',*,*,#6614,.T.);
#6614=EDGE_CURVE('NONE',#6578,#6615,#6617,.T.);
#6615=VERTEX_POINT('NONE',#6616);
#6616=CARTESIAN_POINT('',(11.238735165,-8.098479661,0.0));
#6617=LINE('',#6618,#6619);
#6618=CARTESIAN_POINT('',(11.314837254,-0.107760355,0.0));
#6619=VECTOR('',#6620,1.0);
#6620=DIRECTION('',(0.009523378,0.999954652,0.0));
#6621=ORIENTED_EDGE('',*,*,#6622,.T.);
#6622=EDGE_CURVE('NONE',#6615,#6623,#6625,.F.);
#6623=VERTEX_POINT('NONE',#6624);
#6624=CARTESIAN_POINT('',(11.238735165,-8.098479661,0.001));
#6625=LINE('',#6626,#6627);
#6626=CARTESIAN_POINT('',(11.238735165,-8.098479661,0.001));
#6627=VECTOR('',#6628,1.0);
#6628=DIRECTION('',(0.0,0.0,-1.0));
#6629=ORIENTED_EDGE('',*,*,#6630,.T.);
#6630=EDGE_CURVE('NONE',#6623,#6587,#6631,.F.);
#6631=LINE('',#6632,#6633);
#6632=CARTESIAN_POINT('',(11.314837254,-0.107760355,0.001));
#6633=VECTOR('',#6634,1.0);
#6634=DIRECTION('',(0.009523378,0.999954652,0.0));
#6635=ORIENTED_EDGE('',*,*,#6586,.F.);
#6636=PLANE('',#6637);
#6637=AXIS2_PLACEMENT_3D('',#6638,#6639,#6640);
#6638=CARTESIAN_POINT('',(11.314837254,-0.107760355,0.001));
#6639=DIRECTION('',(-0.999954652,0.009523378,0.0));
#6640=DIRECTION('',(-0.009523378,-0.999954652,0.0));
#6641=ADVANCED_FACE('NONE',(#6642),#6669,.F.);
#6642=FACE_BOUND('NONE',#6643,.T.);
#6643=EDGE_LOOP('',(#6644,#6653,#6661,#6668));
#6644=ORIENTED_EDGE('',*,*,#6645,.T.);
#6645=EDGE_CURVE('NONE',#6615,#6646,#6648,.T.);
#6646=VERTEX_POINT('NONE',#6647);
#6647=CARTESIAN_POINT('',(11.101039198,-8.160860107,0.0));
#6648=B_SPLINE_CURVE_WITH_KNOTS('',3,(#6649,#6650,#6651,#6652),.UNSPECIFIED.,.F.,.U.,(4,4),(0.25,0.333333333),.PIECEWISE_BEZIER_KNOTS.);
#6649=CARTESIAN_POINT('',(11.238735165,-8.098479661,0.0));
#6650=CARTESIAN_POINT('',(11.164045535,-8.098479661,0.0));
#6651=CARTESIAN_POINT('',(11.101247829,-8.087839518,0.0));
#6652=CARTESIAN_POINT('',(11.101039198,-8.160860107,0.0));
#6653=ORIENTED_EDGE('',*,*,#6654,.T.);
#6654=EDGE_CURVE('NONE',#6646,#6655,#6657,.F.);
#6655=VERTEX_POINT('NONE',#6656);
#6656=CARTESIAN_POINT('',(11.101039198,-8.160860107,0.001));
#6657=LINE('',#6658,#6659);
#6658=CARTESIAN_POINT('',(11.101039198,-8.160860107,0.001));
#6659=VECTOR('',#6660,1.0);
#6660=DIRECTION('',(0.0,0.0,-1.0));
#6661=ORIENTED_EDGE('',*,*,#6662,.T.);
#6662=EDGE_CURVE('NONE',#6655,#6623,#6663,.F.);
#6663=B_SPLINE_CURVE_WITH_KNOTS('',3,(#6664,#6665,#6666,#6667),.UNSPECIFIED.,.F.,.U.,(4,4),(0.25,0.333333333),.PIECEWISE_BEZIER_KNOTS.);
#6664=CARTESIAN_POINT('',(11.238735165,-8.098479661,0.001));
#6665=CARTESIAN_POINT('',(11.164045535,-8.098479661,0.001));
#6666=CARTESIAN_POINT('',(11.101247829,-8.087839518,0.001));
#6667=CARTESIAN_POINT('',(11.101039198,-8.160860107,0.001));
#6668=ORIENTED_EDGE('',*,*,#6622,.F.);
#6669=B_SPLINE_SURFACE_WITH_KNOTS('',3,1,((#6670,#6671),(#6672,#6673),(#6674,#6675),(#6676,#6677)),.UNSPECIFIED.,.F.,.F.,.U.,(4,4),(2,2),(0.25,0.333333333),(0.0,1.0),.PIECEWISE_BEZIER_KNOTS.);
#6670=CARTESIAN_POINT('',(11.238735165,-8.098479661,0.001));
#6671=CARTESIAN_POINT('',(11.238735165,-8.098479661,0.0));
#6672=CARTESIAN_POINT('',(11.164045535,-8.098479661,0.001));
#6673=CARTESIAN_POINT('',(11.164045535,-8.098479661,0.0));
#6674=CARTESIAN_POINT('',(11.101247829,-8.087839518,0.001));
#6675=CARTESIAN_POINT('',(11.101247829,-8.087839518,0.0));
#6676=CARTESIAN_POINT('',(11.101039198,-8.160860107,0.001));
#6677=CARTESIAN_POINT('',(11.101039198,-8.160860107,0.0));
#6678=ADVANCED_FACE('NONE',(#6679),#6706,.F.);
#6679=FACE_BOUND('NONE',#6680,.T.);
#6680=EDGE_LOOP('',(#6681,#6690,#6698,#6705));
#6681=ORIENTED_EDGE('',*,*,#6682,.T.);
#6682=EDGE_CURVE('NONE',#6646,#6683,#6685,.T.);
#6683=VERTEX_POINT('NONE',#6684);
#6684=CARTESIAN_POINT('',(11.239569686,-8.222614661,0.0));
#6685=B_SPLINE_CURVE_WITH_KNOTS('',3,(#6686,#6687,#6688,#6689),.UNSPECIFIED.,.F.,.U.,(4,4),(0.333333333,0.416666667),.PIECEWISE_BEZIER_KNOTS.);
#6686=CARTESIAN_POINT('',(11.101039198,-8.160860107,0.0));
#6687=CARTESIAN_POINT('',(11.101039198,-8.234089325,0.0));
#6688=CARTESIAN_POINT('',(11.165088686,-8.222614661,0.0));
#6689=CARTESIAN_POINT('',(11.239569686,-8.222614661,0.0));
#6690=ORIENTED_EDGE('',*,*,#6691,.T.);
#6691=EDGE_CURVE('NONE',#6683,#6692,#6694,.F.);
#6692=VERTEX_POINT('NONE',#6693);
#6693=CARTESIAN_POINT('',(11.239569686,-8.222614661,0.001));
#6694=LINE('',#6695,#6696);
#6695=CARTESIAN_POINT('',(11.239569686,-8.222614661,0.001));
#6696=VECTOR('',#6697,1.0);
#6697=DIRECTION('',(0.0,0.0,-1.0));
#6698=ORIENTED_EDGE('',*,*,#6699,.T.);
#6699=EDGE_CURVE('NONE',#6692,#6655,#6700,.F.);
#6700=B_SPLINE_CURVE_WITH_KNOTS('',3,(#6701,#6702,#6703,#6704),.UNSPECIFIED.,.F.,.U.,(4,4),(0.333333333,0.416666667),.PIECEWISE_BEZIER_KNOTS.);
#6701=CARTESIAN_POINT('',(11.101039198,-8.160860107,0.001));
#6702=CARTESIAN_POINT('',(11.101039198,-8.234089325,0.001));
#6703=CARTESIAN_POINT('',(11.165088686,-8.222614661,0.001));
#6704=CARTESIAN_POINT('',(11.239569686,-8.222614661,0.001));
#6705=ORIENTED_EDGE('',*,*,#6654,.F.);
#6706=B_SPLINE_SURFACE_WITH_KNOTS('',3,1,((#6707,#6708),(#6709,#6710),(#6711,#6712),(#6713,#6714)),.UNSPECIFIED.,.F.,.F.,.U.,(4,4),(2,2),(0.333333333,0.416666667),(0.0,1.0),.PIECEWISE_BEZIER_KNOTS.);
#6707=CARTESIAN_POINT('',(11.101039198,-8.160860107,0.001));
#6708=CARTESIAN_POINT('',(11.101039198,-8.160860107,0.0));
#6709=CARTESIAN_POINT('',(11.101039198,-8.234089325,0.001));
#6710=CARTESIAN_POINT('',(11.101039198,-8.234089325,0.0));
#6711=CARTESIAN_POINT('',(11.165088686,-8.222614661,0.001));
#6712=CARTESIAN_POINT('',(11.165088686,-8.222614661,0.0));
#6713=CARTESIAN_POINT('',(11.239569686,-8.222614661,0.001));
#6714=CARTESIAN_POINT('',(11.239569686,-8.222614661,0.0));
#6715=ADVANCED_FACE('NONE',(#6716),#6732,.F.);
#6716=FACE_BOUND('NONE',#6717,.T.);
#6717=EDGE_LOOP('',(#6718,#6724,#6725,#6731));
#6718=ORIENTED_EDGE('',*,*,#6719,.T.);
#6719=EDGE_CURVE('NONE',#6683,#6365,#6720,.T.);
#6720=LINE('',#6721,#6722);
#6721=CARTESIAN_POINT('',(11.239569686,0.0,0.0));
#6722=VECTOR('',#6723,1.0);
#6723=DIRECTION('',(0.0,1.0,0.0));
#6724=ORIENTED_EDGE('',*,*,#6392,.F.);
#6725=ORIENTED_EDGE('',*,*,#6726,.T.);
#6726=EDGE_CURVE('NONE',#6384,#6692,#6727,.F.);
#6727=LINE('',#6728,#6729);
#6728=CARTESIAN_POINT('',(11.239569686,0.0,0.001));
#6729=VECTOR('',#6730,1.0);
#6730=DIRECTION('',(0.0,1.0,0.0));
#6731=ORIENTED_EDGE('',*,*,#6691,.F.);
#6732=PLANE('',#6733);
#6733=AXIS2_PLACEMENT_3D('',#6734,#6735,#6736);
#6734=CARTESIAN_POINT('',(11.239569686,0.0,0.001));
#6735=DIRECTION('',(-1.0,0.0,0.0));
#6736=DIRECTION('',(0.0,0.0,1.0));
#6737=ADVANCED_FACE('NONE',(#6738),#6751,.T.);
#6738=FACE_BOUND('NONE',#6739,.T.);
#6739=EDGE_LOOP('',(#6740,#6741,#6742,#6743,#6744,#6745,#6746,#6747,#6748,#6749,#6750));
#6740=ORIENTED_EDGE('',*,*,#6383,.F.);
#6741=ORIENTED_EDGE('',*,*,#6427,.F.);
#6742=ORIENTED_EDGE('',*,*,#6463,.F.);
#6743=ORIENTED_EDGE('',*,*,#6494,.F.);
#6744=ORIENTED_EDGE('',*,*,#6525,.F.);
#6745=ORIENTED_EDGE('',*,*,#6557,.F.);
#6746=ORIENTED_EDGE('',*,*,#6594,.F.);
#6747=ORIENTED_EDGE('',*,*,#6630,.F.);
#6748=ORIENTED_EDGE('',*,*,#6662,.F.);
#6749=ORIENTED_EDGE('',*,*,#6699,.F.);
#6750=ORIENTED_EDGE('',*,*,#6726,.F.);
#6751=PLANE('',#6752);
#6752=AXIS2_PLACEMENT_3D('',#6753,#6754,#6755);
#6753=CARTESIAN_POINT('',(0.0,0.0,0.001));
#6754=DIRECTION('',(0.0,0.0,1.0));
#6755=DIRECTION('',(1.0,0.0,0.0));
#6756=ADVANCED_FACE('NONE',(#6757),#6770,.F.);
#6757=FACE_BOUND('NONE',#6758,.T.);
#6758=EDGE_LOOP('',(#6759,#6760,#6761,#6762,#6763,#6764,#6765,#6766,#6767,#6768,#6769));
#6759=ORIENTED_EDGE('',*,*,#6364,.F.);
#6760=ORIENTED_EDGE('',*,*,#6719,.F.);
#6761=ORIENTED_EDGE('',*,*,#6682,.F.);
#6762=ORIENTED_EDGE('',*,*,#6645,.F.);
#6763=ORIENTED_EDGE('',*,*,#6614,.F.);
#6764=ORIENTED_EDGE('',*,*,#6577,.F.);
#6765=ORIENTED_EDGE('',*,*,#6540,.F.);
#6766=ORIENTED_EDGE('',*,*,#6509,.F.);
#6767=ORIENTED_EDGE('',*,*,#6478,.F.);
#6768=ORIENTED_EDGE('',*,*,#6447,.F.);
#6769=ORIENTED_EDGE('',*,*,#6410,.F.);
#6770=PLANE('',#6771);
#6771=AXIS2_PLACEMENT_3D('',#6772,#6773,#6774);
#6772=CARTESIAN_POINT('',(0.0,0.0,0.0));
#6773=DIRECTION('',(0.0,0.0,1.0));
#6774=DIRECTION('',(1.0,0.0,0.0));
#6775=MANIFOLD_SOLID_BREP('Boss-Extrude1[7]',#6776);
#6776=CLOSED_SHELL('NONE',(#6777,#6823,#6860,#6891,#6922,#6953,#6984,#7015,#7052,#7089,#7120,#7157,#7188,#7219,#7250,#7281,#7303,#7327));
#6777=ADVANCED_FACE('NONE',(#6778),#6814,.F.);
#6778=FACE_BOUND('NONE',#6779,.T.);
#6779=EDGE_LOOP('',(#6780,#6791,#6799,#6808));
#6780=ORIENTED_EDGE('',*,*,#6781,.T.);
#6781=EDGE_CURVE('NONE',#6782,#6784,#6786,.T.);
#6782=VERTEX_POINT('NONE',#6783);
#6783=CARTESIAN_POINT('',(11.429840476,-8.098479661,0.0));
#6784=VERTEX_POINT('NONE',#6785);
#6785=CARTESIAN_POINT('',(11.419200333,-8.12247214,0.0));
#6786=B_SPLINE_CURVE_WITH_KNOTS('',3,(#6787,#6788,#6789,#6790),.UNSPECIFIED.,.F.,.U.,(4,4),(0.529411765,0.588235294),.PIECEWISE_BEZIER_KNOTS.);
#6787=CARTESIAN_POINT('',(11.429840476,-8.098479661,0.0));
#6788=CARTESIAN_POINT('',(11.425250611,-8.100983224,0.0));
#6789=CARTESIAN_POINT('',(11.421078006,-8.117256384,0.0));
#6790=CARTESIAN_POINT('',(11.419200333,-8.12247214,0.0));
#6791=ORIENTED_EDGE('',*,*,#6792,.T.);
#6792=EDGE_CURVE('NONE',#6784,#6793,#6795,.F.);
#6793=VERTEX_POINT('NONE',#6794);
#6794=CARTESIAN_POINT('',(11.419200333,-8.12247214,0.001));
#6795=LINE('',#6796,#6797);
#6796=CARTESIAN_POINT('',(11.419200333,-8.12247214,0.001));
#6797=VECTOR('',#6798,1.0);
#6798=DIRECTION('',(0.0,0.0,-1.0));
#6799=ORIENTED_EDGE('',*,*,#6800,.T.);
#6800=EDGE_CURVE('NONE',#6793,#6801,#6803,.F.);
#6801=VERTEX_POINT('NONE',#6802);
#6802=CARTESIAN_POINT('',(11.429840476,-8.098479661,0.001));
#6803=B_SPLINE_CURVE_WITH_KNOTS('',3,(#6804,#6805,#6806,#6807),.UNSPECIFIED.,.F.,.U.,(4,4),(0.529411765,0.588235294),.PIECEWISE_BEZIER_KNOTS.);
#6804=CARTESIAN_POINT('',(11.429840476,-8.098479661,0.001));
#6805=CARTESIAN_POINT('',(11.425250611,-8.100983224,0.001));
#6806=CARTESIAN_POINT('',(11.421078006,-8.117256384,0.001));
#6807=CARTESIAN_POINT('',(11.419200333,-8.12247214,0.001));
#6808=ORIENTED_EDGE('',*,*,#6809,.T.);
#6809=EDGE_CURVE('NONE',#6801,#6782,#6810,.T.);
#6810=LINE('',#6811,#6812);
#6811=CARTESIAN_POINT('',(11.429840476,-8.098479661,0.001));
#6812=VECTOR('',#6813,1.0);
#6813=DIRECTION('',(0.0,0.0,-1.0));
#6814=B_SPLINE_SURFACE_WITH_KNOTS('',3,1,((#6815,#6816),(#6817,#6818),(#6819,#6820),(#6821,#6822)),.UNSPECIFIED.,.F.,.F.,.U.,(4,4),(2,2),(0.529411765,0.588235294),(0.0,1.0),.PIECEWISE_BEZIER_KNOTS.);
#6815=CARTESIAN_POINT('',(11.429840476,-8.098479661,0.001));
#6816=CARTESIAN_POINT('',(11.429840476,-8.098479661,0.0));
#6817=CARTESIAN_POINT('',(11.425250611,-8.100983224,0.001));
#6818=CARTESIAN_POINT('',(11.425250611,-8.100983224,0.0));
#6819=CARTESIAN_POINT('',(11.421078006,-8.117256384,0.001));
#6820=CARTESIAN_POINT('',(11.421078006,-8.117256384,0.0));
#6821=CARTESIAN_POINT('',(11.419200333,-8.12247214,0.001));
#6822=CARTESIAN_POINT('',(11.419200333,-8.12247214,0.0));
#6823=ADVANCED_FACE('NONE',(#6824),#6851,.F.);
#6824=FACE_BOUND('NONE',#6825,.T.);
#6825=EDGE_LOOP('',(#6826,#6835,#6843,#6850));
#6826=ORIENTED_EDGE('',*,*,#6827,.T.);
#6827=EDGE_CURVE('NONE',#6784,#6828,#6830,.T.);
#6828=VERTEX_POINT('NONE',#6829);
#6829=CARTESIAN_POINT('',(11.391243879,-8.195492728,0.0));
#6830=B_SPLINE_CURVE_WITH_KNOTS('',3,(#6831,#6832,#6833,#6834),.UNSPECIFIED.,.F.,.U.,(4,4),(0.588235294,0.647058824),.PIECEWISE_BEZIER_KNOTS.);
#6831=CARTESIAN_POINT('',(11.419200333,-8.12247214,0.0));
#6832=CARTESIAN_POINT('',(11.412732795,-8.140205712,0.0));
#6833=CARTESIAN_POINT('',(11.397502787,-8.182766283,0.0));
#6834=CARTESIAN_POINT('',(11.391243879,-8.195492728,0.0));
#6835=ORIENTED_EDGE('',*,*,#6836,.T.);
#6836=EDGE_CURVE('NONE',#6828,#6837,#6839,.F.);
#6837=VERTEX_POINT('NONE',#6838);
#6838=CARTESIAN_POINT('',(11.391243879,-8.195492728,0.001));
#6839=LINE('',#6840,#6841);
#6840=CARTESIAN_POINT('',(11.391243879,-8.195492728,0.001));
#6841=VECTOR('',#6842,1.0);
#6842=DIRECTION('',(0.0,0.0,-1.0));
#6843=ORIENTED_EDGE('',*,*,#6844,.T.);
#6844=EDGE_CURVE('NONE',#6837,#6793,#6845,.F.);
#6845=B_SPLINE_CURVE_WITH_KNOTS('',3,(#6846,#6847,#6848,#6849),.UNSPECIFIED.,.F.,.U.,(4,4),(0.588235294,0.647058824),.PIECEWISE_BEZIER_KNOTS.);
#6846=CARTESIAN_POINT('',(11.419200333,-8.12247214,0.001));
#6847=CARTESIAN_POINT('',(11.412732795,-8.140205712,0.001));
#6848=CARTESIAN_POINT('',(11.397502787,-8.182766283,0.001));
#6849=CARTESIAN_POINT('',(11.391243879,-8.195492728,0.001));
#6850=ORIENTED_EDGE('',*,*,#6792,.F.);
#6851=B_SPLINE_SURFACE_WITH_KNOTS('',3,1,((#6852,#6853),(#6854,#6855),(#6856,#6857),(#6858,#6859)),.UNSPECIFIED.,.F.,.F.,.U.,(4,4),(2,2),(0.588235294,0.647058824),(0.0,1.0),.PIECEWISE_BEZIER_KNOTS.);
#6852=CARTESIAN_POINT('',(11.419200333,-8.12247214,0.001));
#6853=CARTESIAN_POINT('',(11.419200333,-8.12247214,0.0));
#6854=CARTESIAN_POINT('',(11.412732795,-8.140205712,0.001));
#6855=CARTESIAN_POINT('',(11.412732795,-8.140205712,0.0));
#6856=CARTESIAN_POINT('',(11.397502787,-8.182766283,0.001));
#6857=CARTESIAN_POINT('',(11.397502787,-8.182766283,0.0));
#6858=CARTESIAN_POINT('',(11.391243879,-8.195492728,0.001));
#6859=CARTESIAN_POINT('',(11.391243879,-8.195492728,0.0));
#6860=ADVANCED_FACE('NONE',(#6861),#6886,.F.);
#6861=FACE_BOUND('NONE',#6862,.T.);
#6862=EDGE_LOOP('',(#6863,#6871,#6879,#6885));
#6863=ORIENTED_EDGE('',*,*,#6864,.T.);
#6864=EDGE_CURVE('NONE',#6828,#6865,#6867,.T.);
#6865=VERTEX_POINT('NONE',#6866);
#6866=CARTESIAN_POINT('',(11.353899064,-8.098479661,0.0));
#6867=LINE('',#6868,#6869);
#6868=CARTESIAN_POINT('',(7.173434424,2.761386585,0.0));
#6869=VECTOR('',#6870,1.0);
#6870=DIRECTION('',(-0.35924804,0.933242115,0.0));
#6871=ORIENTED_EDGE('',*,*,#6872,.T.);
#6872=EDGE_CURVE('NONE',#6865,#6873,#6875,.F.);
#6873=VERTEX_POINT('NONE',#6874);
#6874=CARTESIAN_POINT('',(11.353899064,-8.098479661,0.001));
#6875=LINE('',#6876,#6877);
#6876=CARTESIAN_POINT('',(11.353899064,-8.098479661,0.001));
#6877=VECTOR('',#6878,1.0);
#6878=DIRECTION('',(0.0,0.0,-1.0));
#6879=ORIENTED_EDGE('',*,*,#6880,.T.);
#6880=EDGE_CURVE('NONE',#6873,#6837,#6881,.F.);
#6881=LINE('',#6882,#6883);
#6882=CARTESIAN_POINT('',(7.173434424,2.761386585,0.001));
#6883=VECTOR('',#6884,1.0);
#6884=DIRECTION('',(-0.35924804,0.933242115,0.0));
#6885=ORIENTED_EDGE('',*,*,#6836,.F.);
#6886=PLANE('',#6887);
#6887=AXIS2_PLACEMENT_3D('',#6888,#6889,#6890);
#6888=CARTESIAN_POINT('',(7.173434424,2.761386585,0.001));
#6889=DIRECTION('',(-0.933242115,-0.35924804,0.0));
#6890=DIRECTION('',(0.35924804,-0.933242115,0.0));
#6891=ADVANCED_FACE('NONE',(#6892),#6917,.F.);
#6892=FACE_BOUND('NONE',#6893,.T.);
#6893=EDGE_LOOP('',(#6894,#6902,#6910,#6916));
#6894=ORIENTED_EDGE('',*,*,#6895,.T.);
#6895=EDGE_CURVE('NONE',#6865,#6896,#6898,.T.);
#6896=VERTEX_POINT('NONE',#6897);
#6897=CARTESIAN_POINT('',(11.304036434,-8.098479661,0.0));
#6898=LINE('',#6899,#6900);
#6899=CARTESIAN_POINT('',(0.0,-8.098479661,0.0));
#6900=VECTOR('',#6901,1.0);
#6901=DIRECTION('',(-1.0,0.0,0.0));
#6902=ORIENTED_EDGE('',*,*,#6903,.T.);
#6903=EDGE_CURVE('NONE',#6896,#6904,#6906,.F.);
#6904=VERTEX_POINT('NONE',#6905);
#6905=CARTESIAN_POINT('',(11.304036434,-8.098479661,0.001));
#6906=LINE('',#6907,#6908);
#6907=CARTESIAN_POINT('',(11.304036434,-8.098479661,0.001));
#6908=VECTOR('',#6909,1.0);
#6909=DIRECTION('',(0.0,0.0,-1.0));
#6910=ORIENTED_EDGE('',*,*,#6911,.T.);
#6911=EDGE_CURVE('NONE',#6904,#6873,#6912,.F.);
#6912=LINE('',#6913,#6914);
#6913=CARTESIAN_POINT('',(0.0,-8.098479661,0.001));
#6914=VECTOR('',#6915,1.0);
#6915=DIRECTION('',(-1.0,0.0,0.0));
#6916=ORIENTED_EDGE('',*,*,#6872,.F.);
#6917=PLANE('',#6918);
#6918=AXIS2_PLACEMENT_3D('',#6919,#6920,#6921);
#6919=CARTESIAN_POINT('',(0.0,-8.098479661,0.001));
#6920=DIRECTION('',(0.0,-1.0,0.0));
#6921=DIRECTION('',(0.0,0.0,-1.0));
#6922=ADVANCED_FACE('NONE',(#6923),#6948,.F.);
#6923=FACE_BOUND('NONE',#6924,.T.);
#6924=EDGE_LOOP('',(#6925,#6933,#6941,#6947));
#6925=ORIENTED_EDGE('',*,*,#6926,.T.);
#6926=EDGE_CURVE('NONE',#6896,#6927,#6929,.T.);
#6927=VERTEX_POINT('NONE',#6928);
#6928=CARTESIAN_POINT('',(11.304453694,-8.223031922,0.0));
#6929=LINE('',#6930,#6931);
#6930=CARTESIAN_POINT('',(11.276779289,0.037778155,0.0));
#6931=VECTOR('',#6932,1.0);
#6932=DIRECTION('',(0.003350065,-0.999994389,0.0));
#6933=ORIENTED_EDGE('',*,*,#6934,.T.);
#6934=EDGE_CURVE('NONE',#6927,#6935,#6937,.F.);
#6935=VERTEX_POINT('NONE',#6936);
#6936=CARTESIAN_POINT('',(11.304453694,-8.223031922,0.001));
#6937=LINE('',#6938,#6939);
#6938=CARTESIAN_POINT('',(11.304453694,-8.223031922,0.001));
#6939=VECTOR('',#6940,1.0);
#6940=DIRECTION('',(0.0,0.0,-1.0));
#6941=ORIENTED_EDGE('',*,*,#6942,.T.);
#6942=EDGE_CURVE('NONE',#6935,#6904,#6943,.F.);
#6943=LINE('',#6944,#6945);
#6944=CARTESIAN_POINT('',(11.276779289,0.037778155,0.001));
#6945=VECTOR('',#6946,1.0);
#6946=DIRECTION('',(0.003350065,-0.999994389,0.0));
#6947=ORIENTED_EDGE('',*,*,#6903,.F.);
#6948=PLANE('',#6949);
#6949=AXIS2_PLACEMENT_3D('',#6950,#6951,#6952);
#6950=CARTESIAN_POINT('',(11.276779289,0.037778155,0.001));
#6951=DIRECTION('',(0.999994389,0.003350065,0.0));
#6952=DIRECTION('',(-0.003350065,0.999994389,0.0));
#6953=ADVANCED_FACE('NONE',(#6954),#6979,.F.);
#6954=FACE_BOUND('NONE',#6955,.T.);
#6955=EDGE_LOOP('',(#6956,#6964,#6972,#6978));
#6956=ORIENTED_EDGE('',*,*,#6957,.T.);
#6957=EDGE_CURVE('NONE',#6927,#6958,#6960,.T.);
#6958=VERTEX_POINT('NONE',#6959);
#6959=CARTESIAN_POINT('',(11.335748232,-8.222614661,0.0));
#6960=LINE('',#6961,#6962);
#6961=CARTESIAN_POINT('',(0.111630261,-8.372269568,0.0));
#6962=VECTOR('',#6963,1.0);
#6963=DIRECTION('',(0.999911123,0.013332148,0.0));
#6964=ORIENTED_EDGE('',*,*,#6965,.T.);
#6965=EDGE_CURVE('NONE',#6958,#6966,#6968,.F.);
#6966=VERTEX_POINT('NONE',#6967);
#6967=CARTESIAN_POINT('',(11.335748232,-8.222614661,0.001));
#6968=LINE('',#6969,#6970);
#6969=CARTESIAN_POINT('',(11.335748232,-8.222614661,0.001));
#6970=VECTOR('',#6971,1.0);
#6971=DIRECTION('',(0.0,0.0,-1.0));
#6972=ORIENTED_EDGE('',*,*,#6973,.T.);
#6973=EDGE_CURVE('NONE',#6966,#6935,#6974,.F.);
#6974=LINE('',#6975,#6976);
#6975=CARTESIAN_POINT('',(0.111630261,-8.372269568,0.001));
#6976=VECTOR('',#6977,1.0);
#6977=DIRECTION('',(0.999911123,0.013332148,0.0));
#6978=ORIENTED_EDGE('',*,*,#6934,.F.);
#6979=PLANE('',#6980);
#6980=AXIS2_PLACEMENT_3D('',#6981,#6982,#6983);
#6981=CARTESIAN_POINT('',(0.111630261,-8.372269568,0.001));
#6982=DIRECTION('',(-0.013332148,0.999911123,0.0));
#6983=DIRECTION('',(-0.999911123,-0.013332148,0.0));
#6984=ADVANCED_FACE('NONE',(#6985),#7010,.F.);
#6985=FACE_BOUND('NONE',#6986,.T.);
#6986=EDGE_LOOP('',(#6987,#6995,#7003,#7009));
#6987=ORIENTED_EDGE('',*,*,#6988,.T.);
#6988=EDGE_CURVE('NONE',#6958,#6989,#6991,.T.);
#6989=VERTEX_POINT('NONE',#6990);
#6990=CARTESIAN_POINT('',(11.335956863,-8.131860501,0.0));
#6991=LINE('',#6992,#6993);
#6992=CARTESIAN_POINT('',(11.354590789,-0.026102508,0.0));
#6993=VECTOR('',#6994,1.0);
#6994=DIRECTION('',(0.002298845,0.999997358,0.0));
#6995=ORIENTED_EDGE('',*,*,#6996,.T.);
#6996=EDGE_CURVE('NONE',#6989,#6997,#6999,.F.);
#6997=VERTEX_POINT('NONE',#6998);
#6998=CARTESIAN_POINT('',(11.335956863,-8.131860501,0.001));
#6999=LINE('',#7000,#7001);
#7000=CARTESIAN_POINT('',(11.335956863,-8.131860501,0.001));
#7001=VECTOR('',#7002,1.0);
#7002=DIRECTION('',(0.0,0.0,-1.0));
#7003=ORIENTED_EDGE('',*,*,#7004,.T.);
#7004=EDGE_CURVE('NONE',#6997,#6966,#7005,.F.);
#7005=LINE('',#7006,#7007);
#7006=CARTESIAN_POINT('',(11.354590789,-0.026102508,0.001));
#7007=VECTOR('',#7008,1.0);
#7008=DIRECTION('',(0.002298845,0.999997358,0.0));
#7009=ORIENTED_EDGE('',*,*,#6965,.F.);
#7010=PLANE('',#7011);
#7011=AXIS2_PLACEMENT_3D('',#7012,#7013,#7014);
#7012=CARTESIAN_POINT('',(11.354590789,-0.026102508,0.001));
#7013=DIRECTION('',(-0.999997358,0.002298845,0.0));
#7014=DIRECTION('',(-0.002298845,-0.999997358,0.0));
#7015=ADVANCED_FACE('NONE',(#7016),#7043,.F.);
#7016=FACE_BOUND('NONE',#7017,.T.);
#7017=EDGE_LOOP('',(#7018,#7027,#7035,#7042));
#7018=ORIENTED_EDGE('',*,*,#7019,.T.);
#7019=EDGE_CURVE('NONE',#6989,#7020,#7022,.T.);
#7020=VERTEX_POINT('NONE',#7021);
#7021=CARTESIAN_POINT('',(11.336582753,-8.132695022,0.0));
#7022=B_SPLINE_CURVE_WITH_KNOTS('',3,(#7023,#7024,#7025,#7026),.UNSPECIFIED.,.F.,.U.,(4,4),(0.0,0.058823529),.PIECEWISE_BEZIER_KNOTS.);
#7023=CARTESIAN_POINT('',(11.335956863,-8.131860501,0.0));
#7024=CARTESIAN_POINT('',(11.336165493,-8.132069132,0.0));
#7025=CARTESIAN_POINT('',(11.336374123,-8.132486392,0.0));
#7026=CARTESIAN_POINT('',(11.336582753,-8.132695022,0.0));
#7027=ORIENTED_EDGE('',*,*,#7028,.T.);
#7028=EDGE_CURVE('NONE',#7020,#7029,#7031,.F.);
#7029=VERTEX_POINT('NONE',#7030);
#7030=CARTESIAN_POINT('',(11.336582753,-8.132695022,0.001));
#7031=LINE('',#7032,#7033);
#7032=CARTESIAN_POINT('',(11.336582753,-8.132695022,0.001));
#7033=VECTOR('',#7034,1.0);
#7034=DIRECTION('',(0.0,0.0,-1.0));
#7035=ORIENTED_EDGE('',*,*,#7036,.T.);
#7036=EDGE_CURVE('NONE',#7029,#6997,#7037,.F.);
#7037=B_SPLINE_CURVE_WITH_KNOTS('',3,(#7038,#7039,#7040,#7041),.UNSPECIFIED.,.F.,.U.,(4,4),(0.0,0.058823529),.PIECEWISE_BEZIER_KNOTS.);
#7038=CARTESIAN_POINT('',(11.335956863,-8.131860501,0.001));
#7039=CARTESIAN_POINT('',(11.336165493,-8.132069132,0.001));
#7040=CARTESIAN_POINT('',(11.336374123,-8.132486392,0.001));
#7041=CARTESIAN_POINT('',(11.336582753,-8.132695022,0.001));
#7042=ORIENTED_EDGE('',*,*,#6996,.F.);
#7043=B_SPLINE_SURFACE_WITH_KNOTS('',3,1,((#7044,#7045),(#7046,#7047),(#7048,#7049),(#7050,#7051)),.UNSPECIFIED.,.F.,.F.,.U.,(4,4),(2,2),(0.0,0.058823529),(0.0,1.0),.PIECEWISE_BEZIER_KNOTS.);
#7044=CARTESIAN_POINT('',(11.335956863,-8.131860501,0.001));
#7045=CARTESIAN_POINT('',(11.335956863,-8.131860501,0.0));
#7046=CARTESIAN_POINT('',(11.336165493,-8.132069132,0.001));
#7047=CARTESIAN_POINT('',(11.336165493,-8.132069132,0.0));
#7048=CARTESIAN_POINT('',(11.336374123,-8.132486392,0.001));
#7049=CARTESIAN_POINT('',(11.336374123,-8.132486392,0.0));
#7050=CARTESIAN_POINT('',(11.336582753,-8.132695022,0.001));
#7051=CARTESIAN_POINT('',(11.336582753,-8.132695022,0.0));
#7052=ADVANCED_FACE('NONE',(#7053),#7080,.F.);
#7053=FACE_BOUND('NONE',#7054,.T.);
#7054=EDGE_LOOP('',(#7055,#7064,#7072,#7079));
#7055=ORIENTED_EDGE('',*,*,#7056,.T.);
#7056=EDGE_CURVE('NONE',#7020,#7057,#7059,.T.);
#7057=VERTEX_POINT('NONE',#7058);
#7058=CARTESIAN_POINT('',(11.372258527,-8.222823292,0.0));
#7059=B_SPLINE_CURVE_WITH_KNOTS('',3,(#7060,#7061,#7062,#7063),.UNSPECIFIED.,.F.,.U.,(4,4),(0.058823529,0.117647059),.PIECEWISE_BEZIER_KNOTS.);
#7060=CARTESIAN_POINT('',(11.336582753,-8.132695022,0.0));
#7061=CARTESIAN_POINT('',(11.341381249,-8.13916256,-1.694065895E-18));
#7062=CARTESIAN_POINT('',(11.365582358,-8.210305476,-1.694065895E-18));
#7063=CARTESIAN_POINT('',(11.372258527,-8.222823292,0.0));
#7064=ORIENTED_EDGE('',*,*,#7065,.T.);
#7065=EDGE_CURVE('NONE',#7057,#7066,#7068,.F.);
#7066=VERTEX_POINT('NONE',#7067);
#7067=CARTESIAN_POINT('',(11.372258527,-8.222823292,0.001));
#7068=LINE('',#7069,#7070);
#7069=CARTESIAN_POINT('',(11.372258527,-8.222823292,0.001));
#7070=VECTOR('',#7071,1.0);
#7071=DIRECTION('',(0.0,0.0,-1.0));
#7072=ORIENTED_EDGE('',*,*,#7073,.T.);
#7073=EDGE_CURVE('NONE',#7066,#7029,#7074,.F.);
#7074=B_SPLINE_CURVE_WITH_KNOTS('',3,(#7075,#7076,#7077,#7078),.UNSPECIFIED.,.F.,.U.,(4,4),(0.058823529,0.117647059),.PIECEWISE_BEZIER_KNOTS.);
#7075=CARTESIAN_POINT('',(11.336582753,-8.132695022,0.001));
#7076=CARTESIAN_POINT('',(11.341381249,-8.13916256,10.0E-04));
#7077=CARTESIAN_POINT('',(11.365582358,-8.210305476,10.0E-04));
#7078=CARTESIAN_POINT('',(11.372258527,-8.222823292,0.001));
#7079=ORIENTED_EDGE('',*,*,#7028,.F.);
#7080=B_SPLINE_SURFACE_WITH_KNOTS('',3,1,((#7081,#7082),(#7083,#7084),(#7085,#7086),(#7087,#7088)),.UNSPECIFIED.,.F.,.F.,.U.,(4,4),(2,2),(0.058823529,0.117647059),(0.0,1.0),.PIECEWISE_BEZIER_KNOTS.);
#7081=CARTESIAN_POINT('',(11.336582753,-8.132695022,10.0E-04));
#7082=CARTESIAN_POINT('',(11.336582753,-8.132695022,0.0));
#7083=CARTESIAN_POINT('',(11.341381249,-8.13916256,10.0E-04));
#7084=CARTESIAN_POINT('',(11.341381249,-8.13916256,0.0));
#7085=CARTESIAN_POINT('',(11.365582358,-8.210305476,10.0E-04));
#7086=CARTESIAN_POINT('',(11.365582358,-8.210305476,0.0));
#7087=CARTESIAN_POINT('',(11.372258527,-8.222823292,10.0E-04));
#7088=CARTESIAN_POINT('',(11.372258527,-8.222823292,0.0));
#7089=ADVANCED_FACE('NONE',(#7090),#7115,.F.);
#7090=FACE_BOUND('NONE',#7091,.T.);
#7091=EDGE_LOOP('',(#7092,#7100,#7108,#7114));
#7092=ORIENTED_EDGE('',*,*,#7093,.T.);
#7093=EDGE_CURVE('NONE',#7057,#7094,#7096,.T.);
#7094=VERTEX_POINT('NONE',#7095);
#7095=CARTESIAN_POINT('',(11.411272384,-8.222823292,0.0));
#7096=LINE('',#7097,#7098);
#7097=CARTESIAN_POINT('',(0.0,-8.222823292,0.0));
#7098=VECTOR('',#7099,1.0);
#7099=DIRECTION('',(1.0,0.0,0.0));
#7100=ORIENTED_EDGE('',*,*,#7101,.T.);
#7101=EDGE_CURVE('NONE',#7094,#7102,#7104,.F.);
#7102=VERTEX_POINT('NONE',#7103);
#7103=CARTESIAN_POINT('',(11.411272384,-8.222823292,0.001));
#7104=LINE('',#7105,#7106);
#7105=CARTESIAN_POINT('',(11.411272384,-8.222823292,0.001));
#7106=VECTOR('',#7107,1.0);
#7107=DIRECTION('',(0.0,0.0,-1.0));
#7108=ORIENTED_EDGE('',*,*,#7109,.T.);
#7109=EDGE_CURVE('NONE',#7102,#7066,#7110,.F.);
#7110=LINE('',#7111,#7112);
#7111=CARTESIAN_POINT('',(0.0,-8.222823292,0.001));
#7112=VECTOR('',#7113,1.0);
#7113=DIRECTION('',(1.0,0.0,0.0));
#7114=ORIENTED_EDGE('',*,*,#7065,.F.);
#7115=PLANE('',#7116);
#7116=AXIS2_PLACEMENT_3D('',#7117,#7118,#7119);
#7117=CARTESIAN_POINT('',(0.0,-8.222823292,0.001));
#7118=DIRECTION('',(0.0,1.0,0.0));
#7119=DIRECTION('',(0.0,0.0,1.0));
#7120=ADVANCED_FACE('NONE',(#7121),#7148,.F.);
#7121=FACE_BOUND('NONE',#7122,.T.);
#7122=EDGE_LOOP('',(#7123,#7132,#7140,#7147));
#7123=ORIENTED_EDGE('',*,*,#7124,.T.);
#7124=EDGE_CURVE('NONE',#7094,#7125,#7127,.T.);
#7125=VERTEX_POINT('NONE',#7126);
#7126=CARTESIAN_POINT('',(11.437768426,-8.155018459,0.0));
#7127=B_SPLINE_CURVE_WITH_KNOTS('',3,(#7128,#7129,#7130,#7131),.UNSPECIFIED.,.F.,.U.,(4,4),(0.176470588,0.235294118),.PIECEWISE_BEZIER_KNOTS.);
#7128=CARTESIAN_POINT('',(11.411272384,-8.222823292,0.0));
#7129=CARTESIAN_POINT('',(11.416905401,-8.211974518,0.0));
#7130=CARTESIAN_POINT('',(11.431509518,-8.171291619,0.0));
#7131=CARTESIAN_POINT('',(11.437768426,-8.155018459,0.0));
#7132=ORIENTED_EDGE('',*,*,#7133,.T.);
#7133=EDGE_CURVE('NONE',#7125,#7134,#7136,.F.);
#7134=VERTEX_POINT('NONE',#7135);
#7135=CARTESIAN_POINT('',(11.437768426,-8.155018459,0.001));
#7136=LINE('',#7137,#7138);
#7137=CARTESIAN_POINT('',(11.437768426,-8.155018459,0.001));
#7138=VECTOR('',#7139,1.0);
#7139=DIRECTION('',(0.0,0.0,-1.0));
#7140=ORIENTED_EDGE('',*,*,#7141,.T.);
#7141=EDGE_CURVE('NONE',#7134,#7102,#7142,.F.);
#7142=B_SPLINE_CURVE_WITH_KNOTS('',3,(#7143,#7144,#7145,#7146),.UNSPECIFIED.,.F.,.U.,(4,4),(0.176470588,0.235294118),.PIECEWISE_BEZIER_KNOTS.);
#7143=CARTESIAN_POINT('',(11.411272384,-8.222823292,0.001));
#7144=CARTESIAN_POINT('',(11.416905401,-8.211974518,0.001));
#7145=CARTESIAN_POINT('',(11.431509518,-8.171291619,0.001));
#7146=CARTESIAN_POINT('',(11.437768426,-8.155018459,0.001));
#7147=ORIENTED_EDGE('',*,*,#7101,.F.);
#7148=B_SPLINE_SURFACE_WITH_KNOTS('',3,1,((#7149,#7150),(#7151,#7152),(#7153,#7154),(#7155,#7156)),.UNSPECIFIED.,.F.,.F.,.U.,(4,4),(2,2),(0.176470588,0.235294118),(0.0,1.0),.PIECEWISE_BEZIER_KNOTS.);
#7149=CARTESIAN_POINT('',(11.411272384,-8.222823292,0.001));
#7150=CARTESIAN_POINT('',(11.411272384,-8.222823292,0.0));
#7151=CARTESIAN_POINT('',(11.416905401,-8.211974518,0.001));
#7152=CARTESIAN_POINT('',(11.416905401,-8.211974518,0.0));
#7153=CARTESIAN_POINT('',(11.431509518,-8.171291619,0.001));
#7154=CARTESIAN_POINT('',(11.431509518,-8.171291619,0.0));
#7155=CARTESIAN_POINT('',(11.437768426,-8.155018459,0.001));
#7156=CARTESIAN_POINT('',(11.437768426,-8.155018459,0.0));
#7157=ADVANCED_FACE('NONE',(#7158),#7183,.F.);
#7158=FACE_BOUND('NONE',#7159,.T.);
#7159=EDGE_LOOP('',(#7160,#7168,#7176,#7182));
#7160=ORIENTED_EDGE('',*,*,#7161,.T.);
#7161=EDGE_CURVE('NONE',#7125,#7162,#7164,.T.);
#7162=VERTEX_POINT('NONE',#7163);
#7163=CARTESIAN_POINT('',(11.447574048,-8.132486392,0.0));
#7164=LINE('',#7165,#7166);
#7165=CARTESIAN_POINT('',(12.600375162,-5.483496598,0.0));
#7166=VECTOR('',#7167,1.0);
#7167=DIRECTION('',(0.399036539,0.916935025,0.0));
#7168=ORIENTED_EDGE('',*,*,#7169,.T.);
#7169=EDGE_CURVE('NONE',#7162,#7170,#7172,.F.);
#7170=VERTEX_POINT('NONE',#7171);
#7171=CARTESIAN_POINT('',(11.447574048,-8.132486392,0.001));
#7172=LINE('',#7173,#7174);
#7173=CARTESIAN_POINT('',(11.447574048,-8.132486392,0.001));
#7174=VECTOR('',#7175,1.0);
#7175=DIRECTION('',(0.0,0.0,-1.0));
#7176=ORIENTED_EDGE('',*,*,#7177,.T.);
#7177=EDGE_CURVE('NONE',#7170,#7134,#7178,.F.);
#7178=LINE('',#7179,#7180);
#7179=CARTESIAN_POINT('',(12.600375162,-5.483496598,0.001));
#7180=VECTOR('',#7181,1.0);
#7181=DIRECTION('',(0.399036539,0.916935025,0.0));
#7182=ORIENTED_EDGE('',*,*,#7133,.F.);
#7183=PLANE('',#7184);
#7184=AXIS2_PLACEMENT_3D('',#7185,#7186,#7187);
#7185=CARTESIAN_POINT('',(12.600375162,-5.483496598,0.001));
#7186=DIRECTION('',(-0.916935025,0.399036539,0.0));
#7187=DIRECTION('',(-0.399036539,-0.916935025,0.0));
#7188=ADVANCED_FACE('NONE',(#7189),#7214,.F.);
#7189=FACE_BOUND('NONE',#7190,.T.);
#7190=EDGE_LOOP('',(#7191,#7199,#7207,#7213));
#7191=ORIENTED_EDGE('',*,*,#7192,.T.);
#7192=EDGE_CURVE('NONE',#7162,#7193,#7195,.T.);
#7193=VERTEX_POINT('NONE',#7194);
#7194=CARTESIAN_POINT('',(11.447782678,-8.222823292,0.0));
#7195=LINE('',#7196,#7197);
#7196=CARTESIAN_POINT('',(11.428731367,0.026394299,0.0));
#7197=VECTOR('',#7198,1.0);
#7198=DIRECTION('',(0.002309463,-0.999997333,0.0));
#7199=ORIENTED_EDGE('',*,*,#7200,.T.);
#7200=EDGE_CURVE('NONE',#7193,#7201,#7203,.F.);
#7201=VERTEX_POINT('NONE',#7202);
#7202=CARTESIAN_POINT('',(11.447782678,-8.222823292,0.001));
#7203=LINE('',#7204,#7205);
#7204=CARTESIAN_POINT('',(11.447782678,-8.222823292,0.001));
#7205=VECTOR('',#7206,1.0);
#7206=DIRECTION('',(0.0,0.0,-1.0));
#7207=ORIENTED_EDGE('',*,*,#7208,.T.);
#7208=EDGE_CURVE('NONE',#7201,#7170,#7209,.F.);
#7209=LINE('',#7210,#7211);
#7210=CARTESIAN_POINT('',(11.428731367,0.026394299,0.001));
#7211=VECTOR('',#7212,1.0);
#7212=DIRECTION('',(0.002309463,-0.999997333,0.0));
#7213=ORIENTED_EDGE('',*,*,#7169,.F.);
#7214=PLANE('',#7215);
#7215=AXIS2_PLACEMENT_3D('',#7216,#7217,#7218);
#7216=CARTESIAN_POINT('',(11.428731367,0.026394299,0.001));
#7217=DIRECTION('',(0.999997333,0.002309463,0.0));
#7218=DIRECTION('',(-0.002309463,0.999997333,0.0));
#7219=ADVANCED_FACE('NONE',(#7220),#7245,.F.);
#7220=FACE_BOUND('NONE',#7221,.T.);
#7221=EDGE_LOOP('',(#7222,#7230,#7238,#7244));
#7222=ORIENTED_EDGE('',*,*,#7223,.T.);
#7223=EDGE_CURVE('NONE',#7193,#7224,#7226,.T.);
#7224=VERTEX_POINT('NONE',#7225);
#7225=CARTESIAN_POINT('',(11.479703107,-8.222823292,0.0));
#7226=LINE('',#7227,#7228);
#7227=CARTESIAN_POINT('',(0.0,-8.222823292,0.0));
#7228=VECTOR('',#7229,1.0);
#7229=DIRECTION('',(1.0,0.0,0.0));
#7230=ORIENTED_EDGE('',*,*,#7231,.T.);
#7231=EDGE_CURVE('NONE',#7224,#7232,#7234,.F.);
#7232=VERTEX_POINT('NONE',#7233);
#7233=CARTESIAN_POINT('',(11.479703107,-8.222823292,0.001));
#7234=LINE('',#7235,#7236);
#7235=CARTESIAN_POINT('',(11.479703107,-8.222823292,0.001));
#7236=VECTOR('',#7237,1.0);
#7237=DIRECTION('',(0.0,0.0,-1.0));
#7238=ORIENTED_EDGE('',*,*,#7239,.T.);
#7239=EDGE_CURVE('NONE',#7232,#7201,#7240,.F.);
#7240=LINE('',#7241,#7242);
#7241=CARTESIAN_POINT('',(0.0,-8.222823292,0.001));
#7242=VECTOR('',#7243,1.0);
#7243=DIRECTION('',(1.0,0.0,0.0));
#7244=ORIENTED_EDGE('',*,*,#7200,.F.);
#7245=PLANE('',#7246);
#7246=AXIS2_PLACEMENT_3D('',#7247,#7248,#7249);
#7247=CARTESIAN_POINT('',(0.0,-8.222823292,0.001));
#7248=DIRECTION('',(0.0,1.0,0.0));
#7249=DIRECTION('',(0.0,0.0,1.0));
#7250=ADVANCED_FACE('NONE',(#7251),#7276,.F.);
#7251=FACE_BOUND('NONE',#7252,.T.);
#7252=EDGE_LOOP('',(#7253,#7261,#7269,#7275));
#7253=ORIENTED_EDGE('',*,*,#7254,.T.);
#7254=EDGE_CURVE('NONE',#7224,#7255,#7257,.T.);
#7255=VERTEX_POINT('NONE',#7256);
#7256=CARTESIAN_POINT('',(11.479703107,-8.098479661,0.0));
#7257=LINE('',#7258,#7259);
#7258=CARTESIAN_POINT('',(11.479703107,0.0,0.0));
#7259=VECTOR('',#7260,1.0);
#7260=DIRECTION('',(0.0,1.0,0.0));
#7261=ORIENTED_EDGE('',*,*,#7262,.T.);
#7262=EDGE_CURVE('NONE',#7255,#7263,#7265,.F.);
#7263=VERTEX_POINT('NONE',#7264);
#7264=CARTESIAN_POINT('',(11.479703107,-8.098479661,0.001));
#7265=LINE('',#7266,#7267);
#7266=CARTESIAN_POINT('',(11.479703107,-8.098479661,0.001));
#7267=VECTOR('',#7268,1.0);
#7268=DIRECTION('',(0.0,0.0,-1.0));
#7269=ORIENTED_EDGE('',*,*,#7270,.T.);
#7270=EDGE_CURVE('NONE',#7263,#7232,#7271,.F.);
#7271=LINE('',#7272,#7273);
#7272=CARTESIAN_POINT('',(11.479703107,0.0,0.001));
#7273=VECTOR('',#7274,1.0);
#7274=DIRECTION('',(0.0,1.0,0.0));
#7275=ORIENTED_EDGE('',*,*,#7231,.F.);
#7276=PLANE('',#7277);
#7277=AXIS2_PLACEMENT_3D('',#7278,#7279,#7280);
#7278=CARTESIAN_POINT('',(11.479703107,0.0,0.001));
#7279=DIRECTION('',(-1.0,0.0,0.0));
#7280=DIRECTION('',(0.0,0.0,1.0));
#7281=ADVANCED_FACE('NONE',(#7282),#7298,.F.);
#7282=FACE_BOUND('NONE',#7283,.T.);
#7283=EDGE_LOOP('',(#7284,#7290,#7291,#7297));
#7284=ORIENTED_EDGE('',*,*,#7285,.T.);
#7285=EDGE_CURVE('NONE',#7255,#6782,#7286,.T.);
#7286=LINE('',#7287,#7288);
#7287=CARTESIAN_POINT('',(0.0,-8.098479661,0.0));
#7288=VECTOR('',#7289,1.0);
#7289=DIRECTION('',(-1.0,0.0,0.0));
#7290=ORIENTED_EDGE('',*,*,#6809,.F.);
#7291=ORIENTED_EDGE('',*,*,#7292,.T.);
#7292=EDGE_CURVE('NONE',#6801,#7263,#7293,.F.);
#7293=LINE('',#7294,#7295);
#7294=CARTESIAN_POINT('',(0.0,-8.098479661,0.001));
#7295=VECTOR('',#7296,1.0);
#7296=DIRECTION('',(-1.0,0.0,0.0));
#7297=ORIENTED_EDGE('',*,*,#7262,.F.);
#7298=PLANE('',#7299);
#7299=AXIS2_PLACEMENT_3D('',#7300,#7301,#7302);
#7300=CARTESIAN_POINT('',(0.0,-8.098479661,0.001));
#7301=DIRECTION('',(0.0,-1.0,0.0));
#7302=DIRECTION('',(0.0,0.0,-1.0));
#7303=ADVANCED_FACE('NONE',(#7304),#7322,.T.);
#7304=FACE_BOUND('NONE',#7305,.T.);
#7305=EDGE_LOOP('',(#7306,#7307,#7308,#7309,#7310,#7311,#7312,#7313,#7314,#7315,#7316,#7317,#7318,#7319,#7320,#7321));
#7306=ORIENTED_EDGE('',*,*,#6800,.F.);
#7307=ORIENTED_EDGE('',*,*,#6844,.F.);
#7308=ORIENTED_EDGE('',*,*,#6880,.F.);
#7309=ORIENTED_EDGE('',*,*,#6911,.F.);
#7310=ORIENTED_EDGE('',*,*,#6942,.F.);
#7311=ORIENTED_EDGE('',*,*,#6973,.F.);
#7312=ORIENTED_EDGE('',*,*,#7004,.F.);
#7313=ORIENTED_EDGE('',*,*,#7036,.F.);
#7314=ORIENTED_EDGE('',*,*,#7073,.F.);
#7315=ORIENTED_EDGE('',*,*,#7109,.F.);
#7316=ORIENTED_EDGE('',*,*,#7141,.F.);
#7317=ORIENTED_EDGE('',*,*,#7177,.F.);
#7318=ORIENTED_EDGE('',*,*,#7208,.F.);
#7319=ORIENTED_EDGE('',*,*,#7239,.F.);
#7320=ORIENTED_EDGE('',*,*,#7270,.F.);
#7321=ORIENTED_EDGE('',*,*,#7292,.F.);
#7322=PLANE('',#7323);
#7323=AXIS2_PLACEMENT_3D('',#7324,#7325,#7326);
#7324=CARTESIAN_POINT('',(0.0,0.0,0.001));
#7325=DIRECTION('',(0.0,0.0,1.0));
#7326=DIRECTION('',(1.0,0.0,0.0));
#7327=ADVANCED_FACE('NONE',(#7328),#7346,.F.);
#7328=FACE_BOUND('NONE',#7329,.T.);
#7329=EDGE_LOOP('',(#7330,#7331,#7332,#7333,#7334,#7335,#7336,#7337,#7338,#7339,#7340,#7341,#7342,#7343,#7344,#7345));
#7330=ORIENTED_EDGE('',*,*,#6781,.F.);
#7331=ORIENTED_EDGE('',*,*,#7285,.F.);
#7332=ORIENTED_EDGE('',*,*,#7254,.F.);
#7333=ORIENTED_EDGE('',*,*,#7223,.F.);
#7334=ORIENTED_EDGE('',*,*,#7192,.F.);
#7335=ORIENTED_EDGE('',*,*,#7161,.F.);
#7336=ORIENTED_EDGE('',*,*,#7124,.F.);
#7337=ORIENTED_EDGE('',*,*,#7093,.F.);
#7338=ORIENTED_EDGE('',*,*,#7056,.F.);
#7339=ORIENTED_EDGE('',*,*,#7019,.F.);
#7340=ORIENTED_EDGE('',*,*,#6988,.F.);
#7341=ORIENTED_EDGE('',*,*,#6957,.F.);
#7342=ORIENTED_EDGE('',*,*,#6926,.F.);
#7343=ORIENTED_EDGE('',*,*,#6895,.F.);
#7344=ORIENTED_EDGE('',*,*,#6864,.F.);
#7345=ORIENTED_EDGE('',*,*,#6827,.F.);
#7346=PLANE('',#7347);
#7347=AXIS2_PLACEMENT_3D('',#7348,#7349,#7350);
#7348=CARTESIAN_POINT('',(0.0,0.0,0.0));
#7349=DIRECTION('',(0.0,0.0,1.0));
#7350=DIRECTION('',(1.0,0.0,0.0));
#7351=MANIFOLD_SOLID_BREP('Boss-Extrude1[8]',#7352);
#7352=CLOSED_SHELL('NONE',(#7353,#7393,#7424,#7455,#7477,#7489));
#7353=ADVANCED_FACE('NONE',(#7354),#7388,.F.);
#7354=FACE_BOUND('NONE',#7355,.T.);
#7355=EDGE_LOOP('',(#7356,#7366,#7374,#7382));
#7356=ORIENTED_EDGE('',*,*,#7357,.T.);
#7357=EDGE_CURVE('NONE',#7358,#7360,#7362,.T.);
#7358=VERTEX_POINT('NONE',#7359);
#7359=CARTESIAN_POINT('',(11.59027714,-8.09764514,0.0));
#7360=VERTEX_POINT('NONE',#7361);
#7361=CARTESIAN_POINT('',(11.550637392,-8.09764514,0.0));
#7362=LINE('',#7363,#7364);
#7363=CARTESIAN_POINT('',(0.0,-8.09764514,0.0));
#7364=VECTOR('',#7365,1.0);
#7365=DIRECTION('',(-1.0,0.0,0.0));
#7366=ORIENTED_EDGE('',*,*,#7367,.T.);
#7367=EDGE_CURVE('NONE',#7360,#7368,#7370,.F.);
#7368=VERTEX_POINT('NONE',#7369);
#7369=CARTESIAN_POINT('',(11.550637392,-8.09764514,0.001));
#7370=LINE('',#7371,#7372);
#7371=CARTESIAN_POINT('',(11.550637392,-8.09764514,0.001));
#7372=VECTOR('',#7373,1.0);
#7373=DIRECTION('',(0.0,0.0,-1.0));
#7374=ORIENTED_EDGE('',*,*,#7375,.T.);
#7375=EDGE_CURVE('NONE',#7368,#7376,#7378,.F.);
#7376=VERTEX_POINT('NONE',#7377);
#7377=CARTESIAN_POINT('',(11.59027714,-8.09764514,0.001));
#7378=LINE('',#7379,#7380);
#7379=CARTESIAN_POINT('',(0.0,-8.09764514,0.001));
#7380=VECTOR('',#7381,1.0);
#7381=DIRECTION('',(-1.0,0.0,0.0));
#7382=ORIENTED_EDGE('',*,*,#7383,.T.);
#7383=EDGE_CURVE('NONE',#7376,#7358,#7384,.T.);
#7384=LINE('',#7385,#7386);
#7385=CARTESIAN_POINT('',(11.59027714,-8.09764514,0.001));
#7386=VECTOR('',#7387,1.0);
#7387=DIRECTION('',(0.0,0.0,-1.0));
#7388=PLANE('',#7389);
#7389=AXIS2_PLACEMENT_3D('',#7390,#7391,#7392);
#7390=CARTESIAN_POINT('',(0.0,-8.09764514,0.001));
#7391=DIRECTION('',(0.0,-1.0,0.0));
#7392=DIRECTION('',(0.0,0.0,-1.0));
#7393=ADVANCED_FACE('NONE',(#7394),#7419,.F.);
#7394=FACE_BOUND('NONE',#7395,.T.);
#7395=EDGE_LOOP('',(#7396,#7404,#7412,#7418));
#7396=ORIENTED_EDGE('',*,*,#7397,.T.);
#7397=EDGE_CURVE('NONE',#7360,#7398,#7400,.T.);
#7398=VERTEX_POINT('NONE',#7399);
#7399=CARTESIAN_POINT('',(11.551263283,-8.221988771,0.0));
#7400=LINE('',#7401,#7402);
#7401=CARTESIAN_POINT('',(11.509585819,0.057934157,0.0));
#7402=VECTOR('',#7403,1.0);
#7403=DIRECTION('',(0.005033493,-0.999987332,0.0));
#7404=ORIENTED_EDGE('',*,*,#7405,.T.);
#7405=EDGE_CURVE('NONE',#7398,#7406,#7408,.F.);
#7406=VERTEX_POINT('NONE',#7407);
#7407=CARTESIAN_POINT('',(11.551263283,-8.221988771,0.001));
#7408=LINE('',#7409,#7410);
#7409=CARTESIAN_POINT('',(11.551263283,-8.221988771,0.001));
#7410=VECTOR('',#7411,1.0);
#7411=DIRECTION('',(0.0,0.0,-1.0));
#7412=ORIENTED_EDGE('',*,*,#7413,.T.);
#7413=EDGE_CURVE('NONE',#7406,#7368,#7414,.F.);
#7414=LINE('',#7415,#7416);
#7415=CARTESIAN_POINT('',(11.509585819,0.057934157,0.001));
#7416=VECTOR('',#7417,1.0);
#7417=DIRECTION('',(0.005033493,-0.999987332,0.0));
#7418=ORIENTED_EDGE('',*,*,#7367,.F.);
#7419=PLANE('',#7420);
#7420=AXIS2_PLACEMENT_3D('',#7421,#7422,#7423);
#7421=CARTESIAN_POINT('',(11.509585819,0.057934157,0.001));
#7422=DIRECTION('',(0.999987332,0.005033493,0.0));
#7423=DIRECTION('',(-0.005033493,0.999987332,0.0));
#7424=ADVANCED_FACE('NONE',(#7425),#7450,.F.);
#7425=FACE_BOUND('NONE',#7426,.T.);
#7426=EDGE_LOOP('',(#7427,#7435,#7443,#7449));
#7427=ORIENTED_EDGE('',*,*,#7428,.T.);
#7428=EDGE_CURVE('NONE',#7398,#7429,#7431,.T.);
#7429=VERTEX_POINT('NONE',#7430);
#7430=CARTESIAN_POINT('',(11.59027714,-8.221988771,0.0));
#7431=LINE('',#7432,#7433);
#7432=CARTESIAN_POINT('',(0.0,-8.221988771,0.0));
#7433=VECTOR('',#7434,1.0);
#7434=DIRECTION('',(1.0,0.0,0.0));
#7435=ORIENTED_EDGE('',*,*,#7436,.T.);
#7436=EDGE_CURVE('NONE',#7429,#7437,#7439,.F.);
#7437=VERTEX_POINT('NONE',#7438);
#7438=CARTESIAN_POINT('',(11.59027714,-8.221988771,0.001));
#7439=LINE('',#7440,#7441);
#7440=CARTESIAN_POINT('',(11.59027714,-8.221988771,0.001));
#7441=VECTOR('',#7442,1.0);
#7442=DIRECTION('',(0.0,0.0,-1.0));
#7443=ORIENTED_EDGE('',*,*,#7444,.T.);
#7444=EDGE_CURVE('NONE',#7437,#7406,#7445,.F.);
#7445=LINE('',#7446,#7447);
#7446=CARTESIAN_POINT('',(0.0,-8.221988771,0.001));
#7447=VECTOR('',#7448,1.0);
#7448=DIRECTION('',(1.0,0.0,0.0));
#7449=ORIENTED_EDGE('',*,*,#7405,.F.);
#7450=PLANE('',#7451);
#7451=AXIS2_PLACEMENT_3D('',#7452,#7453,#7454);
#7452=CARTESIAN_POINT('',(0.0,-8.221988771,0.001));
#7453=DIRECTION('',(0.0,1.0,0.0));
#7454=DIRECTION('',(0.0,0.0,1.0));
#7455=ADVANCED_FACE('NONE',(#7456),#7472,.F.);
#7456=FACE_BOUND('NONE',#7457,.T.);
#7457=EDGE_LOOP('',(#7458,#7464,#7465,#7471));
#7458=ORIENTED_EDGE('',*,*,#7459,.T.);
#7459=EDGE_CURVE('NONE',#7429,#7358,#7460,.T.);
#7460=LINE('',#7461,#7462);
#7461=CARTESIAN_POINT('',(11.59027714,0.0,0.0));
#7462=VECTOR('',#7463,1.0);
#7463=DIRECTION('',(0.0,1.0,0.0));
#7464=ORIENTED_EDGE('',*,*,#7383,.F.);
#7465=ORIENTED_EDGE('',*,*,#7466,.T.);
#7466=EDGE_CURVE('NONE',#7376,#7437,#7467,.F.);
#7467=LINE('',#7468,#7469);
#7468=CARTESIAN_POINT('',(11.59027714,0.0,0.001));
#7469=VECTOR('',#7470,1.0);
#7470=DIRECTION('',(0.0,1.0,0.0));
#7471=ORIENTED_EDGE('',*,*,#7436,.F.);
#7472=PLANE('',#7473);
#7473=AXIS2_PLACEMENT_3D('',#7474,#7475,#7476);
#7474=CARTESIAN_POINT('',(11.59027714,0.0,0.001));
#7475=DIRECTION('',(-1.0,0.0,0.0));
#7476=DIRECTION('',(0.0,0.0,1.0));
#7477=ADVANCED_FACE('NONE',(#7478),#7484,.T.);
#7478=FACE_BOUND('NONE',#7479,.T.);
#7479=EDGE_LOOP('',(#7480,#7481,#7482,#7483));
#7480=ORIENTED_EDGE('',*,*,#7375,.F.);
#7481=ORIENTED_EDGE('',*,*,#7413,.F.);
#7482=ORIENTED_EDGE('',*,*,#7444,.F.);
#7483=ORIENTED_EDGE('',*,*,#7466,.F.);
#7484=PLANE('',#7485);
#7485=AXIS2_PLACEMENT_3D('',#7486,#7487,#7488);
#7486=CARTESIAN_POINT('',(0.0,0.0,0.001));
#7487=DIRECTION('',(0.0,0.0,1.0));
#7488=DIRECTION('',(1.0,0.0,0.0));
#7489=ADVANCED_FACE('NONE',(#7490),#7496,.F.);
#7490=FACE_BOUND('NONE',#7491,.T.);
#7491=EDGE_LOOP('',(#7492,#7493,#7494,#7495));
#7492=ORIENTED_EDGE('',*,*,#7357,.F.);
#7493=ORIENTED_EDGE('',*,*,#7459,.F.);
#7494=ORIENTED_EDGE('',*,*,#7428,.F.);
#7495=ORIENTED_EDGE('',*,*,#7397,.F.);
#7496=PLANE('',#7497);
#7497=AXIS2_PLACEMENT_3D('',#7498,#7499,#7500);
#7498=CARTESIAN_POINT('',(0.0,0.0,0.0));
#7499=DIRECTION('',(0.0,0.0,1.0));
#7500=DIRECTION('',(1.0,0.0,0.0));
#7501=MANIFOLD_SOLID_BREP('Boss-Extrude1[9]',#7502);
#7502=CLOSED_SHELL('NONE',(#7503,#7549,#7586,#7617,#7654,#7691,#7722,#7759,#7796,#7833,#7861,#7879));
#7503=ADVANCED_FACE('NONE',(#7504),#7540,.F.);
#7504=FACE_BOUND('NONE',#7505,.T.);
#7505=EDGE_LOOP('',(#7506,#7517,#7525,#7534));
#7506=ORIENTED_EDGE('',*,*,#7507,.T.);
#7507=EDGE_CURVE('NONE',#7508,#7510,#7512,.T.);
#7508=VERTEX_POINT('NONE',#7509);
#7509=CARTESIAN_POINT('',(11.685621166,-8.218650686,1.694065895E-18));
#7510=VERTEX_POINT('NONE',#7511);
#7511=CARTESIAN_POINT('',(11.731937082,-8.223449182,1.694065895E-18));
#7512=B_SPLINE_CURVE_WITH_KNOTS('',3,(#7513,#7514,#7515,#7516),.UNSPECIFIED.,.F.,.U.,(4,4),(0.636363636,0.727272727),.PIECEWISE_BEZIER_KNOTS.);
#7513=CARTESIAN_POINT('',(11.685621166,-8.218650686,1.694065895E-18));
#7514=CARTESIAN_POINT('',(11.700225283,-8.224075073,1.694065895E-18));
#7515=CARTESIAN_POINT('',(11.715246662,-8.223449182,1.694065895E-18));
#7516=CARTESIAN_POINT('',(11.731937082,-8.223449182,1.694065895E-18));
#7517=ORIENTED_EDGE('',*,*,#7518,.T.);
#7518=EDGE_CURVE('NONE',#7510,#7519,#7521,.F.);
#7519=VERTEX_POINT('NONE',#7520);
#7520=CARTESIAN_POINT('',(11.731937082,-8.223449182,0.001));
#7521=LINE('',#7522,#7523);
#7522=CARTESIAN_POINT('',(11.731937082,-8.223449182,0.001));
#7523=VECTOR('',#7524,1.0);
#7524=DIRECTION('',(0.0,0.0,-1.0));
#7525=ORIENTED_EDGE('',*,*,#7526,.T.);
#7526=EDGE_CURVE('NONE',#7519,#7527,#7529,.F.);
#7527=VERTEX_POINT('NONE',#7528);
#7528=CARTESIAN_POINT('',(11.685621166,-8.218650686,0.001));
#7529=B_SPLINE_CURVE_WITH_KNOTS('',3,(#7530,#7531,#7532,#7533),.UNSPECIFIED.,.F.,.U.,(4,4),(0.636363636,0.727272727),.PIECEWISE_BEZIER_KNOTS.);
#7530=CARTESIAN_POINT('',(11.685621166,-8.218650686,0.001));
#7531=CARTESIAN_POINT('',(11.700225283,-8.224075073,0.001));
#7532=CARTESIAN_POINT('',(11.715246662,-8.223449182,0.001));
#7533=CARTESIAN_POINT('',(11.731937082,-8.223449182,0.001));
#7534=ORIENTED_EDGE('',*,*,#7535,.T.);
#7535=EDGE_CURVE('NONE',#7527,#7508,#7536,.T.);
#7536=LINE('',#7537,#7538);
#7537=CARTESIAN_POINT('',(11.685621166,-8.218650686,0.001));
#7538=VECTOR('',#7539,1.0);
#7539=DIRECTION('',(0.0,0.0,-1.0));
#7540=B_SPLINE_SURFACE_WITH_KNOTS('',3,1,((#7541,#7542),(#7543,#7544),(#7545,#7546),(#7547,#7548)),.UNSPECIFIED.,.F.,.F.,.U.,(4,4),(2,2),(0.636363636,0.727272727),(0.0,1.0),.PIECEWISE_BEZIER_KNOTS.);
#7541=CARTESIAN_POINT('',(11.685621166,-8.218650686,0.001));
#7542=CARTESIAN_POINT('',(11.685621166,-8.218650686,1.694065895E-18));
#7543=CARTESIAN_POINT('',(11.700225283,-8.224075073,0.001));
#7544=CARTESIAN_POINT('',(11.700225283,-8.224075073,1.694065895E-18));
#7545=CARTESIAN_POINT('',(11.715246662,-8.223449182,0.001));
#7546=CARTESIAN_POINT('',(11.715246662,-8.223449182,1.694065895E-18));
#7547=CARTESIAN_POINT('',(11.731937082,-8.223449182,0.001));
#7548=CARTESIAN_POINT('',(11.731937082,-8.223449182,1.694065895E-18));
#7549=ADVANCED_FACE('NONE',(#7550),#7577,.F.);
#7550=FACE_BOUND('NONE',#7551,.T.);
#7551=EDGE_LOOP('',(#7552,#7561,#7569,#7576));
#7552=ORIENTED_EDGE('',*,*,#7553,.T.);
#7553=EDGE_CURVE('NONE',#7510,#7554,#7556,.T.);
#7554=VERTEX_POINT('NONE',#7555);
#7555=CARTESIAN_POINT('',(11.782425603,-8.223031922,0.0));
#7556=B_SPLINE_CURVE_WITH_KNOTS('',3,(#7557,#7558,#7559,#7560),.UNSPECIFIED.,.F.,.U.,(4,4),(0.727272727,0.818181818),.PIECEWISE_BEZIER_KNOTS.);
#7557=CARTESIAN_POINT('',(11.731937082,-8.223449182,1.694065895E-18));
#7558=CARTESIAN_POINT('',(11.746541199,-8.223449182,1.694065895E-18));
#7559=CARTESIAN_POINT('',(11.768656006,-8.224492334,1.694065895E-18));
#7560=CARTESIAN_POINT('',(11.782425603,-8.223031922,0.0));
#7561=ORIENTED_EDGE('',*,*,#7562,.T.);
#7562=EDGE_CURVE('NONE',#7554,#7563,#7565,.F.);
#7563=VERTEX_POINT('NONE',#7564);
#7564=CARTESIAN_POINT('',(11.782425603,-8.223031922,0.001));
#7565=LINE('',#7566,#7567);
#7566=CARTESIAN_POINT('',(11.782425603,-8.223031922,0.001));
#7567=VECTOR('',#7568,1.0);
#7568=DIRECTION('',(0.0,0.0,-1.0));
#7569=ORIENTED_EDGE('',*,*,#7570,.T.);
#7570=EDGE_CURVE('NONE',#7563,#7519,#7571,.F.);
#7571=B_SPLINE_CURVE_WITH_KNOTS('',3,(#7572,#7573,#7574,#7575),.UNSPECIFIED.,.F.,.U.,(4,4),(0.727272727,0.818181818),.PIECEWISE_BEZIER_KNOTS.);
#7572=CARTESIAN_POINT('',(11.731937082,-8.223449182,0.001));
#7573=CARTESIAN_POINT('',(11.746541199,-8.223449182,0.001));
#7574=CARTESIAN_POINT('',(11.768656006,-8.224492334,0.001));
#7575=CARTESIAN_POINT('',(11.782425603,-8.223031922,0.001));
#7576=ORIENTED_EDGE('',*,*,#7518,.F.);
#7577=B_SPLINE_SURFACE_WITH_KNOTS('',3,1,((#7578,#7579),(#7580,#7581),(#7582,#7583),(#7584,#7585)),.UNSPECIFIED.,.F.,.F.,.U.,(4,4),(2,2),(0.727272727,0.818181818),(0.0,1.0),.PIECEWISE_BEZIER_KNOTS.);
#7578=CARTESIAN_POINT('',(11.731937082,-8.223449182,0.001));
#7579=CARTESIAN_POINT('',(11.731937082,-8.223449182,1.694065895E-18));
#7580=CARTESIAN_POINT('',(11.746541199,-8.223449182,0.001));
#7581=CARTESIAN_POINT('',(11.746541199,-8.223449182,1.694065895E-18));
#7582=CARTESIAN_POINT('',(11.768656006,-8.224492334,0.001));
#7583=CARTESIAN_POINT('',(11.768656006,-8.224492334,1.694065895E-18));
#7584=CARTESIAN_POINT('',(11.782425603,-8.223031922,0.001));
#7585=CARTESIAN_POINT('',(11.782425603,-8.223031922,1.694065895E-18));
#7586=ADVANCED_FACE('NONE',(#7587),#7612,.F.);
#7587=FACE_BOUND('NONE',#7588,.T.);
#7588=EDGE_LOOP('',(#7589,#7597,#7605,#7611));
#7589=ORIENTED_EDGE('',*,*,#7590,.T.);
#7590=EDGE_CURVE('NONE',#7554,#7591,#7593,.T.);
#7591=VERTEX_POINT('NONE',#7592);
#7592=CARTESIAN_POINT('',(11.782425603,-8.201334376,0.0));
#7593=LINE('',#7594,#7595);
#7594=CARTESIAN_POINT('',(11.782425603,0.0,0.0));
#7595=VECTOR('',#7596,1.0);
#7596=DIRECTION('',(0.0,1.0,0.0));
#7597=ORIENTED_EDGE('',*,*,#7598,.T.);
#7598=EDGE_CURVE('NONE',#7591,#7599,#7601,.F.);
#7599=VERTEX_POINT('NONE',#7600);
#7600=CARTESIAN_POINT('',(11.782425603,-8.201334376,0.001));
#7601=LINE('',#7602,#7603);
#7602=CARTESIAN_POINT('',(11.782425603,-8.201334376,0.001));
#7603=VECTOR('',#7604,1.0);
#7604=DIRECTION('',(0.0,0.0,-1.0));
#7605=ORIENTED_EDGE('',*,*,#7606,.T.);
#7606=EDGE_CURVE('NONE',#7599,#7563,#7607,.F.);
#7607=LINE('',#7608,#7609);
#7608=CARTESIAN_POINT('',(11.782425603,0.0,0.001));
#7609=VECTOR('',#7610,1.0);
#7610=DIRECTION('',(0.0,1.0,0.0));
#7611=ORIENTED_EDGE('',*,*,#7562,.F.);
#7612=PLANE('',#7613);
#7613=AXIS2_PLACEMENT_3D('',#7614,#7615,#7616);
#7614=CARTESIAN_POINT('',(11.782425603,0.0,0.001));
#7615=DIRECTION('',(-1.0,0.0,0.0));
#7616=DIRECTION('',(0.0,0.0,1.0));
#7617=ADVANCED_FACE('NONE',(#7618),#7645,.F.);
#7618=FACE_BOUND('NONE',#7619,.T.);
#7619=EDGE_LOOP('',(#7620,#7629,#7637,#7644));
#7620=ORIENTED_EDGE('',*,*,#7621,.T.);
#7621=EDGE_CURVE('NONE',#7591,#7622,#7624,.T.);
#7622=VERTEX_POINT('NONE',#7623);
#7623=CARTESIAN_POINT('',(11.691045552,-8.160860107,0.0));
#7624=B_SPLINE_CURVE_WITH_KNOTS('',3,(#7625,#7626,#7627,#7628),.UNSPECIFIED.,.F.,.U.,(4,4),(0.0,0.090909091),.PIECEWISE_BEZIER_KNOTS.);
#7625=CARTESIAN_POINT('',(11.782425603,-8.201334376,0.0));
#7626=CARTESIAN_POINT('',(11.732354342,-8.197370401,0.0));
#7627=CARTESIAN_POINT('',(11.690628292,-8.215521233,0.0));
#7628=CARTESIAN_POINT('',(11.691045552,-8.160860107,0.0));
#7629=ORIENTED_EDGE('',*,*,#7630,.T.);
#7630=EDGE_CURVE('NONE',#7622,#7631,#7633,.F.);
#7631=VERTEX_POINT('NONE',#7632);
#7632=CARTESIAN_POINT('',(11.691045552,-8.160860107,0.001));
#7633=LINE('',#7634,#7635);
#7634=CARTESIAN_POINT('',(11.691045552,-8.160860107,0.001));
#7635=VECTOR('',#7636,1.0);
#7636=DIRECTION('',(0.0,0.0,-1.0));
#7637=ORIENTED_EDGE('',*,*,#7638,.T.);
#7638=EDGE_CURVE('NONE',#7631,#7599,#7639,.F.);
#7639=B_SPLINE_CURVE_WITH_KNOTS('',3,(#7640,#7641,#7642,#7643),.UNSPECIFIED.,.F.,.U.,(4,4),(0.0,0.090909091),.PIECEWISE_BEZIER_KNOTS.);
#7640=CARTESIAN_POINT('',(11.782425603,-8.201334376,0.001));
#7641=CARTESIAN_POINT('',(11.732354342,-8.197370401,0.001));
#7642=CARTESIAN_POINT('',(11.690628292,-8.215521233,0.001));
#7643=CARTESIAN_POINT('',(11.691045552,-8.160860107,0.001));
#7644=ORIENTED_EDGE('',*,*,#7598,.F.);
#7645=B_SPLINE_SURFACE_WITH_KNOTS('',3,1,((#7646,#7647),(#7648,#7649),(#7650,#7651),(#7652,#7653)),.UNSPECIFIED.,.F.,.F.,.U.,(4,4),(2,2),(0.0,0.090909091),(0.0,1.0),.PIECEWISE_BEZIER_KNOTS.);
#7646=CARTESIAN_POINT('',(11.782425603,-8.201334376,0.001));
#7647=CARTESIAN_POINT('',(11.782425603,-8.201334376,0.0));
#7648=CARTESIAN_POINT('',(11.732354342,-8.197370401,0.001));
#7649=CARTESIAN_POINT('',(11.732354342,-8.197370401,0.0));
#7650=CARTESIAN_POINT('',(11.690628292,-8.215521233,0.001));
#7651=CARTESIAN_POINT('',(11.690628292,-8.215521233,0.0));
#7652=CARTESIAN_POINT('',(11.691045552,-8.160860107,0.001));
#7653=CARTESIAN_POINT('',(11.691045552,-8.160860107,0.0));
#7654=ADVANCED_FACE('NONE',(#7655),#7682,.F.);
#7655=FACE_BOUND('NONE',#7656,.T.);
#7656=EDGE_LOOP('',(#7657,#7666,#7674,#7681));
#7657=ORIENTED_EDGE('',*,*,#7658,.T.);
#7658=EDGE_CURVE('NONE',#7622,#7659,#7661,.T.);
#7659=VERTEX_POINT('NONE',#7660);
#7660=CARTESIAN_POINT('',(11.782425603,-8.120385838,0.0));
#7661=B_SPLINE_CURVE_WITH_KNOTS('',3,(#7662,#7663,#7664,#7665),.UNSPECIFIED.,.F.,.U.,(4,4),(0.090909091,0.181818182),.PIECEWISE_BEZIER_KNOTS.);
#7662=CARTESIAN_POINT('',(11.691045552,-8.160860107,0.0));
#7663=CARTESIAN_POINT('',(11.691462813,-8.105364459,-1.694065895E-18));
#7664=CARTESIAN_POINT('',(11.737570099,-8.124141182,-1.694065895E-18));
#7665=CARTESIAN_POINT('',(11.782425603,-8.120385838,0.0));
#7666=ORIENTED_EDGE('',*,*,#7667,.T.);
#7667=EDGE_CURVE('NONE',#7659,#7668,#7670,.F.);
#7668=VERTEX_POINT('NONE',#7669);
#7669=CARTESIAN_POINT('',(11.782425603,-8.120385838,0.001));
#7670=LINE('',#7671,#7672);
#7671=CARTESIAN_POINT('',(11.782425603,-8.120385838,0.001));
#7672=VECTOR('',#7673,1.0);
#7673=DIRECTION('',(0.0,0.0,-1.0));
#7674=ORIENTED_EDGE('',*,*,#7675,.T.);
#7675=EDGE_CURVE('NONE',#7668,#7631,#7676,.F.);
#7676=B_SPLINE_CURVE_WITH_KNOTS('',3,(#7677,#7678,#7679,#7680),.UNSPECIFIED.,.F.,.U.,(4,4),(0.090909091,0.181818182),.PIECEWISE_BEZIER_KNOTS.);
#7677=CARTESIAN_POINT('',(11.691045552,-8.160860107,0.001));
#7678=CARTESIAN_POINT('',(11.691462813,-8.105364459,10.0E-04));
#7679=CARTESIAN_POINT('',(11.737570099,-8.124141182,10.0E-04));
#7680=CARTESIAN_POINT('',(11.782425603,-8.120385838,0.001));
#7681=ORIENTED_EDGE('',*,*,#7630,.F.);
#7682=B_SPLINE_SURFACE_WITH_KNOTS('',3,1,((#7683,#7684),(#7685,#7686),(#7687,#7688),(#7689,#7690)),.UNSPECIFIED.,.F.,.F.,.U.,(4,4),(2,2),(0.090909091,0.181818182),(0.0,1.0),.PIECEWISE_BEZIER_KNOTS.);
#7683=CARTESIAN_POINT('',(11.691045552,-8.160860107,10.0E-04));
#7684=CARTESIAN_POINT('',(11.691045552,-8.160860107,0.0));
#7685=CARTESIAN_POINT('',(11.691462813,-8.105364459,10.0E-04));
#7686=CARTESIAN_POINT('',(11.691462813,-8.105364459,0.0));
#7687=CARTESIAN_POINT('',(11.737570099,-8.124141182,10.0E-04));
#7688=CARTESIAN_POINT('',(11.737570099,-8.124141182,0.0));
#7689=CARTESIAN_POINT('',(11.782425603,-8.120385838,10.0E-04));
#7690=CARTESIAN_POINT('',(11.782425603,-8.120385838,0.0));
#7691=ADVANCED_FACE('NONE',(#7692),#7717,.F.);
#7692=FACE_BOUND('NONE',#7693,.T.);
#7693=EDGE_LOOP('',(#7694,#7702,#7710,#7716));
#7694=ORIENTED_EDGE('',*,*,#7695,.T.);
#7695=EDGE_CURVE('NONE',#7659,#7696,#7698,.T.);
#7696=VERTEX_POINT('NONE',#7697);
#7697=CARTESIAN_POINT('',(11.782425603,-8.098896922,0.0));
#7698=LINE('',#7699,#7700);
#7699=CARTESIAN_POINT('',(11.782425603,0.0,0.0));
#7700=VECTOR('',#7701,1.0);
#7701=DIRECTION('',(0.0,1.0,0.0));
#7702=ORIENTED_EDGE('',*,*,#7703,.T.);
#7703=EDGE_CURVE('NONE',#7696,#7704,#7706,.F.);
#7704=VERTEX_POINT('NONE',#7705);
#7705=CARTESIAN_POINT('',(11.782425603,-8.098896922,0.001));
#7706=LINE('',#7707,#7708);
#7707=CARTESIAN_POINT('',(11.782425603,-8.098896922,0.001));
#7708=VECTOR('',#7709,1.0);
#7709=DIRECTION('',(0.0,0.0,-1.0));
#7710=ORIENTED_EDGE('',*,*,#7711,.T.);
#7711=EDGE_CURVE('NONE',#7704,#7668,#7712,.F.);
#7712=LINE('',#7713,#7714);
#7713=CARTESIAN_POINT('',(11.782425603,0.0,0.001));
#7714=VECTOR('',#7715,1.0);
#7715=DIRECTION('',(0.0,1.0,0.0));
#7716=ORIENTED_EDGE('',*,*,#7667,.F.);
#7717=PLANE('',#7718);
#7718=AXIS2_PLACEMENT_3D('',#7719,#7720,#7721);
#7719=CARTESIAN_POINT('',(11.782425603,0.0,0.001));
#7720=DIRECTION('',(-1.0,0.0,0.0));
#7721=DIRECTION('',(0.0,0.0,1.0));
#7722=ADVANCED_FACE('NONE',(#7723),#7750,.F.);
#7723=FACE_BOUND('NONE',#7724,.T.);
#7724=EDGE_LOOP('',(#7725,#7734,#7742,#7749));
#7725=ORIENTED_EDGE('',*,*,#7726,.T.);
#7726=EDGE_CURVE('NONE',#7696,#7727,#7729,.T.);
#7727=VERTEX_POINT('NONE',#7728);
#7728=CARTESIAN_POINT('',(11.7306853,-8.098688291,0.0));
#7729=B_SPLINE_CURVE_WITH_KNOTS('',3,(#7730,#7731,#7732,#7733),.UNSPECIFIED.,.F.,.U.,(4,4),(0.272727273,0.363636364),.PIECEWISE_BEZIER_KNOTS.);
#7730=CARTESIAN_POINT('',(11.782425603,-8.098896922,0.0));
#7731=CARTESIAN_POINT('',(11.767404225,-8.09764514,0.0));
#7732=CARTESIAN_POINT('',(11.746332569,-8.098688291,0.0));
#7733=CARTESIAN_POINT('',(11.7306853,-8.098688291,0.0));
#7734=ORIENTED_EDGE('',*,*,#7735,.T.);
#7735=EDGE_CURVE('NONE',#7727,#7736,#7738,.F.);
#7736=VERTEX_POINT('NONE',#7737);
#7737=CARTESIAN_POINT('',(11.7306853,-8.098688291,0.001));
#7738=LINE('',#7739,#7740);
#7739=CARTESIAN_POINT('',(11.7306853,-8.098688291,0.001));
#7740=VECTOR('',#7741,1.0);
#7741=DIRECTION('',(0.0,0.0,-1.0));
#7742=ORIENTED_EDGE('',*,*,#7743,.T.);
#7743=EDGE_CURVE('NONE',#7736,#7704,#7744,.F.);
#7744=B_SPLINE_CURVE_WITH_KNOTS('',3,(#7745,#7746,#7747,#7748),.UNSPECIFIED.,.F.,.U.,(4,4),(0.272727273,0.363636364),.PIECEWISE_BEZIER_KNOTS.);
#7745=CARTESIAN_POINT('',(11.782425603,-8.098896922,0.001));
#7746=CARTESIAN_POINT('',(11.767404225,-8.09764514,0.001));
#7747=CARTESIAN_POINT('',(11.746332569,-8.098688291,0.001));
#7748=CARTESIAN_POINT('',(11.7306853,-8.098688291,0.001));
#7749=ORIENTED_EDGE('',*,*,#7703,.F.);
#7750=B_SPLINE_SURFACE_WITH_KNOTS('',3,1,((#7751,#7752),(#7753,#7754),(#7755,#7756),(#7757,#7758)),.UNSPECIFIED.,.F.,.F.,.U.,(4,4),(2,2),(0.272727273,0.363636364),(0.0,1.0),.PIECEWISE_BEZIER_KNOTS.);
#7751=CARTESIAN_POINT('',(11.782425603,-8.098896922,0.001));
#7752=CARTESIAN_POINT('',(11.782425603,-8.098896922,0.0));
#7753=CARTESIAN_POINT('',(11.767404225,-8.09764514,0.001));
#7754=CARTESIAN_POINT('',(11.767404225,-8.09764514,0.0));
#7755=CARTESIAN_POINT('',(11.746332569,-8.098688291,0.001));
#7756=CARTESIAN_POINT('',(11.746332569,-8.098688291,0.0));
#7757=CARTESIAN_POINT('',(11.7306853,-8.098688291,0.001));
#7758=CARTESIAN_POINT('',(11.7306853,-8.098688291,0.0));
#7759=ADVANCED_FACE('NONE',(#7760),#7787,.F.);
#7760=FACE_BOUND('NONE',#7761,.T.);
#7761=EDGE_LOOP('',(#7762,#7771,#7779,#7786));
#7762=ORIENTED_EDGE('',*,*,#7763,.T.);
#7763=EDGE_CURVE('NONE',#7727,#7764,#7766,.T.);
#7764=VERTEX_POINT('NONE',#7765);
#7765=CARTESIAN_POINT('',(11.685203905,-8.103904048,0.0));
#7766=B_SPLINE_CURVE_WITH_KNOTS('',3,(#7767,#7768,#7769,#7770),.UNSPECIFIED.,.F.,.U.,(4,4),(0.363636364,0.454545455),.PIECEWISE_BEZIER_KNOTS.);
#7767=CARTESIAN_POINT('',(11.7306853,-8.098688291,0.0));
#7768=CARTESIAN_POINT('',(11.712951729,-8.098688291,0.0));
#7769=CARTESIAN_POINT('',(11.700433914,-8.098062401,0.0));
#7770=CARTESIAN_POINT('',(11.685203905,-8.103904048,0.0));
#7771=ORIENTED_EDGE('',*,*,#7772,.T.);
#7772=EDGE_CURVE('NONE',#7764,#7773,#7775,.F.);
#7773=VERTEX_POINT('NONE',#7774);
#7774=CARTESIAN_POINT('',(11.685203905,-8.103904048,0.001));
#7775=LINE('',#7776,#7777);
#7776=CARTESIAN_POINT('',(11.685203905,-8.103904048,0.001));
#7777=VECTOR('',#7778,1.0);
#7778=DIRECTION('',(0.0,0.0,-1.0));
#7779=ORIENTED_EDGE('',*,*,#7780,.T.);
#7780=EDGE_CURVE('NONE',#7773,#7736,#7781,.F.);
#7781=B_SPLINE_CURVE_WITH_KNOTS('',3,(#7782,#7783,#7784,#7785),.UNSPECIFIED.,.F.,.U.,(4,4),(0.363636364,0.454545455),.PIECEWISE_BEZIER_KNOTS.);
#7782=CARTESIAN_POINT('',(11.7306853,-8.098688291,0.001));
#7783=CARTESIAN_POINT('',(11.712951729,-8.098688291,0.001));
#7784=CARTESIAN_POINT('',(11.700433914,-8.098062401,0.001));
#7785=CARTESIAN_POINT('',(11.685203905,-8.103904048,0.001));
#7786=ORIENTED_EDGE('',*,*,#7735,.F.);
#7787=B_SPLINE_SURFACE_WITH_KNOTS('',3,1,((#7788,#7789),(#7790,#7791),(#7792,#7793),(#7794,#7795)),.UNSPECIFIED.,.F.,.F.,.U.,(4,4),(2,2),(0.363636364,0.454545455),(0.0,1.0),.PIECEWISE_BEZIER_KNOTS.);
#7788=CARTESIAN_POINT('',(11.7306853,-8.098688291,0.001));
#7789=CARTESIAN_POINT('',(11.7306853,-8.098688291,0.0));
#7790=CARTESIAN_POINT('',(11.712951729,-8.098688291,0.001));
#7791=CARTESIAN_POINT('',(11.712951729,-8.098688291,0.0));
#7792=CARTESIAN_POINT('',(11.700433914,-8.098062401,0.001));
#7793=CARTESIAN_POINT('',(11.700433914,-8.098062401,0.0));
#7794=CARTESIAN_POINT('',(11.685203905,-8.103904048,0.001));
#7795=CARTESIAN_POINT('',(11.685203905,-8.103904048,0.0));
#7796=ADVANCED_FACE('NONE',(#7797),#7824,.F.);
#7797=FACE_BOUND('NONE',#7798,.T.);
#7798=EDGE_LOOP('',(#7799,#7808,#7816,#7823));
#7799=ORIENTED_EDGE('',*,*,#7800,.T.);
#7800=EDGE_CURVE('NONE',#7764,#7801,#7803,.T.);
#7801=VERTEX_POINT('NONE',#7802);
#7802=CARTESIAN_POINT('',(11.651405804,-8.160860107,0.0));
#7803=B_SPLINE_CURVE_WITH_KNOTS('',3,(#7804,#7805,#7806,#7807),.UNSPECIFIED.,.F.,.U.,(4,4),(0.454545455,0.545454545),.PIECEWISE_BEZIER_KNOTS.);
#7804=CARTESIAN_POINT('',(11.685203905,-8.103904048,0.0));
#7805=CARTESIAN_POINT('',(11.662254577,-8.112666518,0.0));
#7806=CARTESIAN_POINT('',(11.651614435,-8.132903653,0.0));
#7807=CARTESIAN_POINT('',(11.651405804,-8.160860107,0.0));
#7808=ORIENTED_EDGE('',*,*,#7809,.T.);
#7809=EDGE_CURVE('NONE',#7801,#7810,#7812,.F.);
#7810=VERTEX_POINT('NONE',#7811);
#7811=CARTESIAN_POINT('',(11.651405804,-8.160860107,0.001));
#7812=LINE('',#7813,#7814);
#7813=CARTESIAN_POINT('',(11.651405804,-8.160860107,0.001));
#7814=VECTOR('',#7815,1.0);
#7815=DIRECTION('',(0.0,0.0,-1.0));
#7816=ORIENTED_EDGE('',*,*,#7817,.T.);
#7817=EDGE_CURVE('NONE',#7810,#7773,#7818,.F.);
#7818=B_SPLINE_CURVE_WITH_KNOTS('',3,(#7819,#7820,#7821,#7822),.UNSPECIFIED.,.F.,.U.,(4,4),(0.454545455,0.545454545),.PIECEWISE_BEZIER_KNOTS.);
#7819=CARTESIAN_POINT('',(11.685203905,-8.103904048,0.001));
#7820=CARTESIAN_POINT('',(11.662254577,-8.112666518,0.001));
#7821=CARTESIAN_POINT('',(11.651614435,-8.132903653,0.001));
#7822=CARTESIAN_POINT('',(11.651405804,-8.160860107,0.001));
#7823=ORIENTED_EDGE('',*,*,#7772,.F.);
#7824=B_SPLINE_SURFACE_WITH_KNOTS('',3,1,((#7825,#7826),(#7827,#7828),(#7829,#7830),(#7831,#7832)),.UNSPECIFIED.,.F.,.F.,.U.,(4,4),(2,2),(0.454545455,0.545454545),(0.0,1.0),.PIECEWISE_BEZIER_KNOTS.);
#7825=CARTESIAN_POINT('',(11.685203905,-8.103904048,0.001));
#7826=CARTESIAN_POINT('',(11.685203905,-8.103904048,0.0));
#7827=CARTESIAN_POINT('',(11.662254577,-8.112666518,0.001));
#7828=CARTESIAN_POINT('',(11.662254577,-8.112666518,0.0));
#7829=CARTESIAN_POINT('',(11.651614435,-8.132903653,0.001));
#7830=CARTESIAN_POINT('',(11.651614435,-8.132903653,0.0));
#7831=CARTESIAN_POINT('',(11.651405804,-8.160860107,0.001));
#7832=CARTESIAN_POINT('',(11.651405804,-8.160860107,0.0));
#7833=ADVANCED_FACE('NONE',(#7834),#7852,.F.);
#7834=FACE_BOUND('NONE',#7835,.T.);
#7835=EDGE_LOOP('',(#7836,#7843,#7844,#7851));
#7836=ORIENTED_EDGE('',*,*,#7837,.T.);
#7837=EDGE_CURVE('NONE',#7801,#7508,#7838,.T.);
#7838=B_SPLINE_CURVE_WITH_KNOTS('',3,(#7839,#7840,#7841,#7842),.UNSPECIFIED.,.F.,.U.,(4,4),(0.545454545,0.636363636),.PIECEWISE_BEZIER_KNOTS.);
#7839=CARTESIAN_POINT('',(11.651405804,-8.160860107,0.0));
#7840=CARTESIAN_POINT('',(11.651405804,-8.190068342,1.694065895E-18));
#7841=CARTESIAN_POINT('',(11.661002796,-8.209262325,1.694065895E-18));
#7842=CARTESIAN_POINT('',(11.685621166,-8.218650686,1.694065895E-18));
#7843=ORIENTED_EDGE('',*,*,#7535,.F.);
#7844=ORIENTED_EDGE('',*,*,#7845,.T.);
#7845=EDGE_CURVE('NONE',#7527,#7810,#7846,.F.);
#7846=B_SPLINE_CURVE_WITH_KNOTS('',3,(#7847,#7848,#7849,#7850),.UNSPECIFIED.,.F.,.U.,(4,4),(0.545454545,0.636363636),.PIECEWISE_BEZIER_KNOTS.);
#7847=CARTESIAN_POINT('',(11.651405804,-8.160860107,0.001));
#7848=CARTESIAN_POINT('',(11.651405804,-8.190068342,0.001));
#7849=CARTESIAN_POINT('',(11.661002796,-8.209262325,0.001));
#7850=CARTESIAN_POINT('',(11.685621166,-8.218650686,0.001));
#7851=ORIENTED_EDGE('',*,*,#7809,.F.);
#7852=B_SPLINE_SURFACE_WITH_KNOTS('',3,1,((#7853,#7854),(#7855,#7856),(#7857,#7858),(#7859,#7860)),.UNSPECIFIED.,.F.,.F.,.U.,(4,4),(2,2),(0.545454545,0.636363636),(0.0,1.0),.PIECEWISE_BEZIER_KNOTS.);
#7853=CARTESIAN_POINT('',(11.651405804,-8.160860107,0.001));
#7854=CARTESIAN_POINT('',(11.651405804,-8.160860107,0.0));
#7855=CARTESIAN_POINT('',(11.651405804,-8.190068342,0.001));
#7856=CARTESIAN_POINT('',(11.651405804,-8.190068342,0.0));
#7857=CARTESIAN_POINT('',(11.661002796,-8.209262325,0.001));
#7858=CARTESIAN_POINT('',(11.661002796,-8.209262325,0.0));
#7859=CARTESIAN_POINT('',(11.685621166,-8.218650686,0.001));
#7860=CARTESIAN_POINT('',(11.685621166,-8.218650686,0.0));
#7861=ADVANCED_FACE('NONE',(#7862),#7874,.T.);
#7862=FACE_BOUND('NONE',#7863,.T.);
#7863=EDGE_LOOP('',(#7864,#7865,#7866,#7867,#7868,#7869,#7870,#7871,#7872,#7873));
#7864=ORIENTED_EDGE('',*,*,#7526,.F.);
#7865=ORIENTED_EDGE('',*,*,#7570,.F.);
#7866=ORIENTED_EDGE('',*,*,#7606,.F.);
#7867=ORIENTED_EDGE('',*,*,#7638,.F.);
#7868=ORIENTED_EDGE('',*,*,#7675,.F.);
#7869=ORIENTED_EDGE('',*,*,#7711,.F.);
#7870=ORIENTED_EDGE('',*,*,#7743,.F.);
#7871=ORIENTED_EDGE('',*,*,#7780,.F.);
#7872=ORIENTED_EDGE('',*,*,#7817,.F.);
#7873=ORIENTED_EDGE('',*,*,#7845,.F.);
#7874=PLANE('',#7875);
#7875=AXIS2_PLACEMENT_3D('',#7876,#7877,#7878);
#7876=CARTESIAN_POINT('',(0.0,0.0,0.001));
#7877=DIRECTION('',(0.0,0.0,1.0));
#7878=DIRECTION('',(1.0,0.0,0.0));
#7879=ADVANCED_FACE('NONE',(#7880),#7892,.F.);
#7880=FACE_BOUND('NONE',#7881,.T.);
#7881=EDGE_LOOP('',(#7882,#7883,#7884,#7885,#7886,#7887,#7888,#7889,#7890,#7891));
#7882=ORIENTED_EDGE('',*,*,#7507,.F.);
#7883=ORIENTED_EDGE('',*,*,#7837,.F.);
#7884=ORIENTED_EDGE('',*,*,#7800,.F.);
#7885=ORIENTED_EDGE('',*,*,#7763,.F.);
#7886=ORIENTED_EDGE('',*,*,#7726,.F.);
#7887=ORIENTED_EDGE('',*,*,#7695,.F.);
#7888=ORIENTED_EDGE('',*,*,#7658,.F.);
#7889=ORIENTED_EDGE('',*,*,#7621,.F.);
#7890=ORIENTED_EDGE('',*,*,#7590,.F.);
#7891=ORIENTED_EDGE('',*,*,#7553,.F.);
#7892=PLANE('',#7893);
#7893=AXIS2_PLACEMENT_3D('',#7894,#7895,#7896);
#7894=CARTESIAN_POINT('',(0.0,0.0,0.0));
#7895=DIRECTION('',(0.0,0.0,1.0));
#7896=DIRECTION('',(1.0,0.0,0.0));
#7897=MANIFOLD_SOLID_BREP('Boss-Extrude1[10]',#7898);
#7898=CLOSED_SHELL('NONE',(#7899,#7945,#7982,#8019,#8056,#8102,#8139,#8176,#8204,#8226,#8245));
#7899=ADVANCED_FACE('NONE',(#7900),#7936,.F.);
#7900=FACE_BOUND('NONE',#7901,.T.);
#7901=EDGE_LOOP('',(#7902,#7913,#7921,#7930));
#7902=ORIENTED_EDGE('',*,*,#7903,.T.);
#7903=EDGE_CURVE('NONE',#7904,#7906,#7908,.T.);
#7904=VERTEX_POINT('NONE',#7905);
#7905=CARTESIAN_POINT('',(11.908438275,-8.095767468,0.0));
#7906=VERTEX_POINT('NONE',#7907);
#7907=CARTESIAN_POINT('',(11.832288233,-8.158982434,0.0));
#7908=B_SPLINE_CURVE_WITH_KNOTS('',3,(#7909,#7910,#7911,#7912),.UNSPECIFIED.,.F.,.U.,(4,4),(0.5,0.666666667),.PIECEWISE_BEZIER_KNOTS.);
#7909=CARTESIAN_POINT('',(11.908438275,-8.095767468,0.0));
#7910=CARTESIAN_POINT('',(11.859410166,-8.095767468,0.0));
#7911=CARTESIAN_POINT('',(11.832288233,-8.118299535,0.0));
#7912=CARTESIAN_POINT('',(11.832288233,-8.158982434,0.0));
#7913=ORIENTED_EDGE('',*,*,#7914,.T.);
#7914=EDGE_CURVE('NONE',#7906,#7915,#7917,.F.);
#7915=VERTEX_POINT('NONE',#7916);
#7916=CARTESIAN_POINT('',(11.832288233,-8.158982434,0.001));
#7917=LINE('',#7918,#7919);
#7918=CARTESIAN_POINT('',(11.832288233,-8.158982434,0.001));
#7919=VECTOR('',#7920,1.0);
#7920=DIRECTION('',(0.0,0.0,-1.0));
#7921=ORIENTED_EDGE('',*,*,#7922,.T.);
#7922=EDGE_CURVE('NONE',#7915,#7923,#7925,.F.);
#7923=VERTEX_POINT('NONE',#7924);
#7924=CARTESIAN_POINT('',(11.908438275,-8.095767468,0.001));
#7925=B_SPLINE_CURVE_WITH_KNOTS('',3,(#7926,#7927,#7928,#7929),.UNSPECIFIED.,.F.,.U.,(4,4),(0.5,0.666666667),.PIECEWISE_BEZIER_KNOTS.);
#7926=CARTESIAN_POINT('',(11.908438275,-8.095767468,0.001));
#7927=CARTESIAN_POINT('',(11.859410166,-8.095767468,0.001));
#7928=CARTESIAN_POINT('',(11.832288233,-8.118299535,0.001));
#7929=CARTESIAN_POINT('',(11.832288233,-8.158982434,0.001));
#7930=ORIENTED_EDGE('',*,*,#7931,.T.);
#7931=EDGE_CURVE('NONE',#7923,#7904,#7932,.T.);
#7932=LINE('',#7933,#7934);
#7933=CARTESIAN_POINT('',(11.908438275,-8.095767468,0.001));
#7934=VECTOR('',#7935,1.0);
#7935=DIRECTION('',(0.0,0.0,-1.0));
#7936=B_SPLINE_SURFACE_WITH_KNOTS('',3,1,((#7937,#7938),(#7939,#7940),(#7941,#7942),(#7943,#7944)),.UNSPECIFIED.,.F.,.F.,.U.,(4,4),(2,2),(0.5,0.666666667),(0.0,1.0),.PIECEWISE_BEZIER_KNOTS.);
#7937=CARTESIAN_POINT('',(11.908438275,-8.095767468,0.001));
#7938=CARTESIAN_POINT('',(11.908438275,-8.095767468,0.0));
#7939=CARTESIAN_POINT('',(11.859410166,-8.095767468,0.001));
#7940=CARTESIAN_POINT('',(11.859410166,-8.095767468,0.0));
#7941=CARTESIAN_POINT('',(11.832288233,-8.118299535,0.001));
#7942=CARTESIAN_POINT('',(11.832288233,-8.118299535,0.0));
#7943=CARTESIAN_POINT('',(11.832288233,-8.158982434,0.001));
#7944=CARTESIAN_POINT('',(11.832288233,-8.158982434,0.0));
#7945=ADVANCED_FACE('NONE',(#7946),#7973,.F.);
#7946=FACE_BOUND('NONE',#7947,.T.);
#7947=EDGE_LOOP('',(#7948,#7957,#7965,#7972));
#7948=ORIENTED_EDGE('',*,*,#7949,.T.);
#7949=EDGE_CURVE('NONE',#7906,#7950,#7952,.T.);
#7950=VERTEX_POINT('NONE',#7951);
#7951=CARTESIAN_POINT('',(11.917618006,-8.226370006,0.0));
#7952=B_SPLINE_CURVE_WITH_KNOTS('',3,(#7953,#7954,#7955,#7956),.UNSPECIFIED.,.F.,.U.,(4,4),(0.666666667,1.0),.PIECEWISE_BEZIER_KNOTS.);
#7953=CARTESIAN_POINT('',(11.832288233,-8.158982434,0.0));
#7954=CARTESIAN_POINT('',(11.832288233,-8.209679586,1.694065895E-18));
#7955=CARTESIAN_POINT('',(11.856697973,-8.226370006,1.694065895E-18));
#7956=CARTESIAN_POINT('',(11.917618006,-8.226370006,0.0));
#7957=ORIENTED_EDGE('',*,*,#7958,.T.);
#7958=EDGE_CURVE('NONE',#7950,#7959,#7961,.F.);
#7959=VERTEX_POINT('NONE',#7960);
#7960=CARTESIAN_POINT('',(11.917618006,-8.226370006,0.001));
#7961=LINE('',#7962,#7963);
#7962=CARTESIAN_POINT('',(11.917618006,-8.226370006,0.001));
#7963=VECTOR('',#7964,1.0);
#7964=DIRECTION('',(0.0,0.0,-1.0));
#7965=ORIENTED_EDGE('',*,*,#7966,.T.);
#7966=EDGE_CURVE('NONE',#7959,#7915,#7967,.F.);
#7967=B_SPLINE_CURVE_WITH_KNOTS('',3,(#7968,#7969,#7970,#7971),.UNSPECIFIED.,.F.,.U.,(4,4),(0.666666667,1.0),.PIECEWISE_BEZIER_KNOTS.);
#7968=CARTESIAN_POINT('',(11.832288233,-8.158982434,0.001));
#7969=CARTESIAN_POINT('',(11.832288233,-8.209679586,0.001));
#7970=CARTESIAN_POINT('',(11.856697973,-8.226370006,0.001));
#7971=CARTESIAN_POINT('',(11.917618006,-8.226370006,0.001));
#7972=ORIENTED_EDGE('',*,*,#7914,.F.);
#7973=B_SPLINE_SURFACE_WITH_KNOTS('',3,1,((#7974,#7975),(#7976,#7977),(#7978,#7979),(#7980,#7981)),.UNSPECIFIED.,.F.,.F.,.U.,(4,4),(2,2),(0.666666667,1.0),(0.0,1.0),.PIECEWISE_BEZIER_KNOTS.);
#7974=CARTESIAN_POINT('',(11.832288233,-8.158982434,0.001));
#7975=CARTESIAN_POINT('',(11.832288233,-8.158982434,0.0));
#7976=CARTESIAN_POINT('',(11.832288233,-8.209679586,0.001));
#7977=CARTESIAN_POINT('',(11.832288233,-8.209679586,0.0));
#7978=CARTESIAN_POINT('',(11.856697973,-8.226370006,0.001));
#7979=CARTESIAN_POINT('',(11.856697973,-8.226370006,0.0));
#7980=CARTESIAN_POINT('',(11.917618006,-8.226370006,0.001));
#7981=CARTESIAN_POINT('',(11.917618006,-8.226370006,0.0));
#7982=ADVANCED_FACE('NONE',(#7983),#8010,.F.);
#7983=FACE_BOUND('NONE',#7984,.T.);
#7984=EDGE_LOOP('',(#7985,#7994,#8002,#8009));
#7985=ORIENTED_EDGE('',*,*,#7986,.T.);
#7986=EDGE_CURVE('NONE',#7950,#7987,#7989,.T.);
#7987=VERTEX_POINT('NONE',#7988);
#7988=CARTESIAN_POINT('',(11.9948112,-8.162737779,0.0));
#7989=B_SPLINE_CURVE_WITH_KNOTS('',3,(#7990,#7991,#7992,#7993),.UNSPECIFIED.,.F.,.U.,(4,4),(0.0,0.166666667),.PIECEWISE_BEZIER_KNOTS.);
#7990=CARTESIAN_POINT('',(11.917618006,-8.226370006,0.0));
#7991=CARTESIAN_POINT('',(11.97040146,-8.226370006,0.0));
#7992=CARTESIAN_POINT('',(11.9948112,-8.206550132,0.0));
#7993=CARTESIAN_POINT('',(11.9948112,-8.162737779,0.0));
#7994=ORIENTED_EDGE('',*,*,#7995,.T.);
#7995=EDGE_CURVE('NONE',#7987,#7996,#7998,.F.);
#7996=VERTEX_POINT('NONE',#7997);
#7997=CARTESIAN_POINT('',(11.9948112,-8.162737779,0.001));
#7998=LINE('',#7999,#8000);
#7999=CARTESIAN_POINT('',(11.9948112,-8.162737779,0.001));
#8000=VECTOR('',#8001,1.0);
#8001=DIRECTION('',(0.0,0.0,-1.0));
#8002=ORIENTED_EDGE('',*,*,#8003,.T.);
#8003=EDGE_CURVE('NONE',#7996,#7959,#8004,.F.);
#8004=B_SPLINE_CURVE_WITH_KNOTS('',3,(#8005,#8006,#8007,#8008),.UNSPECIFIED.,.F.,.U.,(4,4),(0.0,0.166666667),.PIECEWISE_BEZIER_KNOTS.);
#8005=CARTESIAN_POINT('',(11.917618006,-8.226370006,0.001));
#8006=CARTESIAN_POINT('',(11.97040146,-8.226370006,0.001));
#8007=CARTESIAN_POINT('',(11.9948112,-8.206550132,0.001));
#8008=CARTESIAN_POINT('',(11.9948112,-8.162737779,0.001));
#8009=ORIENTED_EDGE('',*,*,#7958,.F.);
#8010=B_SPLINE_SURFACE_WITH_KNOTS('',3,1,((#8011,#8012),(#8013,#8014),(#8015,#8016),(#8017,#8018)),.UNSPECIFIED.,.F.,.F.,.U.,(4,4),(2,2),(0.0,0.166666667),(0.0,1.0),.PIECEWISE_BEZIER_KNOTS.);
#8011=CARTESIAN_POINT('',(11.917618006,-8.226370006,0.001));
#8012=CARTESIAN_POINT('',(11.917618006,-8.226370006,0.0));
#8013=CARTESIAN_POINT('',(11.97040146,-8.226370006,0.001));
#8014=CARTESIAN_POINT('',(11.97040146,-8.226370006,0.0));
#8015=CARTESIAN_POINT('',(11.9948112,-8.206550132,0.001));
#8016=CARTESIAN_POINT('',(11.9948112,-8.206550132,0.0));
#8017=CARTESIAN_POINT('',(11.9948112,-8.162737779,0.001));
#8018=CARTESIAN_POINT('',(11.9948112,-8.162737779,0.0));
#8019=ADVANCED_FACE('NONE',(#8020),#8047,.F.);
#8020=FACE_BOUND('NONE',#8021,.T.);
#8021=EDGE_LOOP('',(#8022,#8031,#8039,#8046));
#8022=ORIENTED_EDGE('',*,*,#8023,.T.);
#8023=EDGE_CURVE('NONE',#7987,#8024,#8026,.T.);
#8024=VERTEX_POINT('NONE',#8025);
#8025=CARTESIAN_POINT('',(11.919912939,-8.095767468,0.0));
#8026=B_SPLINE_CURVE_WITH_KNOTS('',3,(#8027,#8028,#8029,#8030),.UNSPECIFIED.,.F.,.U.,(4,4),(0.166666667,0.333333333),.PIECEWISE_BEZIER_KNOTS.);
#8027=CARTESIAN_POINT('',(11.9948112,-8.162737779,0.0));
#8028=CARTESIAN_POINT('',(11.9948112,-8.119551317,0.0));
#8029=CARTESIAN_POINT('',(11.974156805,-8.095767468,0.0));
#8030=CARTESIAN_POINT('',(11.919912939,-8.095767468,0.0));
#8031=ORIENTED_EDGE('',*,*,#8032,.T.);
#8032=EDGE_CURVE('NONE',#8024,#8033,#8035,.F.);
#8033=VERTEX_POINT('NONE',#8034);
#8034=CARTESIAN_POINT('',(11.919912939,-8.095767468,0.001));
#8035=LINE('',#8036,#8037);
#8036=CARTESIAN_POINT('',(11.919912939,-8.095767468,0.001));
#8037=VECTOR('',#8038,1.0);
#8038=DIRECTION('',(0.0,0.0,-1.0));
#8039=ORIENTED_EDGE('',*,*,#8040,.T.);
#8040=EDGE_CURVE('NONE',#8033,#7996,#8041,.F.);
#8041=B_SPLINE_CURVE_WITH_KNOTS('',3,(#8042,#8043,#8044,#8045),.UNSPECIFIED.,.F.,.U.,(4,4),(0.166666667,0.333333333),.PIECEWISE_BEZIER_KNOTS.);
#8042=CARTESIAN_POINT('',(11.9948112,-8.162737779,0.001));
#8043=CARTESIAN_POINT('',(11.9948112,-8.119551317,0.001));
#8044=CARTESIAN_POINT('',(11.974156805,-8.095767468,0.001));
#8045=CARTESIAN_POINT('',(11.919912939,-8.095767468,0.001));
#8046=ORIENTED_EDGE('',*,*,#7995,.F.);
#8047=B_SPLINE_SURFACE_WITH_KNOTS('',3,1,((#8048,#8049),(#8050,#8051),(#8052,#8053),(#8054,#8055)),.UNSPECIFIED.,.F.,.F.,.U.,(4,4),(2,2),(0.166666667,0.333333333),(0.0,1.0),.PIECEWISE_BEZIER_KNOTS.);
#8048=CARTESIAN_POINT('',(11.9948112,-8.162737779,0.001));
#8049=CARTESIAN_POINT('',(11.9948112,-8.162737779,0.0));
#8050=CARTESIAN_POINT('',(11.9948112,-8.119551317,0.001));
#8051=CARTESIAN_POINT('',(11.9948112,-8.119551317,0.0));
#8052=CARTESIAN_POINT('',(11.974156805,-8.095767468,0.001));
#8053=CARTESIAN_POINT('',(11.974156805,-8.095767468,0.0));
#8054=CARTESIAN_POINT('',(11.919912939,-8.095767468,0.001));
#8055=CARTESIAN_POINT('',(11.919912939,-8.095767468,0.0));
#8056=ADVANCED_FACE('NONE',(#8057),#8093,.F.);
#8057=FACE_BOUND('NONE',#8058,.T.);
#8058=EDGE_LOOP('',(#8059,#8070,#8078,#8087));
#8059=ORIENTED_EDGE('',*,*,#8060,.T.);
#8060=EDGE_CURVE('NONE',#8061,#8063,#8065,.T.);
#8061=VERTEX_POINT('NONE',#8062);
#8062=CARTESIAN_POINT('',(11.924085544,-8.205506981,0.0));
#8063=VERTEX_POINT('NONE',#8064);
#8064=CARTESIAN_POINT('',(11.870467569,-8.169622577,0.0));
#8065=B_SPLINE_CURVE_WITH_KNOTS('',3,(#8066,#8067,#8068,#8069),.UNSPECIFIED.,.F.,.U.,(4,4),(0.4,0.6),.PIECEWISE_BEZIER_KNOTS.);
#8066=CARTESIAN_POINT('',(11.924085544,-8.205506981,0.0));
#8067=CARTESIAN_POINT('',(11.890078813,-8.210305476,0.0));
#8068=CARTESIAN_POINT('',(11.872971132,-8.195075468,0.0));
#8069=CARTESIAN_POINT('',(11.870467569,-8.169622577,0.0));
#8070=ORIENTED_EDGE('',*,*,#8071,.T.);
#8071=EDGE_CURVE('NONE',#8063,#8072,#8074,.F.);
#8072=VERTEX_POINT('NONE',#8073);
#8073=CARTESIAN_POINT('',(11.870467569,-8.169622577,0.001));
#8074=LINE('',#8075,#8076);
#8075=CARTESIAN_POINT('',(11.870467569,-8.169622577,0.001));
#8076=VECTOR('',#8077,1.0);
#8077=DIRECTION('',(0.0,0.0,-1.0));
#8078=ORIENTED_EDGE('',*,*,#8079,.T.);
#8079=EDGE_CURVE('NONE',#8072,#8080,#8082,.F.);
#8080=VERTEX_POINT('NONE',#8081);
#8081=CARTESIAN_POINT('',(11.924085544,-8.205506981,0.001));
#8082=B_SPLINE_CURVE_WITH_KNOTS('',3,(#8083,#8084,#8085,#8086),.UNSPECIFIED.,.F.,.U.,(4,4),(0.4,0.6),.PIECEWISE_BEZIER_KNOTS.);
#8083=CARTESIAN_POINT('',(11.924085544,-8.205506981,0.001));
#8084=CARTESIAN_POINT('',(11.890078813,-8.210305476,0.001));
#8085=CARTESIAN_POINT('',(11.872971132,-8.195075468,0.001));
#8086=CARTESIAN_POINT('',(11.870467569,-8.169622577,0.001));
#8087=ORIENTED_EDGE('',*,*,#8088,.T.);
#8088=EDGE_CURVE('NONE',#8080,#8061,#8089,.T.);
#8089=LINE('',#8090,#8091);
#8090=CARTESIAN_POINT('',(11.924085544,-8.205506981,0.001));
#8091=VECTOR('',#8092,1.0);
#8092=DIRECTION('',(0.0,0.0,-1.0));
#8093=B_SPLINE_SURFACE_WITH_KNOTS('',3,1,((#8094,#8095),(#8096,#8097),(#8098,#8099),(#8100,#8101)),.UNSPECIFIED.,.F.,.F.,.U.,(4,4),(2,2),(0.4,0.6),(0.0,1.0),.PIECEWISE_BEZIER_KNOTS.);
#8094=CARTESIAN_POINT('',(11.924085544,-8.205506981,0.001));
#8095=CARTESIAN_POINT('',(11.924085544,-8.205506981,0.0));
#8096=CARTESIAN_POINT('',(11.890078813,-8.210305476,0.001));
#8097=CARTESIAN_POINT('',(11.890078813,-8.210305476,0.0));
#8098=CARTESIAN_POINT('',(11.872971132,-8.195075468,0.001));
#8099=CARTESIAN_POINT('',(11.872971132,-8.195075468,0.0));
#8100=CARTESIAN_POINT('',(11.870467569,-8.169622577,0.001));
#8101=CARTESIAN_POINT('',(11.870467569,-8.169622577,0.0));
#8102=ADVANCED_FACE('NONE',(#8103),#8130,.F.);
#8103=FACE_BOUND('NONE',#8104,.T.);
#8104=EDGE_LOOP('',(#8105,#8114,#8122,#8129));
#8105=ORIENTED_EDGE('',*,*,#8106,.T.);
#8106=EDGE_CURVE('NONE',#8063,#8107,#8109,.T.);
#8107=VERTEX_POINT('NONE',#8108);
#8108=CARTESIAN_POINT('',(11.903431149,-8.116421863,0.0));
#8109=B_SPLINE_CURVE_WITH_KNOTS('',3,(#8110,#8111,#8112,#8113),.UNSPECIFIED.,.F.,.U.,(4,4),(0.6,1.0),.PIECEWISE_BEZIER_KNOTS.);
#8110=CARTESIAN_POINT('',(11.870467569,-8.169622577,0.0));
#8111=CARTESIAN_POINT('',(11.867964006,-8.143126535,0.0));
#8112=CARTESIAN_POINT('',(11.875474695,-8.121011728,0.0));
#8113=CARTESIAN_POINT('',(11.903431149,-8.116421863,0.0));
#8114=ORIENTED_EDGE('',*,*,#8115,.T.);
#8115=EDGE_CURVE('NONE',#8107,#8116,#8118,.F.);
#8116=VERTEX_POINT('NONE',#8117);
#8117=CARTESIAN_POINT('',(11.903431149,-8.116421863,0.001));
#8118=LINE('',#8119,#8120);
#8119=CARTESIAN_POINT('',(11.903431149,-8.116421863,0.001));
#8120=VECTOR('',#8121,1.0);
#8121=DIRECTION('',(0.0,0.0,-1.0));
#8122=ORIENTED_EDGE('',*,*,#8123,.T.);
#8123=EDGE_CURVE('NONE',#8116,#8072,#8124,.F.);
#8124=B_SPLINE_CURVE_WITH_KNOTS('',3,(#8125,#8126,#8127,#8128),.UNSPECIFIED.,.F.,.U.,(4,4),(0.6,1.0),.PIECEWISE_BEZIER_KNOTS.);
#8125=CARTESIAN_POINT('',(11.870467569,-8.169622577,0.001));
#8126=CARTESIAN_POINT('',(11.867964006,-8.143126535,0.001));
#8127=CARTESIAN_POINT('',(11.875474695,-8.121011728,0.001));
#8128=CARTESIAN_POINT('',(11.903431149,-8.116421863,0.001));
#8129=ORIENTED_EDGE('',*,*,#8071,.F.);
#8130=B_SPLINE_SURFACE_WITH_KNOTS('',3,1,((#8131,#8132),(#8133,#8134),(#8135,#8136),(#8137,#8138)),.UNSPECIFIED.,.F.,.F.,.U.,(4,4),(2,2),(0.6,1.0),(0.0,1.0),.PIECEWISE_BEZIER_KNOTS.);
#8131=CARTESIAN_POINT('',(11.870467569,-8.169622577,0.001));
#8132=CARTESIAN_POINT('',(11.870467569,-8.169622577,0.0));
#8133=CARTESIAN_POINT('',(11.867964006,-8.143126535,0.001));
#8134=CARTESIAN_POINT('',(11.867964006,-8.143126535,0.0));
#8135=CARTESIAN_POINT('',(11.875474695,-8.121011728,0.001));
#8136=CARTESIAN_POINT('',(11.875474695,-8.121011728,0.0));
#8137=CARTESIAN_POINT('',(11.903431149,-8.116421863,0.001));
#8138=CARTESIAN_POINT('',(11.903431149,-8.116421863,0.0));
#8139=ADVANCED_FACE('NONE',(#8140),#8167,.F.);
#8140=FACE_BOUND('NONE',#8141,.T.);
#8141=EDGE_LOOP('',(#8142,#8151,#8159,#8166));
#8142=ORIENTED_EDGE('',*,*,#8143,.T.);
#8143=EDGE_CURVE('NONE',#8107,#8144,#8146,.T.);
#8144=VERTEX_POINT('NONE',#8145);
#8145=CARTESIAN_POINT('',(11.956423233,-8.152723527,0.0));
#8146=B_SPLINE_CURVE_WITH_KNOTS('',3,(#8147,#8148,#8149,#8150),.UNSPECIFIED.,.F.,.U.,(4,4),(0.0,0.2),.PIECEWISE_BEZIER_KNOTS.);
#8147=CARTESIAN_POINT('',(11.903431149,-8.116421863,0.0));
#8148=CARTESIAN_POINT('',(11.93722925,-8.110788846,0.0));
#8149=CARTESIAN_POINT('',(11.95371104,-8.127479266,0.0));
#8150=CARTESIAN_POINT('',(11.956423233,-8.152723527,0.0));
#8151=ORIENTED_EDGE('',*,*,#8152,.T.);
#8152=EDGE_CURVE('NONE',#8144,#8153,#8155,.F.);
#8153=VERTEX_POINT('NONE',#8154);
#8154=CARTESIAN_POINT('',(11.956423233,-8.152723527,0.001));
#8155=LINE('',#8156,#8157);
#8156=CARTESIAN_POINT('',(11.956423233,-8.152723527,0.001));
#8157=VECTOR('',#8158,1.0);
#8158=DIRECTION('',(0.0,0.0,-1.0));
#8159=ORIENTED_EDGE('',*,*,#8160,.T.);
#8160=EDGE_CURVE('NONE',#8153,#8116,#8161,.F.);
#8161=B_SPLINE_CURVE_WITH_KNOTS('',3,(#8162,#8163,#8164,#8165),.UNSPECIFIED.,.F.,.U.,(4,4),(0.0,0.2),.PIECEWISE_BEZIER_KNOTS.);
#8162=CARTESIAN_POINT('',(11.903431149,-8.116421863,0.001));
#8163=CARTESIAN_POINT('',(11.93722925,-8.110788846,0.001));
#8164=CARTESIAN_POINT('',(11.95371104,-8.127479266,0.001));
#8165=CARTESIAN_POINT('',(11.956423233,-8.152723527,0.001));
#8166=ORIENTED_EDGE('',*,*,#8115,.F.);
#8167=B_SPLINE_SURFACE_WITH_KNOTS('',3,1,((#8168,#8169),(#8170,#8171),(#8172,#8173),(#8174,#8175)),.UNSPECIFIED.,.F.,.F.,.U.,(4,4),(2,2),(0.0,0.2),(0.0,1.0),.PIECEWISE_BEZIER_KNOTS.);
#8168=CARTESIAN_POINT('',(11.903431149,-8.116421863,0.001));
#8169=CARTESIAN_POINT('',(11.903431149,-8.116421863,0.0));
#8170=CARTESIAN_POINT('',(11.93722925,-8.110788846,0.001));
#8171=CARTESIAN_POINT('',(11.93722925,-8.110788846,0.0));
#8172=CARTESIAN_POINT('',(11.95371104,-8.127479266,0.001));
#8173=CARTESIAN_POINT('',(11.95371104,-8.127479266,0.0));
#8174=CARTESIAN_POINT('',(11.956423233,-8.152723527,0.001));
#8175=CARTESIAN_POINT('',(11.956423233,-8.152723527,0.0));
#8176=ADVANCED_FACE('NONE',(#8177),#8195,.F.);
#8177=FACE_BOUND('NONE',#8178,.T.);
#8178=EDGE_LOOP('',(#8179,#8186,#8187,#8194));
#8179=ORIENTED_EDGE('',*,*,#8180,.T.);
#8180=EDGE_CURVE('NONE',#8144,#8061,#8181,.T.);
#8181=B_SPLINE_CURVE_WITH_KNOTS('',3,(#8182,#8183,#8184,#8185),.UNSPECIFIED.,.F.,.U.,(4,4),(0.2,0.4),.PIECEWISE_BEZIER_KNOTS.);
#8182=CARTESIAN_POINT('',(11.956423233,-8.152723527,0.0));
#8183=CARTESIAN_POINT('',(11.958926796,-8.178385048,0.0));
#8184=CARTESIAN_POINT('',(11.952667889,-8.201543006,0.0));
#8185=CARTESIAN_POINT('',(11.924085544,-8.205506981,0.0));
#8186=ORIENTED_EDGE('',*,*,#8088,.F.);
#8187=ORIENTED_EDGE('',*,*,#8188,.T.);
#8188=EDGE_CURVE('NONE',#8080,#8153,#8189,.F.);
#8189=B_SPLINE_CURVE_WITH_KNOTS('',3,(#8190,#8191,#8192,#8193),.UNSPECIFIED.,.F.,.U.,(4,4),(0.2,0.4),.PIECEWISE_BEZIER_KNOTS.);
#8190=CARTESIAN_POINT('',(11.956423233,-8.152723527,0.001));
#8191=CARTESIAN_POINT('',(11.958926796,-8.178385048,0.001));
#8192=CARTESIAN_POINT('',(11.952667889,-8.201543006,0.001));
#8193=CARTESIAN_POINT('',(11.924085544,-8.205506981,0.001));
#8194=ORIENTED_EDGE('',*,*,#8152,.F.);
#8195=B_SPLINE_SURFACE_WITH_KNOTS('',3,1,((#8196,#8197),(#8198,#8199),(#8200,#8201),(#8202,#8203)),.UNSPECIFIED.,.F.,.F.,.U.,(4,4),(2,2),(0.2,0.4),(0.0,1.0),.PIECEWISE_BEZIER_KNOTS.);
#8196=CARTESIAN_POINT('',(11.956423233,-8.152723527,0.001));
#8197=CARTESIAN_POINT('',(11.956423233,-8.152723527,0.0));
#8198=CARTESIAN_POINT('',(11.958926796,-8.178385048,0.001));
#8199=CARTESIAN_POINT('',(11.958926796,-8.178385048,0.0));
#8200=CARTESIAN_POINT('',(11.952667889,-8.201543006,0.001));
#8201=CARTESIAN_POINT('',(11.952667889,-8.201543006,0.0));
#8202=CARTESIAN_POINT('',(11.924085544,-8.205506981,0.001));
#8203=CARTESIAN_POINT('',(11.924085544,-8.205506981,0.0));
#8204=ADVANCED_FACE('NONE',(#8205),#8221,.F.);
#8205=FACE_BOUND('NONE',#8206,.T.);
#8206=EDGE_LOOP('',(#8207,#8213,#8214,#8220));
#8207=ORIENTED_EDGE('',*,*,#8208,.T.);
#8208=EDGE_CURVE('NONE',#8024,#7904,#8209,.T.);
#8209=LINE('',#8210,#8211);
#8210=CARTESIAN_POINT('',(0.0,-8.095767468,0.0));
#8211=VECTOR('',#8212,1.0);
#8212=DIRECTION('',(-1.0,0.0,0.0));
#8213=ORIENTED_EDGE('',*,*,#7931,.F.);
#8214=ORIENTED_EDGE('',*,*,#8215,.T.);
#8215=EDGE_CURVE('NONE',#7923,#8033,#8216,.F.);
#8216=LINE('',#8217,#8218);
#8217=CARTESIAN_POINT('',(0.0,-8.095767468,0.001));
#8218=VECTOR('',#8219,1.0);
#8219=DIRECTION('',(-1.0,0.0,0.0));
#8220=ORIENTED_EDGE('',*,*,#8032,.F.);
#8221=PLANE('',#8222);
#8222=AXIS2_PLACEMENT_3D('',#8223,#8224,#8225);
#8223=CARTESIAN_POINT('',(0.0,-8.095767468,0.001));
#8224=DIRECTION('',(0.0,-1.0,0.0));
#8225=DIRECTION('',(0.0,0.0,-1.0));
#8226=ADVANCED_FACE('NONE',(#8227,#8233),#8240,.T.);
#8227=FACE_BOUND('NONE',#8228,.T.);
#8228=EDGE_LOOP('',(#8229,#8230,#8231,#8232));
#8229=ORIENTED_EDGE('',*,*,#8079,.F.);
#8230=ORIENTED_EDGE('',*,*,#8123,.F.);
#8231=ORIENTED_EDGE('',*,*,#8160,.F.);
#8232=ORIENTED_EDGE('',*,*,#8188,.F.);
#8233=FACE_BOUND('NONE',#8234,.T.);
#8234=EDGE_LOOP('',(#8235,#8236,#8237,#8238,#8239));
#8235=ORIENTED_EDGE('',*,*,#7922,.F.);
#8236=ORIENTED_EDGE('',*,*,#7966,.F.);
#8237=ORIENTED_EDGE('',*,*,#8003,.F.);
#8238=ORIENTED_EDGE('',*,*,#8040,.F.);
#8239=ORIENTED_EDGE('',*,*,#8215,.F.);
#8240=PLANE('',#8241);
#8241=AXIS2_PLACEMENT_3D('',#8242,#8243,#8244);
#8242=CARTESIAN_POINT('',(0.0,0.0,0.001));
#8243=DIRECTION('',(0.0,0.0,1.0));
#8244=DIRECTION('',(1.0,0.0,0.0));
#8245=ADVANCED_FACE('NONE',(#8246,#8252),#8259,.F.);
#8246=FACE_BOUND('NONE',#8247,.T.);
#8247=EDGE_LOOP('',(#8248,#8249,#8250,#8251));
#8248=ORIENTED_EDGE('',*,*,#8060,.F.);
#8249=ORIENTED_EDGE('',*,*,#8180,.F.);
#8250=ORIENTED_EDGE('',*,*,#8143,.F.);
#8251=ORIENTED_EDGE('',*,*,#8106,.F.);
#8252=FACE_BOUND('NONE',#8253,.T.);
#8253=EDGE_LOOP('',(#8254,#8255,#8256,#8257,#8258));
#8254=ORIENTED_EDGE('',*,*,#7903,.F.);
#8255=ORIENTED_EDGE('',*,*,#8208,.F.);
#8256=ORIENTED_EDGE('',*,*,#8023,.F.);
#8257=ORIENTED_EDGE('',*,*,#7986,.F.);
#8258=ORIENTED_EDGE('',*,*,#7949,.F.);
#8259=PLANE('',#8260);
#8260=AXIS2_PLACEMENT_3D('',#8261,#8262,#8263);
#8261=CARTESIAN_POINT('',(0.0,0.0,0.0));
#8262=DIRECTION('',(0.0,0.0,1.0));
#8263=DIRECTION('',(1.0,0.0,0.0));
#8264=MANIFOLD_SOLID_BREP('Boss-Extrude1[11]',#8265);
#8265=CLOSED_SHELL('NONE',(#8266,#8306,#8343,#8374,#8405,#8436,#8467,#8498,#8529,#8560,#8591,#8622,#8650,#8670));
#8266=ADVANCED_FACE('NONE',(#8267),#8301,.F.);
#8267=FACE_BOUND('NONE',#8268,.T.);
#8268=EDGE_LOOP('',(#8269,#8279,#8287,#8295));
#8269=ORIENTED_EDGE('',*,*,#8270,.T.);
#8270=EDGE_CURVE('NONE',#8271,#8273,#8275,.T.);
#8271=VERTEX_POINT('NONE',#8272);
#8272=CARTESIAN_POINT('',(12.150657998,-8.167536275,0.0));
#8273=VERTEX_POINT('NONE',#8274);
#8274=CARTESIAN_POINT('',(12.116025376,-8.121637619,0.0));
#8275=LINE('',#8276,#8277);
#8276=CARTESIAN_POINT('',(3.815543504,2.879001007,0.0));
#8277=VECTOR('',#8278,1.0);
#8278=DIRECTION('',(-0.602319669,0.798254982,0.0));
#8279=ORIENTED_EDGE('',*,*,#8280,.T.);
#8280=EDGE_CURVE('NONE',#8273,#8281,#8283,.F.);
#8281=VERTEX_POINT('NONE',#8282);
#8282=CARTESIAN_POINT('',(12.116025376,-8.121637619,0.001));
#8283=LINE('',#8284,#8285);
#8284=CARTESIAN_POINT('',(12.116025376,-8.121637619,0.001));
#8285=VECTOR('',#8286,1.0);
#8286=DIRECTION('',(0.0,0.0,-1.0));
#8287=ORIENTED_EDGE('',*,*,#8288,.T.);
#8288=EDGE_CURVE('NONE',#8281,#8289,#8291,.F.);
#8289=VERTEX_POINT('NONE',#8290);
#8290=CARTESIAN_POINT('',(12.150657998,-8.167536275,0.001));
#8291=LINE('',#8292,#8293);
#8292=CARTESIAN_POINT('',(3.815543504,2.879001007,0.001));
#8293=VECTOR('',#8294,1.0);
#8294=DIRECTION('',(-0.602319669,0.798254982,0.0));
#8295=ORIENTED_EDGE('',*,*,#8296,.T.);
#8296=EDGE_CURVE('NONE',#8289,#8271,#8297,.T.);
#8297=LINE('',#8298,#8299);
#8298=CARTESIAN_POINT('',(12.150657998,-8.167536275,0.001));
#8299=VECTOR('',#8300,1.0);
#8300=DIRECTION('',(0.0,0.0,-1.0));
#8301=PLANE('',#8302);
#8302=AXIS2_PLACEMENT_3D('',#8303,#8304,#8305);
#8303=CARTESIAN_POINT('',(3.815543504,2.879001007,0.001));
#8304=DIRECTION('',(-0.798254982,-0.602319669,0.0));
#8305=DIRECTION('',(0.602319669,-0.798254982,0.0));
#8306=ADVANCED_FACE('NONE',(#8307),#8334,.F.);
#8307=FACE_BOUND('NONE',#8308,.T.);
#8308=EDGE_LOOP('',(#8309,#8318,#8326,#8333));
#8309=ORIENTED_EDGE('',*,*,#8310,.T.);
#8310=EDGE_CURVE('NONE',#8273,#8311,#8313,.T.);
#8311=VERTEX_POINT('NONE',#8312);
#8312=CARTESIAN_POINT('',(12.099126326,-8.098688291,0.0));
#8313=B_SPLINE_CURVE_WITH_KNOTS('',3,(#8314,#8315,#8316,#8317),.UNSPECIFIED.,.F.,.U.,(4,4),(0.538461538,0.615384615),.PIECEWISE_BEZIER_KNOTS.);
#8314=CARTESIAN_POINT('',(12.116025376,-8.121637619,0.0));
#8315=CARTESIAN_POINT('',(12.11101825,-8.114961451,-1.694065895E-18));
#8316=CARTESIAN_POINT('',(12.10267304,-8.105155829,-1.694065895E-18));
#8317=CARTESIAN_POINT('',(12.099126326,-8.098688291,0.0));
#8318=ORIENTED_EDGE('',*,*,#8319,.T.);
#8319=EDGE_CURVE('NONE',#8311,#8320,#8322,.F.);
#8320=VERTEX_POINT('NONE',#8321);
#8321=CARTESIAN_POINT('',(12.099126326,-8.098688291,0.001));
#8322=LINE('',#8323,#8324);
#8323=CARTESIAN_POINT('',(12.099126326,-8.098688291,0.001));
#8324=VECTOR('',#8325,1.0);
#8325=DIRECTION('',(0.0,0.0,-1.0));
#8326=ORIENTED_EDGE('',*,*,#8327,.T.);
#8327=EDGE_CURVE('NONE',#8320,#8281,#8328,.F.);
#8328=B_SPLINE_CURVE_WITH_KNOTS('',3,(#8329,#8330,#8331,#8332),.UNSPECIFIED.,.F.,.U.,(4,4),(0.538461538,0.615384615),.PIECEWISE_BEZIER_KNOTS.);
#8329=CARTESIAN_POINT('',(12.116025376,-8.121637619,0.001));
#8330=CARTESIAN_POINT('',(12.11101825,-8.114961451,10.0E-04));
#8331=CARTESIAN_POINT('',(12.10267304,-8.105155829,10.0E-04));
#8332=CARTESIAN_POINT('',(12.099126326,-8.098688291,0.001));
#8333=ORIENTED_EDGE('',*,*,#8280,.F.);
#8334=B_SPLINE_SURFACE_WITH_KNOTS('',3,1,((#8335,#8336),(#8337,#8338),(#8339,#8340),(#8341,#8342)),.UNSPECIFIED.,.F.,.F.,.U.,(4,4),(2,2),(0.538461538,0.615384615),(0.0,1.0),.PIECEWISE_BEZIER_KNOTS.);
#8335=CARTESIAN_POINT('',(12.116025376,-8.121637619,10.0E-04));
#8336=CARTESIAN_POINT('',(12.116025376,-8.121637619,0.0));
#8337=CARTESIAN_POINT('',(12.11101825,-8.114961451,10.0E-04));
#8338=CARTESIAN_POINT('',(12.11101825,-8.114961451,0.0));
#8339=CARTESIAN_POINT('',(12.10267304,-8.105155829,10.0E-04));
#8340=CARTESIAN_POINT('',(12.10267304,-8.105155829,0.0));
#8341=CARTESIAN_POINT('',(12.099126326,-8.098688291,10.0E-04));
#8342=CARTESIAN_POINT('',(12.099126326,-8.098688291,0.0));
#8343=ADVANCED_FACE('NONE',(#8344),#8369,.F.);
#8344=FACE_BOUND('NONE',#8345,.T.);
#8345=EDGE_LOOP('',(#8346,#8354,#8362,#8368));
#8346=ORIENTED_EDGE('',*,*,#8347,.T.);
#8347=EDGE_CURVE('NONE',#8311,#8348,#8350,.T.);
#8348=VERTEX_POINT('NONE',#8349);
#8349=CARTESIAN_POINT('',(12.051141368,-8.098688291,0.0));
#8350=LINE('',#8351,#8352);
#8351=CARTESIAN_POINT('',(0.0,-8.098688291,0.0));
#8352=VECTOR('',#8353,1.0);
#8353=DIRECTION('',(-1.0,0.0,0.0));
#8354=ORIENTED_EDGE('',*,*,#8355,.T.);
#8355=EDGE_CURVE('NONE',#8348,#8356,#8358,.F.);
#8356=VERTEX_POINT('NONE',#8357);
#8357=CARTESIAN_POINT('',(12.051141368,-8.098688291,0.001));
#8358=LINE('',#8359,#8360);
#8359=CARTESIAN_POINT('',(12.051141368,-8.098688291,0.001));
#8360=VECTOR('',#8361,1.0);
#8361=DIRECTION('',(0.0,0.0,-1.0));
#8362=ORIENTED_EDGE('',*,*,#8363,.T.);
#8363=EDGE_CURVE('NONE',#8356,#8320,#8364,.F.);
#8364=LINE('',#8365,#8366);
#8365=CARTESIAN_POINT('',(0.0,-8.098688291,0.001));
#8366=VECTOR('',#8367,1.0);
#8367=DIRECTION('',(-1.0,0.0,0.0));
#8368=ORIENTED_EDGE('',*,*,#8319,.F.);
#8369=PLANE('',#8370);
#8370=AXIS2_PLACEMENT_3D('',#8371,#8372,#8373);
#8371=CARTESIAN_POINT('',(0.0,-8.098688291,0.001));
#8372=DIRECTION('',(0.0,-1.0,0.0));
#8373=DIRECTION('',(0.0,0.0,-1.0));
#8374=ADVANCED_FACE('NONE',(#8375),#8400,.F.);
#8375=FACE_BOUND('NONE',#8376,.T.);
#8376=EDGE_LOOP('',(#8377,#8385,#8393,#8399));
#8377=ORIENTED_EDGE('',*,*,#8378,.T.);
#8378=EDGE_CURVE('NONE',#8348,#8379,#8381,.T.);
#8379=VERTEX_POINT('NONE',#8380);
#8380=CARTESIAN_POINT('',(12.051349998,-8.222823292,0.0));
#8381=LINE('',#8382,#8383);
#8382=CARTESIAN_POINT('',(12.037496125,0.020231086,0.0));
#8383=VECTOR('',#8384,1.0);
#8384=DIRECTION('',(0.00168067,-0.999998588,0.0));
#8385=ORIENTED_EDGE('',*,*,#8386,.T.);
#8386=EDGE_CURVE('NONE',#8379,#8387,#8389,.F.);
#8387=VERTEX_POINT('NONE',#8388);
#8388=CARTESIAN_POINT('',(12.051349998,-8.222823292,0.001));
#8389=LINE('',#8390,#8391);
#8390=CARTESIAN_POINT('',(12.051349998,-8.222823292,0.001));
#8391=VECTOR('',#8392,1.0);
#8392=DIRECTION('',(0.0,0.0,-1.0));
#8393=ORIENTED_EDGE('',*,*,#8394,.T.);
#8394=EDGE_CURVE('NONE',#8387,#8356,#8395,.F.);
#8395=LINE('',#8396,#8397);
#8396=CARTESIAN_POINT('',(12.037496125,0.020231086,0.001));
#8397=VECTOR('',#8398,1.0);
#8398=DIRECTION('',(0.00168067,-0.999998588,0.0));
#8399=ORIENTED_EDGE('',*,*,#8355,.F.);
#8400=PLANE('',#8401);
#8401=AXIS2_PLACEMENT_3D('',#8402,#8403,#8404);
#8402=CARTESIAN_POINT('',(12.037496125,0.020231086,0.001));
#8403=DIRECTION('',(0.999998588,0.00168067,0.0));
#8404=DIRECTION('',(-0.00168067,0.999998588,0.0));
#8405=ADVANCED_FACE('NONE',(#8406),#8431,.F.);
#8406=FACE_BOUND('NONE',#8407,.T.);
#8407=EDGE_LOOP('',(#8408,#8416,#8424,#8430));
#8408=ORIENTED_EDGE('',*,*,#8409,.T.);
#8409=EDGE_CURVE('NONE',#8379,#8410,#8412,.T.);
#8410=VERTEX_POINT('NONE',#8411);
#8411=CARTESIAN_POINT('',(12.08619125,-8.222823292,0.0));
#8412=LINE('',#8413,#8414);
#8413=CARTESIAN_POINT('',(0.0,-8.222823292,0.0));
#8414=VECTOR('',#8415,1.0);
#8415=DIRECTION('',(1.0,0.0,0.0));
#8416=ORIENTED_EDGE('',*,*,#8417,.T.);
#8417=EDGE_CURVE('NONE',#8410,#8418,#8420,.F.);
#8418=VERTEX_POINT('NONE',#8419);
#8419=CARTESIAN_POINT('',(12.08619125,-8.222823292,0.001));
#8420=LINE('',#8421,#8422);
#8421=CARTESIAN_POINT('',(12.08619125,-8.222823292,0.001));
#8422=VECTOR('',#8423,1.0);
#8423=DIRECTION('',(0.0,0.0,-1.0));
#8424=ORIENTED_EDGE('',*,*,#8425,.T.);
#8425=EDGE_CURVE('NONE',#8418,#8387,#8426,.F.);
#8426=LINE('',#8427,#8428);
#8427=CARTESIAN_POINT('',(0.0,-8.222823292,0.001));
#8428=VECTOR('',#8429,1.0);
#8429=DIRECTION('',(1.0,0.0,0.0));
#8430=ORIENTED_EDGE('',*,*,#8386,.F.);
#8431=PLANE('',#8432);
#8432=AXIS2_PLACEMENT_3D('',#8433,#8434,#8435);
#8433=CARTESIAN_POINT('',(0.0,-8.222823292,0.001));
#8434=DIRECTION('',(0.0,1.0,0.0));
#8435=DIRECTION('',(0.0,0.0,1.0));
#8436=ADVANCED_FACE('NONE',(#8437),#8462,.F.);
#8437=FACE_BOUND('NONE',#8438,.T.);
#8438=EDGE_LOOP('',(#8439,#8447,#8455,#8461));
#8439=ORIENTED_EDGE('',*,*,#8440,.T.);
#8440=EDGE_CURVE('NONE',#8410,#8441,#8443,.T.);
#8441=VERTEX_POINT('NONE',#8442);
#8442=CARTESIAN_POINT('',(12.086399881,-8.133529543,0.0));
#8443=LINE('',#8444,#8445);
#8444=CARTESIAN_POINT('',(12.105337371,-0.028283499,0.0));
#8445=VECTOR('',#8446,1.0);
#8446=DIRECTION('',(0.002336442,0.999997271,0.0));
#8447=ORIENTED_EDGE('',*,*,#8448,.T.);
#8448=EDGE_CURVE('NONE',#8441,#8449,#8451,.F.);
#8449=VERTEX_POINT('NONE',#8450);
#8450=CARTESIAN_POINT('',(12.086399881,-8.133529543,0.001));
#8451=LINE('',#8452,#8453);
#8452=CARTESIAN_POINT('',(12.086399881,-8.133529543,0.001));
#8453=VECTOR('',#8454,1.0);
#8454=DIRECTION('',(0.0,0.0,-1.0));
#8455=ORIENTED_EDGE('',*,*,#8456,.T.);
#8456=EDGE_CURVE('NONE',#8449,#8418,#8457,.F.);
#8457=LINE('',#8458,#8459);
#8458=CARTESIAN_POINT('',(12.105337371,-0.028283499,0.001));
#8459=VECTOR('',#8460,1.0);
#8460=DIRECTION('',(0.002336442,0.999997271,0.0));
#8461=ORIENTED_EDGE('',*,*,#8417,.F.);
#8462=PLANE('',#8463);
#8463=AXIS2_PLACEMENT_3D('',#8464,#8465,#8466);
#8464=CARTESIAN_POINT('',(12.105337371,-0.028283499,0.001));
#8465=DIRECTION('',(-0.999997271,0.002336442,0.0));
#8466=DIRECTION('',(-0.002336442,-0.999997271,0.0));
#8467=ADVANCED_FACE('NONE',(#8468),#8493,.F.);
#8468=FACE_BOUND('NONE',#8469,.T.);
#8469=EDGE_LOOP('',(#8470,#8478,#8486,#8492));
#8470=ORIENTED_EDGE('',*,*,#8471,.T.);
#8471=EDGE_CURVE('NONE',#8441,#8472,#8474,.T.);
#8472=VERTEX_POINT('NONE',#8473);
#8473=CARTESIAN_POINT('',(12.158585948,-8.223449182,0.0));
#8474=LINE('',#8475,#8476);
#8475=CARTESIAN_POINT('',(3.379177488,2.712750373,0.0));
#8476=VECTOR('',#8477,1.0);
#8477=DIRECTION('',(0.626018028,-0.779808584,0.0));
#8478=ORIENTED_EDGE('',*,*,#8479,.T.);
#8479=EDGE_CURVE('NONE',#8472,#8480,#8482,.F.);
#8480=VERTEX_POINT('NONE',#8481);
#8481=CARTESIAN_POINT('',(12.158585948,-8.223449182,0.001));
#8482=LINE('',#8483,#8484);
#8483=CARTESIAN_POINT('',(12.158585948,-8.223449182,0.001));
#8484=VECTOR('',#8485,1.0);
#8485=DIRECTION('',(0.0,0.0,-1.0));
#8486=ORIENTED_EDGE('',*,*,#8487,.T.);
#8487=EDGE_CURVE('NONE',#8480,#8449,#8488,.F.);
#8488=LINE('',#8489,#8490);
#8489=CARTESIAN_POINT('',(3.379177488,2.712750373,0.001));
#8490=VECTOR('',#8491,1.0);
#8491=DIRECTION('',(0.626018028,-0.779808584,0.0));
#8492=ORIENTED_EDGE('',*,*,#8448,.F.);
#8493=PLANE('',#8494);
#8494=AXIS2_PLACEMENT_3D('',#8495,#8496,#8497);
#8495=CARTESIAN_POINT('',(3.379177488,2.712750373,0.001));
#8496=DIRECTION('',(0.779808584,0.626018028,0.0));
#8497=DIRECTION('',(-0.626018028,0.779808584,0.0));
#8498=ADVANCED_FACE('NONE',(#8499),#8524,.F.);
#8499=FACE_BOUND('NONE',#8500,.T.);
#8500=EDGE_LOOP('',(#8501,#8509,#8517,#8523));
#8501=ORIENTED_EDGE('',*,*,#8502,.T.);
#8502=EDGE_CURVE('NONE',#8472,#8503,#8505,.T.);
#8503=VERTEX_POINT('NONE',#8504);
#8504=CARTESIAN_POINT('',(12.204484603,-8.223031922,0.0));
#8505=LINE('',#8506,#8507);
#8506=CARTESIAN_POINT('',(0.07575721,-8.33329308,0.0));
#8507=VECTOR('',#8508,1.0);
#8508=DIRECTION('',(0.99995868,0.009090533,0.0));
#8509=ORIENTED_EDGE('',*,*,#8510,.T.);
#8510=EDGE_CURVE('NONE',#8503,#8511,#8513,.F.);
#8511=VERTEX_POINT('NONE',#8512);
#8512=CARTESIAN_POINT('',(12.204484603,-8.223031922,0.001));
#8513=LINE('',#8514,#8515);
#8514=CARTESIAN_POINT('',(12.204484603,-8.223031922,0.001));
#8515=VECTOR('',#8516,1.0);
#8516=DIRECTION('',(0.0,0.0,-1.0));
#8517=ORIENTED_EDGE('',*,*,#8518,.T.);
#8518=EDGE_CURVE('NONE',#8511,#8480,#8519,.F.);
#8519=LINE('',#8520,#8521);
#8520=CARTESIAN_POINT('',(0.07575721,-8.33329308,0.001));
#8521=VECTOR('',#8522,1.0);
#8522=DIRECTION('',(0.99995868,0.009090533,0.0));
#8523=ORIENTED_EDGE('',*,*,#8479,.F.);
#8524=PLANE('',#8525);
#8525=AXIS2_PLACEMENT_3D('',#8526,#8527,#8528);
#8526=CARTESIAN_POINT('',(0.07575721,-8.33329308,0.001));
#8527=DIRECTION('',(-0.009090533,0.99995868,0.0));
#8528=DIRECTION('',(-0.99995868,-0.009090533,0.0));
#8529=ADVANCED_FACE('NONE',(#8530),#8555,.F.);
#8530=FACE_BOUND('NONE',#8531,.T.);
#8531=EDGE_LOOP('',(#8532,#8540,#8548,#8554));
#8532=ORIENTED_EDGE('',*,*,#8533,.T.);
#8533=EDGE_CURVE('NONE',#8503,#8534,#8536,.T.);
#8534=VERTEX_POINT('NONE',#8535);
#8535=CARTESIAN_POINT('',(12.204484603,-8.098688291,0.0));
#8536=LINE('',#8537,#8538);
#8537=CARTESIAN_POINT('',(12.204484603,0.0,0.0));
#8538=VECTOR('',#8539,1.0);
#8539=DIRECTION('',(0.0,1.0,0.0));
#8540=ORIENTED_EDGE('',*,*,#8541,.T.);
#8541=EDGE_CURVE('NONE',#8534,#8542,#8544,.F.);
#8542=VERTEX_POINT('NONE',#8543);
#8543=CARTESIAN_POINT('',(12.204484603,-8.098688291,0.001));
#8544=LINE('',#8545,#8546);
#8545=CARTESIAN_POINT('',(12.204484603,-8.098688291,0.001));
#8546=VECTOR('',#8547,1.0);
#8547=DIRECTION('',(0.0,0.0,-1.0));
#8548=ORIENTED_EDGE('',*,*,#8549,.T.);
#8549=EDGE_CURVE('NONE',#8542,#8511,#8550,.F.);
#8550=LINE('',#8551,#8552);
#8551=CARTESIAN_POINT('',(12.204484603,0.0,0.001));
#8552=VECTOR('',#8553,1.0);
#8553=DIRECTION('',(0.0,1.0,0.0));
#8554=ORIENTED_EDGE('',*,*,#8510,.F.);
#8555=PLANE('',#8556);
#8556=AXIS2_PLACEMENT_3D('',#8557,#8558,#8559);
#8557=CARTESIAN_POINT('',(12.204484603,0.0,0.001));
#8558=DIRECTION('',(-1.0,0.0,0.0));
#8559=DIRECTION('',(0.0,0.0,1.0));
#8560=ADVANCED_FACE('NONE',(#8561),#8586,.F.);
#8561=FACE_BOUND('NONE',#8562,.T.);
#8562=EDGE_LOOP('',(#8563,#8571,#8579,#8585));
#8563=ORIENTED_EDGE('',*,*,#8564,.T.);
#8564=EDGE_CURVE('NONE',#8534,#8565,#8567,.T.);
#8565=VERTEX_POINT('NONE',#8566);
#8566=CARTESIAN_POINT('',(12.16839157,-8.098688291,0.0));
#8567=LINE('',#8568,#8569);
#8568=CARTESIAN_POINT('',(0.0,-8.098688291,0.0));
#8569=VECTOR('',#8570,1.0);
#8570=DIRECTION('',(-1.0,0.0,0.0));
#8571=ORIENTED_EDGE('',*,*,#8572,.T.);
#8572=EDGE_CURVE('NONE',#8565,#8573,#8575,.F.);
#8573=VERTEX_POINT('NONE',#8574);
#8574=CARTESIAN_POINT('',(12.16839157,-8.098688291,0.001));
#8575=LINE('',#8576,#8577);
#8576=CARTESIAN_POINT('',(12.16839157,-8.098688291,0.001));
#8577=VECTOR('',#8578,1.0);
#8578=DIRECTION('',(0.0,0.0,-1.0));
#8579=ORIENTED_EDGE('',*,*,#8580,.T.);
#8580=EDGE_CURVE('NONE',#8573,#8542,#8581,.F.);
#8581=LINE('',#8582,#8583);
#8582=CARTESIAN_POINT('',(0.0,-8.098688291,0.001));
#8583=VECTOR('',#8584,1.0);
#8584=DIRECTION('',(-1.0,0.0,0.0));
#8585=ORIENTED_EDGE('',*,*,#8541,.F.);
#8586=PLANE('',#8587);
#8587=AXIS2_PLACEMENT_3D('',#8588,#8589,#8590);
#8588=CARTESIAN_POINT('',(0.0,-8.098688291,0.001));
#8589=DIRECTION('',(0.0,-1.0,0.0));
#8590=DIRECTION('',(0.0,0.0,-1.0));
#8591=ADVANCED_FACE('NONE',(#8592),#8617,.F.);
#8592=FACE_BOUND('NONE',#8593,.T.);
#8593=EDGE_LOOP('',(#8594,#8602,#8610,#8616));
#8594=ORIENTED_EDGE('',*,*,#8595,.T.);
#8595=EDGE_CURVE('NONE',#8565,#8596,#8598,.T.);
#8596=VERTEX_POINT('NONE',#8597);
#8597=CARTESIAN_POINT('',(12.16839157,-8.190276972,0.0));
#8598=LINE('',#8599,#8600);
#8599=CARTESIAN_POINT('',(12.16839157,0.0,0.0));
#8600=VECTOR('',#8601,1.0);
#8601=DIRECTION('',(0.0,-1.0,0.0));
#8602=ORIENTED_EDGE('',*,*,#8603,.T.);
#8603=EDGE_CURVE('NONE',#8596,#8604,#8606,.F.);
#8604=VERTEX_POINT('NONE',#8605);
#8605=CARTESIAN_POINT('',(12.16839157,-8.190276972,0.001));
#8606=LINE('',#8607,#8608);
#8607=CARTESIAN_POINT('',(12.16839157,-8.190276972,0.001));
#8608=VECTOR('',#8609,1.0);
#8609=DIRECTION('',(0.0,0.0,-1.0));
#8610=ORIENTED_EDGE('',*,*,#8611,.T.);
#8611=EDGE_CURVE('NONE',#8604,#8573,#8612,.F.);
#8612=LINE('',#8613,#8614);
#8613=CARTESIAN_POINT('',(12.16839157,0.0,0.001));
#8614=VECTOR('',#8615,1.0);
#8615=DIRECTION('',(0.0,-1.0,0.0));
#8616=ORIENTED_EDGE('',*,*,#8572,.F.);
#8617=PLANE('',#8618);
#8618=AXIS2_PLACEMENT_3D('',#8619,#8620,#8621);
#8619=CARTESIAN_POINT('',(12.16839157,0.0,0.001));
#8620=DIRECTION('',(1.0,0.0,0.0));
#8621=DIRECTION('',(0.0,0.0,-1.0));
#8622=ADVANCED_FACE('NONE',(#8623),#8641,.F.);
#8623=FACE_BOUND('NONE',#8624,.T.);
#8624=EDGE_LOOP('',(#8625,#8632,#8633,#8640));
#8625=ORIENTED_EDGE('',*,*,#8626,.T.);
#8626=EDGE_CURVE('NONE',#8596,#8271,#8627,.T.);
#8627=B_SPLINE_CURVE_WITH_KNOTS('',3,(#8628,#8629,#8630,#8631),.UNSPECIFIED.,.F.,.U.,(4,4),(0.384615385,0.461538462),.PIECEWISE_BEZIER_KNOTS.);
#8628=CARTESIAN_POINT('',(12.16839157,-8.190276972,0.0));
#8629=CARTESIAN_POINT('',(12.165053486,-8.187773409,0.0));
#8630=CARTESIAN_POINT('',(12.153787452,-8.17212614,0.0));
#8631=CARTESIAN_POINT('',(12.150657998,-8.167536275,0.0));
#8632=ORIENTED_EDGE('',*,*,#8296,.F.);
#8633=ORIENTED_EDGE('',*,*,#8634,.T.);
#8634=EDGE_CURVE('NONE',#8289,#8604,#8635,.F.);
#8635=B_SPLINE_CURVE_WITH_KNOTS('',3,(#8636,#8637,#8638,#8639),.UNSPECIFIED.,.F.,.U.,(4,4),(0.384615385,0.461538462),.PIECEWISE_BEZIER_KNOTS.);
#8636=CARTESIAN_POINT('',(12.16839157,-8.190276972,0.001));
#8637=CARTESIAN_POINT('',(12.165053486,-8.187773409,0.001));
#8638=CARTESIAN_POINT('',(12.153787452,-8.17212614,0.001));
#8639=CARTESIAN_POINT('',(12.150657998,-8.167536275,0.001));
#8640=ORIENTED_EDGE('',*,*,#8603,.F.);
#8641=B_SPLINE_SURFACE_WITH_KNOTS('',3,1,((#8642,#8643),(#8644,#8645),(#8646,#8647),(#8648,#8649)),.UNSPECIFIED.,.F.,.F.,.U.,(4,4),(2,2),(0.384615385,0.461538462),(0.0,1.0),.PIECEWISE_BEZIER_KNOTS.);
#8642=CARTESIAN_POINT('',(12.16839157,-8.190276972,0.001));
#8643=CARTESIAN_POINT('',(12.16839157,-8.190276972,0.0));
#8644=CARTESIAN_POINT('',(12.165053486,-8.187773409,0.001));
#8645=CARTESIAN_POINT('',(12.165053486,-8.187773409,0.0));
#8646=CARTESIAN_POINT('',(12.153787452,-8.17212614,0.001));
#8647=CARTESIAN_POINT('',(12.153787452,-8.17212614,0.0));
#8648=CARTESIAN_POINT('',(12.150657998,-8.167536275,0.001));
#8649=CARTESIAN_POINT('',(12.150657998,-8.167536275,0.0));
#8650=ADVANCED_FACE('NONE',(#8651),#8665,.T.);
#8651=FACE_BOUND('NONE',#8652,.T.);
#8652=EDGE_LOOP('',(#8653,#8654,#8655,#8656,#8657,#8658,#8659,#8660,#8661,#8662,#8663,#8664));
#8653=ORIENTED_EDGE('',*,*,#8288,.F.);
#8654=ORIENTED_EDGE('',*,*,#8327,.F.);
#8655=ORIENTED_EDGE('',*,*,#8363,.F.);
#8656=ORIENTED_EDGE('',*,*,#8394,.F.);
#8657=ORIENTED_EDGE('',*,*,#8425,.F.);
#8658=ORIENTED_EDGE('',*,*,#8456,.F.);
#8659=ORIENTED_EDGE('',*,*,#8487,.F.);
#8660=ORIENTED_EDGE('',*,*,#8518,.F.);
#8661=ORIENTED_EDGE('',*,*,#8549,.F.);
#8662=ORIENTED_EDGE('',*,*,#8580,.F.);
#8663=ORIENTED_EDGE('',*,*,#8611,.F.);
#8664=ORIENTED_EDGE('',*,*,#8634,.F.);
#8665=PLANE('',#8666);
#8666=AXIS2_PLACEMENT_3D('',#8667,#8668,#8669);
#8667=CARTESIAN_POINT('',(0.0,0.0,0.001));
#8668=DIRECTION('',(0.0,0.0,1.0));
#8669=DIRECTION('',(1.0,0.0,0.0));
#8670=ADVANCED_FACE('NONE',(#8671),#8685,.F.);
#8671=FACE_BOUND('NONE',#8672,.T.);
#8672=EDGE_LOOP('',(#8673,#8674,#8675,#8676,#8677,#8678,#8679,#8680,#8681,#8682,#8683,#8684));
#8673=ORIENTED_EDGE('',*,*,#8270,.F.);
#8674=ORIENTED_EDGE('',*,*,#8626,.F.);
#8675=ORIENTED_EDGE('',*,*,#8595,.F.);
#8676=ORIENTED_EDGE('',*,*,#8564,.F.);
#8677=ORIENTED_EDGE('',*,*,#8533,.F.);
#8678=ORIENTED_EDGE('',*,*,#8502,.F.);
#8679=ORIENTED_EDGE('',*,*,#8471,.F.);
#8680=ORIENTED_EDGE('',*,*,#8440,.F.);
#8681=ORIENTED_EDGE('',*,*,#8409,.F.);
#8682=ORIENTED_EDGE('',*,*,#8378,.F.);
#8683=ORIENTED_EDGE('',*,*,#8347,.F.);
#8684=ORIENTED_EDGE('',*,*,#8310,.F.);
#8685=PLANE('',#8686);
#8686=AXIS2_PLACEMENT_3D('',#8687,#8688,#8689);
#8687=CARTESIAN_POINT('',(0.0,0.0,0.0));
#8688=DIRECTION('',(0.0,0.0,1.0));
#8689=DIRECTION('',(1.0,0.0,0.0));
#8690=MANIFOLD_SOLID_BREP('Boss-Extrude1[12]',#8691);
#8691=CLOSED_SHELL('NONE',(#8692,#8738,#8775,#8806,#8843,#8889,#8926,#8963,#8991,#9019,#9038));
#8692=ADVANCED_FACE('NONE',(#8693),#8729,.F.);
#8693=FACE_BOUND('NONE',#8694,.T.);
#8694=EDGE_LOOP('',(#8695,#8706,#8714,#8723));
#8695=ORIENTED_EDGE('',*,*,#8696,.T.);
#8696=EDGE_CURVE('NONE',#8697,#8699,#8701,.T.);
#8697=VERTEX_POINT('NONE',#8698);
#8698=CARTESIAN_POINT('',(12.417287461,-8.158982434,0.0));
#8699=VERTEX_POINT('NONE',#8700);
#8700=CARTESIAN_POINT('',(12.377230453,-8.100148703,1.694065895E-18));
#8701=B_SPLINE_CURVE_WITH_KNOTS('',3,(#8702,#8703,#8704,#8705),.UNSPECIFIED.,.F.,.U.,(4,4),(0.333333333,0.5),.PIECEWISE_BEZIER_KNOTS.);
#8702=CARTESIAN_POINT('',(12.417287461,-8.158982434,0.0));
#8703=CARTESIAN_POINT('',(12.417078831,-8.129774199,1.694065895E-18));
#8704=CARTESIAN_POINT('',(12.404769646,-8.107450762,1.694065895E-18));
#8705=CARTESIAN_POINT('',(12.377230453,-8.100148703,1.694065895E-18));
#8706=ORIENTED_EDGE('',*,*,#8707,.T.);
#8707=EDGE_CURVE('NONE',#8699,#8708,#8710,.F.);
#8708=VERTEX_POINT('NONE',#8709);
#8709=CARTESIAN_POINT('',(12.377230453,-8.100148703,0.001));
#8710=LINE('',#8711,#8712);
#8711=CARTESIAN_POINT('',(12.377230453,-8.100148703,0.001));
#8712=VECTOR('',#8713,1.0);
#8713=DIRECTION('',(0.0,0.0,-1.0));
#8714=ORIENTED_EDGE('',*,*,#8715,.T.);
#8715=EDGE_CURVE('NONE',#8708,#8716,#8718,.F.);
#8716=VERTEX_POINT('NONE',#8717);
#8717=CARTESIAN_POINT('',(12.417287461,-8.158982434,0.001));
#8718=B_SPLINE_CURVE_WITH_KNOTS('',3,(#8719,#8720,#8721,#8722),.UNSPECIFIED.,.F.,.U.,(4,4),(0.333333333,0.5),.PIECEWISE_BEZIER_KNOTS.);
#8719=CARTESIAN_POINT('',(12.417287461,-8.158982434,0.001));
#8720=CARTESIAN_POINT('',(12.417078831,-8.129774199,0.001));
#8721=CARTESIAN_POINT('',(12.404769646,-8.107450762,0.001));
#8722=CARTESIAN_POINT('',(12.377230453,-8.100148703,0.001));
#8723=ORIENTED_EDGE('',*,*,#8724,.T.);
#8724=EDGE_CURVE('NONE',#8716,#8697,#8725,.T.);
#8725=LINE('',#8726,#8727);
#8726=CARTESIAN_POINT('',(12.417287461,-8.158982434,0.001));
#8727=VECTOR('',#8728,1.0);
#8728=DIRECTION('',(0.0,0.0,-1.0));
#8729=B_SPLINE_SURFACE_WITH_KNOTS('',3,1,((#8730,#8731),(#8732,#8733),(#8734,#8735),(#8736,#8737)),.UNSPECIFIED.,.F.,.F.,.U.,(4,4),(2,2),(0.333333333,0.5),(0.0,1.0),.PIECEWISE_BEZIER_KNOTS.);
#8730=CARTESIAN_POINT('',(12.417287461,-8.158982434,0.001));
#8731=CARTESIAN_POINT('',(12.417287461,-8.158982434,0.0));
#8732=CARTESIAN_POINT('',(12.417078831,-8.129774199,0.001));
#8733=CARTESIAN_POINT('',(12.417078831,-8.129774199,0.0));
#8734=CARTESIAN_POINT('',(12.404769646,-8.107450762,0.001));
#8735=CARTESIAN_POINT('',(12.404769646,-8.107450762,0.0));
#8736=CARTESIAN_POINT('',(12.377230453,-8.100148703,0.001));
#8737=CARTESIAN_POINT('',(12.377230453,-8.100148703,0.0));
#8738=ADVANCED_FACE('NONE',(#8739),#8766,.F.);
#8739=FACE_BOUND('NONE',#8740,.T.);
#8740=EDGE_LOOP('',(#8741,#8750,#8758,#8765));
#8741=ORIENTED_EDGE('',*,*,#8742,.T.);
#8742=EDGE_CURVE('NONE',#8699,#8743,#8745,.T.);
#8743=VERTEX_POINT('NONE',#8744);
#8744=CARTESIAN_POINT('',(12.270411763,-8.097019249,0.0));
#8745=B_SPLINE_CURVE_WITH_KNOTS('',3,(#8746,#8747,#8748,#8749),.UNSPECIFIED.,.F.,.U.,(4,4),(0.5,0.666666667),.PIECEWISE_BEZIER_KNOTS.);
#8746=CARTESIAN_POINT('',(12.377230453,-8.100148703,1.694065895E-18));
#8747=CARTESIAN_POINT('',(12.356367427,-8.094515686,0.0));
#8748=CARTESIAN_POINT('',(12.296281915,-8.097019249,0.0));
#8749=CARTESIAN_POINT('',(12.270411763,-8.097019249,0.0));
#8750=ORIENTED_EDGE('',*,*,#8751,.T.);
#8751=EDGE_CURVE('NONE',#8743,#8752,#8754,.F.);
#8752=VERTEX_POINT('NONE',#8753);
#8753=CARTESIAN_POINT('',(12.270411763,-8.097019249,0.001));
#8754=LINE('',#8755,#8756);
#8755=CARTESIAN_POINT('',(12.270411763,-8.097019249,0.001));
#8756=VECTOR('',#8757,1.0);
#8757=DIRECTION('',(0.0,0.0,-1.0));
#8758=ORIENTED_EDGE('',*,*,#8759,.T.);
#8759=EDGE_CURVE('NONE',#8752,#8708,#8760,.F.);
#8760=B_SPLINE_CURVE_WITH_KNOTS('',3,(#8761,#8762,#8763,#8764),.UNSPECIFIED.,.F.,.U.,(4,4),(0.5,0.666666667),.PIECEWISE_BEZIER_KNOTS.);
#8761=CARTESIAN_POINT('',(12.377230453,-8.100148703,0.001));
#8762=CARTESIAN_POINT('',(12.356367427,-8.094515686,0.001));
#8763=CARTESIAN_POINT('',(12.296281915,-8.097019249,0.001));
#8764=CARTESIAN_POINT('',(12.270411763,-8.097019249,0.001));
#8765=ORIENTED_EDGE('',*,*,#8707,.F.);
#8766=B_SPLINE_SURFACE_WITH_KNOTS('',3,1,((#8767,#8768),(#8769,#8770),(#8771,#8772),(#8773,#8774)),.UNSPECIFIED.,.F.,.F.,.U.,(4,4),(2,2),(0.5,0.666666667),(0.0,1.0),.PIECEWISE_BEZIER_KNOTS.);
#8767=CARTESIAN_POINT('',(12.377230453,-8.100148703,0.001));
#8768=CARTESIAN_POINT('',(12.377230453,-8.100148703,1.694065895E-18));
#8769=CARTESIAN_POINT('',(12.356367427,-8.094515686,0.001));
#8770=CARTESIAN_POINT('',(12.356367427,-8.094515686,1.694065895E-18));
#8771=CARTESIAN_POINT('',(12.296281915,-8.097019249,0.001));
#8772=CARTESIAN_POINT('',(12.296281915,-8.097019249,1.694065895E-18));
#8773=CARTESIAN_POINT('',(12.270411763,-8.097019249,0.001));
#8774=CARTESIAN_POINT('',(12.270411763,-8.097019249,1.694065895E-18));
#8775=ADVANCED_FACE('NONE',(#8776),#8801,.F.);
#8776=FACE_BOUND('NONE',#8777,.T.);
#8777=EDGE_LOOP('',(#8778,#8786,#8794,#8800));
#8778=ORIENTED_EDGE('',*,*,#8779,.T.);
#8779=EDGE_CURVE('NONE',#8743,#8780,#8782,.T.);
#8780=VERTEX_POINT('NONE',#8781);
#8781=CARTESIAN_POINT('',(12.269785873,-8.22178014,0.0));
#8782=LINE('',#8783,#8784);
#8783=CARTESIAN_POINT('',(12.310722431,-0.061759477,0.0));
#8784=VECTOR('',#8785,1.0);
#8785=DIRECTION('',(-0.005016659,-0.999987416,0.0));
#8786=ORIENTED_EDGE('',*,*,#8787,.T.);
#8787=EDGE_CURVE('NONE',#8780,#8788,#8790,.F.);
#8788=VERTEX_POINT('NONE',#8789);
#8789=CARTESIAN_POINT('',(12.269785873,-8.22178014,0.001));
#8790=LINE('',#8791,#8792);
#8791=CARTESIAN_POINT('',(12.269785873,-8.22178014,0.001));
#8792=VECTOR('',#8793,1.0);
#8793=DIRECTION('',(0.0,0.0,-1.0));
#8794=ORIENTED_EDGE('',*,*,#8795,.T.);
#8795=EDGE_CURVE('NONE',#8788,#8752,#8796,.F.);
#8796=LINE('',#8797,#8798);
#8797=CARTESIAN_POINT('',(12.310722431,-0.061759477,0.001));
#8798=VECTOR('',#8799,1.0);
#8799=DIRECTION('',(-0.005016659,-0.999987416,0.0));
#8800=ORIENTED_EDGE('',*,*,#8751,.F.);
#8801=PLANE('',#8802);
#8802=AXIS2_PLACEMENT_3D('',#8803,#8804,#8805);
#8803=CARTESIAN_POINT('',(12.310722431,-0.061759477,0.001));
#8804=DIRECTION('',(0.999987416,-0.005016659,0.0));
#8805=DIRECTION('',(0.005016659,0.999987416,0.0));
#8806=ADVANCED_FACE('NONE',(#8807),#8834,.F.);
#8807=FACE_BOUND('NONE',#8808,.T.);
#8808=EDGE_LOOP('',(#8809,#8818,#8826,#8833));
#8809=ORIENTED_EDGE('',*,*,#8810,.T.);
#8810=EDGE_CURVE('NONE',#8780,#8811,#8813,.T.);
#8811=VERTEX_POINT('NONE',#8812);
#8812=CARTESIAN_POINT('',(12.378064974,-8.218650686,0.0));
#8813=B_SPLINE_CURVE_WITH_KNOTS('',3,(#8814,#8815,#8816,#8817),.UNSPECIFIED.,.F.,.U.,(4,4),(0.0,0.166666667),.PIECEWISE_BEZIER_KNOTS.);
#8814=CARTESIAN_POINT('',(12.269785873,-8.22178014,0.0));
#8815=CARTESIAN_POINT('',(12.295656024,-8.22178014,0.0));
#8816=CARTESIAN_POINT('',(12.357619209,-8.224075073,0.0));
#8817=CARTESIAN_POINT('',(12.378064974,-8.218650686,0.0));
#8818=ORIENTED_EDGE('',*,*,#8819,.T.);
#8819=EDGE_CURVE('NONE',#8811,#8820,#8822,.F.);
#8820=VERTEX_POINT('NONE',#8821);
#8821=CARTESIAN_POINT('',(12.378064974,-8.218650686,0.001));
#8822=LINE('',#8823,#8824);
#8823=CARTESIAN_POINT('',(12.378064974,-8.218650686,0.001));
#8824=VECTOR('',#8825,1.0);
#8825=DIRECTION('',(0.0,0.0,-1.0));
#8826=ORIENTED_EDGE('',*,*,#8827,.T.);
#8827=EDGE_CURVE('NONE',#8820,#8788,#8828,.F.);
#8828=B_SPLINE_CURVE_WITH_KNOTS('',3,(#8829,#8830,#8831,#8832),.UNSPECIFIED.,.F.,.U.,(4,4),(0.0,0.166666667),.PIECEWISE_BEZIER_KNOTS.);
#8829=CARTESIAN_POINT('',(12.269785873,-8.22178014,0.001));
#8830=CARTESIAN_POINT('',(12.295656024,-8.22178014,0.001));
#8831=CARTESIAN_POINT('',(12.357619209,-8.224075073,0.001));
#8832=CARTESIAN_POINT('',(12.378064974,-8.218650686,0.001));
#8833=ORIENTED_EDGE('',*,*,#8787,.F.);
#8834=B_SPLINE_SURFACE_WITH_KNOTS('',3,1,((#8835,#8836),(#8837,#8838),(#8839,#8840),(#8841,#8842)),.UNSPECIFIED.,.F.,.F.,.U.,(4,4),(2,2),(0.0,0.166666667),(0.0,1.0),.PIECEWISE_BEZIER_KNOTS.);
#8835=CARTESIAN_POINT('',(12.269785873,-8.22178014,0.001));
#8836=CARTESIAN_POINT('',(12.269785873,-8.22178014,0.0));
#8837=CARTESIAN_POINT('',(12.295656024,-8.22178014,0.001));
#8838=CARTESIAN_POINT('',(12.295656024,-8.22178014,0.0));
#8839=CARTESIAN_POINT('',(12.357619209,-8.224075073,0.001));
#8840=CARTESIAN_POINT('',(12.357619209,-8.224075073,0.0));
#8841=CARTESIAN_POINT('',(12.378064974,-8.218650686,0.001));
#8842=CARTESIAN_POINT('',(12.378064974,-8.218650686,0.0));
#8843=ADVANCED_FACE('NONE',(#8844),#8880,.F.);
#8844=FACE_BOUND('NONE',#8845,.T.);
#8845=EDGE_LOOP('',(#8846,#8857,#8865,#8874));
#8846=ORIENTED_EDGE('',*,*,#8847,.T.);
#8847=EDGE_CURVE('NONE',#8848,#8850,#8852,.T.);
#8848=VERTEX_POINT('NONE',#8849);
#8849=CARTESIAN_POINT('',(12.377647713,-8.158982434,0.0));
#8850=VERTEX_POINT('NONE',#8851);
#8851=CARTESIAN_POINT('',(12.361791814,-8.195492728,0.0));
#8852=B_SPLINE_CURVE_WITH_KNOTS('',3,(#8853,#8854,#8855,#8856),.UNSPECIFIED.,.F.,.U.,(4,4),(0.4,0.6),.PIECEWISE_BEZIER_KNOTS.);
#8853=CARTESIAN_POINT('',(12.377647713,-8.158982434,0.0));
#8854=CARTESIAN_POINT('',(12.377856343,-8.175255594,0.0));
#8855=CARTESIAN_POINT('',(12.374518259,-8.18860793,0.0));
#8856=CARTESIAN_POINT('',(12.361791814,-8.195492728,0.0));
#8857=ORIENTED_EDGE('',*,*,#8858,.T.);
#8858=EDGE_CURVE('NONE',#8850,#8859,#8861,.F.);
#8859=VERTEX_POINT('NONE',#8860);
#8860=CARTESIAN_POINT('',(12.361791814,-8.195492728,0.001));
#8861=LINE('',#8862,#8863);
#8862=CARTESIAN_POINT('',(12.361791814,-8.195492728,0.001));
#8863=VECTOR('',#8864,1.0);
#8864=DIRECTION('',(0.0,0.0,-1.0));
#8865=ORIENTED_EDGE('',*,*,#8866,.T.);
#8866=EDGE_CURVE('NONE',#8859,#8867,#8869,.F.);
#8867=VERTEX_POINT('NONE',#8868);
#8868=CARTESIAN_POINT('',(12.377647713,-8.158982434,0.001));
#8869=B_SPLINE_CURVE_WITH_KNOTS('',3,(#8870,#8871,#8872,#8873),.UNSPECIFIED.,.F.,.U.,(4,4),(0.4,0.6),.PIECEWISE_BEZIER_KNOTS.);
#8870=CARTESIAN_POINT('',(12.377647713,-8.158982434,0.001));
#8871=CARTESIAN_POINT('',(12.377856343,-8.175255594,0.001));
#8872=CARTESIAN_POINT('',(12.374518259,-8.18860793,0.001));
#8873=CARTESIAN_POINT('',(12.361791814,-8.195492728,0.001));
#8874=ORIENTED_EDGE('',*,*,#8875,.T.);
#8875=EDGE_CURVE('NONE',#8867,#8848,#8876,.T.);
#8876=LINE('',#8877,#8878);
#8877=CARTESIAN_POINT('',(12.377647713,-8.158982434,0.001));
#8878=VECTOR('',#8879,1.0);
#8879=DIRECTION('',(0.0,0.0,-1.0));
#8880=B_SPLINE_SURFACE_WITH_KNOTS('',3,1,((#8881,#8882),(#8883,#8884),(#8885,#8886),(#8887,#8888)),.UNSPECIFIED.,.F.,.F.,.U.,(4,4),(2,2),(0.4,0.6),(0.0,1.0),.PIECEWISE_BEZIER_KNOTS.);
#8881=CARTESIAN_POINT('',(12.377647713,-8.158982434,0.001));
#8882=CARTESIAN_POINT('',(12.377647713,-8.158982434,0.0));
#8883=CARTESIAN_POINT('',(12.377856343,-8.175255594,0.001));
#8884=CARTESIAN_POINT('',(12.377856343,-8.175255594,0.0));
#8885=CARTESIAN_POINT('',(12.374518259,-8.18860793,0.001));
#8886=CARTESIAN_POINT('',(12.374518259,-8.18860793,0.0));
#8887=CARTESIAN_POINT('',(12.361791814,-8.195492728,0.001));
#8888=CARTESIAN_POINT('',(12.361791814,-8.195492728,0.0));
#8889=ADVANCED_FACE('NONE',(#8890),#8917,.F.);
#8890=FACE_BOUND('NONE',#8891,.T.);
#8891=EDGE_LOOP('',(#8892,#8901,#8909,#8916));
#8892=ORIENTED_EDGE('',*,*,#8893,.T.);
#8893=EDGE_CURVE('NONE',#8850,#8894,#8896,.T.);
#8894=VERTEX_POINT('NONE',#8895);
#8895=CARTESIAN_POINT('',(12.304835755,-8.199456703,0.0));
#8896=B_SPLINE_CURVE_WITH_KNOTS('',3,(#8897,#8898,#8899,#8900),.UNSPECIFIED.,.F.,.U.,(4,4),(0.6,1.0),.PIECEWISE_BEZIER_KNOTS.);
#8897=CARTESIAN_POINT('',(12.361791814,-8.195492728,0.0));
#8898=CARTESIAN_POINT('',(12.35010852,-8.201751636,0.0));
#8899=CARTESIAN_POINT('',(12.320274394,-8.199456703,0.0));
#8900=CARTESIAN_POINT('',(12.304835755,-8.199456703,0.0));
#8901=ORIENTED_EDGE('',*,*,#8902,.T.);
#8902=EDGE_CURVE('NONE',#8894,#8903,#8905,.F.);
#8903=VERTEX_POINT('NONE',#8904);
#8904=CARTESIAN_POINT('',(12.304835755,-8.199456703,0.001));
#8905=LINE('',#8906,#8907);
#8906=CARTESIAN_POINT('',(12.304835755,-8.199456703,0.001));
#8907=VECTOR('',#8908,1.0);
#8908=DIRECTION('',(0.0,0.0,-1.0));
#8909=ORIENTED_EDGE('',*,*,#8910,.T.);
#8910=EDGE_CURVE('NONE',#8903,#8859,#8911,.F.);
#8911=B_SPLINE_CURVE_WITH_KNOTS('',3,(#8912,#8913,#8914,#8915),.UNSPECIFIED.,.F.,.U.,(4,4),(0.6,1.0),.PIECEWISE_BEZIER_KNOTS.);
#8912=CARTESIAN_POINT('',(12.361791814,-8.195492728,0.001));
#8913=CARTESIAN_POINT('',(12.35010852,-8.201751636,0.001));
#8914=CARTESIAN_POINT('',(12.320274394,-8.199456703,0.001));
#8915=CARTESIAN_POINT('',(12.304835755,-8.199456703,0.001));
#8916=ORIENTED_EDGE('',*,*,#8858,.F.);
#8917=B_SPLINE_SURFACE_WITH_KNOTS('',3,1,((#8918,#8919),(#8920,#8921),(#8922,#8923),(#8924,#8925)),.UNSPECIFIED.,.F.,.F.,.U.,(4,4),(2,2),(0.6,1.0),(0.0,1.0),.PIECEWISE_BEZIER_KNOTS.);
#8918=CARTESIAN_POINT('',(12.361791814,-8.195492728,0.001));
#8919=CARTESIAN_POINT('',(12.361791814,-8.195492728,0.0));
#8920=CARTESIAN_POINT('',(12.35010852,-8.201751636,0.001));
#8921=CARTESIAN_POINT('',(12.35010852,-8.201751636,0.0));
#8922=CARTESIAN_POINT('',(12.320274394,-8.199456703,0.001));
#8923=CARTESIAN_POINT('',(12.320274394,-8.199456703,0.0));
#8924=CARTESIAN_POINT('',(12.304835755,-8.199456703,0.001));
#8925=CARTESIAN_POINT('',(12.304835755,-8.199456703,0.0));
#8926=ADVANCED_FACE('NONE',(#8927),#8954,.F.);
#8927=FACE_BOUND('NONE',#8928,.T.);
#8928=EDGE_LOOP('',(#8929,#8938,#8946,#8953));
#8929=ORIENTED_EDGE('',*,*,#8930,.T.);
#8930=EDGE_CURVE('NONE',#8894,#8931,#8933,.T.);
#8931=VERTEX_POINT('NONE',#8932);
#8932=CARTESIAN_POINT('',(12.305461646,-8.119342686,0.0));
#8933=B_SPLINE_CURVE_WITH_KNOTS('',3,(#8934,#8935,#8936,#8937),.UNSPECIFIED.,.F.,.U.,(4,4),(0.0,0.2),.PIECEWISE_BEZIER_KNOTS.);
#8934=CARTESIAN_POINT('',(12.304835755,-8.199456703,0.0));
#8935=CARTESIAN_POINT('',(12.304835755,-8.186104367,0.0));
#8936=CARTESIAN_POINT('',(12.302749452,-8.127687896,0.0));
#8937=CARTESIAN_POINT('',(12.305461646,-8.119342686,0.0));
#8938=ORIENTED_EDGE('',*,*,#8939,.T.);
#8939=EDGE_CURVE('NONE',#8931,#8940,#8942,.F.);
#8940=VERTEX_POINT('NONE',#8941);
#8941=CARTESIAN_POINT('',(12.305461646,-8.119342686,0.001));
#8942=LINE('',#8943,#8944);
#8943=CARTESIAN_POINT('',(12.305461646,-8.119342686,0.001));
#8944=VECTOR('',#8945,1.0);
#8945=DIRECTION('',(0.0,0.0,-1.0));
#8946=ORIENTED_EDGE('',*,*,#8947,.T.);
#8947=EDGE_CURVE('NONE',#8940,#8903,#8948,.F.);
#8948=B_SPLINE_CURVE_WITH_KNOTS('',3,(#8949,#8950,#8951,#8952),.UNSPECIFIED.,.F.,.U.,(4,4),(0.0,0.2),.PIECEWISE_BEZIER_KNOTS.);
#8949=CARTESIAN_POINT('',(12.304835755,-8.199456703,0.001));
#8950=CARTESIAN_POINT('',(12.304835755,-8.186104367,0.001));
#8951=CARTESIAN_POINT('',(12.302749452,-8.127687896,0.001));
#8952=CARTESIAN_POINT('',(12.305461646,-8.119342686,0.001));
#8953=ORIENTED_EDGE('',*,*,#8902,.F.);
#8954=B_SPLINE_SURFACE_WITH_KNOTS('',3,1,((#8955,#8956),(#8957,#8958),(#8959,#8960),(#8961,#8962)),.UNSPECIFIED.,.F.,.F.,.U.,(4,4),(2,2),(0.0,0.2),(0.0,1.0),.PIECEWISE_BEZIER_KNOTS.);
#8955=CARTESIAN_POINT('',(12.304835755,-8.199456703,0.001));
#8956=CARTESIAN_POINT('',(12.304835755,-8.199456703,0.0));
#8957=CARTESIAN_POINT('',(12.304835755,-8.186104367,0.001));
#8958=CARTESIAN_POINT('',(12.304835755,-8.186104367,0.0));
#8959=CARTESIAN_POINT('',(12.302749452,-8.127687896,0.001));
#8960=CARTESIAN_POINT('',(12.302749452,-8.127687896,0.0));
#8961=CARTESIAN_POINT('',(12.305461646,-8.119342686,0.001));
#8962=CARTESIAN_POINT('',(12.305461646,-8.119342686,0.0));
#8963=ADVANCED_FACE('NONE',(#8964),#8982,.F.);
#8964=FACE_BOUND('NONE',#8965,.T.);
#8965=EDGE_LOOP('',(#8966,#8973,#8974,#8981));
#8966=ORIENTED_EDGE('',*,*,#8967,.T.);
#8967=EDGE_CURVE('NONE',#8931,#8848,#8968,.T.);
#8968=B_SPLINE_CURVE_WITH_KNOTS('',3,(#8969,#8970,#8971,#8972),.UNSPECIFIED.,.F.,.U.,(4,4),(0.2,0.4),.PIECEWISE_BEZIER_KNOTS.);
#8969=CARTESIAN_POINT('',(12.305461646,-8.119342686,0.0));
#8970=CARTESIAN_POINT('',(12.344266873,-8.119342686,0.0));
#8971=CARTESIAN_POINT('',(12.377230453,-8.111831997,0.0));
#8972=CARTESIAN_POINT('',(12.377647713,-8.158982434,0.0));
#8973=ORIENTED_EDGE('',*,*,#8875,.F.);
#8974=ORIENTED_EDGE('',*,*,#8975,.T.);
#8975=EDGE_CURVE('NONE',#8867,#8940,#8976,.F.);
#8976=B_SPLINE_CURVE_WITH_KNOTS('',3,(#8977,#8978,#8979,#8980),.UNSPECIFIED.,.F.,.U.,(4,4),(0.2,0.4),.PIECEWISE_BEZIER_KNOTS.);
#8977=CARTESIAN_POINT('',(12.305461646,-8.119342686,0.001));
#8978=CARTESIAN_POINT('',(12.344266873,-8.119342686,0.001));
#8979=CARTESIAN_POINT('',(12.377230453,-8.111831997,0.001));
#8980=CARTESIAN_POINT('',(12.377647713,-8.158982434,0.001));
#8981=ORIENTED_EDGE('',*,*,#8939,.F.);
#8982=B_SPLINE_SURFACE_WITH_KNOTS('',3,1,((#8983,#8984),(#8985,#8986),(#8987,#8988),(#8989,#8990)),.UNSPECIFIED.,.F.,.F.,.U.,(4,4),(2,2),(0.2,0.4),(0.0,1.0),.PIECEWISE_BEZIER_KNOTS.);
#8983=CARTESIAN_POINT('',(12.305461646,-8.119342686,0.001));
#8984=CARTESIAN_POINT('',(12.305461646,-8.119342686,0.0));
#8985=CARTESIAN_POINT('',(12.344266873,-8.119342686,0.001));
#8986=CARTESIAN_POINT('',(12.344266873,-8.119342686,0.0));
#8987=CARTESIAN_POINT('',(12.377230453,-8.111831997,0.001));
#8988=CARTESIAN_POINT('',(12.377230453,-8.111831997,0.0));
#8989=CARTESIAN_POINT('',(12.377647713,-8.158982434,0.001));
#8990=CARTESIAN_POINT('',(12.377647713,-8.158982434,0.0));
#8991=ADVANCED_FACE('NONE',(#8992),#9010,.F.);
#8992=FACE_BOUND('NONE',#8993,.T.);
#8993=EDGE_LOOP('',(#8994,#9001,#9002,#9009));
#8994=ORIENTED_EDGE('',*,*,#8995,.T.);
#8995=EDGE_CURVE('NONE',#8811,#8697,#8996,.T.);
#8996=B_SPLINE_CURVE_WITH_KNOTS('',3,(#8997,#8998,#8999,#9000),.UNSPECIFIED.,.F.,.U.,(4,4),(0.166666667,0.333333333),.PIECEWISE_BEZIER_KNOTS.);
#8997=CARTESIAN_POINT('',(12.378064974,-8.218650686,0.0));
#8998=CARTESIAN_POINT('',(12.406438688,-8.211139997,0.0));
#8999=CARTESIAN_POINT('',(12.417287461,-8.18881656,0.0));
#9000=CARTESIAN_POINT('',(12.417287461,-8.158982434,0.0));
#9001=ORIENTED_EDGE('',*,*,#8724,.F.);
#9002=ORIENTED_EDGE('',*,*,#9003,.T.);
#9003=EDGE_CURVE('NONE',#8716,#8820,#9004,.F.);
#9004=B_SPLINE_CURVE_WITH_KNOTS('',3,(#9005,#9006,#9007,#9008),.UNSPECIFIED.,.F.,.U.,(4,4),(0.166666667,0.333333333),.PIECEWISE_BEZIER_KNOTS.);
#9005=CARTESIAN_POINT('',(12.378064974,-8.218650686,0.001));
#9006=CARTESIAN_POINT('',(12.406438688,-8.211139997,0.001));
#9007=CARTESIAN_POINT('',(12.417287461,-8.18881656,0.001));
#9008=CARTESIAN_POINT('',(12.417287461,-8.158982434,0.001));
#9009=ORIENTED_EDGE('',*,*,#8819,.F.);
#9010=B_SPLINE_SURFACE_WITH_KNOTS('',3,1,((#9011,#9012),(#9013,#9014),(#9015,#9016),(#9017,#9018)),.UNSPECIFIED.,.F.,.F.,.U.,(4,4),(2,2),(0.166666667,0.333333333),(0.0,1.0),.PIECEWISE_BEZIER_KNOTS.);
#9011=CARTESIAN_POINT('',(12.378064974,-8.218650686,0.001));
#9012=CARTESIAN_POINT('',(12.378064974,-8.218650686,0.0));
#9013=CARTESIAN_POINT('',(12.406438688,-8.211139997,0.001));
#9014=CARTESIAN_POINT('',(12.406438688,-8.211139997,0.0));
#9015=CARTESIAN_POINT('',(12.417287461,-8.18881656,0.001));
#9016=CARTESIAN_POINT('',(12.417287461,-8.18881656,0.0));
#9017=CARTESIAN_POINT('',(12.417287461,-8.158982434,0.001));
#9018=CARTESIAN_POINT('',(12.417287461,-8.158982434,0.0));
#9019=ADVANCED_FACE('NONE',(#9020,#9026),#9033,.T.);
#9020=FACE_BOUND('NONE',#9021,.T.);
#9021=EDGE_LOOP('',(#9022,#9023,#9024,#9025));
#9022=ORIENTED_EDGE('',*,*,#8866,.F.);
#9023=ORIENTED_EDGE('',*,*,#8910,.F.);
#9024=ORIENTED_EDGE('',*,*,#8947,.F.);
#9025=ORIENTED_EDGE('',*,*,#8975,.F.);
#9026=FACE_BOUND('NONE',#9027,.T.);
#9027=EDGE_LOOP('',(#9028,#9029,#9030,#9031,#9032));
#9028=ORIENTED_EDGE('',*,*,#8715,.F.);
#9029=ORIENTED_EDGE('',*,*,#8759,.F.);
#9030=ORIENTED_EDGE('',*,*,#8795,.F.);
#9031=ORIENTED_EDGE('',*,*,#8827,.F.);
#9032=ORIENTED_EDGE('',*,*,#9003,.F.);
#9033=PLANE('',#9034);
#9034=AXIS2_PLACEMENT_3D('',#9035,#9036,#9037);
#9035=CARTESIAN_POINT('',(0.0,0.0,0.001));
#9036=DIRECTION('',(0.0,0.0,1.0));
#9037=DIRECTION('',(1.0,0.0,0.0));
#9038=ADVANCED_FACE('NONE',(#9039,#9045),#9052,.F.);
#9039=FACE_BOUND('NONE',#9040,.T.);
#9040=EDGE_LOOP('',(#9041,#9042,#9043,#9044));
#9041=ORIENTED_EDGE('',*,*,#8847,.F.);
#9042=ORIENTED_EDGE('',*,*,#8967,.F.);
#9043=ORIENTED_EDGE('',*,*,#8930,.F.);
#9044=ORIENTED_EDGE('',*,*,#8893,.F.);
#9045=FACE_BOUND('NONE',#9046,.T.);
#9046=EDGE_LOOP('',(#9047,#9048,#9049,#9050,#9051));
#9047=ORIENTED_EDGE('',*,*,#8696,.F.);
#9048=ORIENTED_EDGE('',*,*,#8995,.F.);
#9049=ORIENTED_EDGE('',*,*,#8810,.F.);
#9050=ORIENTED_EDGE('',*,*,#8779,.F.);
#9051=ORIENTED_EDGE('',*,*,#8742,.F.);
#9052=PLANE('',#9053);
#9053=AXIS2_PLACEMENT_3D('',#9054,#9055,#9056);
#9054=CARTESIAN_POINT('',(0.0,0.0,0.0));
#9055=DIRECTION('',(0.0,0.0,1.0));
#9056=DIRECTION('',(1.0,0.0,0.0));
#9057=MANIFOLD_SOLID_BREP('Boss-Extrude1[13]',#9058);
#9058=CLOSED_SHELL('NONE',(#9059,#9105,#9142,#9173,#9210,#9247,#9284,#9315,#9346,#9383,#9420,#9457,#9494,#9525,#9553,#9575));
#9059=ADVANCED_FACE('NONE',(#9060),#9096,.F.);
#9060=FACE_BOUND('NONE',#9061,.T.);
#9061=EDGE_LOOP('',(#9062,#9073,#9081,#9090));
#9062=ORIENTED_EDGE('',*,*,#9063,.T.);
#9063=EDGE_CURVE('NONE',#9064,#9066,#9068,.T.);
#9064=VERTEX_POINT('NONE',#9065);
#9065=CARTESIAN_POINT('',(12.471322696,-8.184852586,0.0));
#9066=VERTEX_POINT('NONE',#9067);
#9067=CARTESIAN_POINT('',(12.502199974,-8.222197401,0.0));
#9068=B_SPLINE_CURVE_WITH_KNOTS('',3,(#9069,#9070,#9071,#9072),.UNSPECIFIED.,.F.,.U.,(4,4),(0.8,0.866666667),.PIECEWISE_BEZIER_KNOTS.);
#9069=CARTESIAN_POINT('',(12.471322696,-8.184852586,0.0));
#9070=CARTESIAN_POINT('',(12.471322696,-8.20467246,0.0));
#9071=CARTESIAN_POINT('',(12.48258873,-8.216147123,0.0));
#9072=CARTESIAN_POINT('',(12.502199974,-8.222197401,0.0));
#9073=ORIENTED_EDGE('',*,*,#9074,.T.);
#9074=EDGE_CURVE('NONE',#9066,#9075,#9077,.F.);
#9075=VERTEX_POINT('NONE',#9076);
#9076=CARTESIAN_POINT('',(12.502199974,-8.222197401,0.001));
#9077=LINE('',#9078,#9079);
#9078=CARTESIAN_POINT('',(12.502199974,-8.222197401,0.001));
#9079=VECTOR('',#9080,1.0);
#9080=DIRECTION('',(0.0,0.0,-1.0));
#9081=ORIENTED_EDGE('',*,*,#9082,.T.);
#9082=EDGE_CURVE('NONE',#9075,#9083,#9085,.F.);
#9083=VERTEX_POINT('NONE',#9084);
#9084=CARTESIAN_POINT('',(12.471322696,-8.184852586,0.001));
#9085=B_SPLINE_CURVE_WITH_KNOTS('',3,(#9086,#9087,#9088,#9089),.UNSPECIFIED.,.F.,.U.,(4,4),(0.8,0.866666667),.PIECEWISE_BEZIER_KNOTS.);
#9086=CARTESIAN_POINT('',(12.471322696,-8.184852586,0.001));
#9087=CARTESIAN_POINT('',(12.471322696,-8.20467246,0.001));
#9088=CARTESIAN_POINT('',(12.48258873,-8.216147123,0.001));
#9089=CARTESIAN_POINT('',(12.502199974,-8.222197401,0.001));
#9090=ORIENTED_EDGE('',*,*,#9091,.T.);
#9091=EDGE_CURVE('NONE',#9083,#9064,#9092,.T.);
#9092=LINE('',#9093,#9094);
#9093=CARTESIAN_POINT('',(12.471322696,-8.184852586,0.001));
#9094=VECTOR('',#9095,1.0);
#9095=DIRECTION('',(0.0,0.0,-1.0));
#9096=B_SPLINE_SURFACE_WITH_KNOTS('',3,1,((#9097,#9098),(#9099,#9100),(#9101,#9102),(#9103,#9104)),.UNSPECIFIED.,.F.,.F.,.U.,(4,4),(2,2),(0.8,0.866666667),(0.0,1.0),.PIECEWISE_BEZIER_KNOTS.);
#9097=CARTESIAN_POINT('',(12.471322696,-8.184852586,0.001));
#9098=CARTESIAN_POINT('',(12.471322696,-8.184852586,0.0));
#9099=CARTESIAN_POINT('',(12.471322696,-8.20467246,0.001));
#9100=CARTESIAN_POINT('',(12.471322696,-8.20467246,0.0));
#9101=CARTESIAN_POINT('',(12.48258873,-8.216147123,0.001));
#9102=CARTESIAN_POINT('',(12.48258873,-8.216147123,0.0));
#9103=CARTESIAN_POINT('',(12.502199974,-8.222197401,0.001));
#9104=CARTESIAN_POINT('',(12.502199974,-8.222197401,0.0));
#9105=ADVANCED_FACE('NONE',(#9106),#9133,.F.);
#9106=FACE_BOUND('NONE',#9107,.T.);
#9107=EDGE_LOOP('',(#9108,#9117,#9125,#9132));
#9108=ORIENTED_EDGE('',*,*,#9109,.T.);
#9109=EDGE_CURVE('NONE',#9066,#9110,#9112,.T.);
#9110=VERTEX_POINT('NONE',#9111);
#9111=CARTESIAN_POINT('',(12.522228478,-8.226995897,0.0));
#9112=B_SPLINE_CURVE_WITH_KNOTS('',3,(#9113,#9114,#9115,#9116),.UNSPECIFIED.,.F.,.U.,(4,4),(0.866666667,1.0),.PIECEWISE_BEZIER_KNOTS.);
#9113=CARTESIAN_POINT('',(12.502199974,-8.222197401,0.0));
#9114=CARTESIAN_POINT('',(12.508041621,-8.224075073,0.0));
#9115=CARTESIAN_POINT('',(12.516804091,-8.224700964,0.0));
#9116=CARTESIAN_POINT('',(12.522228478,-8.226995897,0.0));
#9117=ORIENTED_EDGE('',*,*,#9118,.T.);
#9118=EDGE_CURVE('NONE',#9110,#9119,#9121,.F.);
#9119=VERTEX_POINT('NONE',#9120);
#9120=CARTESIAN_POINT('',(12.522228478,-8.226995897,0.001));
#9121=LINE('',#9122,#9123);
#9122=CARTESIAN_POINT('',(12.522228478,-8.226995897,0.001));
#9123=VECTOR('',#9124,1.0);
#9124=DIRECTION('',(0.0,0.0,-1.0));
#9125=ORIENTED_EDGE('',*,*,#9126,.T.);
#9126=EDGE_CURVE('NONE',#9119,#9075,#9127,.F.);
#9127=B_SPLINE_CURVE_WITH_KNOTS('',3,(#9128,#9129,#9130,#9131),.UNSPECIFIED.,.F.,.U.,(4,4),(0.866666667,1.0),.PIECEWISE_BEZIER_KNOTS.);
#9128=CARTESIAN_POINT('',(12.502199974,-8.222197401,0.001));
#9129=CARTESIAN_POINT('',(12.508041621,-8.224075073,0.001));
#9130=CARTESIAN_POINT('',(12.516804091,-8.224700964,0.001));
#9131=CARTESIAN_POINT('',(12.522228478,-8.226995897,0.001));
#9132=ORIENTED_EDGE('',*,*,#9074,.F.);
#9133=B_SPLINE_SURFACE_WITH_KNOTS('',3,1,((#9134,#9135),(#9136,#9137),(#9138,#9139),(#9140,#9141)),.UNSPECIFIED.,.F.,.F.,.U.,(4,4),(2,2),(0.866666667,1.0),(0.0,1.0),.PIECEWISE_BEZIER_KNOTS.);
#9134=CARTESIAN_POINT('',(12.502199974,-8.222197401,0.001));
#9135=CARTESIAN_POINT('',(12.502199974,-8.222197401,0.0));
#9136=CARTESIAN_POINT('',(12.508041621,-8.224075073,0.001));
#9137=CARTESIAN_POINT('',(12.508041621,-8.224075073,0.0));
#9138=CARTESIAN_POINT('',(12.516804091,-8.224700964,0.001));
#9139=CARTESIAN_POINT('',(12.516804091,-8.224700964,0.0));
#9140=CARTESIAN_POINT('',(12.522228478,-8.226995897,0.001));
#9141=CARTESIAN_POINT('',(12.522228478,-8.226995897,0.0));
#9142=ADVANCED_FACE('NONE',(#9143),#9168,.F.);
#9143=FACE_BOUND('NONE',#9144,.T.);
#9144=EDGE_LOOP('',(#9145,#9153,#9161,#9167));
#9145=ORIENTED_EDGE('',*,*,#9146,.T.);
#9146=EDGE_CURVE('NONE',#9110,#9147,#9149,.T.);
#9147=VERTEX_POINT('NONE',#9148);
#9148=CARTESIAN_POINT('',(12.567709873,-8.226995897,0.0));
#9149=LINE('',#9150,#9151);
#9150=CARTESIAN_POINT('',(0.0,-8.226995897,0.0));
#9151=VECTOR('',#9152,1.0);
#9152=DIRECTION('',(1.0,0.0,0.0));
#9153=ORIENTED_EDGE('',*,*,#9154,.T.);
#9154=EDGE_CURVE('NONE',#9147,#9155,#9157,.F.);
#9155=VERTEX_POINT('NONE',#9156);
#9156=CARTESIAN_POINT('',(12.567709873,-8.226995897,0.001));
#9157=LINE('',#9158,#9159);
#9158=CARTESIAN_POINT('',(12.567709873,-8.226995897,0.001));
#9159=VECTOR('',#9160,1.0);
#9160=DIRECTION('',(0.0,0.0,-1.0));
#9161=ORIENTED_EDGE('',*,*,#9162,.T.);
#9162=EDGE_CURVE('NONE',#9155,#9119,#9163,.F.);
#9163=LINE('',#9164,#9165);
#9164=CARTESIAN_POINT('',(0.0,-8.226995897,0.001));
#9165=VECTOR('',#9166,1.0);
#9166=DIRECTION('',(1.0,0.0,0.0));
#9167=ORIENTED_EDGE('',*,*,#9118,.F.);
#9168=PLANE('',#9169);
#9169=AXIS2_PLACEMENT_3D('',#9170,#9171,#9172);
#9170=CARTESIAN_POINT('',(0.0,-8.226995897,0.001));
#9171=DIRECTION('',(0.0,1.0,0.0));
#9172=DIRECTION('',(0.0,0.0,1.0));
#9173=ADVANCED_FACE('NONE',(#9174),#9201,.F.);
#9174=FACE_BOUND('NONE',#9175,.T.);
#9175=EDGE_LOOP('',(#9176,#9185,#9193,#9200));
#9176=ORIENTED_EDGE('',*,*,#9177,.T.);
#9177=EDGE_CURVE('NONE',#9147,#9178,#9180,.T.);
#9178=VERTEX_POINT('NONE',#9179);
#9179=CARTESIAN_POINT('',(12.588572898,-8.221988771,0.0));
#9180=B_SPLINE_CURVE_WITH_KNOTS('',3,(#9181,#9182,#9183,#9184),.UNSPECIFIED.,.F.,.U.,(4,4),(0.066666667,0.133333333),.PIECEWISE_BEZIER_KNOTS.);
#9181=CARTESIAN_POINT('',(12.567709873,-8.226995897,0.0));
#9182=CARTESIAN_POINT('',(12.57355152,-8.224700964,0.0));
#9183=CARTESIAN_POINT('',(12.58210536,-8.224283703,0.0));
#9184=CARTESIAN_POINT('',(12.588572898,-8.221988771,0.0));
#9185=ORIENTED_EDGE('',*,*,#9186,.T.);
#9186=EDGE_CURVE('NONE',#9178,#9187,#9189,.F.);
#9187=VERTEX_POINT('NONE',#9188);
#9188=CARTESIAN_POINT('',(12.588572898,-8.221988771,0.001));
#9189=LINE('',#9190,#9191);
#9190=CARTESIAN_POINT('',(12.588572898,-8.221988771,0.001));
#9191=VECTOR('',#9192,1.0);
#9192=DIRECTION('',(0.0,0.0,-1.0));
#9193=ORIENTED_EDGE('',*,*,#9194,.T.);
#9194=EDGE_CURVE('NONE',#9187,#9155,#9195,.F.);
#9195=B_SPLINE_CURVE_WITH_KNOTS('',3,(#9196,#9197,#9198,#9199),.UNSPECIFIED.,.F.,.U.,(4,4),(0.066666667,0.133333333),.PIECEWISE_BEZIER_KNOTS.);
#9196=CARTESIAN_POINT('',(12.567709873,-8.226995897,0.001));
#9197=CARTESIAN_POINT('',(12.57355152,-8.224700964,0.001));
#9198=CARTESIAN_POINT('',(12.58210536,-8.224283703,0.001));
#9199=CARTESIAN_POINT('',(12.588572898,-8.221988771,0.001));
#9200=ORIENTED_EDGE('',*,*,#9154,.F.);
#9201=B_SPLINE_SURFACE_WITH_KNOTS('',3,1,((#9202,#9203),(#9204,#9205),(#9206,#9207),(#9208,#9209)),.UNSPECIFIED.,.F.,.F.,.U.,(4,4),(2,2),(0.066666667,0.133333333),(0.0,1.0),.PIECEWISE_BEZIER_KNOTS.);
#9202=CARTESIAN_POINT('',(12.567709873,-8.226995897,0.001));
#9203=CARTESIAN_POINT('',(12.567709873,-8.226995897,0.0));
#9204=CARTESIAN_POINT('',(12.57355152,-8.224700964,0.001));
#9205=CARTESIAN_POINT('',(12.57355152,-8.224700964,0.0));
#9206=CARTESIAN_POINT('',(12.58210536,-8.224283703,0.001));
#9207=CARTESIAN_POINT('',(12.58210536,-8.224283703,0.0));
#9208=CARTESIAN_POINT('',(12.588572898,-8.221988771,0.001));
#9209=CARTESIAN_POINT('',(12.588572898,-8.221988771,0.0));
#9210=ADVANCED_FACE('NONE',(#9211),#9238,.F.);
#9211=FACE_BOUND('NONE',#9212,.T.);
#9212=EDGE_LOOP('',(#9213,#9222,#9230,#9237));
#9213=ORIENTED_EDGE('',*,*,#9214,.T.);
#9214=EDGE_CURVE('NONE',#9178,#9215,#9217,.T.);
#9215=VERTEX_POINT('NONE',#9216);
#9216=CARTESIAN_POINT('',(12.619032915,-8.183809434,0.0));
#9217=B_SPLINE_CURVE_WITH_KNOTS('',3,(#9218,#9219,#9220,#9221),.UNSPECIFIED.,.F.,.U.,(4,4),(0.133333333,0.2),.PIECEWISE_BEZIER_KNOTS.);
#9218=CARTESIAN_POINT('',(12.588572898,-8.221988771,0.0));
#9219=CARTESIAN_POINT('',(12.608392772,-8.215312602,0.0));
#9220=CARTESIAN_POINT('',(12.618824285,-8.20467246,0.0));
#9221=CARTESIAN_POINT('',(12.619032915,-8.183809434,0.0));
#9222=ORIENTED_EDGE('',*,*,#9223,.T.);
#9223=EDGE_CURVE('NONE',#9215,#9224,#9226,.F.);
#9224=VERTEX_POINT('NONE',#9225);
#9225=CARTESIAN_POINT('',(12.619032915,-8.183809434,0.001));
#9226=LINE('',#9227,#9228);
#9227=CARTESIAN_POINT('',(12.619032915,-8.183809434,0.001));
#9228=VECTOR('',#9229,1.0);
#9229=DIRECTION('',(0.0,0.0,-1.0));
#9230=ORIENTED_EDGE('',*,*,#9231,.T.);
#9231=EDGE_CURVE('NONE',#9224,#9187,#9232,.F.);
#9232=B_SPLINE_CURVE_WITH_KNOTS('',3,(#9233,#9234,#9235,#9236),.UNSPECIFIED.,.F.,.U.,(4,4),(0.133333333,0.2),.PIECEWISE_BEZIER_KNOTS.);
#9233=CARTESIAN_POINT('',(12.588572898,-8.221988771,0.001));
#9234=CARTESIAN_POINT('',(12.608392772,-8.215312602,0.001));
#9235=CARTESIAN_POINT('',(12.618824285,-8.20467246,0.001));
#9236=CARTESIAN_POINT('',(12.619032915,-8.183809434,0.001));
#9237=ORIENTED_EDGE('',*,*,#9186,.F.);
#9238=B_SPLINE_SURFACE_WITH_KNOTS('',3,1,((#9239,#9240),(#9241,#9242),(#9243,#9244),(#9245,#9246)),.UNSPECIFIED.,.F.,.F.,.U.,(4,4),(2,2),(0.133333333,0.2),(0.0,1.0),.PIECEWISE_BEZIER_KNOTS.);
#9239=CARTESIAN_POINT('',(12.588572898,-8.221988771,0.001));
#9240=CARTESIAN_POINT('',(12.588572898,-8.221988771,0.0));
#9241=CARTESIAN_POINT('',(12.608392772,-8.215312602,0.001));
#9242=CARTESIAN_POINT('',(12.608392772,-8.215312602,0.0));
#9243=CARTESIAN_POINT('',(12.618824285,-8.20467246,0.001));
#9244=CARTESIAN_POINT('',(12.618824285,-8.20467246,0.0));
#9245=CARTESIAN_POINT('',(12.619032915,-8.183809434,0.001));
#9246=CARTESIAN_POINT('',(12.619032915,-8.183809434,0.0));
#9247=ADVANCED_FACE('NONE',(#9248),#9275,.F.);
#9248=FACE_BOUND('NONE',#9249,.T.);
#9249=EDGE_LOOP('',(#9250,#9259,#9267,#9274));
#9250=ORIENTED_EDGE('',*,*,#9251,.T.);
#9251=EDGE_CURVE('NONE',#9215,#9252,#9254,.T.);
#9252=VERTEX_POINT('NONE',#9253);
#9253=CARTESIAN_POINT('',(12.619032915,-8.099522812,0.0));
#9254=B_SPLINE_CURVE_WITH_KNOTS('',3,(#9255,#9256,#9257,#9258),.UNSPECIFIED.,.F.,.U.,(4,4),(0.2,0.266666667),.PIECEWISE_BEZIER_KNOTS.);
#9255=CARTESIAN_POINT('',(12.619032915,-8.183809434,0.0));
#9256=CARTESIAN_POINT('',(12.619241545,-8.15585298,0.0));
#9257=CARTESIAN_POINT('',(12.619032915,-8.127687896,0.0));
#9258=CARTESIAN_POINT('',(12.619032915,-8.099522812,0.0));
#9259=ORIENTED_EDGE('',*,*,#9260,.T.);
#9260=EDGE_CURVE('NONE',#9252,#9261,#9263,.F.);
#9261=VERTEX_POINT('NONE',#9262);
#9262=CARTESIAN_POINT('',(12.619032915,-8.099522812,0.001));
#9263=LINE('',#9264,#9265);
#9264=CARTESIAN_POINT('',(12.619032915,-8.099522812,0.001));
#9265=VECTOR('',#9266,1.0);
#9266=DIRECTION('',(0.0,0.0,-1.0));
#9267=ORIENTED_EDGE('',*,*,#9268,.T.);
#9268=EDGE_CURVE('NONE',#9261,#9224,#9269,.F.);
#9269=B_SPLINE_CURVE_WITH_KNOTS('',3,(#9270,#9271,#9272,#9273),.UNSPECIFIED.,.F.,.U.,(4,4),(0.2,0.266666667),.PIECEWISE_BEZIER_KNOTS.);
#9270=CARTESIAN_POINT('',(12.619032915,-8.183809434,0.001));
#9271=CARTESIAN_POINT('',(12.619241545,-8.15585298,0.001));
#9272=CARTESIAN_POINT('',(12.619032915,-8.127687896,0.001));
#9273=CARTESIAN_POINT('',(12.619032915,-8.099522812,0.001));
#9274=ORIENTED_EDGE('',*,*,#9223,.F.);
#9275=B_SPLINE_SURFACE_WITH_KNOTS('',3,1,((#9276,#9277),(#9278,#9279),(#9280,#9281),(#9282,#9283)),.UNSPECIFIED.,.F.,.F.,.U.,(4,4),(2,2),(0.2,0.266666667),(0.0,1.0),.PIECEWISE_BEZIER_KNOTS.);
#9276=CARTESIAN_POINT('',(12.619032915,-8.183809434,0.001));
#9277=CARTESIAN_POINT('',(12.619032915,-8.183809434,0.0));
#9278=CARTESIAN_POINT('',(12.619241545,-8.15585298,0.001));
#9279=CARTESIAN_POINT('',(12.619241545,-8.15585298,0.0));
#9280=CARTESIAN_POINT('',(12.619032915,-8.127687896,0.001));
#9281=CARTESIAN_POINT('',(12.619032915,-8.127687896,0.0));
#9282=CARTESIAN_POINT('',(12.619032915,-8.099522812,0.001));
#9283=CARTESIAN_POINT('',(12.619032915,-8.099522812,0.0));
#9284=ADVANCED_FACE('NONE',(#9285),#9310,.F.);
#9285=FACE_BOUND('NONE',#9286,.T.);
#9286=EDGE_LOOP('',(#9287,#9295,#9303,#9309));
#9287=ORIENTED_EDGE('',*,*,#9288,.T.);
#9288=EDGE_CURVE('NONE',#9252,#9289,#9291,.T.);
#9289=VERTEX_POINT('NONE',#9290);
#9290=CARTESIAN_POINT('',(12.582313991,-8.099522812,0.0));
#9291=LINE('',#9292,#9293);
#9292=CARTESIAN_POINT('',(0.0,-8.099522812,0.0));
#9293=VECTOR('',#9294,1.0);
#9294=DIRECTION('',(-1.0,0.0,0.0));
#9295=ORIENTED_EDGE('',*,*,#9296,.T.);
#9296=EDGE_CURVE('NONE',#9289,#9297,#9299,.F.);
#9297=VERTEX_POINT('NONE',#9298);
#9298=CARTESIAN_POINT('',(12.582313991,-8.099522812,0.001));
#9299=LINE('',#9300,#9301);
#9300=CARTESIAN_POINT('',(12.582313991,-8.099522812,0.001));
#9301=VECTOR('',#9302,1.0);
#9302=DIRECTION('',(0.0,0.0,-1.0));
#9303=ORIENTED_EDGE('',*,*,#9304,.T.);
#9304=EDGE_CURVE('NONE',#9297,#9261,#9305,.F.);
#9305=LINE('',#9306,#9307);
#9306=CARTESIAN_POINT('',(0.0,-8.099522812,0.001));
#9307=VECTOR('',#9308,1.0);
#9308=DIRECTION('',(-1.0,0.0,0.0));
#9309=ORIENTED_EDGE('',*,*,#9260,.F.);
#9310=PLANE('',#9311);
#9311=AXIS2_PLACEMENT_3D('',#9312,#9313,#9314);
#9312=CARTESIAN_POINT('',(0.0,-8.099522812,0.001));
#9313=DIRECTION('',(0.0,-1.0,0.0));
#9314=DIRECTION('',(0.0,0.0,-1.0));
#9315=ADVANCED_FACE('NONE',(#9316),#9341,.F.);
#9316=FACE_BOUND('NONE',#9317,.T.);
#9317=EDGE_LOOP('',(#9318,#9326,#9334,#9340));
#9318=ORIENTED_EDGE('',*,*,#9319,.T.);
#9319=EDGE_CURVE('NONE',#9289,#9320,#9322,.T.);
#9320=VERTEX_POINT('NONE',#9321);
#9321=CARTESIAN_POINT('',(12.582313991,-8.168579426,0.0));
#9322=LINE('',#9323,#9324);
#9323=CARTESIAN_POINT('',(12.582313991,0.0,0.0));
#9324=VECTOR('',#9325,1.0);
#9325=DIRECTION('',(0.0,-1.0,0.0));
#9326=ORIENTED_EDGE('',*,*,#9327,.T.);
#9327=EDGE_CURVE('NONE',#9320,#9328,#9330,.F.);
#9328=VERTEX_POINT('NONE',#9329);
#9329=CARTESIAN_POINT('',(12.582313991,-8.168579426,0.001));
#9330=LINE('',#9331,#9332);
#9331=CARTESIAN_POINT('',(12.582313991,-8.168579426,0.001));
#9332=VECTOR('',#9333,1.0);
#9333=DIRECTION('',(0.0,0.0,-1.0));
#9334=ORIENTED_EDGE('',*,*,#9335,.T.);
#9335=EDGE_CURVE('NONE',#9328,#9297,#9336,.F.);
#9336=LINE('',#9337,#9338);
#9337=CARTESIAN_POINT('',(12.582313991,0.0,0.001));
#9338=VECTOR('',#9339,1.0);
#9339=DIRECTION('',(0.0,-1.0,0.0));
#9340=ORIENTED_EDGE('',*,*,#9296,.F.);
#9341=PLANE('',#9342);
#9342=AXIS2_PLACEMENT_3D('',#9343,#9344,#9345);
#9343=CARTESIAN_POINT('',(12.582313991,0.0,0.001));
#9344=DIRECTION('',(1.0,0.0,0.0));
#9345=DIRECTION('',(0.0,0.0,-1.0));
#9346=ADVANCED_FACE('NONE',(#9347),#9374,.F.);
#9347=FACE_BOUND('NONE',#9348,.T.);
#9348=EDGE_LOOP('',(#9349,#9358,#9366,#9373));
#9349=ORIENTED_EDGE('',*,*,#9350,.T.);
#9350=EDGE_CURVE('NONE',#9320,#9351,#9353,.T.);
#9351=VERTEX_POINT('NONE',#9352);
#9352=CARTESIAN_POINT('',(12.575637823,-8.19695314,0.0));
#9353=B_SPLINE_CURVE_WITH_KNOTS('',3,(#9354,#9355,#9356,#9357),.UNSPECIFIED.,.F.,.U.,(4,4),(0.4,0.466666667),.PIECEWISE_BEZIER_KNOTS.);
#9354=CARTESIAN_POINT('',(12.582313991,-8.168579426,0.0));
#9355=CARTESIAN_POINT('',(12.582313991,-8.179636829,0.0));
#9356=CARTESIAN_POINT('',(12.583357142,-8.189651081,0.0));
#9357=CARTESIAN_POINT('',(12.575637823,-8.19695314,0.0));
#9358=ORIENTED_EDGE('',*,*,#9359,.T.);
#9359=EDGE_CURVE('NONE',#9351,#9360,#9362,.F.);
#9360=VERTEX_POINT('NONE',#9361);
#9361=CARTESIAN_POINT('',(12.575637823,-8.19695314,0.001));
#9362=LINE('',#9363,#9364);
#9363=CARTESIAN_POINT('',(12.575637823,-8.19695314,0.001));
#9364=VECTOR('',#9365,1.0);
#9365=DIRECTION('',(0.0,0.0,-1.0));
#9366=ORIENTED_EDGE('',*,*,#9367,.T.);
#9367=EDGE_CURVE('NONE',#9360,#9328,#9368,.F.);
#9368=B_SPLINE_CURVE_WITH_KNOTS('',3,(#9369,#9370,#9371,#9372),.UNSPECIFIED.,.F.,.U.,(4,4),(0.4,0.466666667),.PIECEWISE_BEZIER_KNOTS.);
#9369=CARTESIAN_POINT('',(12.582313991,-8.168579426,0.001));
#9370=CARTESIAN_POINT('',(12.582313991,-8.179636829,0.001));
#9371=CARTESIAN_POINT('',(12.583357142,-8.189651081,0.001));
#9372=CARTESIAN_POINT('',(12.575637823,-8.19695314,0.001));
#9373=ORIENTED_EDGE('',*,*,#9327,.F.);
#9374=B_SPLINE_SURFACE_WITH_KNOTS('',3,1,((#9375,#9376),(#9377,#9378),(#9379,#9380),(#9381,#9382)),.UNSPECIFIED.,.F.,.F.,.U.,(4,4),(2,2),(0.4,0.466666667),(0.0,1.0),.PIECEWISE_BEZIER_KNOTS.);
#9375=CARTESIAN_POINT('',(12.582313991,-8.168579426,0.001));
#9376=CARTESIAN_POINT('',(12.582313991,-8.168579426,0.0));
#9377=CARTESIAN_POINT('',(12.582313991,-8.179636829,0.001));
#9378=CARTESIAN_POINT('',(12.582313991,-8.179636829,0.0));
#9379=CARTESIAN_POINT('',(12.583357142,-8.189651081,0.001));
#9380=CARTESIAN_POINT('',(12.583357142,-8.189651081,0.0));
#9381=CARTESIAN_POINT('',(12.575637823,-8.19695314,0.001));
#9382=CARTESIAN_POINT('',(12.575637823,-8.19695314,0.0));
#9383=ADVANCED_FACE('NONE',(#9384),#9411,.F.);
#9384=FACE_BOUND('NONE',#9385,.T.);
#9385=EDGE_LOOP('',(#9386,#9395,#9403,#9410));
#9386=ORIENTED_EDGE('',*,*,#9387,.T.);
#9387=EDGE_CURVE('NONE',#9351,#9388,#9390,.T.);
#9388=VERTEX_POINT('NONE',#9389);
#9389=CARTESIAN_POINT('',(12.544969175,-8.205506981,0.0));
#9390=B_SPLINE_CURVE_WITH_KNOTS('',3,(#9391,#9392,#9393,#9394),.UNSPECIFIED.,.F.,.U.,(4,4),(0.466666667,0.533333333),.PIECEWISE_BEZIER_KNOTS.);
#9391=CARTESIAN_POINT('',(12.575637823,-8.19695314,0.0));
#9392=CARTESIAN_POINT('',(12.568961655,-8.203003418,0.0));
#9393=CARTESIAN_POINT('',(12.558321512,-8.205506981,0.0));
#9394=CARTESIAN_POINT('',(12.544969175,-8.205506981,0.0));
#9395=ORIENTED_EDGE('',*,*,#9396,.T.);
#9396=EDGE_CURVE('NONE',#9388,#9397,#9399,.F.);
#9397=VERTEX_POINT('NONE',#9398);
#9398=CARTESIAN_POINT('',(12.544969175,-8.205506981,0.001));
#9399=LINE('',#9400,#9401);
#9400=CARTESIAN_POINT('',(12.544969175,-8.205506981,0.001));
#9401=VECTOR('',#9402,1.0);
#9402=DIRECTION('',(0.0,0.0,-1.0));
#9403=ORIENTED_EDGE('',*,*,#9404,.T.);
#9404=EDGE_CURVE('NONE',#9397,#9360,#9405,.F.);
#9405=B_SPLINE_CURVE_WITH_KNOTS('',3,(#9406,#9407,#9408,#9409),.UNSPECIFIED.,.F.,.U.,(4,4),(0.466666667,0.533333333),.PIECEWISE_BEZIER_KNOTS.);
#9406=CARTESIAN_POINT('',(12.575637823,-8.19695314,0.001));
#9407=CARTESIAN_POINT('',(12.568961655,-8.203003418,0.001));
#9408=CARTESIAN_POINT('',(12.558321512,-8.205506981,0.001));
#9409=CARTESIAN_POINT('',(12.544969175,-8.205506981,0.001));
#9410=ORIENTED_EDGE('',*,*,#9359,.F.);
#9411=B_SPLINE_SURFACE_WITH_KNOTS('',3,1,((#9412,#9413),(#9414,#9415),(#9416,#9417),(#9418,#9419)),.UNSPECIFIED.,.F.,.F.,.U.,(4,4),(2,2),(0.466666667,0.533333333),(0.0,1.0),.PIECEWISE_BEZIER_KNOTS.);
#9412=CARTESIAN_POINT('',(12.575637823,-8.19695314,0.001));
#9413=CARTESIAN_POINT('',(12.575637823,-8.19695314,0.0));
#9414=CARTESIAN_POINT('',(12.568961655,-8.203003418,0.001));
#9415=CARTESIAN_POINT('',(12.568961655,-8.203003418,0.0));
#9416=CARTESIAN_POINT('',(12.558321512,-8.205506981,0.001));
#9417=CARTESIAN_POINT('',(12.558321512,-8.205506981,0.0));
#9418=CARTESIAN_POINT('',(12.544969175,-8.205506981,0.001));
#9419=CARTESIAN_POINT('',(12.544969175,-8.205506981,0.0));
#9420=ADVANCED_FACE('NONE',(#9421),#9448,.F.);
#9421=FACE_BOUND('NONE',#9422,.T.);
#9422=EDGE_LOOP('',(#9423,#9432,#9440,#9447));
#9423=ORIENTED_EDGE('',*,*,#9424,.T.);
#9424=EDGE_CURVE('NONE',#9388,#9425,#9427,.T.);
#9425=VERTEX_POINT('NONE',#9426);
#9426=CARTESIAN_POINT('',(12.508041621,-8.167536275,0.0));
#9427=B_SPLINE_CURVE_WITH_KNOTS('',3,(#9428,#9429,#9430,#9431),.UNSPECIFIED.,.F.,.U.,(4,4),(0.533333333,0.6),.PIECEWISE_BEZIER_KNOTS.);
#9428=CARTESIAN_POINT('',(12.544969175,-8.205506981,0.0));
#9429=CARTESIAN_POINT('',(12.508667512,-8.20508972,0.0));
#9430=CARTESIAN_POINT('',(12.508041621,-8.186521628,0.0));
#9431=CARTESIAN_POINT('',(12.508041621,-8.167536275,0.0));
#9432=ORIENTED_EDGE('',*,*,#9433,.T.);
#9433=EDGE_CURVE('NONE',#9425,#9434,#9436,.F.);
#9434=VERTEX_POINT('NONE',#9435);
#9435=CARTESIAN_POINT('',(12.508041621,-8.167536275,0.001));
#9436=LINE('',#9437,#9438);
#9437=CARTESIAN_POINT('',(12.508041621,-8.167536275,0.001));
#9438=VECTOR('',#9439,1.0);
#9439=DIRECTION('',(0.0,0.0,-1.0));
#9440=ORIENTED_EDGE('',*,*,#9441,.T.);
#9441=EDGE_CURVE('NONE',#9434,#9397,#9442,.F.);
#9442=B_SPLINE_CURVE_WITH_KNOTS('',3,(#9443,#9444,#9445,#9446),.UNSPECIFIED.,.F.,.U.,(4,4),(0.533333333,0.6),.PIECEWISE_BEZIER_KNOTS.);
#9443=CARTESIAN_POINT('',(12.544969175,-8.205506981,0.001));
#9444=CARTESIAN_POINT('',(12.508667512,-8.20508972,0.001));
#9445=CARTESIAN_POINT('',(12.508041621,-8.186521628,0.001));
#9446=CARTESIAN_POINT('',(12.508041621,-8.167536275,0.001));
#9447=ORIENTED_EDGE('',*,*,#9396,.F.);
#9448=B_SPLINE_SURFACE_WITH_KNOTS('',3,1,((#9449,#9450),(#9451,#9452),(#9453,#9454),(#9455,#9456)),.UNSPECIFIED.,.F.,.F.,.U.,(4,4),(2,2),(0.533333333,0.6),(0.0,1.0),.PIECEWISE_BEZIER_KNOTS.);
#9449=CARTESIAN_POINT('',(12.544969175,-8.205506981,0.001));
#9450=CARTESIAN_POINT('',(12.544969175,-8.205506981,0.0));
#9451=CARTESIAN_POINT('',(12.508667512,-8.20508972,0.001));
#9452=CARTESIAN_POINT('',(12.508667512,-8.20508972,0.0));
#9453=CARTESIAN_POINT('',(12.508041621,-8.186521628,0.001));
#9454=CARTESIAN_POINT('',(12.508041621,-8.186521628,0.0));
#9455=CARTESIAN_POINT('',(12.508041621,-8.167536275,0.001));
#9456=CARTESIAN_POINT('',(12.508041621,-8.167536275,0.0));
#9457=ADVANCED_FACE('NONE',(#9458),#9485,.F.);
#9458=FACE_BOUND('NONE',#9459,.T.);
#9459=EDGE_LOOP('',(#9460,#9469,#9477,#9484));
#9460=ORIENTED_EDGE('',*,*,#9461,.T.);
#9461=EDGE_CURVE('NONE',#9425,#9462,#9464,.T.);
#9462=VERTEX_POINT('NONE',#9463);
#9463=CARTESIAN_POINT('',(12.507832991,-8.099940073,0.0));
#9464=B_SPLINE_CURVE_WITH_KNOTS('',3,(#9465,#9466,#9467,#9468),.UNSPECIFIED.,.F.,.U.,(4,4),(0.6,0.666666667),.PIECEWISE_BEZIER_KNOTS.);
#9465=CARTESIAN_POINT('',(12.508041621,-8.167536275,0.0));
#9466=CARTESIAN_POINT('',(12.508041621,-8.14750777,0.0));
#9467=CARTESIAN_POINT('',(12.509919293,-8.119134056,0.0));
#9468=CARTESIAN_POINT('',(12.507832991,-8.099940073,0.0));
#9469=ORIENTED_EDGE('',*,*,#9470,.T.);
#9470=EDGE_CURVE('NONE',#9462,#9471,#9473,.F.);
#9471=VERTEX_POINT('NONE',#9472);
#9472=CARTESIAN_POINT('',(12.507832991,-8.099940073,0.001));
#9473=LINE('',#9474,#9475);
#9474=CARTESIAN_POINT('',(12.507832991,-8.099940073,0.001));
#9475=VECTOR('',#9476,1.0);
#9476=DIRECTION('',(0.0,0.0,-1.0));
#9477=ORIENTED_EDGE('',*,*,#9478,.T.);
#9478=EDGE_CURVE('NONE',#9471,#9434,#9479,.F.);
#9479=B_SPLINE_CURVE_WITH_KNOTS('',3,(#9480,#9481,#9482,#9483),.UNSPECIFIED.,.F.,.U.,(4,4),(0.6,0.666666667),.PIECEWISE_BEZIER_KNOTS.);
#9480=CARTESIAN_POINT('',(12.508041621,-8.167536275,0.001));
#9481=CARTESIAN_POINT('',(12.508041621,-8.14750777,0.001));
#9482=CARTESIAN_POINT('',(12.509919293,-8.119134056,0.001));
#9483=CARTESIAN_POINT('',(12.507832991,-8.099940073,0.001));
#9484=ORIENTED_EDGE('',*,*,#9433,.F.);
#9485=B_SPLINE_SURFACE_WITH_KNOTS('',3,1,((#9486,#9487),(#9488,#9489),(#9490,#9491),(#9492,#9493)),.UNSPECIFIED.,.F.,.F.,.U.,(4,4),(2,2),(0.6,0.666666667),(0.0,1.0),.PIECEWISE_BEZIER_KNOTS.);
#9486=CARTESIAN_POINT('',(12.508041621,-8.167536275,0.001));
#9487=CARTESIAN_POINT('',(12.508041621,-8.167536275,0.0));
#9488=CARTESIAN_POINT('',(12.508041621,-8.14750777,0.001));
#9489=CARTESIAN_POINT('',(12.508041621,-8.14750777,0.0));
#9490=CARTESIAN_POINT('',(12.509919293,-8.119134056,0.001));
#9491=CARTESIAN_POINT('',(12.509919293,-8.119134056,0.0));
#9492=CARTESIAN_POINT('',(12.507832991,-8.099940073,0.001));
#9493=CARTESIAN_POINT('',(12.507832991,-8.099940073,0.0));
#9494=ADVANCED_FACE('NONE',(#9495),#9520,.F.);
#9495=FACE_BOUND('NONE',#9496,.T.);
#9496=EDGE_LOOP('',(#9497,#9505,#9513,#9519));
#9497=ORIENTED_EDGE('',*,*,#9498,.T.);
#9498=EDGE_CURVE('NONE',#9462,#9499,#9501,.T.);
#9499=VERTEX_POINT('NONE',#9500);
#9500=CARTESIAN_POINT('',(12.471531327,-8.099940073,0.0));
#9501=LINE('',#9502,#9503);
#9502=CARTESIAN_POINT('',(0.0,-8.099940073,0.0));
#9503=VECTOR('',#9504,1.0);
#9504=DIRECTION('',(-1.0,0.0,0.0));
#9505=ORIENTED_EDGE('',*,*,#9506,.T.);
#9506=EDGE_CURVE('NONE',#9499,#9507,#9509,.F.);
#9507=VERTEX_POINT('NONE',#9508);
#9508=CARTESIAN_POINT('',(12.471531327,-8.099940073,0.001));
#9509=LINE('',#9510,#9511);
#9510=CARTESIAN_POINT('',(12.471531327,-8.099940073,0.001));
#9511=VECTOR('',#9512,1.0);
#9512=DIRECTION('',(0.0,0.0,-1.0));
#9513=ORIENTED_EDGE('',*,*,#9514,.T.);
#9514=EDGE_CURVE('NONE',#9507,#9471,#9515,.F.);
#9515=LINE('',#9516,#9517);
#9516=CARTESIAN_POINT('',(0.0,-8.099940073,0.001));
#9517=VECTOR('',#9518,1.0);
#9518=DIRECTION('',(-1.0,0.0,0.0));
#9519=ORIENTED_EDGE('',*,*,#9470,.F.);
#9520=PLANE('',#9521);
#9521=AXIS2_PLACEMENT_3D('',#9522,#9523,#9524);
#9522=CARTESIAN_POINT('',(0.0,-8.099940073,0.001));
#9523=DIRECTION('',(0.0,-1.0,0.0));
#9524=DIRECTION('',(0.0,0.0,-1.0));
#9525=ADVANCED_FACE('NONE',(#9526),#9544,.F.);
#9526=FACE_BOUND('NONE',#9527,.T.);
#9527=EDGE_LOOP('',(#9528,#9535,#9536,#9543));
#9528=ORIENTED_EDGE('',*,*,#9529,.T.);
#9529=EDGE_CURVE('NONE',#9499,#9064,#9530,.T.);
#9530=B_SPLINE_CURVE_WITH_KNOTS('',3,(#9531,#9532,#9533,#9534),.UNSPECIFIED.,.F.,.U.,(4,4),(0.733333333,0.8),.PIECEWISE_BEZIER_KNOTS.);
#9531=CARTESIAN_POINT('',(12.471531327,-8.099940073,0.0));
#9532=CARTESIAN_POINT('',(12.470488175,-8.112457888,0.0));
#9533=CARTESIAN_POINT('',(12.471322696,-8.167953535,0.0));
#9534=CARTESIAN_POINT('',(12.471322696,-8.184852586,0.0));
#9535=ORIENTED_EDGE('',*,*,#9091,.F.);
#9536=ORIENTED_EDGE('',*,*,#9537,.T.);
#9537=EDGE_CURVE('NONE',#9083,#9507,#9538,.F.);
#9538=B_SPLINE_CURVE_WITH_KNOTS('',3,(#9539,#9540,#9541,#9542),.UNSPECIFIED.,.F.,.U.,(4,4),(0.733333333,0.8),.PIECEWISE_BEZIER_KNOTS.);
#9539=CARTESIAN_POINT('',(12.471531327,-8.099940073,0.001));
#9540=CARTESIAN_POINT('',(12.470488175,-8.112457888,0.001));
#9541=CARTESIAN_POINT('',(12.471322696,-8.167953535,0.001));
#9542=CARTESIAN_POINT('',(12.471322696,-8.184852586,0.001));
#9543=ORIENTED_EDGE('',*,*,#9506,.F.);
#9544=B_SPLINE_SURFACE_WITH_KNOTS('',3,1,((#9545,#9546),(#9547,#9548),(#9549,#9550),(#9551,#9552)),.UNSPECIFIED.,.F.,.F.,.U.,(4,4),(2,2),(0.733333333,0.8),(0.0,1.0),.PIECEWISE_BEZIER_KNOTS.);
#9545=CARTESIAN_POINT('',(12.471531327,-8.099940073,0.001));
#9546=CARTESIAN_POINT('',(12.471531327,-8.099940073,0.0));
#9547=CARTESIAN_POINT('',(12.470488175,-8.112457888,0.001));
#9548=CARTESIAN_POINT('',(12.470488175,-8.112457888,0.0));
#9549=CARTESIAN_POINT('',(12.471322696,-8.167953535,0.001));
#9550=CARTESIAN_POINT('',(12.471322696,-8.167953535,0.0));
#9551=CARTESIAN_POINT('',(12.471322696,-8.184852586,0.001));
#9552=CARTESIAN_POINT('',(12.471322696,-8.184852586,0.0));
#9553=ADVANCED_FACE('NONE',(#9554),#9570,.T.);
#9554=FACE_BOUND('NONE',#9555,.T.);
#9555=EDGE_LOOP('',(#9556,#9557,#9558,#9559,#9560,#9561,#9562,#9563,#9564,#9565,#9566,#9567,#9568,#9569));
#9556=ORIENTED_EDGE('',*,*,#9082,.F.);
#9557=ORIENTED_EDGE('',*,*,#9126,.F.);
#9558=ORIENTED_EDGE('',*,*,#9162,.F.);
#9559=ORIENTED_EDGE('',*,*,#9194,.F.);
#9560=ORIENTED_EDGE('',*,*,#9231,.F.);
#9561=ORIENTED_EDGE('',*,*,#9268,.F.);
#9562=ORIENTED_EDGE('',*,*,#9304,.F.);
#9563=ORIENTED_EDGE('',*,*,#9335,.F.);
#9564=ORIENTED_EDGE('',*,*,#9367,.F.);
#9565=ORIENTED_EDGE('',*,*,#9404,.F.);
#9566=ORIENTED_EDGE('',*,*,#9441,.F.);
#9567=ORIENTED_EDGE('',*,*,#9478,.F.);
#9568=ORIENTED_EDGE('',*,*,#9514,.F.);
#9569=ORIENTED_EDGE('',*,*,#9537,.F.);
#9570=PLANE('',#9571);
#9571=AXIS2_PLACEMENT_3D('',#9572,#9573,#9574);
#9572=CARTESIAN_POINT('',(0.0,0.0,0.001));
#9573=DIRECTION('',(0.0,0.0,1.0));
#9574=DIRECTION('',(1.0,0.0,0.0));
#9575=ADVANCED_FACE('NONE',(#9576),#9592,.F.);
#9576=FACE_BOUND('NONE',#9577,.T.);
#9577=EDGE_LOOP('',(#9578,#9579,#9580,#9581,#9582,#9583,#9584,#9585,#9586,#9587,#9588,#9589,#9590,#9591));
#9578=ORIENTED_EDGE('',*,*,#9063,.F.);
#9579=ORIENTED_EDGE('',*,*,#9529,.F.);
#9580=ORIENTED_EDGE('',*,*,#9498,.F.);
#9581=ORIENTED_EDGE('',*,*,#9461,.F.);
#9582=ORIENTED_EDGE('',*,*,#9424,.F.);
#9583=ORIENTED_EDGE('',*,*,#9387,.F.);
#9584=ORIENTED_EDGE('',*,*,#9350,.F.);
#9585=ORIENTED_EDGE('',*,*,#9319,.F.);
#9586=ORIENTED_EDGE('',*,*,#9288,.F.);
#9587=ORIENTED_EDGE('',*,*,#9251,.F.);
#9588=ORIENTED_EDGE('',*,*,#9214,.F.);
#9589=ORIENTED_EDGE('',*,*,#9177,.F.);
#9590=ORIENTED_EDGE('',*,*,#9146,.F.);
#9591=ORIENTED_EDGE('',*,*,#9109,.F.);
#9592=PLANE('',#9593);
#9593=AXIS2_PLACEMENT_3D('',#9594,#9595,#9596);
#9594=CARTESIAN_POINT('',(0.0,0.0,0.0));
#9595=DIRECTION('',(0.0,0.0,1.0));
#9596=DIRECTION('',(1.0,0.0,0.0));
#9597=MANIFOLD_SOLID_BREP('Boss-Extrude1[14]',#9598);
#9598=CLOSED_SHELL('NONE',(#9599,#9645,#9682,#9713,#9750,#9787,#9824,#9855,#9892,#9929,#9966,#9994,#10013));
#9599=ADVANCED_FACE('NONE',(#9600),#9636,.F.);
#9600=FACE_BOUND('NONE',#9601,.T.);
#9601=EDGE_LOOP('',(#9602,#9613,#9621,#9630));
#9602=ORIENTED_EDGE('',*,*,#9603,.T.);
#9603=EDGE_CURVE('NONE',#9604,#9606,#9608,.T.);
#9604=VERTEX_POINT('NONE',#9605);
#9605=CARTESIAN_POINT('',(12.704988579,-8.218650686,0.0));
#9606=VERTEX_POINT('NONE',#9607);
#9607=CARTESIAN_POINT('',(12.751304495,-8.223449182,0.0));
#9608=B_SPLINE_CURVE_WITH_KNOTS('',3,(#9609,#9610,#9611,#9612),.UNSPECIFIED.,.F.,.U.,(4,4),(0.666666667,0.75),.PIECEWISE_BEZIER_KNOTS.);
#9609=CARTESIAN_POINT('',(12.704988579,-8.218650686,0.0));
#9610=CARTESIAN_POINT('',(12.719801327,-8.224075073,0.0));
#9611=CARTESIAN_POINT('',(12.734405445,-8.223449182,0.0));
#9612=CARTESIAN_POINT('',(12.751304495,-8.223449182,0.0));
#9613=ORIENTED_EDGE('',*,*,#9614,.T.);
#9614=EDGE_CURVE('NONE',#9606,#9615,#9617,.F.);
#9615=VERTEX_POINT('NONE',#9616);
#9616=CARTESIAN_POINT('',(12.751304495,-8.223449182,0.001));
#9617=LINE('',#9618,#9619);
#9618=CARTESIAN_POINT('',(12.751304495,-8.223449182,0.001));
#9619=VECTOR('',#9620,1.0);
#9620=DIRECTION('',(0.0,0.0,-1.0));
#9621=ORIENTED_EDGE('',*,*,#9622,.T.);
#9622=EDGE_CURVE('NONE',#9615,#9623,#9625,.F.);
#9623=VERTEX_POINT('NONE',#9624);
#9624=CARTESIAN_POINT('',(12.704988579,-8.218650686,0.001));
#9625=B_SPLINE_CURVE_WITH_KNOTS('',3,(#9626,#9627,#9628,#9629),.UNSPECIFIED.,.F.,.U.,(4,4),(0.666666667,0.75),.PIECEWISE_BEZIER_KNOTS.);
#9626=CARTESIAN_POINT('',(12.704988579,-8.218650686,0.001));
#9627=CARTESIAN_POINT('',(12.719801327,-8.224075073,0.001));
#9628=CARTESIAN_POINT('',(12.734405445,-8.223449182,0.001));
#9629=CARTESIAN_POINT('',(12.751304495,-8.223449182,0.001));
#9630=ORIENTED_EDGE('',*,*,#9631,.T.);
#9631=EDGE_CURVE('NONE',#9623,#9604,#9632,.T.);
#9632=LINE('',#9633,#9634);
#9633=CARTESIAN_POINT('',(12.704988579,-8.218650686,0.001));
#9634=VECTOR('',#9635,1.0);
#9635=DIRECTION('',(0.0,0.0,-1.0));
#9636=B_SPLINE_SURFACE_WITH_KNOTS('',3,1,((#9637,#9638),(#9639,#9640),(#9641,#9642),(#9643,#9644)),.UNSPECIFIED.,.F.,.F.,.U.,(4,4),(2,2),(0.666666667,0.75),(0.0,1.0),.PIECEWISE_BEZIER_KNOTS.);
#9637=CARTESIAN_POINT('',(12.704988579,-8.218650686,0.001));
#9638=CARTESIAN_POINT('',(12.704988579,-8.218650686,0.0));
#9639=CARTESIAN_POINT('',(12.719801327,-8.224075073,0.001));
#9640=CARTESIAN_POINT('',(12.719801327,-8.224075073,0.0));
#9641=CARTESIAN_POINT('',(12.734405445,-8.223449182,0.001));
#9642=CARTESIAN_POINT('',(12.734405445,-8.223449182,0.0));
#9643=CARTESIAN_POINT('',(12.751304495,-8.223449182,0.001));
#9644=CARTESIAN_POINT('',(12.751304495,-8.223449182,0.0));
#9645=ADVANCED_FACE('NONE',(#9646),#9673,.F.);
#9646=FACE_BOUND('NONE',#9647,.T.);
#9647=EDGE_LOOP('',(#9648,#9657,#9665,#9672));
#9648=ORIENTED_EDGE('',*,*,#9649,.T.);
#9649=EDGE_CURVE('NONE',#9606,#9650,#9652,.T.);
#9650=VERTEX_POINT('NONE',#9651);
#9651=CARTESIAN_POINT('',(12.801793016,-8.223031922,0.0));
#9652=B_SPLINE_CURVE_WITH_KNOTS('',3,(#9653,#9654,#9655,#9656),.UNSPECIFIED.,.F.,.U.,(4,4),(0.75,0.833333333),.PIECEWISE_BEZIER_KNOTS.);
#9653=CARTESIAN_POINT('',(12.751304495,-8.223449182,0.0));
#9654=CARTESIAN_POINT('',(12.765908613,-8.223449182,0.0));
#9655=CARTESIAN_POINT('',(12.78823205,-8.224492334,0.0));
#9656=CARTESIAN_POINT('',(12.801793016,-8.223031922,0.0));
#9657=ORIENTED_EDGE('',*,*,#9658,.T.);
#9658=EDGE_CURVE('NONE',#9650,#9659,#9661,.F.);
#9659=VERTEX_POINT('NONE',#9660);
#9660=CARTESIAN_POINT('',(12.801793016,-8.223031922,0.001));
#9661=LINE('',#9662,#9663);
#9662=CARTESIAN_POINT('',(12.801793016,-8.223031922,0.001));
#9663=VECTOR('',#9664,1.0);
#9664=DIRECTION('',(0.0,0.0,-1.0));
#9665=ORIENTED_EDGE('',*,*,#9666,.T.);
#9666=EDGE_CURVE('NONE',#9659,#9615,#9667,.F.);
#9667=B_SPLINE_CURVE_WITH_KNOTS('',3,(#9668,#9669,#9670,#9671),.UNSPECIFIED.,.F.,.U.,(4,4),(0.75,0.833333333),.PIECEWISE_BEZIER_KNOTS.);
#9668=CARTESIAN_POINT('',(12.751304495,-8.223449182,0.001));
#9669=CARTESIAN_POINT('',(12.765908613,-8.223449182,0.001));
#9670=CARTESIAN_POINT('',(12.78823205,-8.224492334,0.001));
#9671=CARTESIAN_POINT('',(12.801793016,-8.223031922,0.001));
#9672=ORIENTED_EDGE('',*,*,#9614,.F.);
#9673=B_SPLINE_SURFACE_WITH_KNOTS('',3,1,((#9674,#9675),(#9676,#9677),(#9678,#9679),(#9680,#9681)),.UNSPECIFIED.,.F.,.F.,.U.,(4,4),(2,2),(0.75,0.833333333),(0.0,1.0),.PIECEWISE_BEZIER_KNOTS.);
#9674=CARTESIAN_POINT('',(12.751304495,-8.223449182,0.001));
#9675=CARTESIAN_POINT('',(12.751304495,-8.223449182,0.0));
#9676=CARTESIAN_POINT('',(12.765908613,-8.223449182,0.001));
#9677=CARTESIAN_POINT('',(12.765908613,-8.223449182,0.0));
#9678=CARTESIAN_POINT('',(12.78823205,-8.224492334,0.001));
#9679=CARTESIAN_POINT('',(12.78823205,-8.224492334,0.0));
#9680=CARTESIAN_POINT('',(12.801793016,-8.223031922,0.001));
#9681=CARTESIAN_POINT('',(12.801793016,-8.223031922,0.0));
#9682=ADVANCED_FACE('NONE',(#9683),#9708,.F.);
#9683=FACE_BOUND('NONE',#9684,.T.);
#9684=EDGE_LOOP('',(#9685,#9693,#9701,#9707));
#9685=ORIENTED_EDGE('',*,*,#9686,.T.);
#9686=EDGE_CURVE('NONE',#9650,#9687,#9689,.T.);
#9687=VERTEX_POINT('NONE',#9688);
#9688=CARTESIAN_POINT('',(12.801793016,-8.201334376,0.0));
#9689=LINE('',#9690,#9691);
#9690=CARTESIAN_POINT('',(12.801793016,0.0,0.0));
#9691=VECTOR('',#9692,1.0);
#9692=DIRECTION('',(0.0,1.0,0.0));
#9693=ORIENTED_EDGE('',*,*,#9694,.T.);
#9694=EDGE_CURVE('NONE',#9687,#9695,#9697,.F.);
#9695=VERTEX_POINT('NONE',#9696);
#9696=CARTESIAN_POINT('',(12.801793016,-8.201334376,0.001));
#9697=LINE('',#9698,#9699);
#9698=CARTESIAN_POINT('',(12.801793016,-8.201334376,0.001));
#9699=VECTOR('',#9700,1.0);
#9700=DIRECTION('',(0.0,0.0,-1.0));
#9701=ORIENTED_EDGE('',*,*,#9702,.T.);
#9702=EDGE_CURVE('NONE',#9695,#9659,#9703,.F.);
#9703=LINE('',#9704,#9705);
#9704=CARTESIAN_POINT('',(12.801793016,0.0,0.001));
#9705=VECTOR('',#9706,1.0);
#9706=DIRECTION('',(0.0,1.0,0.0));
#9707=ORIENTED_EDGE('',*,*,#9658,.F.);
#9708=PLANE('',#9709);
#9709=AXIS2_PLACEMENT_3D('',#9710,#9711,#9712);
#9710=CARTESIAN_POINT('',(12.801793016,0.0,0.001));
#9711=DIRECTION('',(-1.0,0.0,0.0));
#9712=DIRECTION('',(0.0,0.0,1.0));
#9713=ADVANCED_FACE('NONE',(#9714),#9741,.F.);
#9714=FACE_BOUND('NONE',#9715,.T.);
#9715=EDGE_LOOP('',(#9716,#9725,#9733,#9740));
#9716=ORIENTED_EDGE('',*,*,#9717,.T.);
#9717=EDGE_CURVE('NONE',#9687,#9718,#9720,.T.);
#9718=VERTEX_POINT('NONE',#9719);
#9719=CARTESIAN_POINT('',(12.710412966,-8.160860107,0.0));
#9720=B_SPLINE_CURVE_WITH_KNOTS('',3,(#9721,#9722,#9723,#9724),.UNSPECIFIED.,.F.,.U.,(4,4),(0.0,0.083333333),.PIECEWISE_BEZIER_KNOTS.);
#9721=CARTESIAN_POINT('',(12.801793016,-8.201334376,0.0));
#9722=CARTESIAN_POINT('',(12.751513125,-8.19716177,0.0));
#9723=CARTESIAN_POINT('',(12.709995705,-8.215729863,0.0));
#9724=CARTESIAN_POINT('',(12.710412966,-8.160860107,0.0));
#9725=ORIENTED_EDGE('',*,*,#9726,.T.);
#9726=EDGE_CURVE('NONE',#9718,#9727,#9729,.F.);
#9727=VERTEX_POINT('NONE',#9728);
#9728=CARTESIAN_POINT('',(12.710412966,-8.160860107,0.001));
#9729=LINE('',#9730,#9731);
#9730=CARTESIAN_POINT('',(12.710412966,-8.160860107,0.001));
#9731=VECTOR('',#9732,1.0);
#9732=DIRECTION('',(0.0,0.0,-1.0));
#9733=ORIENTED_EDGE('',*,*,#9734,.T.);
#9734=EDGE_CURVE('NONE',#9727,#9695,#9735,.F.);
#9735=B_SPLINE_CURVE_WITH_KNOTS('',3,(#9736,#9737,#9738,#9739),.UNSPECIFIED.,.F.,.U.,(4,4),(0.0,0.083333333),.PIECEWISE_BEZIER_KNOTS.);
#9736=CARTESIAN_POINT('',(12.801793016,-8.201334376,0.001));
#9737=CARTESIAN_POINT('',(12.751513125,-8.19716177,0.001));
#9738=CARTESIAN_POINT('',(12.709995705,-8.215729863,0.001));
#9739=CARTESIAN_POINT('',(12.710412966,-8.160860107,0.001));
#9740=ORIENTED_EDGE('',*,*,#9694,.F.);
#9741=B_SPLINE_SURFACE_WITH_KNOTS('',3,1,((#9742,#9743),(#9744,#9745),(#9746,#9747),(#9748,#9749)),.UNSPECIFIED.,.F.,.F.,.U.,(4,4),(2,2),(0.0,0.083333333),(0.0,1.0),.PIECEWISE_BEZIER_KNOTS.);
#9742=CARTESIAN_POINT('',(12.801793016,-8.201334376,0.001));
#9743=CARTESIAN_POINT('',(12.801793016,-8.201334376,0.0));
#9744=CARTESIAN_POINT('',(12.751513125,-8.19716177,0.001));
#9745=CARTESIAN_POINT('',(12.751513125,-8.19716177,0.0));
#9746=CARTESIAN_POINT('',(12.709995705,-8.215729863,0.001));
#9747=CARTESIAN_POINT('',(12.709995705,-8.215729863,0.0));
#9748=CARTESIAN_POINT('',(12.710412966,-8.160860107,0.001));
#9749=CARTESIAN_POINT('',(12.710412966,-8.160860107,0.0));
#9750=ADVANCED_FACE('NONE',(#9751),#9778,.F.);
#9751=FACE_BOUND('NONE',#9752,.T.);
#9752=EDGE_LOOP('',(#9753,#9762,#9770,#9777));
#9753=ORIENTED_EDGE('',*,*,#9754,.T.);
#9754=EDGE_CURVE('NONE',#9718,#9755,#9757,.T.);
#9755=VERTEX_POINT('NONE',#9756);
#9756=CARTESIAN_POINT('',(12.733570924,-8.12226351,-1.694065895E-18));
#9757=B_SPLINE_CURVE_WITH_KNOTS('',3,(#9758,#9759,#9760,#9761),.UNSPECIFIED.,.F.,.U.,(4,4),(0.083333333,0.166666667),.PIECEWISE_BEZIER_KNOTS.);
#9758=CARTESIAN_POINT('',(12.710412966,-8.160860107,0.0));
#9759=CARTESIAN_POINT('',(12.710412966,-8.142917905,-1.694065895E-18));
#9760=CARTESIAN_POINT('',(12.716254613,-8.127062006,-1.694065895E-18));
#9761=CARTESIAN_POINT('',(12.733570924,-8.12226351,-1.694065895E-18));
#9762=ORIENTED_EDGE('',*,*,#9763,.T.);
#9763=EDGE_CURVE('NONE',#9755,#9764,#9766,.F.);
#9764=VERTEX_POINT('NONE',#9765);
#9765=CARTESIAN_POINT('',(12.733570924,-8.12226351,10.0E-04));
#9766=LINE('',#9767,#9768);
#9767=CARTESIAN_POINT('',(12.733570924,-8.12226351,10.0E-04));
#9768=VECTOR('',#9769,1.0);
#9769=DIRECTION('',(0.0,0.0,-1.0));
#9770=ORIENTED_EDGE('',*,*,#9771,.T.);
#9771=EDGE_CURVE('NONE',#9764,#9727,#9772,.F.);
#9772=B_SPLINE_CURVE_WITH_KNOTS('',3,(#9773,#9774,#9775,#9776),.UNSPECIFIED.,.F.,.U.,(4,4),(0.083333333,0.166666667),.PIECEWISE_BEZIER_KNOTS.);
#9773=CARTESIAN_POINT('',(12.710412966,-8.160860107,0.001));
#9774=CARTESIAN_POINT('',(12.710412966,-8.142917905,10.0E-04));
#9775=CARTESIAN_POINT('',(12.716254613,-8.127062006,10.0E-04));
#9776=CARTESIAN_POINT('',(12.733570924,-8.12226351,10.0E-04));
#9777=ORIENTED_EDGE('',*,*,#9726,.F.);
#9778=B_SPLINE_SURFACE_WITH_KNOTS('',3,1,((#9779,#9780),(#9781,#9782),(#9783,#9784),(#9785,#9786)),.UNSPECIFIED.,.F.,.F.,.U.,(4,4),(2,2),(0.083333333,0.166666667),(0.0,1.0),.PIECEWISE_BEZIER_KNOTS.);
#9779=CARTESIAN_POINT('',(12.710412966,-8.160860107,10.0E-04));
#9780=CARTESIAN_POINT('',(12.710412966,-8.160860107,0.0));
#9781=CARTESIAN_POINT('',(12.710412966,-8.142917905,10.0E-04));
#9782=CARTESIAN_POINT('',(12.710412966,-8.142917905,0.0));
#9783=CARTESIAN_POINT('',(12.716254613,-8.127062006,10.0E-04));
#9784=CARTESIAN_POINT('',(12.716254613,-8.127062006,0.0));
#9785=CARTESIAN_POINT('',(12.733570924,-8.12226351,10.0E-04));
#9786=CARTESIAN_POINT('',(12.733570924,-8.12226351,0.0));
#9787=ADVANCED_FACE('NONE',(#9788),#9815,.F.);
#9788=FACE_BOUND('NONE',#9789,.T.);
#9789=EDGE_LOOP('',(#9790,#9799,#9807,#9814));
#9790=ORIENTED_EDGE('',*,*,#9791,.T.);
#9791=EDGE_CURVE('NONE',#9755,#9792,#9794,.T.);
#9792=VERTEX_POINT('NONE',#9793);
#9793=CARTESIAN_POINT('',(12.801793016,-8.120385838,0.0));
#9794=B_SPLINE_CURVE_WITH_KNOTS('',3,(#9795,#9796,#9797,#9798),.UNSPECIFIED.,.F.,.U.,(4,4),(0.166666667,0.25),.PIECEWISE_BEZIER_KNOTS.);
#9795=CARTESIAN_POINT('',(12.733570924,-8.12226351,-1.694065895E-18));
#9796=CARTESIAN_POINT('',(12.747549151,-8.118299535,1.694065895E-18));
#9797=CARTESIAN_POINT('',(12.784268075,-8.121846249,1.694065895E-18));
#9798=CARTESIAN_POINT('',(12.801793016,-8.120385838,0.0));
#9799=ORIENTED_EDGE('',*,*,#9800,.T.);
#9800=EDGE_CURVE('NONE',#9792,#9801,#9803,.F.);
#9801=VERTEX_POINT('NONE',#9802);
#9802=CARTESIAN_POINT('',(12.801793016,-8.120385838,0.001));
#9803=LINE('',#9804,#9805);
#9804=CARTESIAN_POINT('',(12.801793016,-8.120385838,0.001));
#9805=VECTOR('',#9806,1.0);
#9806=DIRECTION('',(0.0,0.0,-1.0));
#9807=ORIENTED_EDGE('',*,*,#9808,.T.);
#9808=EDGE_CURVE('NONE',#9801,#9764,#9809,.F.);
#9809=B_SPLINE_CURVE_WITH_KNOTS('',3,(#9810,#9811,#9812,#9813),.UNSPECIFIED.,.F.,.U.,(4,4),(0.166666667,0.25),.PIECEWISE_BEZIER_KNOTS.);
#9810=CARTESIAN_POINT('',(12.733570924,-8.12226351,10.0E-04));
#9811=CARTESIAN_POINT('',(12.747549151,-8.118299535,0.001));
#9812=CARTESIAN_POINT('',(12.784268075,-8.121846249,0.001));
#9813=CARTESIAN_POINT('',(12.801793016,-8.120385838,0.001));
#9814=ORIENTED_EDGE('',*,*,#9763,.F.);
#9815=B_SPLINE_SURFACE_WITH_KNOTS('',3,1,((#9816,#9817),(#9818,#9819),(#9820,#9821),(#9822,#9823)),.UNSPECIFIED.,.F.,.F.,.U.,(4,4),(2,2),(0.166666667,0.25),(0.0,1.0),.PIECEWISE_BEZIER_KNOTS.);
#9816=CARTESIAN_POINT('',(12.733570924,-8.12226351,0.001));
#9817=CARTESIAN_POINT('',(12.733570924,-8.12226351,-1.694065895E-18));
#9818=CARTESIAN_POINT('',(12.747549151,-8.118299535,0.001));
#9819=CARTESIAN_POINT('',(12.747549151,-8.118299535,-1.694065895E-18));
#9820=CARTESIAN_POINT('',(12.784268075,-8.121846249,0.001));
#9821=CARTESIAN_POINT('',(12.784268075,-8.121846249,-1.694065895E-18));
#9822=CARTESIAN_POINT('',(12.801793016,-8.120385838,0.001));
#9823=CARTESIAN_POINT('',(12.801793016,-8.120385838,-1.694065895E-18));
#9824=ADVANCED_FACE('NONE',(#9825),#9850,.F.);
#9825=FACE_BOUND('NONE',#9826,.T.);
#9826=EDGE_LOOP('',(#9827,#9835,#9843,#9849));
#9827=ORIENTED_EDGE('',*,*,#9828,.T.);
#9828=EDGE_CURVE('NONE',#9792,#9829,#9831,.T.);
#9829=VERTEX_POINT('NONE',#9830);
#9830=CARTESIAN_POINT('',(12.801793016,-8.098896922,0.0));
#9831=LINE('',#9832,#9833);
#9832=CARTESIAN_POINT('',(12.801793016,0.0,0.0));
#9833=VECTOR('',#9834,1.0);
#9834=DIRECTION('',(0.0,1.0,0.0));
#9835=ORIENTED_EDGE('',*,*,#9836,.T.);
#9836=EDGE_CURVE('NONE',#9829,#9837,#9839,.F.);
#9837=VERTEX_POINT('NONE',#9838);
#9838=CARTESIAN_POINT('',(12.801793016,-8.098896922,0.001));
#9839=LINE('',#9840,#9841);
#9840=CARTESIAN_POINT('',(12.801793016,-8.098896922,0.001));
#9841=VECTOR('',#9842,1.0);
#9842=DIRECTION('',(0.0,0.0,-1.0));
#9843=ORIENTED_EDGE('',*,*,#9844,.T.);
#9844=EDGE_CURVE('NONE',#9837,#9801,#9845,.F.);
#9845=LINE('',#9846,#9847);
#9846=CARTESIAN_POINT('',(12.801793016,0.0,0.001));
#9847=VECTOR('',#9848,1.0);
#9848=DIRECTION('',(0.0,1.0,0.0));
#9849=ORIENTED_EDGE('',*,*,#9800,.F.);
#9850=PLANE('',#9851);
#9851=AXIS2_PLACEMENT_3D('',#9852,#9853,#9854);
#9852=CARTESIAN_POINT('',(12.801793016,0.0,0.001));
#9853=DIRECTION('',(-1.0,0.0,0.0));
#9854=DIRECTION('',(0.0,0.0,1.0));
#9855=ADVANCED_FACE('NONE',(#9856),#9883,.F.);
#9856=FACE_BOUND('NONE',#9857,.T.);
#9857=EDGE_LOOP('',(#9858,#9867,#9875,#9882));
#9858=ORIENTED_EDGE('',*,*,#9859,.T.);
#9859=EDGE_CURVE('NONE',#9829,#9860,#9862,.T.);
#9860=VERTEX_POINT('NONE',#9861);
#9861=CARTESIAN_POINT('',(12.750261344,-8.098688291,0.0));
#9862=B_SPLINE_CURVE_WITH_KNOTS('',3,(#9863,#9864,#9865,#9866),.UNSPECIFIED.,.F.,.U.,(4,4),(0.333333333,0.416666667),.PIECEWISE_BEZIER_KNOTS.);
#9863=CARTESIAN_POINT('',(12.801793016,-8.098896922,0.0));
#9864=CARTESIAN_POINT('',(12.786771638,-8.09764514,0.0));
#9865=CARTESIAN_POINT('',(12.765699983,-8.098688291,0.0));
#9866=CARTESIAN_POINT('',(12.750261344,-8.098688291,0.0));
#9867=ORIENTED_EDGE('',*,*,#9868,.T.);
#9868=EDGE_CURVE('NONE',#9860,#9869,#9871,.F.);
#9869=VERTEX_POINT('NONE',#9870);
#9870=CARTESIAN_POINT('',(12.750261344,-8.098688291,0.001));
#9871=LINE('',#9872,#9873);
#9872=CARTESIAN_POINT('',(12.750261344,-8.098688291,0.001));
#9873=VECTOR('',#9874,1.0);
#9874=DIRECTION('',(0.0,0.0,-1.0));
#9875=ORIENTED_EDGE('',*,*,#9876,.T.);
#9876=EDGE_CURVE('NONE',#9869,#9837,#9877,.F.);
#9877=B_SPLINE_CURVE_WITH_KNOTS('',3,(#9878,#9879,#9880,#9881),.UNSPECIFIED.,.F.,.U.,(4,4),(0.333333333,0.416666667),.PIECEWISE_BEZIER_KNOTS.);
#9878=CARTESIAN_POINT('',(12.801793016,-8.098896922,0.001));
#9879=CARTESIAN_POINT('',(12.786771638,-8.09764514,0.001));
#9880=CARTESIAN_POINT('',(12.765699983,-8.098688291,0.001));
#9881=CARTESIAN_POINT('',(12.750261344,-8.098688291,0.001));
#9882=ORIENTED_EDGE('',*,*,#9836,.F.);
#9883=B_SPLINE_SURFACE_WITH_KNOTS('',3,1,((#9884,#9885),(#9886,#9887),(#9888,#9889),(#9890,#9891)),.UNSPECIFIED.,.F.,.F.,.U.,(4,4),(2,2),(0.333333333,0.416666667),(0.0,1.0),.PIECEWISE_BEZIER_KNOTS.);
#9884=CARTESIAN_POINT('',(12.801793016,-8.098896922,0.001));
#9885=CARTESIAN_POINT('',(12.801793016,-8.098896922,0.0));
#9886=CARTESIAN_POINT('',(12.786771638,-8.09764514,0.001));
#9887=CARTESIAN_POINT('',(12.786771638,-8.09764514,0.0));
#9888=CARTESIAN_POINT('',(12.765699983,-8.098688291,0.001));
#9889=CARTESIAN_POINT('',(12.765699983,-8.098688291,0.0));
#9890=CARTESIAN_POINT('',(12.750261344,-8.098688291,0.001));
#9891=CARTESIAN_POINT('',(12.750261344,-8.098688291,0.0));
#9892=ADVANCED_FACE('NONE',(#9893),#9920,.F.);
#9893=FACE_BOUND('NONE',#9894,.T.);
#9894=EDGE_LOOP('',(#9895,#9904,#9912,#9919));
#9895=ORIENTED_EDGE('',*,*,#9896,.T.);
#9896=EDGE_CURVE('NONE',#9860,#9897,#9899,.T.);
#9897=VERTEX_POINT('NONE',#9898);
#9898=CARTESIAN_POINT('',(12.704571319,-8.103904048,0.0));
#9899=B_SPLINE_CURVE_WITH_KNOTS('',3,(#9900,#9901,#9902,#9903),.UNSPECIFIED.,.F.,.U.,(4,4),(0.416666667,0.5),.PIECEWISE_BEZIER_KNOTS.);
#9900=CARTESIAN_POINT('',(12.750261344,-8.098688291,0.0));
#9901=CARTESIAN_POINT('',(12.733362293,-8.098688291,0.0));
#9902=CARTESIAN_POINT('',(12.718758176,-8.098271031,0.0));
#9903=CARTESIAN_POINT('',(12.704571319,-8.103904048,0.0));
#9904=ORIENTED_EDGE('',*,*,#9905,.T.);
#9905=EDGE_CURVE('NONE',#9897,#9906,#9908,.F.);
#9906=VERTEX_POINT('NONE',#9907);
#9907=CARTESIAN_POINT('',(12.704571319,-8.103904048,0.001));
#9908=LINE('',#9909,#9910);
#9909=CARTESIAN_POINT('',(12.704571319,-8.103904048,0.001));
#9910=VECTOR('',#9911,1.0);
#9911=DIRECTION('',(0.0,0.0,-1.0));
#9912=ORIENTED_EDGE('',*,*,#9913,.T.);
#9913=EDGE_CURVE('NONE',#9906,#9869,#9914,.F.);
#9914=B_SPLINE_CURVE_WITH_KNOTS('',3,(#9915,#9916,#9917,#9918),.UNSPECIFIED.,.F.,.U.,(4,4),(0.416666667,0.5),.PIECEWISE_BEZIER_KNOTS.);
#9915=CARTESIAN_POINT('',(12.750261344,-8.098688291,0.001));
#9916=CARTESIAN_POINT('',(12.733362293,-8.098688291,0.001));
#9917=CARTESIAN_POINT('',(12.718758176,-8.098271031,0.001));
#9918=CARTESIAN_POINT('',(12.704571319,-8.103904048,0.001));
#9919=ORIENTED_EDGE('',*,*,#9868,.F.);
#9920=B_SPLINE_SURFACE_WITH_KNOTS('',3,1,((#9921,#9922),(#9923,#9924),(#9925,#9926),(#9927,#9928)),.UNSPECIFIED.,.F.,.F.,.U.,(4,4),(2,2),(0.416666667,0.5),(0.0,1.0),.PIECEWISE_BEZIER_KNOTS.);
#9921=CARTESIAN_POINT('',(12.750261344,-8.098688291,0.001));
#9922=CARTESIAN_POINT('',(12.750261344,-8.098688291,0.0));
#9923=CARTESIAN_POINT('',(12.733362293,-8.098688291,0.001));
#9924=CARTESIAN_POINT('',(12.733362293,-8.098688291,0.0));
#9925=CARTESIAN_POINT('',(12.718758176,-8.098271031,0.001));
#9926=CARTESIAN_POINT('',(12.718758176,-8.098271031,0.0));
#9927=CARTESIAN_POINT('',(12.704571319,-8.103904048,0.001));
#9928=CARTESIAN_POINT('',(12.704571319,-8.103904048,0.0));
#9929=ADVANCED_FACE('NONE',(#9930),#9957,.F.);
#9930=FACE_BOUND('NONE',#9931,.T.);
#9931=EDGE_LOOP('',(#9932,#9941,#9949,#9956));
#9932=ORIENTED_EDGE('',*,*,#9933,.T.);
#9933=EDGE_CURVE('NONE',#9897,#9934,#9936,.T.);
#9934=VERTEX_POINT('NONE',#9935);
#9935=CARTESIAN_POINT('',(12.670981848,-8.160860107,0.0));
#9936=B_SPLINE_CURVE_WITH_KNOTS('',3,(#9937,#9938,#9939,#9940),.UNSPECIFIED.,.F.,.U.,(4,4),(0.5,0.583333333),.PIECEWISE_BEZIER_KNOTS.);
#9937=CARTESIAN_POINT('',(12.704571319,-8.103904048,0.0));
#9938=CARTESIAN_POINT('',(12.68120473,-8.113292409,0.0));
#9939=CARTESIAN_POINT('',(12.670981848,-8.132486392,0.0));
#9940=CARTESIAN_POINT('',(12.670981848,-8.160860107,0.0));
#9941=ORIENTED_EDGE('',*,*,#9942,.T.);
#9942=EDGE_CURVE('NONE',#9934,#9943,#9945,.F.);
#9943=VERTEX_POINT('NONE',#9944);
#9944=CARTESIAN_POINT('',(12.670981848,-8.160860107,0.001));
#9945=LINE('',#9946,#9947);
#9946=CARTESIAN_POINT('',(12.670981848,-8.160860107,0.001));
#9947=VECTOR('',#9948,1.0);
#9948=DIRECTION('',(0.0,0.0,-1.0));
#9949=ORIENTED_EDGE('',*,*,#9950,.T.);
#9950=EDGE_CURVE('NONE',#9943,#9906,#9951,.F.);
#9951=B_SPLINE_CURVE_WITH_KNOTS('',3,(#9952,#9953,#9954,#9955),.UNSPECIFIED.,.F.,.U.,(4,4),(0.5,0.583333333),.PIECEWISE_BEZIER_KNOTS.);
#9952=CARTESIAN_POINT('',(12.704571319,-8.103904048,0.001));
#9953=CARTESIAN_POINT('',(12.68120473,-8.113292409,0.001));
#9954=CARTESIAN_POINT('',(12.670981848,-8.132486392,0.001));
#9955=CARTESIAN_POINT('',(12.670981848,-8.160860107,0.001));
#9956=ORIENTED_EDGE('',*,*,#9905,.F.);
#9957=B_SPLINE_SURFACE_WITH_KNOTS('',3,1,((#9958,#9959),(#9960,#9961),(#9962,#9963),(#9964,#9965)),.UNSPECIFIED.,.F.,.F.,.U.,(4,4),(2,2),(0.5,0.583333333),(0.0,1.0),.PIECEWISE_BEZIER_KNOTS.);
#9958=CARTESIAN_POINT('',(12.704571319,-8.103904048,0.001));
#9959=CARTESIAN_POINT('',(12.704571319,-8.103904048,0.0));
#9960=CARTESIAN_POINT('',(12.68120473,-8.113292409,0.001));
#9961=CARTESIAN_POINT('',(12.68120473,-8.113292409,0.0));
#9962=CARTESIAN_POINT('',(12.670981848,-8.132486392,0.001));
#9963=CARTESIAN_POINT('',(12.670981848,-8.132486392,0.0));
#9964=CARTESIAN_POINT('',(12.670981848,-8.160860107,0.001));
#9965=CARTESIAN_POINT('',(12.670981848,-8.160860107,0.0));
#9966=ADVANCED_FACE('NONE',(#9967),#9985,.F.);
#9967=FACE_BOUND('NONE',#9968,.T.);
#9968=EDGE_LOOP('',(#9969,#9976,#9977,#9984));
#9969=ORIENTED_EDGE('',*,*,#9970,.T.);
#9970=EDGE_CURVE('NONE',#9934,#9604,#9971,.T.);
#9971=B_SPLINE_CURVE_WITH_KNOTS('',3,(#9972,#9973,#9974,#9975),.UNSPECIFIED.,.F.,.U.,(4,4),(0.583333333,0.666666667),.PIECEWISE_BEZIER_KNOTS.);
#9972=CARTESIAN_POINT('',(12.670981848,-8.160860107,0.0));
#9973=CARTESIAN_POINT('',(12.670773218,-8.189651081,0.0));
#9974=CARTESIAN_POINT('',(12.680161579,-8.209470955,0.0));
#9975=CARTESIAN_POINT('',(12.704988579,-8.218650686,0.0));
#9976=ORIENTED_EDGE('',*,*,#9631,.F.);
#9977=ORIENTED_EDGE('',*,*,#9978,.T.);
#9978=EDGE_CURVE('NONE',#9623,#9943,#9979,.F.);
#9979=B_SPLINE_CURVE_WITH_KNOTS('',3,(#9980,#9981,#9982,#9983),.UNSPECIFIED.,.F.,.U.,(4,4),(0.583333333,0.666666667),.PIECEWISE_BEZIER_KNOTS.);
#9980=CARTESIAN_POINT('',(12.670981848,-8.160860107,0.001));
#9981=CARTESIAN_POINT('',(12.670773218,-8.189651081,0.001));
#9982=CARTESIAN_POINT('',(12.680161579,-8.209470955,0.001));
#9983=CARTESIAN_POINT('',(12.704988579,-8.218650686,0.001));
#9984=ORIENTED_EDGE('',*,*,#9942,.F.);
#9985=B_SPLINE_SURFACE_WITH_KNOTS('',3,1,((#9986,#9987),(#9988,#9989),(#9990,#9991),(#9992,#9993)),.UNSPECIFIED.,.F.,.F.,.U.,(4,4),(2,2),(0.583333333,0.666666667),(0.0,1.0),.PIECEWISE_BEZIER_KNOTS.);
#9986=CARTESIAN_POINT('',(12.670981848,-8.160860107,0.001));
#9987=CARTESIAN_POINT('',(12.670981848,-8.160860107,0.0));
#9988=CARTESIAN_POINT('',(12.670773218,-8.189651081,0.001));
#9989=CARTESIAN_POINT('',(12.670773218,-8.189651081,0.0));
#9990=CARTESIAN_POINT('',(12.680161579,-8.209470955,0.001));
#9991=CARTESIAN_POINT('',(12.680161579,-8.209470955,0.0));
#9992=CARTESIAN_POINT('',(12.704988579,-8.218650686,0.001));
#9993=CARTESIAN_POINT('',(12.704988579,-8.218650686,0.0));
#9994=ADVANCED_FACE('NONE',(#9995),#10008,.T.);
#9995=FACE_BOUND('NONE',#9996,.T.);
#9996=EDGE_LOOP('',(#9997,#9998,#9999,#10000,#10001,#10002,#10003,#10004,#10005,#10006,#10007));
#9997=ORIENTED_EDGE('',*,*,#9622,.F.);
#9998=ORIENTED_EDGE('',*,*,#9666,.F.);
#9999=ORIENTED_EDGE('',*,*,#9702,.F.);
#10000=ORIENTED_EDGE('',*,*,#9734,.F.);
#10001=ORIENTED_EDGE('',*,*,#9771,.F.);
#10002=ORIENTED_EDGE('',*,*,#9808,.F.);
#10003=ORIENTED_EDGE('',*,*,#9844,.F.);
#10004=ORIENTED_EDGE('',*,*,#9876,.F.);
#10005=ORIENTED_EDGE('',*,*,#9913,.F.);
#10006=ORIENTED_EDGE('',*,*,#9950,.F.);
#10007=ORIENTED_EDGE('',*,*,#9978,.F.);
#10008=PLANE('',#10009);
#10009=AXIS2_PLACEMENT_3D('',#10010,#10011,#10012);
#10010=CARTESIAN_POINT('',(0.0,0.0,0.001));
#10011=DIRECTION('',(0.0,0.0,1.0));
#10012=DIRECTION('',(1.0,0.0,0.0));
#10013=ADVANCED_FACE('NONE',(#10014),#10027,.F.);
#10014=FACE_BOUND('NONE',#10015,.T.);
#10015=EDGE_LOOP('',(#10016,#10017,#10018,#10019,#10020,#10021,#10022,#10023,#10024,#10025,#10026));
#10016=ORIENTED_EDGE('',*,*,#9603,.F.);
#10017=ORIENTED_EDGE('',*,*,#9970,.F.);
#10018=ORIENTED_EDGE('',*,*,#9933,.F.);
#10019=ORIENTED_EDGE('',*,*,#9896,.F.);
#10020=ORIENTED_EDGE('',*,*,#9859,.F.);
#10021=ORIENTED_EDGE('',*,*,#9828,.F.);
#10022=ORIENTED_EDGE('',*,*,#9791,.F.);
#10023=ORIENTED_EDGE('',*,*,#9754,.F.);
#10024=ORIENTED_EDGE('',*,*,#9717,.F.);
#10025=ORIENTED_EDGE('',*,*,#9686,.F.);
#10026=ORIENTED_EDGE('',*,*,#9649,.F.);
#10027=PLANE('',#10028);
#10028=AXIS2_PLACEMENT_3D('',#10029,#10030,#10031);
#10029=CARTESIAN_POINT('',(0.0,0.0,0.0));
#10030=DIRECTION('',(0.0,0.0,1.0));
#10031=DIRECTION('',(1.0,0.0,0.0));
#10032=MANIFOLD_SOLID_BREP('Boss-Extrude1[15]',#10033);
#10033=CLOSED_SHELL('NONE',(#10034,#10074,#10111,#10142,#10173,#10204,#10235,#10266,#10288,#10304));
#10034=ADVANCED_FACE('NONE',(#10035),#10069,.F.);
#10035=FACE_BOUND('NONE',#10036,.T.);
#10036=EDGE_LOOP('',(#10037,#10047,#10055,#10063));
#10037=ORIENTED_EDGE('',*,*,#10038,.T.);
#10038=EDGE_CURVE('NONE',#10039,#10041,#10043,.T.);
#10039=VERTEX_POINT('NONE',#10040);
#10040=CARTESIAN_POINT('',(12.940114874,-8.120385838,0.0));
#10041=VERTEX_POINT('NONE',#10042);
#10042=CARTESIAN_POINT('',(12.994776,-8.120385838,0.0));
#10043=LINE('',#10044,#10045);
#10044=CARTESIAN_POINT('',(0.0,-8.120385838,0.0));
#10045=VECTOR('',#10046,1.0);
#10046=DIRECTION('',(1.0,0.0,0.0));
#10047=ORIENTED_EDGE('',*,*,#10048,.T.);
#10048=EDGE_CURVE('NONE',#10041,#10049,#10051,.F.);
#10049=VERTEX_POINT('NONE',#10050);
#10050=CARTESIAN_POINT('',(12.994776,-8.120385838,0.001));
#10051=LINE('',#10052,#10053);
#10052=CARTESIAN_POINT('',(12.994776,-8.120385838,0.001));
#10053=VECTOR('',#10054,1.0);
#10054=DIRECTION('',(0.0,0.0,-1.0));
#10055=ORIENTED_EDGE('',*,*,#10056,.T.);
#10056=EDGE_CURVE('NONE',#10049,#10057,#10059,.F.);
#10057=VERTEX_POINT('NONE',#10058);
#10058=CARTESIAN_POINT('',(12.940114874,-8.120385838,0.001));
#10059=LINE('',#10060,#10061);
#10060=CARTESIAN_POINT('',(0.0,-8.120385838,0.001));
#10061=VECTOR('',#10062,1.0);
#10062=DIRECTION('',(1.0,0.0,0.0));
#10063=ORIENTED_EDGE('',*,*,#10064,.T.);
#10064=EDGE_CURVE('NONE',#10057,#10039,#10065,.T.);
#10065=LINE('',#10066,#10067);
#10066=CARTESIAN_POINT('',(12.940114874,-8.120385838,0.001));
#10067=VECTOR('',#10068,1.0);
#10068=DIRECTION('',(0.0,0.0,-1.0));
#10069=PLANE('',#10070);
#10070=AXIS2_PLACEMENT_3D('',#10071,#10072,#10073);
#10071=CARTESIAN_POINT('',(0.0,-8.120385838,0.001));
#10072=DIRECTION('',(0.0,1.0,0.0));
#10073=DIRECTION('',(0.0,0.0,1.0));
#10074=ADVANCED_FACE('NONE',(#10075),#10102,.F.);
#10075=FACE_BOUND('NONE',#10076,.T.);
#10076=EDGE_LOOP('',(#10077,#10086,#10094,#10101));
#10077=ORIENTED_EDGE('',*,*,#10078,.T.);
#10078=EDGE_CURVE('NONE',#10041,#10079,#10081,.T.);
#10079=VERTEX_POINT('NONE',#10080);
#10080=CARTESIAN_POINT('',(12.99519326,-8.098479661,0.0));
#10081=B_SPLINE_CURVE_WITH_KNOTS('',3,(#10082,#10083,#10084,#10085),.UNSPECIFIED.,.F.,.U.,(4,4),(0.555555556,0.666666667),.PIECEWISE_BEZIER_KNOTS.);
#10082=CARTESIAN_POINT('',(12.994776,-8.120385838,0.0));
#10083=CARTESIAN_POINT('',(12.995819151,-8.113292409,-1.694065895E-18));
#10084=CARTESIAN_POINT('',(12.99519326,-8.10557309,-1.694065895E-18));
#10085=CARTESIAN_POINT('',(12.99519326,-8.098479661,0.0));
#10086=ORIENTED_EDGE('',*,*,#10087,.T.);
#10087=EDGE_CURVE('NONE',#10079,#10088,#10090,.F.);
#10088=VERTEX_POINT('NONE',#10089);
#10089=CARTESIAN_POINT('',(12.99519326,-8.098479661,0.001));
#10090=LINE('',#10091,#10092);
#10091=CARTESIAN_POINT('',(12.99519326,-8.098479661,0.001));
#10092=VECTOR('',#10093,1.0);
#10093=DIRECTION('',(0.0,0.0,-1.0));
#10094=ORIENTED_EDGE('',*,*,#10095,.T.);
#10095=EDGE_CURVE('NONE',#10088,#10049,#10096,.F.);
#10096=B_SPLINE_CURVE_WITH_KNOTS('',3,(#10097,#10098,#10099,#10100),.UNSPECIFIED.,.F.,.U.,(4,4),(0.555555556,0.666666667),.PIECEWISE_BEZIER_KNOTS.);
#10097=CARTESIAN_POINT('',(12.994776,-8.120385838,0.001));
#10098=CARTESIAN_POINT('',(12.995819151,-8.113292409,10.0E-04));
#10099=CARTESIAN_POINT('',(12.99519326,-8.10557309,10.0E-04));
#10100=CARTESIAN_POINT('',(12.99519326,-8.098479661,0.001));
#10101=ORIENTED_EDGE('',*,*,#10048,.F.);
#10102=B_SPLINE_SURFACE_WITH_KNOTS('',3,1,((#10103,#10104),(#10105,#10106),(#10107,#10108),(#10109,#10110)),.UNSPECIFIED.,.F.,.F.,.U.,(4,4),(2,2),(0.555555556,0.666666667),(0.0,1.0),.PIECEWISE_BEZIER_KNOTS.);
#10103=CARTESIAN_POINT('',(12.994776,-8.120385838,10.0E-04));
#10104=CARTESIAN_POINT('',(12.994776,-8.120385838,0.0));
#10105=CARTESIAN_POINT('',(12.995819151,-8.113292409,10.0E-04));
#10106=CARTESIAN_POINT('',(12.995819151,-8.113292409,0.0));
#10107=CARTESIAN_POINT('',(12.99519326,-8.10557309,10.0E-04));
#10108=CARTESIAN_POINT('',(12.99519326,-8.10557309,0.0));
#10109=CARTESIAN_POINT('',(12.99519326,-8.098479661,10.0E-04));
#10110=CARTESIAN_POINT('',(12.99519326,-8.098479661,0.0));
#10111=ADVANCED_FACE('NONE',(#10112),#10137,.F.);
#10112=FACE_BOUND('NONE',#10113,.T.);
#10113=EDGE_LOOP('',(#10114,#10122,#10130,#10136));
#10114=ORIENTED_EDGE('',*,*,#10115,.T.);
#10115=EDGE_CURVE('NONE',#10079,#10116,#10118,.T.);
#10116=VERTEX_POINT('NONE',#10117);
#10117=CARTESIAN_POINT('',(12.851864277,-8.098479661,0.0));
#10118=LINE('',#10119,#10120);
#10119=CARTESIAN_POINT('',(0.0,-8.098479661,0.0));
#10120=VECTOR('',#10121,1.0);
#10121=DIRECTION('',(-1.0,0.0,0.0));
#10122=ORIENTED_EDGE('',*,*,#10123,.T.);
#10123=EDGE_CURVE('NONE',#10116,#10124,#10126,.F.);
#10124=VERTEX_POINT('NONE',#10125);
#10125=CARTESIAN_POINT('',(12.851864277,-8.098479661,0.001));
#10126=LINE('',#10127,#10128);
#10127=CARTESIAN_POINT('',(12.851864277,-8.098479661,0.001));
#10128=VECTOR('',#10129,1.0);
#10129=DIRECTION('',(0.0,0.0,-1.0));
#10130=ORIENTED_EDGE('',*,*,#10131,.T.);
#10131=EDGE_CURVE('NONE',#10124,#10088,#10132,.F.);
#10132=LINE('',#10133,#10134);
#10133=CARTESIAN_POINT('',(0.0,-8.098479661,0.001));
#10134=VECTOR('',#10135,1.0);
#10135=DIRECTION('',(-1.0,0.0,0.0));
#10136=ORIENTED_EDGE('',*,*,#10087,.F.);
#10137=PLANE('',#10138);
#10138=AXIS2_PLACEMENT_3D('',#10139,#10140,#10141);
#10139=CARTESIAN_POINT('',(0.0,-8.098479661,0.001));
#10140=DIRECTION('',(0.0,-1.0,0.0));
#10141=DIRECTION('',(0.0,0.0,-1.0));
#10142=ADVANCED_FACE('NONE',(#10143),#10168,.F.);
#10143=FACE_BOUND('NONE',#10144,.T.);
#10144=EDGE_LOOP('',(#10145,#10153,#10161,#10167));
#10145=ORIENTED_EDGE('',*,*,#10146,.T.);
#10146=EDGE_CURVE('NONE',#10116,#10147,#10149,.T.);
#10147=VERTEX_POINT('NONE',#10148);
#10148=CARTESIAN_POINT('',(12.852072907,-8.120177207,0.0));
#10149=LINE('',#10150,#10151);
#10150=CARTESIAN_POINT('',(12.772813362,0.122815513,0.0));
#10151=VECTOR('',#10152,1.0);
#10152=DIRECTION('',(0.00961494,-0.999953775,0.0));
#10153=ORIENTED_EDGE('',*,*,#10154,.T.);
#10154=EDGE_CURVE('NONE',#10147,#10155,#10157,.F.);
#10155=VERTEX_POINT('NONE',#10156);
#10156=CARTESIAN_POINT('',(12.852072907,-8.120177207,0.001));
#10157=LINE('',#10158,#10159);
#10158=CARTESIAN_POINT('',(12.852072907,-8.120177207,0.001));
#10159=VECTOR('',#10160,1.0);
#10160=DIRECTION('',(0.0,0.0,-1.0));
#10161=ORIENTED_EDGE('',*,*,#10162,.T.);
#10162=EDGE_CURVE('NONE',#10155,#10124,#10163,.F.);
#10163=LINE('',#10164,#10165);
#10164=CARTESIAN_POINT('',(12.772813362,0.122815513,0.001));
#10165=VECTOR('',#10166,1.0);
#10166=DIRECTION('',(0.00961494,-0.999953775,0.0));
#10167=ORIENTED_EDGE('',*,*,#10123,.F.);
#10168=PLANE('',#10169);
#10169=AXIS2_PLACEMENT_3D('',#10170,#10171,#10172);
#10170=CARTESIAN_POINT('',(12.772813362,0.122815513,0.001));
#10171=DIRECTION('',(0.999953775,0.00961494,0.0));
#10172=DIRECTION('',(-0.00961494,0.999953775,0.0));
#10173=ADVANCED_FACE('NONE',(#10174),#10199,.F.);
#10174=FACE_BOUND('NONE',#10175,.T.);
#10175=EDGE_LOOP('',(#10176,#10184,#10192,#10198));
#10176=ORIENTED_EDGE('',*,*,#10177,.T.);
#10177=EDGE_CURVE('NONE',#10147,#10178,#10180,.T.);
#10178=VERTEX_POINT('NONE',#10179);
#10179=CARTESIAN_POINT('',(12.905899512,-8.120385838,0.0));
#10180=LINE('',#10181,#10182);
#10181=CARTESIAN_POINT('',(-0.031280007,-8.070241731,0.0));
#10182=VECTOR('',#10183,1.0);
#10183=DIRECTION('',(0.999992489,-0.00387594,0.0));
#10184=ORIENTED_EDGE('',*,*,#10185,.T.);
#10185=EDGE_CURVE('NONE',#10178,#10186,#10188,.F.);
#10186=VERTEX_POINT('NONE',#10187);
#10187=CARTESIAN_POINT('',(12.905899512,-8.120385838,0.001));
#10188=LINE('',#10189,#10190);
#10189=CARTESIAN_POINT('',(12.905899512,-8.120385838,0.001));
#10190=VECTOR('',#10191,1.0);
#10191=DIRECTION('',(0.0,0.0,-1.0));
#10192=ORIENTED_EDGE('',*,*,#10193,.T.);
#10193=EDGE_CURVE('NONE',#10186,#10155,#10194,.F.);
#10194=LINE('',#10195,#10196);
#10195=CARTESIAN_POINT('',(-0.031280007,-8.070241731,0.001));
#10196=VECTOR('',#10197,1.0);
#10197=DIRECTION('',(0.999992489,-0.00387594,0.0));
#10198=ORIENTED_EDGE('',*,*,#10154,.F.);
#10199=PLANE('',#10200);
#10200=AXIS2_PLACEMENT_3D('',#10201,#10202,#10203);
#10201=CARTESIAN_POINT('',(-0.031280007,-8.070241731,0.001));
#10202=DIRECTION('',(0.00387594,0.999992489,0.0));
#10203=DIRECTION('',(-0.999992489,0.00387594,0.0));
#10204=ADVANCED_FACE('NONE',(#10205),#10230,.F.);
#10205=FACE_BOUND('NONE',#10206,.T.);
#10206=EDGE_LOOP('',(#10207,#10215,#10223,#10229));
#10207=ORIENTED_EDGE('',*,*,#10208,.T.);
#10208=EDGE_CURVE('NONE',#10178,#10209,#10211,.T.);
#10209=VERTEX_POINT('NONE',#10210);
#10210=CARTESIAN_POINT('',(12.905899512,-8.222614661,0.0));
#10211=LINE('',#10212,#10213);
#10212=CARTESIAN_POINT('',(12.905899512,0.0,0.0));
#10213=VECTOR('',#10214,1.0);
#10214=DIRECTION('',(0.0,-1.0,0.0));
#10215=ORIENTED_EDGE('',*,*,#10216,.T.);
#10216=EDGE_CURVE('NONE',#10209,#10217,#10219,.F.);
#10217=VERTEX_POINT('NONE',#10218);
#10218=CARTESIAN_POINT('',(12.905899512,-8.222614661,0.001));
#10219=LINE('',#10220,#10221);
#10220=CARTESIAN_POINT('',(12.905899512,-8.222614661,0.001));
#10221=VECTOR('',#10222,1.0);
#10222=DIRECTION('',(0.0,0.0,-1.0));
#10223=ORIENTED_EDGE('',*,*,#10224,.T.);
#10224=EDGE_CURVE('NONE',#10217,#10186,#10225,.F.);
#10225=LINE('',#10226,#10227);
#10226=CARTESIAN_POINT('',(12.905899512,0.0,0.001));
#10227=VECTOR('',#10228,1.0);
#10228=DIRECTION('',(0.0,-1.0,0.0));
#10229=ORIENTED_EDGE('',*,*,#10185,.F.);
#10230=PLANE('',#10231);
#10231=AXIS2_PLACEMENT_3D('',#10232,#10233,#10234);
#10232=CARTESIAN_POINT('',(12.905899512,0.0,0.001));
#10233=DIRECTION('',(1.0,0.0,0.0));
#10234=DIRECTION('',(0.0,0.0,-1.0));
#10235=ADVANCED_FACE('NONE',(#10236),#10261,.F.);
#10236=FACE_BOUND('NONE',#10237,.T.);
#10237=EDGE_LOOP('',(#10238,#10246,#10254,#10260));
#10238=ORIENTED_EDGE('',*,*,#10239,.T.);
#10239=EDGE_CURVE('NONE',#10209,#10240,#10242,.T.);
#10240=VERTEX_POINT('NONE',#10241);
#10241=CARTESIAN_POINT('',(12.940114874,-8.222406031,0.0));
#10242=LINE('',#10243,#10244);
#10243=CARTESIAN_POINT('',(0.050615857,-8.301000537,0.0));
#10244=VECTOR('',#10245,1.0);
#10245=DIRECTION('',(0.99998141,0.006097448,0.0));
#10246=ORIENTED_EDGE('',*,*,#10247,.T.);
#10247=EDGE_CURVE('NONE',#10240,#10248,#10250,.F.);
#10248=VERTEX_POINT('NONE',#10249);
#10249=CARTESIAN_POINT('',(12.940114874,-8.222406031,0.001));
#10250=LINE('',#10251,#10252);
#10251=CARTESIAN_POINT('',(12.940114874,-8.222406031,0.001));
#10252=VECTOR('',#10253,1.0);
#10253=DIRECTION('',(0.0,0.0,-1.0));
#10254=ORIENTED_EDGE('',*,*,#10255,.T.);
#10255=EDGE_CURVE('NONE',#10248,#10217,#10256,.F.);
#10256=LINE('',#10257,#10258);
#10257=CARTESIAN_POINT('',(0.050615857,-8.301000537,0.001));
#10258=VECTOR('',#10259,1.0);
#10259=DIRECTION('',(0.99998141,0.006097448,0.0));
#10260=ORIENTED_EDGE('',*,*,#10216,.F.);
#10261=PLANE('',#10262);
#10262=AXIS2_PLACEMENT_3D('',#10263,#10264,#10265);
#10263=CARTESIAN_POINT('',(0.050615857,-8.301000537,0.001));
#10264=DIRECTION('',(-0.006097448,0.99998141,0.0));
#10265=DIRECTION('',(-0.99998141,-0.006097448,0.0));
#10266=ADVANCED_FACE('NONE',(#10267),#10283,.F.);
#10267=FACE_BOUND('NONE',#10268,.T.);
#10268=EDGE_LOOP('',(#10269,#10275,#10276,#10282));
#10269=ORIENTED_EDGE('',*,*,#10270,.T.);
#10270=EDGE_CURVE('NONE',#10240,#10039,#10271,.T.);
#10271=LINE('',#10272,#10273);
#10272=CARTESIAN_POINT('',(12.940114874,0.0,0.0));
#10273=VECTOR('',#10274,1.0);
#10274=DIRECTION('',(0.0,1.0,0.0));
#10275=ORIENTED_EDGE('',*,*,#10064,.F.);
#10276=ORIENTED_EDGE('',*,*,#10277,.T.);
#10277=EDGE_CURVE('NONE',#10057,#10248,#10278,.F.);
#10278=LINE('',#10279,#10280);
#10279=CARTESIAN_POINT('',(12.940114874,0.0,0.001));
#10280=VECTOR('',#10281,1.0);
#10281=DIRECTION('',(0.0,1.0,0.0));
#10282=ORIENTED_EDGE('',*,*,#10247,.F.);
#10283=PLANE('',#10284);
#10284=AXIS2_PLACEMENT_3D('',#10285,#10286,#10287);
#10285=CARTESIAN_POINT('',(12.940114874,0.0,0.001));
#10286=DIRECTION('',(-1.0,0.0,0.0));
#10287=DIRECTION('',(0.0,0.0,1.0));
#10288=ADVANCED_FACE('NONE',(#10289),#10299,.T.);
#10289=FACE_BOUND('NONE',#10290,.T.);
#10290=EDGE_LOOP('',(#10291,#10292,#10293,#10294,#10295,#10296,#10297,#10298));
#10291=ORIENTED_EDGE('',*,*,#10056,.F.);
#10292=ORIENTED_EDGE('',*,*,#10095,.F.);
#10293=ORIENTED_EDGE('',*,*,#10131,.F.);
#10294=ORIENTED_EDGE('',*,*,#10162,.F.);
#10295=ORIENTED_EDGE('',*,*,#10193,.F.);
#10296=ORIENTED_EDGE('',*,*,#10224,.F.);
#10297=ORIENTED_EDGE('',*,*,#10255,.F.);
#10298=ORIENTED_EDGE('',*,*,#10277,.F.);
#10299=PLANE('',#10300);
#10300=AXIS2_PLACEMENT_3D('',#10301,#10302,#10303);
#10301=CARTESIAN_POINT('',(0.0,0.0,0.001));
#10302=DIRECTION('',(0.0,0.0,1.0));
#10303=DIRECTION('',(1.0,0.0,0.0));
#10304=ADVANCED_FACE('NONE',(#10305),#10315,.F.);
#10305=FACE_BOUND('NONE',#10306,.T.);
#10306=EDGE_LOOP('',(#10307,#10308,#10309,#10310,#10311,#10312,#10313,#10314));
#10307=ORIENTED_EDGE('',*,*,#10038,.F.);
#10308=ORIENTED_EDGE('',*,*,#10270,.F.);
#10309=ORIENTED_EDGE('',*,*,#10239,.F.);
#10310=ORIENTED_EDGE('',*,*,#10208,.F.);
#10311=ORIENTED_EDGE('',*,*,#10177,.F.);
#10312=ORIENTED_EDGE('',*,*,#10146,.F.);
#10313=ORIENTED_EDGE('',*,*,#10115,.F.);
#10314=ORIENTED_EDGE('',*,*,#10078,.F.);
#10315=PLANE('',#10316);
#10316=AXIS2_PLACEMENT_3D('',#10317,#10318,#10319);
#10317=CARTESIAN_POINT('',(0.0,0.0,0.0));
#10318=DIRECTION('',(0.0,0.0,1.0));
#10319=DIRECTION('',(1.0,0.0,0.0));
#10320=MANIFOLD_SOLID_BREP('Boss-Extrude1[16]',#10321);
#10321=CLOSED_SHELL('NONE',(#10322,#10362,#10399,#10430,#10467,#10498,#10535,#10566,#10612,#10649,#10686,#10714,#10742,#10764));
#10322=ADVANCED_FACE('NONE',(#10323),#10357,.F.);
#10323=FACE_BOUND('NONE',#10324,.T.);
#10324=EDGE_LOOP('',(#10325,#10335,#10343,#10351));
#10325=ORIENTED_EDGE('',*,*,#10326,.T.);
#10326=EDGE_CURVE('NONE',#10327,#10329,#10331,.T.);
#10327=VERTEX_POINT('NONE',#10328);
#10328=CARTESIAN_POINT('',(13.115781546,-8.094098426,0.0));
#10329=VERTEX_POINT('NONE',#10330);
#10330=CARTESIAN_POINT('',(13.106601815,-8.094098426,0.0));
#10331=LINE('',#10332,#10333);
#10332=CARTESIAN_POINT('',(0.0,-8.094098426,0.0));
#10333=VECTOR('',#10334,1.0);
#10334=DIRECTION('',(-1.0,0.0,0.0));
#10335=ORIENTED_EDGE('',*,*,#10336,.T.);
#10336=EDGE_CURVE('NONE',#10329,#10337,#10339,.F.);
#10337=VERTEX_POINT('NONE',#10338);
#10338=CARTESIAN_POINT('',(13.106601815,-8.094098426,0.001));
#10339=LINE('',#10340,#10341);
#10340=CARTESIAN_POINT('',(13.106601815,-8.094098426,0.001));
#10341=VECTOR('',#10342,1.0);
#10342=DIRECTION('',(0.0,0.0,-1.0));
#10343=ORIENTED_EDGE('',*,*,#10344,.T.);
#10344=EDGE_CURVE('NONE',#10337,#10345,#10347,.F.);
#10345=VERTEX_POINT('NONE',#10346);
#10346=CARTESIAN_POINT('',(13.115781546,-8.094098426,0.001));
#10347=LINE('',#10348,#10349);
#10348=CARTESIAN_POINT('',(0.0,-8.094098426,0.001));
#10349=VECTOR('',#10350,1.0);
#10350=DIRECTION('',(-1.0,0.0,0.0));
#10351=ORIENTED_EDGE('',*,*,#10352,.T.);
#10352=EDGE_CURVE('NONE',#10345,#10327,#10353,.T.);
#10353=LINE('',#10354,#10355);
#10354=CARTESIAN_POINT('',(13.115781546,-8.094098426,0.001));
#10355=VECTOR('',#10356,1.0);
#10356=DIRECTION('',(0.0,0.0,-1.0));
#10357=PLANE('',#10358);
#10358=AXIS2_PLACEMENT_3D('',#10359,#10360,#10361);
#10359=CARTESIAN_POINT('',(0.0,-8.094098426,0.001));
#10360=DIRECTION('',(0.0,-1.0,0.0));
#10361=DIRECTION('',(0.0,0.0,-1.0));
#10362=ADVANCED_FACE('NONE',(#10363),#10390,.F.);
#10363=FACE_BOUND('NONE',#10364,.T.);
#10364=EDGE_LOOP('',(#10365,#10374,#10382,#10389));
#10365=ORIENTED_EDGE('',*,*,#10366,.T.);
#10366=EDGE_CURVE('NONE',#10329,#10367,#10369,.T.);
#10367=VERTEX_POINT('NONE',#10368);
#10368=CARTESIAN_POINT('',(13.029617252,-8.156061611,0.0));
#10369=B_SPLINE_CURVE_WITH_KNOTS('',3,(#10370,#10371,#10372,#10373),.UNSPECIFIED.,.F.,.U.,(4,4),(0.666666667,0.777777778),.PIECEWISE_BEZIER_KNOTS.);
#10370=CARTESIAN_POINT('',(13.106601815,-8.094098426,0.0));
#10371=CARTESIAN_POINT('',(13.058199596,-8.094098426,0.0));
#10372=CARTESIAN_POINT('',(13.029617252,-8.116004602,0.0));
#10373=CARTESIAN_POINT('',(13.029617252,-8.156061611,0.0));
#10374=ORIENTED_EDGE('',*,*,#10375,.T.);
#10375=EDGE_CURVE('NONE',#10367,#10376,#10378,.F.);
#10376=VERTEX_POINT('NONE',#10377);
#10377=CARTESIAN_POINT('',(13.029617252,-8.156061611,0.001));
#10378=LINE('',#10379,#10380);
#10379=CARTESIAN_POINT('',(13.029617252,-8.156061611,0.001));
#10380=VECTOR('',#10381,1.0);
#10381=DIRECTION('',(0.0,0.0,-1.0));
#10382=ORIENTED_EDGE('',*,*,#10383,.T.);
#10383=EDGE_CURVE('NONE',#10376,#10337,#10384,.F.);
#10384=B_SPLINE_CURVE_WITH_KNOTS('',3,(#10385,#10386,#10387,#10388),.UNSPECIFIED.,.F.,.U.,(4,4),(0.666666667,0.777777778),.PIECEWISE_BEZIER_KNOTS.);
#10385=CARTESIAN_POINT('',(13.106601815,-8.094098426,0.001));
#10386=CARTESIAN_POINT('',(13.058199596,-8.094098426,0.001));
#10387=CARTESIAN_POINT('',(13.029617252,-8.116004602,0.001));
#10388=CARTESIAN_POINT('',(13.029617252,-8.156061611,0.001));
#10389=ORIENTED_EDGE('',*,*,#10336,.F.);
#10390=B_SPLINE_SURFACE_WITH_KNOTS('',3,1,((#10391,#10392),(#10393,#10394),(#10395,#10396),(#10397,#10398)),.UNSPECIFIED.,.F.,.F.,.U.,(4,4),(2,2),(0.666666667,0.777777778),(0.0,1.0),.PIECEWISE_BEZIER_KNOTS.);
#10391=CARTESIAN_POINT('',(13.106601815,-8.094098426,0.001));
#10392=CARTESIAN_POINT('',(13.106601815,-8.094098426,0.0));
#10393=CARTESIAN_POINT('',(13.058199596,-8.094098426,0.001));
#10394=CARTESIAN_POINT('',(13.058199596,-8.094098426,0.0));
#10395=CARTESIAN_POINT('',(13.029617252,-8.116004602,0.001));
#10396=CARTESIAN_POINT('',(13.029617252,-8.116004602,0.0));
#10397=CARTESIAN_POINT('',(13.029617252,-8.156061611,0.001));
#10398=CARTESIAN_POINT('',(13.029617252,-8.156061611,0.0));
#10399=ADVANCED_FACE('NONE',(#10400),#10425,.F.);
#10400=FACE_BOUND('NONE',#10401,.T.);
#10401=EDGE_LOOP('',(#10402,#10410,#10418,#10424));
#10402=ORIENTED_EDGE('',*,*,#10403,.T.);
#10403=EDGE_CURVE('NONE',#10367,#10404,#10406,.T.);
#10404=VERTEX_POINT('NONE',#10405);
#10405=CARTESIAN_POINT('',(13.029617252,-8.164824081,0.0));
#10406=LINE('',#10407,#10408);
#10407=CARTESIAN_POINT('',(13.029617252,0.0,0.0));
#10408=VECTOR('',#10409,1.0);
#10409=DIRECTION('',(0.0,-1.0,0.0));
#10410=ORIENTED_EDGE('',*,*,#10411,.T.);
#10411=EDGE_CURVE('NONE',#10404,#10412,#10414,.F.);
#10412=VERTEX_POINT('NONE',#10413);
#10413=CARTESIAN_POINT('',(13.029617252,-8.164824081,0.001));
#10414=LINE('',#10415,#10416);
#10415=CARTESIAN_POINT('',(13.029617252,-8.164824081,0.001));
#10416=VECTOR('',#10417,1.0);
#10417=DIRECTION('',(0.0,0.0,-1.0));
#10418=ORIENTED_EDGE('',*,*,#10419,.T.);
#10419=EDGE_CURVE('NONE',#10412,#10376,#10420,.F.);
#10420=LINE('',#10421,#10422);
#10421=CARTESIAN_POINT('',(13.029617252,0.0,0.001));
#10422=VECTOR('',#10423,1.0);
#10423=DIRECTION('',(0.0,-1.0,0.0));
#10424=ORIENTED_EDGE('',*,*,#10375,.F.);
#10425=PLANE('',#10426);
#10426=AXIS2_PLACEMENT_3D('',#10427,#10428,#10429);
#10427=CARTESIAN_POINT('',(13.029617252,0.0,0.001));
#10428=DIRECTION('',(1.0,0.0,0.0));
#10429=DIRECTION('',(0.0,0.0,-1.0));
#10430=ADVANCED_FACE('NONE',(#10431),#10458,.F.);
#10431=FACE_BOUND('NONE',#10432,.T.);
#10432=EDGE_LOOP('',(#10433,#10442,#10450,#10457));
#10433=ORIENTED_EDGE('',*,*,#10434,.T.);
#10434=EDGE_CURVE('NONE',#10404,#10435,#10437,.T.);
#10435=VERTEX_POINT('NONE',#10436);
#10436=CARTESIAN_POINT('',(13.105350034,-8.224700964,0.0));
#10437=B_SPLINE_CURVE_WITH_KNOTS('',3,(#10438,#10439,#10440,#10441),.UNSPECIFIED.,.F.,.U.,(4,4),(0.0,0.111111111),.PIECEWISE_BEZIER_KNOTS.);
#10438=CARTESIAN_POINT('',(13.029617252,-8.164824081,0.0));
#10439=CARTESIAN_POINT('',(13.029617252,-8.20467246,0.0));
#10440=CARTESIAN_POINT('',(13.057156445,-8.224700964,0.0));
#10441=CARTESIAN_POINT('',(13.105350034,-8.224700964,0.0));
#10442=ORIENTED_EDGE('',*,*,#10443,.T.);
#10443=EDGE_CURVE('NONE',#10435,#10444,#10446,.F.);
#10444=VERTEX_POINT('NONE',#10445);
#10445=CARTESIAN_POINT('',(13.105350034,-8.224700964,0.001));
#10446=LINE('',#10447,#10448);
#10447=CARTESIAN_POINT('',(13.105350034,-8.224700964,0.001));
#10448=VECTOR('',#10449,1.0);
#10449=DIRECTION('',(0.0,0.0,-1.0));
#10450=ORIENTED_EDGE('',*,*,#10451,.T.);
#10451=EDGE_CURVE('NONE',#10444,#10412,#10452,.F.);
#10452=B_SPLINE_CURVE_WITH_KNOTS('',3,(#10453,#10454,#10455,#10456),.UNSPECIFIED.,.F.,.U.,(4,4),(0.0,0.111111111),.PIECEWISE_BEZIER_KNOTS.);
#10453=CARTESIAN_POINT('',(13.029617252,-8.164824081,0.001));
#10454=CARTESIAN_POINT('',(13.029617252,-8.20467246,0.001));
#10455=CARTESIAN_POINT('',(13.057156445,-8.224700964,0.001));
#10456=CARTESIAN_POINT('',(13.105350034,-8.224700964,0.001));
#10457=ORIENTED_EDGE('',*,*,#10411,.F.);
#10458=B_SPLINE_SURFACE_WITH_KNOTS('',3,1,((#10459,#10460),(#10461,#10462),(#10463,#10464),(#10465,#10466)),.UNSPECIFIED.,.F.,.F.,.U.,(4,4),(2,2),(0.0,0.111111111),(0.0,1.0),.PIECEWISE_BEZIER_KNOTS.);
#10459=CARTESIAN_POINT('',(13.029617252,-8.164824081,0.001));
#10460=CARTESIAN_POINT('',(13.029617252,-8.164824081,0.0));
#10461=CARTESIAN_POINT('',(13.029617252,-8.20467246,0.001));
#10462=CARTESIAN_POINT('',(13.029617252,-8.20467246,0.0));
#10463=CARTESIAN_POINT('',(13.057156445,-8.224700964,0.001));
#10464=CARTESIAN_POINT('',(13.057156445,-8.224700964,0.0));
#10465=CARTESIAN_POINT('',(13.105350034,-8.224700964,0.001));
#10466=CARTESIAN_POINT('',(13.105350034,-8.224700964,0.0));
#10467=ADVANCED_FACE('NONE',(#10468),#10493,.F.);
#10468=FACE_BOUND('NONE',#10469,.T.);
#10469=EDGE_LOOP('',(#10470,#10478,#10486,#10492));
#10470=ORIENTED_EDGE('',*,*,#10471,.T.);
#10471=EDGE_CURVE('NONE',#10435,#10472,#10474,.T.);
#10472=VERTEX_POINT('NONE',#10473);
#10473=CARTESIAN_POINT('',(13.116824697,-8.224700964,0.0));
#10474=LINE('',#10475,#10476);
#10475=CARTESIAN_POINT('',(0.0,-8.224700964,0.0));
#10476=VECTOR('',#10477,1.0);
#10477=DIRECTION('',(1.0,0.0,0.0));
#10478=ORIENTED_EDGE('',*,*,#10479,.T.);
#10479=EDGE_CURVE('NONE',#10472,#10480,#10482,.F.);
#10480=VERTEX_POINT('NONE',#10481);
#10481=CARTESIAN_POINT('',(13.116824697,-8.224700964,0.001));
#10482=LINE('',#10483,#10484);
#10483=CARTESIAN_POINT('',(13.116824697,-8.224700964,0.001));
#10484=VECTOR('',#10485,1.0);
#10485=DIRECTION('',(0.0,0.0,-1.0));
#10486=ORIENTED_EDGE('',*,*,#10487,.T.);
#10487=EDGE_CURVE('NONE',#10480,#10444,#10488,.F.);
#10488=LINE('',#10489,#10490);
#10489=CARTESIAN_POINT('',(0.0,-8.224700964,0.001));
#10490=VECTOR('',#10491,1.0);
#10491=DIRECTION('',(1.0,0.0,0.0));
#10492=ORIENTED_EDGE('',*,*,#10443,.F.);
#10493=PLANE('',#10494);
#10494=AXIS2_PLACEMENT_3D('',#10495,#10496,#10497);
#10495=CARTESIAN_POINT('',(0.0,-8.224700964,0.001));
#10496=DIRECTION('',(0.0,1.0,0.0));
#10497=DIRECTION('',(0.0,0.0,1.0));
#10498=ADVANCED_FACE('NONE',(#10499),#10526,.F.);
#10499=FACE_BOUND('NONE',#10500,.T.);
#10500=EDGE_LOOP('',(#10501,#10510,#10518,#10525));
#10501=ORIENTED_EDGE('',*,*,#10502,.T.);
#10502=EDGE_CURVE('NONE',#10472,#10503,#10505,.T.);
#10503=VERTEX_POINT('NONE',#10504);
#10504=CARTESIAN_POINT('',(13.191931588,-8.165658602,0.0));
#10505=B_SPLINE_CURVE_WITH_KNOTS('',3,(#10506,#10507,#10508,#10509),.UNSPECIFIED.,.F.,.U.,(4,4),(0.222222222,0.333333333),.PIECEWISE_BEZIER_KNOTS.);
#10506=CARTESIAN_POINT('',(13.116824697,-8.224700964,0.0));
#10507=CARTESIAN_POINT('',(13.164601025,-8.224700964,0.0));
#10508=CARTESIAN_POINT('',(13.191931588,-8.205506981,0.0));
#10509=CARTESIAN_POINT('',(13.191931588,-8.165658602,0.0));
#10510=ORIENTED_EDGE('',*,*,#10511,.T.);
#10511=EDGE_CURVE('NONE',#10503,#10512,#10514,.F.);
#10512=VERTEX_POINT('NONE',#10513);
#10513=CARTESIAN_POINT('',(13.191931588,-8.165658602,0.001));
#10514=LINE('',#10515,#10516);
#10515=CARTESIAN_POINT('',(13.191931588,-8.165658602,0.001));
#10516=VECTOR('',#10517,1.0);
#10517=DIRECTION('',(0.0,0.0,-1.0));
#10518=ORIENTED_EDGE('',*,*,#10519,.T.);
#10519=EDGE_CURVE('NONE',#10512,#10480,#10520,.F.);
#10520=B_SPLINE_CURVE_WITH_KNOTS('',3,(#10521,#10522,#10523,#10524),.UNSPECIFIED.,.F.,.U.,(4,4),(0.222222222,0.333333333),.PIECEWISE_BEZIER_KNOTS.);
#10521=CARTESIAN_POINT('',(13.116824697,-8.224700964,0.001));
#10522=CARTESIAN_POINT('',(13.164601025,-8.224700964,0.001));
#10523=CARTESIAN_POINT('',(13.191931588,-8.205506981,0.001));
#10524=CARTESIAN_POINT('',(13.191931588,-8.165658602,0.001));
#10525=ORIENTED_EDGE('',*,*,#10479,.F.);
#10526=B_SPLINE_SURFACE_WITH_KNOTS('',3,1,((#10527,#10528),(#10529,#10530),(#10531,#10532),(#10533,#10534)),.UNSPECIFIED.,.F.,.F.,.U.,(4,4),(2,2),(0.222222222,0.333333333),(0.0,1.0),.PIECEWISE_BEZIER_KNOTS.);
#10527=CARTESIAN_POINT('',(13.116824697,-8.224700964,0.001));
#10528=CARTESIAN_POINT('',(13.116824697,-8.224700964,0.0));
#10529=CARTESIAN_POINT('',(13.164601025,-8.224700964,0.001));
#10530=CARTESIAN_POINT('',(13.164601025,-8.224700964,0.0));
#10531=CARTESIAN_POINT('',(13.191931588,-8.205506981,0.001));
#10532=CARTESIAN_POINT('',(13.191931588,-8.205506981,0.0));
#10533=CARTESIAN_POINT('',(13.191931588,-8.165658602,0.001));
#10534=CARTESIAN_POINT('',(13.191931588,-8.165658602,0.0));
#10535=ADVANCED_FACE('NONE',(#10536),#10561,.F.);
#10536=FACE_BOUND('NONE',#10537,.T.);
#10537=EDGE_LOOP('',(#10538,#10546,#10554,#10560));
#10538=ORIENTED_EDGE('',*,*,#10539,.T.);
#10539=EDGE_CURVE('NONE',#10503,#10540,#10542,.T.);
#10540=VERTEX_POINT('NONE',#10541);
#10541=CARTESIAN_POINT('',(13.191931588,-8.154183938,0.0));
#10542=LINE('',#10543,#10544);
#10543=CARTESIAN_POINT('',(13.191931588,0.0,0.0));
#10544=VECTOR('',#10545,1.0);
#10545=DIRECTION('',(0.0,1.0,0.0));
#10546=ORIENTED_EDGE('',*,*,#10547,.T.);
#10547=EDGE_CURVE('NONE',#10540,#10548,#10550,.F.);
#10548=VERTEX_POINT('NONE',#10549);
#10549=CARTESIAN_POINT('',(13.191931588,-8.154183938,0.001));
#10550=LINE('',#10551,#10552);
#10551=CARTESIAN_POINT('',(13.191931588,-8.154183938,0.001));
#10552=VECTOR('',#10553,1.0);
#10553=DIRECTION('',(0.0,0.0,-1.0));
#10554=ORIENTED_EDGE('',*,*,#10555,.T.);
#10555=EDGE_CURVE('NONE',#10548,#10512,#10556,.F.);
#10556=LINE('',#10557,#10558);
#10557=CARTESIAN_POINT('',(13.191931588,0.0,0.001));
#10558=VECTOR('',#10559,1.0);
#10559=DIRECTION('',(0.0,1.0,0.0));
#10560=ORIENTED_EDGE('',*,*,#10511,.F.);
#10561=PLANE('',#10562);
#10562=AXIS2_PLACEMENT_3D('',#10563,#10564,#10565);
#10563=CARTESIAN_POINT('',(13.191931588,0.0,0.001));
#10564=DIRECTION('',(-1.0,0.0,0.0));
#10565=DIRECTION('',(0.0,0.0,1.0));
#10566=ADVANCED_FACE('NONE',(#10567),#10603,.F.);
#10567=FACE_BOUND('NONE',#10568,.T.);
#10568=EDGE_LOOP('',(#10569,#10580,#10588,#10597));
#10569=ORIENTED_EDGE('',*,*,#10570,.T.);
#10570=EDGE_CURVE('NONE',#10571,#10573,#10575,.T.);
#10571=VERTEX_POINT('NONE',#10572);
#10572=CARTESIAN_POINT('',(13.120371412,-8.204046569,0.0));
#10573=VERTEX_POINT('NONE',#10574);
#10574=CARTESIAN_POINT('',(13.067587958,-8.166493123,0.0));
#10575=B_SPLINE_CURVE_WITH_KNOTS('',3,(#10576,#10577,#10578,#10579),.UNSPECIFIED.,.F.,.U.,(4,4),(0.4,0.6),.PIECEWISE_BEZIER_KNOTS.);
#10576=CARTESIAN_POINT('',(13.120371412,-8.204046569,0.0));
#10577=CARTESIAN_POINT('',(13.08573879,-8.208427804,0.0));
#10578=CARTESIAN_POINT('',(13.06967426,-8.192363275,0.0));
#10579=CARTESIAN_POINT('',(13.067587958,-8.166493123,0.0));
#10580=ORIENTED_EDGE('',*,*,#10581,.T.);
#10581=EDGE_CURVE('NONE',#10573,#10582,#10584,.F.);
#10582=VERTEX_POINT('NONE',#10583);
#10583=CARTESIAN_POINT('',(13.067587958,-8.166493123,0.001));
#10584=LINE('',#10585,#10586);
#10585=CARTESIAN_POINT('',(13.067587958,-8.166493123,0.001));
#10586=VECTOR('',#10587,1.0);
#10587=DIRECTION('',(0.0,0.0,-1.0));
#10588=ORIENTED_EDGE('',*,*,#10589,.T.);
#10589=EDGE_CURVE('NONE',#10582,#10590,#10592,.F.);
#10590=VERTEX_POINT('NONE',#10591);
#10591=CARTESIAN_POINT('',(13.120371412,-8.204046569,0.001));
#10592=B_SPLINE_CURVE_WITH_KNOTS('',3,(#10593,#10594,#10595,#10596),.UNSPECIFIED.,.F.,.U.,(4,4),(0.4,0.6),.PIECEWISE_BEZIER_KNOTS.);
#10593=CARTESIAN_POINT('',(13.120371412,-8.204046569,0.001));
#10594=CARTESIAN_POINT('',(13.08573879,-8.208427804,0.001));
#10595=CARTESIAN_POINT('',(13.06967426,-8.192363275,0.001));
#10596=CARTESIAN_POINT('',(13.067587958,-8.166493123,0.001));
#10597=ORIENTED_EDGE('',*,*,#10598,.T.);
#10598=EDGE_CURVE('NONE',#10590,#10571,#10599,.T.);
#10599=LINE('',#10600,#10601);
#10600=CARTESIAN_POINT('',(13.120371412,-8.204046569,0.001));
#10601=VECTOR('',#10602,1.0);
#10602=DIRECTION('',(0.0,0.0,-1.0));
#10603=B_SPLINE_SURFACE_WITH_KNOTS('',3,1,((#10604,#10605),(#10606,#10607),(#10608,#10609),(#10610,#10611)),.UNSPECIFIED.,.F.,.F.,.U.,(4,4),(2,2),(0.4,0.6),(0.0,1.0),.PIECEWISE_BEZIER_KNOTS.);
#10604=CARTESIAN_POINT('',(13.120371412,-8.204046569,0.001));
#10605=CARTESIAN_POINT('',(13.120371412,-8.204046569,0.0));
#10606=CARTESIAN_POINT('',(13.08573879,-8.208427804,0.001));
#10607=CARTESIAN_POINT('',(13.08573879,-8.208427804,0.0));
#10608=CARTESIAN_POINT('',(13.06967426,-8.192363275,0.001));
#10609=CARTESIAN_POINT('',(13.06967426,-8.192363275,0.0));
#10610=CARTESIAN_POINT('',(13.067587958,-8.166493123,0.001));
#10611=CARTESIAN_POINT('',(13.067587958,-8.166493123,0.0));
#10612=ADVANCED_FACE('NONE',(#10613),#10640,.F.);
#10613=FACE_BOUND('NONE',#10614,.T.);
#10614=EDGE_LOOP('',(#10615,#10624,#10632,#10639));
#10615=ORIENTED_EDGE('',*,*,#10616,.T.);
#10616=EDGE_CURVE('NONE',#10573,#10617,#10619,.T.);
#10617=VERTEX_POINT('NONE',#10618);
#10618=CARTESIAN_POINT('',(13.10222058,-8.114752821,0.0));
#10619=B_SPLINE_CURVE_WITH_KNOTS('',3,(#10620,#10621,#10622,#10623),.UNSPECIFIED.,.F.,.U.,(4,4),(0.6,1.0),.PIECEWISE_BEZIER_KNOTS.);
#10620=CARTESIAN_POINT('',(13.067587958,-8.166493123,0.0));
#10621=CARTESIAN_POINT('',(13.065710286,-8.143543796,0.0));
#10622=CARTESIAN_POINT('',(13.070717412,-8.119134056,0.0));
#10623=CARTESIAN_POINT('',(13.10222058,-8.114752821,0.0));
#10624=ORIENTED_EDGE('',*,*,#10625,.T.);
#10625=EDGE_CURVE('NONE',#10617,#10626,#10628,.F.);
#10626=VERTEX_POINT('NONE',#10627);
#10627=CARTESIAN_POINT('',(13.10222058,-8.114752821,0.001));
#10628=LINE('',#10629,#10630);
#10629=CARTESIAN_POINT('',(13.10222058,-8.114752821,0.001));
#10630=VECTOR('',#10631,1.0);
#10631=DIRECTION('',(0.0,0.0,-1.0));
#10632=ORIENTED_EDGE('',*,*,#10633,.T.);
#10633=EDGE_CURVE('NONE',#10626,#10582,#10634,.F.);
#10634=B_SPLINE_CURVE_WITH_KNOTS('',3,(#10635,#10636,#10637,#10638),.UNSPECIFIED.,.F.,.U.,(4,4),(0.6,1.0),.PIECEWISE_BEZIER_KNOTS.);
#10635=CARTESIAN_POINT('',(13.067587958,-8.166493123,0.001));
#10636=CARTESIAN_POINT('',(13.065710286,-8.143543796,0.001));
#10637=CARTESIAN_POINT('',(13.070717412,-8.119134056,0.001));
#10638=CARTESIAN_POINT('',(13.10222058,-8.114752821,0.001));
#10639=ORIENTED_EDGE('',*,*,#10581,.F.);
#10640=B_SPLINE_SURFACE_WITH_KNOTS('',3,1,((#10641,#10642),(#10643,#10644),(#10645,#10646),(#10647,#10648)),.UNSPECIFIED.,.F.,.F.,.U.,(4,4),(2,2),(0.6,1.0),(0.0,1.0),.PIECEWISE_BEZIER_KNOTS.);
#10641=CARTESIAN_POINT('',(13.067587958,-8.166493123,0.001));
#10642=CARTESIAN_POINT('',(13.067587958,-8.166493123,0.0));
#10643=CARTESIAN_POINT('',(13.065710286,-8.143543796,0.001));
#10644=CARTESIAN_POINT('',(13.065710286,-8.143543796,0.0));
#10645=CARTESIAN_POINT('',(13.070717412,-8.119134056,0.001));
#10646=CARTESIAN_POINT('',(13.070717412,-8.119134056,0.0));
#10647=CARTESIAN_POINT('',(13.10222058,-8.114752821,0.001));
#10648=CARTESIAN_POINT('',(13.10222058,-8.114752821,0.0));
#10649=ADVANCED_FACE('NONE',(#10650),#10677,.F.);
#10650=FACE_BOUND('NONE',#10651,.T.);
#10651=EDGE_LOOP('',(#10652,#10661,#10669,#10676));
#10652=ORIENTED_EDGE('',*,*,#10653,.T.);
#10653=EDGE_CURVE('NONE',#10617,#10654,#10656,.T.);
#10654=VERTEX_POINT('NONE',#10655);
#10655=CARTESIAN_POINT('',(13.153543622,-8.151263115,0.0));
#10656=B_SPLINE_CURVE_WITH_KNOTS('',3,(#10657,#10658,#10659,#10660),.UNSPECIFIED.,.F.,.U.,(4,4),(0.0,0.2),.PIECEWISE_BEZIER_KNOTS.);
#10657=CARTESIAN_POINT('',(13.10222058,-8.114752821,0.0));
#10658=CARTESIAN_POINT('',(13.13539279,-8.109954325,0.0));
#10659=CARTESIAN_POINT('',(13.151248689,-8.126644745,0.0));
#10660=CARTESIAN_POINT('',(13.153543622,-8.151263115,0.0));
#10661=ORIENTED_EDGE('',*,*,#10662,.T.);
#10662=EDGE_CURVE('NONE',#10654,#10663,#10665,.F.);
#10663=VERTEX_POINT('NONE',#10664);
#10664=CARTESIAN_POINT('',(13.153543622,-8.151263115,0.001));
#10665=LINE('',#10666,#10667);
#10666=CARTESIAN_POINT('',(13.153543622,-8.151263115,0.001));
#10667=VECTOR('',#10668,1.0);
#10668=DIRECTION('',(0.0,0.0,-1.0));
#10669=ORIENTED_EDGE('',*,*,#10670,.T.);
#10670=EDGE_CURVE('NONE',#10663,#10626,#10671,.F.);
#10671=B_SPLINE_CURVE_WITH_KNOTS('',3,(#10672,#10673,#10674,#10675),.UNSPECIFIED.,.F.,.U.,(4,4),(0.0,0.2),.PIECEWISE_BEZIER_KNOTS.);
#10672=CARTESIAN_POINT('',(13.10222058,-8.114752821,0.001));
#10673=CARTESIAN_POINT('',(13.13539279,-8.109954325,0.001));
#10674=CARTESIAN_POINT('',(13.151248689,-8.126644745,0.001));
#10675=CARTESIAN_POINT('',(13.153543622,-8.151263115,0.001));
#10676=ORIENTED_EDGE('',*,*,#10625,.F.);
#10677=B_SPLINE_SURFACE_WITH_KNOTS('',3,1,((#10678,#10679),(#10680,#10681),(#10682,#10683),(#10684,#10685)),.UNSPECIFIED.,.F.,.F.,.U.,(4,4),(2,2),(0.0,0.2),(0.0,1.0),.PIECEWISE_BEZIER_KNOTS.);
#10678=CARTESIAN_POINT('',(13.10222058,-8.114752821,0.001));
#10679=CARTESIAN_POINT('',(13.10222058,-8.114752821,0.0));
#10680=CARTESIAN_POINT('',(13.13539279,-8.109954325,0.001));
#10681=CARTESIAN_POINT('',(13.13539279,-8.109954325,0.0));
#10682=CARTESIAN_POINT('',(13.151248689,-8.126644745,0.001));
#10683=CARTESIAN_POINT('',(13.151248689,-8.126644745,0.0));
#10684=CARTESIAN_POINT('',(13.153543622,-8.151263115,0.001));
#10685=CARTESIAN_POINT('',(13.153543622,-8.151263115,0.0));
#10686=ADVANCED_FACE('NONE',(#10687),#10705,.F.);
#10687=FACE_BOUND('NONE',#10688,.T.);
#10688=EDGE_LOOP('',(#10689,#10696,#10697,#10704));
#10689=ORIENTED_EDGE('',*,*,#10690,.T.);
#10690=EDGE_CURVE('NONE',#10654,#10571,#10691,.T.);
#10691=B_SPLINE_CURVE_WITH_KNOTS('',3,(#10692,#10693,#10694,#10695),.UNSPECIFIED.,.F.,.U.,(4,4),(0.2,0.4),.PIECEWISE_BEZIER_KNOTS.);
#10692=CARTESIAN_POINT('',(13.153543622,-8.151263115,0.0));
#10693=CARTESIAN_POINT('',(13.156047185,-8.177550527,0.0));
#10694=CARTESIAN_POINT('',(13.149579647,-8.200499855,0.0));
#10695=CARTESIAN_POINT('',(13.120371412,-8.204046569,0.0));
#10696=ORIENTED_EDGE('',*,*,#10598,.F.);
#10697=ORIENTED_EDGE('',*,*,#10698,.T.);
#10698=EDGE_CURVE('NONE',#10590,#10663,#10699,.F.);
#10699=B_SPLINE_CURVE_WITH_KNOTS('',3,(#10700,#10701,#10702,#10703),.UNSPECIFIED.,.F.,.U.,(4,4),(0.2,0.4),.PIECEWISE_BEZIER_KNOTS.);
#10700=CARTESIAN_POINT('',(13.153543622,-8.151263115,0.001));
#10701=CARTESIAN_POINT('',(13.156047185,-8.177550527,0.001));
#10702=CARTESIAN_POINT('',(13.149579647,-8.200499855,0.001));
#10703=CARTESIAN_POINT('',(13.120371412,-8.204046569,0.001));
#10704=ORIENTED_EDGE('',*,*,#10662,.F.);
#10705=B_SPLINE_SURFACE_WITH_KNOTS('',3,1,((#10706,#10707),(#10708,#10709),(#10710,#10711),(#10712,#10713)),.UNSPECIFIED.,.F.,.F.,.U.,(4,4),(2,2),(0.2,0.4),(0.0,1.0),.PIECEWISE_BEZIER_KNOTS.);
#10706=CARTESIAN_POINT('',(13.153543622,-8.151263115,0.001));
#10707=CARTESIAN_POINT('',(13.153543622,-8.151263115,0.0));
#10708=CARTESIAN_POINT('',(13.156047185,-8.177550527,0.001));
#10709=CARTESIAN_POINT('',(13.156047185,-8.177550527,0.0));
#10710=CARTESIAN_POINT('',(13.149579647,-8.200499855,0.001));
#10711=CARTESIAN_POINT('',(13.149579647,-8.200499855,0.0));
#10712=CARTESIAN_POINT('',(13.120371412,-8.204046569,0.001));
#10713=CARTESIAN_POINT('',(13.120371412,-8.204046569,0.0));
#10714=ADVANCED_FACE('NONE',(#10715),#10733,.F.);
#10715=FACE_BOUND('NONE',#10716,.T.);
#10716=EDGE_LOOP('',(#10717,#10724,#10725,#10732));
#10717=ORIENTED_EDGE('',*,*,#10718,.T.);
#10718=EDGE_CURVE('NONE',#10540,#10327,#10719,.T.);
#10719=B_SPLINE_CURVE_WITH_KNOTS('',3,(#10720,#10721,#10722,#10723),.UNSPECIFIED.,.F.,.U.,(4,4),(0.444444444,0.555555556),.PIECEWISE_BEZIER_KNOTS.);
#10720=CARTESIAN_POINT('',(13.191931588,-8.154183938,0.0));
#10721=CARTESIAN_POINT('',(13.191931588,-8.113709669,0.0));
#10722=CARTESIAN_POINT('',(13.164183765,-8.094098426,0.0));
#10723=CARTESIAN_POINT('',(13.115781546,-8.094098426,0.0));
#10724=ORIENTED_EDGE('',*,*,#10352,.F.);
#10725=ORIENTED_EDGE('',*,*,#10726,.T.);
#10726=EDGE_CURVE('NONE',#10345,#10548,#10727,.F.);
#10727=B_SPLINE_CURVE_WITH_KNOTS('',3,(#10728,#10729,#10730,#10731),.UNSPECIFIED.,.F.,.U.,(4,4),(0.444444444,0.555555556),.PIECEWISE_BEZIER_KNOTS.);
#10728=CARTESIAN_POINT('',(13.191931588,-8.154183938,0.001));
#10729=CARTESIAN_POINT('',(13.191931588,-8.113709669,0.001));
#10730=CARTESIAN_POINT('',(13.164183765,-8.094098426,0.001));
#10731=CARTESIAN_POINT('',(13.115781546,-8.094098426,0.001));
#10732=ORIENTED_EDGE('',*,*,#10547,.F.);
#10733=B_SPLINE_SURFACE_WITH_KNOTS('',3,1,((#10734,#10735),(#10736,#10737),(#10738,#10739),(#10740,#10741)),.UNSPECIFIED.,.F.,.F.,.U.,(4,4),(2,2),(0.444444444,0.555555556),(0.0,1.0),.PIECEWISE_BEZIER_KNOTS.);
#10734=CARTESIAN_POINT('',(13.191931588,-8.154183938,0.001));
#10735=CARTESIAN_POINT('',(13.191931588,-8.154183938,0.0));
#10736=CARTESIAN_POINT('',(13.191931588,-8.113709669,0.001));
#10737=CARTESIAN_POINT('',(13.191931588,-8.113709669,0.0));
#10738=CARTESIAN_POINT('',(13.164183765,-8.094098426,0.001));
#10739=CARTESIAN_POINT('',(13.164183765,-8.094098426,0.0));
#10740=CARTESIAN_POINT('',(13.115781546,-8.094098426,0.001));
#10741=CARTESIAN_POINT('',(13.115781546,-8.094098426,0.0));
#10742=ADVANCED_FACE('NONE',(#10743,#10749),#10759,.T.);
#10743=FACE_BOUND('NONE',#10744,.T.);
#10744=EDGE_LOOP('',(#10745,#10746,#10747,#10748));
#10745=ORIENTED_EDGE('',*,*,#10589,.F.);
#10746=ORIENTED_EDGE('',*,*,#10633,.F.);
#10747=ORIENTED_EDGE('',*,*,#10670,.F.);
#10748=ORIENTED_EDGE('',*,*,#10698,.F.);
#10749=FACE_BOUND('NONE',#10750,.T.);
#10750=EDGE_LOOP('',(#10751,#10752,#10753,#10754,#10755,#10756,#10757,#10758));
#10751=ORIENTED_EDGE('',*,*,#10344,.F.);
#10752=ORIENTED_EDGE('',*,*,#10383,.F.);
#10753=ORIENTED_EDGE('',*,*,#10419,.F.);
#10754=ORIENTED_EDGE('',*,*,#10451,.F.);
#10755=ORIENTED_EDGE('',*,*,#10487,.F.);
#10756=ORIENTED_EDGE('',*,*,#10519,.F.);
#10757=ORIENTED_EDGE('',*,*,#10555,.F.);
#10758=ORIENTED_EDGE('',*,*,#10726,.F.);
#10759=PLANE('',#10760);
#10760=AXIS2_PLACEMENT_3D('',#10761,#10762,#10763);
#10761=CARTESIAN_POINT('',(0.0,0.0,0.001));
#10762=DIRECTION('',(0.0,0.0,1.0));
#10763=DIRECTION('',(1.0,0.0,0.0));
#10764=ADVANCED_FACE('NONE',(#10765,#10771),#10781,.F.);
#10765=FACE_BOUND('NONE',#10766,.T.);
#10766=EDGE_LOOP('',(#10767,#10768,#10769,#10770));
#10767=ORIENTED_EDGE('',*,*,#10570,.F.);
#10768=ORIENTED_EDGE('',*,*,#10690,.F.);
#10769=ORIENTED_EDGE('',*,*,#10653,.F.);
#10770=ORIENTED_EDGE('',*,*,#10616,.F.);
#10771=FACE_BOUND('NONE',#10772,.T.);
#10772=EDGE_LOOP('',(#10773,#10774,#10775,#10776,#10777,#10778,#10779,#10780));
#10773=ORIENTED_EDGE('',*,*,#10326,.F.);
#10774=ORIENTED_EDGE('',*,*,#10718,.F.);
#10775=ORIENTED_EDGE('',*,*,#10539,.F.);
#10776=ORIENTED_EDGE('',*,*,#10502,.F.);
#10777=ORIENTED_EDGE('',*,*,#10471,.F.);
#10778=ORIENTED_EDGE('',*,*,#10434,.F.);
#10779=ORIENTED_EDGE('',*,*,#10403,.F.);
#10780=ORIENTED_EDGE('',*,*,#10366,.F.);
#10781=PLANE('',#10782);
#10782=AXIS2_PLACEMENT_3D('',#10783,#10784,#10785);
#10783=CARTESIAN_POINT('',(0.0,0.0,0.0));
#10784=DIRECTION('',(0.0,0.0,1.0));
#10785=DIRECTION('',(1.0,0.0,0.0));
#10786=MANIFOLD_SOLID_BREP('Boss-Extrude1[17]',#10787);
#10787=CLOSED_SHELL('NONE',(#10788,#10834,#10871,#10902,#10933,#10964,#11001,#11038,#11075,#11112,#11143,#11174,#11205,#11251,#11288,#11319,#11356,#11384,#11406,#11434));
#10788=ADVANCED_FACE('NONE',(#10789),#10825,.F.);
#10789=FACE_BOUND('NONE',#10790,.T.);
#10790=EDGE_LOOP('',(#10791,#10802,#10810,#10819));
#10791=ORIENTED_EDGE('',*,*,#10792,.T.);
#10792=EDGE_CURVE('NONE',#10793,#10795,#10797,.T.);
#10793=VERTEX_POINT('NONE',#10794);
#10794=CARTESIAN_POINT('',(13.316483849,-8.174629703,0.0));
#10795=VERTEX_POINT('NONE',#10796);
#10796=CARTESIAN_POINT('',(13.335677832,-8.198622182,0.0));
#10797=B_SPLINE_CURVE_WITH_KNOTS('',3,(#10798,#10799,#10800,#10801),.UNSPECIFIED.,.F.,.U.,(4,4),(0.714285714,0.785714286),.PIECEWISE_BEZIER_KNOTS.);
#10798=CARTESIAN_POINT('',(13.316483849,-8.174629703,0.0));
#10799=CARTESIAN_POINT('',(13.322534126,-8.182349023,0.0));
#10800=CARTESIAN_POINT('',(13.329001664,-8.190276972,0.0));
#10801=CARTESIAN_POINT('',(13.335677832,-8.198622182,0.0));
#10802=ORIENTED_EDGE('',*,*,#10803,.T.);
#10803=EDGE_CURVE('NONE',#10795,#10804,#10806,.F.);
#10804=VERTEX_POINT('NONE',#10805);
#10805=CARTESIAN_POINT('',(13.335677832,-8.198622182,0.001));
#10806=LINE('',#10807,#10808);
#10807=CARTESIAN_POINT('',(13.335677832,-8.198622182,0.001));
#10808=VECTOR('',#10809,1.0);
#10809=DIRECTION('',(0.0,0.0,-1.0));
#10810=ORIENTED_EDGE('',*,*,#10811,.T.);
#10811=EDGE_CURVE('NONE',#10804,#10812,#10814,.F.);
#10812=VERTEX_POINT('NONE',#10813);
#10813=CARTESIAN_POINT('',(13.316483849,-8.174629703,0.001));
#10814=B_SPLINE_CURVE_WITH_KNOTS('',3,(#10815,#10816,#10817,#10818),.UNSPECIFIED.,.F.,.U.,(4,4),(0.714285714,0.785714286),.PIECEWISE_BEZIER_KNOTS.);
#10815=CARTESIAN_POINT('',(13.316483849,-8.174629703,0.001));
#10816=CARTESIAN_POINT('',(13.322534126,-8.182349023,0.001));
#10817=CARTESIAN_POINT('',(13.329001664,-8.190276972,0.001));
#10818=CARTESIAN_POINT('',(13.335677832,-8.198622182,0.001));
#10819=ORIENTED_EDGE('',*,*,#10820,.T.);
#10820=EDGE_CURVE('NONE',#10812,#10793,#10821,.T.);
#10821=LINE('',#10822,#10823);
#10822=CARTESIAN_POINT('',(13.316483849,-8.174629703,0.001));
#10823=VECTOR('',#10824,1.0);
#10824=DIRECTION('',(0.0,0.0,-1.0));
#10825=B_SPLINE_SURFACE_WITH_KNOTS('',3,1,((#10826,#10827),(#10828,#10829),(#10830,#10831),(#10832,#10833)),.UNSPECIFIED.,.F.,.F.,.U.,(4,4),(2,2),(0.714285714,0.785714286),(0.0,1.0),.PIECEWISE_BEZIER_KNOTS.);
#10826=CARTESIAN_POINT('',(13.316483849,-8.174629703,0.001));
#10827=CARTESIAN_POINT('',(13.316483849,-8.174629703,0.0));
#10828=CARTESIAN_POINT('',(13.322534126,-8.182349023,0.001));
#10829=CARTESIAN_POINT('',(13.322534126,-8.182349023,0.0));
#10830=CARTESIAN_POINT('',(13.329001664,-8.190276972,0.001));
#10831=CARTESIAN_POINT('',(13.329001664,-8.190276972,0.0));
#10832=CARTESIAN_POINT('',(13.335677832,-8.198622182,0.001));
#10833=CARTESIAN_POINT('',(13.335677832,-8.198622182,0.0));
#10834=ADVANCED_FACE('NONE',(#10835),#10862,.F.);
#10835=FACE_BOUND('NONE',#10836,.T.);
#10836=EDGE_LOOP('',(#10837,#10846,#10854,#10861));
#10837=ORIENTED_EDGE('',*,*,#10838,.T.);
#10838=EDGE_CURVE('NONE',#10795,#10839,#10841,.T.);
#10839=VERTEX_POINT('NONE',#10840);
#10840=CARTESIAN_POINT('',(13.354245925,-8.222614661,0.0));
#10841=B_SPLINE_CURVE_WITH_KNOTS('',3,(#10842,#10843,#10844,#10845),.UNSPECIFIED.,.F.,.U.,(4,4),(0.785714286,0.857142857),.PIECEWISE_BEZIER_KNOTS.);
#10842=CARTESIAN_POINT('',(13.335677832,-8.198622182,0.0));
#10843=CARTESIAN_POINT('',(13.340059068,-8.204255199,0.0));
#10844=CARTESIAN_POINT('',(13.351950992,-8.217398905,0.0));
#10845=CARTESIAN_POINT('',(13.354245925,-8.222614661,0.0));
#10846=ORIENTED_EDGE('',*,*,#10847,.T.);
#10847=EDGE_CURVE('NONE',#10839,#10848,#10850,.F.);
#10848=VERTEX_POINT('NONE',#10849);
#10849=CARTESIAN_POINT('',(13.354245925,-8.222614661,0.001));
#10850=LINE('',#10851,#10852);
#10851=CARTESIAN_POINT('',(13.354245925,-8.222614661,0.001));
#10852=VECTOR('',#10853,1.0);
#10853=DIRECTION('',(0.0,0.0,-1.0));
#10854=ORIENTED_EDGE('',*,*,#10855,.T.);
#10855=EDGE_CURVE('NONE',#10848,#10804,#10856,.F.);
#10856=B_SPLINE_CURVE_WITH_KNOTS('',3,(#10857,#10858,#10859,#10860),.UNSPECIFIED.,.F.,.U.,(4,4),(0.785714286,0.857142857),.PIECEWISE_BEZIER_KNOTS.);
#10857=CARTESIAN_POINT('',(13.335677832,-8.198622182,0.001));
#10858=CARTESIAN_POINT('',(13.340059068,-8.204255199,0.001));
#10859=CARTESIAN_POINT('',(13.351950992,-8.217398905,0.001));
#10860=CARTESIAN_POINT('',(13.354245925,-8.222614661,0.001));
#10861=ORIENTED_EDGE('',*,*,#10803,.F.);
#10862=B_SPLINE_SURFACE_WITH_KNOTS('',3,1,((#10863,#10864),(#10865,#10866),(#10867,#10868),(#10869,#10870)),.UNSPECIFIED.,.F.,.F.,.U.,(4,4),(2,2),(0.785714286,0.857142857),(0.0,1.0),.PIECEWISE_BEZIER_KNOTS.);
#10863=CARTESIAN_POINT('',(13.335677832,-8.198622182,0.001));
#10864=CARTESIAN_POINT('',(13.335677832,-8.198622182,0.0));
#10865=CARTESIAN_POINT('',(13.340059068,-8.204255199,0.001));
#10866=CARTESIAN_POINT('',(13.340059068,-8.204255199,0.0));
#10867=CARTESIAN_POINT('',(13.351950992,-8.217398905,0.001));
#10868=CARTESIAN_POINT('',(13.351950992,-8.217398905,0.0));
#10869=CARTESIAN_POINT('',(13.354245925,-8.222614661,0.001));
#10870=CARTESIAN_POINT('',(13.354245925,-8.222614661,0.0));
#10871=ADVANCED_FACE('NONE',(#10872),#10897,.F.);
#10872=FACE_BOUND('NONE',#10873,.T.);
#10873=EDGE_LOOP('',(#10874,#10882,#10890,#10896));
#10874=ORIENTED_EDGE('',*,*,#10875,.T.);
#10875=EDGE_CURVE('NONE',#10839,#10876,#10878,.T.);
#10876=VERTEX_POINT('NONE',#10877);
#10877=CARTESIAN_POINT('',(13.395971975,-8.222406031,0.0));
#10878=LINE('',#10879,#10880);
#10879=CARTESIAN_POINT('',(0.041445893,-8.289178661,0.0));
#10880=VECTOR('',#10881,1.0);
#10881=DIRECTION('',(0.9999875,0.004999938,0.0));
#10882=ORIENTED_EDGE('',*,*,#10883,.T.);
#10883=EDGE_CURVE('NONE',#10876,#10884,#10886,.F.);
#10884=VERTEX_POINT('NONE',#10885);
#10885=CARTESIAN_POINT('',(13.395971975,-8.222406031,0.001));
#10886=LINE('',#10887,#10888);
#10887=CARTESIAN_POINT('',(13.395971975,-8.222406031,0.001));
#10888=VECTOR('',#10889,1.0);
#10889=DIRECTION('',(0.0,0.0,-1.0));
#10890=ORIENTED_EDGE('',*,*,#10891,.T.);
#10891=EDGE_CURVE('NONE',#10884,#10848,#10892,.F.);
#10892=LINE('',#10893,#10894);
#10893=CARTESIAN_POINT('',(0.041445893,-8.289178661,0.001));
#10894=VECTOR('',#10895,1.0);
#10895=DIRECTION('',(0.9999875,0.004999938,0.0));
#10896=ORIENTED_EDGE('',*,*,#10847,.F.);
#10897=PLANE('',#10898);
#10898=AXIS2_PLACEMENT_3D('',#10899,#10900,#10901);
#10899=CARTESIAN_POINT('',(0.041445893,-8.289178661,0.001));
#10900=DIRECTION('',(-0.004999938,0.9999875,0.0));
#10901=DIRECTION('',(-0.9999875,-0.004999938,0.0));
#10902=ADVANCED_FACE('NONE',(#10903),#10928,.F.);
#10903=FACE_BOUND('NONE',#10904,.T.);
#10904=EDGE_LOOP('',(#10905,#10913,#10921,#10927));
#10905=ORIENTED_EDGE('',*,*,#10906,.T.);
#10906=EDGE_CURVE('NONE',#10876,#10907,#10909,.T.);
#10907=VERTEX_POINT('NONE',#10908);
#10908=CARTESIAN_POINT('',(13.395971975,-8.22115425,0.0));
#10909=LINE('',#10910,#10911);
#10910=CARTESIAN_POINT('',(13.395971975,0.0,0.0));
#10911=VECTOR('',#10912,1.0);
#10912=DIRECTION('',(0.0,1.0,0.0));
#10913=ORIENTED_EDGE('',*,*,#10914,.T.);
#10914=EDGE_CURVE('NONE',#10907,#10915,#10917,.F.);
#10915=VERTEX_POINT('NONE',#10916);
#10916=CARTESIAN_POINT('',(13.395971975,-8.22115425,0.001));
#10917=LINE('',#10918,#10919);
#10918=CARTESIAN_POINT('',(13.395971975,-8.22115425,0.001));
#10919=VECTOR('',#10920,1.0);
#10920=DIRECTION('',(0.0,0.0,-1.0));
#10921=ORIENTED_EDGE('',*,*,#10922,.T.);
#10922=EDGE_CURVE('NONE',#10915,#10884,#10923,.F.);
#10923=LINE('',#10924,#10925);
#10924=CARTESIAN_POINT('',(13.395971975,0.0,0.001));
#10925=VECTOR('',#10926,1.0);
#10926=DIRECTION('',(0.0,1.0,0.0));
#10927=ORIENTED_EDGE('',*,*,#10883,.F.);
#10928=PLANE('',#10929);
#10929=AXIS2_PLACEMENT_3D('',#10930,#10931,#10932);
#10930=CARTESIAN_POINT('',(13.395971975,0.0,0.001));
#10931=DIRECTION('',(-1.0,0.0,0.0));
#10932=DIRECTION('',(0.0,0.0,1.0));
#10933=ADVANCED_FACE('NONE',(#10934),#10959,.F.);
#10934=FACE_BOUND('NONE',#10935,.T.);
#10935=EDGE_LOOP('',(#10936,#10944,#10952,#10958));
#10936=ORIENTED_EDGE('',*,*,#10937,.T.);
#10937=EDGE_CURVE('NONE',#10907,#10938,#10940,.T.);
#10938=VERTEX_POINT('NONE',#10939);
#10939=CARTESIAN_POINT('',(13.355914967,-8.172543401,0.0));
#10940=LINE('',#10941,#10942);
#10941=CARTESIAN_POINT('',(3.943615307,3.249674416,0.0));
#10942=VECTOR('',#10943,1.0);
#10943=DIRECTION('',(-0.635939418,0.771738982,0.0));
#10944=ORIENTED_EDGE('',*,*,#10945,.T.);
#10945=EDGE_CURVE('NONE',#10938,#10946,#10948,.F.);
#10946=VERTEX_POINT('NONE',#10947);
#10947=CARTESIAN_POINT('',(13.355914967,-8.172543401,0.001));
#10948=LINE('',#10949,#10950);
#10949=CARTESIAN_POINT('',(13.355914967,-8.172543401,0.001));
#10950=VECTOR('',#10951,1.0);
#10951=DIRECTION('',(0.0,0.0,-1.0));
#10952=ORIENTED_EDGE('',*,*,#10953,.T.);
#10953=EDGE_CURVE('NONE',#10946,#10915,#10954,.F.);
#10954=LINE('',#10955,#10956);
#10955=CARTESIAN_POINT('',(3.943615307,3.249674416,0.001));
#10956=VECTOR('',#10957,1.0);
#10957=DIRECTION('',(-0.635939418,0.771738982,0.0));
#10958=ORIENTED_EDGE('',*,*,#10914,.F.);
#10959=PLANE('',#10960);
#10960=AXIS2_PLACEMENT_3D('',#10961,#10962,#10963);
#10961=CARTESIAN_POINT('',(3.943615307,3.249674416,0.001));
#10962=DIRECTION('',(-0.771738982,-0.635939418,0.0));
#10963=DIRECTION('',(0.635939418,-0.771738982,0.0));
#10964=ADVANCED_FACE('NONE',(#10965),#10992,.F.);
#10965=FACE_BOUND('NONE',#10966,.T.);
#10966=EDGE_LOOP('',(#10967,#10976,#10984,#10991));
#10967=ORIENTED_EDGE('',*,*,#10968,.T.);
#10968=EDGE_CURVE('NONE',#10938,#10969,#10971,.T.);
#10969=VERTEX_POINT('NONE',#10970);
#10970=CARTESIAN_POINT('',(13.391173479,-8.144586947,0.0));
#10971=B_SPLINE_CURVE_WITH_KNOTS('',3,(#10972,#10973,#10974,#10975),.UNSPECIFIED.,.F.,.U.,(4,4),(0.142857143,0.214285714),.PIECEWISE_BEZIER_KNOTS.);
#10972=CARTESIAN_POINT('',(13.355914967,-8.172543401,0.0));
#10973=CARTESIAN_POINT('',(13.375734841,-8.166701754,0.0));
#10974=CARTESIAN_POINT('',(13.387209505,-8.162737779,0.0));
#10975=CARTESIAN_POINT('',(13.391173479,-8.144586947,0.0));
#10976=ORIENTED_EDGE('',*,*,#10977,.T.);
#10977=EDGE_CURVE('NONE',#10969,#10978,#10980,.F.);
#10978=VERTEX_POINT('NONE',#10979);
#10979=CARTESIAN_POINT('',(13.391173479,-8.144586947,0.001));
#10980=LINE('',#10981,#10982);
#10981=CARTESIAN_POINT('',(13.391173479,-8.144586947,0.001));
#10982=VECTOR('',#10983,1.0);
#10983=DIRECTION('',(0.0,0.0,-1.0));
#10984=ORIENTED_EDGE('',*,*,#10985,.T.);
#10985=EDGE_CURVE('NONE',#10978,#10946,#10986,.F.);
#10986=B_SPLINE_CURVE_WITH_KNOTS('',3,(#10987,#10988,#10989,#10990),.UNSPECIFIED.,.F.,.U.,(4,4),(0.142857143,0.214285714),.PIECEWISE_BEZIER_KNOTS.);
#10987=CARTESIAN_POINT('',(13.355914967,-8.172543401,0.001));
#10988=CARTESIAN_POINT('',(13.375734841,-8.166701754,0.001));
#10989=CARTESIAN_POINT('',(13.387209505,-8.162737779,0.001));
#10990=CARTESIAN_POINT('',(13.391173479,-8.144586947,0.001));
#10991=ORIENTED_EDGE('',*,*,#10945,.F.);
#10992=B_SPLINE_SURFACE_WITH_KNOTS('',3,1,((#10993,#10994),(#10995,#10996),(#10997,#10998),(#10999,#11000)),.UNSPECIFIED.,.F.,.F.,.U.,(4,4),(2,2),(0.142857143,0.214285714),(0.0,1.0),.PIECEWISE_BEZIER_KNOTS.);
#10993=CARTESIAN_POINT('',(13.355914967,-8.172543401,0.001));
#10994=CARTESIAN_POINT('',(13.355914967,-8.172543401,0.0));
#10995=CARTESIAN_POINT('',(13.375734841,-8.166701754,0.001));
#10996=CARTESIAN_POINT('',(13.375734841,-8.166701754,0.0));
#10997=CARTESIAN_POINT('',(13.387209505,-8.162737779,0.001));
#10998=CARTESIAN_POINT('',(13.387209505,-8.162737779,0.0));
#10999=CARTESIAN_POINT('',(13.391173479,-8.144586947,0.001));
#11000=CARTESIAN_POINT('',(13.391173479,-8.144586947,0.0));
#11001=ADVANCED_FACE('NONE',(#11002),#11029,.F.);
#11002=FACE_BOUND('NONE',#11003,.T.);
#11003=EDGE_LOOP('',(#11004,#11013,#11021,#11028));
#11004=ORIENTED_EDGE('',*,*,#11005,.T.);
#11005=EDGE_CURVE('NONE',#10969,#11006,#11008,.T.);
#11006=VERTEX_POINT('NONE',#11007);
#11007=CARTESIAN_POINT('',(13.373022647,-8.104321308,0.0));
#11008=B_SPLINE_CURVE_WITH_KNOTS('',3,(#11009,#11010,#11011,#11012),.UNSPECIFIED.,.F.,.U.,(4,4),(0.214285714,0.285714286),.PIECEWISE_BEZIER_KNOTS.);
#11009=CARTESIAN_POINT('',(13.391173479,-8.144586947,0.0));
#11010=CARTESIAN_POINT('',(13.395346084,-8.126853375,0.0));
#11011=CARTESIAN_POINT('',(13.386166353,-8.110997476,0.0));
#11012=CARTESIAN_POINT('',(13.373022647,-8.104321308,0.0));
#11013=ORIENTED_EDGE('',*,*,#11014,.T.);
#11014=EDGE_CURVE('NONE',#11006,#11015,#11017,.F.);
#11015=VERTEX_POINT('NONE',#11016);
#11016=CARTESIAN_POINT('',(13.373022647,-8.104321308,0.001));
#11017=LINE('',#11018,#11019);
#11018=CARTESIAN_POINT('',(13.373022647,-8.104321308,0.001));
#11019=VECTOR('',#11020,1.0);
#11020=DIRECTION('',(0.0,0.0,-1.0));
#11021=ORIENTED_EDGE('',*,*,#11022,.T.);
#11022=EDGE_CURVE('NONE',#11015,#10978,#11023,.F.);
#11023=B_SPLINE_CURVE_WITH_KNOTS('',3,(#11024,#11025,#11026,#11027),.UNSPECIFIED.,.F.,.U.,(4,4),(0.214285714,0.285714286),.PIECEWISE_BEZIER_KNOTS.);
#11024=CARTESIAN_POINT('',(13.391173479,-8.144586947,0.001));
#11025=CARTESIAN_POINT('',(13.395346084,-8.126853375,0.001));
#11026=CARTESIAN_POINT('',(13.386166353,-8.110997476,0.001));
#11027=CARTESIAN_POINT('',(13.373022647,-8.104321308,0.001));
#11028=ORIENTED_EDGE('',*,*,#10977,.F.);
#11029=B_SPLINE_SURFACE_WITH_KNOTS('',3,1,((#11030,#11031),(#11032,#11033),(#11034,#11035),(#11036,#11037)),.UNSPECIFIED.,.F.,.F.,.U.,(4,4),(2,2),(0.214285714,0.285714286),(0.0,1.0),.PIECEWISE_BEZIER_KNOTS.);
#11030=CARTESIAN_POINT('',(13.391173479,-8.144586947,0.001));
#11031=CARTESIAN_POINT('',(13.391173479,-8.144586947,0.0));
#11032=CARTESIAN_POINT('',(13.395346084,-8.126853375,0.001));
#11033=CARTESIAN_POINT('',(13.395346084,-8.126853375,0.0));
#11034=CARTESIAN_POINT('',(13.386166353,-8.110997476,0.001));
#11035=CARTESIAN_POINT('',(13.386166353,-8.110997476,0.0));
#11036=CARTESIAN_POINT('',(13.373022647,-8.104321308,0.001));
#11037=CARTESIAN_POINT('',(13.373022647,-8.104321308,0.0));
#11038=ADVANCED_FACE('NONE',(#11039),#11066,.F.);
#11039=FACE_BOUND('NONE',#11040,.T.);
#11040=EDGE_LOOP('',(#11041,#11050,#11058,#11065));
#11041=ORIENTED_EDGE('',*,*,#11042,.T.);
#11042=EDGE_CURVE('NONE',#11006,#11043,#11045,.T.);
#11043=VERTEX_POINT('NONE',#11044);
#11044=CARTESIAN_POINT('',(13.310642202,-8.098479661,0.0));
#11045=B_SPLINE_CURVE_WITH_KNOTS('',3,(#11046,#11047,#11048,#11049),.UNSPECIFIED.,.F.,.U.,(4,4),(0.285714286,0.357142857),.PIECEWISE_BEZIER_KNOTS.);
#11046=CARTESIAN_POINT('',(13.373022647,-8.104321308,0.0));
#11047=CARTESIAN_POINT('',(13.357375378,-8.095976098,0.0));
#11048=CARTESIAN_POINT('',(13.331713857,-8.098479661,0.0));
#11049=CARTESIAN_POINT('',(13.310642202,-8.098479661,0.0));
#11050=ORIENTED_EDGE('',*,*,#11051,.T.);
#11051=EDGE_CURVE('NONE',#11043,#11052,#11054,.F.);
#11052=VERTEX_POINT('NONE',#11053);
#11053=CARTESIAN_POINT('',(13.310642202,-8.098479661,0.001));
#11054=LINE('',#11055,#11056);
#11055=CARTESIAN_POINT('',(13.310642202,-8.098479661,0.001));
#11056=VECTOR('',#11057,1.0);
#11057=DIRECTION('',(0.0,0.0,-1.0));
#11058=ORIENTED_EDGE('',*,*,#11059,.T.);
#11059=EDGE_CURVE('NONE',#11052,#11015,#11060,.F.);
#11060=B_SPLINE_CURVE_WITH_KNOTS('',3,(#11061,#11062,#11063,#11064),.UNSPECIFIED.,.F.,.U.,(4,4),(0.285714286,0.357142857),.PIECEWISE_BEZIER_KNOTS.);
#11061=CARTESIAN_POINT('',(13.373022647,-8.104321308,0.001));
#11062=CARTESIAN_POINT('',(13.357375378,-8.095976098,0.001));
#11063=CARTESIAN_POINT('',(13.331713857,-8.098479661,0.001));
#11064=CARTESIAN_POINT('',(13.310642202,-8.098479661,0.001));
#11065=ORIENTED_EDGE('',*,*,#11014,.F.);
#11066=B_SPLINE_SURFACE_WITH_KNOTS('',3,1,((#11067,#11068),(#11069,#11070),(#11071,#11072),(#11073,#11074)),.UNSPECIFIED.,.F.,.F.,.U.,(4,4),(2,2),(0.285714286,0.357142857),(0.0,1.0),.PIECEWISE_BEZIER_KNOTS.);
#11067=CARTESIAN_POINT('',(13.373022647,-8.104321308,0.001));
#11068=CARTESIAN_POINT('',(13.373022647,-8.104321308,0.0));
#11069=CARTESIAN_POINT('',(13.357375378,-8.095976098,0.001));
#11070=CARTESIAN_POINT('',(13.357375378,-8.095976098,0.0));
#11071=CARTESIAN_POINT('',(13.331713857,-8.098479661,0.001));
#11072=CARTESIAN_POINT('',(13.331713857,-8.098479661,0.0));
#11073=CARTESIAN_POINT('',(13.310642202,-8.098479661,0.001));
#11074=CARTESIAN_POINT('',(13.310642202,-8.098479661,0.0));
#11075=ADVANCED_FACE('NONE',(#11076),#11103,.F.);
#11076=FACE_BOUND('NONE',#11077,.T.);
#11077=EDGE_LOOP('',(#11078,#11087,#11095,#11102));
#11078=ORIENTED_EDGE('',*,*,#11079,.T.);
#11079=EDGE_CURVE('NONE',#11043,#11080,#11082,.T.);
#11080=VERTEX_POINT('NONE',#11081);
#11081=CARTESIAN_POINT('',(13.241794219,-8.098688291,0.0));
#11082=B_SPLINE_CURVE_WITH_KNOTS('',3,(#11083,#11084,#11085,#11086),.UNSPECIFIED.,.F.,.U.,(4,4),(0.357142857,0.428571429),.PIECEWISE_BEZIER_KNOTS.);
#11083=CARTESIAN_POINT('',(13.310642202,-8.098479661,0.0));
#11084=CARTESIAN_POINT('',(13.291030958,-8.098479661,0.0));
#11085=CARTESIAN_POINT('',(13.259945051,-8.096810619,0.0));
#11086=CARTESIAN_POINT('',(13.241794219,-8.098688291,0.0));
#11087=ORIENTED_EDGE('',*,*,#11088,.T.);
#11088=EDGE_CURVE('NONE',#11080,#11089,#11091,.F.);
#11089=VERTEX_POINT('NONE',#11090);
#11090=CARTESIAN_POINT('',(13.241794219,-8.098688291,0.001));
#11091=LINE('',#11092,#11093);
#11092=CARTESIAN_POINT('',(13.241794219,-8.098688291,0.001));
#11093=VECTOR('',#11094,1.0);
#11094=DIRECTION('',(0.0,0.0,-1.0));
#11095=ORIENTED_EDGE('',*,*,#11096,.T.);
#11096=EDGE_CURVE('NONE',#11089,#11052,#11097,.F.);
#11097=B_SPLINE_CURVE_WITH_KNOTS('',3,(#11098,#11099,#11100,#11101),.UNSPECIFIED.,.F.,.U.,(4,4),(0.357142857,0.428571429),.PIECEWISE_BEZIER_KNOTS.);
#11098=CARTESIAN_POINT('',(13.310642202,-8.098479661,0.001));
#11099=CARTESIAN_POINT('',(13.291030958,-8.098479661,0.001));
#11100=CARTESIAN_POINT('',(13.259945051,-8.096810619,0.001));
#11101=CARTESIAN_POINT('',(13.241794219,-8.098688291,0.001));
#11102=ORIENTED_EDGE('',*,*,#11051,.F.);
#11103=B_SPLINE_SURFACE_WITH_KNOTS('',3,1,((#11104,#11105),(#11106,#11107),(#11108,#11109),(#11110,#11111)),.UNSPECIFIED.,.F.,.F.,.U.,(4,4),(2,2),(0.357142857,0.428571429),(0.0,1.0),.PIECEWISE_BEZIER_KNOTS.);
#11104=CARTESIAN_POINT('',(13.310642202,-8.098479661,0.001));
#11105=CARTESIAN_POINT('',(13.310642202,-8.098479661,0.0));
#11106=CARTESIAN_POINT('',(13.291030958,-8.098479661,0.001));
#11107=CARTESIAN_POINT('',(13.291030958,-8.098479661,0.0));
#11108=CARTESIAN_POINT('',(13.259945051,-8.096810619,0.001));
#11109=CARTESIAN_POINT('',(13.259945051,-8.096810619,0.0));
#11110=CARTESIAN_POINT('',(13.241794219,-8.098688291,0.001));
#11111=CARTESIAN_POINT('',(13.241794219,-8.098688291,0.0));
#11112=ADVANCED_FACE('NONE',(#11113),#11138,.F.);
#11113=FACE_BOUND('NONE',#11114,.T.);
#11114=EDGE_LOOP('',(#11115,#11123,#11131,#11137));
#11115=ORIENTED_EDGE('',*,*,#11116,.T.);
#11116=EDGE_CURVE('NONE',#11080,#11117,#11119,.T.);
#11117=VERTEX_POINT('NONE',#11118);
#11118=CARTESIAN_POINT('',(13.242002849,-8.222823292,0.0));
#11119=LINE('',#11120,#11121);
#11120=CARTESIAN_POINT('',(13.228145613,0.022232178,0.0));
#11121=VECTOR('',#11122,1.0);
#11122=DIRECTION('',(0.00168067,-0.999998588,0.0));
#11123=ORIENTED_EDGE('',*,*,#11124,.T.);
#11124=EDGE_CURVE('NONE',#11117,#11125,#11127,.F.);
#11125=VERTEX_POINT('NONE',#11126);
#11126=CARTESIAN_POINT('',(13.242002849,-8.222823292,0.001));
#11127=LINE('',#11128,#11129);
#11128=CARTESIAN_POINT('',(13.242002849,-8.222823292,0.001));
#11129=VECTOR('',#11130,1.0);
#11130=DIRECTION('',(0.0,0.0,-1.0));
#11131=ORIENTED_EDGE('',*,*,#11132,.T.);
#11132=EDGE_CURVE('NONE',#11125,#11089,#11133,.F.);
#11133=LINE('',#11134,#11135);
#11134=CARTESIAN_POINT('',(13.228145613,0.022232178,0.001));
#11135=VECTOR('',#11136,1.0);
#11136=DIRECTION('',(0.00168067,-0.999998588,0.0));
#11137=ORIENTED_EDGE('',*,*,#11088,.F.);
#11138=PLANE('',#11139);
#11139=AXIS2_PLACEMENT_3D('',#11140,#11141,#11142);
#11140=CARTESIAN_POINT('',(13.228145613,0.022232178,0.001));
#11141=DIRECTION('',(0.999998588,0.00168067,0.0));
#11142=DIRECTION('',(-0.00168067,0.999998588,0.0));
#11143=ADVANCED_FACE('NONE',(#11144),#11169,.F.);
#11144=FACE_BOUND('NONE',#11145,.T.);
#11145=EDGE_LOOP('',(#11146,#11154,#11162,#11168));
#11146=ORIENTED_EDGE('',*,*,#11147,.T.);
#11147=EDGE_CURVE('NONE',#11117,#11148,#11150,.T.);
#11148=VERTEX_POINT('NONE',#11149);
#11149=CARTESIAN_POINT('',(13.277052731,-8.222823292,0.0));
#11150=LINE('',#11151,#11152);
#11151=CARTESIAN_POINT('',(0.0,-8.222823292,0.0));
#11152=VECTOR('',#11153,1.0);
#11153=DIRECTION('',(1.0,0.0,0.0));
#11154=ORIENTED_EDGE('',*,*,#11155,.T.);
#11155=EDGE_CURVE('NONE',#11148,#11156,#11158,.F.);
#11156=VERTEX_POINT('NONE',#11157);
#11157=CARTESIAN_POINT('',(13.277052731,-8.222823292,0.001));
#11158=LINE('',#11159,#11160);
#11159=CARTESIAN_POINT('',(13.277052731,-8.222823292,0.001));
#11160=VECTOR('',#11161,1.0);
#11161=DIRECTION('',(0.0,0.0,-1.0));
#11162=ORIENTED_EDGE('',*,*,#11163,.T.);
#11163=EDGE_CURVE('NONE',#11156,#11125,#11164,.F.);
#11164=LINE('',#11165,#11166);
#11165=CARTESIAN_POINT('',(0.0,-8.222823292,0.001));
#11166=VECTOR('',#11167,1.0);
#11167=DIRECTION('',(1.0,0.0,0.0));
#11168=ORIENTED_EDGE('',*,*,#11124,.F.);
#11169=PLANE('',#11170);
#11170=AXIS2_PLACEMENT_3D('',#11171,#11172,#11173);
#11171=CARTESIAN_POINT('',(0.0,-8.222823292,0.001));
#11172=DIRECTION('',(0.0,1.0,0.0));
#11173=DIRECTION('',(0.0,0.0,1.0));
#11174=ADVANCED_FACE('NONE',(#11175),#11200,.F.);
#11175=FACE_BOUND('NONE',#11176,.T.);
#11176=EDGE_LOOP('',(#11177,#11185,#11193,#11199));
#11177=ORIENTED_EDGE('',*,*,#11178,.T.);
#11178=EDGE_CURVE('NONE',#11148,#11179,#11181,.T.);
#11179=VERTEX_POINT('NONE',#11180);
#11180=CARTESIAN_POINT('',(13.277469992,-8.174629703,0.0));
#11181=LINE('',#11182,#11183);
#11182=CARTESIAN_POINT('',(13.347245482,-0.115560567,0.0));
#11183=VECTOR('',#11184,1.0);
#11184=DIRECTION('',(0.008657684,0.999962522,0.0));
#11185=ORIENTED_EDGE('',*,*,#11186,.T.);
#11186=EDGE_CURVE('NONE',#11179,#11187,#11189,.F.);
#11187=VERTEX_POINT('NONE',#11188);
#11188=CARTESIAN_POINT('',(13.277469992,-8.174629703,0.001));
#11189=LINE('',#11190,#11191);
#11190=CARTESIAN_POINT('',(13.277469992,-8.174629703,0.001));
#11191=VECTOR('',#11192,1.0);
#11192=DIRECTION('',(0.0,0.0,-1.0));
#11193=ORIENTED_EDGE('',*,*,#11194,.T.);
#11194=EDGE_CURVE('NONE',#11187,#11156,#11195,.F.);
#11195=LINE('',#11196,#11197);
#11196=CARTESIAN_POINT('',(13.347245482,-0.115560567,0.001));
#11197=VECTOR('',#11198,1.0);
#11198=DIRECTION('',(0.008657684,0.999962522,0.0));
#11199=ORIENTED_EDGE('',*,*,#11155,.F.);
#11200=PLANE('',#11201);
#11201=AXIS2_PLACEMENT_3D('',#11202,#11203,#11204);
#11202=CARTESIAN_POINT('',(13.347245482,-0.115560567,0.001));
#11203=DIRECTION('',(-0.999962522,0.008657684,0.0));
#11204=DIRECTION('',(-0.008657684,-0.999962522,0.0));
#11205=ADVANCED_FACE('NONE',(#11206),#11242,.F.);
#11206=FACE_BOUND('NONE',#11207,.T.);
#11207=EDGE_LOOP('',(#11208,#11219,#11227,#11236));
#11208=ORIENTED_EDGE('',*,*,#11209,.T.);
#11209=EDGE_CURVE('NONE',#11210,#11212,#11214,.T.);
#11210=VERTEX_POINT('NONE',#11211);
#11211=CARTESIAN_POINT('',(13.352159622,-8.136867628,0.0));
#11212=VERTEX_POINT('NONE',#11213);
#11213=CARTESIAN_POINT('',(13.324411799,-8.154392569,1.694065895E-18));
#11214=B_SPLINE_CURVE_WITH_KNOTS('',3,(#11215,#11216,#11217,#11218),.UNSPECIFIED.,.F.,.U.,(4,4),(0.333333333,0.5),.PIECEWISE_BEZIER_KNOTS.);
#11215=CARTESIAN_POINT('',(13.352159622,-8.136867628,0.0));
#11216=CARTESIAN_POINT('',(13.351950992,-8.150637224,1.694065895E-18));
#11217=CARTESIAN_POINT('',(13.340059068,-8.154183938,1.694065895E-18));
#11218=CARTESIAN_POINT('',(13.324411799,-8.154392569,1.694065895E-18));
#11219=ORIENTED_EDGE('',*,*,#11220,.T.);
#11220=EDGE_CURVE('NONE',#11212,#11221,#11223,.F.);
#11221=VERTEX_POINT('NONE',#11222);
#11222=CARTESIAN_POINT('',(13.324411799,-8.154392569,0.001));
#11223=LINE('',#11224,#11225);
#11224=CARTESIAN_POINT('',(13.324411799,-8.154392569,0.001));
#11225=VECTOR('',#11226,1.0);
#11226=DIRECTION('',(0.0,0.0,-1.0));
#11227=ORIENTED_EDGE('',*,*,#11228,.T.);
#11228=EDGE_CURVE('NONE',#11221,#11229,#11231,.F.);
#11229=VERTEX_POINT('NONE',#11230);
#11230=CARTESIAN_POINT('',(13.352159622,-8.136867628,0.001));
#11231=B_SPLINE_CURVE_WITH_KNOTS('',3,(#11232,#11233,#11234,#11235),.UNSPECIFIED.,.F.,.U.,(4,4),(0.333333333,0.5),.PIECEWISE_BEZIER_KNOTS.);
#11232=CARTESIAN_POINT('',(13.352159622,-8.136867628,0.001));
#11233=CARTESIAN_POINT('',(13.351950992,-8.150637224,0.001));
#11234=CARTESIAN_POINT('',(13.340059068,-8.154183938,0.001));
#11235=CARTESIAN_POINT('',(13.324411799,-8.154392569,0.001));
#11236=ORIENTED_EDGE('',*,*,#11237,.T.);
#11237=EDGE_CURVE('NONE',#11229,#11210,#11238,.T.);
#11238=LINE('',#11239,#11240);
#11239=CARTESIAN_POINT('',(13.352159622,-8.136867628,0.001));
#11240=VECTOR('',#11241,1.0);
#11241=DIRECTION('',(0.0,0.0,-1.0));
#11242=B_SPLINE_SURFACE_WITH_KNOTS('',3,1,((#11243,#11244),(#11245,#11246),(#11247,#11248),(#11249,#11250)),.UNSPECIFIED.,.F.,.F.,.U.,(4,4),(2,2),(0.333333333,0.5),(0.0,1.0),.PIECEWISE_BEZIER_KNOTS.);
#11243=CARTESIAN_POINT('',(13.352159622,-8.136867628,0.001));
#11244=CARTESIAN_POINT('',(13.352159622,-8.136867628,0.0));
#11245=CARTESIAN_POINT('',(13.351950992,-8.150637224,0.001));
#11246=CARTESIAN_POINT('',(13.351950992,-8.150637224,0.0));
#11247=CARTESIAN_POINT('',(13.340059068,-8.154183938,0.001));
#11248=CARTESIAN_POINT('',(13.340059068,-8.154183938,0.0));
#11249=CARTESIAN_POINT('',(13.324411799,-8.154392569,0.001));
#11250=CARTESIAN_POINT('',(13.324411799,-8.154392569,0.0));
#11251=ADVANCED_FACE('NONE',(#11252),#11279,.F.);
#11252=FACE_BOUND('NONE',#11253,.T.);
#11253=EDGE_LOOP('',(#11254,#11263,#11271,#11278));
#11254=ORIENTED_EDGE('',*,*,#11255,.T.);
#11255=EDGE_CURVE('NONE',#11212,#11256,#11258,.T.);
#11256=VERTEX_POINT('NONE',#11257);
#11257=CARTESIAN_POINT('',(13.276844101,-8.154392569,0.0));
#11258=B_SPLINE_CURVE_WITH_KNOTS('',3,(#11259,#11260,#11261,#11262),.UNSPECIFIED.,.F.,.U.,(4,4),(0.5,0.666666667),.PIECEWISE_BEZIER_KNOTS.);
#11259=CARTESIAN_POINT('',(13.324411799,-8.154392569,1.694065895E-18));
#11260=CARTESIAN_POINT('',(13.30876453,-8.154809829,0.0));
#11261=CARTESIAN_POINT('',(13.2927,-8.154392569,0.0));
#11262=CARTESIAN_POINT('',(13.276844101,-8.154392569,0.0));
#11263=ORIENTED_EDGE('',*,*,#11264,.T.);
#11264=EDGE_CURVE('NONE',#11256,#11265,#11267,.F.);
#11265=VERTEX_POINT('NONE',#11266);
#11266=CARTESIAN_POINT('',(13.276844101,-8.154392569,0.001));
#11267=LINE('',#11268,#11269);
#11268=CARTESIAN_POINT('',(13.276844101,-8.154392569,0.001));
#11269=VECTOR('',#11270,1.0);
#11270=DIRECTION('',(0.0,0.0,-1.0));
#11271=ORIENTED_EDGE('',*,*,#11272,.T.);
#11272=EDGE_CURVE('NONE',#11265,#11221,#11273,.F.);
#11273=B_SPLINE_CURVE_WITH_KNOTS('',3,(#11274,#11275,#11276,#11277),.UNSPECIFIED.,.F.,.U.,(4,4),(0.5,0.666666667),.PIECEWISE_BEZIER_KNOTS.);
#11274=CARTESIAN_POINT('',(13.324411799,-8.154392569,0.001));
#11275=CARTESIAN_POINT('',(13.30876453,-8.154809829,0.001));
#11276=CARTESIAN_POINT('',(13.2927,-8.154392569,0.001));
#11277=CARTESIAN_POINT('',(13.276844101,-8.154392569,0.001));
#11278=ORIENTED_EDGE('',*,*,#11220,.F.);
#11279=B_SPLINE_SURFACE_WITH_KNOTS('',3,1,((#11280,#11281),(#11282,#11283),(#11284,#11285),(#11286,#11287)),.UNSPECIFIED.,.F.,.F.,.U.,(4,4),(2,2),(0.5,0.666666667),(0.0,1.0),.PIECEWISE_BEZIER_KNOTS.);
#11280=CARTESIAN_POINT('',(13.324411799,-8.154392569,0.001));
#11281=CARTESIAN_POINT('',(13.324411799,-8.154392569,1.694065895E-18));
#11282=CARTESIAN_POINT('',(13.30876453,-8.154809829,0.001));
#11283=CARTESIAN_POINT('',(13.30876453,-8.154809829,1.694065895E-18));
#11284=CARTESIAN_POINT('',(13.2927,-8.154392569,0.001));
#11285=CARTESIAN_POINT('',(13.2927,-8.154392569,1.694065895E-18));
#11286=CARTESIAN_POINT('',(13.276844101,-8.154392569,0.001));
#11287=CARTESIAN_POINT('',(13.276844101,-8.154392569,1.694065895E-18));
#11288=ADVANCED_FACE('NONE',(#11289),#11314,.F.);
#11289=FACE_BOUND('NONE',#11290,.T.);
#11290=EDGE_LOOP('',(#11291,#11299,#11307,#11313));
#11291=ORIENTED_EDGE('',*,*,#11292,.T.);
#11292=EDGE_CURVE('NONE',#11256,#11293,#11295,.T.);
#11293=VERTEX_POINT('NONE',#11294);
#11294=CARTESIAN_POINT('',(13.277261362,-8.118925426,0.0));
#11295=LINE('',#11296,#11297);
#11296=CARTESIAN_POINT('',(13.370927484,-0.157305029,0.0));
#11297=VECTOR('',#11298,1.0);
#11298=DIRECTION('',(0.011763892,0.999930803,0.0));
#11299=ORIENTED_EDGE('',*,*,#11300,.T.);
#11300=EDGE_CURVE('NONE',#11293,#11301,#11303,.F.);
#11301=VERTEX_POINT('NONE',#11302);
#11302=CARTESIAN_POINT('',(13.277261362,-8.118925426,0.001));
#11303=LINE('',#11304,#11305);
#11304=CARTESIAN_POINT('',(13.277261362,-8.118925426,0.001));
#11305=VECTOR('',#11306,1.0);
#11306=DIRECTION('',(0.0,0.0,-1.0));
#11307=ORIENTED_EDGE('',*,*,#11308,.T.);
#11308=EDGE_CURVE('NONE',#11301,#11265,#11309,.F.);
#11309=LINE('',#11310,#11311);
#11310=CARTESIAN_POINT('',(13.370927484,-0.157305029,0.001));
#11311=VECTOR('',#11312,1.0);
#11312=DIRECTION('',(0.011763892,0.999930803,0.0));
#11313=ORIENTED_EDGE('',*,*,#11264,.F.);
#11314=PLANE('',#11315);
#11315=AXIS2_PLACEMENT_3D('',#11316,#11317,#11318);
#11316=CARTESIAN_POINT('',(13.370927484,-0.157305029,0.001));
#11317=DIRECTION('',(-0.999930803,0.011763892,0.0));
#11318=DIRECTION('',(-0.011763892,-0.999930803,0.0));
#11319=ADVANCED_FACE('NONE',(#11320),#11347,.F.);
#11320=FACE_BOUND('NONE',#11321,.T.);
#11321=EDGE_LOOP('',(#11322,#11331,#11339,#11346));
#11322=ORIENTED_EDGE('',*,*,#11323,.T.);
#11323=EDGE_CURVE('NONE',#11293,#11324,#11326,.T.);
#11324=VERTEX_POINT('NONE',#11325);
#11325=CARTESIAN_POINT('',(13.32545495,-8.118925426,0.0));
#11326=B_SPLINE_CURVE_WITH_KNOTS('',3,(#11327,#11328,#11329,#11330),.UNSPECIFIED.,.F.,.U.,(4,4),(0.0,0.166666667),.PIECEWISE_BEZIER_KNOTS.);
#11327=CARTESIAN_POINT('',(13.277261362,-8.118925426,0.0));
#11328=CARTESIAN_POINT('',(13.293117261,-8.118925426,0.0));
#11329=CARTESIAN_POINT('',(13.309599051,-8.118716796,0.0));
#11330=CARTESIAN_POINT('',(13.32545495,-8.118925426,0.0));
#11331=ORIENTED_EDGE('',*,*,#11332,.T.);
#11332=EDGE_CURVE('NONE',#11324,#11333,#11335,.F.);
#11333=VERTEX_POINT('NONE',#11334);
#11334=CARTESIAN_POINT('',(13.32545495,-8.118925426,0.001));
#11335=LINE('',#11336,#11337);
#11336=CARTESIAN_POINT('',(13.32545495,-8.118925426,0.001));
#11337=VECTOR('',#11338,1.0);
#11338=DIRECTION('',(0.0,0.0,-1.0));
#11339=ORIENTED_EDGE('',*,*,#11340,.T.);
#11340=EDGE_CURVE('NONE',#11333,#11301,#11341,.F.);
#11341=B_SPLINE_CURVE_WITH_KNOTS('',3,(#11342,#11343,#11344,#11345),.UNSPECIFIED.,.F.,.U.,(4,4),(0.0,0.166666667),.PIECEWISE_BEZIER_KNOTS.);
#11342=CARTESIAN_POINT('',(13.277261362,-8.118925426,0.001));
#11343=CARTESIAN_POINT('',(13.293117261,-8.118925426,0.001));
#11344=CARTESIAN_POINT('',(13.309599051,-8.118716796,0.001));
#11345=CARTESIAN_POINT('',(13.32545495,-8.118925426,0.001));
#11346=ORIENTED_EDGE('',*,*,#11300,.F.);
#11347=B_SPLINE_SURFACE_WITH_KNOTS('',3,1,((#11348,#11349),(#11350,#11351),(#11352,#11353),(#11354,#11355)),.UNSPECIFIED.,.F.,.F.,.U.,(4,4),(2,2),(0.0,0.166666667),(0.0,1.0),.PIECEWISE_BEZIER_KNOTS.);
#11348=CARTESIAN_POINT('',(13.277261362,-8.118925426,0.001));
#11349=CARTESIAN_POINT('',(13.277261362,-8.118925426,0.0));
#11350=CARTESIAN_POINT('',(13.293117261,-8.118925426,0.001));
#11351=CARTESIAN_POINT('',(13.293117261,-8.118925426,0.0));
#11352=CARTESIAN_POINT('',(13.309599051,-8.118716796,0.001));
#11353=CARTESIAN_POINT('',(13.309599051,-8.118716796,0.0));
#11354=CARTESIAN_POINT('',(13.32545495,-8.118925426,0.001));
#11355=CARTESIAN_POINT('',(13.32545495,-8.118925426,0.0));
#11356=ADVANCED_FACE('NONE',(#11357),#11375,.F.);
#11357=FACE_BOUND('NONE',#11358,.T.);
#11358=EDGE_LOOP('',(#11359,#11366,#11367,#11374));
#11359=ORIENTED_EDGE('',*,*,#11360,.T.);
#11360=EDGE_CURVE('NONE',#11324,#11210,#11361,.T.);
#11361=B_SPLINE_CURVE_WITH_KNOTS('',3,(#11362,#11363,#11364,#11365),.UNSPECIFIED.,.F.,.U.,(4,4),(0.166666667,0.333333333),.PIECEWISE_BEZIER_KNOTS.);
#11362=CARTESIAN_POINT('',(13.32545495,-8.118925426,0.0));
#11363=CARTESIAN_POINT('',(13.34193674,-8.119342686,0.0));
#11364=CARTESIAN_POINT('',(13.352368252,-8.12247214,0.0));
#11365=CARTESIAN_POINT('',(13.352159622,-8.136867628,0.0));
#11366=ORIENTED_EDGE('',*,*,#11237,.F.);
#11367=ORIENTED_EDGE('',*,*,#11368,.T.);
#11368=EDGE_CURVE('NONE',#11229,#11333,#11369,.F.);
#11369=B_SPLINE_CURVE_WITH_KNOTS('',3,(#11370,#11371,#11372,#11373),.UNSPECIFIED.,.F.,.U.,(4,4),(0.166666667,0.333333333),.PIECEWISE_BEZIER_KNOTS.);
#11370=CARTESIAN_POINT('',(13.32545495,-8.118925426,0.001));
#11371=CARTESIAN_POINT('',(13.34193674,-8.119342686,0.001));
#11372=CARTESIAN_POINT('',(13.352368252,-8.12247214,0.001));
#11373=CARTESIAN_POINT('',(13.352159622,-8.136867628,0.001));
#11374=ORIENTED_EDGE('',*,*,#11332,.F.);
#11375=B_SPLINE_SURFACE_WITH_KNOTS('',3,1,((#11376,#11377),(#11378,#11379),(#11380,#11381),(#11382,#11383)),.UNSPECIFIED.,.F.,.F.,.U.,(4,4),(2,2),(0.166666667,0.333333333),(0.0,1.0),.PIECEWISE_BEZIER_KNOTS.);
#11376=CARTESIAN_POINT('',(13.32545495,-8.118925426,0.001));
#11377=CARTESIAN_POINT('',(13.32545495,-8.118925426,0.0));
#11378=CARTESIAN_POINT('',(13.34193674,-8.119342686,0.001));
#11379=CARTESIAN_POINT('',(13.34193674,-8.119342686,0.0));
#11380=CARTESIAN_POINT('',(13.352368252,-8.12247214,0.001));
#11381=CARTESIAN_POINT('',(13.352368252,-8.12247214,0.0));
#11382=CARTESIAN_POINT('',(13.352159622,-8.136867628,0.001));
#11383=CARTESIAN_POINT('',(13.352159622,-8.136867628,0.0));
#11384=ADVANCED_FACE('NONE',(#11385),#11401,.F.);
#11385=FACE_BOUND('NONE',#11386,.T.);
#11386=EDGE_LOOP('',(#11387,#11393,#11394,#11400));
#11387=ORIENTED_EDGE('',*,*,#11388,.T.);
#11388=EDGE_CURVE('NONE',#11179,#10793,#11389,.T.);
#11389=LINE('',#11390,#11391);
#11390=CARTESIAN_POINT('',(0.0,-8.174629703,0.0));
#11391=VECTOR('',#11392,1.0);
#11392=DIRECTION('',(1.0,0.0,0.0));
#11393=ORIENTED_EDGE('',*,*,#10820,.F.);
#11394=ORIENTED_EDGE('',*,*,#11395,.T.);
#11395=EDGE_CURVE('NONE',#10812,#11187,#11396,.F.);
#11396=LINE('',#11397,#11398);
#11397=CARTESIAN_POINT('',(0.0,-8.174629703,0.001));
#11398=VECTOR('',#11399,1.0);
#11399=DIRECTION('',(1.0,0.0,0.0));
#11400=ORIENTED_EDGE('',*,*,#11186,.F.);
#11401=PLANE('',#11402);
#11402=AXIS2_PLACEMENT_3D('',#11403,#11404,#11405);
#11403=CARTESIAN_POINT('',(0.0,-8.174629703,0.001));
#11404=DIRECTION('',(0.0,1.0,0.0));
#11405=DIRECTION('',(0.0,0.0,1.0));
#11406=ADVANCED_FACE('NONE',(#11407,#11414),#11429,.T.);
#11407=FACE_BOUND('NONE',#11408,.T.);
#11408=EDGE_LOOP('',(#11409,#11410,#11411,#11412,#11413));
#11409=ORIENTED_EDGE('',*,*,#11228,.F.);
#11410=ORIENTED_EDGE('',*,*,#11272,.F.);
#11411=ORIENTED_EDGE('',*,*,#11308,.F.);
#11412=ORIENTED_EDGE('',*,*,#11340,.F.);
#11413=ORIENTED_EDGE('',*,*,#11368,.F.);
#11414=FACE_BOUND('NONE',#11415,.T.);
#11415=EDGE_LOOP('',(#11416,#11417,#11418,#11419,#11420,#11421,#11422,#11423,#11424,#11425,#11426,#11427,#11428));
#11416=ORIENTED_EDGE('',*,*,#10811,.F.);
#11417=ORIENTED_EDGE('',*,*,#10855,.F.);
#11418=ORIENTED_EDGE('',*,*,#10891,.F.);
#11419=ORIENTED_EDGE('',*,*,#10922,.F.);
#11420=ORIENTED_EDGE('',*,*,#10953,.F.);
#11421=ORIENTED_EDGE('',*,*,#10985,.F.);
#11422=ORIENTED_EDGE('',*,*,#11022,.F.);
#11423=ORIENTED_EDGE('',*,*,#11059,.F.);
#11424=ORIENTED_EDGE('',*,*,#11096,.F.);
#11425=ORIENTED_EDGE('',*,*,#11132,.F.);
#11426=ORIENTED_EDGE('',*,*,#11163,.F.);
#11427=ORIENTED_EDGE('',*,*,#11194,.F.);
#11428=ORIENTED_EDGE('',*,*,#11395,.F.);
#11429=PLANE('',#11430);
#11430=AXIS2_PLACEMENT_3D('',#11431,#11432,#11433);
#11431=CARTESIAN_POINT('',(0.0,0.0,0.001));
#11432=DIRECTION('',(0.0,0.0,1.0));
#11433=DIRECTION('',(1.0,0.0,0.0));
#11434=ADVANCED_FACE('NONE',(#11435,#11442),#11457,.F.);
#11435=FACE_BOUND('NONE',#11436,.T.);
#11436=EDGE_LOOP('',(#11437,#11438,#11439,#11440,#11441));
#11437=ORIENTED_EDGE('',*,*,#11209,.F.);
#11438=ORIENTED_EDGE('',*,*,#11360,.F.);
#11439=ORIENTED_EDGE('',*,*,#11323,.F.);
#11440=ORIENTED_EDGE('',*,*,#11292,.F.);
#11441=ORIENTED_EDGE('',*,*,#11255,.F.);
#11442=FACE_BOUND('NONE',#11443,.T.);
#11443=EDGE_LOOP('',(#11444,#11445,#11446,#11447,#11448,#11449,#11450,#11451,#11452,#11453,#11454,#11455,#11456));
#11444=ORIENTED_EDGE('',*,*,#10792,.F.);
#11445=ORIENTED_EDGE('',*,*,#11388,.F.);
#11446=ORIENTED_EDGE('',*,*,#11178,.F.);
#11447=ORIENTED_EDGE('',*,*,#11147,.F.);
#11448=ORIENTED_EDGE('',*,*,#11116,.F.);
#11449=ORIENTED_EDGE('',*,*,#11079,.F.);
#11450=ORIENTED_EDGE('',*,*,#11042,.F.);
#11451=ORIENTED_EDGE('',*,*,#11005,.F.);
#11452=ORIENTED_EDGE('',*,*,#10968,.F.);
#11453=ORIENTED_EDGE('',*,*,#10937,.F.);
#11454=ORIENTED_EDGE('',*,*,#10906,.F.);
#11455=ORIENTED_EDGE('',*,*,#10875,.F.);
#11456=ORIENTED_EDGE('',*,*,#10838,.F.);
#11457=PLANE('',#11458);
#11458=AXIS2_PLACEMENT_3D('',#11459,#11460,#11461);
#11459=CARTESIAN_POINT('',(0.0,0.0,0.0));
#11460=DIRECTION('',(0.0,0.0,1.0));
#11461=DIRECTION('',(1.0,0.0,0.0));
#11462=(GEOMETRIC_REPRESENTATION_CONTEXT(3)GLOBAL_UNCERTAINTY_ASSIGNED_CONTEXT((#11463))GLOBAL_UNIT_ASSIGNED_CONTEXT((#18,#19,#20))REPRESENTATION_CONTEXT('',''));
#11463=UNCERTAINTY_MEASURE_WITH_UNIT(LENGTH_MEASURE(1.0E-07),#18,'','maximum tolerance');
#11464=ADVANCED_BREP_SHAPE_REPRESENTATION('',(#2589,#3507,#4297,#4867,#5734,#6358,#6775,#7351,#7501,#7897,#8264,#8690,#9057,#9597,#10032,#10320,#10786,#9),#11462);
#11465=(REPRESENTATION_RELATIONSHIP('',$,#11464,#21)REPRESENTATION_RELATIONSHIP_WITH_TRANSFORMATION(#11466)SHAPE_REPRESENTATION_RELATIONSHIP());
#11466=ITEM_DEFINED_TRANSFORMATION('',$,#9,#13);
#11467=PRODUCT('Rohm Logo-LAPTOP-NQA1DCQ3','Rohm Logo-LAPTOP-NQA1DCQ3',$,(#3));
#11468=PRODUCT_DEFINITION_FORMATION('',$,#11467);
#11469=PRODUCT_DEFINITION('design',$,#11468,#6);
#11470=NEXT_ASSEMBLY_USAGE_OCCURRENCE('instance_2','','',#7,#11469,$);
#11471=PRODUCT_DEFINITION_SHAPE('',$,#11470);
#11472=CONTEXT_DEPENDENT_SHAPE_REPRESENTATION(#11465,#11471);
#11473=PRODUCT_DEFINITION_SHAPE('',$,#11469);
#11474=SHAPE_DEFINITION_REPRESENTATION(#11473,#11464);
#11475=PRODUCT_RELATED_PRODUCT_CATEGORY('part',$,(#11467));
#11476=STYLED_ITEM('',(#11477),#2589);
#11477=PRESENTATION_STYLE_ASSIGNMENT((#11478));
#11478=SURFACE_STYLE_USAGE(.BOTH.,#11479);
#11479=SURFACE_SIDE_STYLE('',(#11480));
#11480=SURFACE_STYLE_FILL_AREA(#11481);
#11481=FILL_AREA_STYLE('',(#11483));
#11482=COLOUR_RGB('',0.960784316,0.960784316,0.960784316);
#11483=FILL_AREA_STYLE_COLOUR('',#11482);
#11484=STYLED_ITEM('',(#11485),#3507);
#11485=PRESENTATION_STYLE_ASSIGNMENT((#11486));
#11486=SURFACE_STYLE_USAGE(.BOTH.,#11487);
#11487=SURFACE_SIDE_STYLE('',(#11488));
#11488=SURFACE_STYLE_FILL_AREA(#11489);
#11489=FILL_AREA_STYLE('',(#11491));
#11490=COLOUR_RGB('',0.960784316,0.960784316,0.960784316);
#11491=FILL_AREA_STYLE_COLOUR('',#11490);
#11492=STYLED_ITEM('',(#11493),#4297);
#11493=PRESENTATION_STYLE_ASSIGNMENT((#11494));
#11494=SURFACE_STYLE_USAGE(.BOTH.,#11495);
#11495=SURFACE_SIDE_STYLE('',(#11496));
#11496=SURFACE_STYLE_FILL_AREA(#11497);
#11497=FILL_AREA_STYLE('',(#11499));
#11498=COLOUR_RGB('',0.960784316,0.960784316,0.960784316);
#11499=FILL_AREA_STYLE_COLOUR('',#11498);
#11500=STYLED_ITEM('',(#11501),#4867);
#11501=PRESENTATION_STYLE_ASSIGNMENT((#11502));
#11502=SURFACE_STYLE_USAGE(.BOTH.,#11503);
#11503=SURFACE_SIDE_STYLE('',(#11504));
#11504=SURFACE_STYLE_FILL_AREA(#11505);
#11505=FILL_AREA_STYLE('',(#11507));
#11506=COLOUR_RGB('',0.960784316,0.960784316,0.960784316);
#11507=FILL_AREA_STYLE_COLOUR('',#11506);
#11508=STYLED_ITEM('',(#11509),#5734);
#11509=PRESENTATION_STYLE_ASSIGNMENT((#11510));
#11510=SURFACE_STYLE_USAGE(.BOTH.,#11511);
#11511=SURFACE_SIDE_STYLE('',(#11512));
#11512=SURFACE_STYLE_FILL_AREA(#11513);
#11513=FILL_AREA_STYLE('',(#11515));
#11514=COLOUR_RGB('',0.960784316,0.960784316,0.960784316);
#11515=FILL_AREA_STYLE_COLOUR('',#11514);
#11516=STYLED_ITEM('',(#11517),#6358);
#11517=PRESENTATION_STYLE_ASSIGNMENT((#11518));
#11518=SURFACE_STYLE_USAGE(.BOTH.,#11519);
#11519=SURFACE_SIDE_STYLE('',(#11520));
#11520=SURFACE_STYLE_FILL_AREA(#11521);
#11521=FILL_AREA_STYLE('',(#11523));
#11522=COLOUR_RGB('',0.960784316,0.960784316,0.960784316);
#11523=FILL_AREA_STYLE_COLOUR('',#11522);
#11524=STYLED_ITEM('',(#11525),#6775);
#11525=PRESENTATION_STYLE_ASSIGNMENT((#11526));
#11526=SURFACE_STYLE_USAGE(.BOTH.,#11527);
#11527=SURFACE_SIDE_STYLE('',(#11528));
#11528=SURFACE_STYLE_FILL_AREA(#11529);
#11529=FILL_AREA_STYLE('',(#11531));
#11530=COLOUR_RGB('',0.960784316,0.960784316,0.960784316);
#11531=FILL_AREA_STYLE_COLOUR('',#11530);
#11532=STYLED_ITEM('',(#11533),#7351);
#11533=PRESENTATION_STYLE_ASSIGNMENT((#11534));
#11534=SURFACE_STYLE_USAGE(.BOTH.,#11535);
#11535=SURFACE_SIDE_STYLE('',(#11536));
#11536=SURFACE_STYLE_FILL_AREA(#11537);
#11537=FILL_AREA_STYLE('',(#11539));
#11538=COLOUR_RGB('',0.960784316,0.960784316,0.960784316);
#11539=FILL_AREA_STYLE_COLOUR('',#11538);
#11540=STYLED_ITEM('',(#11541),#7501);
#11541=PRESENTATION_STYLE_ASSIGNMENT((#11542));
#11542=SURFACE_STYLE_USAGE(.BOTH.,#11543);
#11543=SURFACE_SIDE_STYLE('',(#11544));
#11544=SURFACE_STYLE_FILL_AREA(#11545);
#11545=FILL_AREA_STYLE('',(#11547));
#11546=COLOUR_RGB('',0.960784316,0.960784316,0.960784316);
#11547=FILL_AREA_STYLE_COLOUR('',#11546);
#11548=STYLED_ITEM('',(#11549),#7897);
#11549=PRESENTATION_STYLE_ASSIGNMENT((#11550));
#11550=SURFACE_STYLE_USAGE(.BOTH.,#11551);
#11551=SURFACE_SIDE_STYLE('',(#11552));
#11552=SURFACE_STYLE_FILL_AREA(#11553);
#11553=FILL_AREA_STYLE('',(#11555));
#11554=COLOUR_RGB('',0.960784316,0.960784316,0.960784316);
#11555=FILL_AREA_STYLE_COLOUR('',#11554);
#11556=STYLED_ITEM('',(#11557),#8264);
#11557=PRESENTATION_STYLE_ASSIGNMENT((#11558));
#11558=SURFACE_STYLE_USAGE(.BOTH.,#11559);
#11559=SURFACE_SIDE_STYLE('',(#11560));
#11560=SURFACE_STYLE_FILL_AREA(#11561);
#11561=FILL_AREA_STYLE('',(#11563));
#11562=COLOUR_RGB('',0.960784316,0.960784316,0.960784316);
#11563=FILL_AREA_STYLE_COLOUR('',#11562);
#11564=STYLED_ITEM('',(#11565),#8690);
#11565=PRESENTATION_STYLE_ASSIGNMENT((#11566));
#11566=SURFACE_STYLE_USAGE(.BOTH.,#11567);
#11567=SURFACE_SIDE_STYLE('',(#11568));
#11568=SURFACE_STYLE_FILL_AREA(#11569);
#11569=FILL_AREA_STYLE('',(#11571));
#11570=COLOUR_RGB('',0.960784316,0.960784316,0.960784316);
#11571=FILL_AREA_STYLE_COLOUR('',#11570);
#11572=STYLED_ITEM('',(#11573),#9057);
#11573=PRESENTATION_STYLE_ASSIGNMENT((#11574));
#11574=SURFACE_STYLE_USAGE(.BOTH.,#11575);
#11575=SURFACE_SIDE_STYLE('',(#11576));
#11576=SURFACE_STYLE_FILL_AREA(#11577);
#11577=FILL_AREA_STYLE('',(#11579));
#11578=COLOUR_RGB('',0.960784316,0.960784316,0.960784316);
#11579=FILL_AREA_STYLE_COLOUR('',#11578);
#11580=STYLED_ITEM('',(#11581),#9597);
#11581=PRESENTATION_STYLE_ASSIGNMENT((#11582));
#11582=SURFACE_STYLE_USAGE(.BOTH.,#11583);
#11583=SURFACE_SIDE_STYLE('',(#11584));
#11584=SURFACE_STYLE_FILL_AREA(#11585);
#11585=FILL_AREA_STYLE('',(#11587));
#11586=COLOUR_RGB('',0.960784316,0.960784316,0.960784316);
#11587=FILL_AREA_STYLE_COLOUR('',#11586);
#11588=STYLED_ITEM('',(#11589),#10032);
#11589=PRESENTATION_STYLE_ASSIGNMENT((#11590));
#11590=SURFACE_STYLE_USAGE(.BOTH.,#11591);
#11591=SURFACE_SIDE_STYLE('',(#11592));
#11592=SURFACE_STYLE_FILL_AREA(#11593);
#11593=FILL_AREA_STYLE('',(#11595));
#11594=COLOUR_RGB('',0.960784316,0.960784316,0.960784316);
#11595=FILL_AREA_STYLE_COLOUR('',#11594);
#11596=STYLED_ITEM('',(#11597),#10320);
#11597=PRESENTATION_STYLE_ASSIGNMENT((#11598));
#11598=SURFACE_STYLE_USAGE(.BOTH.,#11599);
#11599=SURFACE_SIDE_STYLE('',(#11600));
#11600=SURFACE_STYLE_FILL_AREA(#11601);
#11601=FILL_AREA_STYLE('',(#11603));
#11602=COLOUR_RGB('',0.960784316,0.960784316,0.960784316);
#11603=FILL_AREA_STYLE_COLOUR('',#11602);
#11604=STYLED_ITEM('',(#11605),#10786);
#11605=PRESENTATION_STYLE_ASSIGNMENT((#11606));
#11606=SURFACE_STYLE_USAGE(.BOTH.,#11607);
#11607=SURFACE_SIDE_STYLE('',(#11608));
#11608=SURFACE_STYLE_FILL_AREA(#11609);
#11609=FILL_AREA_STYLE('',(#11611));
#11610=COLOUR_RGB('',0.960784316,0.960784316,0.960784316);
#11611=FILL_AREA_STYLE_COLOUR('',#11610);
#11612=MECHANICAL_DESIGN_GEOMETRIC_PRESENTATION_REPRESENTATION('',(#11476,#11484,#11492,#11500,#11508,#11516,#11524,#11532,#11540,#11548,#11556,#11564,#11572,#11580,#11588,#11596,#11604),#11462);
ENDSEC;
END-ISO-10303-21;
