ISO-10303-21;
HEADER;
FILE_DESCRIPTION(('CAx-IF Rec.Pracs.---Model Styling and Organization---1.5---2016-08-15','CAx-IF Rec.Pracs.---Geometric and Assembly Validation Properties---4.4---2016-08-17','CAx-IF Rec.Pracs.---User Defined Attributes---1.5---2016-08-15','CAx-IF Rec.Pracs.---External References---2.1---2005-01-19'),'2;1');
FILE_NAME('345122.step','2025-08-30T11:06:38',('Unspecified'),('Unspecified'),'CAD Exchanger 3.10.2 (cadexchanger.com)','Unspecified','');
FILE_SCHEMA(('AUTOMOTIVE_DESIGN { 1 0 10303 214 1 1 1 1 }'));
ENDSEC;
DATA;
#1=APPLICATION_CONTEXT('core data for automotive mechanical design processes');
#2=APPLICATION_PROTOCOL_DEFINITION('international standard','automotive_design',2000,#1);
#3=PRODUCT_CONTEXT('',#1,'mechanical');
#4=PRODUCT('S14K275K11','S14K275K11',$,(#3));
#5=PRODUCT_DEFINITION_FORMATION('',$,#4);
#6=PRODUCT_DEFINITION_CONTEXT('part definition',#1,'design');
#7=PRODUCT_DEFINITION('design',$,#5,#6);
#8=PRODUCT_DEFINITION_SHAPE('',$,#7);
#9=MANIFOLD_SOLID_BREP('',#10);
#10=CLOSED_SHELL('NONE',(#11,#57,#130,#184,#283,#314,#356,#390,#433,#505,#590,#619,#653,#761,#793,#811,#874,#906,#1274,#1354,#1390,#1408,#1418,#1504,#1890,#1985,#2047,#2104,#2178,#2242,#2276,#2327,#2353,#2373,#2408,#2456,#2542,#2561,#2595,#2613,#2628,#2660,#2678));
#11=ADVANCED_FACE('NONE',(#12),#52,.T.);
#12=FACE_BOUND('NONE',#13,.T.);
#13=EDGE_LOOP('',(#14,#25,#33,#46));
#14=ORIENTED_EDGE('',*,*,#15,.T.);
#15=EDGE_CURVE('NONE',#16,#18,#20,.T.);
#16=VERTEX_POINT('NONE',#17);
#17=CARTESIAN_POINT('',(3.44510349,-4.75,2.352625596));
#18=VERTEX_POINT('NONE',#19);
#19=CARTESIAN_POINT('',(3.75,-4.75,2.412038896));
#20=CIRCLE('',#21,0.812038896);
#21=AXIS2_PLACEMENT_3D('',#22,#23,#24);
#22=CARTESIAN_POINT('',(3.75,-4.75,1.6));
#23=DIRECTION('',(0.0,1.0,0.0));
#24=DIRECTION('',(0.0,0.0,1.0));
#25=ORIENTED_EDGE('',*,*,#26,.T.);
#26=EDGE_CURVE('NONE',#18,#27,#29,.T.);
#27=VERTEX_POINT('NONE',#28);
#28=CARTESIAN_POINT('',(3.75,-3.562463614,2.412038896));
#29=LINE('',#30,#31);
#30=CARTESIAN_POINT('',(3.75,-4.75,2.412038896));
#31=VECTOR('',#32,1.0);
#32=DIRECTION('',(0.0,1.0,0.0));
#33=ORIENTED_EDGE('',*,*,#34,.T.);
#34=EDGE_CURVE('NONE',#27,#35,#37,.T.);
#35=VERTEX_POINT('NONE',#36);
#36=CARTESIAN_POINT('',(3.44510349,-4.517493549,2.352625596));
#37=B_SPLINE_CURVE_WITH_KNOTS('',3,(#38,#39,#40,#41,#42,#43,#44,#45),.UNSPECIFIED.,.F.,.U.,(4,2,2,4),(0.001312458,0.001562124,0.001811791,0.002311125),.UNSPECIFIED.);
#38=CARTESIAN_POINT('',(3.75,-3.562463614,2.412038896));
#39=CARTESIAN_POINT('',(3.706696942,-3.634354464,2.412038896));
#40=CARTESIAN_POINT('',(3.675224954,-3.712732477,2.409111132));
#41=CARTESIAN_POINT('',(3.617563599,-3.870344127,2.401693665));
#42=CARTESIAN_POINT('',(3.592383258,-3.950345482,2.396958752));
#43=CARTESIAN_POINT('',(3.522006293,-4.19175256,2.380860116));
#44=CARTESIAN_POINT('',(3.482090754,-4.354342798,2.367609524));
#45=CARTESIAN_POINT('',(3.44510349,-4.517493549,2.352625596));
#46=ORIENTED_EDGE('',*,*,#47,.T.);
#47=EDGE_CURVE('NONE',#35,#16,#48,.F.);
#48=LINE('',#49,#50);
#49=CARTESIAN_POINT('',(3.44510349,-4.75,2.352625596));
#50=VECTOR('',#51,1.0);
#51=DIRECTION('',(0.0,1.0,0.0));
#52=CYLINDRICAL_SURFACE('',#53,0.812038896);
#53=AXIS2_PLACEMENT_3D('',#54,#55,#56);
#54=CARTESIAN_POINT('',(3.75,-4.75,1.6));
#55=DIRECTION('',(0.0,1.0,0.0));
#56=DIRECTION('',(0.0,0.0,1.0));
#57=ADVANCED_FACE('NONE',(#58),#125,.T.);
#58=FACE_BOUND('NONE',#59,.T.);
#59=EDGE_LOOP('',(#60,#70,#79,#85,#86,#95,#114));
#60=ORIENTED_EDGE('',*,*,#61,.T.);
#61=EDGE_CURVE('NONE',#62,#64,#66,.F.);
#62=VERTEX_POINT('NONE',#63);
#63=CARTESIAN_POINT('',(3.75,-6.720348417,0.891222689));
#64=VERTEX_POINT('NONE',#65);
#65=CARTESIAN_POINT('',(3.75,-9.498506702,1.036819795));
#66=LINE('',#67,#68);
#67=CARTESIAN_POINT('',(3.75,-9.75,1.05));
#68=VECTOR('',#69,1.0);
#69=DIRECTION('',(6.409306129E-18,0.998629535,-0.052335956));
#70=ORIENTED_EDGE('',*,*,#71,.T.);
#71=EDGE_CURVE('NONE',#64,#72,#74,.T.);
#72=VERTEX_POINT('NONE',#73);
#73=CARTESIAN_POINT('',(3.75,-9.498506702,2.163180205));
#74=CIRCLE('',#75,0.563180205);
#75=AXIS2_PLACEMENT_3D('',#76,#77,#78);
#76=CARTESIAN_POINT('',(3.75,-9.498506702,1.6));
#77=DIRECTION('',(0.0,1.0,0.0));
#78=DIRECTION('',(0.0,0.0,-1.0));
#79=ORIENTED_EDGE('',*,*,#80,.T.);
#80=EDGE_CURVE('NONE',#72,#18,#81,.T.);
#81=LINE('',#82,#83);
#82=CARTESIAN_POINT('',(3.75,-9.75,2.15));
#83=VECTOR('',#84,1.0);
#84=DIRECTION('',(0.0,0.998629535,0.052335956));
#85=ORIENTED_EDGE('',*,*,#15,.F.);
#86=ORIENTED_EDGE('',*,*,#87,.T.);
#87=EDGE_CURVE('NONE',#16,#88,#90,.T.);
#88=VERTEX_POINT('NONE',#89);
#89=CARTESIAN_POINT('',(3.333668097,-5.763888299,2.234509187));
#90=B_SPLINE_CURVE_WITH_KNOTS('',3,(#91,#92,#93,#94),.UNSPECIFIED.,.F.,.U.,(4,4),(0.0,0.00102681),.PIECEWISE_BEZIER_KNOTS.);
#91=CARTESIAN_POINT('',(3.44510349,-4.75,2.352625596));
#92=CARTESIAN_POINT('',(3.404143549,-5.087970836,2.31692176));
#93=CARTESIAN_POINT('',(3.366806268,-5.425899551,2.27743861));
#94=CARTESIAN_POINT('',(3.333668097,-5.763888299,2.234509187));
#95=ORIENTED_EDGE('',*,*,#96,.T.);
#96=EDGE_CURVE('NONE',#88,#97,#99,.T.);
#97=VERTEX_POINT('NONE',#98);
#98=CARTESIAN_POINT('',(3.110496851,-7.333470237,1.37890246));
#99=B_SPLINE_CURVE_WITH_KNOTS('',3,(#100,#101,#102,#103,#104,#105,#106,#107,#108,#109,#110,#111,#112,#113),.UNSPECIFIED.,.F.,.U.,(4,2,2,2,2,2,4),(0.0,4.891012007E-04,9.782024013E-04,0.001467304,0.001711854,0.00183413,0.001956405),.UNSPECIFIED.);
#100=CARTESIAN_POINT('',(3.333668097,-5.763888299,2.234509187));
#101=CARTESIAN_POINT('',(3.317807632,-5.925655181,2.21396247));
#102=CARTESIAN_POINT('',(3.29331864,-6.084608008,2.186607633));
#103=CARTESIAN_POINT('',(3.237639243,-6.398065933,2.115791596));
#104=CARTESIAN_POINT('',(3.206019789,-6.553328022,2.072267413));
#105=CARTESIAN_POINT('',(3.143724273,-6.853281934,1.95926146));
#106=CARTESIAN_POINT('',(3.111696502,-7.0011357,1.890654804));
#107=CARTESIAN_POINT('',(3.079102714,-7.19325825,1.742446103));
#108=CARTESIAN_POINT('',(3.070617357,-7.253654639,1.683989791));
#109=CARTESIAN_POINT('',(3.071877871,-7.31570954,1.576948177));
#110=CARTESIAN_POINT('',(3.0748333,-7.331009866,1.538239782));
#111=CARTESIAN_POINT('',(3.087741327,-7.344862963,1.458240749));
#112=CARTESIAN_POINT('',(3.097792733,-7.343072446,1.417187968));
#113=CARTESIAN_POINT('',(3.110496851,-7.333470237,1.37890246));
#114=ORIENTED_EDGE('',*,*,#115,.T.);
#115=EDGE_CURVE('NONE',#97,#62,#116,.T.);
#116=B_SPLINE_CURVE_WITH_KNOTS('',3,(#117,#118,#119,#120,#121,#122,#123,#124),.UNSPECIFIED.,.F.,.U.,(4,2,2,4),(0.0,2.671116585E-04,5.342233171E-04,0.001068447),.UNSPECIFIED.);
#117=CARTESIAN_POINT('',(3.110496851,-7.333470237,1.37890246));
#118=CARTESIAN_POINT('',(3.13816372,-7.312558667,1.29552476));
#119=CARTESIAN_POINT('',(3.180153665,-7.280082602,1.221639663));
#120=CARTESIAN_POINT('',(3.278869015,-7.198180615,1.09823496));
#121=CARTESIAN_POINT('',(3.3349456,-7.149271365,1.048897353));
#122=CARTESIAN_POINT('',(3.511704424,-6.984248652,0.932106685));
#123=CARTESIAN_POINT('',(3.634988358,-6.854788209,0.898268379));
#124=CARTESIAN_POINT('',(3.75,-6.720348417,0.891222689));
#125=CONICAL_SURFACE('',#126,0.55,0.052359878);
#126=AXIS2_PLACEMENT_3D('',#127,#128,#129);
#127=CARTESIAN_POINT('',(3.75,-9.75,1.6));
#128=DIRECTION('',(0.0,1.0,0.0));
#129=DIRECTION('',(0.0,0.0,1.0));
#130=ADVANCED_FACE('NONE',(#131),#179,.T.);
#131=FACE_BOUND('NONE',#132,.T.);
#132=EDGE_LOOP('',(#133,#134,#143,#151,#160));
#133=ORIENTED_EDGE('',*,*,#26,.F.);
#134=ORIENTED_EDGE('',*,*,#135,.T.);
#135=EDGE_CURVE('NONE',#18,#136,#138,.T.);
#136=VERTEX_POINT('NONE',#137);
#137=CARTESIAN_POINT('',(4.320228969,-4.75,2.178140201));
#138=CIRCLE('',#139,0.812038896);
#139=AXIS2_PLACEMENT_3D('',#140,#141,#142);
#140=CARTESIAN_POINT('',(3.75,-4.75,1.6));
#141=DIRECTION('',(0.0,1.0,0.0));
#142=DIRECTION('',(0.0,0.0,1.0));
#143=ORIENTED_EDGE('',*,*,#144,.T.);
#144=EDGE_CURVE('NONE',#136,#145,#147,.T.);
#145=VERTEX_POINT('NONE',#146);
#146=CARTESIAN_POINT('',(4.320228969,-4.638486868,2.178140201));
#147=LINE('',#148,#149);
#148=CARTESIAN_POINT('',(4.320228969,-4.75,2.178140201));
#149=VECTOR('',#150,1.0);
#150=DIRECTION('',(0.0,1.0,0.0));
#151=ORIENTED_EDGE('',*,*,#152,.T.);
#152=EDGE_CURVE('NONE',#145,#153,#155,.T.);
#153=VERTEX_POINT('NONE',#154);
#154=CARTESIAN_POINT('',(4.275820282,-4.454086252,2.218805462));
#155=B_SPLINE_CURVE_WITH_KNOTS('',3,(#156,#157,#158,#159),.UNSPECIFIED.,.F.,.U.,(4,4),(8.67361738E-19,1.939829431E-04),.PIECEWISE_BEZIER_KNOTS.);
#156=CARTESIAN_POINT('',(4.320228969,-4.638486868,2.178140201));
#157=CARTESIAN_POINT('',(4.302697806,-4.578500965,2.195431469));
#158=CARTESIAN_POINT('',(4.287755637,-4.516996409,2.20866358));
#159=CARTESIAN_POINT('',(4.275820282,-4.454086252,2.218805462));
#160=ORIENTED_EDGE('',*,*,#161,.T.);
#161=EDGE_CURVE('NONE',#153,#27,#162,.T.);
#162=B_SPLINE_CURVE_WITH_KNOTS('',3,(#163,#164,#165,#166,#167,#168,#169,#170,#171,#172,#173,#174,#175,#176,#177,#178),.UNSPECIFIED.,.F.,.U.,(4,2,2,2,2,2,2,4),(0.0,6.562287888E-04,8.202859861E-04,9.843431833E-04,0.001066372,0.0011484,0.001230429,0.001312458),.UNSPECIFIED.);
#163=CARTESIAN_POINT('',(4.275820282,-4.454086252,2.218805462));
#164=CARTESIAN_POINT('',(4.235484775,-4.24148152,2.25307993));
#165=CARTESIAN_POINT('',(4.190649683,-4.029786007,2.2860205));
#166=CARTESIAN_POINT('',(4.109290394,-3.771694999,2.328460295));
#167=CARTESIAN_POINT('',(4.091529886,-3.720287554,2.337062254));
#168=CARTESIAN_POINT('',(4.050606528,-3.620217546,2.354678173));
#169=CARTESIAN_POINT('',(4.02810378,-3.571173994,2.363617222));
#170=CARTESIAN_POINT('',(3.981899635,-3.503761303,2.37839012));
#171=CARTESIAN_POINT('',(3.964773709,-3.482597457,2.3834523));
#172=CARTESIAN_POINT('',(3.920550651,-3.450278059,2.394252937));
#173=CARTESIAN_POINT('',(3.891965025,-3.441778621,2.399984544));
#174=CARTESIAN_POINT('',(3.838763749,-3.456432133,2.407620168));
#175=CARTESIAN_POINT('',(3.81692349,-3.475109508,2.409488371));
#176=CARTESIAN_POINT('',(3.779948589,-3.515808359,2.411697762));
#177=CARTESIAN_POINT('',(3.764227312,-3.538843721,2.412038896));
#178=CARTESIAN_POINT('',(3.75,-3.562463614,2.412038896));
#179=CYLINDRICAL_SURFACE('',#180,0.812038896);
#180=AXIS2_PLACEMENT_3D('',#181,#182,#183);
#181=CARTESIAN_POINT('',(3.75,-4.75,1.6));
#182=DIRECTION('',(0.0,1.0,0.0));
#183=DIRECTION('',(0.0,0.0,1.0));
#184=ADVANCED_FACE('NONE',(#185),#228,.F.);
#185=FACE_BOUND('NONE',#186,.T.);
#186=EDGE_LOOP('',(#187,#196,#197,#198,#207));
#187=ORIENTED_EDGE('',*,*,#188,.T.);
#188=EDGE_CURVE('NONE',#189,#35,#191,.T.);
#189=VERTEX_POINT('NONE',#190);
#190=CARTESIAN_POINT('',(3.289977657,-4.467486098,2.337940029));
#191=CIRCLE('',#192,0.3);
#192=AXIS2_PLACEMENT_3D('',#193,#194,#195);
#193=CARTESIAN_POINT('',(3.332462392,-4.517493549,2.630675921));
#194=DIRECTION('',(-0.294383899,-0.94821709,-0.119258));
#195=DIRECTION('',(0.955032874,-0.296499931,1.526556659E-16));
#196=ORIENTED_EDGE('',*,*,#34,.F.);
#197=ORIENTED_EDGE('',*,*,#161,.F.);
#198=ORIENTED_EDGE('',*,*,#199,.T.);
#199=EDGE_CURVE('NONE',#153,#200,#202,.F.);
#200=VERTEX_POINT('NONE',#201);
#201=CARTESIAN_POINT('',(4.413094966,-4.404783604,2.157034703));
#202=CIRCLE('',#203,0.3);
#203=AXIS2_PLACEMENT_3D('',#204,#205,#206);
#204=CARTESIAN_POINT('',(4.470079554,-4.454086252,2.447417219));
#205=DIRECTION('',(-0.245911406,0.946500691,0.208959379));
#206=DIRECTION('',(-0.967867012,-0.251462614,-9.714451465E-17));
#207=ORIENTED_EDGE('',*,*,#208,.T.);
#208=EDGE_CURVE('NONE',#200,#189,#209,.F.);
#209=B_SPLINE_CURVE_WITH_KNOTS('',3,(#210,#211,#212,#213,#214,#215,#216,#217,#218,#219,#220,#221,#222,#223,#224,#225,#226,#227),.UNSPECIFIED.,.F.,.U.,(4,2,2,2,2,2,2,2,4),(0.0,6.181867248E-04,9.272800872E-04,0.001081827,0.001236373,0.00139092,0.001545467,0.00185456,0.002472747),.UNSPECIFIED.);
#210=CARTESIAN_POINT('',(3.289977657,-4.467486098,2.337940029));
#211=CARTESIAN_POINT('',(3.350593128,-4.271944793,2.362546817));
#212=CARTESIAN_POINT('',(3.416424473,-4.077389281,2.383752272));
#213=CARTESIAN_POINT('',(3.538496619,-3.794276325,2.406951359));
#214=CARTESIAN_POINT('',(3.582860204,-3.701025631,2.413329419));
#215=CARTESIAN_POINT('',(3.664998776,-3.570272499,2.418200482));
#216=CARTESIAN_POINT('',(3.69508114,-3.527951809,2.419059143));
#217=CARTESIAN_POINT('',(3.766682402,-3.453600035,2.417206109));
#218=CARTESIAN_POINT('',(3.809405317,-3.420180667,2.414473094));
#219=CARTESIAN_POINT('',(3.910571851,-3.401039642,2.399788096));
#220=CARTESIAN_POINT('',(3.961607921,-3.422029882,2.388212919));
#221=CARTESIAN_POINT('',(4.039647019,-3.485035241,2.366158614));
#222=CARTESIAN_POINT('',(4.070936637,-3.525441199,2.355153402));
#223=CARTESIAN_POINT('',(4.15327603,-3.650151367,2.323266547));
#224=CARTESIAN_POINT('',(4.19510271,-3.742265442,2.302518197));
#225=CARTESIAN_POINT('',(4.306980443,-4.020027666,2.240747432));
#226=CARTESIAN_POINT('',(4.362989079,-4.211569977,2.19967228));
#227=CARTESIAN_POINT('',(4.413094966,-4.404783604,2.157034703));
#228=(BOUNDED_SURFACE()B_SPLINE_SURFACE(3,2,((#229,#230,#231),(#232,#233,#234),(#235,#236,#237),(#238,#239,#240),(#241,#242,#243),(#244,#245,#246),(#247,#248,#249),(#250,#251,#252),(#253,#254,#255),(#256,#257,#258),(#259,#260,#261),(#262,#263,#264),(#265,#266,#267),(#268,#269,#270),(#271,#272,#273),(#274,#275,#276),(#277,#278,#279),(#280,#281,#282)),.UNSPECIFIED.,.F.,.F.,.U.)B_SPLINE_SURFACE_WITH_KNOTS((4,2,2,2,2,2,2,2,4),(3,3),(-3.729655473E-16,6.259413718E-04,9.389120577E-04,0.001095397,0.001251883,0.001408368,0.001564853,0.001877824,0.002503765),(0.0,1.0),.UNSPECIFIED.)GEOMETRIC_REPRESENTATION_ITEM()RATIONAL_B_SPLINE_SURFACE(((1.0,0.962086224,1.0),(1.0,0.969743539,1.0),(1.0,0.976779824,1.0),(1.0,0.98622675,1.0),(1.0,0.989203312,1.0),(1.0,0.993217452,1.0),(1.0,0.994487699,1.0),(1.0,0.99667971,1.0),(1.0,0.997638816,1.0),(1.0,0.998168419,1.0),(1.0,0.99755765,1.0),(1.0,0.995709356,1.0),(1.0,0.994511685,1.0),(1.0,0.990731219,1.0),(1.0,0.987834268,1.0),(1.0,0.978719211,1.0),(1.0,0.97193495,1.0),(1.0,0.964522454,1.0)))REPRESENTATION_ITEM('')SURFACE());
#229=CARTESIAN_POINT('',(3.289977657,-4.467486098,2.337940029));
#230=CARTESIAN_POINT('',(3.370359763,-4.490480306,2.322346129));
#231=CARTESIAN_POINT('',(3.44510349,-4.517493549,2.352625596));
#232=CARTESIAN_POINT('',(3.350581161,-4.271983372,2.362541963));
#233=CARTESIAN_POINT('',(3.421353837,-4.295990086,2.348143854));
#234=CARTESIAN_POINT('',(3.489906151,-4.319869077,2.370775623));
#235=CARTESIAN_POINT('',(3.41657372,-4.076935553,2.383802209));
#236=CARTESIAN_POINT('',(3.477857395,-4.099887559,2.370991071));
#237=CARTESIAN_POINT('',(3.5387294,-4.122554535,2.386470574));
#238=CARTESIAN_POINT('',(3.538835395,-3.793544695,2.4070049));
#239=CARTESIAN_POINT('',(3.583828481,-3.814473963,2.396966164));
#240=CARTESIAN_POINT('',(3.629152492,-3.8359829,2.403582021));
#241=CARTESIAN_POINT('',(3.583269762,-3.700209357,2.413380423));
#242=CARTESIAN_POINT('',(3.622320135,-3.720690674,2.404325193));
#243=CARTESIAN_POINT('',(3.66201583,-3.741600353,2.408281671));
#244=CARTESIAN_POINT('',(3.665593737,-3.569408765,2.418222211));
#245=CARTESIAN_POINT('',(3.693950145,-3.589156899,2.410963205));
#246=CARTESIAN_POINT('',(3.722903131,-3.609332627,2.411841274));
#247=CARTESIAN_POINT('',(3.695745539,-3.527090192,2.41906712));
#248=CARTESIAN_POINT('',(3.720173661,-3.54663718,2.412464898));
#249=CARTESIAN_POINT('',(3.745203727,-3.566539463,2.412459321));
#250=CARTESIAN_POINT('',(3.767568403,-3.452855437,2.417157459));
#251=CARTESIAN_POINT('',(3.782679439,-3.472076527,2.412118589));
#252=CARTESIAN_POINT('',(3.798325356,-3.491472281,2.411035026));
#253=CARTESIAN_POINT('',(3.810421615,-3.419602705,2.414378302));
#254=CARTESIAN_POINT('',(3.820019069,-3.438636581,2.410274982));
#255=CARTESIAN_POINT('',(3.830020717,-3.457846732,2.40897418));
#256=CARTESIAN_POINT('',(3.911788227,-3.401203756,2.399557628));
#257=CARTESIAN_POINT('',(3.908178554,-3.420155252,2.397705657));
#258=CARTESIAN_POINT('',(3.904995705,-3.439241504,2.398009317));
#259=CARTESIAN_POINT('',(3.962556412,-3.422561183,2.387978146));
#260=CARTESIAN_POINT('',(3.952293661,-3.441635783,2.387267967));
#261=CARTESIAN_POINT('',(3.942546782,-3.460838368,2.389447896));
#262=CARTESIAN_POINT('',(4.040388635,-3.485873611,2.365915022));
#263=CARTESIAN_POINT('',(4.019670455,-3.505228681,2.367017274));
#264=CARTESIAN_POINT('',(4.000116888,-3.52486069,2.373138918));
#265=CARTESIAN_POINT('',(4.07161614,-3.526344626,2.354909817));
#266=CARTESIAN_POINT('',(4.046606815,-3.545900506,2.356758657));
#267=CARTESIAN_POINT('',(4.023215391,-3.56578553,2.365005443));
#268=CARTESIAN_POINT('',(4.153843422,-3.651266684,2.323007002));
#269=CARTESIAN_POINT('',(4.117439165,-3.671519351,2.326834926));
#270=CARTESIAN_POINT('',(4.084038274,-3.692108641,2.341428914));
#271=CARTESIAN_POINT('',(4.195662812,-3.743524475,2.302233635));
#272=CARTESIAN_POINT('',(4.153109865,-3.764233741,2.307142648));
#273=CARTESIAN_POINT('',(4.114972802,-3.785401425,2.326079454));
#274=CARTESIAN_POINT('',(4.307333585,-4.021170146,2.240502588));
#275=CARTESIAN_POINT('',(4.248140694,-4.043847307,2.248270704));
#276=CARTESIAN_POINT('',(4.197579122,-4.066162987,2.28046859));
#277=CARTESIAN_POINT('',(4.363166193,-4.212252911,2.199521571));
#278=CARTESIAN_POINT('',(4.294549289,-4.235994423,2.208930511));
#279=CARTESIAN_POINT('',(4.238901483,-4.259490646,2.250176636));
#280=CARTESIAN_POINT('',(4.413094966,-4.404783604,2.157034703));
#281=CARTESIAN_POINT('',(4.335046287,-4.427588102,2.168479089));
#282=CARTESIAN_POINT('',(4.275820282,-4.454086252,2.218805462));
#283=ADVANCED_FACE('NONE',(#284),#305,.T.);
#284=FACE_BOUND('NONE',#285,.T.);
#285=EDGE_LOOP('',(#286,#287,#298));
#286=ORIENTED_EDGE('',*,*,#47,.F.);
#287=ORIENTED_EDGE('',*,*,#288,.T.);
#288=EDGE_CURVE('NONE',#35,#289,#291,.T.);
#289=VERTEX_POINT('NONE',#290);
#290=CARTESIAN_POINT('',(3.228670847,-4.749996684,2.306381359));
#291=B_SPLINE_CURVE_WITH_KNOTS('',3,(#292,#293,#294,#295,#296,#297),.UNSPECIFIED.,.F.,.U.,(4,2,4),(-5.999999994E-08,1.620872719E-04,3.242345438E-04),.UNSPECIFIED.);
#292=CARTESIAN_POINT('',(3.44510349,-4.517493549,2.352625596));
#293=CARTESIAN_POINT('',(3.418497066,-4.563289145,2.341847576));
#294=CARTESIAN_POINT('',(3.388661877,-4.607586717,2.331691698));
#295=CARTESIAN_POINT('',(3.318205098,-4.688424414,2.314864822));
#296=CARTESIAN_POINT('',(3.276900257,-4.725658391,2.308028926));
#297=CARTESIAN_POINT('',(3.228670847,-4.749996684,2.306381359));
#298=ORIENTED_EDGE('',*,*,#299,.T.);
#299=EDGE_CURVE('NONE',#289,#16,#300,.T.);
#300=B_SPLINE_CURVE_WITH_KNOTS('',3,(#301,#302,#303,#304),.UNSPECIFIED.,.F.,.U.,(4,4),(0.322921708,1.0),.PIECEWISE_BEZIER_KNOTS.);
#301=CARTESIAN_POINT('',(3.228670847,-4.749996684,2.306381359));
#302=CARTESIAN_POINT('',(3.302675449,-4.75,2.308912544));
#303=CARTESIAN_POINT('',(3.375942525,-4.75,2.324607765));
#304=CARTESIAN_POINT('',(3.44510349,-4.75,2.352625596));
#305=B_SPLINE_SURFACE_WITH_KNOTS('',3,1,((#306,#307),(#308,#309),(#310,#311),(#312,#313)),.UNSPECIFIED.,.F.,.F.,.U.,(4,4),(2,2),(0.0,1.0),(0.0,1.0),.PIECEWISE_BEZIER_KNOTS.);
#306=CARTESIAN_POINT('',(3.122648068,-4.75,2.311804716));
#307=CARTESIAN_POINT('',(3.122648068,-3.054629846,2.311804716));
#308=CARTESIAN_POINT('',(3.231854317,-4.75,2.29674435));
#309=CARTESIAN_POINT('',(3.231854317,-3.054629846,2.29674435));
#310=CARTESIAN_POINT('',(3.342957304,-4.75,2.311245106));
#311=CARTESIAN_POINT('',(3.342957304,-3.054629846,2.311245106));
#312=CARTESIAN_POINT('',(3.44510349,-4.75,2.352625596));
#313=CARTESIAN_POINT('',(3.44510349,-3.054629846,2.352625596));
#314=ADVANCED_FACE('NONE',(#315),#351,.T.);
#315=FACE_BOUND('NONE',#316,.T.);
#316=EDGE_LOOP('',(#317,#324,#325,#338,#349,#350));
#317=ORIENTED_EDGE('',*,*,#318,.T.);
#318=EDGE_CURVE('NONE',#72,#64,#319,.T.);
#319=CIRCLE('',#320,0.563180205);
#320=AXIS2_PLACEMENT_3D('',#321,#322,#323);
#321=CARTESIAN_POINT('',(3.75,-9.498506702,1.6));
#322=DIRECTION('',(0.0,1.0,0.0));
#323=DIRECTION('',(0.0,0.0,-1.0));
#324=ORIENTED_EDGE('',*,*,#61,.F.);
#325=ORIENTED_EDGE('',*,*,#326,.T.);
#326=EDGE_CURVE('NONE',#62,#327,#329,.T.);
#327=VERTEX_POINT('NONE',#328);
#328=CARTESIAN_POINT('',(4.477900277,-5.673768023,1.369161829));
#329=B_SPLINE_CURVE_WITH_KNOTS('',3,(#330,#331,#332,#333,#334,#335,#336,#337),.UNSPECIFIED.,.F.,.U.,(4,2,2,4),(0.001068447,0.00177388,0.002126596,0.002479312),.UNSPECIFIED.);
#330=CARTESIAN_POINT('',(3.75,-6.720348417,0.891222689));
#331=CARTESIAN_POINT('',(3.90187093,-6.542822942,0.881918973));
#332=CARTESIAN_POINT('',(4.04354383,-6.352978423,0.918006089));
#333=CARTESIAN_POINT('',(4.231787919,-6.075521794,1.030257672));
#334=CARTESIAN_POINT('',(4.289912831,-5.985229567,1.077065704));
#335=CARTESIAN_POINT('',(4.396142478,-5.813667488,1.198770427));
#336=CARTESIAN_POINT('',(4.44360667,-5.733198729,1.271327439));
#337=CARTESIAN_POINT('',(4.477900277,-5.673768023,1.369161829));
#338=ORIENTED_EDGE('',*,*,#339,.T.);
#339=EDGE_CURVE('NONE',#327,#136,#340,.T.);
#340=B_SPLINE_CURVE_WITH_KNOTS('',3,(#341,#342,#343,#344,#345,#346,#347,#348),.UNSPECIFIED.,.F.,.U.,(4,2,2,4),(0.0,3.203387796E-04,6.406775592E-04,0.001281355),.UNSPECIFIED.);
#341=CARTESIAN_POINT('',(4.477900277,-5.673768023,1.369161829));
#342=CARTESIAN_POINT('',(4.508940663,-5.619975137,1.457715281));
#343=CARTESIAN_POINT('',(4.522422283,-5.563000072,1.547045462));
#344=CARTESIAN_POINT('',(4.521835093,-5.432793227,1.719408922));
#345=CARTESIAN_POINT('',(4.507826325,-5.362453707,1.798820677));
#346=CARTESIAN_POINT('',(4.442526091,-5.129420534,2.012313391));
#347=CARTESIAN_POINT('',(4.370314489,-4.949696295,2.114040316));
#348=CARTESIAN_POINT('',(4.320228969,-4.75,2.178140201));
#349=ORIENTED_EDGE('',*,*,#135,.F.);
#350=ORIENTED_EDGE('',*,*,#80,.F.);
#351=CONICAL_SURFACE('',#352,0.55,0.052359878);
#352=AXIS2_PLACEMENT_3D('',#353,#354,#355);
#353=CARTESIAN_POINT('',(3.75,-9.75,1.6));
#354=DIRECTION('',(0.0,1.0,0.0));
#355=DIRECTION('',(0.0,0.0,1.0));
#356=ADVANCED_FACE('NONE',(#357),#385,.T.);
#357=FACE_BOUND('NONE',#358,.T.);
#358=EDGE_LOOP('',(#359,#368,#369,#378));
#359=ORIENTED_EDGE('',*,*,#360,.T.);
#360=EDGE_CURVE('NONE',#361,#72,#363,.F.);
#361=VERTEX_POINT('NONE',#362);
#362=CARTESIAN_POINT('',(3.75,-9.75,2.0));
#363=CIRCLE('',#364,0.3);
#364=AXIS2_PLACEMENT_3D('',#365,#366,#367);
#365=CARTESIAN_POINT('',(3.75,-9.482805916,1.863591345));
#366=DIRECTION('',(1.0,0.0,-1.224646799E-16));
#367=DIRECTION('',(-1.224646799E-16,0.0,-1.0));
#368=ORIENTED_EDGE('',*,*,#71,.F.);
#369=ORIENTED_EDGE('',*,*,#370,.T.);
#370=EDGE_CURVE('NONE',#64,#371,#373,.T.);
#371=VERTEX_POINT('NONE',#372);
#372=CARTESIAN_POINT('',(3.75,-9.75,1.2));
#373=CIRCLE('',#374,0.3);
#374=AXIS2_PLACEMENT_3D('',#375,#376,#377);
#375=CARTESIAN_POINT('',(3.75,-9.482805916,1.336408655));
#376=DIRECTION('',(-1.0,0.0,0.0));
#377=DIRECTION('',(0.0,0.0,1.0));
#378=ORIENTED_EDGE('',*,*,#379,.T.);
#379=EDGE_CURVE('NONE',#371,#361,#380,.F.);
#380=CIRCLE('',#381,0.4);
#381=AXIS2_PLACEMENT_3D('',#382,#383,#384);
#382=CARTESIAN_POINT('',(3.75,-9.75,1.6));
#383=DIRECTION('',(0.0,-1.0,0.0));
#384=DIRECTION('',(0.0,0.0,-1.0));
#385=TOROIDAL_SURFACE('',#386,0.263591345,0.3);
#386=AXIS2_PLACEMENT_3D('',#387,#388,#389);
#387=CARTESIAN_POINT('',(3.75,-9.482805916,1.6));
#388=DIRECTION('',(0.0,-1.0,0.0));
#389=DIRECTION('',(0.0,0.0,-1.0));
#390=ADVANCED_FACE('NONE',(#391),#420,.F.);
#391=FACE_BOUND('NONE',#392,.T.);
#392=EDGE_LOOP('',(#393,#402,#403,#404,#413));
#393=ORIENTED_EDGE('',*,*,#394,.T.);
#394=EDGE_CURVE('NONE',#395,#88,#397,.T.);
#395=VERTEX_POINT('NONE',#396);
#396=CARTESIAN_POINT('',(2.929210435,-5.668228127,2.153995502));
#397=CIRCLE('',#398,0.6);
#398=AXIS2_PLACEMENT_3D('',#399,#400,#401);
#399=CARTESIAN_POINT('',(3.004961115,-5.795289873,2.735473917));
#400=DIRECTION('',(-0.190992965,-0.963858737,-0.185736433));
#401=DIRECTION('',(0.980927262,-0.19437517,-5.551115123E-17));
#402=ORIENTED_EDGE('',*,*,#87,.F.);
#403=ORIENTED_EDGE('',*,*,#299,.F.);
#404=ORIENTED_EDGE('',*,*,#405,.T.);
#405=EDGE_CURVE('NONE',#289,#406,#408,.T.);
#406=VERTEX_POINT('NONE',#407);
#407=CARTESIAN_POINT('',(3.128539521,-4.72358512,2.315781058));
#408=B_SPLINE_CURVE_WITH_KNOTS('',3,(#409,#410,#411,#412),.UNSPECIFIED.,.F.,.U.,(4,4),(0.0,1.0),.PIECEWISE_BEZIER_KNOTS.);
#409=CARTESIAN_POINT('',(3.228670847,-4.749996684,2.306381359));
#410=CARTESIAN_POINT('',(3.193147458,-4.750500211,2.305093739));
#411=CARTESIAN_POINT('',(3.156686561,-4.742528982,2.308467729));
#412=CARTESIAN_POINT('',(3.128539521,-4.72358512,2.315781058));
#413=ORIENTED_EDGE('',*,*,#414,.T.);
#414=EDGE_CURVE('NONE',#406,#395,#415,.F.);
#415=B_SPLINE_CURVE_WITH_KNOTS('',3,(#416,#417,#418,#419),.UNSPECIFIED.,.F.,.U.,(4,4),(0.0,9.789062603E-04),.PIECEWISE_BEZIER_KNOTS.);
#416=CARTESIAN_POINT('',(2.929210435,-5.668228127,2.153995502));
#417=CARTESIAN_POINT('',(2.991383207,-5.353602726,2.21464646));
#418=CARTESIAN_POINT('',(3.058141463,-5.038768815,2.268521721));
#419=CARTESIAN_POINT('',(3.128539521,-4.72358512,2.315781058));
#420=(BOUNDED_SURFACE()B_SPLINE_SURFACE(3,2,((#421,#422,#423),(#424,#425,#426),(#427,#428,#429),(#430,#431,#432)),.UNSPECIFIED.,.F.,.F.,.U.)B_SPLINE_SURFACE_WITH_KNOTS((4,4),(3,3),(0.0,0.001056234),(0.0,1.0),.PIECEWISE_BEZIER_KNOTS.)GEOMETRIC_REPRESENTATION_ITEM()RATIONAL_B_SPLINE_SURFACE(((1.0,0.935704086,1.0),(1.0,0.947201868,1.0),(1.0,0.956787333,1.0),(1.0,0.964818212,1.0)))REPRESENTATION_ITEM('')SURFACE());
#421=CARTESIAN_POINT('',(2.929210435,-5.668228127,2.153995502));
#422=CARTESIAN_POINT('',(3.14941807,-5.704795474,2.117317977));
#423=CARTESIAN_POINT('',(3.333668097,-5.763888299,2.234509187));
#424=CARTESIAN_POINT('',(2.994925226,-5.335678338,2.21810178));
#425=CARTESIAN_POINT('',(3.192329834,-5.375296623,2.183658831));
#426=CARTESIAN_POINT('',(3.3670089,-5.423832837,2.277701112));
#427=CARTESIAN_POINT('',(3.065685218,-5.003251112,2.274571943));
#428=CARTESIAN_POINT('',(3.242655623,-5.039847045,2.243561106));
#429=CARTESIAN_POINT('',(3.404591123,-5.083918251,2.317395157));
#430=CARTESIAN_POINT('',(3.140378183,-4.670732268,2.32364336));
#431=CARTESIAN_POINT('',(3.298427332,-4.702275239,2.29609777));
#432=CARTESIAN_POINT('',(3.445841165,-4.743916501,2.353267859));
#433=ADVANCED_FACE('NONE',(#434),#462,.F.);
#434=FACE_BOUND('NONE',#435,.T.);
#435=EDGE_LOOP('',(#436,#445,#446,#447));
#436=ORIENTED_EDGE('',*,*,#437,.T.);
#437=EDGE_CURVE('NONE',#438,#97,#440,.T.);
#438=VERTEX_POINT('NONE',#439);
#439=CARTESIAN_POINT('',(2.324294697,-6.806626487,1.183117775));
#440=CIRCLE('',#441,0.6);
#441=AXIS2_PLACEMENT_3D('',#442,#443,#444);
#442=CARTESIAN_POINT('',(2.544208675,-7.364871811,1.183117775));
#443=DIRECTION('',(0.317970653,0.125260684,-0.939789564));
#444=DIRECTION('',(-0.947250236,-6.938893904E-18,-0.320494915));
#445=ORIENTED_EDGE('',*,*,#96,.F.);
#446=ORIENTED_EDGE('',*,*,#394,.F.);
#447=ORIENTED_EDGE('',*,*,#448,.T.);
#448=EDGE_CURVE('NONE',#395,#438,#449,.F.);
#449=B_SPLINE_CURVE_WITH_KNOTS('',3,(#450,#451,#452,#453,#454,#455,#456,#457,#458,#459,#460,#461),.UNSPECIFIED.,.F.,.U.,(4,2,2,2,2,4),(7.818293052E-19,2.321964557E-04,4.643929114E-04,9.287858227E-04,0.001393179,0.001857572),.UNSPECIFIED.);
#450=CARTESIAN_POINT('',(2.324294697,-6.806626487,1.183117775));
#451=CARTESIAN_POINT('',(2.290446153,-6.81996071,1.251531062));
#452=CARTESIAN_POINT('',(2.269170646,-6.819995195,1.327881952));
#453=CARTESIAN_POINT('',(2.261260988,-6.786489489,1.478899733));
#454=CARTESIAN_POINT('',(2.273981136,-6.754611209,1.549064334));
#455=CARTESIAN_POINT('',(2.339191864,-6.634510373,1.734569931));
#456=CARTESIAN_POINT('',(2.41274828,-6.528325825,1.822966046));
#457=CARTESIAN_POINT('',(2.563084049,-6.30530205,1.963870094));
#458=CARTESIAN_POINT('',(2.643346392,-6.185045609,2.0167651));
#459=CARTESIAN_POINT('',(2.795205212,-5.936086331,2.100472373));
#460=CARTESIAN_POINT('',(2.868196169,-5.8068366,2.131655958));
#461=CARTESIAN_POINT('',(2.929210435,-5.668228127,2.153995502));
#462=(BOUNDED_SURFACE()B_SPLINE_SURFACE(3,2,((#463,#464,#465),(#466,#467,#468),(#469,#470,#471),(#472,#473,#474),(#475,#476,#477),(#478,#479,#480),(#481,#482,#483),(#484,#485,#486),(#487,#488,#489),(#490,#491,#492),(#493,#494,#495),(#496,#497,#498),(#499,#500,#501),(#502,#503,#504)),.UNSPECIFIED.,.F.,.F.,.U.)B_SPLINE_SURFACE_WITH_KNOTS((4,2,2,2,2,2,4),(3,3),(-2.656295323E-18,6.239669409E-04,0.001247934,0.001559917,0.001871901,0.002183884,0.002495868),(0.0,1.0),.UNSPECIFIED.)GEOMETRIC_REPRESENTATION_ITEM()RATIONAL_B_SPLINE_SURFACE(((1.0,0.935704086,1.0),(1.0,0.917947096,1.0),(1.0,0.893662733,1.0),(1.0,0.830995726,1.0),(1.0,0.792002303,1.0),(1.0,0.726964415,1.0),(1.0,0.703894255,1.0),(1.0,0.659357975,1.0),(1.0,0.63750141,1.0),(1.0,0.602020049,1.0),(1.0,0.588706162,1.0),(1.0,0.578628142,1.0),(1.0,0.581821492,1.0),(1.0,0.592774897,1.0)))REPRESENTATION_ITEM('')SURFACE());
#463=CARTESIAN_POINT('',(3.333668097,-5.763888299,2.234509187));
#464=CARTESIAN_POINT('',(3.14941807,-5.704795474,2.117317977));
#465=CARTESIAN_POINT('',(2.929210435,-5.668228127,2.153995502));
#466=CARTESIAN_POINT('',(3.313744233,-5.96709905,2.208698486));
#467=CARTESIAN_POINT('',(3.110175666,-5.87880903,2.06985865));
#468=CARTESIAN_POINT('',(2.861960575,-5.821002147,2.129372901));
#469=CARTESIAN_POINT('',(3.281650433,-6.157524438,2.173443501));
#470=CARTESIAN_POINT('',(3.059976951,-6.036139536,2.002738898));
#471=CARTESIAN_POINT('',(2.779423291,-5.964023404,2.093658744));
#472=CARTESIAN_POINT('',(3.213577875,-6.52073698,2.082385828));
#473=CARTESIAN_POINT('',(2.974640851,-6.307448748,1.836593278));
#474=CARTESIAN_POINT('',(2.611773044,-6.234046843,1.996863446));
#475=CARTESIAN_POINT('',(3.176692394,-6.693935836,2.026011384));
#476=CARTESIAN_POINT('',(2.939203312,-6.421593986,1.72985055));
#477=CARTESIAN_POINT('',(2.525372142,-6.361200747,1.935167461));
#478=CARTESIAN_POINT('',(3.128974758,-6.924336712,1.921110913));
#479=CARTESIAN_POINT('',(2.925609375,-6.524389335,1.573651324));
#480=CARTESIAN_POINT('',(2.413081311,-6.527819883,1.816823348));
#481=CARTESIAN_POINT('',(3.114105934,-6.99731091,1.882100985));
#482=CARTESIAN_POINT('',(2.928542445,-6.547541517,1.519170032));
#483=CARTESIAN_POINT('',(2.378007338,-6.580131471,1.772328379));
#484=CARTESIAN_POINT('',(3.089901946,-7.12673159,1.797080988));
#485=CARTESIAN_POINT('',(2.95011472,-6.566464938,1.427913586));
#486=CARTESIAN_POINT('',(2.319487766,-6.672030303,1.674333284));
#487=CARTESIAN_POINT('',(3.080355686,-7.184279692,1.750367706));
#488=CARTESIAN_POINT('',(2.970136575,-6.560201398,1.392432799));
#489=CARTESIAN_POINT('',(2.295536387,-6.712407621,1.620018835));
#490=CARTESIAN_POINT('',(3.07029073,-7.275759385,1.64989258));
#491=CARTESIAN_POINT('',(3.013840458,-6.532896521,1.363251795));
#492=CARTESIAN_POINT('',(2.26597922,-6.775498995,1.502417075));
#493=CARTESIAN_POINT('',(3.069884967,-7.30941281,1.59609005));
#494=CARTESIAN_POINT('',(3.035843001,-6.512728834,1.374002703));
#495=CARTESIAN_POINT('',(2.260602062,-6.798019976,1.43907908));
#496=CARTESIAN_POINT('',(3.08123616,-7.344930827,1.486834628));
#497=CARTESIAN_POINT('',(3.05408927,-6.498418078,1.420280629));
#498=CARTESIAN_POINT('',(2.274410641,-6.819657244,1.310270421));
#499=CARTESIAN_POINT('',(3.092752718,-7.346881881,1.432376712));
#500=CARTESIAN_POINT('',(3.049135426,-6.505749574,1.451170199));
#501=CARTESIAN_POINT('',(2.293188677,-6.818880326,1.24598797));
#502=CARTESIAN_POINT('',(3.110496851,-7.333470237,1.37890246));
#503=CARTESIAN_POINT('',(3.0370827,-6.525832295,1.461710078));
#504=CARTESIAN_POINT('',(2.324294697,-6.806626487,1.183117775));
#505=ADVANCED_FACE('NONE',(#506),#541,.F.);
#506=FACE_BOUND('NONE',#507,.T.);
#507=EDGE_LOOP('',(#508,#517,#518,#519,#520));
#508=ORIENTED_EDGE('',*,*,#509,.T.);
#509=EDGE_CURVE('NONE',#510,#327,#512,.T.);
#510=VERTEX_POINT('NONE',#511);
#511=CARTESIAN_POINT('',(4.622784347,-5.282912235,1.18803515));
#512=CIRCLE('',#513,0.6);
#513=AXIS2_PLACEMENT_3D('',#514,#515,#516);
#514=CARTESIAN_POINT('',(5.049045676,-5.705169596,1.18803515));
#515=DIRECTION('',(0.3030413,0.305914827,0.902542015));
#516=DIRECTION('',(2.775557562E-17,-0.947075967,0.321009521));
#517=ORIENTED_EDGE('',*,*,#326,.F.);
#518=ORIENTED_EDGE('',*,*,#115,.F.);
#519=ORIENTED_EDGE('',*,*,#437,.F.);
#520=ORIENTED_EDGE('',*,*,#521,.T.);
#521=EDGE_CURVE('NONE',#438,#510,#522,.F.);
#522=B_SPLINE_CURVE_WITH_KNOTS('',3,(#523,#524,#525,#526,#527,#528,#529,#530,#531,#532,#533,#534,#535,#536,#537,#538,#539,#540),.UNSPECIFIED.,.F.,.U.,(4,2,2,2,2,2,2,2,4),(3.903127821E-18,4.363633695E-04,8.727267391E-04,0.00130909,0.001745453,0.002181817,0.00261818,0.003054544,0.003490907),.UNSPECIFIED.);
#523=CARTESIAN_POINT('',(4.622784347,-5.282912235,1.18803515));
#524=CARTESIAN_POINT('',(4.580906528,-5.325187151,1.052583643));
#525=CARTESIAN_POINT('',(4.521907794,-5.383711366,0.933193343));
#526=CARTESIAN_POINT('',(4.375190431,-5.521798241,0.718403305));
#527=CARTESIAN_POINT('',(4.290419596,-5.598533955,0.627745562));
#528=CARTESIAN_POINT('',(4.101066743,-5.759917806,0.475497461));
#529=CARTESIAN_POINT('',(3.996022925,-5.844840297,0.414308601));
#530=CARTESIAN_POINT('',(3.77466798,-6.012196252,0.327143735));
#531=CARTESIAN_POINT('',(3.655302965,-6.096878307,0.300155214));
#532=CARTESIAN_POINT('',(3.412511574,-6.257121396,0.286177754));
#533=CARTESIAN_POINT('',(3.286993933,-6.334122622,0.298797708));
#534=CARTESIAN_POINT('',(3.038257136,-6.475812667,0.369349988));
#535=CARTESIAN_POINT('',(2.919539467,-6.538088203,0.425474559));
#536=CARTESIAN_POINT('',(2.696503665,-6.647677497,0.583407277));
#537=CARTESIAN_POINT('',(2.597925558,-6.692198571,0.681495212));
#538=CARTESIAN_POINT('',(2.432584786,-6.763509145,0.912275209));
#539=CARTESIAN_POINT('',(2.367669593,-6.789539472,1.04300703));
#540=CARTESIAN_POINT('',(2.324294697,-6.806626487,1.183117775));
#541=(BOUNDED_SURFACE()B_SPLINE_SURFACE(3,2,((#542,#543,#544),(#545,#546,#547),(#548,#549,#550),(#551,#552,#553),(#554,#555,#556),(#557,#558,#559),(#560,#561,#562),(#563,#564,#565),(#566,#567,#568),(#569,#570,#571),(#572,#573,#574),(#575,#576,#577),(#578,#579,#580),(#581,#582,#583),(#584,#585,#586),(#587,#588,#589)),.UNSPECIFIED.,.F.,.F.,.U.)B_SPLINE_SURFACE_WITH_KNOTS((4,2,2,2,2,2,2,4),(3,3),(-3.903127821E-18,4.626000266E-04,9.252000532E-04,0.0013878,0.0018504,0.002313,0.0027756,0.0037008),(0.0,1.0),.UNSPECIFIED.)GEOMETRIC_REPRESENTATION_ITEM()RATIONAL_B_SPLINE_SURFACE(((1.0,0.925500422,1.0),(1.0,0.917573087,1.0),(1.0,0.906526408,1.0),(1.0,0.879547019,1.0),(1.0,0.864290103,1.0),(1.0,0.831019287,1.0),(1.0,0.813027385,1.0),(1.0,0.776350799,1.0),(1.0,0.757221303,1.0),(1.0,0.720271906,1.0),(1.0,0.70232217,1.0),(1.0,0.668414404,1.0),(1.0,0.653294795,1.0),(1.0,0.61436331,1.0),(1.0,0.599063996,1.0),(1.0,0.592774897,1.0)))REPRESENTATION_ITEM('')SURFACE());
#542=CARTESIAN_POINT('',(4.622784347,-5.282912235,1.18803515));
#543=CARTESIAN_POINT('',(4.466823081,-5.440352371,1.293765382));
#544=CARTESIAN_POINT('',(4.477900277,-5.673768023,1.369161829));
#545=CARTESIAN_POINT('',(4.578989072,-5.327122789,1.046381882));
#546=CARTESIAN_POINT('',(4.422738344,-5.482020088,1.189507759));
#547=CARTESIAN_POINT('',(4.450156569,-5.72184782,1.290013304));
#548=CARTESIAN_POINT('',(4.517229277,-5.388300852,0.924267067));
#549=CARTESIAN_POINT('',(4.360806469,-5.539362203,1.103625244));
#550=CARTESIAN_POINT('',(4.411254766,-5.788232309,1.222530787));
#551=CARTESIAN_POINT('',(4.366043054,-5.530203503,0.707289252));
#552=CARTESIAN_POINT('',(4.214442764,-5.668120958,0.961327357));
#553=CARTESIAN_POINT('',(4.316816112,-5.942435295,1.103733698));
#554=CARTESIAN_POINT('',(4.28012435,-5.607624766,0.617844497));
#555=CARTESIAN_POINT('',(4.132187658,-5.737431945,0.908756938));
#556=CARTESIAN_POINT('',(4.263510896,-6.026597597,1.055484088));
#557=CARTESIAN_POINT('',(4.090013084,-5.768984829,0.468427007));
#558=CARTESIAN_POINT('',(3.95821136,-5.876440338,0.833892057));
#559=CARTESIAN_POINT('',(4.146692189,-6.202092706,0.976137485));
#560=CARTESIAN_POINT('',(3.985917657,-5.852736447,0.409390534));
#561=CARTESIAN_POINT('',(3.865869356,-5.946278523,0.813421736));
#562=CARTESIAN_POINT('',(4.083251071,-6.293222773,0.945560804));
#563=CARTESIAN_POINT('',(3.767951728,-6.01699749,0.325513309));
#564=CARTESIAN_POINT('',(3.684951728,-6.076329244,0.803385132));
#565=CARTESIAN_POINT('',(3.951654386,-6.472045407,0.903533333));
#566=CARTESIAN_POINT('',(3.651370513,-6.099484441,0.299891576));
#567=CARTESIAN_POINT('',(3.594189123,-6.137810978,0.815356477));
#568=CARTESIAN_POINT('',(3.881869518,-6.561891065,0.891699949));
#569=CARTESIAN_POINT('',(3.415736703,-6.254982065,0.286400784));
#570=CARTESIAN_POINT('',(3.428749997,-6.245772233,0.865950273));
#571=CARTESIAN_POINT('',(3.742021476,-6.731344012,0.888412033));
#572=CARTESIAN_POINT('',(3.295995027,-6.328647275,0.297729043));
#573=CARTESIAN_POINT('',(3.354203938,-6.292116492,0.905493808));
#574=CARTESIAN_POINT('',(3.671527169,-6.811662688,0.896534725));
#575=CARTESIAN_POINT('',(3.052878469,-6.467799542,0.363856059));
#576=CARTESIAN_POINT('',(3.22554001,-6.372350379,1.004685209));
#577=CARTESIAN_POINT('',(3.529422881,-6.963450795,0.935748499));
#578=CARTESIAN_POINT('',(2.935252457,-6.529970923,0.417173966));
#579=CARTESIAN_POINT('',(3.176291792,-6.403396839,1.06216099));
#580=CARTESIAN_POINT('',(3.461172465,-7.031303107,0.965949895));
#581=CARTESIAN_POINT('',(2.60058038,-6.695524933,0.646238351));
#582=CARTESIAN_POINT('',(3.061982889,-6.482886251,1.246118141));
#583=CARTESIAN_POINT('',(3.267959559,-7.212046446,1.092277483));
#584=CARTESIAN_POINT('',(2.415945645,-6.770521707,0.887064549));
#585=CARTESIAN_POINT('',(3.045605644,-6.510386174,1.36081111));
#586=CARTESIAN_POINT('',(3.16265696,-7.294045831,1.2217112));
#587=CARTESIAN_POINT('',(2.324294697,-6.806626487,1.183117775));
#588=CARTESIAN_POINT('',(3.0370827,-6.525832295,1.461710078));
#589=CARTESIAN_POINT('',(3.110496851,-7.333470237,1.37890246));
#590=ADVANCED_FACE('NONE',(#591),#610,.T.);
#591=FACE_BOUND('NONE',#592,.T.);
#592=EDGE_LOOP('',(#593,#602,#609));
#593=ORIENTED_EDGE('',*,*,#594,.T.);
#594=EDGE_CURVE('NONE',#136,#595,#597,.T.);
#595=VERTEX_POINT('NONE',#596);
#596=CARTESIAN_POINT('',(4.41353568,-4.750004048,2.096480981));
#597=B_SPLINE_CURVE_WITH_KNOTS('',3,(#598,#599,#600,#601),.UNSPECIFIED.,.F.,.U.,(4,4),(0.0,0.378595675),.PIECEWISE_BEZIER_KNOTS.);
#598=CARTESIAN_POINT('',(4.320228969,-4.75,2.178140201));
#599=CARTESIAN_POINT('',(4.349854322,-4.75,2.14892024));
#600=CARTESIAN_POINT('',(4.381026198,-4.75,2.121795762));
#601=CARTESIAN_POINT('',(4.41353568,-4.750004048,2.096480981));
#602=ORIENTED_EDGE('',*,*,#603,.T.);
#603=EDGE_CURVE('NONE',#595,#145,#604,.T.);
#604=B_SPLINE_CURVE_WITH_KNOTS('',3,(#605,#606,#607,#608),.UNSPECIFIED.,.F.,.U.,(4,4),(-5.999999953E-08,1.686552309E-04),.PIECEWISE_BEZIER_KNOTS.);
#605=CARTESIAN_POINT('',(4.41353568,-4.750004048,2.096480981));
#606=CARTESIAN_POINT('',(4.375760011,-4.720510161,2.125910565));
#607=CARTESIAN_POINT('',(4.345253659,-4.682388996,2.153459705));
#608=CARTESIAN_POINT('',(4.320228969,-4.638486868,2.178140201));
#609=ORIENTED_EDGE('',*,*,#144,.F.);
#610=B_SPLINE_SURFACE_WITH_KNOTS('',3,1,((#611,#612),(#613,#614),(#615,#616),(#617,#618)),.UNSPECIFIED.,.F.,.F.,.U.,(4,4),(2,2),(0.0,1.0),(0.0,1.0),.PIECEWISE_BEZIER_KNOTS.);
#611=CARTESIAN_POINT('',(4.320228969,-4.75,2.178140201));
#612=CARTESIAN_POINT('',(4.320228969,-3.054629846,2.178140201));
#613=CARTESIAN_POINT('',(4.398479606,-4.75,2.100960341));
#614=CARTESIAN_POINT('',(4.398479606,-3.054629846,2.100960341));
#615=CARTESIAN_POINT('',(4.487519837,-4.75,2.038399999));
#616=CARTESIAN_POINT('',(4.487519837,-3.054629846,2.038399999));
#617=CARTESIAN_POINT('',(4.582829243,-4.75,1.984334164));
#618=CARTESIAN_POINT('',(4.582829243,-3.054629846,1.984334164));
#619=ADVANCED_FACE('NONE',(#620),#640,.F.);
#620=FACE_BOUND('NONE',#621,.T.);
#621=EDGE_LOOP('',(#622,#623,#624,#633));
#622=ORIENTED_EDGE('',*,*,#199,.F.);
#623=ORIENTED_EDGE('',*,*,#152,.F.);
#624=ORIENTED_EDGE('',*,*,#625,.T.);
#625=EDGE_CURVE('NONE',#145,#626,#628,.F.);
#626=VERTEX_POINT('NONE',#627);
#627=CARTESIAN_POINT('',(4.44575466,-4.562987414,2.114147907));
#628=CIRCLE('',#629,0.3);
#629=AXIS2_PLACEMENT_3D('',#630,#631,#632);
#630=CARTESIAN_POINT('',(4.530894605,-4.638486868,2.391728566));
#631=DIRECTION('',(-0.348879611,0.871707736,0.344105565));
#632=DIRECTION('',(-0.928404502,-0.371571099,1.387778781E-17));
#633=ORIENTED_EDGE('',*,*,#634,.T.);
#634=EDGE_CURVE('NONE',#626,#200,#635,.F.);
#635=B_SPLINE_CURVE_WITH_KNOTS('',3,(#636,#637,#638,#639),.UNSPECIFIED.,.F.,.U.,(4,4),(3.121598624E-17,1.671358075E-04),.PIECEWISE_BEZIER_KNOTS.);
#636=CARTESIAN_POINT('',(4.413094966,-4.404783604,2.157034703));
#637=CARTESIAN_POINT('',(4.420344723,-4.459251688,2.146364139));
#638=CARTESIAN_POINT('',(4.431387441,-4.51204664,2.132410076));
#639=CARTESIAN_POINT('',(4.44575466,-4.562987414,2.114147907));
#640=(BOUNDED_SURFACE()B_SPLINE_SURFACE(3,2,((#641,#642,#643),(#644,#645,#646),(#647,#648,#649),(#650,#651,#652)),.UNSPECIFIED.,.F.,.F.,.U.)B_SPLINE_SURFACE_WITH_KNOTS((4,4),(3,3),(-8.67361738E-19,2.019982274E-04),(0.0,1.0),.PIECEWISE_BEZIER_KNOTS.)GEOMETRIC_REPRESENTATION_ITEM()RATIONAL_B_SPLINE_SURFACE(((1.0,0.964522454,1.0),(1.0,0.965101869,1.0),(1.0,0.96484882,1.0),(1.0,0.963858161,1.0)))REPRESENTATION_ITEM('')SURFACE());
#641=CARTESIAN_POINT('',(4.413094966,-4.404783604,2.157034703));
#642=CARTESIAN_POINT('',(4.335046287,-4.427588102,2.168479089));
#643=CARTESIAN_POINT('',(4.275820282,-4.454086252,2.218805462));
#644=CARTESIAN_POINT('',(4.420494407,-4.460376237,2.146143834));
#645=CARTESIAN_POINT('',(4.344460832,-4.487071692,2.158478706));
#646=CARTESIAN_POINT('',(4.287964976,-4.518099824,2.208485698));
#647=CARTESIAN_POINT('',(4.431659706,-4.513012057,2.132063982));
#648=CARTESIAN_POINT('',(4.356978131,-4.543871176,2.144916459));
#649=CARTESIAN_POINT('',(4.303000007,-4.579535017,2.195133403));
#650=CARTESIAN_POINT('',(4.44575466,-4.562987414,2.114147907));
#651=CARTESIAN_POINT('',(4.371692022,-4.597853057,2.127381365));
#652=CARTESIAN_POINT('',(4.320228969,-4.638486868,2.178140201));
#653=ADVANCED_FACE('NONE',(#654),#744,.T.);
#654=FACE_BOUND('',#655,.T.);
#655=EDGE_LOOP('',(#656,#657,#668,#669));
#656=ORIENTED_EDGE('',*,*,#414,.F.);
#657=ORIENTED_EDGE('',*,*,#658,.T.);
#658=EDGE_CURVE('NONE',#406,#189,#659,.T.);
#659=B_SPLINE_CURVE_WITH_KNOTS('',3,(#660,#661,#662,#663,#664,#665,#666,#667),.UNSPECIFIED.,.F.,.U.,(4,2,2,4),(0.0,7.975948314E-05,1.595189663E-04,3.190379326E-04),.UNSPECIFIED.);
#660=CARTESIAN_POINT('',(3.128539521,-4.72358512,2.315781058));
#661=CARTESIAN_POINT('',(3.154998784,-4.721031828,2.312587512));
#662=CARTESIAN_POINT('',(3.175957454,-4.701198682,2.313232836));
#663=CARTESIAN_POINT('',(3.209066616,-4.659970935,2.31595165));
#664=CARTESIAN_POINT('',(3.222021297,-4.637187746,2.318165396));
#665=CARTESIAN_POINT('',(3.257061225,-4.566625216,2.325621195));
#666=CARTESIAN_POINT('',(3.274500657,-4.517413827,2.331657157));
#667=CARTESIAN_POINT('',(3.289977657,-4.467486098,2.337940029));
#668=ORIENTED_EDGE('',*,*,#208,.F.);
#669=ORIENTED_EDGE('',*,*,#670,.T.);
#670=EDGE_CURVE('NONE',#200,#395,#671,.T.);
#671=B_SPLINE_CURVE_WITH_KNOTS('',3,(#672,#673,#674,#675,#676,#677,#678,#679,#680,#681,#682,#683,#684,#685,#686,#687,#688,#689,#690,#691,#692,#693,#694,#695,#696,#697,#698,#699,#700,#701,#702,#703,#704,#705,#706,#707,#708,#709,#710,#711,#712,#713,#714,#715,#716,#717,#718,#719,#720,#721,#722,#723,#724,#725,#726,#727,#728,#729,#730,#731,#732,#733,#734,#735,#736,#737,#738,#739,#740,#741,#742,#743),.UNSPECIFIED.,.F.,.U.,(4,2,2,2,2,2,2,2,2,2,2,2,2,2,2,2,2,2,2,2,2,2,2,2,2,2,2,2,2,2,2,2,2,2,2,4),(4.647066817E-04,0.001623385,0.002782064,0.003940743,0.005099422,0.006258101,0.007416779,0.008575458,0.009734137,0.010892816,0.012051495,0.012630834,0.013210173,0.014368852,0.014948192,0.015527531,0.01668621,0.017844889,0.019003567,0.020162246,0.021320925,0.022479604,0.023638283,0.024796961,0.02595564,0.027114319,0.028272998,0.028852337,0.029431677,0.030590355,0.031749034,0.032907713,0.034066392,0.035225071,0.036383749,0.037542428),.UNSPECIFIED.);
#672=CARTESIAN_POINT('',(4.413094966,-4.404783604,2.157034703));
#673=CARTESIAN_POINT('',(4.665409209,-4.109582274,2.157641435));
#674=CARTESIAN_POINT('',(4.888417001,-3.794206918,2.158220067));
#675=CARTESIAN_POINT('',(5.278550181,-3.124987689,2.159272236));
#676=CARTESIAN_POINT('',(5.446584085,-2.767553259,2.159748909));
#677=CARTESIAN_POINT('',(5.715339256,-2.039176936,2.160527529));
#678=CARTESIAN_POINT('',(5.817703077,-1.666640033,2.160833884));
#679=CARTESIAN_POINT('',(5.960172444,-0.905330125,2.161263249));
#680=CARTESIAN_POINT('',(6.000066227,-0.512952412,2.161385738));
#681=CARTESIAN_POINT('',(6.013856189,0.264211984,2.161427892));
#682=CARTESIAN_POINT('',(5.988638204,0.650261092,2.161350264));
#683=CARTESIAN_POINT('',(5.874070227,1.417300539,2.161003197));
#684=CARTESIAN_POINT('',(5.783396749,1.80131206,2.160729766));
#685=CARTESIAN_POINT('',(5.540881029,2.539650686,2.160019579));
#686=CARTESIAN_POINT('',(5.389288629,2.896049862,2.159583313));
#687=CARTESIAN_POINT('',(5.023436134,3.58246661,2.158578045));
#688=CARTESIAN_POINT('',(4.807884547,3.912987545,2.158006121));
#689=CARTESIAN_POINT('',(4.326636131,4.521570689,2.156815458));
#690=CARTESIAN_POINT('',(4.059502872,4.802991853,2.156192117));
#691=CARTESIAN_POINT('',(3.468291792,5.316705993,2.154951623));
#692=CARTESIAN_POINT('',(3.150398017,5.543181172,2.154348637));
#693=CARTESIAN_POINT('',(2.645857793,5.832412056,2.153535086));
#694=CARTESIAN_POINT('',(2.472726815,5.920622475,2.153278458));
#695=CARTESIAN_POINT('',(2.116156105,6.079969589,2.152804045));
#696=CARTESIAN_POINT('',(1.932421337,6.151064692,2.152586342));
#697=CARTESIAN_POINT('',(1.377689282,6.333467482,2.152018543));
#698=CARTESIAN_POINT('',(0.999306827,6.416119525,2.151748188));
#699=CARTESIAN_POINT('',(0.418624623,6.480458692,2.151537396));
#700=CARTESIAN_POINT('',(0.221736041,6.491838669,2.151499749));
#701=CARTESIAN_POINT('',(-0.168421905,6.493711301,2.151493571));
#702=CARTESIAN_POINT('',(-0.362210021,6.484388179,2.15152443));
#703=CARTESIAN_POINT('',(-0.939803715,6.426450493,2.151714486));
#704=CARTESIAN_POINT('',(-1.32104856,6.347767866,2.151972612));
#705=CARTESIAN_POINT('',(-2.068359987,6.11011871,2.152715028));
#706=CARTESIAN_POINT('',(-2.423699872,5.95485102,2.153186994));
#707=CARTESIAN_POINT('',(-3.100145062,5.576198715,2.154258925));
#708=CARTESIAN_POINT('',(-3.42385274,5.350123883,2.154865157));
#709=CARTESIAN_POINT('',(-4.017032245,4.844379615,2.156097152));
#710=CARTESIAN_POINT('',(-4.288484075,4.564213121,2.156724943));
#711=CARTESIAN_POINT('',(-4.779885005,3.953289818,2.157933458));
#712=CARTESIAN_POINT('',(-4.993718984,3.63034763,2.158498679));
#713=CARTESIAN_POINT('',(-5.362872894,2.952364979,2.159508764));
#714=CARTESIAN_POINT('',(-5.518157581,2.597305183,2.15995399));
#715=CARTESIAN_POINT('',(-5.769180756,1.854521072,2.160687312));
#716=CARTESIAN_POINT('',(-5.861232036,1.477691212,2.160964536));
#717=CARTESIAN_POINT('',(-5.982304472,0.714375457,2.161330881));
#718=CARTESIAN_POINT('',(-6.011343414,0.327790728,2.161420212));
#719=CARTESIAN_POINT('',(-6.004203253,-0.455580236,2.161398383));
#720=CARTESIAN_POINT('',(-5.968022544,-0.842638012,2.161287216));
#721=CARTESIAN_POINT('',(-5.832606855,-1.604601263,2.16087854));
#722=CARTESIAN_POINT('',(-5.733015121,-1.981059873,2.160579818));
#723=CARTESIAN_POINT('',(-5.468143298,-2.717942457,2.159810438));
#724=CARTESIAN_POINT('',(-5.305895378,-3.070449676,2.1593486));
#725=CARTESIAN_POINT('',(-5.017775874,-3.57529361,2.158567921));
#726=CARTESIAN_POINT('',(-4.914233282,-3.739564817,2.158293039));
#727=CARTESIAN_POINT('',(-4.691554903,-4.059772924,2.15771904));
#728=CARTESIAN_POINT('',(-4.57198485,-4.216111479,2.157418941));
#729=CARTESIAN_POINT('',(-4.195799608,-4.663586674,2.156508623));
#730=CARTESIAN_POINT('',(-3.920196659,-4.936149101,2.155883463));
#731=CARTESIAN_POINT('',(-3.317496072,-5.427825326,2.154661914));
#732=CARTESIAN_POINT('',(-2.988643879,-5.64693819,2.154064518));
#733=CARTESIAN_POINT('',(-2.303451128,-6.010426831,2.153021358));
#734=CARTESIAN_POINT('',(-1.944027453,-6.157711674,2.152568653));
#735=CARTESIAN_POINT('',(-1.190375129,-6.377975659,2.15187495));
#736=CARTESIAN_POINT('',(-0.808752444,-6.447297428,2.151646287));
#737=CARTESIAN_POINT('',(-0.036135981,-6.506209084,2.151452573));
#738=CARTESIAN_POINT('',(0.359600624,-6.494735215,2.151491101));
#739=CARTESIAN_POINT('',(1.12921956,-6.390783549,2.151830539));
#740=CARTESIAN_POINT('',(1.504690511,-6.299519815,2.152127191));
#741=CARTESIAN_POINT('',(2.237296528,-6.039851653,2.152928408));
#742=CARTESIAN_POINT('',(2.594387644,-5.870404434,2.153435171));
#743=CARTESIAN_POINT('',(2.929210435,-5.668228127,2.153995502));
#744=(BOUNDED_SURFACE()B_SPLINE_SURFACE(3,3,((#745,#746,#747,#748),(#749,#750,#751,#752),(#753,#754,#755,#756),(#757,#758,#759,#760)),.UNSPECIFIED.,.F.,.F.,.U.)B_SPLINE_SURFACE_WITH_KNOTS((4,4),(4,4),(0.0,1.0),(0.0,1.0),.PIECEWISE_BEZIER_KNOTS.)GEOMETRIC_REPRESENTATION_ITEM()RATIONAL_B_SPLINE_SURFACE(((1.0,0.976698266,0.976698266,1.0),(0.97640117,0.95364933,0.95364933,0.97640117),(0.97640117,0.95364933,0.95364933,0.97640117),(1.0,0.976698266,0.976698266,1.0)))REPRESENTATION_ITEM('')SURFACE());
#745=CARTESIAN_POINT('',(5.898466114,-6.594659288,1.337318877));
#746=CARTESIAN_POINT('',(2.022278258,-6.594659288,2.392467598));
#747=CARTESIAN_POINT('',(-1.994955279,-6.594659288,2.394882629));
#748=CARTESIAN_POINT('',(-5.872408976,-6.594659288,1.344395147));
#749=CARTESIAN_POINT('',(6.188837105,-2.25160375,2.404023965));
#750=CARTESIAN_POINT('',(2.121831418,-2.25160375,3.511115779));
#751=CARTESIAN_POINT('',(-2.093163377,-2.25160375,3.513649698));
#752=CARTESIAN_POINT('',(-6.16149722,-2.25160375,2.411448586));
#753=CARTESIAN_POINT('',(6.188853536,2.250848411,2.404084325));
#754=CARTESIAN_POINT('',(2.121837051,2.250848411,3.511179078));
#755=CARTESIAN_POINT('',(-2.093168935,2.250848411,3.513713004));
#756=CARTESIAN_POINT('',(-6.161513578,2.250848411,2.411508966));
#757=CARTESIAN_POINT('',(5.898514243,6.593939386,1.337495684));
#758=CARTESIAN_POINT('',(2.022294759,6.593939386,2.392653013));
#759=CARTESIAN_POINT('',(-1.994971557,6.593939386,2.395068064));
#760=CARTESIAN_POINT('',(-5.872456892,6.593939386,1.34457201));
#761=ADVANCED_FACE('NONE',(#762),#768,.F.);
#762=FACE_BOUND('NONE',#763,.T.);
#763=EDGE_LOOP('',(#764,#765,#766,#767));
#764=ORIENTED_EDGE('',*,*,#405,.F.);
#765=ORIENTED_EDGE('',*,*,#288,.F.);
#766=ORIENTED_EDGE('',*,*,#188,.F.);
#767=ORIENTED_EDGE('',*,*,#658,.F.);
#768=(BOUNDED_SURFACE()B_SPLINE_SURFACE(3,2,((#769,#770,#771),(#772,#773,#774),(#775,#776,#777),(#778,#779,#780),(#781,#782,#783),(#784,#785,#786),(#787,#788,#789),(#790,#791,#792)),.UNSPECIFIED.,.F.,.F.,.U.)B_SPLINE_SURFACE_WITH_KNOTS((4,2,2,4),(3,3),(-1.734723476E-18,1.604785562E-04,2.407178343E-04,3.209571124E-04),(0.0,1.0),.UNSPECIFIED.)GEOMETRIC_REPRESENTATION_ITEM()RATIONAL_B_SPLINE_SURFACE(((1.0,0.962086224,1.0),(1.0,0.968479585,1.0),(1.0,0.974921603,1.0),(1.0,0.984350122,1.0),(1.0,0.98743833,1.0),(1.0,0.993074415,1.0),(1.0,0.995715237,1.0),(1.0,0.996061417,1.0)))REPRESENTATION_ITEM('')SURFACE());
#769=CARTESIAN_POINT('',(3.44510349,-4.517493549,2.352625596));
#770=CARTESIAN_POINT('',(3.370359763,-4.490480306,2.322346129));
#771=CARTESIAN_POINT('',(3.289977657,-4.467486098,2.337940029));
#772=CARTESIAN_POINT('',(3.41551683,-4.568422022,2.34063973));
#773=CARTESIAN_POINT('',(3.346892236,-4.541069437,2.3171166));
#774=CARTESIAN_POINT('',(3.274404739,-4.517723412,2.331618192));
#775=CARTESIAN_POINT('',(3.382168027,-4.618450526,2.329098851));
#776=CARTESIAN_POINT('',(3.320652542,-4.591244327,2.31219236));
#777=CARTESIAN_POINT('',(3.256824063,-4.567320667,2.325534506));
#778=CARTESIAN_POINT('',(3.314155548,-4.690209299,2.314770169));
#779=CARTESIAN_POINT('',(3.267962152,-4.663336664,2.306992658));
#780=CARTESIAN_POINT('',(3.22142246,-4.638281399,2.318056644));
#781=CARTESIAN_POINT('',(3.288871011,-4.713401919,2.310493849));
#782=CARTESIAN_POINT('',(3.248584636,-4.686581274,2.305612186));
#783=CARTESIAN_POINT('',(3.208305072,-4.661216061,2.315837613));
#784=CARTESIAN_POINT('',(3.223603554,-4.755093081,2.305363137));
#785=CARTESIAN_POINT('',(3.198948525,-4.728340553,2.305129988));
#786=CARTESIAN_POINT('',(3.174704682,-4.702443476,2.313184642));
#787=CARTESIAN_POINT('',(3.182754634,-4.774909896,2.304146419));
#788=CARTESIAN_POINT('',(3.168049944,-4.748252455,2.305866185));
#789=CARTESIAN_POINT('',(3.153820515,-4.722038093,2.312570547));
#790=CARTESIAN_POINT('',(3.129330287,-4.776621959,2.310920346));
#791=CARTESIAN_POINT('',(3.12769582,-4.749967859,2.311127588));
#792=CARTESIAN_POINT('',(3.12668039,-4.72373285,2.316011098));
#793=ADVANCED_FACE('NONE',(#794),#806,.T.);
#794=FACE_BOUND('NONE',#795,.T.);
#795=EDGE_LOOP('',(#796,#797,#798,#805));
#796=ORIENTED_EDGE('',*,*,#318,.F.);
#797=ORIENTED_EDGE('',*,*,#360,.F.);
#798=ORIENTED_EDGE('',*,*,#799,.T.);
#799=EDGE_CURVE('NONE',#361,#371,#800,.F.);
#800=CIRCLE('',#801,0.4);
#801=AXIS2_PLACEMENT_3D('',#802,#803,#804);
#802=CARTESIAN_POINT('',(3.75,-9.75,1.6));
#803=DIRECTION('',(0.0,-1.0,0.0));
#804=DIRECTION('',(0.0,0.0,-1.0));
#805=ORIENTED_EDGE('',*,*,#370,.F.);
#806=TOROIDAL_SURFACE('',#807,0.263591345,0.3);
#807=AXIS2_PLACEMENT_3D('',#808,#809,#810);
#808=CARTESIAN_POINT('',(3.75,-9.482805916,1.6));
#809=DIRECTION('',(0.0,-1.0,0.0));
#810=DIRECTION('',(0.0,0.0,-1.0));
#811=ADVANCED_FACE('NONE',(#812),#843,.F.);
#812=FACE_BOUND('NONE',#813,.T.);
#813=EDGE_LOOP('',(#814,#815,#816,#817,#832));
#814=ORIENTED_EDGE('',*,*,#594,.F.);
#815=ORIENTED_EDGE('',*,*,#339,.F.);
#816=ORIENTED_EDGE('',*,*,#509,.F.);
#817=ORIENTED_EDGE('',*,*,#818,.T.);
#818=EDGE_CURVE('NONE',#510,#819,#821,.F.);
#819=VERTEX_POINT('NONE',#820);
#820=CARTESIAN_POINT('',(4.560890269,-4.693755765,2.022584359));
#821=B_SPLINE_CURVE_WITH_KNOTS('',3,(#822,#823,#824,#825,#826,#827,#828,#829,#830,#831),.UNSPECIFIED.,.F.,.U.,(4,2,2,2,4),(-7.063680582E-05,1.952459448E-04,4.611286954E-04,7.27011446E-04,9.928941966E-04),.UNSPECIFIED.);
#822=CARTESIAN_POINT('',(4.560890269,-4.693755765,2.022584359));
#823=CARTESIAN_POINT('',(4.587390914,-4.766597843,1.977417168));
#824=CARTESIAN_POINT('',(4.618191347,-4.830007519,1.92168204));
#825=CARTESIAN_POINT('',(4.669209609,-4.943431043,1.795201739));
#826=CARTESIAN_POINT('',(4.689769752,-4.994412386,1.723367918));
#827=CARTESIAN_POINT('',(4.709541029,-5.086963455,1.573832879));
#828=CARTESIAN_POINT('',(4.709053961,-5.129731317,1.494220417));
#829=CARTESIAN_POINT('',(4.683559421,-5.209407426,1.337844086));
#830=CARTESIAN_POINT('',(4.659096054,-5.246256209,1.261364691));
#831=CARTESIAN_POINT('',(4.622784347,-5.282912235,1.18803515));
#832=ORIENTED_EDGE('',*,*,#833,.T.);
#833=EDGE_CURVE('NONE',#819,#595,#834,.T.);
#834=B_SPLINE_CURVE_WITH_KNOTS('',3,(#835,#836,#837,#838,#839,#840,#841,#842),.UNSPECIFIED.,.F.,.U.,(4,2,2,4),(0.0,0.25,0.5,1.0),.UNSPECIFIED.);
#835=CARTESIAN_POINT('',(4.560890269,-4.693755765,2.022584359));
#836=CARTESIAN_POINT('',(4.546792863,-4.702964966,2.025509112));
#837=CARTESIAN_POINT('',(4.536352949,-4.7094237,2.028497783));
#838=CARTESIAN_POINT('',(4.511399375,-4.723194211,2.03738472));
#839=CARTESIAN_POINT('',(4.49911995,-4.729219522,2.042694872));
#840=CARTESIAN_POINT('',(4.461509615,-4.744705305,2.061776261));
#841=CARTESIAN_POINT('',(4.43728733,-4.75053598,2.077919313));
#842=CARTESIAN_POINT('',(4.41353568,-4.750004048,2.096480981));
#843=(BOUNDED_SURFACE()B_SPLINE_SURFACE(3,2,((#844,#845,#846),(#847,#848,#849),(#850,#851,#852),(#853,#854,#855),(#856,#857,#858),(#859,#860,#861),(#862,#863,#864),(#865,#866,#867),(#868,#869,#870),(#871,#872,#873)),.UNSPECIFIED.,.F.,.F.,.U.)B_SPLINE_SURFACE_WITH_KNOTS((4,2,2,2,4),(3,3),(0.022754681,0.02320778,0.023660879,0.024113978,0.024567077),(0.0,1.0),.UNSPECIFIED.)GEOMETRIC_REPRESENTATION_ITEM()RATIONAL_B_SPLINE_SURFACE(((1.0,0.925500422,1.0),(1.0,0.926106214,1.0),(1.0,0.928045267,1.0),(1.0,0.934640286,1.0),(1.0,0.939240706,1.0),(1.0,0.94960089,1.0),(1.0,0.955374393,1.0),(1.0,0.965587709,1.0),(1.0,0.97013859,1.0),(1.0,0.972512677,1.0)))REPRESENTATION_ITEM('')SURFACE());
#844=CARTESIAN_POINT('',(4.477900277,-5.673768023,1.369161829));
#845=CARTESIAN_POINT('',(4.466823081,-5.440352371,1.293765382));
#846=CARTESIAN_POINT('',(4.622784347,-5.282912235,1.18803515));
#847=CARTESIAN_POINT('',(4.504901797,-5.626974497,1.44619302));
#848=CARTESIAN_POINT('',(4.500522646,-5.396079605,1.365794308));
#849=CARTESIAN_POINT('',(4.665521155,-5.239770184,1.274339875));
#850=CARTESIAN_POINT('',(4.519082743,-5.577333645,1.524889794));
#851=CARTESIAN_POINT('',(4.522150031,-5.352082007,1.43910618));
#852=CARTESIAN_POINT('',(4.69067452,-5.197640339,1.362209118));
#853=CARTESIAN_POINT('',(4.52431064,-5.461815359,1.683167062));
#854=CARTESIAN_POINT('',(4.544802754,-5.254121158,1.589996797));
#855=CARTESIAN_POINT('',(4.71152987,-5.106488548,1.537984571));
#856=CARTESIAN_POINT('',(4.514985809,-5.397307778,1.760793759));
#857=CARTESIAN_POINT('',(4.545230306,-5.201628217,1.665522812));
#858=CARTESIAN_POINT('',(4.706565541,-5.05861606,1.623730218));
#859=CARTESIAN_POINT('',(4.477738956,-5.249501811,1.905890137));
#860=CARTESIAN_POINT('',(4.526712344,-5.081913798,1.811218904));
#861=CARTESIAN_POINT('',(4.674502791,-4.952577427,1.782836517));
#862=CARTESIAN_POINT('',(4.44952865,-5.165839986,1.973619796));
#863=CARTESIAN_POINT('',(4.507536658,-5.014642375,1.881578022));
#864=CARTESIAN_POINT('',(4.647054388,-4.89422251,1.856471864));
#865=CARTESIAN_POINT('',(4.385439781,-4.975200212,2.090957115));
#866=CARTESIAN_POINT('',(4.45908847,-4.858238662,2.00538437));
#867=CARTESIAN_POINT('',(4.586208497,-4.760248465,1.982551169));
#868=CARTESIAN_POINT('',(4.348692108,-4.865228365,2.141876097));
#869=CARTESIAN_POINT('',(4.429136937,-4.766546452,2.060400081));
#870=CARTESIAN_POINT('',(4.552052552,-4.682447649,2.036414998));
#871=CARTESIAN_POINT('',(4.31802142,-4.741133796,2.180959286));
#872=CARTESIAN_POINT('',(4.405602254,-4.659766282,2.101292708));
#873=CARTESIAN_POINT('',(4.52910914,-4.590627243,2.076722796));
#874=ADVANCED_FACE('NONE',(#875),#901,.T.);
#875=FACE_BOUND('NONE',#876,.T.);
#876=EDGE_LOOP('',(#877,#885,#894,#900));
#877=ORIENTED_EDGE('',*,*,#878,.T.);
#878=EDGE_CURVE('NONE',#371,#879,#881,.F.);
#879=VERTEX_POINT('NONE',#880);
#880=CARTESIAN_POINT('',(3.75,-34.75,1.2));
#881=LINE('',#882,#883);
#882=CARTESIAN_POINT('',(3.75,-34.75,1.2));
#883=VECTOR('',#884,1.0);
#884=DIRECTION('',(0.0,1.0,0.0));
#885=ORIENTED_EDGE('',*,*,#886,.T.);
#886=EDGE_CURVE('NONE',#879,#887,#889,.F.);
#887=VERTEX_POINT('NONE',#888);
#888=CARTESIAN_POINT('',(3.75,-34.75,2.0));
#889=CIRCLE('',#890,0.4);
#890=AXIS2_PLACEMENT_3D('',#891,#892,#893);
#891=CARTESIAN_POINT('',(3.75,-34.75,1.6));
#892=DIRECTION('',(0.0,-1.0,0.0));
#893=DIRECTION('',(0.0,0.0,-1.0));
#894=ORIENTED_EDGE('',*,*,#895,.T.);
#895=EDGE_CURVE('NONE',#887,#361,#896,.T.);
#896=LINE('',#897,#898);
#897=CARTESIAN_POINT('',(3.75,-34.75,2.0));
#898=VECTOR('',#899,1.0);
#899=DIRECTION('',(0.0,1.0,0.0));
#900=ORIENTED_EDGE('',*,*,#379,.F.);
#901=CYLINDRICAL_SURFACE('',#902,0.4);
#902=AXIS2_PLACEMENT_3D('',#903,#904,#905);
#903=CARTESIAN_POINT('',(3.75,-34.75,1.6));
#904=DIRECTION('',(0.0,1.0,0.0));
#905=DIRECTION('',(0.0,0.0,1.0));
#906=ADVANCED_FACE('NONE',(#907),#1021,.T.);
#907=FACE_BOUND('NONE',#908,.T.);
#908=EDGE_LOOP('',(#909,#918,#919,#956,#1007,#1018,#1019,#1020));
#909=ORIENTED_EDGE('',*,*,#910,.T.);
#910=EDGE_CURVE('NONE',#626,#819,#911,.T.);
#911=B_SPLINE_CURVE_WITH_KNOTS('',3,(#912,#913,#914,#915,#916,#917),.UNSPECIFIED.,.F.,.U.,(4,2,4),(0.0,1.033937685E-04,2.067875369E-04),.UNSPECIFIED.);
#912=CARTESIAN_POINT('',(4.44575466,-4.562987414,2.114147907));
#913=CARTESIAN_POINT('',(4.454600855,-4.594352704,2.102903511));
#914=CARTESIAN_POINT('',(4.466753295,-4.623707575,2.089783105));
#915=CARTESIAN_POINT('',(4.504923007,-4.671738567,2.057982562));
#916=CARTESIAN_POINT('',(4.531186954,-4.688142137,2.039754936));
#917=CARTESIAN_POINT('',(4.560890269,-4.693755765,2.022584359));
#918=ORIENTED_EDGE('',*,*,#818,.F.);
#919=ORIENTED_EDGE('',*,*,#920,.T.);
#920=EDGE_CURVE('NONE',#510,#921,#923,.F.);
#921=VERTEX_POINT('NONE',#922);
#922=CARTESIAN_POINT('',(-5.168567744E-15,7.25,1.181429833));
#923=B_SPLINE_CURVE_WITH_KNOTS('',3,(#924,#925,#926,#927,#928,#929,#930,#931,#932,#933,#934,#935,#936,#937,#938,#939,#940,#941,#942,#943,#944,#945,#946,#947,#948,#949,#950,#951,#952,#953,#954,#955),.UNSPECIFIED.,.F.,.U.,(4,2,2,2,2,2,2,2,2,2,2,2,2,2,2,4),(0.025507709,0.026569712,0.027631715,0.028693719,0.029755722,0.030817725,0.031879729,0.032941732,0.034003735,0.035065739,0.036127742,0.037189745,0.038251749,0.039313752,0.040375755,0.042499762),.UNSPECIFIED.);
#924=CARTESIAN_POINT('',(-5.168567744E-15,7.25,1.181429833));
#925=CARTESIAN_POINT('',(0.351999269,7.25,1.181429833));
#926=CARTESIAN_POINT('',(0.706792179,7.21990503,1.181549212));
#927=CARTESIAN_POINT('',(1.397046777,7.102938659,1.182003915));
#928=CARTESIAN_POINT('',(1.735930978,7.016191913,1.182338726));
#929=CARTESIAN_POINT('',(2.401207221,6.786144205,1.18319686));
#930=CARTESIAN_POINT('',(2.726945365,6.64237542,1.183721322));
#931=CARTESIAN_POINT('',(3.343339562,6.309089322,1.184880158));
#932=CARTESIAN_POINT('',(3.637085629,6.118631506,1.185518174));
#933=CARTESIAN_POINT('',(4.196135246,5.690843501,1.186863164));
#934=CARTESIAN_POINT('',(4.460933516,5.453174622,1.187570005));
#935=CARTESIAN_POINT('',(4.945936094,4.947102116,1.188958285));
#936=CARTESIAN_POINT('',(5.168549681,4.676994049,1.189645428));
#937=CARTESIAN_POINT('',(5.574901121,4.103406462,1.190961568));
#938=CARTESIAN_POINT('',(5.758873758,3.798623954,1.191591879));
#939=CARTESIAN_POINT('',(6.07787018,3.173886793,1.192720547));
#940=CARTESIAN_POINT('',(6.214522301,2.851948657,1.193224135));
#941=CARTESIAN_POINT('',(6.443259073,2.189404334,1.194083572));
#942=CARTESIAN_POINT('',(6.535732433,1.846204427,1.194441065));
#943=CARTESIAN_POINT('',(6.67172387,1.15603877,1.194971594));
#944=CARTESIAN_POINT('',(6.715725014,0.809072621,1.19514639));
#945=CARTESIAN_POINT('',(6.757041734,0.111475997,1.195310409));
#946=CARTESIAN_POINT('',(6.754359389,-0.239154314,1.195299657));
#947=CARTESIAN_POINT('',(6.700607522,-0.944212822,1.19508652));
#948=CARTESIAN_POINT('',(6.649904484,-1.29231861,1.194885622));
#949=CARTESIAN_POINT('',(6.502899098,-1.97501365,1.194314214));
#950=CARTESIAN_POINT('',(6.406535094,-2.310428438,1.193943385));
#951=CARTESIAN_POINT('',(6.166808507,-2.969061446,1.193048003));
#952=CARTESIAN_POINT('',(6.021920435,-3.294627389,1.192518134));
#953=CARTESIAN_POINT('',(5.527247292,-4.222108349,1.190784298));
#954=CARTESIAN_POINT('',(5.117784647,-4.783218197,1.189429194));
#955=CARTESIAN_POINT('',(4.622784347,-5.282912235,1.18803515));
#956=ORIENTED_EDGE('',*,*,#957,.T.);
#957=EDGE_CURVE('NONE',#921,#958,#960,.F.);
#958=VERTEX_POINT('NONE',#959);
#959=CARTESIAN_POINT('',(1.823141638E-11,-7.25,1.181429833));
#960=B_SPLINE_CURVE_WITH_KNOTS('',3,(#961,#962,#963,#964,#965,#966,#967,#968,#969,#970,#971,#972,#973,#974,#975,#976,#977,#978,#979,#980,#981,#982,#983,#984,#985,#986,#987,#988,#989,#990,#991,#992,#993,#994,#995,#996,#997,#998,#999,#1000,#1001,#1002,#1003,#1004,#1005,#1006),.UNSPECIFIED.,.F.,.U.,(4,2,2,2,2,2,2,2,2,2,2,2,2,2,2,2,2,2,2,2,2,2,4),(0.003324754,0.004711189,0.005404406,0.006097623,0.006790841,0.007484058,0.008870493,0.010256927,0.011643362,0.012336579,0.013029797,0.014416231,0.015802666,0.016495883,0.017189101,0.018575535,0.019268753,0.01996197,0.021348405,0.022734839,0.023428057,0.024121274,0.025507709),.UNSPECIFIED.);
#961=CARTESIAN_POINT('',(1.823141638E-11,-7.25,1.181429833));
#962=CARTESIAN_POINT('',(-0.459353816,-7.25,1.181429833));
#963=CARTESIAN_POINT('',(-0.912820276,-7.200154812,1.181628505));
#964=CARTESIAN_POINT('',(-1.584321312,-7.051739982,1.18220004));
#965=CARTESIAN_POINT('',(-1.808007017,-6.989396548,1.182437972));
#966=CARTESIAN_POINT('',(-2.244064691,-6.842021893,1.182989003));
#967=CARTESIAN_POINT('',(-2.456672942,-6.75712999,1.183301597));
#968=CARTESIAN_POINT('',(-2.871449708,-6.565766784,1.183988014));
#969=CARTESIAN_POINT('',(-3.07361702,-6.459292994,1.184361855));
#970=CARTESIAN_POINT('',(-3.467582869,-6.224912649,1.18515837));
#971=CARTESIAN_POINT('',(-3.660364338,-6.096236079,1.185583465));
#972=CARTESIAN_POINT('',(-4.214677414,-5.683583289,1.186893715));
#973=CARTESIAN_POINT('',(-4.551520059,-5.374711488,1.187809202));
#974=CARTESIAN_POINT('',(-5.163601031,-4.693346429,1.18961498));
#975=CARTESIAN_POINT('',(-5.439458082,-4.318178297,1.190508973));
#976=CARTESIAN_POINT('',(-5.909806969,-3.533896975,1.192110871));
#977=CARTESIAN_POINT('',(-6.107530833,-3.121839842,1.192828265));
#978=CARTESIAN_POINT('',(-6.348472367,-2.474162048,1.193725824));
#979=CARTESIAN_POINT('',(-6.419102959,-2.253914976,1.193994007));
#980=CARTESIAN_POINT('',(-6.539339737,-1.81181547,1.194455271));
#981=CARTESIAN_POINT('',(-6.589322029,-1.588994374,1.194649766));
#982=CARTESIAN_POINT('',(-6.709508635,-0.915330298,1.195120237));
#983=CARTESIAN_POINT('',(-6.750210634,-0.457470481,1.19528334));
#984=CARTESIAN_POINT('',(-6.749787728,0.464613385,1.195281658));
#985=CARTESIAN_POINT('',(-6.709004386,0.919340192,1.195118237));
#986=CARTESIAN_POINT('',(-6.588640201,1.592217452,1.19464711));
#987=CARTESIAN_POINT('',(-6.538587301,1.814964008,1.194452357));
#988=CARTESIAN_POINT('',(-6.418081868,2.257281864,1.193990118));
#989=CARTESIAN_POINT('',(-6.347165421,2.477981638,1.193720903));
#990=CARTESIAN_POINT('',(-6.106432253,3.124173058,1.192824278));
#991=CARTESIAN_POINT('',(-5.909162899,3.534888816,1.192108722));
#992=CARTESIAN_POINT('',(-5.557891699,4.120737611,1.190912308));
#993=CARTESIAN_POINT('',(-5.431512575,4.310949844,1.190492989));
#994=CARTESIAN_POINT('',(-5.159341336,4.680776814,1.189622992));
#995=CARTESIAN_POINT('',(-5.012956391,4.860915579,1.189170696));
#996=CARTESIAN_POINT('',(-4.551977687,5.374455122,1.18781025));
#997=CARTESIAN_POINT('',(-4.213762651,5.68450489,1.186891057));
#998=CARTESIAN_POINT('',(-3.47196529,6.23624576,1.185138638));
#999=CARTESIAN_POINT('',(-3.0780413,6.470511262,1.18432973));
#1000=CARTESIAN_POINT('',(-2.456039343,6.757393002,1.183300635));
#1001=CARTESIAN_POINT('',(-2.243302752,6.842323784,1.182987891));
#1002=CARTESIAN_POINT('',(-1.806546159,6.989845671,1.182436276));
#1003=CARTESIAN_POINT('',(-1.583323736,7.05198641,1.182199096));
#1004=CARTESIAN_POINT('',(-0.912755878,7.200117038,1.181628641));
#1005=CARTESIAN_POINT('',(-0.4595315,7.25,1.181429833));
#1006=CARTESIAN_POINT('',(-5.168567744E-15,7.25,1.181429833));
#1007=ORIENTED_EDGE('',*,*,#1008,.T.);
#1008=EDGE_CURVE('NONE',#958,#438,#1009,.F.);
#1009=B_SPLINE_CURVE_WITH_KNOTS('',3,(#1010,#1011,#1012,#1013,#1014,#1015,#1016,#1017),.UNSPECIFIED.,.F.,.U.,(4,2,2,4),(9.226128278E-04,0.002123683,0.002724219,0.003324754),.UNSPECIFIED.);
#1010=CARTESIAN_POINT('',(2.324294697,-6.806626487,1.183117775));
#1011=CARTESIAN_POINT('',(1.953605587,-6.952654967,1.182581329));
#1012=CARTESIAN_POINT('',(1.57433027,-7.062734993,1.182158928));
#1013=CARTESIAN_POINT('',(0.992625659,-7.174299538,1.181726872));
#1014=CARTESIAN_POINT('',(0.79658024,-7.202511805,1.181616424));
#1015=CARTESIAN_POINT('',(0.40006484,-7.240411767,1.181467705));
#1016=CARTESIAN_POINT('',(0.198969491,-7.25,1.181429833));
#1017=CARTESIAN_POINT('',(1.823141638E-11,-7.25,1.181429833));
#1018=ORIENTED_EDGE('',*,*,#448,.F.);
#1019=ORIENTED_EDGE('',*,*,#670,.F.);
#1020=ORIENTED_EDGE('',*,*,#634,.F.);
#1021=(BOUNDED_SURFACE()B_SPLINE_SURFACE(3,2,((#1022,#1023,#1024),(#1025,#1026,#1027),(#1028,#1029,#1030),(#1031,#1032,#1033),(#1034,#1035,#1036),(#1037,#1038,#1039),(#1040,#1041,#1042),(#1043,#1044,#1045),(#1046,#1047,#1048),(#1049,#1050,#1051),(#1052,#1053,#1054),(#1055,#1056,#1057),(#1058,#1059,#1060),(#1061,#1062,#1063),(#1064,#1065,#1066),(#1067,#1068,#1069),(#1070,#1071,#1072),(#1073,#1074,#1075),(#1076,#1077,#1078),(#1079,#1080,#1081),(#1082,#1083,#1084),(#1085,#1086,#1087),(#1088,#1089,#1090),(#1091,#1092,#1093),(#1094,#1095,#1096),(#1097,#1098,#1099),(#1100,#1101,#1102),(#1103,#1104,#1105),(#1106,#1107,#1108),(#1109,#1110,#1111),(#1112,#1113,#1114),(#1115,#1116,#1117),(#1118,#1119,#1120),(#1121,#1122,#1123),(#1124,#1125,#1126),(#1127,#1128,#1129),(#1130,#1131,#1132),(#1133,#1134,#1135),(#1136,#1137,#1138),(#1139,#1140,#1141),(#1142,#1143,#1144),(#1145,#1146,#1147),(#1148,#1149,#1150),(#1151,#1152,#1153),(#1154,#1155,#1156),(#1157,#1158,#1159),(#1160,#1161,#1162),(#1163,#1164,#1165),(#1166,#1167,#1168),(#1169,#1170,#1171),(#1172,#1173,#1174),(#1175,#1176,#1177),(#1178,#1179,#1180),(#1181,#1182,#1183),(#1184,#1185,#1186),(#1187,#1188,#1189),(#1190,#1191,#1192),(#1193,#1194,#1195),(#1196,#1197,#1198),(#1199,#1200,#1201),(#1202,#1203,#1204),(#1205,#1206,#1207),(#1208,#1209,#1210),(#1211,#1212,#1213),(#1214,#1215,#1216),(#1217,#1218,#1219),(#1220,#1221,#1222),(#1223,#1224,#1225),(#1226,#1227,#1228),(#1229,#1230,#1231),(#1232,#1233,#1234),(#1235,#1236,#1237),(#1238,#1239,#1240),(#1241,#1242,#1243),(#1244,#1245,#1246),(#1247,#1248,#1249),(#1250,#1251,#1252),(#1253,#1254,#1255),(#1256,#1257,#1258),(#1259,#1260,#1261),(#1262,#1263,#1264),(#1265,#1266,#1267),(#1268,#1269,#1270),(#1271,#1272,#1273)),.UNSPECIFIED.,.F.,.F.,.U.)B_SPLINE_SURFACE_WITH_KNOTS((4,2,2,2,2,2,2,2,2,2,2,2,2,2,2,2,2,2,2,2,2,2,2,2,2,2,2,2,2,2,2,2,2,2,2,2,2,2,2,2,2,4),(3,3),(0.001154442,0.002293354,0.003432266,0.004571178,0.005710091,0.006279547,0.006849003,0.007418459,0.007987915,0.009126828,0.009696284,0.01026574,0.011404652,0.012543564,0.013682477,0.014821389,0.015390845,0.015960301,0.017099213,0.01766867,0.018238126,0.019377038,0.019946494,0.02051595,0.021085406,0.021654863,0.022793775,0.023932687,0.025071599,0.026210512,0.027349424,0.028488336,0.029057792,0.029627249,0.030766161,0.031905073,0.033043985,0.034182898,0.034752354,0.03532181,0.036460722,0.037599634),(0.0,1.0),.UNSPECIFIED.)GEOMETRIC_REPRESENTATION_ITEM()RATIONAL_B_SPLINE_SURFACE(((1.0,0.789630758,1.0),(1.0,0.789352552,1.0),(1.0,0.789093221,1.0),(1.0,0.78867318,1.0),(1.0,0.788513845,1.0),(1.0,0.788317234,1.0),(1.0,0.788281448,1.0),(1.0,0.788344774,1.0),(1.0,0.788441649,1.0),(1.0,0.788676339,1.0),(1.0,0.788769067,1.0),(1.0,0.788976606,1.0),(1.0,0.789091786,1.0),(1.0,0.789340803,1.0),(1.0,0.789474645,1.0),(1.0,0.789756938,1.0),(1.0,0.789905284,1.0),(1.0,0.790355916,1.0),(1.0,0.790666684,1.0),(1.0,0.791122586,1.0),(1.0,0.791273469,1.0),(1.0,0.791562761,1.0),(1.0,0.791701663,1.0),(1.0,0.792096671,1.0),(1.0,0.792331088,1.0),(1.0,0.792719858,1.0),(1.0,0.792868997,1.0),(1.0,0.793068266,1.0),(1.0,0.793118557,1.0),(1.0,0.793112238,1.0),(1.0,0.793056247,1.0),(1.0,0.792898556,1.0),(1.0,0.792833694,1.0),(1.0,0.792680209,1.0),(1.0,0.792591075,1.0),(1.0,0.792293277,1.0),(1.0,0.792055698,1.0),(1.0,0.79165759,1.0),(1.0,0.791517929,1.0),(1.0,0.791227701,1.0),(1.0,0.791076375,1.0),(1.0,0.790617334,1.0),(1.0,0.790305448,1.0),(1.0,0.789855101,1.0),(1.0,0.789707852,1.0),(1.0,0.789429618,1.0),(1.0,0.789297868,1.0),(1.0,0.789053229,1.0),(1.0,0.788940336,1.0),(1.0,0.788737693,1.0),(1.0,0.788647581,1.0),(1.0,0.788423147,1.0),(1.0,0.788333102,1.0),(1.0,0.788283957,1.0),(1.0,0.788327121,1.0),(1.0,0.788537355,1.0),(1.0,0.788703746,1.0),(1.0,0.789136893,1.0),(1.0,0.789396371,1.0),(1.0,0.789964465,1.0),(1.0,0.790276094,1.0),(1.0,0.790890635,1.0),(1.0,0.791195372,1.0),(1.0,0.791625132,1.0),(1.0,0.791763965,1.0),(1.0,0.792024077,1.0),(1.0,0.792146067,1.0),(1.0,0.792484302,1.0),(1.0,0.792673029,1.0),(1.0,0.792957652,1.0),(1.0,0.793050084,1.0),(1.0,0.793132142,1.0),(1.0,0.793121423,1.0),(1.0,0.792994518,1.0),(1.0,0.792879996,1.0),(1.0,0.792640431,1.0),(1.0,0.792549268,1.0),(1.0,0.792345761,1.0),(1.0,0.792232806,1.0),(1.0,0.791869126,1.0),(1.0,0.79159564,1.0),(1.0,0.791013307,1.0),(1.0,0.790703684,1.0),(1.0,0.790393653,1.0)))REPRESENTATION_ITEM('')SURFACE());
#1022=CARTESIAN_POINT('',(3.120050882,-5.547967033,2.154324436));
#1023=CARTESIAN_POINT('',(3.53549581,-6.175951333,1.962367601));
#1024=CARTESIAN_POINT('',(3.53688295,-6.175034753,1.185319706));
#1025=CARTESIAN_POINT('',(2.791126191,-5.764093627,2.153741109));
#1026=CARTESIAN_POINT('',(3.165257008,-6.420461443,1.96228669));
#1027=CARTESIAN_POINT('',(3.166761421,-6.419599636,1.184512468));
#1028=CARTESIAN_POINT('',(2.43201195,-5.952140831,2.153190787));
#1029=CARTESIAN_POINT('',(2.759925774,-6.633908477,1.962207619));
#1030=CARTESIAN_POINT('',(2.761336457,-6.633254388,1.183754082));
#1031=CARTESIAN_POINT('',(1.685717173,-6.246565744,2.152295652));
#1032=CARTESIAN_POINT('',(1.915241538,-6.968840725,1.962076152));
#1033=CARTESIAN_POINT('',(1.916374849,-6.968485558,1.182523742));
#1034=CARTESIAN_POINT('',(1.302698915,-6.352782332,2.151953335));
#1035=CARTESIAN_POINT('',(1.480694315,-7.090033589,1.962024345));
#1036=CARTESIAN_POINT('',(1.481571388,-7.089844376,1.182054945));
#1037=CARTESIAN_POINT('',(0.516883955,-6.483002392,2.15153029));
#1038=CARTESIAN_POINT('',(0.587871602,-7.238735981,1.961959936));
#1039=CARTESIAN_POINT('',(0.588274927,-7.238711827,1.18147597));
#1040=CARTESIAN_POINT('',(0.109798681,-6.506062934,2.151452909));
#1041=CARTESIAN_POINT('',(0.124854555,-7.265114344,1.961947942));
#1042=CARTESIAN_POINT('',(0.124907262,-7.265130901,1.181370298));
#1043=CARTESIAN_POINT('',(-0.687020806,-6.464608766,2.151589458));
#1044=CARTESIAN_POINT('',(-0.781247986,-7.217735989,1.961968897));
#1045=CARTESIAN_POINT('',(-0.781718295,-7.217697586,1.181557002));
#1046=CARTESIAN_POINT('',(-1.080396172,-6.401548951,2.15179852));
#1047=CARTESIAN_POINT('',(-1.22831061,-7.145660071,1.962001064));
#1048=CARTESIAN_POINT('',(-1.229097375,-7.145513518,1.181842747));
#1049=CARTESIAN_POINT('',(-1.662807778,-6.242736054,2.152301589));
#1050=CARTESIAN_POINT('',(-1.889098356,-6.964561855,1.962076595));
#1051=CARTESIAN_POINT('',(-1.890116676,-6.964248023,1.182532395));
#1052=CARTESIAN_POINT('',(-1.854353058,-6.179253773,2.152499945));
#1053=CARTESIAN_POINT('',(-2.106176287,-6.892241377,1.962106142));
#1054=CARTESIAN_POINT('',(-2.107286563,-6.891851996,1.182804567));
#1055=CARTESIAN_POINT('',(-2.226384237,-6.033972492,2.152942316));
#1056=CARTESIAN_POINT('',(-2.52729004,-6.726958411,1.962171164));
#1057=CARTESIAN_POINT('',(-2.528540432,-6.726420742,1.183412539));
#1058=CARTESIAN_POINT('',(-2.40781612,-5.951924964,2.15318712));
#1059=CARTESIAN_POINT('',(-2.732389839,-6.633723074,1.962206753));
#1060=CARTESIAN_POINT('',(-2.733698596,-6.633102046,1.183749419));
#1061=CARTESIAN_POINT('',(-2.761752058,-5.7695115,2.153714244));
#1062=CARTESIAN_POINT('',(-3.131932992,-6.426758255,1.962282213));
#1063=CARTESIAN_POINT('',(-3.133319403,-6.425982422,1.184476157));
#1064=CARTESIAN_POINT('',(-2.934255605,-5.669144517,2.153996574));
#1065=CARTESIAN_POINT('',(-3.326369795,-6.313038989,1.962322081));
#1066=CARTESIAN_POINT('',(-3.327781647,-6.312180425,1.184866026));
#1067=CARTESIAN_POINT('',(-3.270311824,-5.450047318,2.154589445));
#1068=CARTESIAN_POINT('',(-3.704566268,-6.065213811,1.962404385));
#1069=CARTESIAN_POINT('',(-3.705994659,-6.064210234,1.185686406));
#1070=CARTESIAN_POINT('',(-3.433595352,-5.331331261,2.154899744));
#1071=CARTESIAN_POINT('',(-3.888017815,-5.931138179,1.962446775));
#1072=CARTESIAN_POINT('',(-3.889438814,-5.930061983,1.186116595));
#1073=CARTESIAN_POINT('',(-3.900003274,-4.955717671,2.155838154));
#1074=CARTESIAN_POINT('',(-4.411098678,-5.507739225,1.962572693));
#1075=CARTESIAN_POINT('',(-4.41256152,-5.50640538,1.187420355));
#1076=CARTESIAN_POINT('',(-4.183581649,-4.677257542,2.15647972));
#1077=CARTESIAN_POINT('',(-4.728063077,-5.194760255,1.962655779));
#1078=CARTESIAN_POINT('',(-4.729415939,-5.193318602,1.188315423));
#1079=CARTESIAN_POINT('',(-4.569663025,-4.219290567,2.157413002));
#1080=CARTESIAN_POINT('',(-5.158432341,-4.681654709,1.962772523));
#1081=CARTESIAN_POINT('',(-5.159533074,-4.680255705,1.189622974));
#1082=CARTESIAN_POINT('',(-4.69220152,-4.05914061,2.157720552));
#1083=CARTESIAN_POINT('',(-5.294779814,-4.502528418,1.962810288));
#1084=CARTESIAN_POINT('',(-5.295813036,-4.501121607,1.190054789));
#1085=CARTESIAN_POINT('',(-4.919967766,-3.731012758,2.158307981));
#1086=CARTESIAN_POINT('',(-5.547863475,-4.136065578,1.962881254));
#1087=CARTESIAN_POINT('',(-5.548766033,-4.134668051,1.190881172));
#1088=CARTESIAN_POINT('',(-5.025649569,-3.562619617,2.158588883));
#1089=CARTESIAN_POINT('',(-5.665117065,-3.948260469,1.962914591));
#1090=CARTESIAN_POINT('',(-5.665946835,-3.946880722,1.191277165));
#1091=CARTESIAN_POINT('',(-5.319060373,-3.044963256,2.159385073));
#1092=CARTESIAN_POINT('',(-5.99020881,-3.371779268,1.963007707));
#1093=CARTESIAN_POINT('',(-5.990890597,-3.370385012,1.192401501));
#1094=CARTESIAN_POINT('',(-5.483351654,-2.68332726,2.159853852));
#1095=CARTESIAN_POINT('',(-6.171768555,-2.969937675,1.96306064));
#1096=CARTESIAN_POINT('',(-6.172281291,-2.968666045,1.193066221));
#1097=CARTESIAN_POINT('',(-5.749336469,-1.926998525,2.160628085));
#1098=CARTESIAN_POINT('',(-6.465249306,-2.131154794,1.963146433));
#1099=CARTESIAN_POINT('',(-6.465533245,-2.130148524,1.194166517));
#1100=CARTESIAN_POINT('',(-5.847512054,-1.542183788,2.160923255));
#1101=CARTESIAN_POINT('',(-6.573357989,-1.705088067,1.963178221));
#1102=CARTESIAN_POINT('',(-6.573522276,-1.704294223,1.194587397));
#1103=CARTESIAN_POINT('',(-5.977821243,-0.761707057,2.161317112));
#1104=CARTESIAN_POINT('',(-6.71675544,-0.841823579,1.963220367));
#1105=CARTESIAN_POINT('',(-6.716794883,-0.841390448,1.195149409));
#1106=CARTESIAN_POINT('',(-6.01001085,-0.36371129,2.161416139));
#1107=CARTESIAN_POINT('',(-6.752139965,-0.401942534,1.963230779));
#1108=CARTESIAN_POINT('',(-6.75213805,-0.401763524,1.195291005));
#1109=CARTESIAN_POINT('',(-6.005935802,0.435225067,2.16140368));
#1110=CARTESIAN_POINT('',(-6.747659493,0.480977245,1.963229461));
#1111=CARTESIAN_POINT('',(-6.747661605,0.480759172,1.195273203));
#1112=CARTESIAN_POINT('',(-5.970068432,0.829460286,2.161293413));
#1113=CARTESIAN_POINT('',(-6.708230101,0.916725654,1.963217859));
#1114=CARTESIAN_POINT('',(-6.708278244,0.916256871,1.195115547));
#1115=CARTESIAN_POINT('',(-5.866773539,1.413167484,2.160981642));
#1116=CARTESIAN_POINT('',(-6.594556014,1.562372676,1.963184452));
#1117=CARTESIAN_POINT('',(-6.594695201,1.561679391,1.19467074));
#1118=CARTESIAN_POINT('',(-5.824040871,1.606454217,2.160853272));
#1119=CARTESIAN_POINT('',(-6.547506858,1.776290984,1.96317063));
#1120=CARTESIAN_POINT('',(-6.547689245,1.775506579,1.194487696));
#1121=CARTESIAN_POINT('',(-5.72154443,1.990398287,2.160548815));
#1122=CARTESIAN_POINT('',(-6.434573274,2.201496796,1.963137502));
#1123=CARTESIAN_POINT('',(-6.434849177,2.200554922,1.194054096));
#1124=CARTESIAN_POINT('',(-5.661432774,2.181967892,2.160371709));
#1125=CARTESIAN_POINT('',(-6.368298062,2.413808421,1.96311808));
#1126=CARTESIAN_POINT('',(-6.368631491,2.412788088,1.193802097));
#1127=CARTESIAN_POINT('',(-5.456944688,2.745269404,2.159778304));
#1128=CARTESIAN_POINT('',(-6.142596544,3.038727032,1.963052143));
#1129=CARTESIAN_POINT('',(-6.143132538,3.03743579,1.192959045));
#1130=CARTESIAN_POINT('',(-5.289658259,3.104023516,2.15930286));
#1131=CARTESIAN_POINT('',(-5.957680796,3.437465261,1.962998284));
#1132=CARTESIAN_POINT('',(-5.958386495,3.436057802,1.19228513));
#1133=CARTESIAN_POINT('',(-4.992259902,3.616977849,2.158499812));
#1134=CARTESIAN_POINT('',(-5.628080365,4.008866922,1.962904051));
#1135=CARTESIAN_POINT('',(-5.628932198,4.007481231,1.191151557));
#1136=CARTESIAN_POINT('',(-4.885333903,3.783740192,2.158217149));
#1137=CARTESIAN_POINT('',(-5.509411893,4.194907153,1.962870386));
#1138=CARTESIAN_POINT('',(-5.510335911,4.193506354,1.190753245));
#1139=CARTESIAN_POINT('',(-4.655259572,4.108476112,2.157627339));
#1140=CARTESIAN_POINT('',(-5.253687004,4.557690275,1.962798883));
#1141=CARTESIAN_POINT('',(-5.254739992,4.556285053,1.189923858));
#1142=CARTESIAN_POINT('',(-4.531459552,4.267177901,2.157318633));
#1143=CARTESIAN_POINT('',(-5.115893859,4.735250991,1.962760842));
#1144=CARTESIAN_POINT('',(-5.117013636,4.733855613,1.189490599));
#1145=CARTESIAN_POINT('',(-4.139421995,4.72308788,2.15637811));
#1146=CARTESIAN_POINT('',(-4.678743435,5.246217298,1.962642761));
#1147=CARTESIAN_POINT('',(-4.680113984,5.244786331,1.188173476));
#1148=CARTESIAN_POINT('',(-3.851796733,4.999754098,2.15573361));
#1149=CARTESIAN_POINT('',(-4.357141911,5.557292146,1.96255896));
#1150=CARTESIAN_POINT('',(-4.358617958,5.555975317,1.187274741));
#1151=CARTESIAN_POINT('',(-3.379093291,5.371904157,2.154794889));
#1152=CARTESIAN_POINT('',(-3.826805238,5.976941232,1.962432512));
#1153=CARTESIAN_POINT('',(-3.828229913,5.975887465,1.185971151));
#1154=CARTESIAN_POINT('',(-3.214348391,5.488781119,2.154486578));
#1155=CARTESIAN_POINT('',(-3.641641889,6.108989741,1.962390227));
#1156=CARTESIAN_POINT('',(-3.643069878,6.108010681,1.18554392));
#1157=CARTESIAN_POINT('',(-2.877187111,5.703194918,2.153901694));
#1158=CARTESIAN_POINT('',(-3.262066436,6.351603787,1.962308737));
#1159=CARTESIAN_POINT('',(-3.263471302,6.350771205,1.184734941));
#1160=CARTESIAN_POINT('',(-2.704014502,5.801378402,2.153623533));
#1161=CARTESIAN_POINT('',(-3.066809337,6.462886729,1.962269324));
#1162=CARTESIAN_POINT('',(-3.068185369,6.462137118,1.184350984));
#1163=CARTESIAN_POINT('',(-2.348430099,5.979587394,2.153105256));
#1164=CARTESIAN_POINT('',(-2.665277356,6.665145517,1.962194898));
#1165=CARTESIAN_POINT('',(-2.666568932,6.664550679,1.183636711));
#1166=CARTESIAN_POINT('',(-2.166019222,6.059614706,2.15286513));
#1167=CARTESIAN_POINT('',(-2.459009572,6.756112218,1.962159888));
#1168=CARTESIAN_POINT('',(-2.460239264,6.755600238,1.183306381));
#1169=CARTESIAN_POINT('',(-1.791630068,6.200862468,2.152432897));
#1170=CARTESIAN_POINT('',(-2.0351115,6.916849965,1.962096191));
#1171=CARTESIAN_POINT('',(-2.036194178,6.916484635,1.182712528));
#1172=CARTESIAN_POINT('',(-1.598478928,6.262323623,2.152240014));
#1173=CARTESIAN_POINT('',(-1.816159078,6.986885356,1.962067391));
#1174=CARTESIAN_POINT('',(-1.817145676,6.98659432,1.18244794));
#1175=CARTESIAN_POINT('',(-1.01621555,6.413736995,2.151758679));
#1176=CARTESIAN_POINT('',(-1.155404748,7.159580864,1.961994981));
#1177=CARTESIAN_POINT('',(-1.156149619,7.15945215,1.18178824));
#1178=CARTESIAN_POINT('',(-0.622630678,6.47225748,2.151564293));
#1179=CARTESIAN_POINT('',(-0.708046869,7.226476756,1.961965038));
#1180=CARTESIAN_POINT('',(-0.708471743,7.226448833,1.181522591));
#1181=CARTESIAN_POINT('',(0.175344663,6.504411863,2.151458312));
#1182=CARTESIAN_POINT('',(0.199405024,7.263227714,1.961948769));
#1183=CARTESIAN_POINT('',(0.199505855,7.263242506,1.181377689));
#1184=CARTESIAN_POINT('',(0.581839157,6.476577832,2.151551636));
#1185=CARTESIAN_POINT('',(0.661725239,7.231390741,1.961963226));
#1186=CARTESIAN_POINT('',(0.662174606,7.231356492,1.181505141));
#1187=CARTESIAN_POINT('',(1.366668523,6.337066428,2.152003835));
#1188=CARTESIAN_POINT('',(1.553304102,7.072100387,1.962031986));
#1189=CARTESIAN_POINT('',(1.554219857,7.071890614,1.182124109));
#1190=CARTESIAN_POINT('',(1.75060408,6.225801117,2.152361109));
#1191=CARTESIAN_POINT('',(1.988794158,6.945175239,1.962085941));
#1192=CARTESIAN_POINT('',(1.989961031,6.944793292,1.182613513));
#1193=CARTESIAN_POINT('',(2.497007914,5.920745413,2.153283475));
#1194=CARTESIAN_POINT('',(2.833350696,6.598252564,1.962221021));
#1195=CARTESIAN_POINT('',(2.83478194,6.597566723,1.183881716));
#1196=CARTESIAN_POINT('',(2.847983139,5.731847403,2.153832849));
#1197=CARTESIAN_POINT('',(3.229339627,6.383923231,1.962299693));
#1198=CARTESIAN_POINT('',(3.230854819,6.383032033,1.18463904));
#1199=CARTESIAN_POINT('',(3.508655645,5.286528378,2.155024455));
#1200=CARTESIAN_POINT('',(3.97249569,5.880459155,1.962464296));
#1201=CARTESIAN_POINT('',(3.974025942,5.879286149,1.186288891));
#1202=CARTESIAN_POINT('',(3.820543519,5.027120279,2.155672793));
#1203=CARTESIAN_POINT('',(4.322095877,5.588059775,1.962550949));
#1204=CARTESIAN_POINT('',(4.323562545,5.586734067,1.187190021));
#1205=CARTESIAN_POINT('',(4.381177331,4.461120465,2.156939854));
#1206=CARTESIAN_POINT('',(4.94859763,4.952337242,1.962714224));
#1207=CARTESIAN_POINT('',(4.949889185,4.950862821,1.188958917));
#1208=CARTESIAN_POINT('',(4.632601048,4.153499266,2.15756256));
#1209=CARTESIAN_POINT('',(5.2285803,4.607873405,1.962791491));
#1210=CARTESIAN_POINT('',(5.229718074,4.606357403,1.189832104));
#1211=CARTESIAN_POINT('',(4.967773828,3.656306467,2.158434224));
#1212=CARTESIAN_POINT('',(5.600920328,4.052726167,1.962896293));
#1213=CARTESIAN_POINT('',(5.601792299,4.051334892,1.19105906));
#1214=CARTESIAN_POINT('',(5.072508572,3.484273381,2.158714677));
#1215=CARTESIAN_POINT('',(5.717076423,3.860938771,1.962929417));
#1216=CARTESIAN_POINT('',(5.71787452,3.859568923,1.191454646));
#1217=CARTESIAN_POINT('',(5.264201118,3.134819074,2.159238404));
#1218=CARTESIAN_POINT('',(5.929419826,3.471859649,1.962990389));
#1219=CARTESIAN_POINT('',(5.93008286,3.470551001,1.192194637));
#1220=CARTESIAN_POINT('',(5.351720644,2.956630195,2.159483128));
#1221=CARTESIAN_POINT('',(6.026241561,3.273704918,1.963018418));
#1222=CARTESIAN_POINT('',(6.026833149,3.272440781,1.192541077));
#1223=CARTESIAN_POINT('',(5.590129963,2.412022323,2.160159827));
#1224=CARTESIAN_POINT('',(6.289691064,2.668819154,1.963094976));
#1225=CARTESIAN_POINT('',(6.290130162,2.667620978,1.193500413));
#1226=CARTESIAN_POINT('',(5.717193267,2.035142594,2.160534796));
#1227=CARTESIAN_POINT('',(6.429794741,2.250985829,1.963136084));
#1228=CARTESIAN_POINT('',(6.430088791,2.249964271,1.19403396));
#1229=CARTESIAN_POINT('',(5.906145083,1.256528191,2.161098819));
#1230=CARTESIAN_POINT('',(6.637914573,1.388996465,1.963197175));
#1231=CARTESIAN_POINT('',(6.638033801,1.388305601,1.194837655));
#1232=CARTESIAN_POINT('',(5.965774965,0.864512194,2.161281092));
#1233=CARTESIAN_POINT('',(6.703496192,0.955497796,1.963216473));
#1234=CARTESIAN_POINT('',(6.703539335,0.955048688,1.195098074));
#1235=CARTESIAN_POINT('',(6.018813946,0.0753199,2.161442946));
#1236=CARTESIAN_POINT('',(6.761820301,0.083222317,1.963233626));
#1237=CARTESIAN_POINT('',(6.761811277,0.083160953,1.195329291));
#1238=CARTESIAN_POINT('',(6.011980274,-0.323963262,2.161421855));
#1239=CARTESIAN_POINT('',(6.754310081,-0.357994182,1.963231416));
#1240=CARTESIAN_POINT('',(6.754310098,-0.357795876,1.195299121));
#1241=CARTESIAN_POINT('',(5.929697722,-1.11870552,2.161171404));
#1242=CARTESIAN_POINT('',(6.663810773,-1.236574755,1.963204804));
#1243=CARTESIAN_POINT('',(6.663891157,-1.235992194,1.194941448));
#1244=CARTESIAN_POINT('',(5.855314546,-1.507507924,2.160945292));
#1245=CARTESIAN_POINT('',(6.581969833,-1.666693476,1.963180726));
#1246=CARTESIAN_POINT('',(6.582142754,-1.665882256,1.194618612));
#1247=CARTESIAN_POINT('',(5.694735781,-2.078089988,2.16046979));
#1248=CARTESIAN_POINT('',(6.405018262,-2.29867039,1.963128842));
#1249=CARTESIAN_POINT('',(6.405318567,-2.297694074,1.193941646));
#1250=CARTESIAN_POINT('',(5.632991093,-2.26616723,2.160288523));
#1251=CARTESIAN_POINT('',(6.336925725,-2.507163064,1.963108899));
#1252=CARTESIAN_POINT('',(6.337284492,-2.506111844,1.193683824));
#1253=CARTESIAN_POINT('',(5.492570834,-2.637962285,2.159882699));
#1254=CARTESIAN_POINT('',(6.181915747,-2.919687254,1.963063654));
#1255=CARTESIAN_POINT('',(6.182392747,-2.918513257,1.193107501));
#1256=CARTESIAN_POINT('',(5.413458333,-2.822554589,2.15965691));
#1257=CARTESIAN_POINT('',(6.09450621,-3.124700927,1.963038206));
#1258=CARTESIAN_POINT('',(6.095052087,-3.123469473,1.19278726));
#1259=CARTESIAN_POINT('',(5.152611636,-3.362683666,2.158927438));
#1260=CARTESIAN_POINT('',(5.805912203,-3.725340997,1.962954698));
#1261=CARTESIAN_POINT('',(5.806700604,-3.723889042,1.191754507));
#1262=CARTESIAN_POINT('',(4.949099274,-3.702452683,2.158375718));
#1263=CARTESIAN_POINT('',(5.580318303,-4.104051141,1.962889927));
#1264=CARTESIAN_POINT('',(5.58128267,-4.102547111,1.190975764));
#1265=CARTESIAN_POINT('',(4.482569461,-4.341176184,2.157190828));
#1266=CARTESIAN_POINT('',(5.061540547,-4.817933197,1.962745517));
#1267=CARTESIAN_POINT('',(5.062757148,-4.816434677,1.18931062));
#1268=CARTESIAN_POINT('',(4.218888947,-4.640753226,2.156555694));
#1269=CARTESIAN_POINT('',(4.767547728,-5.153806165,1.962665566));
#1270=CARTESIAN_POINT('',(4.768911211,-5.152367336,1.188421537));
#1271=CARTESIAN_POINT('',(3.924206774,-4.915533333,2.155914482));
#1272=CARTESIAN_POINT('',(4.43792704,-5.462731301,1.962581754));
#1273=CARTESIAN_POINT('',(4.43923375,-5.461505998,1.187527909));
#1274=ADVANCED_FACE('NONE',(#1275),#1345,.F.);
#1275=FACE_BOUND('NONE',#1276,.T.);
#1276=EDGE_LOOP('',(#1277,#1285,#1286,#1287,#1288,#1296));
#1277=ORIENTED_EDGE('',*,*,#1278,.T.);
#1278=EDGE_CURVE('NONE',#1279,#921,#1281,.F.);
#1279=VERTEX_POINT('NONE',#1280);
#1280=CARTESIAN_POINT('',(8.266365894E-16,7.25,-1.181429833));
#1281=LINE('',#1282,#1283);
#1282=CARTESIAN_POINT('',(8.266365894E-16,7.25,1.95));
#1283=VECTOR('',#1284,1.0);
#1284=DIRECTION('',(0.0,0.0,-1.0));
#1285=ORIENTED_EDGE('',*,*,#920,.F.);
#1286=ORIENTED_EDGE('',*,*,#521,.F.);
#1287=ORIENTED_EDGE('',*,*,#1008,.F.);
#1288=ORIENTED_EDGE('',*,*,#1289,.T.);
#1289=EDGE_CURVE('NONE',#958,#1290,#1292,.T.);
#1290=VERTEX_POINT('NONE',#1291);
#1291=CARTESIAN_POINT('',(-1.823742208E-11,-7.25,-1.181429833));
#1292=LINE('',#1293,#1294);
#1293=CARTESIAN_POINT('',(-2.178965639E-47,-7.25,1.95));
#1294=VECTOR('',#1295,1.0);
#1295=DIRECTION('',(0.0,0.0,-1.0));
#1296=ORIENTED_EDGE('',*,*,#1297,.T.);
#1297=EDGE_CURVE('NONE',#1290,#1279,#1298,.T.);
#1298=B_SPLINE_CURVE_WITH_KNOTS('',3,(#1299,#1300,#1301,#1302,#1303,#1304,#1305,#1306,#1307,#1308,#1309,#1310,#1311,#1312,#1313,#1314,#1315,#1316,#1317,#1318,#1319,#1320,#1321,#1322,#1323,#1324,#1325,#1326,#1327,#1328,#1329,#1330,#1331,#1332,#1333,#1334,#1335,#1336,#1337,#1338,#1339,#1340,#1341,#1342,#1343,#1344),.UNSPECIFIED.,.F.,.U.,(4,2,2,2,2,2,2,2,2,2,2,2,2,2,2,2,2,2,2,2,2,2,4),(0.003324754,0.004711189,0.005404406,0.006097623,0.006790841,0.007484058,0.008870493,0.010256927,0.011643362,0.012336579,0.013029797,0.014416231,0.015802666,0.016495883,0.017189101,0.018575535,0.019268753,0.01996197,0.021348405,0.022734839,0.023428057,0.024121274,0.025507709),.UNSPECIFIED.);
#1299=CARTESIAN_POINT('',(-1.823742208E-11,-7.25,-1.181429833));
#1300=CARTESIAN_POINT('',(0.459353816,-7.25,-1.181429833));
#1301=CARTESIAN_POINT('',(0.912820276,-7.200154812,-1.181628505));
#1302=CARTESIAN_POINT('',(1.584321312,-7.051739982,-1.18220004));
#1303=CARTESIAN_POINT('',(1.808007017,-6.989396548,-1.182437972));
#1304=CARTESIAN_POINT('',(2.244064691,-6.842021893,-1.182989003));
#1305=CARTESIAN_POINT('',(2.456672942,-6.75712999,-1.183301597));
#1306=CARTESIAN_POINT('',(2.871449708,-6.565766784,-1.183988014));
#1307=CARTESIAN_POINT('',(3.07361702,-6.459292994,-1.184361855));
#1308=CARTESIAN_POINT('',(3.467582869,-6.224912649,-1.18515837));
#1309=CARTESIAN_POINT('',(3.660364338,-6.096236079,-1.185583465));
#1310=CARTESIAN_POINT('',(4.214677414,-5.683583289,-1.186893715));
#1311=CARTESIAN_POINT('',(4.551520059,-5.374711488,-1.187809202));
#1312=CARTESIAN_POINT('',(5.163601031,-4.693346429,-1.18961498));
#1313=CARTESIAN_POINT('',(5.439458082,-4.318178297,-1.190508973));
#1314=CARTESIAN_POINT('',(5.909806969,-3.533896975,-1.192110871));
#1315=CARTESIAN_POINT('',(6.107530833,-3.121839842,-1.192828265));
#1316=CARTESIAN_POINT('',(6.348472367,-2.474162048,-1.193725824));
#1317=CARTESIAN_POINT('',(6.419102959,-2.253914976,-1.193994007));
#1318=CARTESIAN_POINT('',(6.539339737,-1.81181547,-1.194455271));
#1319=CARTESIAN_POINT('',(6.589322029,-1.588994374,-1.194649766));
#1320=CARTESIAN_POINT('',(6.709508635,-0.915330298,-1.195120237));
#1321=CARTESIAN_POINT('',(6.750210634,-0.457470481,-1.19528334));
#1322=CARTESIAN_POINT('',(6.749787728,0.464613385,-1.195281658));
#1323=CARTESIAN_POINT('',(6.709004386,0.919340192,-1.195118237));
#1324=CARTESIAN_POINT('',(6.588640201,1.592217452,-1.19464711));
#1325=CARTESIAN_POINT('',(6.538587301,1.814964008,-1.194452357));
#1326=CARTESIAN_POINT('',(6.418081868,2.257281864,-1.193990118));
#1327=CARTESIAN_POINT('',(6.347165421,2.477981638,-1.193720903));
#1328=CARTESIAN_POINT('',(6.106432253,3.124173058,-1.192824278));
#1329=CARTESIAN_POINT('',(5.909162899,3.534888816,-1.192108722));
#1330=CARTESIAN_POINT('',(5.557891699,4.120737611,-1.190912308));
#1331=CARTESIAN_POINT('',(5.431512575,4.310949844,-1.190492989));
#1332=CARTESIAN_POINT('',(5.159341336,4.680776814,-1.189622992));
#1333=CARTESIAN_POINT('',(5.012956391,4.860915579,-1.189170696));
#1334=CARTESIAN_POINT('',(4.551977687,5.374455122,-1.18781025));
#1335=CARTESIAN_POINT('',(4.213762651,5.68450489,-1.186891057));
#1336=CARTESIAN_POINT('',(3.47196529,6.23624576,-1.185138638));
#1337=CARTESIAN_POINT('',(3.0780413,6.470511262,-1.18432973));
#1338=CARTESIAN_POINT('',(2.456039343,6.757393002,-1.183300635));
#1339=CARTESIAN_POINT('',(2.243302752,6.842323784,-1.182987891));
#1340=CARTESIAN_POINT('',(1.806546159,6.989845671,-1.182436276));
#1341=CARTESIAN_POINT('',(1.583323736,7.05198641,-1.182199096));
#1342=CARTESIAN_POINT('',(0.912755878,7.200117038,-1.181628641));
#1343=CARTESIAN_POINT('',(0.4595315,7.25,-1.181429833));
#1344=CARTESIAN_POINT('',(8.266365894E-16,7.25,-1.181429833));
#1345=(BOUNDED_SURFACE()B_SPLINE_SURFACE(3,1,((#1346,#1347),(#1348,#1349),(#1350,#1351),(#1352,#1353)),.UNSPECIFIED.,.F.,.F.,.U.)B_SPLINE_SURFACE_WITH_KNOTS((4,4),(2,2),(0.0,1.0),(0.0,1.0),.PIECEWISE_BEZIER_KNOTS.)GEOMETRIC_REPRESENTATION_ITEM()RATIONAL_B_SPLINE_SURFACE(((1.0,1.0),(0.333333333,0.333333333),(0.333333333,0.333333333),(1.0,1.0)))REPRESENTATION_ITEM('')SURFACE());
#1346=CARTESIAN_POINT('',(-1.823741158E-11,-7.25,1.209796068));
#1347=CARTESIAN_POINT('',(-1.823741158E-11,-7.25,-1.209670223));
#1348=CARTESIAN_POINT('',(13.5,-7.25,1.209796068));
#1349=CARTESIAN_POINT('',(13.5,-7.25,-1.209670223));
#1350=CARTESIAN_POINT('',(13.5,7.25,1.209796068));
#1351=CARTESIAN_POINT('',(13.5,7.25,-1.209670223));
#1352=CARTESIAN_POINT('',(-2.170965577E-15,7.25,1.209796068));
#1353=CARTESIAN_POINT('',(-2.170965577E-15,7.25,-1.209670223));
#1354=ADVANCED_FACE('NONE',(#1355),#1361,.F.);
#1355=FACE_BOUND('NONE',#1356,.T.);
#1356=EDGE_LOOP('',(#1357,#1358,#1359,#1360));
#1357=ORIENTED_EDGE('',*,*,#833,.F.);
#1358=ORIENTED_EDGE('',*,*,#910,.F.);
#1359=ORIENTED_EDGE('',*,*,#625,.F.);
#1360=ORIENTED_EDGE('',*,*,#603,.F.);
#1361=B_SPLINE_SURFACE_WITH_KNOTS('',3,3,((#1362,#1363,#1364,#1365),(#1366,#1367,#1368,#1369),(#1370,#1371,#1372,#1373),(#1374,#1375,#1376,#1377),(#1378,#1379,#1380,#1381),(#1382,#1383,#1384,#1385),(#1386,#1387,#1388,#1389)),.UNSPECIFIED.,.F.,.F.,.U.,(4,3,4),(4,4),(2.053948384E-04,3.370166969E-04,4.686385555E-04),(0.0,1.006140178),.PIECEWISE_BEZIER_KNOTS.);
#1362=CARTESIAN_POINT('',(4.44575466,-4.562987414,2.114147907));
#1363=CARTESIAN_POINT('',(4.397286532,-4.585804215,2.122808157));
#1364=CARTESIAN_POINT('',(4.353165646,-4.612382246,2.145404123));
#1365=CARTESIAN_POINT('',(4.319613536,-4.63897371,2.178749524));
#1366=CARTESIAN_POINT('',(4.454946671,-4.595578838,2.102463945));
#1367=CARTESIAN_POINT('',(4.411589721,-4.620532344,2.10968476));
#1368=CARTESIAN_POINT('',(4.372236121,-4.648990481,2.128623094));
#1369=CARTESIAN_POINT('',(4.341579494,-4.677455781,2.157046653));
#1370=CARTESIAN_POINT('',(4.467716697,-4.625450071,2.088865369));
#1371=CARTESIAN_POINT('',(4.429943614,-4.652645307,2.093982236));
#1372=CARTESIAN_POINT('',(4.395782489,-4.683025264,2.10889403));
#1373=CARTESIAN_POINT('',(4.368715658,-4.713407878,2.132102605));
#1374=CARTESIAN_POINT('',(4.486904487,-4.649049677,2.072997733));
#1375=CARTESIAN_POINT('',(4.454999061,-4.678420104,2.075211083));
#1376=CARTESIAN_POINT('',(4.426444492,-4.710755146,2.085887334));
#1377=CARTESIAN_POINT('',(4.403858702,-4.743090286,2.104047674));
#1378=CARTESIAN_POINT('',(4.506092277,-4.672649284,2.057130096));
#1379=CARTESIAN_POINT('',(4.480054507,-4.704194901,2.05643993));
#1380=CARTESIAN_POINT('',(4.457106496,-4.738485028,2.062880639));
#1381=CARTESIAN_POINT('',(4.439001746,-4.772772694,2.075992743));
#1382=CARTESIAN_POINT('',(4.531858786,-4.688512388,2.039302045));
#1383=CARTESIAN_POINT('',(4.511782814,-4.72207343,2.034945826));
#1384=CARTESIAN_POINT('',(4.494708874,-4.758298668,2.037078867));
#1385=CARTESIAN_POINT('',(4.481898528,-4.794520647,2.045541359));
#1386=CARTESIAN_POINT('',(4.561966025,-4.693954638,2.021963673));
#1387=CARTESIAN_POINT('',(4.546967134,-4.72905413,2.013925038));
#1388=CARTESIAN_POINT('',(4.535158085,-4.766970572,2.012306929));
#1389=CARTESIAN_POINT('',(4.527417242,-4.804883715,2.017229702));
#1390=ADVANCED_FACE('NONE',(#1391),#1403,.T.);
#1391=FACE_BOUND('NONE',#1392,.T.);
#1392=EDGE_LOOP('',(#1393,#1400,#1401,#1402));
#1393=ORIENTED_EDGE('',*,*,#1394,.T.);
#1394=EDGE_CURVE('NONE',#887,#879,#1395,.F.);
#1395=CIRCLE('',#1396,0.4);
#1396=AXIS2_PLACEMENT_3D('',#1397,#1398,#1399);
#1397=CARTESIAN_POINT('',(3.75,-34.75,1.6));
#1398=DIRECTION('',(0.0,-1.0,0.0));
#1399=DIRECTION('',(0.0,0.0,-1.0));
#1400=ORIENTED_EDGE('',*,*,#878,.F.);
#1401=ORIENTED_EDGE('',*,*,#799,.F.);
#1402=ORIENTED_EDGE('',*,*,#895,.F.);
#1403=CYLINDRICAL_SURFACE('',#1404,0.4);
#1404=AXIS2_PLACEMENT_3D('',#1405,#1406,#1407);
#1405=CARTESIAN_POINT('',(3.75,-34.75,1.6));
#1406=DIRECTION('',(0.0,1.0,0.0));
#1407=DIRECTION('',(0.0,0.0,1.0));
#1408=ADVANCED_FACE('NONE',(#1409),#1413,.T.);
#1409=FACE_BOUND('NONE',#1410,.T.);
#1410=EDGE_LOOP('',(#1411,#1412));
#1411=ORIENTED_EDGE('',*,*,#886,.F.);
#1412=ORIENTED_EDGE('',*,*,#1394,.F.);
#1413=PLANE('',#1414);
#1414=AXIS2_PLACEMENT_3D('',#1415,#1416,#1417);
#1415=CARTESIAN_POINT('',(3.75,-34.75,1.6));
#1416=DIRECTION('',(0.0,-1.0,0.0));
#1417=DIRECTION('',(0.0,0.0,-1.0));
#1418=ADVANCED_FACE('NONE',(#1419),#1495,.F.);
#1419=FACE_BOUND('NONE',#1420,.T.);
#1420=EDGE_LOOP('',(#1421,#1422,#1423,#1460,#1483,#1494));
#1421=ORIENTED_EDGE('',*,*,#957,.F.);
#1422=ORIENTED_EDGE('',*,*,#1278,.F.);
#1423=ORIENTED_EDGE('',*,*,#1424,.T.);
#1424=EDGE_CURVE('NONE',#1279,#1425,#1427,.T.);
#1425=VERTEX_POINT('NONE',#1426);
#1426=CARTESIAN_POINT('',(-4.622784347,-5.282912235,-1.18803515));
#1427=B_SPLINE_CURVE_WITH_KNOTS('',3,(#1428,#1429,#1430,#1431,#1432,#1433,#1434,#1435,#1436,#1437,#1438,#1439,#1440,#1441,#1442,#1443,#1444,#1445,#1446,#1447,#1448,#1449,#1450,#1451,#1452,#1453,#1454,#1455,#1456,#1457,#1458,#1459),.UNSPECIFIED.,.F.,.U.,(4,2,2,2,2,2,2,2,2,2,2,2,2,2,2,4),(0.025507709,0.026569712,0.027631715,0.028693719,0.029755722,0.030817725,0.031879729,0.032941732,0.034003735,0.035065739,0.036127742,0.037189745,0.038251749,0.039313752,0.040375755,0.042499762),.UNSPECIFIED.);
#1428=CARTESIAN_POINT('',(8.266365894E-16,7.25,-1.181429833));
#1429=CARTESIAN_POINT('',(-0.351999269,7.25,-1.181429833));
#1430=CARTESIAN_POINT('',(-0.706792179,7.21990503,-1.181549212));
#1431=CARTESIAN_POINT('',(-1.397046777,7.102938659,-1.182003915));
#1432=CARTESIAN_POINT('',(-1.735930978,7.016191913,-1.182338726));
#1433=CARTESIAN_POINT('',(-2.401207221,6.786144205,-1.18319686));
#1434=CARTESIAN_POINT('',(-2.726945365,6.64237542,-1.183721322));
#1435=CARTESIAN_POINT('',(-3.343339562,6.309089322,-1.184880158));
#1436=CARTESIAN_POINT('',(-3.637085629,6.118631506,-1.185518174));
#1437=CARTESIAN_POINT('',(-4.196135246,5.690843501,-1.186863164));
#1438=CARTESIAN_POINT('',(-4.460933516,5.453174622,-1.187570005));
#1439=CARTESIAN_POINT('',(-4.945936094,4.947102116,-1.188958285));
#1440=CARTESIAN_POINT('',(-5.168549681,4.676994049,-1.189645428));
#1441=CARTESIAN_POINT('',(-5.574901121,4.103406462,-1.190961568));
#1442=CARTESIAN_POINT('',(-5.758873758,3.798623954,-1.191591879));
#1443=CARTESIAN_POINT('',(-6.07787018,3.173886793,-1.192720547));
#1444=CARTESIAN_POINT('',(-6.214522301,2.851948657,-1.193224135));
#1445=CARTESIAN_POINT('',(-6.443259073,2.189404334,-1.194083572));
#1446=CARTESIAN_POINT('',(-6.535732433,1.846204427,-1.194441065));
#1447=CARTESIAN_POINT('',(-6.67172387,1.15603877,-1.194971594));
#1448=CARTESIAN_POINT('',(-6.715725014,0.809072621,-1.19514639));
#1449=CARTESIAN_POINT('',(-6.757041734,0.111475997,-1.195310409));
#1450=CARTESIAN_POINT('',(-6.754359389,-0.239154314,-1.195299657));
#1451=CARTESIAN_POINT('',(-6.700607522,-0.944212822,-1.19508652));
#1452=CARTESIAN_POINT('',(-6.649904484,-1.29231861,-1.194885622));
#1453=CARTESIAN_POINT('',(-6.502899098,-1.97501365,-1.194314214));
#1454=CARTESIAN_POINT('',(-6.406535094,-2.310428438,-1.193943385));
#1455=CARTESIAN_POINT('',(-6.166808507,-2.969061446,-1.193048003));
#1456=CARTESIAN_POINT('',(-6.021920435,-3.294627389,-1.192518134));
#1457=CARTESIAN_POINT('',(-5.527247292,-4.222108349,-1.190784298));
#1458=CARTESIAN_POINT('',(-5.117784647,-4.783218197,-1.189429194));
#1459=CARTESIAN_POINT('',(-4.622784347,-5.282912235,-1.18803515));
#1460=ORIENTED_EDGE('',*,*,#1461,.T.);
#1461=EDGE_CURVE('NONE',#1425,#1462,#1464,.T.);
#1462=VERTEX_POINT('NONE',#1463);
#1463=CARTESIAN_POINT('',(-2.324294697,-6.806626487,-1.183117775));
#1464=B_SPLINE_CURVE_WITH_KNOTS('',3,(#1465,#1466,#1467,#1468,#1469,#1470,#1471,#1472,#1473,#1474,#1475,#1476,#1477,#1478,#1479,#1480,#1481,#1482),.UNSPECIFIED.,.F.,.U.,(4,2,2,2,2,2,2,2,4),(6.552026686E-18,4.363633695E-04,8.727267391E-04,0.00130909,0.001745453,0.002181817,0.00261818,0.003054544,0.003490907),.UNSPECIFIED.);
#1465=CARTESIAN_POINT('',(-4.622784347,-5.282912235,-1.18803515));
#1466=CARTESIAN_POINT('',(-4.580906528,-5.325187151,-1.052583643));
#1467=CARTESIAN_POINT('',(-4.521907794,-5.383711366,-0.933193343));
#1468=CARTESIAN_POINT('',(-4.375190431,-5.521798241,-0.718403305));
#1469=CARTESIAN_POINT('',(-4.290419596,-5.598533955,-0.627745562));
#1470=CARTESIAN_POINT('',(-4.101066743,-5.759917806,-0.475497461));
#1471=CARTESIAN_POINT('',(-3.996022925,-5.844840297,-0.414308601));
#1472=CARTESIAN_POINT('',(-3.77466798,-6.012196252,-0.327143735));
#1473=CARTESIAN_POINT('',(-3.655302965,-6.096878307,-0.300155214));
#1474=CARTESIAN_POINT('',(-3.412511574,-6.257121396,-0.286177754));
#1475=CARTESIAN_POINT('',(-3.286993933,-6.334122622,-0.298797708));
#1476=CARTESIAN_POINT('',(-3.038257136,-6.475812667,-0.369349988));
#1477=CARTESIAN_POINT('',(-2.919539467,-6.538088203,-0.425474559));
#1478=CARTESIAN_POINT('',(-2.696503665,-6.647677497,-0.583407277));
#1479=CARTESIAN_POINT('',(-2.597925558,-6.692198571,-0.681495212));
#1480=CARTESIAN_POINT('',(-2.432584786,-6.763509145,-0.912275209));
#1481=CARTESIAN_POINT('',(-2.367669593,-6.789539472,-1.04300703));
#1482=CARTESIAN_POINT('',(-2.324294697,-6.806626487,-1.183117775));
#1483=ORIENTED_EDGE('',*,*,#1484,.T.);
#1484=EDGE_CURVE('NONE',#1462,#1290,#1485,.T.);
#1485=B_SPLINE_CURVE_WITH_KNOTS('',3,(#1486,#1487,#1488,#1489,#1490,#1491,#1492,#1493),.UNSPECIFIED.,.F.,.U.,(4,2,2,4),(9.226128278E-04,0.002123683,0.002724219,0.003324754),.UNSPECIFIED.);
#1486=CARTESIAN_POINT('',(-2.324294697,-6.806626487,-1.183117775));
#1487=CARTESIAN_POINT('',(-1.953605587,-6.952654967,-1.182581329));
#1488=CARTESIAN_POINT('',(-1.57433027,-7.062734993,-1.182158928));
#1489=CARTESIAN_POINT('',(-0.992625659,-7.174299538,-1.181726872));
#1490=CARTESIAN_POINT('',(-0.79658024,-7.202511805,-1.181616424));
#1491=CARTESIAN_POINT('',(-0.40006484,-7.240411767,-1.181467705));
#1492=CARTESIAN_POINT('',(-0.198969491,-7.25,-1.181429833));
#1493=CARTESIAN_POINT('',(-1.823742208E-11,-7.25,-1.181429833));
#1494=ORIENTED_EDGE('',*,*,#1289,.F.);
#1495=(BOUNDED_SURFACE()B_SPLINE_SURFACE(3,1,((#1496,#1497),(#1498,#1499),(#1500,#1501),(#1502,#1503)),.UNSPECIFIED.,.F.,.F.,.U.)B_SPLINE_SURFACE_WITH_KNOTS((4,4),(2,2),(0.0,1.0),(0.0,1.0),.PIECEWISE_BEZIER_KNOTS.)GEOMETRIC_REPRESENTATION_ITEM()RATIONAL_B_SPLINE_SURFACE(((1.0,1.0),(0.333333333,0.333333333),(0.333333333,0.333333333),(1.0,1.0)))REPRESENTATION_ITEM('')SURFACE());
#1496=CARTESIAN_POINT('',(8.266365894E-16,7.25,1.209670223));
#1497=CARTESIAN_POINT('',(8.266365894E-16,7.25,-1.209796068));
#1498=CARTESIAN_POINT('',(-13.5,7.25,1.209670223));
#1499=CARTESIAN_POINT('',(-13.5,7.25,-1.209796068));
#1500=CARTESIAN_POINT('',(-13.5,-7.25,1.209670223));
#1501=CARTESIAN_POINT('',(-13.5,-7.25,-1.209796068));
#1502=CARTESIAN_POINT('',(-2.178965639E-47,-7.25,1.209670223));
#1503=CARTESIAN_POINT('',(-2.178965639E-47,-7.25,-1.209796068));
#1504=ADVANCED_FACE('NONE',(#1505),#1637,.T.);
#1505=FACE_BOUND('NONE',#1506,.T.);
#1506=EDGE_LOOP('',(#1507,#1520,#1533,#1534,#1535,#1536,#1553,#1630));
#1507=ORIENTED_EDGE('',*,*,#1508,.T.);
#1508=EDGE_CURVE('NONE',#1509,#1511,#1513,.T.);
#1509=VERTEX_POINT('NONE',#1510);
#1510=CARTESIAN_POINT('',(-4.44575466,-4.562987414,-2.114147907));
#1511=VERTEX_POINT('NONE',#1512);
#1512=CARTESIAN_POINT('',(-4.560890269,-4.693755765,-2.022584359));
#1513=B_SPLINE_CURVE_WITH_KNOTS('',3,(#1514,#1515,#1516,#1517,#1518,#1519),.UNSPECIFIED.,.F.,.U.,(4,2,4),(0.0,1.033937685E-04,2.067875369E-04),.UNSPECIFIED.);
#1514=CARTESIAN_POINT('',(-4.44575466,-4.562987414,-2.114147907));
#1515=CARTESIAN_POINT('',(-4.454600855,-4.594352704,-2.102903511));
#1516=CARTESIAN_POINT('',(-4.466753295,-4.623707575,-2.089783105));
#1517=CARTESIAN_POINT('',(-4.504923007,-4.671738567,-2.057982562));
#1518=CARTESIAN_POINT('',(-4.531186954,-4.688142137,-2.039754936));
#1519=CARTESIAN_POINT('',(-4.560890269,-4.693755765,-2.022584359));
#1520=ORIENTED_EDGE('',*,*,#1521,.T.);
#1521=EDGE_CURVE('NONE',#1511,#1425,#1522,.T.);
#1522=B_SPLINE_CURVE_WITH_KNOTS('',3,(#1523,#1524,#1525,#1526,#1527,#1528,#1529,#1530,#1531,#1532),.UNSPECIFIED.,.F.,.U.,(4,2,2,2,4),(-7.063680582E-05,1.952459448E-04,4.611286954E-04,7.27011446E-04,9.928941966E-04),.UNSPECIFIED.);
#1523=CARTESIAN_POINT('',(-4.560890269,-4.693755765,-2.022584359));
#1524=CARTESIAN_POINT('',(-4.587390914,-4.766597843,-1.977417168));
#1525=CARTESIAN_POINT('',(-4.618191347,-4.830007519,-1.92168204));
#1526=CARTESIAN_POINT('',(-4.669209609,-4.943431043,-1.795201739));
#1527=CARTESIAN_POINT('',(-4.689769752,-4.994412386,-1.723367918));
#1528=CARTESIAN_POINT('',(-4.709541029,-5.086963455,-1.573832879));
#1529=CARTESIAN_POINT('',(-4.709053961,-5.129731317,-1.494220417));
#1530=CARTESIAN_POINT('',(-4.683559421,-5.209407426,-1.337844086));
#1531=CARTESIAN_POINT('',(-4.659096054,-5.246256209,-1.261364691));
#1532=CARTESIAN_POINT('',(-4.622784347,-5.282912235,-1.18803515));
#1533=ORIENTED_EDGE('',*,*,#1424,.F.);
#1534=ORIENTED_EDGE('',*,*,#1297,.F.);
#1535=ORIENTED_EDGE('',*,*,#1484,.F.);
#1536=ORIENTED_EDGE('',*,*,#1537,.T.);
#1537=EDGE_CURVE('NONE',#1462,#1538,#1540,.T.);
#1538=VERTEX_POINT('NONE',#1539);
#1539=CARTESIAN_POINT('',(-2.929210435,-5.668228127,-2.153995502));
#1540=B_SPLINE_CURVE_WITH_KNOTS('',3,(#1541,#1542,#1543,#1544,#1545,#1546,#1547,#1548,#1549,#1550,#1551,#1552),.UNSPECIFIED.,.F.,.U.,(4,2,2,2,2,4),(4.925667813E-18,2.321964557E-04,4.643929114E-04,9.287858227E-04,0.001393179,0.001857572),.UNSPECIFIED.);
#1541=CARTESIAN_POINT('',(-2.324294697,-6.806626487,-1.183117775));
#1542=CARTESIAN_POINT('',(-2.290446153,-6.81996071,-1.251531062));
#1543=CARTESIAN_POINT('',(-2.269170646,-6.819995195,-1.327881952));
#1544=CARTESIAN_POINT('',(-2.261260988,-6.786489489,-1.478899733));
#1545=CARTESIAN_POINT('',(-2.273981136,-6.754611209,-1.549064334));
#1546=CARTESIAN_POINT('',(-2.339191864,-6.634510373,-1.734569931));
#1547=CARTESIAN_POINT('',(-2.41274828,-6.528325825,-1.822966046));
#1548=CARTESIAN_POINT('',(-2.563084049,-6.30530205,-1.963870094));
#1549=CARTESIAN_POINT('',(-2.643346392,-6.185045609,-2.0167651));
#1550=CARTESIAN_POINT('',(-2.795205212,-5.936086331,-2.100472373));
#1551=CARTESIAN_POINT('',(-2.868196169,-5.8068366,-2.131655958));
#1552=CARTESIAN_POINT('',(-2.929210435,-5.668228127,-2.153995502));
#1553=ORIENTED_EDGE('',*,*,#1554,.T.);
#1554=EDGE_CURVE('NONE',#1538,#1555,#1557,.F.);
#1555=VERTEX_POINT('NONE',#1556);
#1556=CARTESIAN_POINT('',(-4.413094966,-4.404783604,-2.157034703));
#1557=B_SPLINE_CURVE_WITH_KNOTS('',3,(#1558,#1559,#1560,#1561,#1562,#1563,#1564,#1565,#1566,#1567,#1568,#1569,#1570,#1571,#1572,#1573,#1574,#1575,#1576,#1577,#1578,#1579,#1580,#1581,#1582,#1583,#1584,#1585,#1586,#1587,#1588,#1589,#1590,#1591,#1592,#1593,#1594,#1595,#1596,#1597,#1598,#1599,#1600,#1601,#1602,#1603,#1604,#1605,#1606,#1607,#1608,#1609,#1610,#1611,#1612,#1613,#1614,#1615,#1616,#1617,#1618,#1619,#1620,#1621,#1622,#1623,#1624,#1625,#1626,#1627,#1628,#1629),.UNSPECIFIED.,.F.,.U.,(4,2,2,2,2,2,2,2,2,2,2,2,2,2,2,2,2,2,2,2,2,2,2,2,2,2,2,2,2,2,2,2,2,2,2,4),(4.647066817E-04,0.001623385,0.002782064,0.003940743,0.005099422,0.006258101,0.007416779,0.008575458,0.009734137,0.010892816,0.012051495,0.012630834,0.013210173,0.014368852,0.014948192,0.015527531,0.01668621,0.017844889,0.019003567,0.020162246,0.021320925,0.022479604,0.023638283,0.024796961,0.02595564,0.027114319,0.028272998,0.028852337,0.029431677,0.030590355,0.031749034,0.032907713,0.034066392,0.035225071,0.036383749,0.037542428),.UNSPECIFIED.);
#1558=CARTESIAN_POINT('',(-4.413094966,-4.404783604,-2.157034703));
#1559=CARTESIAN_POINT('',(-4.665409209,-4.109582274,-2.157641435));
#1560=CARTESIAN_POINT('',(-4.888417001,-3.794206918,-2.158220067));
#1561=CARTESIAN_POINT('',(-5.278550181,-3.124987689,-2.159272236));
#1562=CARTESIAN_POINT('',(-5.446584085,-2.767553259,-2.159748909));
#1563=CARTESIAN_POINT('',(-5.715339256,-2.039176936,-2.160527529));
#1564=CARTESIAN_POINT('',(-5.817703077,-1.666640033,-2.160833884));
#1565=CARTESIAN_POINT('',(-5.960172444,-0.905330125,-2.161263249));
#1566=CARTESIAN_POINT('',(-6.000066227,-0.512952412,-2.161385738));
#1567=CARTESIAN_POINT('',(-6.013856189,0.264211984,-2.161427892));
#1568=CARTESIAN_POINT('',(-5.988638204,0.650261092,-2.161350264));
#1569=CARTESIAN_POINT('',(-5.874070227,1.417300539,-2.161003197));
#1570=CARTESIAN_POINT('',(-5.783396749,1.80131206,-2.160729766));
#1571=CARTESIAN_POINT('',(-5.540881029,2.539650686,-2.160019579));
#1572=CARTESIAN_POINT('',(-5.389288629,2.896049862,-2.159583313));
#1573=CARTESIAN_POINT('',(-5.023436134,3.58246661,-2.158578045));
#1574=CARTESIAN_POINT('',(-4.807884547,3.912987545,-2.158006121));
#1575=CARTESIAN_POINT('',(-4.326636131,4.521570689,-2.156815458));
#1576=CARTESIAN_POINT('',(-4.059502872,4.802991853,-2.156192117));
#1577=CARTESIAN_POINT('',(-3.468291792,5.316705993,-2.154951623));
#1578=CARTESIAN_POINT('',(-3.150398017,5.543181172,-2.154348637));
#1579=CARTESIAN_POINT('',(-2.645857793,5.832412056,-2.153535086));
#1580=CARTESIAN_POINT('',(-2.472726815,5.920622475,-2.153278458));
#1581=CARTESIAN_POINT('',(-2.116156105,6.079969589,-2.152804045));
#1582=CARTESIAN_POINT('',(-1.932421337,6.151064692,-2.152586342));
#1583=CARTESIAN_POINT('',(-1.377689282,6.333467482,-2.152018543));
#1584=CARTESIAN_POINT('',(-0.999306827,6.416119525,-2.151748188));
#1585=CARTESIAN_POINT('',(-0.418624623,6.480458692,-2.151537396));
#1586=CARTESIAN_POINT('',(-0.221736041,6.491838669,-2.151499749));
#1587=CARTESIAN_POINT('',(0.168421905,6.493711301,-2.151493571));
#1588=CARTESIAN_POINT('',(0.362210021,6.484388179,-2.15152443));
#1589=CARTESIAN_POINT('',(0.939803715,6.426450493,-2.151714486));
#1590=CARTESIAN_POINT('',(1.32104856,6.347767866,-2.151972612));
#1591=CARTESIAN_POINT('',(2.068359987,6.11011871,-2.152715028));
#1592=CARTESIAN_POINT('',(2.423699872,5.95485102,-2.153186994));
#1593=CARTESIAN_POINT('',(3.100145062,5.576198715,-2.154258925));
#1594=CARTESIAN_POINT('',(3.42385274,5.350123883,-2.154865157));
#1595=CARTESIAN_POINT('',(4.017032245,4.844379615,-2.156097152));
#1596=CARTESIAN_POINT('',(4.288484075,4.564213121,-2.156724943));
#1597=CARTESIAN_POINT('',(4.779885005,3.953289818,-2.157933458));
#1598=CARTESIAN_POINT('',(4.993718984,3.63034763,-2.158498679));
#1599=CARTESIAN_POINT('',(5.362872894,2.952364979,-2.159508764));
#1600=CARTESIAN_POINT('',(5.518157581,2.597305183,-2.15995399));
#1601=CARTESIAN_POINT('',(5.769180756,1.854521072,-2.160687312));
#1602=CARTESIAN_POINT('',(5.861232036,1.477691212,-2.160964536));
#1603=CARTESIAN_POINT('',(5.982304472,0.714375457,-2.161330881));
#1604=CARTESIAN_POINT('',(6.011343414,0.327790728,-2.161420212));
#1605=CARTESIAN_POINT('',(6.004203253,-0.455580236,-2.161398383));
#1606=CARTESIAN_POINT('',(5.968022544,-0.842638012,-2.161287216));
#1607=CARTESIAN_POINT('',(5.832606855,-1.604601263,-2.16087854));
#1608=CARTESIAN_POINT('',(5.733015121,-1.981059873,-2.160579818));
#1609=CARTESIAN_POINT('',(5.468143298,-2.717942457,-2.159810438));
#1610=CARTESIAN_POINT('',(5.305895378,-3.070449676,-2.1593486));
#1611=CARTESIAN_POINT('',(5.017775874,-3.57529361,-2.158567921));
#1612=CARTESIAN_POINT('',(4.914233282,-3.739564817,-2.158293039));
#1613=CARTESIAN_POINT('',(4.691554903,-4.059772924,-2.15771904));
#1614=CARTESIAN_POINT('',(4.57198485,-4.216111479,-2.157418941));
#1615=CARTESIAN_POINT('',(4.195799608,-4.663586674,-2.156508623));
#1616=CARTESIAN_POINT('',(3.920196659,-4.936149101,-2.155883463));
#1617=CARTESIAN_POINT('',(3.317496072,-5.427825326,-2.154661914));
#1618=CARTESIAN_POINT('',(2.988643879,-5.64693819,-2.154064518));
#1619=CARTESIAN_POINT('',(2.303451128,-6.010426831,-2.153021358));
#1620=CARTESIAN_POINT('',(1.944027453,-6.157711674,-2.152568653));
#1621=CARTESIAN_POINT('',(1.190375129,-6.377975659,-2.15187495));
#1622=CARTESIAN_POINT('',(0.808752444,-6.447297428,-2.151646287));
#1623=CARTESIAN_POINT('',(0.036135981,-6.506209084,-2.151452573));
#1624=CARTESIAN_POINT('',(-0.359600624,-6.494735215,-2.151491101));
#1625=CARTESIAN_POINT('',(-1.12921956,-6.390783549,-2.151830539));
#1626=CARTESIAN_POINT('',(-1.504690511,-6.299519815,-2.152127191));
#1627=CARTESIAN_POINT('',(-2.237296528,-6.039851653,-2.152928408));
#1628=CARTESIAN_POINT('',(-2.594387644,-5.870404434,-2.153435171));
#1629=CARTESIAN_POINT('',(-2.929210435,-5.668228127,-2.153995502));
#1630=ORIENTED_EDGE('',*,*,#1631,.T.);
#1631=EDGE_CURVE('NONE',#1555,#1509,#1632,.T.);
#1632=B_SPLINE_CURVE_WITH_KNOTS('',3,(#1633,#1634,#1635,#1636),.UNSPECIFIED.,.F.,.U.,(4,4),(3.6799042E-18,1.671358075E-04),.PIECEWISE_BEZIER_KNOTS.);
#1633=CARTESIAN_POINT('',(-4.413094966,-4.404783604,-2.157034703));
#1634=CARTESIAN_POINT('',(-4.420344723,-4.459251688,-2.146364139));
#1635=CARTESIAN_POINT('',(-4.431387441,-4.51204664,-2.132410076));
#1636=CARTESIAN_POINT('',(-4.44575466,-4.562987414,-2.114147907));
#1637=(BOUNDED_SURFACE()B_SPLINE_SURFACE(3,2,((#1638,#1639,#1640),(#1641,#1642,#1643),(#1644,#1645,#1646),(#1647,#1648,#1649),(#1650,#1651,#1652),(#1653,#1654,#1655),(#1656,#1657,#1658),(#1659,#1660,#1661),(#1662,#1663,#1664),(#1665,#1666,#1667),(#1668,#1669,#1670),(#1671,#1672,#1673),(#1674,#1675,#1676),(#1677,#1678,#1679),(#1680,#1681,#1682),(#1683,#1684,#1685),(#1686,#1687,#1688),(#1689,#1690,#1691),(#1692,#1693,#1694),(#1695,#1696,#1697),(#1698,#1699,#1700),(#1701,#1702,#1703),(#1704,#1705,#1706),(#1707,#1708,#1709),(#1710,#1711,#1712),(#1713,#1714,#1715),(#1716,#1717,#1718),(#1719,#1720,#1721),(#1722,#1723,#1724),(#1725,#1726,#1727),(#1728,#1729,#1730),(#1731,#1732,#1733),(#1734,#1735,#1736),(#1737,#1738,#1739),(#1740,#1741,#1742),(#1743,#1744,#1745),(#1746,#1747,#1748),(#1749,#1750,#1751),(#1752,#1753,#1754),(#1755,#1756,#1757),(#1758,#1759,#1760),(#1761,#1762,#1763),(#1764,#1765,#1766),(#1767,#1768,#1769),(#1770,#1771,#1772),(#1773,#1774,#1775),(#1776,#1777,#1778),(#1779,#1780,#1781),(#1782,#1783,#1784),(#1785,#1786,#1787),(#1788,#1789,#1790),(#1791,#1792,#1793),(#1794,#1795,#1796),(#1797,#1798,#1799),(#1800,#1801,#1802),(#1803,#1804,#1805),(#1806,#1807,#1808),(#1809,#1810,#1811),(#1812,#1813,#1814),(#1815,#1816,#1817),(#1818,#1819,#1820),(#1821,#1822,#1823),(#1824,#1825,#1826),(#1827,#1828,#1829),(#1830,#1831,#1832),(#1833,#1834,#1835),(#1836,#1837,#1838),(#1839,#1840,#1841),(#1842,#1843,#1844),(#1845,#1846,#1847),(#1848,#1849,#1850),(#1851,#1852,#1853),(#1854,#1855,#1856),(#1857,#1858,#1859),(#1860,#1861,#1862),(#1863,#1864,#1865),(#1866,#1867,#1868),(#1869,#1870,#1871),(#1872,#1873,#1874),(#1875,#1876,#1877),(#1878,#1879,#1880),(#1881,#1882,#1883),(#1884,#1885,#1886),(#1887,#1888,#1889)),.UNSPECIFIED.,.F.,.F.,.U.)B_SPLINE_SURFACE_WITH_KNOTS((4,2,2,2,2,2,2,2,2,2,2,2,2,2,2,2,2,2,2,2,2,2,2,2,2,2,2,2,2,2,2,2,2,2,2,2,2,2,2,2,2,4),(3,3),(0.001154442,0.002293354,0.003432266,0.004571178,0.005710091,0.006279547,0.006849003,0.007418459,0.007987915,0.009126828,0.009696284,0.01026574,0.011404652,0.012543564,0.013682477,0.014821389,0.015390845,0.015960301,0.017099213,0.01766867,0.018238126,0.019377038,0.019946494,0.02051595,0.021085406,0.021654863,0.022793775,0.023932687,0.025071599,0.026210512,0.027349424,0.028488336,0.029057792,0.029627249,0.030766161,0.031905073,0.033043985,0.034182898,0.034752354,0.03532181,0.036460722,0.037599634),(0.0,1.0),.UNSPECIFIED.)GEOMETRIC_REPRESENTATION_ITEM()RATIONAL_B_SPLINE_SURFACE(((1.0,0.789630758,1.0),(1.0,0.789352552,1.0),(1.0,0.789093221,1.0),(1.0,0.78867318,1.0),(1.0,0.788513845,1.0),(1.0,0.788317234,1.0),(1.0,0.788281448,1.0),(1.0,0.788344774,1.0),(1.0,0.788441649,1.0),(1.0,0.788676339,1.0),(1.0,0.788769067,1.0),(1.0,0.788976606,1.0),(1.0,0.789091786,1.0),(1.0,0.789340803,1.0),(1.0,0.789474645,1.0),(1.0,0.789756938,1.0),(1.0,0.789905284,1.0),(1.0,0.790355916,1.0),(1.0,0.790666684,1.0),(1.0,0.791122586,1.0),(1.0,0.791273469,1.0),(1.0,0.791562761,1.0),(1.0,0.791701663,1.0),(1.0,0.792096671,1.0),(1.0,0.792331088,1.0),(1.0,0.792719858,1.0),(1.0,0.792868997,1.0),(1.0,0.793068266,1.0),(1.0,0.793118557,1.0),(1.0,0.793112238,1.0),(1.0,0.793056247,1.0),(1.0,0.792898556,1.0),(1.0,0.792833694,1.0),(1.0,0.792680209,1.0),(1.0,0.792591075,1.0),(1.0,0.792293277,1.0),(1.0,0.792055698,1.0),(1.0,0.79165759,1.0),(1.0,0.791517929,1.0),(1.0,0.791227701,1.0),(1.0,0.791076375,1.0),(1.0,0.790617334,1.0),(1.0,0.790305448,1.0),(1.0,0.789855101,1.0),(1.0,0.789707852,1.0),(1.0,0.789429618,1.0),(1.0,0.789297868,1.0),(1.0,0.789053229,1.0),(1.0,0.788940336,1.0),(1.0,0.788737693,1.0),(1.0,0.788647581,1.0),(1.0,0.788423147,1.0),(1.0,0.788333102,1.0),(1.0,0.788283957,1.0),(1.0,0.788327121,1.0),(1.0,0.788537355,1.0),(1.0,0.788703746,1.0),(1.0,0.789136893,1.0),(1.0,0.789396371,1.0),(1.0,0.789964465,1.0),(1.0,0.790276094,1.0),(1.0,0.790890635,1.0),(1.0,0.791195372,1.0),(1.0,0.791625132,1.0),(1.0,0.791763965,1.0),(1.0,0.792024077,1.0),(1.0,0.792146067,1.0),(1.0,0.792484302,1.0),(1.0,0.792673029,1.0),(1.0,0.792957652,1.0),(1.0,0.793050084,1.0),(1.0,0.793132142,1.0),(1.0,0.793121423,1.0),(1.0,0.792994518,1.0),(1.0,0.792879996,1.0),(1.0,0.792640431,1.0),(1.0,0.792549268,1.0),(1.0,0.792345761,1.0),(1.0,0.792232806,1.0),(1.0,0.791869126,1.0),(1.0,0.79159564,1.0),(1.0,0.791013307,1.0),(1.0,0.790703684,1.0),(1.0,0.790393653,1.0)))REPRESENTATION_ITEM('')SURFACE());
#1638=CARTESIAN_POINT('',(-3.120050882,-5.547967033,-2.154324436));
#1639=CARTESIAN_POINT('',(-3.53549581,-6.175951333,-1.962367601));
#1640=CARTESIAN_POINT('',(-3.53688295,-6.175034753,-1.185319706));
#1641=CARTESIAN_POINT('',(-2.791126191,-5.764093627,-2.153741109));
#1642=CARTESIAN_POINT('',(-3.165257008,-6.420461443,-1.96228669));
#1643=CARTESIAN_POINT('',(-3.166761421,-6.419599636,-1.184512468));
#1644=CARTESIAN_POINT('',(-2.43201195,-5.952140831,-2.153190787));
#1645=CARTESIAN_POINT('',(-2.759925774,-6.633908477,-1.962207619));
#1646=CARTESIAN_POINT('',(-2.761336457,-6.633254388,-1.183754082));
#1647=CARTESIAN_POINT('',(-1.685717173,-6.246565744,-2.152295652));
#1648=CARTESIAN_POINT('',(-1.915241538,-6.968840725,-1.962076152));
#1649=CARTESIAN_POINT('',(-1.916374849,-6.968485558,-1.182523742));
#1650=CARTESIAN_POINT('',(-1.302698915,-6.352782332,-2.151953335));
#1651=CARTESIAN_POINT('',(-1.480694315,-7.090033589,-1.962024345));
#1652=CARTESIAN_POINT('',(-1.481571388,-7.089844376,-1.182054945));
#1653=CARTESIAN_POINT('',(-0.516883955,-6.483002392,-2.15153029));
#1654=CARTESIAN_POINT('',(-0.587871602,-7.238735981,-1.961959936));
#1655=CARTESIAN_POINT('',(-0.588274927,-7.238711827,-1.18147597));
#1656=CARTESIAN_POINT('',(-0.109798681,-6.506062934,-2.151452909));
#1657=CARTESIAN_POINT('',(-0.124854555,-7.265114344,-1.961947942));
#1658=CARTESIAN_POINT('',(-0.124907262,-7.265130901,-1.181370298));
#1659=CARTESIAN_POINT('',(0.687020806,-6.464608766,-2.151589458));
#1660=CARTESIAN_POINT('',(0.781247986,-7.217735989,-1.961968897));
#1661=CARTESIAN_POINT('',(0.781718295,-7.217697586,-1.181557002));
#1662=CARTESIAN_POINT('',(1.080396172,-6.401548951,-2.15179852));
#1663=CARTESIAN_POINT('',(1.22831061,-7.145660071,-1.962001064));
#1664=CARTESIAN_POINT('',(1.229097375,-7.145513518,-1.181842747));
#1665=CARTESIAN_POINT('',(1.662807778,-6.242736054,-2.152301589));
#1666=CARTESIAN_POINT('',(1.889098356,-6.964561855,-1.962076595));
#1667=CARTESIAN_POINT('',(1.890116676,-6.964248023,-1.182532395));
#1668=CARTESIAN_POINT('',(1.854353058,-6.179253773,-2.152499945));
#1669=CARTESIAN_POINT('',(2.106176287,-6.892241377,-1.962106142));
#1670=CARTESIAN_POINT('',(2.107286563,-6.891851996,-1.182804567));
#1671=CARTESIAN_POINT('',(2.226384237,-6.033972492,-2.152942316));
#1672=CARTESIAN_POINT('',(2.52729004,-6.726958411,-1.962171164));
#1673=CARTESIAN_POINT('',(2.528540432,-6.726420742,-1.183412539));
#1674=CARTESIAN_POINT('',(2.40781612,-5.951924964,-2.15318712));
#1675=CARTESIAN_POINT('',(2.732389839,-6.633723074,-1.962206753));
#1676=CARTESIAN_POINT('',(2.733698596,-6.633102046,-1.183749419));
#1677=CARTESIAN_POINT('',(2.761752058,-5.7695115,-2.153714244));
#1678=CARTESIAN_POINT('',(3.131932992,-6.426758255,-1.962282213));
#1679=CARTESIAN_POINT('',(3.133319403,-6.425982422,-1.184476157));
#1680=CARTESIAN_POINT('',(2.934255605,-5.669144517,-2.153996574));
#1681=CARTESIAN_POINT('',(3.326369795,-6.313038989,-1.962322081));
#1682=CARTESIAN_POINT('',(3.327781647,-6.312180425,-1.184866026));
#1683=CARTESIAN_POINT('',(3.270311824,-5.450047318,-2.154589445));
#1684=CARTESIAN_POINT('',(3.704566268,-6.065213811,-1.962404385));
#1685=CARTESIAN_POINT('',(3.705994659,-6.064210234,-1.185686406));
#1686=CARTESIAN_POINT('',(3.433595352,-5.331331261,-2.154899744));
#1687=CARTESIAN_POINT('',(3.888017815,-5.931138179,-1.962446775));
#1688=CARTESIAN_POINT('',(3.889438814,-5.930061983,-1.186116595));
#1689=CARTESIAN_POINT('',(3.900003274,-4.955717671,-2.155838154));
#1690=CARTESIAN_POINT('',(4.411098678,-5.507739225,-1.962572693));
#1691=CARTESIAN_POINT('',(4.41256152,-5.50640538,-1.187420355));
#1692=CARTESIAN_POINT('',(4.183581649,-4.677257542,-2.15647972));
#1693=CARTESIAN_POINT('',(4.728063077,-5.194760255,-1.962655779));
#1694=CARTESIAN_POINT('',(4.729415939,-5.193318602,-1.188315423));
#1695=CARTESIAN_POINT('',(4.569663025,-4.219290567,-2.157413002));
#1696=CARTESIAN_POINT('',(5.158432341,-4.681654709,-1.962772523));
#1697=CARTESIAN_POINT('',(5.159533074,-4.680255705,-1.189622974));
#1698=CARTESIAN_POINT('',(4.69220152,-4.05914061,-2.157720552));
#1699=CARTESIAN_POINT('',(5.294779814,-4.502528418,-1.962810288));
#1700=CARTESIAN_POINT('',(5.295813036,-4.501121607,-1.190054789));
#1701=CARTESIAN_POINT('',(4.919967766,-3.731012758,-2.158307981));
#1702=CARTESIAN_POINT('',(5.547863475,-4.136065578,-1.962881254));
#1703=CARTESIAN_POINT('',(5.548766033,-4.134668051,-1.190881172));
#1704=CARTESIAN_POINT('',(5.025649569,-3.562619617,-2.158588883));
#1705=CARTESIAN_POINT('',(5.665117065,-3.948260469,-1.962914591));
#1706=CARTESIAN_POINT('',(5.665946835,-3.946880722,-1.191277165));
#1707=CARTESIAN_POINT('',(5.319060373,-3.044963256,-2.159385073));
#1708=CARTESIAN_POINT('',(5.99020881,-3.371779268,-1.963007707));
#1709=CARTESIAN_POINT('',(5.990890597,-3.370385012,-1.192401501));
#1710=CARTESIAN_POINT('',(5.483351654,-2.68332726,-2.159853852));
#1711=CARTESIAN_POINT('',(6.171768555,-2.969937675,-1.96306064));
#1712=CARTESIAN_POINT('',(6.172281291,-2.968666045,-1.193066221));
#1713=CARTESIAN_POINT('',(5.749336469,-1.926998525,-2.160628085));
#1714=CARTESIAN_POINT('',(6.465249306,-2.131154794,-1.963146433));
#1715=CARTESIAN_POINT('',(6.465533245,-2.130148524,-1.194166517));
#1716=CARTESIAN_POINT('',(5.847512054,-1.542183788,-2.160923255));
#1717=CARTESIAN_POINT('',(6.573357989,-1.705088067,-1.963178221));
#1718=CARTESIAN_POINT('',(6.573522276,-1.704294223,-1.194587397));
#1719=CARTESIAN_POINT('',(5.977821243,-0.761707057,-2.161317112));
#1720=CARTESIAN_POINT('',(6.71675544,-0.841823579,-1.963220367));
#1721=CARTESIAN_POINT('',(6.716794883,-0.841390448,-1.195149409));
#1722=CARTESIAN_POINT('',(6.01001085,-0.36371129,-2.161416139));
#1723=CARTESIAN_POINT('',(6.752139965,-0.401942534,-1.963230779));
#1724=CARTESIAN_POINT('',(6.75213805,-0.401763524,-1.195291005));
#1725=CARTESIAN_POINT('',(6.005935802,0.435225067,-2.16140368));
#1726=CARTESIAN_POINT('',(6.747659493,0.480977245,-1.963229461));
#1727=CARTESIAN_POINT('',(6.747661605,0.480759172,-1.195273203));
#1728=CARTESIAN_POINT('',(5.970068432,0.829460286,-2.161293413));
#1729=CARTESIAN_POINT('',(6.708230101,0.916725654,-1.963217859));
#1730=CARTESIAN_POINT('',(6.708278244,0.916256871,-1.195115547));
#1731=CARTESIAN_POINT('',(5.866773539,1.413167484,-2.160981642));
#1732=CARTESIAN_POINT('',(6.594556014,1.562372676,-1.963184452));
#1733=CARTESIAN_POINT('',(6.594695201,1.561679391,-1.19467074));
#1734=CARTESIAN_POINT('',(5.824040871,1.606454217,-2.160853272));
#1735=CARTESIAN_POINT('',(6.547506858,1.776290984,-1.96317063));
#1736=CARTESIAN_POINT('',(6.547689245,1.775506579,-1.194487696));
#1737=CARTESIAN_POINT('',(5.72154443,1.990398287,-2.160548815));
#1738=CARTESIAN_POINT('',(6.434573274,2.201496796,-1.963137502));
#1739=CARTESIAN_POINT('',(6.434849177,2.200554922,-1.194054096));
#1740=CARTESIAN_POINT('',(5.661432774,2.181967892,-2.160371709));
#1741=CARTESIAN_POINT('',(6.368298062,2.413808421,-1.96311808));
#1742=CARTESIAN_POINT('',(6.368631491,2.412788088,-1.193802097));
#1743=CARTESIAN_POINT('',(5.456944688,2.745269404,-2.159778304));
#1744=CARTESIAN_POINT('',(6.142596544,3.038727032,-1.963052143));
#1745=CARTESIAN_POINT('',(6.143132538,3.03743579,-1.192959045));
#1746=CARTESIAN_POINT('',(5.289658259,3.104023516,-2.15930286));
#1747=CARTESIAN_POINT('',(5.957680796,3.437465261,-1.962998284));
#1748=CARTESIAN_POINT('',(5.958386495,3.436057802,-1.19228513));
#1749=CARTESIAN_POINT('',(4.992259902,3.616977849,-2.158499812));
#1750=CARTESIAN_POINT('',(5.628080365,4.008866922,-1.962904051));
#1751=CARTESIAN_POINT('',(5.628932198,4.007481231,-1.191151557));
#1752=CARTESIAN_POINT('',(4.885333903,3.783740192,-2.158217149));
#1753=CARTESIAN_POINT('',(5.509411893,4.194907153,-1.962870386));
#1754=CARTESIAN_POINT('',(5.510335911,4.193506354,-1.190753245));
#1755=CARTESIAN_POINT('',(4.655259572,4.108476112,-2.157627339));
#1756=CARTESIAN_POINT('',(5.253687004,4.557690275,-1.962798883));
#1757=CARTESIAN_POINT('',(5.254739992,4.556285053,-1.189923858));
#1758=CARTESIAN_POINT('',(4.531459552,4.267177901,-2.157318633));
#1759=CARTESIAN_POINT('',(5.115893859,4.735250991,-1.962760842));
#1760=CARTESIAN_POINT('',(5.117013636,4.733855613,-1.189490599));
#1761=CARTESIAN_POINT('',(4.139421995,4.72308788,-2.15637811));
#1762=CARTESIAN_POINT('',(4.678743435,5.246217298,-1.962642761));
#1763=CARTESIAN_POINT('',(4.680113984,5.244786331,-1.188173476));
#1764=CARTESIAN_POINT('',(3.851796733,4.999754098,-2.15573361));
#1765=CARTESIAN_POINT('',(4.357141911,5.557292146,-1.96255896));
#1766=CARTESIAN_POINT('',(4.358617958,5.555975317,-1.187274741));
#1767=CARTESIAN_POINT('',(3.379093291,5.371904157,-2.154794889));
#1768=CARTESIAN_POINT('',(3.826805238,5.976941232,-1.962432512));
#1769=CARTESIAN_POINT('',(3.828229913,5.975887465,-1.185971151));
#1770=CARTESIAN_POINT('',(3.214348391,5.488781119,-2.154486578));
#1771=CARTESIAN_POINT('',(3.641641889,6.108989741,-1.962390227));
#1772=CARTESIAN_POINT('',(3.643069878,6.108010681,-1.18554392));
#1773=CARTESIAN_POINT('',(2.877187111,5.703194918,-2.153901694));
#1774=CARTESIAN_POINT('',(3.262066436,6.351603787,-1.962308737));
#1775=CARTESIAN_POINT('',(3.263471302,6.350771205,-1.184734941));
#1776=CARTESIAN_POINT('',(2.704014502,5.801378402,-2.153623533));
#1777=CARTESIAN_POINT('',(3.066809337,6.462886729,-1.962269324));
#1778=CARTESIAN_POINT('',(3.068185369,6.462137118,-1.184350984));
#1779=CARTESIAN_POINT('',(2.348430099,5.979587394,-2.153105256));
#1780=CARTESIAN_POINT('',(2.665277356,6.665145517,-1.962194898));
#1781=CARTESIAN_POINT('',(2.666568932,6.664550679,-1.183636711));
#1782=CARTESIAN_POINT('',(2.166019222,6.059614706,-2.15286513));
#1783=CARTESIAN_POINT('',(2.459009572,6.756112218,-1.962159888));
#1784=CARTESIAN_POINT('',(2.460239264,6.755600238,-1.183306381));
#1785=CARTESIAN_POINT('',(1.791630068,6.200862468,-2.152432897));
#1786=CARTESIAN_POINT('',(2.0351115,6.916849965,-1.962096191));
#1787=CARTESIAN_POINT('',(2.036194178,6.916484635,-1.182712528));
#1788=CARTESIAN_POINT('',(1.598478928,6.262323623,-2.152240014));
#1789=CARTESIAN_POINT('',(1.816159078,6.986885356,-1.962067391));
#1790=CARTESIAN_POINT('',(1.817145676,6.98659432,-1.18244794));
#1791=CARTESIAN_POINT('',(1.01621555,6.413736995,-2.151758679));
#1792=CARTESIAN_POINT('',(1.155404748,7.159580864,-1.961994981));
#1793=CARTESIAN_POINT('',(1.156149619,7.15945215,-1.18178824));
#1794=CARTESIAN_POINT('',(0.622630678,6.47225748,-2.151564293));
#1795=CARTESIAN_POINT('',(0.708046869,7.226476756,-1.961965038));
#1796=CARTESIAN_POINT('',(0.708471743,7.226448833,-1.181522591));
#1797=CARTESIAN_POINT('',(-0.175344663,6.504411863,-2.151458312));
#1798=CARTESIAN_POINT('',(-0.199405024,7.263227714,-1.961948769));
#1799=CARTESIAN_POINT('',(-0.199505855,7.263242506,-1.181377689));
#1800=CARTESIAN_POINT('',(-0.581839157,6.476577832,-2.151551636));
#1801=CARTESIAN_POINT('',(-0.661725239,7.231390741,-1.961963226));
#1802=CARTESIAN_POINT('',(-0.662174606,7.231356492,-1.181505141));
#1803=CARTESIAN_POINT('',(-1.366668523,6.337066428,-2.152003835));
#1804=CARTESIAN_POINT('',(-1.553304102,7.072100387,-1.962031986));
#1805=CARTESIAN_POINT('',(-1.554219857,7.071890614,-1.182124109));
#1806=CARTESIAN_POINT('',(-1.75060408,6.225801117,-2.152361109));
#1807=CARTESIAN_POINT('',(-1.988794158,6.945175239,-1.962085941));
#1808=CARTESIAN_POINT('',(-1.989961031,6.944793292,-1.182613513));
#1809=CARTESIAN_POINT('',(-2.497007914,5.920745413,-2.153283475));
#1810=CARTESIAN_POINT('',(-2.833350696,6.598252564,-1.962221021));
#1811=CARTESIAN_POINT('',(-2.83478194,6.597566723,-1.183881716));
#1812=CARTESIAN_POINT('',(-2.847983139,5.731847403,-2.153832849));
#1813=CARTESIAN_POINT('',(-3.229339627,6.383923231,-1.962299693));
#1814=CARTESIAN_POINT('',(-3.230854819,6.383032033,-1.18463904));
#1815=CARTESIAN_POINT('',(-3.508655645,5.286528378,-2.155024455));
#1816=CARTESIAN_POINT('',(-3.97249569,5.880459155,-1.962464296));
#1817=CARTESIAN_POINT('',(-3.974025942,5.879286149,-1.186288891));
#1818=CARTESIAN_POINT('',(-3.820543519,5.027120279,-2.155672793));
#1819=CARTESIAN_POINT('',(-4.322095877,5.588059775,-1.962550949));
#1820=CARTESIAN_POINT('',(-4.323562545,5.586734067,-1.187190021));
#1821=CARTESIAN_POINT('',(-4.381177331,4.461120465,-2.156939854));
#1822=CARTESIAN_POINT('',(-4.94859763,4.952337242,-1.962714224));
#1823=CARTESIAN_POINT('',(-4.949889185,4.950862821,-1.188958917));
#1824=CARTESIAN_POINT('',(-4.632601048,4.153499266,-2.15756256));
#1825=CARTESIAN_POINT('',(-5.2285803,4.607873405,-1.962791491));
#1826=CARTESIAN_POINT('',(-5.229718074,4.606357403,-1.189832104));
#1827=CARTESIAN_POINT('',(-4.967773828,3.656306467,-2.158434224));
#1828=CARTESIAN_POINT('',(-5.600920328,4.052726167,-1.962896293));
#1829=CARTESIAN_POINT('',(-5.601792299,4.051334892,-1.19105906));
#1830=CARTESIAN_POINT('',(-5.072508572,3.484273381,-2.158714677));
#1831=CARTESIAN_POINT('',(-5.717076423,3.860938771,-1.962929417));
#1832=CARTESIAN_POINT('',(-5.71787452,3.859568923,-1.191454646));
#1833=CARTESIAN_POINT('',(-5.264201118,3.134819074,-2.159238404));
#1834=CARTESIAN_POINT('',(-5.929419826,3.471859649,-1.962990389));
#1835=CARTESIAN_POINT('',(-5.93008286,3.470551001,-1.192194637));
#1836=CARTESIAN_POINT('',(-5.351720644,2.956630195,-2.159483128));
#1837=CARTESIAN_POINT('',(-6.026241561,3.273704918,-1.963018418));
#1838=CARTESIAN_POINT('',(-6.026833149,3.272440781,-1.192541077));
#1839=CARTESIAN_POINT('',(-5.590129963,2.412022323,-2.160159827));
#1840=CARTESIAN_POINT('',(-6.289691064,2.668819154,-1.963094976));
#1841=CARTESIAN_POINT('',(-6.290130162,2.667620978,-1.193500413));
#1842=CARTESIAN_POINT('',(-5.717193267,2.035142594,-2.160534796));
#1843=CARTESIAN_POINT('',(-6.429794741,2.250985829,-1.963136084));
#1844=CARTESIAN_POINT('',(-6.430088791,2.249964271,-1.19403396));
#1845=CARTESIAN_POINT('',(-5.906145083,1.256528191,-2.161098819));
#1846=CARTESIAN_POINT('',(-6.637914573,1.388996465,-1.963197175));
#1847=CARTESIAN_POINT('',(-6.638033801,1.388305601,-1.194837655));
#1848=CARTESIAN_POINT('',(-5.965774965,0.864512194,-2.161281092));
#1849=CARTESIAN_POINT('',(-6.703496192,0.955497796,-1.963216473));
#1850=CARTESIAN_POINT('',(-6.703539335,0.955048688,-1.195098074));
#1851=CARTESIAN_POINT('',(-6.018813946,0.0753199,-2.161442946));
#1852=CARTESIAN_POINT('',(-6.761820301,0.083222317,-1.963233626));
#1853=CARTESIAN_POINT('',(-6.761811277,0.083160953,-1.195329291));
#1854=CARTESIAN_POINT('',(-6.011980274,-0.323963262,-2.161421855));
#1855=CARTESIAN_POINT('',(-6.754310081,-0.357994182,-1.963231416));
#1856=CARTESIAN_POINT('',(-6.754310098,-0.357795876,-1.195299121));
#1857=CARTESIAN_POINT('',(-5.929697722,-1.11870552,-2.161171404));
#1858=CARTESIAN_POINT('',(-6.663810773,-1.236574755,-1.963204804));
#1859=CARTESIAN_POINT('',(-6.663891157,-1.235992194,-1.194941448));
#1860=CARTESIAN_POINT('',(-5.855314546,-1.507507924,-2.160945292));
#1861=CARTESIAN_POINT('',(-6.581969833,-1.666693476,-1.963180726));
#1862=CARTESIAN_POINT('',(-6.582142754,-1.665882256,-1.194618612));
#1863=CARTESIAN_POINT('',(-5.694735781,-2.078089988,-2.16046979));
#1864=CARTESIAN_POINT('',(-6.405018262,-2.29867039,-1.963128842));
#1865=CARTESIAN_POINT('',(-6.405318567,-2.297694074,-1.193941646));
#1866=CARTESIAN_POINT('',(-5.632991093,-2.26616723,-2.160288523));
#1867=CARTESIAN_POINT('',(-6.336925725,-2.507163064,-1.963108899));
#1868=CARTESIAN_POINT('',(-6.337284492,-2.506111844,-1.193683824));
#1869=CARTESIAN_POINT('',(-5.492570834,-2.637962285,-2.159882699));
#1870=CARTESIAN_POINT('',(-6.181915747,-2.919687254,-1.963063654));
#1871=CARTESIAN_POINT('',(-6.182392747,-2.918513257,-1.193107501));
#1872=CARTESIAN_POINT('',(-5.413458333,-2.822554589,-2.15965691));
#1873=CARTESIAN_POINT('',(-6.09450621,-3.124700927,-1.963038206));
#1874=CARTESIAN_POINT('',(-6.095052087,-3.123469473,-1.19278726));
#1875=CARTESIAN_POINT('',(-5.152611636,-3.362683666,-2.158927438));
#1876=CARTESIAN_POINT('',(-5.805912203,-3.725340997,-1.962954698));
#1877=CARTESIAN_POINT('',(-5.806700604,-3.723889042,-1.191754507));
#1878=CARTESIAN_POINT('',(-4.949099274,-3.702452683,-2.158375718));
#1879=CARTESIAN_POINT('',(-5.580318303,-4.104051141,-1.962889927));
#1880=CARTESIAN_POINT('',(-5.58128267,-4.102547111,-1.190975764));
#1881=CARTESIAN_POINT('',(-4.482569461,-4.341176184,-2.157190828));
#1882=CARTESIAN_POINT('',(-5.061540547,-4.817933197,-1.962745517));
#1883=CARTESIAN_POINT('',(-5.062757148,-4.816434677,-1.18931062));
#1884=CARTESIAN_POINT('',(-4.218888947,-4.640753226,-2.156555694));
#1885=CARTESIAN_POINT('',(-4.767547728,-5.153806165,-1.962665566));
#1886=CARTESIAN_POINT('',(-4.768911211,-5.152367336,-1.188421537));
#1887=CARTESIAN_POINT('',(-3.924206774,-4.915533333,-2.155914482));
#1888=CARTESIAN_POINT('',(-4.43792704,-5.462731301,-1.962581754));
#1889=CARTESIAN_POINT('',(-4.43923375,-5.461505998,-1.187527909));
#1890=ADVANCED_FACE('NONE',(#1891),#1936,.F.);
#1891=FACE_BOUND('NONE',#1892,.T.);
#1892=EDGE_LOOP('',(#1893,#1902,#1915,#1928,#1935));
#1893=ORIENTED_EDGE('',*,*,#1894,.T.);
#1894=EDGE_CURVE('NONE',#1425,#1895,#1897,.T.);
#1895=VERTEX_POINT('NONE',#1896);
#1896=CARTESIAN_POINT('',(-4.477900277,-5.673768023,-1.369161829));
#1897=CIRCLE('',#1898,0.6);
#1898=AXIS2_PLACEMENT_3D('',#1899,#1900,#1901);
#1899=CARTESIAN_POINT('',(-5.049045676,-5.705169596,-1.18803515));
#1900=DIRECTION('',(-0.3030413,0.305914827,-0.902542015));
#1901=DIRECTION('',(4.163336342E-17,0.947075967,0.321009521));
#1902=ORIENTED_EDGE('',*,*,#1903,.T.);
#1903=EDGE_CURVE('NONE',#1895,#1904,#1906,.F.);
#1904=VERTEX_POINT('NONE',#1905);
#1905=CARTESIAN_POINT('',(-3.75,-6.720348417,-0.891222689));
#1906=B_SPLINE_CURVE_WITH_KNOTS('',3,(#1907,#1908,#1909,#1910,#1911,#1912,#1913,#1914),.UNSPECIFIED.,.F.,.U.,(4,2,2,4),(0.001068447,0.00177388,0.002126596,0.002479312),.UNSPECIFIED.);
#1907=CARTESIAN_POINT('',(-3.75,-6.720348417,-0.891222689));
#1908=CARTESIAN_POINT('',(-3.90187093,-6.542822942,-0.881918973));
#1909=CARTESIAN_POINT('',(-4.04354383,-6.352978423,-0.918006089));
#1910=CARTESIAN_POINT('',(-4.231787919,-6.075521794,-1.030257672));
#1911=CARTESIAN_POINT('',(-4.289912831,-5.985229567,-1.077065704));
#1912=CARTESIAN_POINT('',(-4.396142478,-5.813667488,-1.198770427));
#1913=CARTESIAN_POINT('',(-4.44360667,-5.733198729,-1.271327439));
#1914=CARTESIAN_POINT('',(-4.477900277,-5.673768023,-1.369161829));
#1915=ORIENTED_EDGE('',*,*,#1916,.T.);
#1916=EDGE_CURVE('NONE',#1904,#1917,#1919,.F.);
#1917=VERTEX_POINT('NONE',#1918);
#1918=CARTESIAN_POINT('',(-3.110496851,-7.333470237,-1.37890246));
#1919=B_SPLINE_CURVE_WITH_KNOTS('',3,(#1920,#1921,#1922,#1923,#1924,#1925,#1926,#1927),.UNSPECIFIED.,.F.,.U.,(4,2,2,4),(0.0,2.671116585E-04,5.342233171E-04,0.001068447),.UNSPECIFIED.);
#1920=CARTESIAN_POINT('',(-3.110496851,-7.333470237,-1.37890246));
#1921=CARTESIAN_POINT('',(-3.13816372,-7.312558667,-1.29552476));
#1922=CARTESIAN_POINT('',(-3.180153665,-7.280082602,-1.221639663));
#1923=CARTESIAN_POINT('',(-3.278869015,-7.198180615,-1.09823496));
#1924=CARTESIAN_POINT('',(-3.3349456,-7.149271365,-1.048897353));
#1925=CARTESIAN_POINT('',(-3.511704424,-6.984248652,-0.932106685));
#1926=CARTESIAN_POINT('',(-3.634988358,-6.854788209,-0.898268379));
#1927=CARTESIAN_POINT('',(-3.75,-6.720348417,-0.891222689));
#1928=ORIENTED_EDGE('',*,*,#1929,.T.);
#1929=EDGE_CURVE('NONE',#1917,#1462,#1930,.F.);
#1930=CIRCLE('',#1931,0.6);
#1931=AXIS2_PLACEMENT_3D('',#1932,#1933,#1934);
#1932=CARTESIAN_POINT('',(-2.544208675,-7.364871811,-1.183117775));
#1933=DIRECTION('',(-0.317970653,0.125260684,0.939789564));
#1934=DIRECTION('',(0.947250236,-2.775557562E-17,0.320494915));
#1935=ORIENTED_EDGE('',*,*,#1461,.F.);
#1936=(BOUNDED_SURFACE()B_SPLINE_SURFACE(3,2,((#1937,#1938,#1939),(#1940,#1941,#1942),(#1943,#1944,#1945),(#1946,#1947,#1948),(#1949,#1950,#1951),(#1952,#1953,#1954),(#1955,#1956,#1957),(#1958,#1959,#1960),(#1961,#1962,#1963),(#1964,#1965,#1966),(#1967,#1968,#1969),(#1970,#1971,#1972),(#1973,#1974,#1975),(#1976,#1977,#1978),(#1979,#1980,#1981),(#1982,#1983,#1984)),.UNSPECIFIED.,.F.,.F.,.U.)B_SPLINE_SURFACE_WITH_KNOTS((4,2,2,2,2,2,2,4),(3,3),(3.686287386E-18,4.626000266E-04,9.252000532E-04,0.0013878,0.0018504,0.002313,0.0027756,0.0037008),(0.0,1.0),.UNSPECIFIED.)GEOMETRIC_REPRESENTATION_ITEM()RATIONAL_B_SPLINE_SURFACE(((1.0,0.925500422,1.0),(1.0,0.917573087,1.0),(1.0,0.906526408,1.0),(1.0,0.879547019,1.0),(1.0,0.864290103,1.0),(1.0,0.831019287,1.0),(1.0,0.813027385,1.0),(1.0,0.776350799,1.0),(1.0,0.757221303,1.0),(1.0,0.720271906,1.0),(1.0,0.70232217,1.0),(1.0,0.668414404,1.0),(1.0,0.653294795,1.0),(1.0,0.61436331,1.0),(1.0,0.599063996,1.0),(1.0,0.592774897,1.0)))REPRESENTATION_ITEM('')SURFACE());
#1937=CARTESIAN_POINT('',(-4.622784347,-5.282912235,-1.18803515));
#1938=CARTESIAN_POINT('',(-4.466823081,-5.440352371,-1.293765382));
#1939=CARTESIAN_POINT('',(-4.477900277,-5.673768023,-1.369161829));
#1940=CARTESIAN_POINT('',(-4.578989072,-5.327122789,-1.046381882));
#1941=CARTESIAN_POINT('',(-4.422738344,-5.482020088,-1.189507759));
#1942=CARTESIAN_POINT('',(-4.450156569,-5.72184782,-1.290013304));
#1943=CARTESIAN_POINT('',(-4.517229277,-5.388300852,-0.924267067));
#1944=CARTESIAN_POINT('',(-4.360806469,-5.539362203,-1.103625244));
#1945=CARTESIAN_POINT('',(-4.411254766,-5.788232309,-1.222530787));
#1946=CARTESIAN_POINT('',(-4.366043054,-5.530203503,-0.707289252));
#1947=CARTESIAN_POINT('',(-4.214442764,-5.668120958,-0.961327357));
#1948=CARTESIAN_POINT('',(-4.316816112,-5.942435295,-1.103733698));
#1949=CARTESIAN_POINT('',(-4.28012435,-5.607624766,-0.617844497));
#1950=CARTESIAN_POINT('',(-4.132187658,-5.737431945,-0.908756938));
#1951=CARTESIAN_POINT('',(-4.263510896,-6.026597597,-1.055484088));
#1952=CARTESIAN_POINT('',(-4.090013084,-5.768984829,-0.468427007));
#1953=CARTESIAN_POINT('',(-3.95821136,-5.876440338,-0.833892057));
#1954=CARTESIAN_POINT('',(-4.146692189,-6.202092706,-0.976137485));
#1955=CARTESIAN_POINT('',(-3.985917657,-5.852736447,-0.409390534));
#1956=CARTESIAN_POINT('',(-3.865869356,-5.946278523,-0.813421736));
#1957=CARTESIAN_POINT('',(-4.083251071,-6.293222773,-0.945560804));
#1958=CARTESIAN_POINT('',(-3.767951728,-6.01699749,-0.325513309));
#1959=CARTESIAN_POINT('',(-3.684951728,-6.076329244,-0.803385132));
#1960=CARTESIAN_POINT('',(-3.951654386,-6.472045407,-0.903533333));
#1961=CARTESIAN_POINT('',(-3.651370513,-6.099484441,-0.299891576));
#1962=CARTESIAN_POINT('',(-3.594189123,-6.137810978,-0.815356477));
#1963=CARTESIAN_POINT('',(-3.881869518,-6.561891065,-0.891699949));
#1964=CARTESIAN_POINT('',(-3.415736703,-6.254982065,-0.286400784));
#1965=CARTESIAN_POINT('',(-3.428749997,-6.245772233,-0.865950273));
#1966=CARTESIAN_POINT('',(-3.742021476,-6.731344012,-0.888412033));
#1967=CARTESIAN_POINT('',(-3.295995027,-6.328647275,-0.297729043));
#1968=CARTESIAN_POINT('',(-3.354203938,-6.292116492,-0.905493808));
#1969=CARTESIAN_POINT('',(-3.671527169,-6.811662688,-0.896534725));
#1970=CARTESIAN_POINT('',(-3.052878469,-6.467799542,-0.363856059));
#1971=CARTESIAN_POINT('',(-3.22554001,-6.372350379,-1.004685209));
#1972=CARTESIAN_POINT('',(-3.529422881,-6.963450795,-0.935748499));
#1973=CARTESIAN_POINT('',(-2.935252457,-6.529970923,-0.417173966));
#1974=CARTESIAN_POINT('',(-3.176291792,-6.403396839,-1.06216099));
#1975=CARTESIAN_POINT('',(-3.461172465,-7.031303107,-0.965949895));
#1976=CARTESIAN_POINT('',(-2.60058038,-6.695524933,-0.646238351));
#1977=CARTESIAN_POINT('',(-3.061982889,-6.482886251,-1.246118141));
#1978=CARTESIAN_POINT('',(-3.267959559,-7.212046446,-1.092277483));
#1979=CARTESIAN_POINT('',(-2.415945645,-6.770521707,-0.887064549));
#1980=CARTESIAN_POINT('',(-3.045605644,-6.510386174,-1.36081111));
#1981=CARTESIAN_POINT('',(-3.16265696,-7.294045831,-1.2217112));
#1982=CARTESIAN_POINT('',(-2.324294697,-6.806626487,-1.183117775));
#1983=CARTESIAN_POINT('',(-3.0370827,-6.525832295,-1.461710078));
#1984=CARTESIAN_POINT('',(-3.110496851,-7.333470237,-1.37890246));
#1985=ADVANCED_FACE('NONE',(#1986),#2018,.F.);
#1986=FACE_BOUND('NONE',#1987,.T.);
#1987=EDGE_LOOP('',(#1988,#2001,#2002,#2011));
#1988=ORIENTED_EDGE('',*,*,#1989,.T.);
#1989=EDGE_CURVE('NONE',#1990,#1511,#1992,.F.);
#1990=VERTEX_POINT('NONE',#1991);
#1991=CARTESIAN_POINT('',(-4.41353568,-4.750004048,-2.096480981));
#1992=B_SPLINE_CURVE_WITH_KNOTS('',3,(#1993,#1994,#1995,#1996,#1997,#1998,#1999,#2000),.UNSPECIFIED.,.F.,.U.,(4,2,2,4),(0.0,0.25,0.5,1.0),.UNSPECIFIED.);
#1993=CARTESIAN_POINT('',(-4.560890269,-4.693755765,-2.022584359));
#1994=CARTESIAN_POINT('',(-4.546792863,-4.702964966,-2.025509112));
#1995=CARTESIAN_POINT('',(-4.536352949,-4.7094237,-2.028497783));
#1996=CARTESIAN_POINT('',(-4.511399375,-4.723194211,-2.03738472));
#1997=CARTESIAN_POINT('',(-4.49911995,-4.729219522,-2.042694872));
#1998=CARTESIAN_POINT('',(-4.461509615,-4.744705305,-2.061776261));
#1999=CARTESIAN_POINT('',(-4.43728733,-4.75053598,-2.077919313));
#2000=CARTESIAN_POINT('',(-4.41353568,-4.750004048,-2.096480981));
#2001=ORIENTED_EDGE('',*,*,#1508,.F.);
#2002=ORIENTED_EDGE('',*,*,#2003,.T.);
#2003=EDGE_CURVE('NONE',#1509,#2004,#2006,.F.);
#2004=VERTEX_POINT('NONE',#2005);
#2005=CARTESIAN_POINT('',(-4.320228969,-4.638486868,-2.178140201));
#2006=CIRCLE('',#2007,0.3);
#2007=AXIS2_PLACEMENT_3D('',#2008,#2009,#2010);
#2008=CARTESIAN_POINT('',(-4.530894605,-4.638486868,-2.391728566));
#2009=DIRECTION('',(-0.348879611,-0.871707736,0.344105565));
#2010=DIRECTION('',(0.928404502,-0.371571099,2.775557562E-17));
#2011=ORIENTED_EDGE('',*,*,#2012,.T.);
#2012=EDGE_CURVE('NONE',#2004,#1990,#2013,.F.);
#2013=B_SPLINE_CURVE_WITH_KNOTS('',3,(#2014,#2015,#2016,#2017),.UNSPECIFIED.,.F.,.U.,(4,4),(-5.999999953E-08,1.686552309E-04),.PIECEWISE_BEZIER_KNOTS.);
#2014=CARTESIAN_POINT('',(-4.41353568,-4.750004048,-2.096480981));
#2015=CARTESIAN_POINT('',(-4.375760011,-4.720510161,-2.125910565));
#2016=CARTESIAN_POINT('',(-4.345253659,-4.682388996,-2.153459705));
#2017=CARTESIAN_POINT('',(-4.320228969,-4.638486868,-2.178140201));
#2018=B_SPLINE_SURFACE_WITH_KNOTS('',3,3,((#2019,#2020,#2021,#2022),(#2023,#2024,#2025,#2026),(#2027,#2028,#2029,#2030),(#2031,#2032,#2033,#2034),(#2035,#2036,#2037,#2038),(#2039,#2040,#2041,#2042),(#2043,#2044,#2045,#2046)),.UNSPECIFIED.,.F.,.F.,.U.,(4,3,4),(4,4),(2.053948383E-04,3.370166969E-04,4.686385555E-04),(0.0,1.006140178),.PIECEWISE_BEZIER_KNOTS.);
#2019=CARTESIAN_POINT('',(-4.44575466,-4.562987414,-2.114147907));
#2020=CARTESIAN_POINT('',(-4.397286532,-4.585804215,-2.122808157));
#2021=CARTESIAN_POINT('',(-4.353165646,-4.612382246,-2.145404123));
#2022=CARTESIAN_POINT('',(-4.319613536,-4.63897371,-2.178749524));
#2023=CARTESIAN_POINT('',(-4.454946671,-4.595578838,-2.102463945));
#2024=CARTESIAN_POINT('',(-4.411589721,-4.620532344,-2.10968476));
#2025=CARTESIAN_POINT('',(-4.372236121,-4.648990481,-2.128623094));
#2026=CARTESIAN_POINT('',(-4.341579494,-4.677455781,-2.157046653));
#2027=CARTESIAN_POINT('',(-4.467716697,-4.625450071,-2.088865369));
#2028=CARTESIAN_POINT('',(-4.429943614,-4.652645307,-2.093982236));
#2029=CARTESIAN_POINT('',(-4.395782489,-4.683025264,-2.10889403));
#2030=CARTESIAN_POINT('',(-4.368715658,-4.713407878,-2.132102605));
#2031=CARTESIAN_POINT('',(-4.486904487,-4.649049677,-2.072997733));
#2032=CARTESIAN_POINT('',(-4.454999061,-4.678420104,-2.075211083));
#2033=CARTESIAN_POINT('',(-4.426444492,-4.710755146,-2.085887334));
#2034=CARTESIAN_POINT('',(-4.403858702,-4.743090286,-2.104047674));
#2035=CARTESIAN_POINT('',(-4.506092277,-4.672649284,-2.057130096));
#2036=CARTESIAN_POINT('',(-4.480054507,-4.704194901,-2.05643993));
#2037=CARTESIAN_POINT('',(-4.457106496,-4.738485028,-2.062880639));
#2038=CARTESIAN_POINT('',(-4.439001746,-4.772772694,-2.075992743));
#2039=CARTESIAN_POINT('',(-4.531858786,-4.688512388,-2.039302045));
#2040=CARTESIAN_POINT('',(-4.511782814,-4.72207343,-2.034945826));
#2041=CARTESIAN_POINT('',(-4.494708874,-4.758298668,-2.037078867));
#2042=CARTESIAN_POINT('',(-4.481898528,-4.794520647,-2.045541359));
#2043=CARTESIAN_POINT('',(-4.561966025,-4.693954638,-2.021963673));
#2044=CARTESIAN_POINT('',(-4.546967134,-4.72905413,-2.013925038));
#2045=CARTESIAN_POINT('',(-4.535158085,-4.766970572,-2.012306929));
#2046=CARTESIAN_POINT('',(-4.527417242,-4.804883715,-2.017229702));
#2047=ADVANCED_FACE('NONE',(#2048),#2073,.F.);
#2048=FACE_BOUND('NONE',#2049,.T.);
#2049=EDGE_LOOP('',(#2050,#2059,#2070,#2071,#2072));
#2050=ORIENTED_EDGE('',*,*,#2051,.T.);
#2051=EDGE_CURVE('NONE',#1990,#2052,#2054,.F.);
#2052=VERTEX_POINT('NONE',#2053);
#2053=CARTESIAN_POINT('',(-4.320228969,-4.75,-2.178140201));
#2054=B_SPLINE_CURVE_WITH_KNOTS('',3,(#2055,#2056,#2057,#2058),.UNSPECIFIED.,.F.,.U.,(4,4),(0.0,0.378595675),.PIECEWISE_BEZIER_KNOTS.);
#2055=CARTESIAN_POINT('',(-4.320228969,-4.75,-2.178140201));
#2056=CARTESIAN_POINT('',(-4.349854322,-4.75,-2.14892024));
#2057=CARTESIAN_POINT('',(-4.381026198,-4.75,-2.121795762));
#2058=CARTESIAN_POINT('',(-4.41353568,-4.750004048,-2.096480981));
#2059=ORIENTED_EDGE('',*,*,#2060,.T.);
#2060=EDGE_CURVE('NONE',#2052,#1895,#2061,.F.);
#2061=B_SPLINE_CURVE_WITH_KNOTS('',3,(#2062,#2063,#2064,#2065,#2066,#2067,#2068,#2069),.UNSPECIFIED.,.F.,.U.,(4,2,2,4),(0.0,3.203387796E-04,6.406775592E-04,0.001281355),.UNSPECIFIED.);
#2062=CARTESIAN_POINT('',(-4.477900277,-5.673768023,-1.369161829));
#2063=CARTESIAN_POINT('',(-4.508940663,-5.619975137,-1.457715281));
#2064=CARTESIAN_POINT('',(-4.522422283,-5.563000072,-1.547045462));
#2065=CARTESIAN_POINT('',(-4.521835093,-5.432793227,-1.719408922));
#2066=CARTESIAN_POINT('',(-4.507826325,-5.362453707,-1.798820677));
#2067=CARTESIAN_POINT('',(-4.442526091,-5.129420534,-2.012313391));
#2068=CARTESIAN_POINT('',(-4.370314489,-4.949696295,-2.114040316));
#2069=CARTESIAN_POINT('',(-4.320228969,-4.75,-2.178140201));
#2070=ORIENTED_EDGE('',*,*,#1894,.F.);
#2071=ORIENTED_EDGE('',*,*,#1521,.F.);
#2072=ORIENTED_EDGE('',*,*,#1989,.F.);
#2073=(BOUNDED_SURFACE()B_SPLINE_SURFACE(3,2,((#2074,#2075,#2076),(#2077,#2078,#2079),(#2080,#2081,#2082),(#2083,#2084,#2085),(#2086,#2087,#2088),(#2089,#2090,#2091),(#2092,#2093,#2094),(#2095,#2096,#2097),(#2098,#2099,#2100),(#2101,#2102,#2103)),.UNSPECIFIED.,.F.,.F.,.U.)B_SPLINE_SURFACE_WITH_KNOTS((4,2,2,2,4),(3,3),(0.022754681,0.02320778,0.023660879,0.024113978,0.024567077),(0.0,1.0),.UNSPECIFIED.)GEOMETRIC_REPRESENTATION_ITEM()RATIONAL_B_SPLINE_SURFACE(((1.0,0.925500422,1.0),(1.0,0.926106214,1.0),(1.0,0.928045267,1.0),(1.0,0.934640286,1.0),(1.0,0.939240706,1.0),(1.0,0.94960089,1.0),(1.0,0.955374393,1.0),(1.0,0.965587709,1.0),(1.0,0.97013859,1.0),(1.0,0.972512677,1.0)))REPRESENTATION_ITEM('')SURFACE());
#2074=CARTESIAN_POINT('',(-4.477900277,-5.673768023,-1.369161829));
#2075=CARTESIAN_POINT('',(-4.466823081,-5.440352371,-1.293765382));
#2076=CARTESIAN_POINT('',(-4.622784347,-5.282912235,-1.18803515));
#2077=CARTESIAN_POINT('',(-4.504901797,-5.626974496,-1.44619302));
#2078=CARTESIAN_POINT('',(-4.500522646,-5.396079605,-1.365794308));
#2079=CARTESIAN_POINT('',(-4.665521155,-5.239770184,-1.274339874));
#2080=CARTESIAN_POINT('',(-4.519082743,-5.577333645,-1.524889794));
#2081=CARTESIAN_POINT('',(-4.522150031,-5.352082007,-1.43910618));
#2082=CARTESIAN_POINT('',(-4.69067452,-5.197640339,-1.362209118));
#2083=CARTESIAN_POINT('',(-4.52431064,-5.461815359,-1.683167062));
#2084=CARTESIAN_POINT('',(-4.544802754,-5.254121158,-1.589996797));
#2085=CARTESIAN_POINT('',(-4.71152987,-5.106488548,-1.537984571));
#2086=CARTESIAN_POINT('',(-4.514985809,-5.397307778,-1.760793759));
#2087=CARTESIAN_POINT('',(-4.545230306,-5.201628217,-1.665522812));
#2088=CARTESIAN_POINT('',(-4.706565541,-5.05861606,-1.623730218));
#2089=CARTESIAN_POINT('',(-4.477738956,-5.249501811,-1.905890137));
#2090=CARTESIAN_POINT('',(-4.526712344,-5.081913798,-1.811218904));
#2091=CARTESIAN_POINT('',(-4.674502791,-4.952577427,-1.782836517));
#2092=CARTESIAN_POINT('',(-4.44952865,-5.165839986,-1.973619796));
#2093=CARTESIAN_POINT('',(-4.507536658,-5.014642375,-1.881578022));
#2094=CARTESIAN_POINT('',(-4.647054388,-4.89422251,-1.856471864));
#2095=CARTESIAN_POINT('',(-4.385439781,-4.975200212,-2.090957115));
#2096=CARTESIAN_POINT('',(-4.45908847,-4.858238662,-2.00538437));
#2097=CARTESIAN_POINT('',(-4.586208497,-4.760248465,-1.982551169));
#2098=CARTESIAN_POINT('',(-4.348692108,-4.865228365,-2.141876097));
#2099=CARTESIAN_POINT('',(-4.429136937,-4.766546452,-2.060400081));
#2100=CARTESIAN_POINT('',(-4.552052552,-4.682447649,-2.036414998));
#2101=CARTESIAN_POINT('',(-4.31802142,-4.741133796,-2.180959286));
#2102=CARTESIAN_POINT('',(-4.405602254,-4.659766282,-2.101292708));
#2103=CARTESIAN_POINT('',(-4.52910914,-4.590627243,-2.076722796));
#2104=ADVANCED_FACE('NONE',(#2105),#2135,.F.);
#2105=FACE_BOUND('NONE',#2106,.T.);
#2106=EDGE_LOOP('',(#2107,#2108,#2127,#2134));
#2107=ORIENTED_EDGE('',*,*,#1929,.F.);
#2108=ORIENTED_EDGE('',*,*,#2109,.T.);
#2109=EDGE_CURVE('NONE',#1917,#2110,#2112,.F.);
#2110=VERTEX_POINT('NONE',#2111);
#2111=CARTESIAN_POINT('',(-3.333668097,-5.763888299,-2.234509187));
#2112=B_SPLINE_CURVE_WITH_KNOTS('',3,(#2113,#2114,#2115,#2116,#2117,#2118,#2119,#2120,#2121,#2122,#2123,#2124,#2125,#2126),.UNSPECIFIED.,.F.,.U.,(4,2,2,2,2,2,4),(0.0,4.891012007E-04,9.782024013E-04,0.001467304,0.001711854,0.00183413,0.001956405),.UNSPECIFIED.);
#2113=CARTESIAN_POINT('',(-3.333668097,-5.763888299,-2.234509187));
#2114=CARTESIAN_POINT('',(-3.317807632,-5.925655181,-2.21396247));
#2115=CARTESIAN_POINT('',(-3.29331864,-6.084608008,-2.186607633));
#2116=CARTESIAN_POINT('',(-3.237639243,-6.398065933,-2.115791596));
#2117=CARTESIAN_POINT('',(-3.206019789,-6.553328022,-2.072267413));
#2118=CARTESIAN_POINT('',(-3.143724273,-6.853281934,-1.95926146));
#2119=CARTESIAN_POINT('',(-3.111696502,-7.0011357,-1.890654804));
#2120=CARTESIAN_POINT('',(-3.079102714,-7.19325825,-1.742446103));
#2121=CARTESIAN_POINT('',(-3.070617357,-7.253654639,-1.683989791));
#2122=CARTESIAN_POINT('',(-3.071877871,-7.31570954,-1.576948177));
#2123=CARTESIAN_POINT('',(-3.0748333,-7.331009866,-1.538239782));
#2124=CARTESIAN_POINT('',(-3.087741327,-7.344862963,-1.458240749));
#2125=CARTESIAN_POINT('',(-3.097792733,-7.343072446,-1.417187968));
#2126=CARTESIAN_POINT('',(-3.110496851,-7.333470237,-1.37890246));
#2127=ORIENTED_EDGE('',*,*,#2128,.T.);
#2128=EDGE_CURVE('NONE',#2110,#1538,#2129,.F.);
#2129=CIRCLE('',#2130,0.6);
#2130=AXIS2_PLACEMENT_3D('',#2131,#2132,#2133);
#2131=CARTESIAN_POINT('',(-3.004961115,-5.795289873,-2.735473917));
#2132=DIRECTION('',(0.190992965,-0.963858737,0.185736433));
#2133=DIRECTION('',(0.980927262,0.19437517,-1.040834086E-16));
#2134=ORIENTED_EDGE('',*,*,#1537,.F.);
#2135=(BOUNDED_SURFACE()B_SPLINE_SURFACE(3,2,((#2136,#2137,#2138),(#2139,#2140,#2141),(#2142,#2143,#2144),(#2145,#2146,#2147),(#2148,#2149,#2150),(#2151,#2152,#2153),(#2154,#2155,#2156),(#2157,#2158,#2159),(#2160,#2161,#2162),(#2163,#2164,#2165),(#2166,#2167,#2168),(#2169,#2170,#2171),(#2172,#2173,#2174),(#2175,#2176,#2177)),.UNSPECIFIED.,.F.,.F.,.U.)B_SPLINE_SURFACE_WITH_KNOTS((4,2,2,2,2,2,4),(3,3),(-5.149960319E-18,6.239669409E-04,0.001247934,0.001559917,0.001871901,0.002183884,0.002495868),(0.0,1.0),.UNSPECIFIED.)GEOMETRIC_REPRESENTATION_ITEM()RATIONAL_B_SPLINE_SURFACE(((1.0,0.935704086,1.0),(1.0,0.917947096,1.0),(1.0,0.893662733,1.0),(1.0,0.830995726,1.0),(1.0,0.792002303,1.0),(1.0,0.726964415,1.0),(1.0,0.703894255,1.0),(1.0,0.659357975,1.0),(1.0,0.63750141,1.0),(1.0,0.602020049,1.0),(1.0,0.588706162,1.0),(1.0,0.578628142,1.0),(1.0,0.581821492,1.0),(1.0,0.592774897,1.0)))REPRESENTATION_ITEM('')SURFACE());
#2136=CARTESIAN_POINT('',(-3.333668097,-5.763888299,-2.234509187));
#2137=CARTESIAN_POINT('',(-3.14941807,-5.704795474,-2.117317977));
#2138=CARTESIAN_POINT('',(-2.929210435,-5.668228127,-2.153995502));
#2139=CARTESIAN_POINT('',(-3.313744233,-5.96709905,-2.208698486));
#2140=CARTESIAN_POINT('',(-3.110175666,-5.87880903,-2.06985865));
#2141=CARTESIAN_POINT('',(-2.861960575,-5.821002147,-2.129372901));
#2142=CARTESIAN_POINT('',(-3.281650433,-6.157524438,-2.173443501));
#2143=CARTESIAN_POINT('',(-3.059976951,-6.036139536,-2.002738898));
#2144=CARTESIAN_POINT('',(-2.779423291,-5.964023404,-2.093658744));
#2145=CARTESIAN_POINT('',(-3.213577875,-6.52073698,-2.082385828));
#2146=CARTESIAN_POINT('',(-2.974640851,-6.307448748,-1.836593278));
#2147=CARTESIAN_POINT('',(-2.611773044,-6.234046843,-1.996863446));
#2148=CARTESIAN_POINT('',(-3.176692394,-6.693935836,-2.026011384));
#2149=CARTESIAN_POINT('',(-2.939203312,-6.421593986,-1.72985055));
#2150=CARTESIAN_POINT('',(-2.525372142,-6.361200747,-1.935167461));
#2151=CARTESIAN_POINT('',(-3.128974758,-6.924336712,-1.921110913));
#2152=CARTESIAN_POINT('',(-2.925609375,-6.524389335,-1.573651324));
#2153=CARTESIAN_POINT('',(-2.413081311,-6.527819883,-1.816823348));
#2154=CARTESIAN_POINT('',(-3.114105934,-6.99731091,-1.882100985));
#2155=CARTESIAN_POINT('',(-2.928542445,-6.547541517,-1.519170032));
#2156=CARTESIAN_POINT('',(-2.378007338,-6.580131471,-1.772328379));
#2157=CARTESIAN_POINT('',(-3.089901946,-7.12673159,-1.797080988));
#2158=CARTESIAN_POINT('',(-2.95011472,-6.566464938,-1.427913586));
#2159=CARTESIAN_POINT('',(-2.319487766,-6.672030303,-1.674333284));
#2160=CARTESIAN_POINT('',(-3.080355686,-7.184279692,-1.750367706));
#2161=CARTESIAN_POINT('',(-2.970136575,-6.560201398,-1.392432799));
#2162=CARTESIAN_POINT('',(-2.295536387,-6.712407621,-1.620018835));
#2163=CARTESIAN_POINT('',(-3.07029073,-7.275759385,-1.64989258));
#2164=CARTESIAN_POINT('',(-3.013840458,-6.532896521,-1.363251795));
#2165=CARTESIAN_POINT('',(-2.26597922,-6.775498995,-1.502417075));
#2166=CARTESIAN_POINT('',(-3.069884967,-7.30941281,-1.59609005));
#2167=CARTESIAN_POINT('',(-3.035843001,-6.512728834,-1.374002703));
#2168=CARTESIAN_POINT('',(-2.260602062,-6.798019976,-1.43907908));
#2169=CARTESIAN_POINT('',(-3.08123616,-7.344930827,-1.486834628));
#2170=CARTESIAN_POINT('',(-3.05408927,-6.498418078,-1.420280629));
#2171=CARTESIAN_POINT('',(-2.274410641,-6.819657244,-1.310270421));
#2172=CARTESIAN_POINT('',(-3.092752718,-7.346881881,-1.432376712));
#2173=CARTESIAN_POINT('',(-3.049135426,-6.505749574,-1.451170199));
#2174=CARTESIAN_POINT('',(-2.293188677,-6.818880326,-1.24598797));
#2175=CARTESIAN_POINT('',(-3.110496851,-7.333470237,-1.37890246));
#2176=CARTESIAN_POINT('',(-3.0370827,-6.525832295,-1.461710078));
#2177=CARTESIAN_POINT('',(-2.324294697,-6.806626487,-1.183117775));
#2178=ADVANCED_FACE('NONE',(#2179),#2225,.F.);
#2179=FACE_BOUND('NONE',#2180,.T.);
#2180=EDGE_LOOP('',(#2181,#2190,#2203,#2224));
#2181=ORIENTED_EDGE('',*,*,#2182,.T.);
#2182=EDGE_CURVE('NONE',#1538,#2183,#2185,.T.);
#2183=VERTEX_POINT('NONE',#2184);
#2184=CARTESIAN_POINT('',(-3.128539521,-4.72358512,-2.315781058));
#2185=B_SPLINE_CURVE_WITH_KNOTS('',3,(#2186,#2187,#2188,#2189),.UNSPECIFIED.,.F.,.U.,(4,4),(0.0,9.789062603E-04),.PIECEWISE_BEZIER_KNOTS.);
#2186=CARTESIAN_POINT('',(-2.929210435,-5.668228127,-2.153995502));
#2187=CARTESIAN_POINT('',(-2.991383207,-5.353602726,-2.21464646));
#2188=CARTESIAN_POINT('',(-3.058141463,-5.038768815,-2.268521721));
#2189=CARTESIAN_POINT('',(-3.128539521,-4.72358512,-2.315781058));
#2190=ORIENTED_EDGE('',*,*,#2191,.T.);
#2191=EDGE_CURVE('NONE',#2183,#2192,#2194,.T.);
#2192=VERTEX_POINT('NONE',#2193);
#2193=CARTESIAN_POINT('',(-3.289977657,-4.467486098,-2.337940029));
#2194=B_SPLINE_CURVE_WITH_KNOTS('',3,(#2195,#2196,#2197,#2198,#2199,#2200,#2201,#2202),.UNSPECIFIED.,.F.,.U.,(4,2,2,4),(0.0,7.975948314E-05,1.595189663E-04,3.190379326E-04),.UNSPECIFIED.);
#2195=CARTESIAN_POINT('',(-3.128539521,-4.72358512,-2.315781058));
#2196=CARTESIAN_POINT('',(-3.154998784,-4.721031828,-2.312587512));
#2197=CARTESIAN_POINT('',(-3.175957454,-4.701198682,-2.313232836));
#2198=CARTESIAN_POINT('',(-3.209066616,-4.659970935,-2.31595165));
#2199=CARTESIAN_POINT('',(-3.222021297,-4.637187746,-2.318165396));
#2200=CARTESIAN_POINT('',(-3.257061225,-4.566625216,-2.325621195));
#2201=CARTESIAN_POINT('',(-3.274500657,-4.517413827,-2.331657157));
#2202=CARTESIAN_POINT('',(-3.289977657,-4.467486098,-2.337940029));
#2203=ORIENTED_EDGE('',*,*,#2204,.T.);
#2204=EDGE_CURVE('NONE',#2192,#1555,#2205,.T.);
#2205=B_SPLINE_CURVE_WITH_KNOTS('',3,(#2206,#2207,#2208,#2209,#2210,#2211,#2212,#2213,#2214,#2215,#2216,#2217,#2218,#2219,#2220,#2221,#2222,#2223),.UNSPECIFIED.,.F.,.U.,(4,2,2,2,2,2,2,2,4),(0.0,6.181867248E-04,9.272800872E-04,0.001081827,0.001236373,0.00139092,0.001545467,0.00185456,0.002472747),.UNSPECIFIED.);
#2206=CARTESIAN_POINT('',(-3.289977657,-4.467486098,-2.337940029));
#2207=CARTESIAN_POINT('',(-3.350593128,-4.271944793,-2.362546817));
#2208=CARTESIAN_POINT('',(-3.416424473,-4.077389281,-2.383752272));
#2209=CARTESIAN_POINT('',(-3.538496619,-3.794276325,-2.406951359));
#2210=CARTESIAN_POINT('',(-3.582860204,-3.701025631,-2.413329419));
#2211=CARTESIAN_POINT('',(-3.664998776,-3.570272499,-2.418200482));
#2212=CARTESIAN_POINT('',(-3.69508114,-3.527951809,-2.419059143));
#2213=CARTESIAN_POINT('',(-3.766682402,-3.453600035,-2.417206109));
#2214=CARTESIAN_POINT('',(-3.809405317,-3.420180667,-2.414473094));
#2215=CARTESIAN_POINT('',(-3.910571851,-3.401039642,-2.399788096));
#2216=CARTESIAN_POINT('',(-3.961607921,-3.422029882,-2.388212919));
#2217=CARTESIAN_POINT('',(-4.039647019,-3.485035241,-2.366158614));
#2218=CARTESIAN_POINT('',(-4.070936637,-3.525441199,-2.355153402));
#2219=CARTESIAN_POINT('',(-4.15327603,-3.650151367,-2.323266547));
#2220=CARTESIAN_POINT('',(-4.19510271,-3.742265442,-2.302518197));
#2221=CARTESIAN_POINT('',(-4.306980443,-4.020027666,-2.240747432));
#2222=CARTESIAN_POINT('',(-4.362989079,-4.211569977,-2.19967228));
#2223=CARTESIAN_POINT('',(-4.413094966,-4.404783604,-2.157034703));
#2224=ORIENTED_EDGE('',*,*,#1554,.F.);
#2225=(BOUNDED_SURFACE()B_SPLINE_SURFACE(3,3,((#2226,#2227,#2228,#2229),(#2230,#2231,#2232,#2233),(#2234,#2235,#2236,#2237),(#2238,#2239,#2240,#2241)),.UNSPECIFIED.,.F.,.F.,.U.)B_SPLINE_SURFACE_WITH_KNOTS((4,4),(4,4),(0.0,1.0),(0.0,1.0),.PIECEWISE_BEZIER_KNOTS.)GEOMETRIC_REPRESENTATION_ITEM()RATIONAL_B_SPLINE_SURFACE(((1.0,0.976698266,0.976698266,1.0),(0.97640117,0.95364933,0.95364933,0.97640117),(0.97640117,0.95364933,0.95364933,0.97640117),(1.0,0.976698266,0.976698266,1.0)))REPRESENTATION_ITEM('')SURFACE());
#2226=CARTESIAN_POINT('',(-5.898514243,6.593939386,-1.337495684));
#2227=CARTESIAN_POINT('',(-2.022294759,6.593939386,-2.392653013));
#2228=CARTESIAN_POINT('',(1.994971557,6.593939386,-2.395068064));
#2229=CARTESIAN_POINT('',(5.872456892,6.593939386,-1.34457201));
#2230=CARTESIAN_POINT('',(-6.188853536,2.250848411,-2.404084325));
#2231=CARTESIAN_POINT('',(-2.121837051,2.250848411,-3.511179078));
#2232=CARTESIAN_POINT('',(2.093168935,2.250848411,-3.513713004));
#2233=CARTESIAN_POINT('',(6.161513578,2.250848411,-2.411508966));
#2234=CARTESIAN_POINT('',(-6.188837105,-2.25160375,-2.404023965));
#2235=CARTESIAN_POINT('',(-2.121831418,-2.25160375,-3.511115779));
#2236=CARTESIAN_POINT('',(2.093163377,-2.25160375,-3.513649698));
#2237=CARTESIAN_POINT('',(6.16149722,-2.25160375,-2.411448586));
#2238=CARTESIAN_POINT('',(-5.898466114,-6.594659288,-1.337318877));
#2239=CARTESIAN_POINT('',(-2.022278258,-6.594659288,-2.392467598));
#2240=CARTESIAN_POINT('',(1.994955279,-6.594659288,-2.394882629));
#2241=CARTESIAN_POINT('',(5.872408976,-6.594659288,-1.344395147));
#2242=ADVANCED_FACE('NONE',(#2243),#2263,.F.);
#2243=FACE_BOUND('NONE',#2244,.T.);
#2244=EDGE_LOOP('',(#2245,#2246,#2247,#2256));
#2245=ORIENTED_EDGE('',*,*,#2003,.F.);
#2246=ORIENTED_EDGE('',*,*,#1631,.F.);
#2247=ORIENTED_EDGE('',*,*,#2248,.T.);
#2248=EDGE_CURVE('NONE',#1555,#2249,#2251,.F.);
#2249=VERTEX_POINT('NONE',#2250);
#2250=CARTESIAN_POINT('',(-4.275820282,-4.454086252,-2.218805462));
#2251=CIRCLE('',#2252,0.3);
#2252=AXIS2_PLACEMENT_3D('',#2253,#2254,#2255);
#2253=CARTESIAN_POINT('',(-4.470079554,-4.454086252,-2.447417219));
#2254=DIRECTION('',(-0.245911406,-0.946500691,0.208959379));
#2255=DIRECTION('',(0.967867012,-0.251462614,-1.387778781E-17));
#2256=ORIENTED_EDGE('',*,*,#2257,.T.);
#2257=EDGE_CURVE('NONE',#2249,#2004,#2258,.F.);
#2258=B_SPLINE_CURVE_WITH_KNOTS('',3,(#2259,#2260,#2261,#2262),.UNSPECIFIED.,.F.,.U.,(4,4),(0.0,1.939829431E-04),.PIECEWISE_BEZIER_KNOTS.);
#2259=CARTESIAN_POINT('',(-4.320228969,-4.638486868,-2.178140201));
#2260=CARTESIAN_POINT('',(-4.302697806,-4.578500965,-2.195431469));
#2261=CARTESIAN_POINT('',(-4.287755637,-4.516996409,-2.20866358));
#2262=CARTESIAN_POINT('',(-4.275820282,-4.454086252,-2.218805462));
#2263=(BOUNDED_SURFACE()B_SPLINE_SURFACE(3,2,((#2264,#2265,#2266),(#2267,#2268,#2269),(#2270,#2271,#2272),(#2273,#2274,#2275)),.UNSPECIFIED.,.F.,.F.,.U.)B_SPLINE_SURFACE_WITH_KNOTS((4,4),(3,3),(-3.577867169E-18,2.019982274E-04),(0.0,1.0),.PIECEWISE_BEZIER_KNOTS.)GEOMETRIC_REPRESENTATION_ITEM()RATIONAL_B_SPLINE_SURFACE(((1.0,0.963858161,1.0),(1.0,0.96484882,1.0),(1.0,0.965101869,1.0),(1.0,0.964522454,1.0)))REPRESENTATION_ITEM('')SURFACE());
#2264=CARTESIAN_POINT('',(-4.320228969,-4.638486868,-2.178140201));
#2265=CARTESIAN_POINT('',(-4.371692022,-4.597853057,-2.127381365));
#2266=CARTESIAN_POINT('',(-4.44575466,-4.562987414,-2.114147907));
#2267=CARTESIAN_POINT('',(-4.303000007,-4.579535017,-2.195133403));
#2268=CARTESIAN_POINT('',(-4.356978131,-4.543871176,-2.144916459));
#2269=CARTESIAN_POINT('',(-4.431659706,-4.513012057,-2.132063982));
#2270=CARTESIAN_POINT('',(-4.287964976,-4.518099824,-2.208485698));
#2271=CARTESIAN_POINT('',(-4.344460832,-4.487071692,-2.158478706));
#2272=CARTESIAN_POINT('',(-4.420494407,-4.460376237,-2.146143834));
#2273=CARTESIAN_POINT('',(-4.275820282,-4.454086252,-2.218805462));
#2274=CARTESIAN_POINT('',(-4.335046287,-4.427588102,-2.168479089));
#2275=CARTESIAN_POINT('',(-4.413094966,-4.404783604,-2.157034703));
#2276=ADVANCED_FACE('NONE',(#2277),#2322,.T.);
#2277=FACE_BOUND('NONE',#2278,.T.);
#2278=EDGE_LOOP('',(#2279,#2287,#2296,#2304,#2313,#2320,#2321));
#2279=ORIENTED_EDGE('',*,*,#2280,.T.);
#2280=EDGE_CURVE('NONE',#1904,#2281,#2283,.F.);
#2281=VERTEX_POINT('NONE',#2282);
#2282=CARTESIAN_POINT('',(-3.75,-9.498506702,-1.036819795));
#2283=LINE('',#2284,#2285);
#2284=CARTESIAN_POINT('',(-3.75,-9.75,-1.05));
#2285=VECTOR('',#2286,1.0);
#2286=DIRECTION('',(-6.409306129E-18,0.998629535,0.052335956));
#2287=ORIENTED_EDGE('',*,*,#2288,.T.);
#2288=EDGE_CURVE('NONE',#2281,#2289,#2291,.T.);
#2289=VERTEX_POINT('NONE',#2290);
#2290=CARTESIAN_POINT('',(-3.75,-9.498506702,-2.163180205));
#2291=CIRCLE('',#2292,0.563180205);
#2292=AXIS2_PLACEMENT_3D('',#2293,#2294,#2295);
#2293=CARTESIAN_POINT('',(-3.75,-9.498506702,-1.6));
#2294=DIRECTION('',(0.0,1.0,0.0));
#2295=DIRECTION('',(0.0,0.0,-1.0));
#2296=ORIENTED_EDGE('',*,*,#2297,.T.);
#2297=EDGE_CURVE('NONE',#2289,#2298,#2300,.T.);
#2298=VERTEX_POINT('NONE',#2299);
#2299=CARTESIAN_POINT('',(-3.75,-4.75,-2.412038896));
#2300=LINE('',#2301,#2302);
#2301=CARTESIAN_POINT('',(-3.75,-9.75,-2.15));
#2302=VECTOR('',#2303,1.0);
#2303=DIRECTION('',(0.0,0.998629535,-0.052335956));
#2304=ORIENTED_EDGE('',*,*,#2305,.T.);
#2305=EDGE_CURVE('NONE',#2298,#2306,#2308,.F.);
#2306=VERTEX_POINT('NONE',#2307);
#2307=CARTESIAN_POINT('',(-3.44510349,-4.75,-2.352625596));
#2308=CIRCLE('',#2309,0.812038896);
#2309=AXIS2_PLACEMENT_3D('',#2310,#2311,#2312);
#2310=CARTESIAN_POINT('',(-3.75,-4.75,-1.6));
#2311=DIRECTION('',(0.0,1.0,0.0));
#2312=DIRECTION('',(0.0,0.0,1.0));
#2313=ORIENTED_EDGE('',*,*,#2314,.T.);
#2314=EDGE_CURVE('NONE',#2306,#2110,#2315,.T.);
#2315=B_SPLINE_CURVE_WITH_KNOTS('',3,(#2316,#2317,#2318,#2319),.UNSPECIFIED.,.F.,.U.,(4,4),(0.0,0.00102681),.PIECEWISE_BEZIER_KNOTS.);
#2316=CARTESIAN_POINT('',(-3.44510349,-4.75,-2.352625596));
#2317=CARTESIAN_POINT('',(-3.404143549,-5.087970836,-2.31692176));
#2318=CARTESIAN_POINT('',(-3.366806268,-5.425899551,-2.27743861));
#2319=CARTESIAN_POINT('',(-3.333668097,-5.763888299,-2.234509187));
#2320=ORIENTED_EDGE('',*,*,#2109,.F.);
#2321=ORIENTED_EDGE('',*,*,#1916,.F.);
#2322=CONICAL_SURFACE('',#2323,0.55,0.052359878);
#2323=AXIS2_PLACEMENT_3D('',#2324,#2325,#2326);
#2324=CARTESIAN_POINT('',(-3.75,-9.75,-1.6));
#2325=DIRECTION('',(0.0,1.0,0.0));
#2326=DIRECTION('',(0.0,0.0,-1.0));
#2327=ADVANCED_FACE('NONE',(#2328),#2348,.T.);
#2328=FACE_BOUND('NONE',#2329,.T.);
#2329=EDGE_LOOP('',(#2330,#2337,#2338,#2339,#2340,#2347));
#2330=ORIENTED_EDGE('',*,*,#2331,.T.);
#2331=EDGE_CURVE('NONE',#2289,#2281,#2332,.T.);
#2332=CIRCLE('',#2333,0.563180205);
#2333=AXIS2_PLACEMENT_3D('',#2334,#2335,#2336);
#2334=CARTESIAN_POINT('',(-3.75,-9.498506702,-1.6));
#2335=DIRECTION('',(0.0,1.0,0.0));
#2336=DIRECTION('',(0.0,0.0,-1.0));
#2337=ORIENTED_EDGE('',*,*,#2280,.F.);
#2338=ORIENTED_EDGE('',*,*,#1903,.F.);
#2339=ORIENTED_EDGE('',*,*,#2060,.F.);
#2340=ORIENTED_EDGE('',*,*,#2341,.T.);
#2341=EDGE_CURVE('NONE',#2052,#2298,#2342,.F.);
#2342=CIRCLE('',#2343,0.812038896);
#2343=AXIS2_PLACEMENT_3D('',#2344,#2345,#2346);
#2344=CARTESIAN_POINT('',(-3.75,-4.75,-1.6));
#2345=DIRECTION('',(0.0,1.0,0.0));
#2346=DIRECTION('',(0.0,0.0,1.0));
#2347=ORIENTED_EDGE('',*,*,#2297,.F.);
#2348=CONICAL_SURFACE('',#2349,0.55,0.052359878);
#2349=AXIS2_PLACEMENT_3D('',#2350,#2351,#2352);
#2350=CARTESIAN_POINT('',(-3.75,-9.75,-1.6));
#2351=DIRECTION('',(0.0,1.0,0.0));
#2352=DIRECTION('',(0.0,0.0,-1.0));
#2353=ADVANCED_FACE('NONE',(#2354),#2364,.T.);
#2354=FACE_BOUND('NONE',#2355,.T.);
#2355=EDGE_LOOP('',(#2356,#2357,#2358));
#2356=ORIENTED_EDGE('',*,*,#2051,.F.);
#2357=ORIENTED_EDGE('',*,*,#2012,.F.);
#2358=ORIENTED_EDGE('',*,*,#2359,.T.);
#2359=EDGE_CURVE('NONE',#2004,#2052,#2360,.F.);
#2360=LINE('',#2361,#2362);
#2361=CARTESIAN_POINT('',(-4.320228969,-4.75,-2.178140201));
#2362=VECTOR('',#2363,1.0);
#2363=DIRECTION('',(0.0,1.0,0.0));
#2364=B_SPLINE_SURFACE_WITH_KNOTS('',3,1,((#2365,#2366),(#2367,#2368),(#2369,#2370),(#2371,#2372)),.UNSPECIFIED.,.F.,.F.,.U.,(4,4),(2,2),(0.0,1.0),(0.0,1.0),.PIECEWISE_BEZIER_KNOTS.);
#2365=CARTESIAN_POINT('',(-4.320228969,-4.75,-2.178140201));
#2366=CARTESIAN_POINT('',(-4.320228969,-3.054629846,-2.178140201));
#2367=CARTESIAN_POINT('',(-4.398479606,-4.75,-2.100960341));
#2368=CARTESIAN_POINT('',(-4.398479606,-3.054629846,-2.100960341));
#2369=CARTESIAN_POINT('',(-4.487519837,-4.75,-2.038399999));
#2370=CARTESIAN_POINT('',(-4.487519837,-3.054629846,-2.038399999));
#2371=CARTESIAN_POINT('',(-4.582829243,-4.75,-1.984334164));
#2372=CARTESIAN_POINT('',(-4.582829243,-3.054629846,-1.984334164));
#2373=ADVANCED_FACE('NONE',(#2374),#2395,.F.);
#2374=FACE_BOUND('NONE',#2375,.T.);
#2375=EDGE_LOOP('',(#2376,#2385,#2392,#2393,#2394));
#2376=ORIENTED_EDGE('',*,*,#2377,.T.);
#2377=EDGE_CURVE('NONE',#2306,#2378,#2380,.F.);
#2378=VERTEX_POINT('NONE',#2379);
#2379=CARTESIAN_POINT('',(-3.228670847,-4.749996684,-2.306381359));
#2380=B_SPLINE_CURVE_WITH_KNOTS('',3,(#2381,#2382,#2383,#2384),.UNSPECIFIED.,.F.,.U.,(4,4),(0.322921708,1.0),.PIECEWISE_BEZIER_KNOTS.);
#2381=CARTESIAN_POINT('',(-3.228670847,-4.749996684,-2.306381359));
#2382=CARTESIAN_POINT('',(-3.302675449,-4.75,-2.308912544));
#2383=CARTESIAN_POINT('',(-3.375942525,-4.75,-2.324607765));
#2384=CARTESIAN_POINT('',(-3.44510349,-4.75,-2.352625596));
#2385=ORIENTED_EDGE('',*,*,#2386,.T.);
#2386=EDGE_CURVE('NONE',#2378,#2183,#2387,.T.);
#2387=B_SPLINE_CURVE_WITH_KNOTS('',3,(#2388,#2389,#2390,#2391),.UNSPECIFIED.,.F.,.U.,(4,4),(0.0,1.0),.PIECEWISE_BEZIER_KNOTS.);
#2388=CARTESIAN_POINT('',(-3.228670847,-4.749996684,-2.306381359));
#2389=CARTESIAN_POINT('',(-3.193147458,-4.750500211,-2.305093739));
#2390=CARTESIAN_POINT('',(-3.156686408,-4.742528878,-2.308467768));
#2391=CARTESIAN_POINT('',(-3.128539521,-4.72358512,-2.315781058));
#2392=ORIENTED_EDGE('',*,*,#2182,.F.);
#2393=ORIENTED_EDGE('',*,*,#2128,.F.);
#2394=ORIENTED_EDGE('',*,*,#2314,.F.);
#2395=(BOUNDED_SURFACE()B_SPLINE_SURFACE(3,2,((#2396,#2397,#2398),(#2399,#2400,#2401),(#2402,#2403,#2404),(#2405,#2406,#2407)),.UNSPECIFIED.,.F.,.F.,.U.)B_SPLINE_SURFACE_WITH_KNOTS((4,4),(3,3),(0.0,0.001056234),(0.0,1.0),.PIECEWISE_BEZIER_KNOTS.)GEOMETRIC_REPRESENTATION_ITEM()RATIONAL_B_SPLINE_SURFACE(((1.0,0.935704086,1.0),(1.0,0.947201868,1.0),(1.0,0.956787333,1.0),(1.0,0.964818212,1.0)))REPRESENTATION_ITEM('')SURFACE());
#2396=CARTESIAN_POINT('',(-2.929210435,-5.668228127,-2.153995502));
#2397=CARTESIAN_POINT('',(-3.14941807,-5.704795474,-2.117317977));
#2398=CARTESIAN_POINT('',(-3.333668097,-5.763888299,-2.234509187));
#2399=CARTESIAN_POINT('',(-2.994925226,-5.335678338,-2.21810178));
#2400=CARTESIAN_POINT('',(-3.192329834,-5.375296623,-2.183658831));
#2401=CARTESIAN_POINT('',(-3.3670089,-5.423832837,-2.277701112));
#2402=CARTESIAN_POINT('',(-3.065685218,-5.003251112,-2.274571943));
#2403=CARTESIAN_POINT('',(-3.242655623,-5.039847045,-2.243561106));
#2404=CARTESIAN_POINT('',(-3.404591123,-5.083918251,-2.317395157));
#2405=CARTESIAN_POINT('',(-3.140378183,-4.670732268,-2.32364336));
#2406=CARTESIAN_POINT('',(-3.298427332,-4.702275239,-2.29609777));
#2407=CARTESIAN_POINT('',(-3.445841165,-4.743916501,-2.353267859));
#2408=ADVANCED_FACE('NONE',(#2409),#2431,.F.);
#2409=FACE_BOUND('NONE',#2410,.T.);
#2410=EDGE_LOOP('',(#2411,#2412,#2423,#2430));
#2411=ORIENTED_EDGE('',*,*,#2386,.F.);
#2412=ORIENTED_EDGE('',*,*,#2413,.T.);
#2413=EDGE_CURVE('NONE',#2378,#2414,#2416,.F.);
#2414=VERTEX_POINT('NONE',#2415);
#2415=CARTESIAN_POINT('',(-3.44510349,-4.517493549,-2.352625596));
#2416=B_SPLINE_CURVE_WITH_KNOTS('',3,(#2417,#2418,#2419,#2420,#2421,#2422),.UNSPECIFIED.,.F.,.U.,(4,2,4),(-5.999999994E-08,1.620872719E-04,3.242345438E-04),.UNSPECIFIED.);
#2417=CARTESIAN_POINT('',(-3.44510349,-4.517493549,-2.352625596));
#2418=CARTESIAN_POINT('',(-3.418497313,-4.563289189,-2.341847155));
#2419=CARTESIAN_POINT('',(-3.388661877,-4.607586717,-2.331691698));
#2420=CARTESIAN_POINT('',(-3.318205098,-4.688424414,-2.314864822));
#2421=CARTESIAN_POINT('',(-3.27690038,-4.725658556,-2.308027774));
#2422=CARTESIAN_POINT('',(-3.228670847,-4.749996684,-2.306381359));
#2423=ORIENTED_EDGE('',*,*,#2424,.T.);
#2424=EDGE_CURVE('NONE',#2414,#2192,#2425,.T.);
#2425=CIRCLE('',#2426,0.3);
#2426=AXIS2_PLACEMENT_3D('',#2427,#2428,#2429);
#2427=CARTESIAN_POINT('',(-3.332462392,-4.517493549,-2.630675921));
#2428=DIRECTION('',(-0.294383899,0.94821709,-0.119258));
#2429=DIRECTION('',(-0.955032874,-0.296499931,0.0));
#2430=ORIENTED_EDGE('',*,*,#2191,.F.);
#2431=(BOUNDED_SURFACE()B_SPLINE_SURFACE(3,2,((#2432,#2433,#2434),(#2435,#2436,#2437),(#2438,#2439,#2440),(#2441,#2442,#2443),(#2444,#2445,#2446),(#2447,#2448,#2449),(#2450,#2451,#2452),(#2453,#2454,#2455)),.UNSPECIFIED.,.F.,.F.,.U.)B_SPLINE_SURFACE_WITH_KNOTS((4,2,2,4),(3,3),(-4.553649124E-18,1.604785562E-04,2.407178343E-04,3.209571124E-04),(0.0,1.0),.UNSPECIFIED.)GEOMETRIC_REPRESENTATION_ITEM()RATIONAL_B_SPLINE_SURFACE(((1.0,0.962086224,1.0),(1.0,0.968479585,1.0),(1.0,0.974921603,1.0),(1.0,0.984350122,1.0),(1.0,0.98743833,1.0),(1.0,0.993074415,1.0),(1.0,0.995715237,1.0),(1.0,0.996061417,1.0)))REPRESENTATION_ITEM('')SURFACE());
#2432=CARTESIAN_POINT('',(-3.44510349,-4.517493549,-2.352625596));
#2433=CARTESIAN_POINT('',(-3.370359763,-4.490480306,-2.322346129));
#2434=CARTESIAN_POINT('',(-3.289977657,-4.467486098,-2.337940029));
#2435=CARTESIAN_POINT('',(-3.41551683,-4.568422022,-2.34063973));
#2436=CARTESIAN_POINT('',(-3.346892236,-4.541069437,-2.3171166));
#2437=CARTESIAN_POINT('',(-3.274404739,-4.517723412,-2.331618192));
#2438=CARTESIAN_POINT('',(-3.382168027,-4.618450526,-2.329098851));
#2439=CARTESIAN_POINT('',(-3.320652542,-4.591244327,-2.31219236));
#2440=CARTESIAN_POINT('',(-3.256824063,-4.567320667,-2.325534506));
#2441=CARTESIAN_POINT('',(-3.314155548,-4.690209299,-2.314770169));
#2442=CARTESIAN_POINT('',(-3.267962152,-4.663336664,-2.306992658));
#2443=CARTESIAN_POINT('',(-3.22142246,-4.638281399,-2.318056644));
#2444=CARTESIAN_POINT('',(-3.288871011,-4.713401919,-2.310493849));
#2445=CARTESIAN_POINT('',(-3.248584636,-4.686581274,-2.305612186));
#2446=CARTESIAN_POINT('',(-3.208305072,-4.661216061,-2.315837613));
#2447=CARTESIAN_POINT('',(-3.223603554,-4.755093081,-2.305363137));
#2448=CARTESIAN_POINT('',(-3.198948525,-4.728340553,-2.305129988));
#2449=CARTESIAN_POINT('',(-3.174704682,-4.702443476,-2.313184642));
#2450=CARTESIAN_POINT('',(-3.182754634,-4.774909896,-2.304146419));
#2451=CARTESIAN_POINT('',(-3.168049944,-4.748252455,-2.305866185));
#2452=CARTESIAN_POINT('',(-3.153820515,-4.722038093,-2.312570547));
#2453=CARTESIAN_POINT('',(-3.129330287,-4.776621959,-2.310920346));
#2454=CARTESIAN_POINT('',(-3.12769582,-4.749967859,-2.311127588));
#2455=CARTESIAN_POINT('',(-3.12668039,-4.72373285,-2.316011098));
#2456=ADVANCED_FACE('NONE',(#2457),#2487,.F.);
#2457=FACE_BOUND('NONE',#2458,.T.);
#2458=EDGE_LOOP('',(#2459,#2460,#2461,#2462));
#2459=ORIENTED_EDGE('',*,*,#2248,.F.);
#2460=ORIENTED_EDGE('',*,*,#2204,.F.);
#2461=ORIENTED_EDGE('',*,*,#2424,.F.);
#2462=ORIENTED_EDGE('',*,*,#2463,.T.);
#2463=EDGE_CURVE('NONE',#2414,#2249,#2464,.F.);
#2464=B_SPLINE_CURVE_WITH_KNOTS('',3,(#2465,#2466,#2467,#2468,#2469,#2470,#2471,#2472,#2473,#2474,#2475,#2476,#2477,#2478,#2479,#2480,#2481,#2482,#2483,#2484,#2485,#2486),.UNSPECIFIED.,.F.,.U.,(4,2,2,2,2,2,2,2,2,2,4),(0.0,5.777813056E-04,8.666719585E-04,0.001011117,0.00108334,0.001155563,0.001227785,0.001300008,0.001444453,0.001733344,0.002311125),.UNSPECIFIED.);
#2465=CARTESIAN_POINT('',(-4.275820282,-4.454086252,-2.218805462));
#2466=CARTESIAN_POINT('',(-4.240306598,-4.266896904,-2.248982661));
#2467=CARTESIAN_POINT('',(-4.200640518,-4.080594045,-2.278223216));
#2468=CARTESIAN_POINT('',(-4.121574856,-3.806122758,-2.322671021));
#2469=CARTESIAN_POINT('',(-4.092231709,-3.714699526,-2.337614859));
#2470=CARTESIAN_POINT('',(-4.033334191,-3.584914754,-2.361299329));
#2471=CARTESIAN_POINT('',(-4.011309599,-3.542037672,-2.369475597));
#2472=CARTESIAN_POINT('',(-3.966571593,-3.486222602,-2.382780922));
#2473=CARTESIAN_POINT('',(-3.949396929,-3.468755714,-2.387470544));
#2474=CARTESIAN_POINT('',(-3.907467189,-3.445999109,-2.396914724));
#2475=CARTESIAN_POINT('',(-3.881159843,-3.443085837,-2.401702208));
#2476=CARTESIAN_POINT('',(-3.835867889,-3.459494128,-2.407809408));
#2477=CARTESIAN_POINT('',(-3.816676432,-3.475752738,-2.409464552));
#2478=CARTESIAN_POINT('',(-3.783788819,-3.511248519,-2.411502879));
#2479=CARTESIAN_POINT('',(-3.769531061,-3.531239406,-2.411907218));
#2480=CARTESIAN_POINT('',(-3.730691544,-3.592846905,-2.412222165));
#2481=CARTESIAN_POINT('',(-3.709461554,-3.636847143,-2.411258083));
#2482=CARTESIAN_POINT('',(-3.651457487,-3.770327619,-2.406969663));
#2483=CARTESIAN_POINT('',(-3.620279953,-3.862477982,-2.402142832));
#2484=CARTESIAN_POINT('',(-3.534331592,-4.140462219,-2.38505241));
#2485=CARTESIAN_POINT('',(-3.487901612,-4.328711116,-2.369963563));
#2486=CARTESIAN_POINT('',(-3.44510349,-4.517493549,-2.352625596));
#2487=(BOUNDED_SURFACE()B_SPLINE_SURFACE(3,2,((#2488,#2489,#2490),(#2491,#2492,#2493),(#2494,#2495,#2496),(#2497,#2498,#2499),(#2500,#2501,#2502),(#2503,#2504,#2505),(#2506,#2507,#2508),(#2509,#2510,#2511),(#2512,#2513,#2514),(#2515,#2516,#2517),(#2518,#2519,#2520),(#2521,#2522,#2523),(#2524,#2525,#2526),(#2527,#2528,#2529),(#2530,#2531,#2532),(#2533,#2534,#2535),(#2536,#2537,#2538),(#2539,#2540,#2541)),.UNSPECIFIED.,.F.,.F.,.U.)B_SPLINE_SURFACE_WITH_KNOTS((4,2,2,2,2,2,2,2,4),(3,3),(-3.720981856E-16,6.259413718E-04,9.389120577E-04,0.001095397,0.001251883,0.001408368,0.001564853,0.001877824,0.002503765),(0.0,1.0),.UNSPECIFIED.)GEOMETRIC_REPRESENTATION_ITEM()RATIONAL_B_SPLINE_SURFACE(((1.0,0.962086224,1.0),(1.0,0.969743539,1.0),(1.0,0.976779824,1.0),(1.0,0.98622675,1.0),(1.0,0.989203312,1.0),(1.0,0.993217452,1.0),(1.0,0.994487699,1.0),(1.0,0.99667971,1.0),(1.0,0.997638816,1.0),(1.0,0.998168419,1.0),(1.0,0.99755765,1.0),(1.0,0.995709356,1.0),(1.0,0.994511685,1.0),(1.0,0.990731219,1.0),(1.0,0.987834268,1.0),(1.0,0.978719211,1.0),(1.0,0.97193495,1.0),(1.0,0.964522454,1.0)))REPRESENTATION_ITEM('')SURFACE());
#2488=CARTESIAN_POINT('',(-3.289977657,-4.467486098,-2.337940029));
#2489=CARTESIAN_POINT('',(-3.370359763,-4.490480306,-2.322346129));
#2490=CARTESIAN_POINT('',(-3.44510349,-4.517493549,-2.352625596));
#2491=CARTESIAN_POINT('',(-3.350581161,-4.271983372,-2.362541963));
#2492=CARTESIAN_POINT('',(-3.421353837,-4.295990086,-2.348143854));
#2493=CARTESIAN_POINT('',(-3.489906151,-4.319869077,-2.370775623));
#2494=CARTESIAN_POINT('',(-3.41657372,-4.076935553,-2.383802209));
#2495=CARTESIAN_POINT('',(-3.477857395,-4.099887559,-2.370991071));
#2496=CARTESIAN_POINT('',(-3.5387294,-4.122554535,-2.386470574));
#2497=CARTESIAN_POINT('',(-3.538835395,-3.793544695,-2.4070049));
#2498=CARTESIAN_POINT('',(-3.583828481,-3.814473963,-2.396966164));
#2499=CARTESIAN_POINT('',(-3.629152492,-3.8359829,-2.403582021));
#2500=CARTESIAN_POINT('',(-3.583269762,-3.700209357,-2.413380423));
#2501=CARTESIAN_POINT('',(-3.622320135,-3.720690674,-2.404325193));
#2502=CARTESIAN_POINT('',(-3.66201583,-3.741600353,-2.408281671));
#2503=CARTESIAN_POINT('',(-3.665593737,-3.569408765,-2.418222211));
#2504=CARTESIAN_POINT('',(-3.693950145,-3.589156899,-2.410963205));
#2505=CARTESIAN_POINT('',(-3.722903131,-3.609332627,-2.411841274));
#2506=CARTESIAN_POINT('',(-3.695745539,-3.527090192,-2.41906712));
#2507=CARTESIAN_POINT('',(-3.720173661,-3.54663718,-2.412464898));
#2508=CARTESIAN_POINT('',(-3.745203727,-3.566539463,-2.412459321));
#2509=CARTESIAN_POINT('',(-3.767568403,-3.452855437,-2.417157459));
#2510=CARTESIAN_POINT('',(-3.782679439,-3.472076527,-2.412118589));
#2511=CARTESIAN_POINT('',(-3.798325356,-3.491472281,-2.411035026));
#2512=CARTESIAN_POINT('',(-3.810421615,-3.419602705,-2.414378302));
#2513=CARTESIAN_POINT('',(-3.820019069,-3.438636581,-2.410274982));
#2514=CARTESIAN_POINT('',(-3.830020717,-3.457846732,-2.40897418));
#2515=CARTESIAN_POINT('',(-3.911788227,-3.401203756,-2.399557628));
#2516=CARTESIAN_POINT('',(-3.908178554,-3.420155252,-2.397705657));
#2517=CARTESIAN_POINT('',(-3.904995705,-3.439241504,-2.398009317));
#2518=CARTESIAN_POINT('',(-3.962556412,-3.422561183,-2.387978146));
#2519=CARTESIAN_POINT('',(-3.952293661,-3.441635783,-2.387267967));
#2520=CARTESIAN_POINT('',(-3.942546782,-3.460838368,-2.389447896));
#2521=CARTESIAN_POINT('',(-4.040388635,-3.485873611,-2.365915022));
#2522=CARTESIAN_POINT('',(-4.019670455,-3.505228681,-2.367017274));
#2523=CARTESIAN_POINT('',(-4.000116888,-3.52486069,-2.373138918));
#2524=CARTESIAN_POINT('',(-4.07161614,-3.526344626,-2.354909817));
#2525=CARTESIAN_POINT('',(-4.046606815,-3.545900506,-2.356758657));
#2526=CARTESIAN_POINT('',(-4.023215391,-3.56578553,-2.365005443));
#2527=CARTESIAN_POINT('',(-4.153843422,-3.651266684,-2.323007002));
#2528=CARTESIAN_POINT('',(-4.117439165,-3.671519351,-2.326834926));
#2529=CARTESIAN_POINT('',(-4.084038274,-3.692108641,-2.341428914));
#2530=CARTESIAN_POINT('',(-4.195662812,-3.743524475,-2.302233635));
#2531=CARTESIAN_POINT('',(-4.153109865,-3.764233741,-2.307142648));
#2532=CARTESIAN_POINT('',(-4.114972802,-3.785401425,-2.326079454));
#2533=CARTESIAN_POINT('',(-4.307333585,-4.021170146,-2.240502588));
#2534=CARTESIAN_POINT('',(-4.248140694,-4.043847307,-2.248270704));
#2535=CARTESIAN_POINT('',(-4.197579122,-4.066162987,-2.28046859));
#2536=CARTESIAN_POINT('',(-4.363166193,-4.212252911,-2.199521571));
#2537=CARTESIAN_POINT('',(-4.294549289,-4.235994423,-2.208930511));
#2538=CARTESIAN_POINT('',(-4.238901483,-4.259490646,-2.250176636));
#2539=CARTESIAN_POINT('',(-4.413094966,-4.404783604,-2.157034703));
#2540=CARTESIAN_POINT('',(-4.335046287,-4.427588102,-2.168479089));
#2541=CARTESIAN_POINT('',(-4.275820282,-4.454086252,-2.218805462));
#2542=ADVANCED_FACE('NONE',(#2543),#2556,.T.);
#2543=FACE_BOUND('NONE',#2544,.T.);
#2544=EDGE_LOOP('',(#2545,#2546,#2547,#2548,#2554,#2555));
#2545=ORIENTED_EDGE('',*,*,#2359,.F.);
#2546=ORIENTED_EDGE('',*,*,#2257,.F.);
#2547=ORIENTED_EDGE('',*,*,#2463,.F.);
#2548=ORIENTED_EDGE('',*,*,#2549,.T.);
#2549=EDGE_CURVE('NONE',#2414,#2306,#2550,.F.);
#2550=LINE('',#2551,#2552);
#2551=CARTESIAN_POINT('',(-3.44510349,-4.75,-2.352625596));
#2552=VECTOR('',#2553,1.0);
#2553=DIRECTION('',(0.0,1.0,0.0));
#2554=ORIENTED_EDGE('',*,*,#2305,.F.);
#2555=ORIENTED_EDGE('',*,*,#2341,.F.);
#2556=CYLINDRICAL_SURFACE('',#2557,0.812038896);
#2557=AXIS2_PLACEMENT_3D('',#2558,#2559,#2560);
#2558=CARTESIAN_POINT('',(-3.75,-4.75,-1.6));
#2559=DIRECTION('',(0.0,1.0,0.0));
#2560=DIRECTION('',(0.0,0.0,1.0));
#2561=ADVANCED_FACE('NONE',(#2562),#2590,.T.);
#2562=FACE_BOUND('NONE',#2563,.T.);
#2563=EDGE_LOOP('',(#2564,#2565,#2574,#2583));
#2564=ORIENTED_EDGE('',*,*,#2288,.F.);
#2565=ORIENTED_EDGE('',*,*,#2566,.T.);
#2566=EDGE_CURVE('NONE',#2281,#2567,#2569,.T.);
#2567=VERTEX_POINT('NONE',#2568);
#2568=CARTESIAN_POINT('',(-3.75,-9.75,-1.2));
#2569=CIRCLE('',#2570,0.3);
#2570=AXIS2_PLACEMENT_3D('',#2571,#2572,#2573);
#2571=CARTESIAN_POINT('',(-3.75,-9.482805916,-1.336408655));
#2572=DIRECTION('',(1.0,0.0,-1.224646799E-16));
#2573=DIRECTION('',(-1.224646799E-16,0.0,-1.0));
#2574=ORIENTED_EDGE('',*,*,#2575,.T.);
#2575=EDGE_CURVE('NONE',#2567,#2576,#2578,.F.);
#2576=VERTEX_POINT('NONE',#2577);
#2577=CARTESIAN_POINT('',(-3.75,-9.75,-2.0));
#2578=CIRCLE('',#2579,0.4);
#2579=AXIS2_PLACEMENT_3D('',#2580,#2581,#2582);
#2580=CARTESIAN_POINT('',(-3.75,-9.75,-1.6));
#2581=DIRECTION('',(0.0,-1.0,0.0));
#2582=DIRECTION('',(0.0,0.0,-1.0));
#2583=ORIENTED_EDGE('',*,*,#2584,.T.);
#2584=EDGE_CURVE('NONE',#2576,#2289,#2585,.F.);
#2585=CIRCLE('',#2586,0.3);
#2586=AXIS2_PLACEMENT_3D('',#2587,#2588,#2589);
#2587=CARTESIAN_POINT('',(-3.75,-9.482805916,-1.863591345));
#2588=DIRECTION('',(-1.0,0.0,0.0));
#2589=DIRECTION('',(0.0,0.0,1.0));
#2590=TOROIDAL_SURFACE('',#2591,0.263591345,0.3);
#2591=AXIS2_PLACEMENT_3D('',#2592,#2593,#2594);
#2592=CARTESIAN_POINT('',(-3.75,-9.482805916,-1.6));
#2593=DIRECTION('',(0.0,-1.0,0.0));
#2594=DIRECTION('',(0.0,0.0,-1.0));
#2595=ADVANCED_FACE('NONE',(#2596),#2608,.T.);
#2596=FACE_BOUND('NONE',#2597,.T.);
#2597=EDGE_LOOP('',(#2598,#2599,#2600,#2601));
#2598=ORIENTED_EDGE('',*,*,#2566,.F.);
#2599=ORIENTED_EDGE('',*,*,#2331,.F.);
#2600=ORIENTED_EDGE('',*,*,#2584,.F.);
#2601=ORIENTED_EDGE('',*,*,#2602,.T.);
#2602=EDGE_CURVE('NONE',#2576,#2567,#2603,.F.);
#2603=CIRCLE('',#2604,0.4);
#2604=AXIS2_PLACEMENT_3D('',#2605,#2606,#2607);
#2605=CARTESIAN_POINT('',(-3.75,-9.75,-1.6));
#2606=DIRECTION('',(0.0,-1.0,0.0));
#2607=DIRECTION('',(0.0,0.0,-1.0));
#2608=TOROIDAL_SURFACE('',#2609,0.263591345,0.3);
#2609=AXIS2_PLACEMENT_3D('',#2610,#2611,#2612);
#2610=CARTESIAN_POINT('',(-3.75,-9.482805916,-1.6));
#2611=DIRECTION('',(0.0,-1.0,0.0));
#2612=DIRECTION('',(0.0,0.0,-1.0));
#2613=ADVANCED_FACE('NONE',(#2614),#2619,.T.);
#2614=FACE_BOUND('NONE',#2615,.T.);
#2615=EDGE_LOOP('',(#2616,#2617,#2618));
#2616=ORIENTED_EDGE('',*,*,#2549,.F.);
#2617=ORIENTED_EDGE('',*,*,#2413,.F.);
#2618=ORIENTED_EDGE('',*,*,#2377,.F.);
#2619=B_SPLINE_SURFACE_WITH_KNOTS('',3,1,((#2620,#2621),(#2622,#2623),(#2624,#2625),(#2626,#2627)),.UNSPECIFIED.,.F.,.F.,.U.,(4,4),(2,2),(0.0,1.0),(0.0,1.0),.PIECEWISE_BEZIER_KNOTS.);
#2620=CARTESIAN_POINT('',(-3.122648068,-4.75,-2.311804716));
#2621=CARTESIAN_POINT('',(-3.122648068,-3.054629846,-2.311804716));
#2622=CARTESIAN_POINT('',(-3.231854317,-4.75,-2.29674435));
#2623=CARTESIAN_POINT('',(-3.231854317,-3.054629846,-2.29674435));
#2624=CARTESIAN_POINT('',(-3.342957304,-4.75,-2.311245106));
#2625=CARTESIAN_POINT('',(-3.342957304,-3.054629846,-2.311245106));
#2626=CARTESIAN_POINT('',(-3.44510349,-4.75,-2.352625596));
#2627=CARTESIAN_POINT('',(-3.44510349,-3.054629846,-2.352625596));
#2628=ADVANCED_FACE('NONE',(#2629),#2655,.T.);
#2629=FACE_BOUND('NONE',#2630,.T.);
#2630=EDGE_LOOP('',(#2631,#2642,#2648,#2649));
#2631=ORIENTED_EDGE('',*,*,#2632,.T.);
#2632=EDGE_CURVE('NONE',#2633,#2635,#2637,.F.);
#2633=VERTEX_POINT('NONE',#2634);
#2634=CARTESIAN_POINT('',(-3.75,-34.75,-1.2));
#2635=VERTEX_POINT('NONE',#2636);
#2636=CARTESIAN_POINT('',(-3.75,-34.75,-2.0));
#2637=CIRCLE('',#2638,0.4);
#2638=AXIS2_PLACEMENT_3D('',#2639,#2640,#2641);
#2639=CARTESIAN_POINT('',(-3.75,-34.75,-1.6));
#2640=DIRECTION('',(0.0,-1.0,0.0));
#2641=DIRECTION('',(0.0,0.0,-1.0));
#2642=ORIENTED_EDGE('',*,*,#2643,.T.);
#2643=EDGE_CURVE('NONE',#2635,#2576,#2644,.T.);
#2644=LINE('',#2645,#2646);
#2645=CARTESIAN_POINT('',(-3.75,-34.75,-2.0));
#2646=VECTOR('',#2647,1.0);
#2647=DIRECTION('',(0.0,1.0,0.0));
#2648=ORIENTED_EDGE('',*,*,#2575,.F.);
#2649=ORIENTED_EDGE('',*,*,#2650,.T.);
#2650=EDGE_CURVE('NONE',#2567,#2633,#2651,.F.);
#2651=LINE('',#2652,#2653);
#2652=CARTESIAN_POINT('',(-3.75,-34.75,-1.2));
#2653=VECTOR('',#2654,1.0);
#2654=DIRECTION('',(0.0,1.0,0.0));
#2655=CYLINDRICAL_SURFACE('',#2656,0.4);
#2656=AXIS2_PLACEMENT_3D('',#2657,#2658,#2659);
#2657=CARTESIAN_POINT('',(-3.75,-34.75,-1.6));
#2658=DIRECTION('',(0.0,1.0,0.0));
#2659=DIRECTION('',(0.0,0.0,1.0));
#2660=ADVANCED_FACE('NONE',(#2661),#2673,.T.);
#2661=FACE_BOUND('NONE',#2662,.T.);
#2662=EDGE_LOOP('',(#2663,#2664,#2671,#2672));
#2663=ORIENTED_EDGE('',*,*,#2643,.F.);
#2664=ORIENTED_EDGE('',*,*,#2665,.T.);
#2665=EDGE_CURVE('NONE',#2635,#2633,#2666,.F.);
#2666=CIRCLE('',#2667,0.4);
#2667=AXIS2_PLACEMENT_3D('',#2668,#2669,#2670);
#2668=CARTESIAN_POINT('',(-3.75,-34.75,-1.6));
#2669=DIRECTION('',(0.0,-1.0,0.0));
#2670=DIRECTION('',(0.0,0.0,-1.0));
#2671=ORIENTED_EDGE('',*,*,#2650,.F.);
#2672=ORIENTED_EDGE('',*,*,#2602,.F.);
#2673=CYLINDRICAL_SURFACE('',#2674,0.4);
#2674=AXIS2_PLACEMENT_3D('',#2675,#2676,#2677);
#2675=CARTESIAN_POINT('',(-3.75,-34.75,-1.6));
#2676=DIRECTION('',(0.0,1.0,0.0));
#2677=DIRECTION('',(0.0,0.0,1.0));
#2678=ADVANCED_FACE('NONE',(#2679),#2683,.T.);
#2679=FACE_BOUND('NONE',#2680,.T.);
#2680=EDGE_LOOP('',(#2681,#2682));
#2681=ORIENTED_EDGE('',*,*,#2665,.F.);
#2682=ORIENTED_EDGE('',*,*,#2632,.F.);
#2683=PLANE('',#2684);
#2684=AXIS2_PLACEMENT_3D('',#2685,#2686,#2687);
#2685=CARTESIAN_POINT('',(-3.75,-34.75,-1.6));
#2686=DIRECTION('',(0.0,-1.0,0.0));
#2687=DIRECTION('',(0.0,0.0,-1.0));
#2688=AXIS2_PLACEMENT_3D('',#2689,#2690,#2691);
#2689=CARTESIAN_POINT('',(0.0,0.0,0.0));
#2690=DIRECTION('',(0.0,0.0,1.0));
#2691=DIRECTION('',(1.0,0.0,0.0));
#2692=(GEOMETRIC_REPRESENTATION_CONTEXT(3)GLOBAL_UNCERTAINTY_ASSIGNED_CONTEXT((#2696))GLOBAL_UNIT_ASSIGNED_CONTEXT((#2693,#2694,#2695))REPRESENTATION_CONTEXT('',''));
#2693=(LENGTH_UNIT()NAMED_UNIT(*)SI_UNIT(.MILLI.,.METRE.));
#2694=(NAMED_UNIT(*)PLANE_ANGLE_UNIT()SI_UNIT($,.RADIAN.));
#2695=(NAMED_UNIT(*)SI_UNIT($,.STERADIAN.)SOLID_ANGLE_UNIT());
#2696=UNCERTAINTY_MEASURE_WITH_UNIT(LENGTH_MEASURE(7.245644668E-04),#2693,'','maximum tolerance');
#2697=ADVANCED_BREP_SHAPE_REPRESENTATION('',(#9,#2688),#2692);
#2698=SHAPE_DEFINITION_REPRESENTATION(#8,#2697);
#2699=PRODUCT_RELATED_PRODUCT_CATEGORY('part',$,(#4));
#2700=STYLED_ITEM('',(#2701),#9);
#2701=PRESENTATION_STYLE_ASSIGNMENT((#2702));
#2702=SURFACE_STYLE_USAGE(.BOTH.,#2703);
#2703=SURFACE_SIDE_STYLE('',(#2704));
#2704=SURFACE_STYLE_FILL_AREA(#2705);
#2705=FILL_AREA_STYLE('',(#2707));
#2706=DRAUGHTING_PRE_DEFINED_COLOUR('white');
#2707=FILL_AREA_STYLE_COLOUR('',#2706);
#2708=OVER_RIDING_STYLED_ITEM('',(#2709),#11,#2700);
#2709=PRESENTATION_STYLE_ASSIGNMENT((#2710));
#2710=SURFACE_STYLE_USAGE(.BOTH.,#2711);
#2711=SURFACE_SIDE_STYLE('',(#2712));
#2712=SURFACE_STYLE_FILL_AREA(#2713);
#2713=FILL_AREA_STYLE('',(#2715));
#2714=COLOUR_RGB('',0.027450981,0.31764707,1.0);
#2715=FILL_AREA_STYLE_COLOUR('',#2714);
#2716=OVER_RIDING_STYLED_ITEM('',(#2717),#57,#2700);
#2717=PRESENTATION_STYLE_ASSIGNMENT((#2718));
#2718=SURFACE_STYLE_USAGE(.BOTH.,#2719);
#2719=SURFACE_SIDE_STYLE('',(#2720));
#2720=SURFACE_STYLE_FILL_AREA(#2721);
#2721=FILL_AREA_STYLE('',(#2723));
#2722=COLOUR_RGB('',0.027450981,0.31764707,1.0);
#2723=FILL_AREA_STYLE_COLOUR('',#2722);
#2724=OVER_RIDING_STYLED_ITEM('',(#2725),#130,#2700);
#2725=PRESENTATION_STYLE_ASSIGNMENT((#2726));
#2726=SURFACE_STYLE_USAGE(.BOTH.,#2727);
#2727=SURFACE_SIDE_STYLE('',(#2728));
#2728=SURFACE_STYLE_FILL_AREA(#2729);
#2729=FILL_AREA_STYLE('',(#2731));
#2730=COLOUR_RGB('',0.027450981,0.31764707,1.0);
#2731=FILL_AREA_STYLE_COLOUR('',#2730);
#2732=OVER_RIDING_STYLED_ITEM('',(#2733),#184,#2700);
#2733=PRESENTATION_STYLE_ASSIGNMENT((#2734));
#2734=SURFACE_STYLE_USAGE(.BOTH.,#2735);
#2735=SURFACE_SIDE_STYLE('',(#2736));
#2736=SURFACE_STYLE_FILL_AREA(#2737);
#2737=FILL_AREA_STYLE('',(#2739));
#2738=COLOUR_RGB('',0.027450981,0.31764707,1.0);
#2739=FILL_AREA_STYLE_COLOUR('',#2738);
#2740=OVER_RIDING_STYLED_ITEM('',(#2741),#283,#2700);
#2741=PRESENTATION_STYLE_ASSIGNMENT((#2742));
#2742=SURFACE_STYLE_USAGE(.BOTH.,#2743);
#2743=SURFACE_SIDE_STYLE('',(#2744));
#2744=SURFACE_STYLE_FILL_AREA(#2745);
#2745=FILL_AREA_STYLE('',(#2747));
#2746=COLOUR_RGB('',0.027450981,0.31764707,1.0);
#2747=FILL_AREA_STYLE_COLOUR('',#2746);
#2748=OVER_RIDING_STYLED_ITEM('',(#2749),#314,#2700);
#2749=PRESENTATION_STYLE_ASSIGNMENT((#2750));
#2750=SURFACE_STYLE_USAGE(.BOTH.,#2751);
#2751=SURFACE_SIDE_STYLE('',(#2752));
#2752=SURFACE_STYLE_FILL_AREA(#2753);
#2753=FILL_AREA_STYLE('',(#2755));
#2754=COLOUR_RGB('',0.027450981,0.31764707,1.0);
#2755=FILL_AREA_STYLE_COLOUR('',#2754);
#2756=OVER_RIDING_STYLED_ITEM('',(#2757),#356,#2700);
#2757=PRESENTATION_STYLE_ASSIGNMENT((#2758));
#2758=SURFACE_STYLE_USAGE(.BOTH.,#2759);
#2759=SURFACE_SIDE_STYLE('',(#2760));
#2760=SURFACE_STYLE_FILL_AREA(#2761);
#2761=FILL_AREA_STYLE('',(#2763));
#2762=COLOUR_RGB('',0.027450981,0.31764707,1.0);
#2763=FILL_AREA_STYLE_COLOUR('',#2762);
#2764=OVER_RIDING_STYLED_ITEM('',(#2765),#390,#2700);
#2765=PRESENTATION_STYLE_ASSIGNMENT((#2766));
#2766=SURFACE_STYLE_USAGE(.BOTH.,#2767);
#2767=SURFACE_SIDE_STYLE('',(#2768));
#2768=SURFACE_STYLE_FILL_AREA(#2769);
#2769=FILL_AREA_STYLE('',(#2771));
#2770=COLOUR_RGB('',0.027450981,0.31764707,1.0);
#2771=FILL_AREA_STYLE_COLOUR('',#2770);
#2772=OVER_RIDING_STYLED_ITEM('',(#2773),#433,#2700);
#2773=PRESENTATION_STYLE_ASSIGNMENT((#2774));
#2774=SURFACE_STYLE_USAGE(.BOTH.,#2775);
#2775=SURFACE_SIDE_STYLE('',(#2776));
#2776=SURFACE_STYLE_FILL_AREA(#2777);
#2777=FILL_AREA_STYLE('',(#2779));
#2778=COLOUR_RGB('',0.027450981,0.31764707,1.0);
#2779=FILL_AREA_STYLE_COLOUR('',#2778);
#2780=OVER_RIDING_STYLED_ITEM('',(#2781),#505,#2700);
#2781=PRESENTATION_STYLE_ASSIGNMENT((#2782));
#2782=SURFACE_STYLE_USAGE(.BOTH.,#2783);
#2783=SURFACE_SIDE_STYLE('',(#2784));
#2784=SURFACE_STYLE_FILL_AREA(#2785);
#2785=FILL_AREA_STYLE('',(#2787));
#2786=COLOUR_RGB('',0.027450981,0.31764707,1.0);
#2787=FILL_AREA_STYLE_COLOUR('',#2786);
#2788=OVER_RIDING_STYLED_ITEM('',(#2789),#590,#2700);
#2789=PRESENTATION_STYLE_ASSIGNMENT((#2790));
#2790=SURFACE_STYLE_USAGE(.BOTH.,#2791);
#2791=SURFACE_SIDE_STYLE('',(#2792));
#2792=SURFACE_STYLE_FILL_AREA(#2793);
#2793=FILL_AREA_STYLE('',(#2795));
#2794=COLOUR_RGB('',0.027450981,0.31764707,1.0);
#2795=FILL_AREA_STYLE_COLOUR('',#2794);
#2796=OVER_RIDING_STYLED_ITEM('',(#2797),#619,#2700);
#2797=PRESENTATION_STYLE_ASSIGNMENT((#2798));
#2798=SURFACE_STYLE_USAGE(.BOTH.,#2799);
#2799=SURFACE_SIDE_STYLE('',(#2800));
#2800=SURFACE_STYLE_FILL_AREA(#2801);
#2801=FILL_AREA_STYLE('',(#2803));
#2802=COLOUR_RGB('',0.027450981,0.31764707,1.0);
#2803=FILL_AREA_STYLE_COLOUR('',#2802);
#2804=OVER_RIDING_STYLED_ITEM('',(#2805),#653,#2700);
#2805=PRESENTATION_STYLE_ASSIGNMENT((#2806));
#2806=SURFACE_STYLE_USAGE(.BOTH.,#2807);
#2807=SURFACE_SIDE_STYLE('',(#2808));
#2808=SURFACE_STYLE_FILL_AREA(#2809);
#2809=FILL_AREA_STYLE('',(#2811));
#2810=COLOUR_RGB('',0.027450981,0.31764707,1.0);
#2811=FILL_AREA_STYLE_COLOUR('',#2810);
#2812=OVER_RIDING_STYLED_ITEM('',(#2813),#761,#2700);
#2813=PRESENTATION_STYLE_ASSIGNMENT((#2814));
#2814=SURFACE_STYLE_USAGE(.BOTH.,#2815);
#2815=SURFACE_SIDE_STYLE('',(#2816));
#2816=SURFACE_STYLE_FILL_AREA(#2817);
#2817=FILL_AREA_STYLE('',(#2819));
#2818=COLOUR_RGB('',0.027450981,0.31764707,1.0);
#2819=FILL_AREA_STYLE_COLOUR('',#2818);
#2820=OVER_RIDING_STYLED_ITEM('',(#2821),#793,#2700);
#2821=PRESENTATION_STYLE_ASSIGNMENT((#2822));
#2822=SURFACE_STYLE_USAGE(.BOTH.,#2823);
#2823=SURFACE_SIDE_STYLE('',(#2824));
#2824=SURFACE_STYLE_FILL_AREA(#2825);
#2825=FILL_AREA_STYLE('',(#2827));
#2826=COLOUR_RGB('',0.027450981,0.31764707,1.0);
#2827=FILL_AREA_STYLE_COLOUR('',#2826);
#2828=OVER_RIDING_STYLED_ITEM('',(#2829),#811,#2700);
#2829=PRESENTATION_STYLE_ASSIGNMENT((#2830));
#2830=SURFACE_STYLE_USAGE(.BOTH.,#2831);
#2831=SURFACE_SIDE_STYLE('',(#2832));
#2832=SURFACE_STYLE_FILL_AREA(#2833);
#2833=FILL_AREA_STYLE('',(#2835));
#2834=COLOUR_RGB('',0.027450981,0.31764707,1.0);
#2835=FILL_AREA_STYLE_COLOUR('',#2834);
#2836=OVER_RIDING_STYLED_ITEM('',(#2837),#906,#2700);
#2837=PRESENTATION_STYLE_ASSIGNMENT((#2838));
#2838=SURFACE_STYLE_USAGE(.BOTH.,#2839);
#2839=SURFACE_SIDE_STYLE('',(#2840));
#2840=SURFACE_STYLE_FILL_AREA(#2841);
#2841=FILL_AREA_STYLE('',(#2843));
#2842=COLOUR_RGB('',0.027450981,0.31764707,1.0);
#2843=FILL_AREA_STYLE_COLOUR('',#2842);
#2844=OVER_RIDING_STYLED_ITEM('',(#2845),#1274,#2700);
#2845=PRESENTATION_STYLE_ASSIGNMENT((#2846));
#2846=SURFACE_STYLE_USAGE(.BOTH.,#2847);
#2847=SURFACE_SIDE_STYLE('',(#2848));
#2848=SURFACE_STYLE_FILL_AREA(#2849);
#2849=FILL_AREA_STYLE('',(#2851));
#2850=COLOUR_RGB('',0.027450981,0.31764707,1.0);
#2851=FILL_AREA_STYLE_COLOUR('',#2850);
#2852=OVER_RIDING_STYLED_ITEM('',(#2853),#1354,#2700);
#2853=PRESENTATION_STYLE_ASSIGNMENT((#2854));
#2854=SURFACE_STYLE_USAGE(.BOTH.,#2855);
#2855=SURFACE_SIDE_STYLE('',(#2856));
#2856=SURFACE_STYLE_FILL_AREA(#2857);
#2857=FILL_AREA_STYLE('',(#2859));
#2858=COLOUR_RGB('',0.027450981,0.31764707,1.0);
#2859=FILL_AREA_STYLE_COLOUR('',#2858);
#2860=OVER_RIDING_STYLED_ITEM('',(#2861),#1418,#2700);
#2861=PRESENTATION_STYLE_ASSIGNMENT((#2862));
#2862=SURFACE_STYLE_USAGE(.BOTH.,#2863);
#2863=SURFACE_SIDE_STYLE('',(#2864));
#2864=SURFACE_STYLE_FILL_AREA(#2865);
#2865=FILL_AREA_STYLE('',(#2867));
#2866=COLOUR_RGB('',0.027450981,0.31764707,1.0);
#2867=FILL_AREA_STYLE_COLOUR('',#2866);
#2868=OVER_RIDING_STYLED_ITEM('',(#2869),#1504,#2700);
#2869=PRESENTATION_STYLE_ASSIGNMENT((#2870));
#2870=SURFACE_STYLE_USAGE(.BOTH.,#2871);
#2871=SURFACE_SIDE_STYLE('',(#2872));
#2872=SURFACE_STYLE_FILL_AREA(#2873);
#2873=FILL_AREA_STYLE('',(#2875));
#2874=COLOUR_RGB('',0.027450981,0.31764707,1.0);
#2875=FILL_AREA_STYLE_COLOUR('',#2874);
#2876=OVER_RIDING_STYLED_ITEM('',(#2877),#1890,#2700);
#2877=PRESENTATION_STYLE_ASSIGNMENT((#2878));
#2878=SURFACE_STYLE_USAGE(.BOTH.,#2879);
#2879=SURFACE_SIDE_STYLE('',(#2880));
#2880=SURFACE_STYLE_FILL_AREA(#2881);
#2881=FILL_AREA_STYLE('',(#2883));
#2882=COLOUR_RGB('',0.027450981,0.31764707,1.0);
#2883=FILL_AREA_STYLE_COLOUR('',#2882);
#2884=OVER_RIDING_STYLED_ITEM('',(#2885),#1985,#2700);
#2885=PRESENTATION_STYLE_ASSIGNMENT((#2886));
#2886=SURFACE_STYLE_USAGE(.BOTH.,#2887);
#2887=SURFACE_SIDE_STYLE('',(#2888));
#2888=SURFACE_STYLE_FILL_AREA(#2889);
#2889=FILL_AREA_STYLE('',(#2891));
#2890=COLOUR_RGB('',0.027450981,0.31764707,1.0);
#2891=FILL_AREA_STYLE_COLOUR('',#2890);
#2892=OVER_RIDING_STYLED_ITEM('',(#2893),#2047,#2700);
#2893=PRESENTATION_STYLE_ASSIGNMENT((#2894));
#2894=SURFACE_STYLE_USAGE(.BOTH.,#2895);
#2895=SURFACE_SIDE_STYLE('',(#2896));
#2896=SURFACE_STYLE_FILL_AREA(#2897);
#2897=FILL_AREA_STYLE('',(#2899));
#2898=COLOUR_RGB('',0.027450981,0.31764707,1.0);
#2899=FILL_AREA_STYLE_COLOUR('',#2898);
#2900=OVER_RIDING_STYLED_ITEM('',(#2901),#2104,#2700);
#2901=PRESENTATION_STYLE_ASSIGNMENT((#2902));
#2902=SURFACE_STYLE_USAGE(.BOTH.,#2903);
#2903=SURFACE_SIDE_STYLE('',(#2904));
#2904=SURFACE_STYLE_FILL_AREA(#2905);
#2905=FILL_AREA_STYLE('',(#2907));
#2906=COLOUR_RGB('',0.027450981,0.31764707,1.0);
#2907=FILL_AREA_STYLE_COLOUR('',#2906);
#2908=OVER_RIDING_STYLED_ITEM('',(#2909),#2178,#2700);
#2909=PRESENTATION_STYLE_ASSIGNMENT((#2910));
#2910=SURFACE_STYLE_USAGE(.BOTH.,#2911);
#2911=SURFACE_SIDE_STYLE('',(#2912));
#2912=SURFACE_STYLE_FILL_AREA(#2913);
#2913=FILL_AREA_STYLE('',(#2915));
#2914=COLOUR_RGB('',0.027450981,0.31764707,1.0);
#2915=FILL_AREA_STYLE_COLOUR('',#2914);
#2916=OVER_RIDING_STYLED_ITEM('',(#2917),#2242,#2700);
#2917=PRESENTATION_STYLE_ASSIGNMENT((#2918));
#2918=SURFACE_STYLE_USAGE(.BOTH.,#2919);
#2919=SURFACE_SIDE_STYLE('',(#2920));
#2920=SURFACE_STYLE_FILL_AREA(#2921);
#2921=FILL_AREA_STYLE('',(#2923));
#2922=COLOUR_RGB('',0.027450981,0.31764707,1.0);
#2923=FILL_AREA_STYLE_COLOUR('',#2922);
#2924=OVER_RIDING_STYLED_ITEM('',(#2925),#2276,#2700);
#2925=PRESENTATION_STYLE_ASSIGNMENT((#2926));
#2926=SURFACE_STYLE_USAGE(.BOTH.,#2927);
#2927=SURFACE_SIDE_STYLE('',(#2928));
#2928=SURFACE_STYLE_FILL_AREA(#2929);
#2929=FILL_AREA_STYLE('',(#2931));
#2930=COLOUR_RGB('',0.027450981,0.31764707,1.0);
#2931=FILL_AREA_STYLE_COLOUR('',#2930);
#2932=OVER_RIDING_STYLED_ITEM('',(#2933),#2327,#2700);
#2933=PRESENTATION_STYLE_ASSIGNMENT((#2934));
#2934=SURFACE_STYLE_USAGE(.BOTH.,#2935);
#2935=SURFACE_SIDE_STYLE('',(#2936));
#2936=SURFACE_STYLE_FILL_AREA(#2937);
#2937=FILL_AREA_STYLE('',(#2939));
#2938=COLOUR_RGB('',0.027450981,0.31764707,1.0);
#2939=FILL_AREA_STYLE_COLOUR('',#2938);
#2940=OVER_RIDING_STYLED_ITEM('',(#2941),#2353,#2700);
#2941=PRESENTATION_STYLE_ASSIGNMENT((#2942));
#2942=SURFACE_STYLE_USAGE(.BOTH.,#2943);
#2943=SURFACE_SIDE_STYLE('',(#2944));
#2944=SURFACE_STYLE_FILL_AREA(#2945);
#2945=FILL_AREA_STYLE('',(#2947));
#2946=COLOUR_RGB('',0.027450981,0.31764707,1.0);
#2947=FILL_AREA_STYLE_COLOUR('',#2946);
#2948=OVER_RIDING_STYLED_ITEM('',(#2949),#2373,#2700);
#2949=PRESENTATION_STYLE_ASSIGNMENT((#2950));
#2950=SURFACE_STYLE_USAGE(.BOTH.,#2951);
#2951=SURFACE_SIDE_STYLE('',(#2952));
#2952=SURFACE_STYLE_FILL_AREA(#2953);
#2953=FILL_AREA_STYLE('',(#2955));
#2954=COLOUR_RGB('',0.027450981,0.31764707,1.0);
#2955=FILL_AREA_STYLE_COLOUR('',#2954);
#2956=OVER_RIDING_STYLED_ITEM('',(#2957),#2408,#2700);
#2957=PRESENTATION_STYLE_ASSIGNMENT((#2958));
#2958=SURFACE_STYLE_USAGE(.BOTH.,#2959);
#2959=SURFACE_SIDE_STYLE('',(#2960));
#2960=SURFACE_STYLE_FILL_AREA(#2961);
#2961=FILL_AREA_STYLE('',(#2963));
#2962=COLOUR_RGB('',0.027450981,0.31764707,1.0);
#2963=FILL_AREA_STYLE_COLOUR('',#2962);
#2964=OVER_RIDING_STYLED_ITEM('',(#2965),#2456,#2700);
#2965=PRESENTATION_STYLE_ASSIGNMENT((#2966));
#2966=SURFACE_STYLE_USAGE(.BOTH.,#2967);
#2967=SURFACE_SIDE_STYLE('',(#2968));
#2968=SURFACE_STYLE_FILL_AREA(#2969);
#2969=FILL_AREA_STYLE('',(#2971));
#2970=COLOUR_RGB('',0.027450981,0.31764707,1.0);
#2971=FILL_AREA_STYLE_COLOUR('',#2970);
#2972=OVER_RIDING_STYLED_ITEM('',(#2973),#2542,#2700);
#2973=PRESENTATION_STYLE_ASSIGNMENT((#2974));
#2974=SURFACE_STYLE_USAGE(.BOTH.,#2975);
#2975=SURFACE_SIDE_STYLE('',(#2976));
#2976=SURFACE_STYLE_FILL_AREA(#2977);
#2977=FILL_AREA_STYLE('',(#2979));
#2978=COLOUR_RGB('',0.027450981,0.31764707,1.0);
#2979=FILL_AREA_STYLE_COLOUR('',#2978);
#2980=OVER_RIDING_STYLED_ITEM('',(#2981),#2561,#2700);
#2981=PRESENTATION_STYLE_ASSIGNMENT((#2982));
#2982=SURFACE_STYLE_USAGE(.BOTH.,#2983);
#2983=SURFACE_SIDE_STYLE('',(#2984));
#2984=SURFACE_STYLE_FILL_AREA(#2985);
#2985=FILL_AREA_STYLE('',(#2987));
#2986=COLOUR_RGB('',0.027450981,0.31764707,1.0);
#2987=FILL_AREA_STYLE_COLOUR('',#2986);
#2988=OVER_RIDING_STYLED_ITEM('',(#2989),#2595,#2700);
#2989=PRESENTATION_STYLE_ASSIGNMENT((#2990));
#2990=SURFACE_STYLE_USAGE(.BOTH.,#2991);
#2991=SURFACE_SIDE_STYLE('',(#2992));
#2992=SURFACE_STYLE_FILL_AREA(#2993);
#2993=FILL_AREA_STYLE('',(#2995));
#2994=COLOUR_RGB('',0.027450981,0.31764707,1.0);
#2995=FILL_AREA_STYLE_COLOUR('',#2994);
#2996=OVER_RIDING_STYLED_ITEM('',(#2997),#2613,#2700);
#2997=PRESENTATION_STYLE_ASSIGNMENT((#2998));
#2998=SURFACE_STYLE_USAGE(.BOTH.,#2999);
#2999=SURFACE_SIDE_STYLE('',(#3000));
#3000=SURFACE_STYLE_FILL_AREA(#3001);
#3001=FILL_AREA_STYLE('',(#3003));
#3002=COLOUR_RGB('',0.027450981,0.31764707,1.0);
#3003=FILL_AREA_STYLE_COLOUR('',#3002);
#3004=MECHANICAL_DESIGN_GEOMETRIC_PRESENTATION_REPRESENTATION('',(#2700,#2708,#2716,#2724,#2732,#2740,#2748,#2756,#2764,#2772,#2780,#2788,#2796,#2804,#2812,#2820,#2828,#2836,#2844,#2852,#2860,#2868,#2876,#2884,#2892,#2900,#2908,#2916,#2924,#2932,#2940,#2948,#2956,#2964,#2972,#2980,#2988,#2996),#2692);
ENDSEC;
END-ISO-10303-21;
