ISO-10303-21;
HEADER;
FILE_DESCRIPTION(('CAx-IF Rec.Pracs.---Model Styling and Organization---1.5---2016-08-15','CAx-IF Rec.Pracs.---Geometric and Assembly Validation Properties---4.4---2016-08-17','CAx-IF Rec.Pracs.---User Defined Attributes---1.5---2016-08-15','CAx-IF Rec.Pracs.---External References---2.1---2005-01-19'),'2;1');
FILE_NAME('21817930.step','2026-08-07T13:00:24',('Unspecified'),('Unspecified'),'CAD Exchanger 3.10.2 (cadexchanger.com)','Unspecified','');
FILE_SCHEMA(('AUTOMOTIVE_DESIGN { 1 0 10303 214 1 1 1 1 }'));
ENDSEC;
DATA;
#1=APPLICATION_CONTEXT('core data for automotive mechanical design processes');
#2=APPLICATION_PROTOCOL_DEFINITION('international standard','automotive_design',2000,#1);
#3=PRODUCT_CONTEXT('',#1,'mechanical');
#4=PRODUCT('L101011MS02_SW0003_PRT','L101011MS02_SW0003_PRT',$,(#3));
#5=PRODUCT_DEFINITION_FORMATION('',$,#4);
#6=PRODUCT_DEFINITION_CONTEXT('part definition',#1,'design');
#7=PRODUCT_DEFINITION('design',$,#5,#6);
#8=PRODUCT_DEFINITION_SHAPE('',$,#7);
#9=MANIFOLD_SOLID_BREP('',#10);
#10=CLOSED_SHELL('',(#11,#51,#114,#200,#232,#477,#700,#731,#755,#1017,#1050,#1278,#1303,#1327,#1344,#1361,#1378,#1411,#1435,#1482,#1507,#1531,#1549,#1561,#1601,#1632,#1697,#1721,#1745,#1801,#1825,#1849,#1873,#1892,#1968,#1992,#2087,#2111,#2146,#2168,#2180,#2192,#2391,#2415,#2455,#2479,#2573,#2605,#2629,#2654,#2828,#2853,#2877,#2902,#3069,#3327,#3358,#3437,#3461,#3533,#3545,#3570,#3628,#3659,#3699,#3716,#3758,#3776,#3834,#3865,#3896,#3908,#3920,#3932,#3944,#3969,#4027,#4058,#4098,#4115,#4157,#4197,#4229,#4247,#4295,#4307,#4319,#4331,#4343,#4439,#4502,#4547,#4571,#4620,#4644,#4668,#4692,#4716,#4741,#4787,#4804,#4821,#4838,#4850,#4888,#4905,#4917,#4934,#5053,#5093,#5133,#5150,#5167,#5207,#5224,#5250,#5267,#5279,#5464,#5481,#5500,#5512,#5534,#5580,#5604,#5648,#5665,#5682,#5699,#5711,#5728,#5745,#5757,#5838,#5882,#5899,#5916,#5933,#5950,#5967,#6006,#6023,#6040,#6052,#6064,#6108,#6125,#6142,#6159,#6176,#6193,#6232,#6249,#6266,#6278,#6290,#6315,#6339,#6357,#6454,#6471,#6488,#6574,#6596,#6635,#6652,#6669,#6686,#6703,#6720,#6754,#6771,#6788,#6800,#6817,#6857,#6898,#6922,#7026,#7051,#7068,#7087,#7104,#7139,#7164,#7188,#7206,#7218,#7238,#7256,#7270,#7305,#7330,#7354,#7372,#7384,#7422,#7446,#7477,#7494,#7506,#7518,#7530,#7574,#7591,#7608,#7625,#7642,#7659,#7698,#7715,#7732,#7744,#7756,#7800,#7817,#7834,#7851,#7868,#7885,#7924,#7941,#7958,#7970,#7982,#7994,#8016,#8054,#8085,#8141,#8230,#8279,#8296,#8313,#8332,#8344,#8426,#8443,#8460,#8477,#8494,#8511,#8528,#8545,#8562,#8574,#8605,#8652,#8685,#8709,#8749,#8766,#8785,#8802,#8814,#8838,#8855,#8867,#8879,#8891,#8916,#8941,#8958,#8977,#8989,#9013,#9060,#9077,#9089,#9113,#9137,#9161,#9185,#9202,#9219));
#11=ADVANCED_FACE('',(#12),#46,.F.);
#12=FACE_BOUND('',#13,.T.);
#13=EDGE_LOOP('',(#14,#24,#32,#40));
#14=ORIENTED_EDGE('',*,*,#15,.T.);
#15=EDGE_CURVE('',#16,#18,#20,.F.);
#16=VERTEX_POINT('',#17);
#17=CARTESIAN_POINT('',(8.4201,6.8072,1.778));
#18=VERTEX_POINT('',#19);
#19=CARTESIAN_POINT('',(7.544122812,6.8072,1.778));
#20=LINE('',#21,#22);
#21=CARTESIAN_POINT('',(7.544122812,6.8072,1.778));
#22=VECTOR('',#23,1.0);
#23=DIRECTION('',(1.0,0.0,0.0));
#24=ORIENTED_EDGE('',*,*,#25,.T.);
#25=EDGE_CURVE('',#18,#26,#28,.F.);
#26=VERTEX_POINT('',#27);
#27=CARTESIAN_POINT('',(7.544122812,6.8072,-1.778));
#28=LINE('',#29,#30);
#29=CARTESIAN_POINT('',(7.544122812,6.8072,-1.778));
#30=VECTOR('',#31,1.0);
#31=DIRECTION('',(0.0,0.0,1.0));
#32=ORIENTED_EDGE('',*,*,#33,.T.);
#33=EDGE_CURVE('',#26,#34,#36,.T.);
#34=VERTEX_POINT('',#35);
#35=CARTESIAN_POINT('',(8.4201,6.8072,-1.778));
#36=LINE('',#37,#38);
#37=CARTESIAN_POINT('',(7.544122812,6.8072,-1.778));
#38=VECTOR('',#39,1.0);
#39=DIRECTION('',(1.0,0.0,0.0));
#40=ORIENTED_EDGE('',*,*,#41,.T.);
#41=EDGE_CURVE('',#34,#16,#42,.F.);
#42=LINE('',#43,#44);
#43=CARTESIAN_POINT('',(8.4201,6.8072,1.778));
#44=VECTOR('',#45,1.0);
#45=DIRECTION('',(0.0,0.0,-1.0));
#46=PLANE('',#47);
#47=AXIS2_PLACEMENT_3D('',#48,#49,#50);
#48=CARTESIAN_POINT('',(7.544122812,6.8072,-1.778));
#49=DIRECTION('',(0.0,1.0,0.0));
#50=DIRECTION('',(1.0,0.0,0.0));
#51=ADVANCED_FACE('',(#52),#109,.T.);
#52=FACE_BOUND('',#53,.T.);
#53=EDGE_LOOP('',(#54,#62,#63,#71,#79,#87,#95,#103));
#54=ORIENTED_EDGE('',*,*,#55,.T.);
#55=EDGE_CURVE('',#56,#16,#58,.T.);
#56=VERTEX_POINT('',#57);
#57=CARTESIAN_POINT('',(8.4201,6.1722,1.778));
#58=LINE('',#59,#60);
#59=CARTESIAN_POINT('',(8.4201,6.1722,1.778));
#60=VECTOR('',#61,1.0);
#61=DIRECTION('',(0.0,1.0,0.0));
#62=ORIENTED_EDGE('',*,*,#41,.F.);
#63=ORIENTED_EDGE('',*,*,#64,.T.);
#64=EDGE_CURVE('',#34,#65,#67,.F.);
#65=VERTEX_POINT('',#66);
#66=CARTESIAN_POINT('',(8.4201,6.1722,-1.778));
#67=LINE('',#68,#69);
#68=CARTESIAN_POINT('',(8.4201,6.1722,-1.778));
#69=VECTOR('',#70,1.0);
#70=DIRECTION('',(0.0,1.0,0.0));
#71=ORIENTED_EDGE('',*,*,#72,.T.);
#72=EDGE_CURVE('',#65,#73,#75,.T.);
#73=VERTEX_POINT('',#74);
#74=CARTESIAN_POINT('',(8.4201,6.1722,-1.905));
#75=LINE('',#76,#77);
#76=CARTESIAN_POINT('',(8.4201,6.1722,-1.778));
#77=VECTOR('',#78,1.0);
#78=DIRECTION('',(0.0,0.0,-1.0));
#79=ORIENTED_EDGE('',*,*,#80,.T.);
#80=EDGE_CURVE('',#73,#81,#83,.T.);
#81=VERTEX_POINT('',#82);
#82=CARTESIAN_POINT('',(8.4201,7.3152,-1.905));
#83=LINE('',#84,#85);
#84=CARTESIAN_POINT('',(8.4201,6.1722,-1.905));
#85=VECTOR('',#86,1.0);
#86=DIRECTION('',(0.0,1.0,0.0));
#87=ORIENTED_EDGE('',*,*,#88,.T.);
#88=EDGE_CURVE('',#81,#89,#91,.F.);
#89=VERTEX_POINT('',#90);
#90=CARTESIAN_POINT('',(8.4201,7.3152,1.905));
#91=LINE('',#92,#93);
#92=CARTESIAN_POINT('',(8.4201,7.3152,1.905));
#93=VECTOR('',#94,1.0);
#94=DIRECTION('',(0.0,0.0,-1.0));
#95=ORIENTED_EDGE('',*,*,#96,.T.);
#96=EDGE_CURVE('',#89,#97,#99,.F.);
#97=VERTEX_POINT('',#98);
#98=CARTESIAN_POINT('',(8.4201,6.1722,1.905));
#99=LINE('',#100,#101);
#100=CARTESIAN_POINT('',(8.4201,6.1722,1.905));
#101=VECTOR('',#102,1.0);
#102=DIRECTION('',(0.0,1.0,0.0));
#103=ORIENTED_EDGE('',*,*,#104,.T.);
#104=EDGE_CURVE('',#97,#56,#105,.T.);
#105=LINE('',#106,#107);
#106=CARTESIAN_POINT('',(8.4201,6.1722,1.905));
#107=VECTOR('',#108,1.0);
#108=DIRECTION('',(0.0,0.0,-1.0));
#109=PLANE('',#110);
#110=AXIS2_PLACEMENT_3D('',#111,#112,#113);
#111=CARTESIAN_POINT('',(8.4201,6.1722,1.905));
#112=DIRECTION('',(1.0,0.0,0.0));
#113=DIRECTION('',(0.0,0.0,-1.0));
#114=ADVANCED_FACE('',(#115),#195,.F.);
#115=FACE_BOUND('',#116,.T.);
#116=EDGE_LOOP('',(#117,#127,#135,#143,#151,#159,#165,#166,#174,#182,#188,#189));
#117=ORIENTED_EDGE('',*,*,#118,.T.);
#118=EDGE_CURVE('',#119,#121,#123,.F.);
#119=VERTEX_POINT('',#120);
#120=CARTESIAN_POINT('',(8.4328,6.1722,1.905));
#121=VERTEX_POINT('',#122);
#122=CARTESIAN_POINT('',(8.4328,6.1722,0.5461));
#123=LINE('',#124,#125);
#124=CARTESIAN_POINT('',(8.4328,6.1722,0.5461));
#125=VECTOR('',#126,1.0);
#126=DIRECTION('',(0.0,0.0,1.0));
#127=ORIENTED_EDGE('',*,*,#128,.T.);
#128=EDGE_CURVE('',#121,#129,#131,.F.);
#129=VERTEX_POINT('',#130);
#130=CARTESIAN_POINT('',(7.8613,6.1722,0.5461));
#131=LINE('',#132,#133);
#132=CARTESIAN_POINT('',(7.8613,6.1722,0.5461));
#133=VECTOR('',#134,1.0);
#134=DIRECTION('',(1.0,0.0,0.0));
#135=ORIENTED_EDGE('',*,*,#136,.T.);
#136=EDGE_CURVE('',#129,#137,#139,.F.);
#137=VERTEX_POINT('',#138);
#138=CARTESIAN_POINT('',(7.8613,6.1722,-0.5461));
#139=LINE('',#140,#141);
#140=CARTESIAN_POINT('',(7.8613,6.1722,-0.5461));
#141=VECTOR('',#142,1.0);
#142=DIRECTION('',(0.0,0.0,1.0));
#143=ORIENTED_EDGE('',*,*,#144,.T.);
#144=EDGE_CURVE('',#137,#145,#147,.F.);
#145=VERTEX_POINT('',#146);
#146=CARTESIAN_POINT('',(8.4328,6.1722,-0.5461));
#147=LINE('',#148,#149);
#148=CARTESIAN_POINT('',(8.4328,6.1722,-0.5461));
#149=VECTOR('',#150,1.0);
#150=DIRECTION('',(-1.0,0.0,0.0));
#151=ORIENTED_EDGE('',*,*,#152,.T.);
#152=EDGE_CURVE('',#145,#153,#155,.F.);
#153=VERTEX_POINT('',#154);
#154=CARTESIAN_POINT('',(8.4328,6.1722,-1.905));
#155=LINE('',#156,#157);
#156=CARTESIAN_POINT('',(8.4328,6.1722,-1.905));
#157=VECTOR('',#158,1.0);
#158=DIRECTION('',(0.0,0.0,1.0));
#159=ORIENTED_EDGE('',*,*,#160,.T.);
#160=EDGE_CURVE('',#153,#73,#161,.F.);
#161=LINE('',#162,#163);
#162=CARTESIAN_POINT('',(8.4201,6.1722,-1.905));
#163=VECTOR('',#164,1.0);
#164=DIRECTION('',(1.0,2.220446049E-13,0.0));
#165=ORIENTED_EDGE('',*,*,#72,.F.);
#166=ORIENTED_EDGE('',*,*,#167,.T.);
#167=EDGE_CURVE('',#65,#168,#170,.T.);
#168=VERTEX_POINT('',#169);
#169=CARTESIAN_POINT('',(6.985,6.1722,-1.778));
#170=LINE('',#171,#172);
#171=CARTESIAN_POINT('',(8.4201,6.1722,-1.778));
#172=VECTOR('',#173,1.0);
#173=DIRECTION('',(-1.0,0.0,0.0));
#174=ORIENTED_EDGE('',*,*,#175,.T.);
#175=EDGE_CURVE('',#168,#176,#178,.T.);
#176=VERTEX_POINT('',#177);
#177=CARTESIAN_POINT('',(6.985,6.1722,1.778));
#178=LINE('',#179,#180);
#179=CARTESIAN_POINT('',(6.985,6.1722,-1.778));
#180=VECTOR('',#181,1.0);
#181=DIRECTION('',(0.0,0.0,1.0));
#182=ORIENTED_EDGE('',*,*,#183,.T.);
#183=EDGE_CURVE('',#176,#56,#184,.F.);
#184=LINE('',#185,#186);
#185=CARTESIAN_POINT('',(8.4201,6.1722,1.778));
#186=VECTOR('',#187,1.0);
#187=DIRECTION('',(-1.0,0.0,0.0));
#188=ORIENTED_EDGE('',*,*,#104,.F.);
#189=ORIENTED_EDGE('',*,*,#190,.T.);
#190=EDGE_CURVE('',#97,#119,#191,.T.);
#191=LINE('',#192,#193);
#192=CARTESIAN_POINT('',(8.4201,6.1722,1.905));
#193=VECTOR('',#194,1.0);
#194=DIRECTION('',(1.0,1.665334537E-13,2.775557562E-14));
#195=PLANE('',#196);
#196=AXIS2_PLACEMENT_3D('',#197,#198,#199);
#197=CARTESIAN_POINT('',(1.8288,6.1722,0.0));
#198=DIRECTION('',(0.0,-1.0,0.0));
#199=DIRECTION('',(1.0,0.0,0.0));
#200=ADVANCED_FACE('',(#201),#227,.T.);
#201=FACE_BOUND('',#202,.T.);
#202=EDGE_LOOP('',(#203,#204,#212,#220,#226));
#203=ORIENTED_EDGE('',*,*,#96,.F.);
#204=ORIENTED_EDGE('',*,*,#205,.T.);
#205=EDGE_CURVE('',#89,#206,#208,.F.);
#206=VERTEX_POINT('',#207);
#207=CARTESIAN_POINT('',(8.8011,7.3152,1.905));
#208=LINE('',#209,#210);
#209=CARTESIAN_POINT('',(8.8011,7.3152,1.905));
#210=VECTOR('',#211,1.0);
#211=DIRECTION('',(-1.0,0.0,0.0));
#212=ORIENTED_EDGE('',*,*,#213,.T.);
#213=EDGE_CURVE('',#206,#214,#216,.F.);
#214=VERTEX_POINT('',#215);
#215=CARTESIAN_POINT('',(8.8011,6.1722,1.905));
#216=LINE('',#217,#218);
#217=CARTESIAN_POINT('',(8.8011,6.1722,1.905));
#218=VECTOR('',#219,1.0);
#219=DIRECTION('',(0.0,1.0,0.0));
#220=ORIENTED_EDGE('',*,*,#221,.T.);
#221=EDGE_CURVE('',#214,#119,#222,.T.);
#222=LINE('',#223,#224);
#223=CARTESIAN_POINT('',(8.8011,6.1722,1.905));
#224=VECTOR('',#225,1.0);
#225=DIRECTION('',(-1.0,0.0,0.0));
#226=ORIENTED_EDGE('',*,*,#190,.F.);
#227=PLANE('',#228);
#228=AXIS2_PLACEMENT_3D('',#229,#230,#231);
#229=CARTESIAN_POINT('',(8.8011,6.1722,1.905));
#230=DIRECTION('',(0.0,0.0,-1.0));
#231=DIRECTION('',(-1.0,0.0,0.0));
#232=ADVANCED_FACE('',(#233),#472,.F.);
#233=FACE_BOUND('',#234,.T.);
#234=EDGE_LOOP('',(#235,#236,#244,#253,#261,#269,#277,#285,#293,#301,#309,#317,#325,#333,#341,#349,#357,#366,#374,#382,#390,#398,#407,#415,#424,#432,#440,#449,#458,#466));
#235=ORIENTED_EDGE('',*,*,#221,.F.);
#236=ORIENTED_EDGE('',*,*,#237,.T.);
#237=EDGE_CURVE('',#214,#238,#240,.F.);
#238=VERTEX_POINT('',#239);
#239=CARTESIAN_POINT('',(8.8011,6.1722,4.3815));
#240=LINE('',#241,#242);
#241=CARTESIAN_POINT('',(8.8011,6.1722,4.3815));
#242=VECTOR('',#243,1.0);
#243=DIRECTION('',(0.0,0.0,-1.0));
#244=ORIENTED_EDGE('',*,*,#245,.T.);
#245=EDGE_CURVE('',#238,#246,#248,.F.);
#246=VERTEX_POINT('',#247);
#247=CARTESIAN_POINT('',(8.4201,6.1722,4.7625));
#248=CIRCLE('',#249,0.381);
#249=AXIS2_PLACEMENT_3D('',#250,#251,#252);
#250=CARTESIAN_POINT('',(8.4201,6.1722,4.3815));
#251=DIRECTION('',(0.0,1.0,0.0));
#252=DIRECTION('',(0.0,0.0,1.0));
#253=ORIENTED_EDGE('',*,*,#254,.T.);
#254=EDGE_CURVE('',#246,#255,#257,.F.);
#255=VERTEX_POINT('',#256);
#256=CARTESIAN_POINT('',(5.3594,6.1722,4.7625));
#257=LINE('',#258,#259);
#258=CARTESIAN_POINT('',(5.3594,6.1722,4.7625));
#259=VECTOR('',#260,1.0);
#260=DIRECTION('',(1.0,0.0,0.0));
#261=ORIENTED_EDGE('',*,*,#262,.T.);
#262=EDGE_CURVE('',#255,#263,#265,.F.);
#263=VERTEX_POINT('',#264);
#264=CARTESIAN_POINT('',(5.3594,6.1722,5.0673));
#265=LINE('',#266,#267);
#266=CARTESIAN_POINT('',(5.3594,6.1722,5.0673));
#267=VECTOR('',#268,1.0);
#268=DIRECTION('',(0.0,0.0,-1.0));
#269=ORIENTED_EDGE('',*,*,#270,.T.);
#270=EDGE_CURVE('',#263,#271,#273,.F.);
#271=VERTEX_POINT('',#272);
#272=CARTESIAN_POINT('',(3.8354,6.1722,5.0673));
#273=LINE('',#274,#275);
#274=CARTESIAN_POINT('',(3.8354,6.1722,5.0673));
#275=VECTOR('',#276,1.0);
#276=DIRECTION('',(1.0,0.0,0.0));
#277=ORIENTED_EDGE('',*,*,#278,.T.);
#278=EDGE_CURVE('',#271,#279,#281,.F.);
#279=VERTEX_POINT('',#280);
#280=CARTESIAN_POINT('',(3.8354,6.1722,4.7625));
#281=LINE('',#282,#283);
#282=CARTESIAN_POINT('',(3.8354,6.1722,4.7625));
#283=VECTOR('',#284,1.0);
#284=DIRECTION('',(0.0,0.0,1.0));
#285=ORIENTED_EDGE('',*,*,#286,.T.);
#286=EDGE_CURVE('',#279,#287,#289,.F.);
#287=VERTEX_POINT('',#288);
#288=CARTESIAN_POINT('',(0.762,6.1722,4.7625));
#289=LINE('',#290,#291);
#290=CARTESIAN_POINT('',(0.762,6.1722,4.7625));
#291=VECTOR('',#292,1.0);
#292=DIRECTION('',(1.0,0.0,0.0));
#293=ORIENTED_EDGE('',*,*,#294,.T.);
#294=EDGE_CURVE('',#287,#295,#297,.F.);
#295=VERTEX_POINT('',#296);
#296=CARTESIAN_POINT('',(0.762,6.1722,5.0673));
#297=LINE('',#298,#299);
#298=CARTESIAN_POINT('',(0.762,6.1722,5.0673));
#299=VECTOR('',#300,1.0);
#300=DIRECTION('',(0.0,0.0,-1.0));
#301=ORIENTED_EDGE('',*,*,#302,.T.);
#302=EDGE_CURVE('',#295,#303,#305,.F.);
#303=VERTEX_POINT('',#304);
#304=CARTESIAN_POINT('',(-0.762,6.1722,5.0673));
#305=LINE('',#306,#307);
#306=CARTESIAN_POINT('',(-0.762,6.1722,5.0673));
#307=VECTOR('',#308,1.0);
#308=DIRECTION('',(1.0,0.0,0.0));
#309=ORIENTED_EDGE('',*,*,#310,.T.);
#310=EDGE_CURVE('',#303,#311,#313,.F.);
#311=VERTEX_POINT('',#312);
#312=CARTESIAN_POINT('',(-0.762,6.1722,4.7625));
#313=LINE('',#314,#315);
#314=CARTESIAN_POINT('',(-0.762,6.1722,4.7625));
#315=VECTOR('',#316,1.0);
#316=DIRECTION('',(0.0,0.0,1.0));
#317=ORIENTED_EDGE('',*,*,#318,.T.);
#318=EDGE_CURVE('',#311,#319,#321,.F.);
#319=VERTEX_POINT('',#320);
#320=CARTESIAN_POINT('',(-3.8354,6.1722,4.7625));
#321=LINE('',#322,#323);
#322=CARTESIAN_POINT('',(-3.8354,6.1722,4.7625));
#323=VECTOR('',#324,1.0);
#324=DIRECTION('',(1.0,0.0,0.0));
#325=ORIENTED_EDGE('',*,*,#326,.T.);
#326=EDGE_CURVE('',#319,#327,#329,.F.);
#327=VERTEX_POINT('',#328);
#328=CARTESIAN_POINT('',(-3.8354,6.1722,5.0673));
#329=LINE('',#330,#331);
#330=CARTESIAN_POINT('',(-3.8354,6.1722,5.0673));
#331=VECTOR('',#332,1.0);
#332=DIRECTION('',(0.0,0.0,-1.0));
#333=ORIENTED_EDGE('',*,*,#334,.T.);
#334=EDGE_CURVE('',#327,#335,#337,.F.);
#335=VERTEX_POINT('',#336);
#336=CARTESIAN_POINT('',(-5.3594,6.1722,5.0673));
#337=LINE('',#338,#339);
#338=CARTESIAN_POINT('',(-5.3594,6.1722,5.0673));
#339=VECTOR('',#340,1.0);
#340=DIRECTION('',(1.0,0.0,0.0));
#341=ORIENTED_EDGE('',*,*,#342,.T.);
#342=EDGE_CURVE('',#335,#343,#345,.F.);
#343=VERTEX_POINT('',#344);
#344=CARTESIAN_POINT('',(-5.3594,6.1722,4.7625));
#345=LINE('',#346,#347);
#346=CARTESIAN_POINT('',(-5.3594,6.1722,4.7625));
#347=VECTOR('',#348,1.0);
#348=DIRECTION('',(0.0,0.0,1.0));
#349=ORIENTED_EDGE('',*,*,#350,.T.);
#350=EDGE_CURVE('',#343,#351,#353,.F.);
#351=VERTEX_POINT('',#352);
#352=CARTESIAN_POINT('',(-8.4201,6.1722,4.7625));
#353=LINE('',#354,#355);
#354=CARTESIAN_POINT('',(-8.4201,6.1722,4.7625));
#355=VECTOR('',#356,1.0);
#356=DIRECTION('',(1.0,0.0,0.0));
#357=ORIENTED_EDGE('',*,*,#358,.T.);
#358=EDGE_CURVE('',#351,#359,#361,.F.);
#359=VERTEX_POINT('',#360);
#360=CARTESIAN_POINT('',(-8.8011,6.1722,4.3815));
#361=CIRCLE('',#362,0.381);
#362=AXIS2_PLACEMENT_3D('',#363,#364,#365);
#363=CARTESIAN_POINT('',(-8.4201,6.1722,4.3815));
#364=DIRECTION('',(0.0,1.0,0.0));
#365=DIRECTION('',(-1.0,0.0,0.0));
#366=ORIENTED_EDGE('',*,*,#367,.T.);
#367=EDGE_CURVE('',#359,#368,#370,.F.);
#368=VERTEX_POINT('',#369);
#369=CARTESIAN_POINT('',(-8.8011,6.1722,1.778));
#370=LINE('',#371,#372);
#371=CARTESIAN_POINT('',(-8.8011,6.1722,1.778));
#372=VECTOR('',#373,1.0);
#373=DIRECTION('',(0.0,0.0,1.0));
#374=ORIENTED_EDGE('',*,*,#375,.T.);
#375=EDGE_CURVE('',#368,#376,#378,.T.);
#376=VERTEX_POINT('',#377);
#377=CARTESIAN_POINT('',(-6.985,6.1722,1.778));
#378=LINE('',#379,#380);
#379=CARTESIAN_POINT('',(-8.8011,6.1722,1.778));
#380=VECTOR('',#381,1.0);
#381=DIRECTION('',(1.0,0.0,0.0));
#382=ORIENTED_EDGE('',*,*,#383,.T.);
#383=EDGE_CURVE('',#376,#384,#386,.F.);
#384=VERTEX_POINT('',#385);
#385=CARTESIAN_POINT('',(-6.985,6.1722,4.290597914));
#386=LINE('',#387,#388);
#387=CARTESIAN_POINT('',(-6.985,6.1722,4.290597914));
#388=VECTOR('',#389,1.0);
#389=DIRECTION('',(0.0,0.0,-1.0));
#390=ORIENTED_EDGE('',*,*,#391,.T.);
#391=EDGE_CURVE('',#384,#392,#394,.T.);
#392=VERTEX_POINT('',#393);
#393=CARTESIAN_POINT('',(-0.992358141,6.1722,4.290597914));
#394=LINE('',#395,#396);
#395=CARTESIAN_POINT('',(-6.985,6.1722,4.290597914));
#396=VECTOR('',#397,1.0);
#397=DIRECTION('',(1.0,0.0,0.0));
#398=ORIENTED_EDGE('',*,*,#399,.T.);
#399=EDGE_CURVE('',#392,#400,#402,.F.);
#400=VERTEX_POINT('',#401);
#401=CARTESIAN_POINT('',(-0.997980836,6.1722,4.318));
#402=CIRCLE('',#403,1.016);
#403=AXIS2_PLACEMENT_3D('',#404,#405,#406);
#404=CARTESIAN_POINT('',(0.0,6.1722,4.5085));
#405=DIRECTION('',(0.0,-1.0,0.0));
#406=DIRECTION('',(-0.982264603,0.0,-0.1875));
#407=ORIENTED_EDGE('',*,*,#408,.T.);
#408=EDGE_CURVE('',#400,#409,#411,.F.);
#409=VERTEX_POINT('',#410);
#410=CARTESIAN_POINT('',(0.997980836,6.1722,4.318));
#411=LINE('',#412,#413);
#412=CARTESIAN_POINT('',(0.997980836,6.1722,4.318));
#413=VECTOR('',#414,1.0);
#414=DIRECTION('',(-1.0,0.0,0.0));
#415=ORIENTED_EDGE('',*,*,#416,.T.);
#416=EDGE_CURVE('',#409,#417,#419,.F.);
#417=VERTEX_POINT('',#418);
#418=CARTESIAN_POINT('',(0.992358141,6.1722,4.290597914));
#419=CIRCLE('',#420,1.016);
#420=AXIS2_PLACEMENT_3D('',#421,#422,#423);
#421=CARTESIAN_POINT('',(0.0,6.1722,4.5085));
#422=DIRECTION('',(0.0,-1.0,0.0));
#423=DIRECTION('',(0.976730454,0.0,-0.214470558));
#424=ORIENTED_EDGE('',*,*,#425,.T.);
#425=EDGE_CURVE('',#417,#426,#428,.T.);
#426=VERTEX_POINT('',#427);
#427=CARTESIAN_POINT('',(6.985,6.1722,4.290597914));
#428=LINE('',#429,#430);
#429=CARTESIAN_POINT('',(0.992358141,6.1722,4.290597914));
#430=VECTOR('',#431,1.0);
#431=DIRECTION('',(1.0,0.0,0.0));
#432=ORIENTED_EDGE('',*,*,#433,.T.);
#433=EDGE_CURVE('',#426,#434,#436,.T.);
#434=VERTEX_POINT('',#435);
#435=CARTESIAN_POINT('',(6.985,6.1722,2.812334951));
#436=LINE('',#437,#438);
#437=CARTESIAN_POINT('',(6.985,6.1722,4.290597914));
#438=VECTOR('',#439,1.0);
#439=DIRECTION('',(0.0,0.0,-1.0));
#440=ORIENTED_EDGE('',*,*,#441,.T.);
#441=EDGE_CURVE('',#434,#442,#444,.F.);
#442=VERTEX_POINT('',#443);
#443=CARTESIAN_POINT('',(7.0993,6.1722,2.7305));
#444=CIRCLE('',#445,3.175);
#445=AXIS2_PLACEMENT_3D('',#446,#447,#448);
#446=CARTESIAN_POINT('',(5.1943,6.1722,0.1905));
#447=DIRECTION('',(0.0,-1.0,0.0));
#448=DIRECTION('',(0.6,0.0,0.8));
#449=ORIENTED_EDGE('',*,*,#450,.T.);
#450=EDGE_CURVE('',#442,#451,#453,.T.);
#451=VERTEX_POINT('',#452);
#452=CARTESIAN_POINT('',(7.8613,6.1722,2.4765));
#453=CIRCLE('',#454,1.27);
#454=AXIS2_PLACEMENT_3D('',#455,#456,#457);
#455=CARTESIAN_POINT('',(7.8613,6.1722,3.7465));
#456=DIRECTION('',(0.0,-1.0,0.0));
#457=DIRECTION('',(-0.6,0.0,-0.8));
#458=ORIENTED_EDGE('',*,*,#459,.T.);
#459=EDGE_CURVE('',#451,#460,#462,.F.);
#460=VERTEX_POINT('',#461);
#461=CARTESIAN_POINT('',(8.4328,6.1722,2.4765));
#462=LINE('',#463,#464);
#463=CARTESIAN_POINT('',(8.4328,6.1722,2.4765));
#464=VECTOR('',#465,1.0);
#465=DIRECTION('',(-1.0,0.0,0.0));
#466=ORIENTED_EDGE('',*,*,#467,.T.);
#467=EDGE_CURVE('',#460,#119,#468,.F.);
#468=LINE('',#469,#470);
#469=CARTESIAN_POINT('',(8.4328,6.1722,1.905));
#470=VECTOR('',#471,1.0);
#471=DIRECTION('',(0.0,0.0,1.0));
#472=PLANE('',#473);
#473=AXIS2_PLACEMENT_3D('',#474,#475,#476);
#474=CARTESIAN_POINT('',(0.0,6.1722,0.0));
#475=DIRECTION('',(0.0,1.0,0.0));
#476=DIRECTION('',(0.0,0.0,1.0));
#477=ADVANCED_FACE('',(#478),#695,.T.);
#478=FACE_BOUND('',#479,.T.);
#479=EDGE_LOOP('',(#480,#490,#498,#506,#514,#522,#530,#538,#546,#554,#562,#570,#578,#584,#585,#593,#601,#609,#617,#625,#633,#641,#649,#655,#656,#657,#665,#673,#681,#689));
#480=ORIENTED_EDGE('',*,*,#481,.T.);
#481=EDGE_CURVE('',#482,#484,#486,.F.);
#482=VERTEX_POINT('',#483);
#483=CARTESIAN_POINT('',(8.4328,4.5212,0.6604));
#484=VERTEX_POINT('',#485);
#485=CARTESIAN_POINT('',(8.4328,4.5212,0.635));
#486=LINE('',#487,#488);
#487=CARTESIAN_POINT('',(8.4328,4.5212,0.635));
#488=VECTOR('',#489,1.0);
#489=DIRECTION('',(0.0,0.0,1.0));
#490=ORIENTED_EDGE('',*,*,#491,.T.);
#491=EDGE_CURVE('',#484,#492,#494,.T.);
#492=VERTEX_POINT('',#493);
#493=CARTESIAN_POINT('',(8.4328,1.9812,0.635));
#494=LINE('',#495,#496);
#495=CARTESIAN_POINT('',(8.4328,4.5212,0.635));
#496=VECTOR('',#497,1.0);
#497=DIRECTION('',(0.0,-1.0,0.0));
#498=ORIENTED_EDGE('',*,*,#499,.T.);
#499=EDGE_CURVE('',#492,#500,#502,.F.);
#500=VERTEX_POINT('',#501);
#501=CARTESIAN_POINT('',(8.4328,1.9812,0.508));
#502=LINE('',#503,#504);
#503=CARTESIAN_POINT('',(8.4328,1.9812,0.508));
#504=VECTOR('',#505,1.0);
#505=DIRECTION('',(0.0,0.0,1.0));
#506=ORIENTED_EDGE('',*,*,#507,.T.);
#507=EDGE_CURVE('',#500,#508,#510,.T.);
#508=VERTEX_POINT('',#509);
#509=CARTESIAN_POINT('',(8.4328,0.9652,0.508));
#510=LINE('',#511,#512);
#511=CARTESIAN_POINT('',(8.4328,1.9812,0.508));
#512=VECTOR('',#513,1.0);
#513=DIRECTION('',(0.0,-1.0,0.0));
#514=ORIENTED_EDGE('',*,*,#515,.T.);
#515=EDGE_CURVE('',#508,#516,#518,.T.);
#516=VERTEX_POINT('',#517);
#517=CARTESIAN_POINT('',(8.4328,0.9652,-0.508));
#518=LINE('',#519,#520);
#519=CARTESIAN_POINT('',(8.4328,0.9652,0.508));
#520=VECTOR('',#521,1.0);
#521=DIRECTION('',(0.0,0.0,-1.0));
#522=ORIENTED_EDGE('',*,*,#523,.T.);
#523=EDGE_CURVE('',#516,#524,#526,.F.);
#524=VERTEX_POINT('',#525);
#525=CARTESIAN_POINT('',(8.4328,1.9812,-0.508));
#526=LINE('',#527,#528);
#527=CARTESIAN_POINT('',(8.4328,1.9812,-0.508));
#528=VECTOR('',#529,1.0);
#529=DIRECTION('',(0.0,-1.0,0.0));
#530=ORIENTED_EDGE('',*,*,#531,.T.);
#531=EDGE_CURVE('',#524,#532,#534,.F.);
#532=VERTEX_POINT('',#533);
#533=CARTESIAN_POINT('',(8.4328,1.9812,-2.4638));
#534=LINE('',#535,#536);
#535=CARTESIAN_POINT('',(8.4328,1.9812,-2.4638));
#536=VECTOR('',#537,1.0);
#537=DIRECTION('',(0.0,0.0,1.0));
#538=ORIENTED_EDGE('',*,*,#539,.T.);
#539=EDGE_CURVE('',#532,#540,#542,.F.);
#540=VERTEX_POINT('',#541);
#541=CARTESIAN_POINT('',(8.4328,5.0292,-2.4638));
#542=LINE('',#543,#544);
#543=CARTESIAN_POINT('',(8.4328,5.0292,-2.4638));
#544=VECTOR('',#545,1.0);
#545=DIRECTION('',(0.0,-1.0,0.0));
#546=ORIENTED_EDGE('',*,*,#547,.T.);
#547=EDGE_CURVE('',#540,#548,#550,.F.);
#548=VERTEX_POINT('',#549);
#549=CARTESIAN_POINT('',(8.4328,5.0292,-2.2225));
#550=LINE('',#551,#552);
#551=CARTESIAN_POINT('',(8.4328,5.0292,-2.2225));
#552=VECTOR('',#553,1.0);
#553=DIRECTION('',(0.0,0.0,-1.0));
#554=ORIENTED_EDGE('',*,*,#555,.T.);
#555=EDGE_CURVE('',#548,#556,#558,.F.);
#556=VERTEX_POINT('',#557);
#557=CARTESIAN_POINT('',(8.4328,5.4102,-2.2225));
#558=LINE('',#559,#560);
#559=CARTESIAN_POINT('',(8.4328,5.4102,-2.2225));
#560=VECTOR('',#561,1.0);
#561=DIRECTION('',(0.0,-1.0,0.0));
#562=ORIENTED_EDGE('',*,*,#563,.T.);
#563=EDGE_CURVE('',#556,#564,#566,.F.);
#564=VERTEX_POINT('',#565);
#565=CARTESIAN_POINT('',(8.4328,5.4102,-2.4765));
#566=LINE('',#567,#568);
#567=CARTESIAN_POINT('',(8.4328,5.4102,-2.4765));
#568=VECTOR('',#569,1.0);
#569=DIRECTION('',(0.0,0.0,1.0));
#570=ORIENTED_EDGE('',*,*,#571,.T.);
#571=EDGE_CURVE('',#564,#572,#574,.F.);
#572=VERTEX_POINT('',#573);
#573=CARTESIAN_POINT('',(8.4328,6.1722,-2.4765));
#574=LINE('',#575,#576);
#575=CARTESIAN_POINT('',(8.4328,6.1722,-2.4765));
#576=VECTOR('',#577,1.0);
#577=DIRECTION('',(0.0,-1.0,0.0));
#578=ORIENTED_EDGE('',*,*,#579,.T.);
#579=EDGE_CURVE('',#572,#153,#580,.T.);
#580=LINE('',#581,#582);
#581=CARTESIAN_POINT('',(8.4328,6.1722,-2.4765));
#582=VECTOR('',#583,1.0);
#583=DIRECTION('',(0.0,0.0,1.0));
#584=ORIENTED_EDGE('',*,*,#152,.F.);
#585=ORIENTED_EDGE('',*,*,#586,.T.);
#586=EDGE_CURVE('',#145,#587,#589,.T.);
#587=VERTEX_POINT('',#588);
#588=CARTESIAN_POINT('',(8.4328,5.0292,-0.5461));
#589=LINE('',#590,#591);
#590=CARTESIAN_POINT('',(8.4328,6.1722,-0.5461));
#591=VECTOR('',#592,1.0);
#592=DIRECTION('',(0.0,-1.0,0.0));
#593=ORIENTED_EDGE('',*,*,#594,.T.);
#594=EDGE_CURVE('',#587,#595,#597,.F.);
#595=VERTEX_POINT('',#596);
#596=CARTESIAN_POINT('',(8.4328,5.0292,-0.4826));
#597=LINE('',#598,#599);
#598=CARTESIAN_POINT('',(8.4328,5.0292,-0.4826));
#599=VECTOR('',#600,1.0);
#600=DIRECTION('',(0.0,0.0,-1.0));
#601=ORIENTED_EDGE('',*,*,#602,.T.);
#602=EDGE_CURVE('',#595,#603,#605,.T.);
#603=VERTEX_POINT('',#604);
#604=CARTESIAN_POINT('',(8.4328,5.9182,-0.4826));
#605=LINE('',#606,#607);
#606=CARTESIAN_POINT('',(8.4328,5.0292,-0.4826));
#607=VECTOR('',#608,1.0);
#608=DIRECTION('',(0.0,1.0,0.0));
#609=ORIENTED_EDGE('',*,*,#610,.T.);
#610=EDGE_CURVE('',#603,#611,#613,.T.);
#611=VERTEX_POINT('',#612);
#612=CARTESIAN_POINT('',(8.4328,6.1722,-0.2286));
#613=LINE('',#614,#615);
#614=CARTESIAN_POINT('',(8.4328,5.9182,-0.4826));
#615=VECTOR('',#616,1.0);
#616=DIRECTION('',(0.0,0.707106781,0.707106781));
#617=ORIENTED_EDGE('',*,*,#618,.T.);
#618=EDGE_CURVE('',#611,#619,#621,.F.);
#619=VERTEX_POINT('',#620);
#620=CARTESIAN_POINT('',(8.4328,6.1722,0.2286));
#621=LINE('',#622,#623);
#622=CARTESIAN_POINT('',(8.4328,6.1722,0.2286));
#623=VECTOR('',#624,1.0);
#624=DIRECTION('',(0.0,0.0,-1.0));
#625=ORIENTED_EDGE('',*,*,#626,.T.);
#626=EDGE_CURVE('',#619,#627,#629,.T.);
#627=VERTEX_POINT('',#628);
#628=CARTESIAN_POINT('',(8.4328,5.9182,0.4826));
#629=LINE('',#630,#631);
#630=CARTESIAN_POINT('',(8.4328,6.1722,0.2286));
#631=VECTOR('',#632,1.0);
#632=DIRECTION('',(0.0,-0.707106781,0.707106781));
#633=ORIENTED_EDGE('',*,*,#634,.T.);
#634=EDGE_CURVE('',#627,#635,#637,.F.);
#635=VERTEX_POINT('',#636);
#636=CARTESIAN_POINT('',(8.4328,5.0292,0.4826));
#637=LINE('',#638,#639);
#638=CARTESIAN_POINT('',(8.4328,5.0292,0.4826));
#639=VECTOR('',#640,1.0);
#640=DIRECTION('',(0.0,1.0,0.0));
#641=ORIENTED_EDGE('',*,*,#642,.T.);
#642=EDGE_CURVE('',#635,#643,#645,.F.);
#643=VERTEX_POINT('',#644);
#644=CARTESIAN_POINT('',(8.4328,5.0292,0.5461));
#645=LINE('',#646,#647);
#646=CARTESIAN_POINT('',(8.4328,5.0292,0.5461));
#647=VECTOR('',#648,1.0);
#648=DIRECTION('',(0.0,0.0,-1.0));
#649=ORIENTED_EDGE('',*,*,#650,.T.);
#650=EDGE_CURVE('',#643,#121,#651,.F.);
#651=LINE('',#652,#653);
#652=CARTESIAN_POINT('',(8.4328,6.1722,0.5461));
#653=VECTOR('',#654,1.0);
#654=DIRECTION('',(0.0,-1.0,0.0));
#655=ORIENTED_EDGE('',*,*,#118,.F.);
#656=ORIENTED_EDGE('',*,*,#467,.F.);
#657=ORIENTED_EDGE('',*,*,#658,.T.);
#658=EDGE_CURVE('',#460,#659,#661,.T.);
#659=VERTEX_POINT('',#660);
#660=CARTESIAN_POINT('',(8.4328,5.4102,2.4765));
#661=LINE('',#662,#663);
#662=CARTESIAN_POINT('',(8.4328,6.1722,2.4765));
#663=VECTOR('',#664,1.0);
#664=DIRECTION('',(0.0,-1.0,0.0));
#665=ORIENTED_EDGE('',*,*,#666,.T.);
#666=EDGE_CURVE('',#659,#667,#669,.F.);
#667=VERTEX_POINT('',#668);
#668=CARTESIAN_POINT('',(8.4328,5.4102,2.2225));
#669=LINE('',#670,#671);
#670=CARTESIAN_POINT('',(8.4328,5.4102,2.2225));
#671=VECTOR('',#672,1.0);
#672=DIRECTION('',(0.0,0.0,1.0));
#673=ORIENTED_EDGE('',*,*,#674,.T.);
#674=EDGE_CURVE('',#667,#675,#677,.T.);
#675=VERTEX_POINT('',#676);
#676=CARTESIAN_POINT('',(8.4328,5.0292,2.2225));
#677=LINE('',#678,#679);
#678=CARTESIAN_POINT('',(8.4328,5.4102,2.2225));
#679=VECTOR('',#680,1.0);
#680=DIRECTION('',(0.0,-1.0,0.0));
#681=ORIENTED_EDGE('',*,*,#682,.T.);
#682=EDGE_CURVE('',#675,#683,#685,.F.);
#683=VERTEX_POINT('',#684);
#684=CARTESIAN_POINT('',(8.4328,5.0292,0.6604));
#685=LINE('',#686,#687);
#686=CARTESIAN_POINT('',(8.4328,5.0292,0.6604));
#687=VECTOR('',#688,1.0);
#688=DIRECTION('',(0.0,0.0,1.0));
#689=ORIENTED_EDGE('',*,*,#690,.T.);
#690=EDGE_CURVE('',#683,#482,#691,.T.);
#691=LINE('',#692,#693);
#692=CARTESIAN_POINT('',(8.4328,5.0292,0.6604));
#693=VECTOR('',#694,1.0);
#694=DIRECTION('',(0.0,-1.0,0.0));
#695=PLANE('',#696);
#696=AXIS2_PLACEMENT_3D('',#697,#698,#699);
#697=CARTESIAN_POINT('',(8.4328,5.0292,-2.4638));
#698=DIRECTION('',(1.0,0.0,0.0));
#699=DIRECTION('',(0.0,0.0,1.0));
#700=ADVANCED_FACE('',(#701),#726,.T.);
#701=FACE_BOUND('',#702,.T.);
#702=EDGE_LOOP('',(#703,#713,#719,#720));
#703=ORIENTED_EDGE('',*,*,#704,.T.);
#704=EDGE_CURVE('',#705,#707,#709,.F.);
#705=VERTEX_POINT('',#706);
#706=CARTESIAN_POINT('',(6.985,5.0292,0.6604));
#707=VERTEX_POINT('',#708);
#708=CARTESIAN_POINT('',(6.985,4.5212,0.6604));
#709=LINE('',#710,#711);
#710=CARTESIAN_POINT('',(6.985,4.5212,0.6604));
#711=VECTOR('',#712,1.0);
#712=DIRECTION('',(0.0,1.0,0.0));
#713=ORIENTED_EDGE('',*,*,#714,.T.);
#714=EDGE_CURVE('',#707,#482,#715,.F.);
#715=LINE('',#716,#717);
#716=CARTESIAN_POINT('',(8.4328,4.5212,0.6604));
#717=VECTOR('',#718,1.0);
#718=DIRECTION('',(-1.0,0.0,0.0));
#719=ORIENTED_EDGE('',*,*,#690,.F.);
#720=ORIENTED_EDGE('',*,*,#721,.T.);
#721=EDGE_CURVE('',#683,#705,#722,.T.);
#722=LINE('',#723,#724);
#723=CARTESIAN_POINT('',(8.4328,5.0292,0.6604));
#724=VECTOR('',#725,1.0);
#725=DIRECTION('',(-1.0,0.0,0.0));
#726=PLANE('',#727);
#727=AXIS2_PLACEMENT_3D('',#728,#729,#730);
#728=CARTESIAN_POINT('',(8.4328,5.0292,0.6604));
#729=DIRECTION('',(0.0,0.0,1.0));
#730=DIRECTION('',(-1.0,0.0,0.0));
#731=ADVANCED_FACE('',(#732),#750,.T.);
#732=FACE_BOUND('',#733,.T.);
#733=EDGE_LOOP('',(#734,#735,#743,#749));
#734=ORIENTED_EDGE('',*,*,#682,.F.);
#735=ORIENTED_EDGE('',*,*,#736,.T.);
#736=EDGE_CURVE('',#675,#737,#739,.T.);
#737=VERTEX_POINT('',#738);
#738=CARTESIAN_POINT('',(6.985,5.0292,2.2225));
#739=LINE('',#740,#741);
#740=CARTESIAN_POINT('',(8.4328,5.0292,2.2225));
#741=VECTOR('',#742,1.0);
#742=DIRECTION('',(-1.0,0.0,0.0));
#743=ORIENTED_EDGE('',*,*,#744,.T.);
#744=EDGE_CURVE('',#737,#705,#745,.F.);
#745=LINE('',#746,#747);
#746=CARTESIAN_POINT('',(6.985,5.0292,0.6604));
#747=VECTOR('',#748,1.0);
#748=DIRECTION('',(0.0,0.0,1.0));
#749=ORIENTED_EDGE('',*,*,#721,.F.);
#750=PLANE('',#751);
#751=AXIS2_PLACEMENT_3D('',#752,#753,#754);
#752=CARTESIAN_POINT('',(1.8288,5.0292,0.0));
#753=DIRECTION('',(0.0,-1.0,0.0));
#754=DIRECTION('',(1.0,0.0,0.0));
#755=ADVANCED_FACE('',(#756),#1012,.F.);
#756=FACE_BOUND('',#757,.T.);
#757=EDGE_LOOP('',(#758,#768,#776,#784,#792,#800,#808,#816,#824,#832,#840,#848,#856,#864,#872,#880,#888,#896,#904,#912,#920,#926,#927,#928,#936,#944,#950,#951,#959,#967,#973,#974,#982,#990,#998,#1006));
#758=ORIENTED_EDGE('',*,*,#759,.T.);
#759=EDGE_CURVE('',#760,#762,#764,.T.);
#760=VERTEX_POINT('',#761);
#761=CARTESIAN_POINT('',(6.985,5.4102,-2.812334951));
#762=VERTEX_POINT('',#763);
#763=CARTESIAN_POINT('',(6.985,5.4102,-2.2225));
#764=LINE('',#765,#766);
#765=CARTESIAN_POINT('',(6.985,5.4102,-2.812334951));
#766=VECTOR('',#767,1.0);
#767=DIRECTION('',(0.0,0.0,1.0));
#768=ORIENTED_EDGE('',*,*,#769,.T.);
#769=EDGE_CURVE('',#762,#770,#772,.T.);
#770=VERTEX_POINT('',#771);
#771=CARTESIAN_POINT('',(6.985,5.0292,-2.2225));
#772=LINE('',#773,#774);
#773=CARTESIAN_POINT('',(6.985,5.4102,-2.2225));
#774=VECTOR('',#775,1.0);
#775=DIRECTION('',(0.0,-1.0,0.0));
#776=ORIENTED_EDGE('',*,*,#777,.T.);
#777=EDGE_CURVE('',#770,#778,#780,.T.);
#778=VERTEX_POINT('',#779);
#779=CARTESIAN_POINT('',(6.985,5.0292,-2.4638));
#780=LINE('',#781,#782);
#781=CARTESIAN_POINT('',(6.985,5.0292,-2.2225));
#782=VECTOR('',#783,1.0);
#783=DIRECTION('',(0.0,0.0,-1.0));
#784=ORIENTED_EDGE('',*,*,#785,.T.);
#785=EDGE_CURVE('',#778,#786,#788,.F.);
#786=VERTEX_POINT('',#787);
#787=CARTESIAN_POINT('',(6.985,1.9812,-2.4638));
#788=LINE('',#789,#790);
#789=CARTESIAN_POINT('',(6.985,1.9812,-2.4638));
#790=VECTOR('',#791,1.0);
#791=DIRECTION('',(0.0,1.0,0.0));
#792=ORIENTED_EDGE('',*,*,#793,.T.);
#793=EDGE_CURVE('',#786,#794,#796,.F.);
#794=VERTEX_POINT('',#795);
#795=CARTESIAN_POINT('',(6.985,1.9812,-1.9558));
#796=LINE('',#797,#798);
#797=CARTESIAN_POINT('',(6.985,1.9812,-1.9558));
#798=VECTOR('',#799,1.0);
#799=DIRECTION('',(0.0,0.0,-1.0));
#800=ORIENTED_EDGE('',*,*,#801,.T.);
#801=EDGE_CURVE('',#794,#802,#804,.T.);
#802=VERTEX_POINT('',#803);
#803=CARTESIAN_POINT('',(6.985,4.4577,-1.9558));
#804=LINE('',#805,#806);
#805=CARTESIAN_POINT('',(6.985,1.9812,-1.9558));
#806=VECTOR('',#807,1.0);
#807=DIRECTION('',(0.0,1.0,0.0));
#808=ORIENTED_EDGE('',*,*,#809,.T.);
#809=EDGE_CURVE('',#802,#810,#812,.F.);
#810=VERTEX_POINT('',#811);
#811=CARTESIAN_POINT('',(6.985,4.4577,-1.4224));
#812=LINE('',#813,#814);
#813=CARTESIAN_POINT('',(6.985,4.4577,-1.4224));
#814=VECTOR('',#815,1.0);
#815=DIRECTION('',(0.0,0.0,-1.0));
#816=ORIENTED_EDGE('',*,*,#817,.T.);
#817=EDGE_CURVE('',#810,#818,#820,.F.);
#818=VERTEX_POINT('',#819);
#819=CARTESIAN_POINT('',(6.985,2.54,-1.4224));
#820=LINE('',#821,#822);
#821=CARTESIAN_POINT('',(6.985,2.54,-1.4224));
#822=VECTOR('',#823,1.0);
#823=DIRECTION('',(0.0,1.0,0.0));
#824=ORIENTED_EDGE('',*,*,#825,.T.);
#825=EDGE_CURVE('',#818,#826,#828,.F.);
#826=VERTEX_POINT('',#827);
#827=CARTESIAN_POINT('',(6.985,2.54,-1.0414));
#828=LINE('',#829,#830);
#829=CARTESIAN_POINT('',(6.985,2.54,-1.0414));
#830=VECTOR('',#831,1.0);
#831=DIRECTION('',(0.0,0.0,-1.0));
#832=ORIENTED_EDGE('',*,*,#833,.T.);
#833=EDGE_CURVE('',#826,#834,#836,.T.);
#834=VERTEX_POINT('',#835);
#835=CARTESIAN_POINT('',(6.985,4.4577,-1.0414));
#836=LINE('',#837,#838);
#837=CARTESIAN_POINT('',(6.985,2.54,-1.0414));
#838=VECTOR('',#839,1.0);
#839=DIRECTION('',(0.0,1.0,0.0));
#840=ORIENTED_EDGE('',*,*,#841,.T.);
#841=EDGE_CURVE('',#834,#842,#844,.F.);
#842=VERTEX_POINT('',#843);
#843=CARTESIAN_POINT('',(6.985,4.4577,-0.508));
#844=LINE('',#845,#846);
#845=CARTESIAN_POINT('',(6.985,4.4577,-0.508));
#846=VECTOR('',#847,1.0);
#847=DIRECTION('',(0.0,0.0,-1.0));
#848=ORIENTED_EDGE('',*,*,#849,.T.);
#849=EDGE_CURVE('',#842,#850,#852,.F.);
#850=VERTEX_POINT('',#851);
#851=CARTESIAN_POINT('',(6.985,1.9812,-0.508));
#852=LINE('',#853,#854);
#853=CARTESIAN_POINT('',(6.985,1.9812,-0.508));
#854=VECTOR('',#855,1.0);
#855=DIRECTION('',(0.0,1.0,0.0));
#856=ORIENTED_EDGE('',*,*,#857,.T.);
#857=EDGE_CURVE('',#850,#858,#860,.F.);
#858=VERTEX_POINT('',#859);
#859=CARTESIAN_POINT('',(6.985,1.9812,0.635));
#860=LINE('',#861,#862);
#861=CARTESIAN_POINT('',(6.985,1.9812,0.635));
#862=VECTOR('',#863,1.0);
#863=DIRECTION('',(0.0,0.0,-1.0));
#864=ORIENTED_EDGE('',*,*,#865,.T.);
#865=EDGE_CURVE('',#858,#866,#868,.F.);
#866=VERTEX_POINT('',#867);
#867=CARTESIAN_POINT('',(6.985,0.564311642,0.635));
#868=LINE('',#869,#870);
#869=CARTESIAN_POINT('',(6.985,0.564311642,0.635));
#870=VECTOR('',#871,1.0);
#871=DIRECTION('',(0.0,1.0,0.0));
#872=ORIENTED_EDGE('',*,*,#873,.T.);
#873=EDGE_CURVE('',#866,#874,#876,.F.);
#874=VERTEX_POINT('',#875);
#875=CARTESIAN_POINT('',(6.985,0.564311642,4.290597914));
#876=LINE('',#877,#878);
#877=CARTESIAN_POINT('',(6.985,0.564311642,4.290597914));
#878=VECTOR('',#879,1.0);
#879=DIRECTION('',(0.0,0.0,-1.0));
#880=ORIENTED_EDGE('',*,*,#881,.T.);
#881=EDGE_CURVE('',#874,#882,#884,.F.);
#882=VERTEX_POINT('',#883);
#883=CARTESIAN_POINT('',(6.985,4.6482,4.290597914));
#884=LINE('',#885,#886);
#885=CARTESIAN_POINT('',(6.985,4.6482,4.290597914));
#886=VECTOR('',#887,1.0);
#887=DIRECTION('',(0.0,-1.0,0.0));
#888=ORIENTED_EDGE('',*,*,#889,.T.);
#889=EDGE_CURVE('',#882,#890,#892,.T.);
#890=VERTEX_POINT('',#891);
#891=CARTESIAN_POINT('',(6.985,4.6482,4.1402));
#892=LINE('',#893,#894);
#893=CARTESIAN_POINT('',(6.985,4.6482,4.290597914));
#894=VECTOR('',#895,1.0);
#895=DIRECTION('',(0.0,0.0,-1.0));
#896=ORIENTED_EDGE('',*,*,#897,.T.);
#897=EDGE_CURVE('',#890,#898,#900,.F.);
#898=VERTEX_POINT('',#899);
#899=CARTESIAN_POINT('',(6.985,1.27,4.1402));
#900=LINE('',#901,#902);
#901=CARTESIAN_POINT('',(6.985,1.27,4.1402));
#902=VECTOR('',#903,1.0);
#903=DIRECTION('',(0.0,1.0,0.0));
#904=ORIENTED_EDGE('',*,*,#905,.T.);
#905=EDGE_CURVE('',#898,#906,#908,.T.);
#906=VERTEX_POINT('',#907);
#907=CARTESIAN_POINT('',(6.985,1.27,1.651));
#908=LINE('',#909,#910);
#909=CARTESIAN_POINT('',(6.985,1.27,4.1402));
#910=VECTOR('',#911,1.0);
#911=DIRECTION('',(0.0,0.0,-1.0));
#912=ORIENTED_EDGE('',*,*,#913,.T.);
#913=EDGE_CURVE('',#906,#914,#916,.T.);
#914=VERTEX_POINT('',#915);
#915=CARTESIAN_POINT('',(6.985,4.5212,1.651));
#916=LINE('',#917,#918);
#917=CARTESIAN_POINT('',(6.985,1.27,1.651));
#918=VECTOR('',#919,1.0);
#919=DIRECTION('',(0.0,1.0,0.0));
#920=ORIENTED_EDGE('',*,*,#921,.T.);
#921=EDGE_CURVE('',#914,#707,#922,.F.);
#922=LINE('',#923,#924);
#923=CARTESIAN_POINT('',(6.985,4.5212,0.6604));
#924=VECTOR('',#925,1.0);
#925=DIRECTION('',(0.0,0.0,1.0));
#926=ORIENTED_EDGE('',*,*,#704,.F.);
#927=ORIENTED_EDGE('',*,*,#744,.F.);
#928=ORIENTED_EDGE('',*,*,#929,.T.);
#929=EDGE_CURVE('',#737,#930,#932,.F.);
#930=VERTEX_POINT('',#931);
#931=CARTESIAN_POINT('',(6.985,5.4102,2.2225));
#932=LINE('',#933,#934);
#933=CARTESIAN_POINT('',(6.985,5.4102,2.2225));
#934=VECTOR('',#935,1.0);
#935=DIRECTION('',(0.0,-1.0,0.0));
#936=ORIENTED_EDGE('',*,*,#937,.T.);
#937=EDGE_CURVE('',#930,#938,#940,.T.);
#938=VERTEX_POINT('',#939);
#939=CARTESIAN_POINT('',(6.985,5.4102,2.812334951));
#940=LINE('',#941,#942);
#941=CARTESIAN_POINT('',(6.985,5.4102,2.2225));
#942=VECTOR('',#943,1.0);
#943=DIRECTION('',(0.0,0.0,1.0));
#944=ORIENTED_EDGE('',*,*,#945,.T.);
#945=EDGE_CURVE('',#938,#434,#946,.F.);
#946=LINE('',#947,#948);
#947=CARTESIAN_POINT('',(6.985,6.1722,2.812334951));
#948=VECTOR('',#949,1.0);
#949=DIRECTION('',(0.0,-1.0,0.0));
#950=ORIENTED_EDGE('',*,*,#433,.F.);
#951=ORIENTED_EDGE('',*,*,#952,.T.);
#952=EDGE_CURVE('',#426,#953,#955,.F.);
#953=VERTEX_POINT('',#954);
#954=CARTESIAN_POINT('',(6.985,6.6294,4.290597914));
#955=LINE('',#956,#957);
#956=CARTESIAN_POINT('',(6.985,6.6294,4.290597914));
#957=VECTOR('',#958,1.0);
#958=DIRECTION('',(0.0,-1.0,0.0));
#959=ORIENTED_EDGE('',*,*,#960,.T.);
#960=EDGE_CURVE('',#953,#961,#963,.F.);
#961=VERTEX_POINT('',#962);
#962=CARTESIAN_POINT('',(6.985,6.6294,1.778));
#963=LINE('',#964,#965);
#964=CARTESIAN_POINT('',(6.985,6.6294,1.778));
#965=VECTOR('',#966,1.0);
#966=DIRECTION('',(0.0,0.0,1.0));
#967=ORIENTED_EDGE('',*,*,#968,.T.);
#968=EDGE_CURVE('',#961,#176,#969,.F.);
#969=LINE('',#970,#971);
#970=CARTESIAN_POINT('',(6.985,6.1722,1.778));
#971=VECTOR('',#972,1.0);
#972=DIRECTION('',(0.0,1.0,0.0));
#973=ORIENTED_EDGE('',*,*,#175,.F.);
#974=ORIENTED_EDGE('',*,*,#975,.T.);
#975=EDGE_CURVE('',#168,#976,#978,.T.);
#976=VERTEX_POINT('',#977);
#977=CARTESIAN_POINT('',(6.985,6.6294,-1.778));
#978=LINE('',#979,#980);
#979=CARTESIAN_POINT('',(6.985,6.1722,-1.778));
#980=VECTOR('',#981,1.0);
#981=DIRECTION('',(0.0,1.0,0.0));
#982=ORIENTED_EDGE('',*,*,#983,.T.);
#983=EDGE_CURVE('',#976,#984,#986,.F.);
#984=VERTEX_POINT('',#985);
#985=CARTESIAN_POINT('',(6.985,6.6294,-4.290597914));
#986=LINE('',#987,#988);
#987=CARTESIAN_POINT('',(6.985,6.6294,-4.290597914));
#988=VECTOR('',#989,1.0);
#989=DIRECTION('',(0.0,0.0,1.0));
#990=ORIENTED_EDGE('',*,*,#991,.T.);
#991=EDGE_CURVE('',#984,#992,#994,.F.);
#992=VERTEX_POINT('',#993);
#993=CARTESIAN_POINT('',(6.985,6.1722,-4.290597914));
#994=LINE('',#995,#996);
#995=CARTESIAN_POINT('',(6.985,6.1722,-4.290597914));
#996=VECTOR('',#997,1.0);
#997=DIRECTION('',(0.0,1.0,0.0));
#998=ORIENTED_EDGE('',*,*,#999,.T.);
#999=EDGE_CURVE('',#992,#1000,#1002,.F.);
#1000=VERTEX_POINT('',#1001);
#1001=CARTESIAN_POINT('',(6.985,6.1722,-2.812334951));
#1002=LINE('',#1003,#1004);
#1003=CARTESIAN_POINT('',(6.985,6.1722,-2.812334951));
#1004=VECTOR('',#1005,1.0);
#1005=DIRECTION('',(0.0,0.0,-1.0));
#1006=ORIENTED_EDGE('',*,*,#1007,.T.);
#1007=EDGE_CURVE('',#1000,#760,#1008,.T.);
#1008=LINE('',#1009,#1010);
#1009=CARTESIAN_POINT('',(6.985,6.1722,-2.812334951));
#1010=VECTOR('',#1011,1.0);
#1011=DIRECTION('',(0.0,-1.0,0.0));
#1012=PLANE('',#1013);
#1013=AXIS2_PLACEMENT_3D('',#1014,#1015,#1016);
#1014=CARTESIAN_POINT('',(6.985,0.0,0.0));
#1015=DIRECTION('',(1.0,0.0,0.0));
#1016=DIRECTION('',(0.0,0.0,-1.0));
#1017=ADVANCED_FACE('',(#1018),#1045,.T.);
#1018=FACE_BOUND('',#1019,.T.);
#1019=EDGE_LOOP('',(#1020,#1030,#1037,#1038));
#1020=ORIENTED_EDGE('',*,*,#1021,.T.);
#1021=EDGE_CURVE('',#1022,#1024,#1026,.T.);
#1022=VERTEX_POINT('',#1023);
#1023=CARTESIAN_POINT('',(7.0993,6.1722,-2.7305));
#1024=VERTEX_POINT('',#1025);
#1025=CARTESIAN_POINT('',(7.0993,5.4102,-2.7305));
#1026=LINE('',#1027,#1028);
#1027=CARTESIAN_POINT('',(7.0993,6.1722,-2.7305));
#1028=VECTOR('',#1029,1.0);
#1029=DIRECTION('',(0.0,-1.0,0.0));
#1030=ORIENTED_EDGE('',*,*,#1031,.T.);
#1031=EDGE_CURVE('',#1024,#760,#1032,.F.);
#1032=CIRCLE('',#1033,3.175);
#1033=AXIS2_PLACEMENT_3D('',#1034,#1035,#1036);
#1034=CARTESIAN_POINT('',(5.1943,5.4102,-0.1905));
#1035=DIRECTION('',(0.0,-1.0,0.0));
#1036=DIRECTION('',(0.564,0.0,-0.825774788));
#1037=ORIENTED_EDGE('',*,*,#1007,.F.);
#1038=ORIENTED_EDGE('',*,*,#1039,.T.);
#1039=EDGE_CURVE('',#1000,#1022,#1040,.T.);
#1040=CIRCLE('',#1041,3.175);
#1041=AXIS2_PLACEMENT_3D('',#1042,#1043,#1044);
#1042=CARTESIAN_POINT('',(5.1943,6.1722,-0.1905));
#1043=DIRECTION('',(0.0,-1.0,0.0));
#1044=DIRECTION('',(0.564,0.0,-0.825774788));
#1045=CYLINDRICAL_SURFACE('',#1046,3.175);
#1046=AXIS2_PLACEMENT_3D('',#1047,#1048,#1049);
#1047=CARTESIAN_POINT('',(5.1943,6.1722,-0.1905));
#1048=DIRECTION('',(0.0,-1.0,0.0));
#1049=DIRECTION('',(1.0,0.0,0.0));
#1050=ADVANCED_FACE('',(#1051),#1273,.F.);
#1051=FACE_BOUND('',#1052,.T.);
#1052=EDGE_LOOP('',(#1053,#1054,#1062,#1071,#1079,#1088,#1096,#1104,#1112,#1120,#1129,#1137,#1145,#1153,#1161,#1169,#1177,#1185,#1193,#1201,#1209,#1217,#1225,#1233,#1242,#1250,#1256,#1257,#1265,#1272));
#1053=ORIENTED_EDGE('',*,*,#999,.F.);
#1054=ORIENTED_EDGE('',*,*,#1055,.T.);
#1055=EDGE_CURVE('',#992,#1056,#1058,.F.);
#1056=VERTEX_POINT('',#1057);
#1057=CARTESIAN_POINT('',(0.992358141,6.1722,-4.290597914));
#1058=LINE('',#1059,#1060);
#1059=CARTESIAN_POINT('',(0.992358141,6.1722,-4.290597914));
#1060=VECTOR('',#1061,1.0);
#1061=DIRECTION('',(1.0,0.0,0.0));
#1062=ORIENTED_EDGE('',*,*,#1063,.T.);
#1063=EDGE_CURVE('',#1056,#1064,#1066,.F.);
#1064=VERTEX_POINT('',#1065);
#1065=CARTESIAN_POINT('',(0.997980836,6.1722,-4.318));
#1066=CIRCLE('',#1067,1.016);
#1067=AXIS2_PLACEMENT_3D('',#1068,#1069,#1070);
#1068=CARTESIAN_POINT('',(0.0,6.1722,-4.5085));
#1069=DIRECTION('',(0.0,-1.0,0.0));
#1070=DIRECTION('',(0.982264603,0.0,0.1875));
#1071=ORIENTED_EDGE('',*,*,#1072,.T.);
#1072=EDGE_CURVE('',#1064,#1073,#1075,.F.);
#1073=VERTEX_POINT('',#1074);
#1074=CARTESIAN_POINT('',(-0.997980836,6.1722,-4.318));
#1075=LINE('',#1076,#1077);
#1076=CARTESIAN_POINT('',(-0.997980836,6.1722,-4.318));
#1077=VECTOR('',#1078,1.0);
#1078=DIRECTION('',(1.0,0.0,0.0));
#1079=ORIENTED_EDGE('',*,*,#1080,.T.);
#1080=EDGE_CURVE('',#1073,#1081,#1083,.F.);
#1081=VERTEX_POINT('',#1082);
#1082=CARTESIAN_POINT('',(-0.992358141,6.1722,-4.290597914));
#1083=CIRCLE('',#1084,1.016);
#1084=AXIS2_PLACEMENT_3D('',#1085,#1086,#1087);
#1085=CARTESIAN_POINT('',(0.0,6.1722,-4.5085));
#1086=DIRECTION('',(0.0,-1.0,0.0));
#1087=DIRECTION('',(-0.976730454,0.0,0.214470558));
#1088=ORIENTED_EDGE('',*,*,#1089,.T.);
#1089=EDGE_CURVE('',#1081,#1090,#1092,.F.);
#1090=VERTEX_POINT('',#1091);
#1091=CARTESIAN_POINT('',(-6.985,6.1722,-4.290597914));
#1092=LINE('',#1093,#1094);
#1093=CARTESIAN_POINT('',(-6.985,6.1722,-4.290597914));
#1094=VECTOR('',#1095,1.0);
#1095=DIRECTION('',(1.0,0.0,0.0));
#1096=ORIENTED_EDGE('',*,*,#1097,.T.);
#1097=EDGE_CURVE('',#1090,#1098,#1100,.F.);
#1098=VERTEX_POINT('',#1099);
#1099=CARTESIAN_POINT('',(-6.985,6.1722,-1.778));
#1100=LINE('',#1101,#1102);
#1101=CARTESIAN_POINT('',(-6.985,6.1722,-1.778));
#1102=VECTOR('',#1103,1.0);
#1103=DIRECTION('',(0.0,0.0,-1.0));
#1104=ORIENTED_EDGE('',*,*,#1105,.T.);
#1105=EDGE_CURVE('',#1098,#1106,#1108,.F.);
#1106=VERTEX_POINT('',#1107);
#1107=CARTESIAN_POINT('',(-8.8011,6.1722,-1.778));
#1108=LINE('',#1109,#1110);
#1109=CARTESIAN_POINT('',(-8.8011,6.1722,-1.778));
#1110=VECTOR('',#1111,1.0);
#1111=DIRECTION('',(1.0,0.0,0.0));
#1112=ORIENTED_EDGE('',*,*,#1113,.T.);
#1113=EDGE_CURVE('',#1106,#1114,#1116,.F.);
#1114=VERTEX_POINT('',#1115);
#1115=CARTESIAN_POINT('',(-8.8011,6.1722,-4.3815));
#1116=LINE('',#1117,#1118);
#1117=CARTESIAN_POINT('',(-8.8011,6.1722,-4.3815));
#1118=VECTOR('',#1119,1.0);
#1119=DIRECTION('',(0.0,0.0,1.0));
#1120=ORIENTED_EDGE('',*,*,#1121,.T.);
#1121=EDGE_CURVE('',#1114,#1122,#1124,.F.);
#1122=VERTEX_POINT('',#1123);
#1123=CARTESIAN_POINT('',(-8.4201,6.1722,-4.7625));
#1124=CIRCLE('',#1125,0.381);
#1125=AXIS2_PLACEMENT_3D('',#1126,#1127,#1128);
#1126=CARTESIAN_POINT('',(-8.4201,6.1722,-4.3815));
#1127=DIRECTION('',(0.0,1.0,0.0));
#1128=DIRECTION('',(0.0,0.0,-1.0));
#1129=ORIENTED_EDGE('',*,*,#1130,.T.);
#1130=EDGE_CURVE('',#1122,#1131,#1133,.F.);
#1131=VERTEX_POINT('',#1132);
#1132=CARTESIAN_POINT('',(-5.3594,6.1722,-4.7625));
#1133=LINE('',#1134,#1135);
#1134=CARTESIAN_POINT('',(-5.3594,6.1722,-4.7625));
#1135=VECTOR('',#1136,1.0);
#1136=DIRECTION('',(-1.0,0.0,0.0));
#1137=ORIENTED_EDGE('',*,*,#1138,.T.);
#1138=EDGE_CURVE('',#1131,#1139,#1141,.F.);
#1139=VERTEX_POINT('',#1140);
#1140=CARTESIAN_POINT('',(-5.3594,6.1722,-5.0673));
#1141=LINE('',#1142,#1143);
#1142=CARTESIAN_POINT('',(-5.3594,6.1722,-5.0673));
#1143=VECTOR('',#1144,1.0);
#1144=DIRECTION('',(0.0,0.0,1.0));
#1145=ORIENTED_EDGE('',*,*,#1146,.T.);
#1146=EDGE_CURVE('',#1139,#1147,#1149,.T.);
#1147=VERTEX_POINT('',#1148);
#1148=CARTESIAN_POINT('',(-3.8354,6.1722,-5.0673));
#1149=LINE('',#1150,#1151);
#1150=CARTESIAN_POINT('',(-5.3594,6.1722,-5.0673));
#1151=VECTOR('',#1152,1.0);
#1152=DIRECTION('',(1.0,0.0,0.0));
#1153=ORIENTED_EDGE('',*,*,#1154,.T.);
#1154=EDGE_CURVE('',#1147,#1155,#1157,.F.);
#1155=VERTEX_POINT('',#1156);
#1156=CARTESIAN_POINT('',(-3.8354,6.1722,-4.7625));
#1157=LINE('',#1158,#1159);
#1158=CARTESIAN_POINT('',(-3.8354,6.1722,-4.7625));
#1159=VECTOR('',#1160,1.0);
#1160=DIRECTION('',(0.0,0.0,-1.0));
#1161=ORIENTED_EDGE('',*,*,#1162,.T.);
#1162=EDGE_CURVE('',#1155,#1163,#1165,.F.);
#1163=VERTEX_POINT('',#1164);
#1164=CARTESIAN_POINT('',(-0.762,6.1722,-4.7625));
#1165=LINE('',#1166,#1167);
#1166=CARTESIAN_POINT('',(-0.762,6.1722,-4.7625));
#1167=VECTOR('',#1168,1.0);
#1168=DIRECTION('',(-1.0,0.0,0.0));
#1169=ORIENTED_EDGE('',*,*,#1170,.T.);
#1170=EDGE_CURVE('',#1163,#1171,#1173,.F.);
#1171=VERTEX_POINT('',#1172);
#1172=CARTESIAN_POINT('',(-0.762,6.1722,-5.0673));
#1173=LINE('',#1174,#1175);
#1174=CARTESIAN_POINT('',(-0.762,6.1722,-5.0673));
#1175=VECTOR('',#1176,1.0);
#1176=DIRECTION('',(0.0,0.0,1.0));
#1177=ORIENTED_EDGE('',*,*,#1178,.T.);
#1178=EDGE_CURVE('',#1171,#1179,#1181,.T.);
#1179=VERTEX_POINT('',#1180);
#1180=CARTESIAN_POINT('',(0.762,6.1722,-5.0673));
#1181=LINE('',#1182,#1183);
#1182=CARTESIAN_POINT('',(-0.762,6.1722,-5.0673));
#1183=VECTOR('',#1184,1.0);
#1184=DIRECTION('',(1.0,0.0,0.0));
#1185=ORIENTED_EDGE('',*,*,#1186,.T.);
#1186=EDGE_CURVE('',#1179,#1187,#1189,.F.);
#1187=VERTEX_POINT('',#1188);
#1188=CARTESIAN_POINT('',(0.762,6.1722,-4.7625));
#1189=LINE('',#1190,#1191);
#1190=CARTESIAN_POINT('',(0.762,6.1722,-4.7625));
#1191=VECTOR('',#1192,1.0);
#1192=DIRECTION('',(0.0,0.0,-1.0));
#1193=ORIENTED_EDGE('',*,*,#1194,.T.);
#1194=EDGE_CURVE('',#1187,#1195,#1197,.F.);
#1195=VERTEX_POINT('',#1196);
#1196=CARTESIAN_POINT('',(3.8354,6.1722,-4.7625));
#1197=LINE('',#1198,#1199);
#1198=CARTESIAN_POINT('',(3.8354,6.1722,-4.7625));
#1199=VECTOR('',#1200,1.0);
#1200=DIRECTION('',(-1.0,0.0,0.0));
#1201=ORIENTED_EDGE('',*,*,#1202,.T.);
#1202=EDGE_CURVE('',#1195,#1203,#1205,.F.);
#1203=VERTEX_POINT('',#1204);
#1204=CARTESIAN_POINT('',(3.8354,6.1722,-5.0673));
#1205=LINE('',#1206,#1207);
#1206=CARTESIAN_POINT('',(3.8354,6.1722,-5.0673));
#1207=VECTOR('',#1208,1.0);
#1208=DIRECTION('',(0.0,0.0,1.0));
#1209=ORIENTED_EDGE('',*,*,#1210,.T.);
#1210=EDGE_CURVE('',#1203,#1211,#1213,.T.);
#1211=VERTEX_POINT('',#1212);
#1212=CARTESIAN_POINT('',(5.3594,6.1722,-5.0673));
#1213=LINE('',#1214,#1215);
#1214=CARTESIAN_POINT('',(3.8354,6.1722,-5.0673));
#1215=VECTOR('',#1216,1.0);
#1216=DIRECTION('',(1.0,0.0,0.0));
#1217=ORIENTED_EDGE('',*,*,#1218,.T.);
#1218=EDGE_CURVE('',#1211,#1219,#1221,.F.);
#1219=VERTEX_POINT('',#1220);
#1220=CARTESIAN_POINT('',(5.3594,6.1722,-4.7625));
#1221=LINE('',#1222,#1223);
#1222=CARTESIAN_POINT('',(5.3594,6.1722,-4.7625));
#1223=VECTOR('',#1224,1.0);
#1224=DIRECTION('',(0.0,0.0,-1.0));
#1225=ORIENTED_EDGE('',*,*,#1226,.T.);
#1226=EDGE_CURVE('',#1219,#1227,#1229,.F.);
#1227=VERTEX_POINT('',#1228);
#1228=CARTESIAN_POINT('',(8.4201,6.1722,-4.7625));
#1229=LINE('',#1230,#1231);
#1230=CARTESIAN_POINT('',(8.4201,6.1722,-4.7625));
#1231=VECTOR('',#1232,1.0);
#1232=DIRECTION('',(-1.0,0.0,0.0));
#1233=ORIENTED_EDGE('',*,*,#1234,.T.);
#1234=EDGE_CURVE('',#1227,#1235,#1237,.F.);
#1235=VERTEX_POINT('',#1236);
#1236=CARTESIAN_POINT('',(8.8011,6.1722,-4.3815));
#1237=CIRCLE('',#1238,0.381);
#1238=AXIS2_PLACEMENT_3D('',#1239,#1240,#1241);
#1239=CARTESIAN_POINT('',(8.4201,6.1722,-4.3815));
#1240=DIRECTION('',(0.0,1.0,0.0));
#1241=DIRECTION('',(1.0,0.0,0.0));
#1242=ORIENTED_EDGE('',*,*,#1243,.T.);
#1243=EDGE_CURVE('',#1235,#1244,#1246,.F.);
#1244=VERTEX_POINT('',#1245);
#1245=CARTESIAN_POINT('',(8.8011,6.1722,-1.905));
#1246=LINE('',#1247,#1248);
#1247=CARTESIAN_POINT('',(8.8011,6.1722,-1.905));
#1248=VECTOR('',#1249,1.0);
#1249=DIRECTION('',(0.0,0.0,-1.0));
#1250=ORIENTED_EDGE('',*,*,#1251,.T.);
#1251=EDGE_CURVE('',#1244,#153,#1252,.F.);
#1252=LINE('',#1253,#1254);
#1253=CARTESIAN_POINT('',(8.4328,6.1722,-1.905));
#1254=VECTOR('',#1255,1.0);
#1255=DIRECTION('',(1.0,0.0,0.0));
#1256=ORIENTED_EDGE('',*,*,#579,.F.);
#1257=ORIENTED_EDGE('',*,*,#1258,.T.);
#1258=EDGE_CURVE('',#572,#1259,#1261,.F.);
#1259=VERTEX_POINT('',#1260);
#1260=CARTESIAN_POINT('',(7.8613,6.1722,-2.4765));
#1261=LINE('',#1262,#1263);
#1262=CARTESIAN_POINT('',(7.8613,6.1722,-2.4765));
#1263=VECTOR('',#1264,1.0);
#1264=DIRECTION('',(1.0,0.0,0.0));
#1265=ORIENTED_EDGE('',*,*,#1266,.T.);
#1266=EDGE_CURVE('',#1259,#1022,#1267,.T.);
#1267=CIRCLE('',#1268,1.27);
#1268=AXIS2_PLACEMENT_3D('',#1269,#1270,#1271);
#1269=CARTESIAN_POINT('',(7.8613,6.1722,-3.7465));
#1270=DIRECTION('',(0.0,-1.0,0.0));
#1271=DIRECTION('',(0.0,0.0,1.0));
#1272=ORIENTED_EDGE('',*,*,#1039,.F.);
#1273=PLANE('',#1274);
#1274=AXIS2_PLACEMENT_3D('',#1275,#1276,#1277);
#1275=CARTESIAN_POINT('',(0.0,6.1722,0.0));
#1276=DIRECTION('',(0.0,1.0,0.0));
#1277=DIRECTION('',(0.0,0.0,1.0));
#1278=ADVANCED_FACE('',(#1279),#1298,.F.);
#1279=FACE_BOUND('',#1280,.T.);
#1280=EDGE_LOOP('',(#1281,#1289,#1296,#1297));
#1281=ORIENTED_EDGE('',*,*,#1282,.T.);
#1282=EDGE_CURVE('',#1259,#1283,#1285,.T.);
#1283=VERTEX_POINT('',#1284);
#1284=CARTESIAN_POINT('',(7.8613,5.4102,-2.4765));
#1285=LINE('',#1286,#1287);
#1286=CARTESIAN_POINT('',(7.8613,6.1722,-2.4765));
#1287=VECTOR('',#1288,1.0);
#1288=DIRECTION('',(0.0,-1.0,0.0));
#1289=ORIENTED_EDGE('',*,*,#1290,.T.);
#1290=EDGE_CURVE('',#1283,#1024,#1291,.F.);
#1291=CIRCLE('',#1292,1.27);
#1292=AXIS2_PLACEMENT_3D('',#1293,#1294,#1295);
#1293=CARTESIAN_POINT('',(7.8613,5.4102,-3.7465));
#1294=DIRECTION('',(0.0,1.0,0.0));
#1295=DIRECTION('',(-0.6,0.0,0.8));
#1296=ORIENTED_EDGE('',*,*,#1021,.F.);
#1297=ORIENTED_EDGE('',*,*,#1266,.F.);
#1298=CYLINDRICAL_SURFACE('',#1299,1.27);
#1299=AXIS2_PLACEMENT_3D('',#1300,#1301,#1302);
#1300=CARTESIAN_POINT('',(7.8613,6.1722,-3.7465));
#1301=DIRECTION('',(0.0,-1.0,0.0));
#1302=DIRECTION('',(1.0,0.0,0.0));
#1303=ADVANCED_FACE('',(#1304),#1322,.T.);
#1304=FACE_BOUND('',#1305,.T.);
#1305=EDGE_LOOP('',(#1306,#1307,#1308,#1314,#1315,#1321));
#1306=ORIENTED_EDGE('',*,*,#1031,.F.);
#1307=ORIENTED_EDGE('',*,*,#1290,.F.);
#1308=ORIENTED_EDGE('',*,*,#1309,.T.);
#1309=EDGE_CURVE('',#1283,#564,#1310,.T.);
#1310=LINE('',#1311,#1312);
#1311=CARTESIAN_POINT('',(7.8613,5.4102,-2.4765));
#1312=VECTOR('',#1313,1.0);
#1313=DIRECTION('',(1.0,0.0,0.0));
#1314=ORIENTED_EDGE('',*,*,#563,.F.);
#1315=ORIENTED_EDGE('',*,*,#1316,.T.);
#1316=EDGE_CURVE('',#556,#762,#1317,.T.);
#1317=LINE('',#1318,#1319);
#1318=CARTESIAN_POINT('',(8.4328,5.4102,-2.2225));
#1319=VECTOR('',#1320,1.0);
#1320=DIRECTION('',(-1.0,0.0,0.0));
#1321=ORIENTED_EDGE('',*,*,#759,.F.);
#1322=PLANE('',#1323);
#1323=AXIS2_PLACEMENT_3D('',#1324,#1325,#1326);
#1324=CARTESIAN_POINT('',(1.8288,5.4102,0.0));
#1325=DIRECTION('',(0.0,-1.0,0.0));
#1326=DIRECTION('',(1.0,0.0,0.0));
#1327=ADVANCED_FACE('',(#1328),#1339,.T.);
#1328=FACE_BOUND('',#1329,.T.);
#1329=EDGE_LOOP('',(#1330,#1331,#1332,#1333));
#1330=ORIENTED_EDGE('',*,*,#769,.F.);
#1331=ORIENTED_EDGE('',*,*,#1316,.F.);
#1332=ORIENTED_EDGE('',*,*,#555,.F.);
#1333=ORIENTED_EDGE('',*,*,#1334,.T.);
#1334=EDGE_CURVE('',#548,#770,#1335,.T.);
#1335=LINE('',#1336,#1337);
#1336=CARTESIAN_POINT('',(8.4328,5.0292,-2.2225));
#1337=VECTOR('',#1338,1.0);
#1338=DIRECTION('',(-1.0,0.0,0.0));
#1339=PLANE('',#1340);
#1340=AXIS2_PLACEMENT_3D('',#1341,#1342,#1343);
#1341=CARTESIAN_POINT('',(4.00685,6.1722,-2.2225));
#1342=DIRECTION('',(0.0,0.0,-1.0));
#1343=DIRECTION('',(1.0,0.0,0.0));
#1344=ADVANCED_FACE('',(#1345),#1356,.F.);
#1345=FACE_BOUND('',#1346,.T.);
#1346=EDGE_LOOP('',(#1347,#1348,#1354,#1355));
#1347=ORIENTED_EDGE('',*,*,#547,.F.);
#1348=ORIENTED_EDGE('',*,*,#1349,.T.);
#1349=EDGE_CURVE('',#540,#778,#1350,.F.);
#1350=LINE('',#1351,#1352);
#1351=CARTESIAN_POINT('',(6.985,5.0292,-2.4638));
#1352=VECTOR('',#1353,1.0);
#1353=DIRECTION('',(1.0,0.0,0.0));
#1354=ORIENTED_EDGE('',*,*,#777,.F.);
#1355=ORIENTED_EDGE('',*,*,#1334,.F.);
#1356=PLANE('',#1357);
#1357=AXIS2_PLACEMENT_3D('',#1358,#1359,#1360);
#1358=CARTESIAN_POINT('',(1.8288,5.0292,1.5875));
#1359=DIRECTION('',(0.0,-1.0,0.0));
#1360=DIRECTION('',(-1.0,0.0,0.0));
#1361=ADVANCED_FACE('',(#1362),#1373,.T.);
#1362=FACE_BOUND('',#1363,.T.);
#1363=EDGE_LOOP('',(#1364,#1365,#1366,#1372));
#1364=ORIENTED_EDGE('',*,*,#1349,.F.);
#1365=ORIENTED_EDGE('',*,*,#539,.F.);
#1366=ORIENTED_EDGE('',*,*,#1367,.T.);
#1367=EDGE_CURVE('',#532,#786,#1368,.F.);
#1368=LINE('',#1369,#1370);
#1369=CARTESIAN_POINT('',(6.985,1.9812,-2.4638));
#1370=VECTOR('',#1371,1.0);
#1371=DIRECTION('',(1.0,0.0,0.0));
#1372=ORIENTED_EDGE('',*,*,#785,.F.);
#1373=PLANE('',#1374);
#1374=AXIS2_PLACEMENT_3D('',#1375,#1376,#1377);
#1375=CARTESIAN_POINT('',(6.9088,5.0292,-2.4638));
#1376=DIRECTION('',(0.0,0.0,-1.0));
#1377=DIRECTION('',(1.0,0.0,0.0));
#1378=ADVANCED_FACE('',(#1379),#1406,.T.);
#1379=FACE_BOUND('',#1380,.T.);
#1380=EDGE_LOOP('',(#1381,#1382,#1383,#1391,#1399,#1405));
#1381=ORIENTED_EDGE('',*,*,#1367,.F.);
#1382=ORIENTED_EDGE('',*,*,#531,.F.);
#1383=ORIENTED_EDGE('',*,*,#1384,.T.);
#1384=EDGE_CURVE('',#524,#1385,#1387,.T.);
#1385=VERTEX_POINT('',#1386);
#1386=CARTESIAN_POINT('',(7.6708,1.9812,-0.508));
#1387=LINE('',#1388,#1389);
#1388=CARTESIAN_POINT('',(8.4328,1.9812,-0.508));
#1389=VECTOR('',#1390,1.0);
#1390=DIRECTION('',(-1.0,0.0,0.0));
#1391=ORIENTED_EDGE('',*,*,#1392,.T.);
#1392=EDGE_CURVE('',#1385,#1393,#1395,.F.);
#1393=VERTEX_POINT('',#1394);
#1394=CARTESIAN_POINT('',(7.6708,1.9812,-1.9558));
#1395=LINE('',#1396,#1397);
#1396=CARTESIAN_POINT('',(7.6708,1.9812,-1.9558));
#1397=VECTOR('',#1398,1.0);
#1398=DIRECTION('',(0.0,0.0,1.0));
#1399=ORIENTED_EDGE('',*,*,#1400,.T.);
#1400=EDGE_CURVE('',#1393,#794,#1401,.F.);
#1401=LINE('',#1402,#1403);
#1402=CARTESIAN_POINT('',(6.985,1.9812,-1.9558));
#1403=VECTOR('',#1404,1.0);
#1404=DIRECTION('',(1.0,0.0,0.0));
#1405=ORIENTED_EDGE('',*,*,#793,.F.);
#1406=PLANE('',#1407);
#1407=AXIS2_PLACEMENT_3D('',#1408,#1409,#1410);
#1408=CARTESIAN_POINT('',(1.8288,1.9812,1.5875));
#1409=DIRECTION('',(0.0,-1.0,0.0));
#1410=DIRECTION('',(-1.0,0.0,0.0));
#1411=ADVANCED_FACE('',(#1412),#1430,.F.);
#1412=FACE_BOUND('',#1413,.T.);
#1413=EDGE_LOOP('',(#1414,#1415,#1423,#1429));
#1414=ORIENTED_EDGE('',*,*,#1400,.F.);
#1415=ORIENTED_EDGE('',*,*,#1416,.T.);
#1416=EDGE_CURVE('',#1393,#1417,#1419,.T.);
#1417=VERTEX_POINT('',#1418);
#1418=CARTESIAN_POINT('',(7.6708,4.4577,-1.9558));
#1419=LINE('',#1420,#1421);
#1420=CARTESIAN_POINT('',(7.6708,1.9812,-1.9558));
#1421=VECTOR('',#1422,1.0);
#1422=DIRECTION('',(0.0,1.0,0.0));
#1423=ORIENTED_EDGE('',*,*,#1424,.T.);
#1424=EDGE_CURVE('',#1417,#802,#1425,.F.);
#1425=LINE('',#1426,#1427);
#1426=CARTESIAN_POINT('',(6.985,4.4577,-1.9558));
#1427=VECTOR('',#1428,1.0);
#1428=DIRECTION('',(1.0,0.0,0.0));
#1429=ORIENTED_EDGE('',*,*,#801,.F.);
#1430=PLANE('',#1431);
#1431=AXIS2_PLACEMENT_3D('',#1432,#1433,#1434);
#1432=CARTESIAN_POINT('',(6.9088,1.9812,-1.9558));
#1433=DIRECTION('',(0.0,0.0,-1.0));
#1434=DIRECTION('',(1.0,0.0,0.0));
#1435=ADVANCED_FACE('',(#1436),#1477,.T.);
#1436=FACE_BOUND('',#1437,.T.);
#1437=EDGE_LOOP('',(#1438,#1439,#1440,#1448,#1454,#1455,#1463,#1471));
#1438=ORIENTED_EDGE('',*,*,#809,.F.);
#1439=ORIENTED_EDGE('',*,*,#1424,.F.);
#1440=ORIENTED_EDGE('',*,*,#1441,.T.);
#1441=EDGE_CURVE('',#1417,#1442,#1444,.T.);
#1442=VERTEX_POINT('',#1443);
#1443=CARTESIAN_POINT('',(7.6708,4.4577,-0.508));
#1444=LINE('',#1445,#1446);
#1445=CARTESIAN_POINT('',(7.6708,4.4577,-1.9558));
#1446=VECTOR('',#1447,1.0);
#1447=DIRECTION('',(0.0,0.0,1.0));
#1448=ORIENTED_EDGE('',*,*,#1449,.T.);
#1449=EDGE_CURVE('',#1442,#842,#1450,.T.);
#1450=LINE('',#1451,#1452);
#1451=CARTESIAN_POINT('',(7.6708,4.4577,-0.508));
#1452=VECTOR('',#1453,1.0);
#1453=DIRECTION('',(-1.0,0.0,0.0));
#1454=ORIENTED_EDGE('',*,*,#841,.F.);
#1455=ORIENTED_EDGE('',*,*,#1456,.T.);
#1456=EDGE_CURVE('',#834,#1457,#1459,.T.);
#1457=VERTEX_POINT('',#1458);
#1458=CARTESIAN_POINT('',(7.404645884,4.4577,-1.0414));
#1459=LINE('',#1460,#1461);
#1460=CARTESIAN_POINT('',(6.985,4.4577,-1.0414));
#1461=VECTOR('',#1462,1.0);
#1462=DIRECTION('',(1.0,0.0,0.0));
#1463=ORIENTED_EDGE('',*,*,#1464,.T.);
#1464=EDGE_CURVE('',#1457,#1465,#1467,.F.);
#1465=VERTEX_POINT('',#1466);
#1466=CARTESIAN_POINT('',(7.404645884,4.4577,-1.4224));
#1467=LINE('',#1468,#1469);
#1468=CARTESIAN_POINT('',(7.404645884,4.4577,-1.4224));
#1469=VECTOR('',#1470,1.0);
#1470=DIRECTION('',(0.0,0.0,1.0));
#1471=ORIENTED_EDGE('',*,*,#1472,.T.);
#1472=EDGE_CURVE('',#1465,#810,#1473,.F.);
#1473=LINE('',#1474,#1475);
#1474=CARTESIAN_POINT('',(6.985,4.4577,-1.4224));
#1475=VECTOR('',#1476,1.0);
#1476=DIRECTION('',(1.0,0.0,0.0));
#1477=PLANE('',#1478);
#1478=AXIS2_PLACEMENT_3D('',#1479,#1480,#1481);
#1479=CARTESIAN_POINT('',(1.8288,4.4577,1.5875));
#1480=DIRECTION('',(0.0,-1.0,0.0));
#1481=DIRECTION('',(-1.0,0.0,0.0));
#1482=ADVANCED_FACE('',(#1483),#1502,.T.);
#1483=FACE_BOUND('',#1484,.T.);
#1484=EDGE_LOOP('',(#1485,#1494,#1500,#1501));
#1485=ORIENTED_EDGE('',*,*,#1486,.T.);
#1486=EDGE_CURVE('',#1465,#1487,#1489,.F.);
#1487=VERTEX_POINT('',#1488);
#1488=CARTESIAN_POINT('',(7.380570405,2.54,-1.4224));
#1489=CIRCLE('',#1490,5.646271187);
#1490=AXIS2_PLACEMENT_3D('',#1491,#1492,#1493);
#1491=CARTESIAN_POINT('',(1.8288,3.5687,-1.4224));
#1492=DIRECTION('',(0.0,0.0,1.0));
#1493=DIRECTION('',(0.983263152,-0.182191037,0.0));
#1494=ORIENTED_EDGE('',*,*,#1495,.T.);
#1495=EDGE_CURVE('',#1487,#818,#1496,.F.);
#1496=LINE('',#1497,#1498);
#1497=CARTESIAN_POINT('',(6.985,2.54,-1.4224));
#1498=VECTOR('',#1499,1.0);
#1499=DIRECTION('',(1.0,0.0,0.0));
#1500=ORIENTED_EDGE('',*,*,#817,.F.);
#1501=ORIENTED_EDGE('',*,*,#1472,.F.);
#1502=PLANE('',#1503);
#1503=AXIS2_PLACEMENT_3D('',#1504,#1505,#1506);
#1504=CARTESIAN_POINT('',(7.4803,2.0447,-1.4224));
#1505=DIRECTION('',(0.0,0.0,-1.0));
#1506=DIRECTION('',(-1.0,0.0,0.0));
#1507=ADVANCED_FACE('',(#1508),#1526,.F.);
#1508=FACE_BOUND('',#1509,.T.);
#1509=EDGE_LOOP('',(#1510,#1511,#1519,#1525));
#1510=ORIENTED_EDGE('',*,*,#1495,.F.);
#1511=ORIENTED_EDGE('',*,*,#1512,.T.);
#1512=EDGE_CURVE('',#1487,#1513,#1515,.T.);
#1513=VERTEX_POINT('',#1514);
#1514=CARTESIAN_POINT('',(7.380570405,2.54,-1.0414));
#1515=LINE('',#1516,#1517);
#1516=CARTESIAN_POINT('',(7.380570405,2.54,-1.4224));
#1517=VECTOR('',#1518,1.0);
#1518=DIRECTION('',(0.0,0.0,1.0));
#1519=ORIENTED_EDGE('',*,*,#1520,.T.);
#1520=EDGE_CURVE('',#1513,#826,#1521,.F.);
#1521=LINE('',#1522,#1523);
#1522=CARTESIAN_POINT('',(6.985,2.54,-1.0414));
#1523=VECTOR('',#1524,1.0);
#1524=DIRECTION('',(1.0,0.0,0.0));
#1525=ORIENTED_EDGE('',*,*,#825,.F.);
#1526=PLANE('',#1527);
#1527=AXIS2_PLACEMENT_3D('',#1528,#1529,#1530);
#1528=CARTESIAN_POINT('',(6.5532,2.54,-2.6924));
#1529=DIRECTION('',(0.0,1.0,0.0));
#1530=DIRECTION('',(1.0,0.0,0.0));
#1531=ADVANCED_FACE('',(#1532),#1544,.T.);
#1532=FACE_BOUND('',#1533,.T.);
#1533=EDGE_LOOP('',(#1534,#1535,#1536,#1543));
#1534=ORIENTED_EDGE('',*,*,#833,.F.);
#1535=ORIENTED_EDGE('',*,*,#1520,.F.);
#1536=ORIENTED_EDGE('',*,*,#1537,.T.);
#1537=EDGE_CURVE('',#1513,#1457,#1538,.T.);
#1538=CIRCLE('',#1539,5.646271187);
#1539=AXIS2_PLACEMENT_3D('',#1540,#1541,#1542);
#1540=CARTESIAN_POINT('',(1.8288,3.5687,-1.0414));
#1541=DIRECTION('',(0.0,0.0,1.0));
#1542=DIRECTION('',(0.983263152,-0.182191037,0.0));
#1543=ORIENTED_EDGE('',*,*,#1456,.F.);
#1544=PLANE('',#1545);
#1545=AXIS2_PLACEMENT_3D('',#1546,#1547,#1548);
#1546=CARTESIAN_POINT('',(6.527413175,2.0447,-1.0414));
#1547=DIRECTION('',(0.0,0.0,1.0));
#1548=DIRECTION('',(1.0,0.0,0.0));
#1549=ADVANCED_FACE('',(#1550),#1556,.T.);
#1550=FACE_BOUND('',#1551,.T.);
#1551=EDGE_LOOP('',(#1552,#1553,#1554,#1555));
#1552=ORIENTED_EDGE('',*,*,#1537,.F.);
#1553=ORIENTED_EDGE('',*,*,#1512,.F.);
#1554=ORIENTED_EDGE('',*,*,#1486,.F.);
#1555=ORIENTED_EDGE('',*,*,#1464,.F.);
#1556=CYLINDRICAL_SURFACE('',#1557,5.646271187);
#1557=AXIS2_PLACEMENT_3D('',#1558,#1559,#1560);
#1558=CARTESIAN_POINT('',(1.8288,3.5687,-1.0414));
#1559=DIRECTION('',(0.0,0.0,1.0));
#1560=DIRECTION('',(0.0,-1.0,0.0));
#1561=ADVANCED_FACE('',(#1562),#1596,.T.);
#1562=FACE_BOUND('',#1563,.T.);
#1563=EDGE_LOOP('',(#1564,#1565,#1571,#1572,#1573,#1581,#1589,#1595));
#1564=ORIENTED_EDGE('',*,*,#1449,.F.);
#1565=ORIENTED_EDGE('',*,*,#1566,.T.);
#1566=EDGE_CURVE('',#1442,#1385,#1567,.F.);
#1567=LINE('',#1568,#1569);
#1568=CARTESIAN_POINT('',(7.6708,1.9812,-0.508));
#1569=VECTOR('',#1570,1.0);
#1570=DIRECTION('',(0.0,1.0,0.0));
#1571=ORIENTED_EDGE('',*,*,#1384,.F.);
#1572=ORIENTED_EDGE('',*,*,#523,.F.);
#1573=ORIENTED_EDGE('',*,*,#1574,.T.);
#1574=EDGE_CURVE('',#516,#1575,#1577,.T.);
#1575=VERTEX_POINT('',#1576);
#1576=CARTESIAN_POINT('',(7.1628,0.9652,-0.508));
#1577=LINE('',#1578,#1579);
#1578=CARTESIAN_POINT('',(8.4328,0.9652,-0.508));
#1579=VECTOR('',#1580,1.0);
#1580=DIRECTION('',(-1.0,0.0,0.0));
#1581=ORIENTED_EDGE('',*,*,#1582,.T.);
#1582=EDGE_CURVE('',#1575,#1583,#1585,.F.);
#1583=VERTEX_POINT('',#1584);
#1584=CARTESIAN_POINT('',(7.1628,1.9812,-0.508));
#1585=LINE('',#1586,#1587);
#1586=CARTESIAN_POINT('',(7.1628,1.9812,-0.508));
#1587=VECTOR('',#1588,1.0);
#1588=DIRECTION('',(0.0,-1.0,0.0));
#1589=ORIENTED_EDGE('',*,*,#1590,.T.);
#1590=EDGE_CURVE('',#1583,#850,#1591,.F.);
#1591=LINE('',#1592,#1593);
#1592=CARTESIAN_POINT('',(6.985,1.9812,-0.508));
#1593=VECTOR('',#1594,1.0);
#1594=DIRECTION('',(1.0,0.0,0.0));
#1595=ORIENTED_EDGE('',*,*,#849,.F.);
#1596=PLANE('',#1597);
#1597=AXIS2_PLACEMENT_3D('',#1598,#1599,#1600);
#1598=CARTESIAN_POINT('',(5.08,5.0292,-0.508));
#1599=DIRECTION('',(0.0,0.0,-1.0));
#1600=DIRECTION('',(1.0,0.0,0.0));
#1601=ADVANCED_FACE('',(#1602),#1627,.T.);
#1602=FACE_BOUND('',#1603,.T.);
#1603=EDGE_LOOP('',(#1604,#1605,#1606,#1614,#1620,#1621));
#1604=ORIENTED_EDGE('',*,*,#857,.F.);
#1605=ORIENTED_EDGE('',*,*,#1590,.F.);
#1606=ORIENTED_EDGE('',*,*,#1607,.T.);
#1607=EDGE_CURVE('',#1583,#1608,#1610,.T.);
#1608=VERTEX_POINT('',#1609);
#1609=CARTESIAN_POINT('',(7.1628,1.9812,0.508));
#1610=LINE('',#1611,#1612);
#1611=CARTESIAN_POINT('',(7.1628,1.9812,-0.508));
#1612=VECTOR('',#1613,1.0);
#1613=DIRECTION('',(0.0,0.0,1.0));
#1614=ORIENTED_EDGE('',*,*,#1615,.T.);
#1615=EDGE_CURVE('',#1608,#500,#1616,.F.);
#1616=LINE('',#1617,#1618);
#1617=CARTESIAN_POINT('',(8.4328,1.9812,0.508));
#1618=VECTOR('',#1619,1.0);
#1619=DIRECTION('',(-1.0,0.0,0.0));
#1620=ORIENTED_EDGE('',*,*,#499,.F.);
#1621=ORIENTED_EDGE('',*,*,#1622,.T.);
#1622=EDGE_CURVE('',#492,#858,#1623,.T.);
#1623=LINE('',#1624,#1625);
#1624=CARTESIAN_POINT('',(8.4328,1.9812,0.635));
#1625=VECTOR('',#1626,1.0);
#1626=DIRECTION('',(-1.0,0.0,0.0));
#1627=PLANE('',#1628);
#1628=AXIS2_PLACEMENT_3D('',#1629,#1630,#1631);
#1629=CARTESIAN_POINT('',(1.8288,1.9812,1.5875));
#1630=DIRECTION('',(0.0,-1.0,0.0));
#1631=DIRECTION('',(-1.0,0.0,0.0));
#1632=ADVANCED_FACE('',(#1633),#1692,.F.);
#1633=FACE_BOUND('',#1634,.T.);
#1634=EDGE_LOOP('',(#1635,#1636,#1644,#1652,#1660,#1668,#1676,#1684,#1690,#1691));
#1635=ORIENTED_EDGE('',*,*,#491,.F.);
#1636=ORIENTED_EDGE('',*,*,#1637,.T.);
#1637=EDGE_CURVE('',#484,#1638,#1640,.T.);
#1638=VERTEX_POINT('',#1639);
#1639=CARTESIAN_POINT('',(8.4455,4.5212,0.635));
#1640=LINE('',#1641,#1642);
#1641=CARTESIAN_POINT('',(8.4328,4.5212,0.635));
#1642=VECTOR('',#1643,1.0);
#1643=DIRECTION('',(1.0,0.0,0.0));
#1644=ORIENTED_EDGE('',*,*,#1645,.T.);
#1645=EDGE_CURVE('',#1638,#1646,#1648,.F.);
#1646=VERTEX_POINT('',#1647);
#1647=CARTESIAN_POINT('',(8.4455,0.508,0.635));
#1648=LINE('',#1649,#1650);
#1649=CARTESIAN_POINT('',(8.4455,0.508,0.635));
#1650=VECTOR('',#1651,1.0);
#1651=DIRECTION('',(0.0,1.0,0.0));
#1652=ORIENTED_EDGE('',*,*,#1653,.T.);
#1653=EDGE_CURVE('',#1646,#1654,#1656,.F.);
#1654=VERTEX_POINT('',#1655);
#1655=CARTESIAN_POINT('',(-8.4455,0.508,0.635));
#1656=LINE('',#1657,#1658);
#1657=CARTESIAN_POINT('',(-8.4455,0.508,0.635));
#1658=VECTOR('',#1659,1.0);
#1659=DIRECTION('',(1.0,0.0,0.0));
#1660=ORIENTED_EDGE('',*,*,#1661,.T.);
#1661=EDGE_CURVE('',#1654,#1662,#1664,.F.);
#1662=VERTEX_POINT('',#1663);
#1663=CARTESIAN_POINT('',(-8.4455,4.5212,0.635));
#1664=LINE('',#1665,#1666);
#1665=CARTESIAN_POINT('',(-8.4455,4.5212,0.635));
#1666=VECTOR('',#1667,1.0);
#1667=DIRECTION('',(0.0,-1.0,0.0));
#1668=ORIENTED_EDGE('',*,*,#1669,.T.);
#1669=EDGE_CURVE('',#1662,#1670,#1672,.T.);
#1670=VERTEX_POINT('',#1671);
#1671=CARTESIAN_POINT('',(-6.985,4.5212,0.635));
#1672=LINE('',#1673,#1674);
#1673=CARTESIAN_POINT('',(-8.4455,4.5212,0.635));
#1674=VECTOR('',#1675,1.0);
#1675=DIRECTION('',(1.0,0.0,0.0));
#1676=ORIENTED_EDGE('',*,*,#1677,.T.);
#1677=EDGE_CURVE('',#1670,#1678,#1680,.F.);
#1678=VERTEX_POINT('',#1679);
#1679=CARTESIAN_POINT('',(-6.985,0.564311642,0.635));
#1680=LINE('',#1681,#1682);
#1681=CARTESIAN_POINT('',(-6.985,0.564311642,0.635));
#1682=VECTOR('',#1683,1.0);
#1683=DIRECTION('',(0.0,1.0,0.0));
#1684=ORIENTED_EDGE('',*,*,#1685,.T.);
#1685=EDGE_CURVE('',#1678,#866,#1686,.T.);
#1686=LINE('',#1687,#1688);
#1687=CARTESIAN_POINT('',(-6.985,0.564311642,0.635));
#1688=VECTOR('',#1689,1.0);
#1689=DIRECTION('',(1.0,0.0,0.0));
#1690=ORIENTED_EDGE('',*,*,#865,.F.);
#1691=ORIENTED_EDGE('',*,*,#1622,.F.);
#1692=PLANE('',#1693);
#1693=AXIS2_PLACEMENT_3D('',#1694,#1695,#1696);
#1694=CARTESIAN_POINT('',(-8.4455,1.27,0.635));
#1695=DIRECTION('',(0.0,0.0,1.0));
#1696=DIRECTION('',(1.0,0.0,0.0));
#1697=ADVANCED_FACE('',(#1698),#1716,.F.);
#1698=FACE_BOUND('',#1699,.T.);
#1699=EDGE_LOOP('',(#1700,#1708,#1714,#1715));
#1700=ORIENTED_EDGE('',*,*,#1701,.T.);
#1701=EDGE_CURVE('',#1678,#1702,#1704,.F.);
#1702=VERTEX_POINT('',#1703);
#1703=CARTESIAN_POINT('',(-6.985,0.564311642,4.290597914));
#1704=LINE('',#1705,#1706);
#1705=CARTESIAN_POINT('',(-6.985,0.564311642,4.290597914));
#1706=VECTOR('',#1707,1.0);
#1707=DIRECTION('',(0.0,0.0,-1.0));
#1708=ORIENTED_EDGE('',*,*,#1709,.T.);
#1709=EDGE_CURVE('',#1702,#874,#1710,.F.);
#1710=LINE('',#1711,#1712);
#1711=CARTESIAN_POINT('',(6.985,0.564311642,4.290597914));
#1712=VECTOR('',#1713,1.0);
#1713=DIRECTION('',(-1.0,0.0,0.0));
#1714=ORIENTED_EDGE('',*,*,#873,.F.);
#1715=ORIENTED_EDGE('',*,*,#1685,.F.);
#1716=PLANE('',#1717);
#1717=AXIS2_PLACEMENT_3D('',#1718,#1719,#1720);
#1718=CARTESIAN_POINT('',(6.985,0.564311642,4.290597914));
#1719=DIRECTION('',(0.0,-1.0,0.0));
#1720=DIRECTION('',(0.0,0.0,-1.0));
#1721=ADVANCED_FACE('',(#1722),#1740,.F.);
#1722=FACE_BOUND('',#1723,.T.);
#1723=EDGE_LOOP('',(#1724,#1725,#1733,#1739));
#1724=ORIENTED_EDGE('',*,*,#1709,.F.);
#1725=ORIENTED_EDGE('',*,*,#1726,.T.);
#1726=EDGE_CURVE('',#1702,#1727,#1729,.F.);
#1727=VERTEX_POINT('',#1728);
#1728=CARTESIAN_POINT('',(-6.985,4.6482,4.290597914));
#1729=LINE('',#1730,#1731);
#1730=CARTESIAN_POINT('',(-6.985,4.6482,4.290597914));
#1731=VECTOR('',#1732,1.0);
#1732=DIRECTION('',(0.0,-1.0,0.0));
#1733=ORIENTED_EDGE('',*,*,#1734,.T.);
#1734=EDGE_CURVE('',#1727,#882,#1735,.T.);
#1735=LINE('',#1736,#1737);
#1736=CARTESIAN_POINT('',(-6.985,4.6482,4.290597914));
#1737=VECTOR('',#1738,1.0);
#1738=DIRECTION('',(1.0,0.0,0.0));
#1739=ORIENTED_EDGE('',*,*,#881,.F.);
#1740=PLANE('',#1741);
#1741=AXIS2_PLACEMENT_3D('',#1742,#1743,#1744);
#1742=CARTESIAN_POINT('',(6.985,6.6294,4.290597914));
#1743=DIRECTION('',(0.0,0.0,1.0));
#1744=DIRECTION('',(0.0,-1.0,0.0));
#1745=ADVANCED_FACE('',(#1746),#1796,.T.);
#1746=FACE_BOUND('',#1747,.T.);
#1747=EDGE_LOOP('',(#1748,#1749,#1757,#1765,#1773,#1781,#1789,#1795));
#1748=ORIENTED_EDGE('',*,*,#1734,.F.);
#1749=ORIENTED_EDGE('',*,*,#1750,.T.);
#1750=EDGE_CURVE('',#1727,#1751,#1753,.T.);
#1751=VERTEX_POINT('',#1752);
#1752=CARTESIAN_POINT('',(-6.985,4.6482,4.1402));
#1753=LINE('',#1754,#1755);
#1754=CARTESIAN_POINT('',(-6.985,4.6482,4.290597914));
#1755=VECTOR('',#1756,1.0);
#1756=DIRECTION('',(0.0,0.0,-1.0));
#1757=ORIENTED_EDGE('',*,*,#1758,.T.);
#1758=EDGE_CURVE('',#1751,#1759,#1761,.F.);
#1759=VERTEX_POINT('',#1760);
#1760=CARTESIAN_POINT('',(-8.4455,4.6482,4.1402));
#1761=LINE('',#1762,#1763);
#1762=CARTESIAN_POINT('',(-8.4455,4.6482,4.1402));
#1763=VECTOR('',#1764,1.0);
#1764=DIRECTION('',(1.0,0.0,0.0));
#1765=ORIENTED_EDGE('',*,*,#1766,.T.);
#1766=EDGE_CURVE('',#1759,#1767,#1769,.F.);
#1767=VERTEX_POINT('',#1768);
#1768=CARTESIAN_POINT('',(-8.4455,4.6482,4.8133));
#1769=LINE('',#1770,#1771);
#1770=CARTESIAN_POINT('',(-8.4455,4.6482,4.8133));
#1771=VECTOR('',#1772,1.0);
#1772=DIRECTION('',(0.0,0.0,-1.0));
#1773=ORIENTED_EDGE('',*,*,#1774,.T.);
#1774=EDGE_CURVE('',#1767,#1775,#1777,.T.);
#1775=VERTEX_POINT('',#1776);
#1776=CARTESIAN_POINT('',(8.4455,4.6482,4.8133));
#1777=LINE('',#1778,#1779);
#1778=CARTESIAN_POINT('',(-8.4455,4.6482,4.8133));
#1779=VECTOR('',#1780,1.0);
#1780=DIRECTION('',(1.0,0.0,0.0));
#1781=ORIENTED_EDGE('',*,*,#1782,.T.);
#1782=EDGE_CURVE('',#1775,#1783,#1785,.T.);
#1783=VERTEX_POINT('',#1784);
#1784=CARTESIAN_POINT('',(8.4455,4.6482,4.1402));
#1785=LINE('',#1786,#1787);
#1786=CARTESIAN_POINT('',(8.4455,4.6482,4.8133));
#1787=VECTOR('',#1788,1.0);
#1788=DIRECTION('',(0.0,0.0,-1.0));
#1789=ORIENTED_EDGE('',*,*,#1790,.T.);
#1790=EDGE_CURVE('',#1783,#890,#1791,.F.);
#1791=LINE('',#1792,#1793);
#1792=CARTESIAN_POINT('',(6.985,4.6482,4.1402));
#1793=VECTOR('',#1794,1.0);
#1794=DIRECTION('',(1.0,0.0,0.0));
#1795=ORIENTED_EDGE('',*,*,#889,.F.);
#1796=PLANE('',#1797);
#1797=AXIS2_PLACEMENT_3D('',#1798,#1799,#1800);
#1798=CARTESIAN_POINT('',(0.0,4.6482,-5.3721));
#1799=DIRECTION('',(0.0,1.0,0.0));
#1800=DIRECTION('',(1.0,0.0,0.0));
#1801=ADVANCED_FACE('',(#1802),#1820,.F.);
#1802=FACE_BOUND('',#1803,.T.);
#1803=EDGE_LOOP('',(#1804,#1805,#1813,#1819));
#1804=ORIENTED_EDGE('',*,*,#1790,.F.);
#1805=ORIENTED_EDGE('',*,*,#1806,.T.);
#1806=EDGE_CURVE('',#1783,#1807,#1809,.T.);
#1807=VERTEX_POINT('',#1808);
#1808=CARTESIAN_POINT('',(8.4455,1.27,4.1402));
#1809=LINE('',#1810,#1811);
#1810=CARTESIAN_POINT('',(8.4455,4.6482,4.1402));
#1811=VECTOR('',#1812,1.0);
#1812=DIRECTION('',(0.0,-1.0,0.0));
#1813=ORIENTED_EDGE('',*,*,#1814,.T.);
#1814=EDGE_CURVE('',#1807,#898,#1815,.F.);
#1815=LINE('',#1816,#1817);
#1816=CARTESIAN_POINT('',(6.985,1.27,4.1402));
#1817=VECTOR('',#1818,1.0);
#1818=DIRECTION('',(1.0,0.0,0.0));
#1819=ORIENTED_EDGE('',*,*,#897,.F.);
#1820=PLANE('',#1821);
#1821=AXIS2_PLACEMENT_3D('',#1822,#1823,#1824);
#1822=CARTESIAN_POINT('',(-8.4455,4.6482,4.1402));
#1823=DIRECTION('',(0.0,0.0,1.0));
#1824=DIRECTION('',(1.0,0.0,0.0));
#1825=ADVANCED_FACE('',(#1826),#1844,.T.);
#1826=FACE_BOUND('',#1827,.T.);
#1827=EDGE_LOOP('',(#1828,#1829,#1837,#1843));
#1828=ORIENTED_EDGE('',*,*,#1814,.F.);
#1829=ORIENTED_EDGE('',*,*,#1830,.T.);
#1830=EDGE_CURVE('',#1807,#1831,#1833,.T.);
#1831=VERTEX_POINT('',#1832);
#1832=CARTESIAN_POINT('',(8.4455,1.27,1.651));
#1833=LINE('',#1834,#1835);
#1834=CARTESIAN_POINT('',(8.4455,1.27,4.1402));
#1835=VECTOR('',#1836,1.0);
#1836=DIRECTION('',(0.0,0.0,-1.0));
#1837=ORIENTED_EDGE('',*,*,#1838,.T.);
#1838=EDGE_CURVE('',#1831,#906,#1839,.F.);
#1839=LINE('',#1840,#1841);
#1840=CARTESIAN_POINT('',(6.985,1.27,1.651));
#1841=VECTOR('',#1842,1.0);
#1842=DIRECTION('',(1.0,0.0,0.0));
#1843=ORIENTED_EDGE('',*,*,#905,.F.);
#1844=PLANE('',#1845);
#1845=AXIS2_PLACEMENT_3D('',#1846,#1847,#1848);
#1846=CARTESIAN_POINT('',(0.0,1.27,-5.3721));
#1847=DIRECTION('',(0.0,1.0,0.0));
#1848=DIRECTION('',(1.0,0.0,0.0));
#1849=ADVANCED_FACE('',(#1850),#1868,.T.);
#1850=FACE_BOUND('',#1851,.T.);
#1851=EDGE_LOOP('',(#1852,#1853,#1861,#1867));
#1852=ORIENTED_EDGE('',*,*,#1838,.F.);
#1853=ORIENTED_EDGE('',*,*,#1854,.T.);
#1854=EDGE_CURVE('',#1831,#1855,#1857,.F.);
#1855=VERTEX_POINT('',#1856);
#1856=CARTESIAN_POINT('',(8.4455,4.5212,1.651));
#1857=LINE('',#1858,#1859);
#1858=CARTESIAN_POINT('',(8.4455,4.5212,1.651));
#1859=VECTOR('',#1860,1.0);
#1860=DIRECTION('',(0.0,-1.0,0.0));
#1861=ORIENTED_EDGE('',*,*,#1862,.T.);
#1862=EDGE_CURVE('',#1855,#914,#1863,.F.);
#1863=LINE('',#1864,#1865);
#1864=CARTESIAN_POINT('',(6.985,4.5212,1.651));
#1865=VECTOR('',#1866,1.0);
#1866=DIRECTION('',(1.0,0.0,0.0));
#1867=ORIENTED_EDGE('',*,*,#913,.F.);
#1868=PLANE('',#1869);
#1869=AXIS2_PLACEMENT_3D('',#1870,#1871,#1872);
#1870=CARTESIAN_POINT('',(-8.4455,4.5212,1.651));
#1871=DIRECTION('',(0.0,0.0,1.0));
#1872=DIRECTION('',(0.0,-1.0,0.0));
#1873=ADVANCED_FACE('',(#1874),#1887,.T.);
#1874=FACE_BOUND('',#1875,.T.);
#1875=EDGE_LOOP('',(#1876,#1877,#1878,#1879,#1885,#1886));
#1876=ORIENTED_EDGE('',*,*,#714,.F.);
#1877=ORIENTED_EDGE('',*,*,#921,.F.);
#1878=ORIENTED_EDGE('',*,*,#1862,.F.);
#1879=ORIENTED_EDGE('',*,*,#1880,.T.);
#1880=EDGE_CURVE('',#1855,#1638,#1881,.F.);
#1881=LINE('',#1882,#1883);
#1882=CARTESIAN_POINT('',(8.4455,4.5212,0.635));
#1883=VECTOR('',#1884,1.0);
#1884=DIRECTION('',(0.0,0.0,1.0));
#1885=ORIENTED_EDGE('',*,*,#1637,.F.);
#1886=ORIENTED_EDGE('',*,*,#481,.F.);
#1887=PLANE('',#1888);
#1888=AXIS2_PLACEMENT_3D('',#1889,#1890,#1891);
#1889=CARTESIAN_POINT('',(-8.4455,4.5212,0.635));
#1890=DIRECTION('',(0.0,1.0,0.0));
#1891=DIRECTION('',(0.0,0.0,1.0));
#1892=ADVANCED_FACE('',(#1893),#1963,.F.);
#1893=FACE_BOUND('',#1894,.T.);
#1894=EDGE_LOOP('',(#1895,#1896,#1897,#1898,#1899,#1900,#1908,#1916,#1924,#1932,#1940,#1948,#1956,#1962));
#1895=ORIENTED_EDGE('',*,*,#1880,.F.);
#1896=ORIENTED_EDGE('',*,*,#1854,.F.);
#1897=ORIENTED_EDGE('',*,*,#1830,.F.);
#1898=ORIENTED_EDGE('',*,*,#1806,.F.);
#1899=ORIENTED_EDGE('',*,*,#1782,.F.);
#1900=ORIENTED_EDGE('',*,*,#1901,.T.);
#1901=EDGE_CURVE('',#1775,#1902,#1904,.T.);
#1902=VERTEX_POINT('',#1903);
#1903=CARTESIAN_POINT('',(8.4455,5.7912,4.8133));
#1904=LINE('',#1905,#1906);
#1905=CARTESIAN_POINT('',(8.4455,4.6482,4.8133));
#1906=VECTOR('',#1907,1.0);
#1907=DIRECTION('',(0.0,1.0,0.0));
#1908=ORIENTED_EDGE('',*,*,#1909,.T.);
#1909=EDGE_CURVE('',#1902,#1910,#1912,.F.);
#1910=VERTEX_POINT('',#1911);
#1911=CARTESIAN_POINT('',(8.4455,5.7912,-4.8133));
#1912=LINE('',#1913,#1914);
#1913=CARTESIAN_POINT('',(8.4455,5.7912,-4.8133));
#1914=VECTOR('',#1915,1.0);
#1915=DIRECTION('',(0.0,0.0,1.0));
#1916=ORIENTED_EDGE('',*,*,#1917,.T.);
#1917=EDGE_CURVE('',#1910,#1918,#1920,.F.);
#1918=VERTEX_POINT('',#1919);
#1919=CARTESIAN_POINT('',(8.4455,4.6482,-4.8133));
#1920=LINE('',#1921,#1922);
#1921=CARTESIAN_POINT('',(8.4455,4.6482,-4.8133));
#1922=VECTOR('',#1923,1.0);
#1923=DIRECTION('',(0.0,1.0,0.0));
#1924=ORIENTED_EDGE('',*,*,#1925,.T.);
#1925=EDGE_CURVE('',#1918,#1926,#1928,.F.);
#1926=VERTEX_POINT('',#1927);
#1927=CARTESIAN_POINT('',(8.4455,4.6482,-3.1242));
#1928=LINE('',#1929,#1930);
#1929=CARTESIAN_POINT('',(8.4455,4.6482,-3.1242));
#1930=VECTOR('',#1931,1.0);
#1931=DIRECTION('',(0.0,0.0,-1.0));
#1932=ORIENTED_EDGE('',*,*,#1933,.T.);
#1933=EDGE_CURVE('',#1926,#1934,#1936,.T.);
#1934=VERTEX_POINT('',#1935);
#1935=CARTESIAN_POINT('',(8.4455,1.27,-3.1242));
#1936=LINE('',#1937,#1938);
#1937=CARTESIAN_POINT('',(8.4455,4.6482,-3.1242));
#1938=VECTOR('',#1939,1.0);
#1939=DIRECTION('',(0.0,-1.0,0.0));
#1940=ORIENTED_EDGE('',*,*,#1941,.T.);
#1941=EDGE_CURVE('',#1934,#1942,#1944,.F.);
#1942=VERTEX_POINT('',#1943);
#1943=CARTESIAN_POINT('',(8.4455,1.27,-0.635));
#1944=LINE('',#1945,#1946);
#1945=CARTESIAN_POINT('',(8.4455,1.27,-0.635));
#1946=VECTOR('',#1947,1.0);
#1947=DIRECTION('',(0.0,0.0,-1.0));
#1948=ORIENTED_EDGE('',*,*,#1949,.T.);
#1949=EDGE_CURVE('',#1942,#1950,#1952,.T.);
#1950=VERTEX_POINT('',#1951);
#1951=CARTESIAN_POINT('',(8.4455,0.508,-0.635));
#1952=LINE('',#1953,#1954);
#1953=CARTESIAN_POINT('',(8.4455,1.27,-0.635));
#1954=VECTOR('',#1955,1.0);
#1955=DIRECTION('',(0.0,-1.0,0.0));
#1956=ORIENTED_EDGE('',*,*,#1957,.T.);
#1957=EDGE_CURVE('',#1950,#1646,#1958,.F.);
#1958=LINE('',#1959,#1960);
#1959=CARTESIAN_POINT('',(8.4455,0.508,0.635));
#1960=VECTOR('',#1961,1.0);
#1961=DIRECTION('',(0.0,0.0,-1.0));
#1962=ORIENTED_EDGE('',*,*,#1645,.F.);
#1963=PLANE('',#1964);
#1964=AXIS2_PLACEMENT_3D('',#1965,#1966,#1967);
#1965=CARTESIAN_POINT('',(8.4455,7.3152,3.1242));
#1966=DIRECTION('',(1.0,0.0,0.0));
#1967=DIRECTION('',(0.0,0.0,-1.0));
#1968=ADVANCED_FACE('',(#1969),#1987,.T.);
#1969=FACE_BOUND('',#1970,.T.);
#1970=EDGE_LOOP('',(#1971,#1972,#1973,#1981));
#1971=ORIENTED_EDGE('',*,*,#1653,.F.);
#1972=ORIENTED_EDGE('',*,*,#1957,.F.);
#1973=ORIENTED_EDGE('',*,*,#1974,.T.);
#1974=EDGE_CURVE('',#1950,#1975,#1977,.T.);
#1975=VERTEX_POINT('',#1976);
#1976=CARTESIAN_POINT('',(-8.4455,0.508,-0.635));
#1977=LINE('',#1978,#1979);
#1978=CARTESIAN_POINT('',(8.4455,0.508,-0.635));
#1979=VECTOR('',#1980,1.0);
#1980=DIRECTION('',(-1.0,0.0,0.0));
#1981=ORIENTED_EDGE('',*,*,#1982,.T.);
#1982=EDGE_CURVE('',#1975,#1654,#1983,.T.);
#1983=LINE('',#1984,#1985);
#1984=CARTESIAN_POINT('',(-8.4455,0.508,-0.635));
#1985=VECTOR('',#1986,1.0);
#1986=DIRECTION('',(0.0,0.0,1.0));
#1987=PLANE('',#1988);
#1988=AXIS2_PLACEMENT_3D('',#1989,#1990,#1991);
#1989=CARTESIAN_POINT('',(0.0,0.508,-5.3721));
#1990=DIRECTION('',(0.0,1.0,0.0));
#1991=DIRECTION('',(1.0,0.0,0.0));
#1992=ADVANCED_FACE('',(#1993),#2082,.F.);
#1993=FACE_BOUND('',#1994,.T.);
#1994=EDGE_LOOP('',(#1995,#1996,#2004,#2012,#2020,#2028,#2036,#2044,#2050,#2051,#2059,#2067,#2075,#2081));
#1995=ORIENTED_EDGE('',*,*,#1982,.F.);
#1996=ORIENTED_EDGE('',*,*,#1997,.T.);
#1997=EDGE_CURVE('',#1975,#1998,#2000,.F.);
#1998=VERTEX_POINT('',#1999);
#1999=CARTESIAN_POINT('',(-8.4455,1.27,-0.635));
#2000=LINE('',#2001,#2002);
#2001=CARTESIAN_POINT('',(-8.4455,1.27,-0.635));
#2002=VECTOR('',#2003,1.0);
#2003=DIRECTION('',(0.0,-1.0,0.0));
#2004=ORIENTED_EDGE('',*,*,#2005,.T.);
#2005=EDGE_CURVE('',#1998,#2006,#2008,.F.);
#2006=VERTEX_POINT('',#2007);
#2007=CARTESIAN_POINT('',(-8.4455,1.27,-3.1242));
#2008=LINE('',#2009,#2010);
#2009=CARTESIAN_POINT('',(-8.4455,1.27,-3.1242));
#2010=VECTOR('',#2011,1.0);
#2011=DIRECTION('',(0.0,0.0,1.0));
#2012=ORIENTED_EDGE('',*,*,#2013,.T.);
#2013=EDGE_CURVE('',#2006,#2014,#2016,.F.);
#2014=VERTEX_POINT('',#2015);
#2015=CARTESIAN_POINT('',(-8.4455,4.6482,-3.1242));
#2016=LINE('',#2017,#2018);
#2017=CARTESIAN_POINT('',(-8.4455,4.6482,-3.1242));
#2018=VECTOR('',#2019,1.0);
#2019=DIRECTION('',(0.0,-1.0,0.0));
#2020=ORIENTED_EDGE('',*,*,#2021,.T.);
#2021=EDGE_CURVE('',#2014,#2022,#2024,.T.);
#2022=VERTEX_POINT('',#2023);
#2023=CARTESIAN_POINT('',(-8.4455,4.6482,-4.8133));
#2024=LINE('',#2025,#2026);
#2025=CARTESIAN_POINT('',(-8.4455,4.6482,-3.1242));
#2026=VECTOR('',#2027,1.0);
#2027=DIRECTION('',(0.0,0.0,-1.0));
#2028=ORIENTED_EDGE('',*,*,#2029,.T.);
#2029=EDGE_CURVE('',#2022,#2030,#2032,.T.);
#2030=VERTEX_POINT('',#2031);
#2031=CARTESIAN_POINT('',(-8.4455,5.7912,-4.8133));
#2032=LINE('',#2033,#2034);
#2033=CARTESIAN_POINT('',(-8.4455,4.6482,-4.8133));
#2034=VECTOR('',#2035,1.0);
#2035=DIRECTION('',(0.0,1.0,0.0));
#2036=ORIENTED_EDGE('',*,*,#2037,.T.);
#2037=EDGE_CURVE('',#2030,#2038,#2040,.F.);
#2038=VERTEX_POINT('',#2039);
#2039=CARTESIAN_POINT('',(-8.4455,5.7912,4.8133));
#2040=LINE('',#2041,#2042);
#2041=CARTESIAN_POINT('',(-8.4455,5.7912,4.8133));
#2042=VECTOR('',#2043,1.0);
#2043=DIRECTION('',(0.0,0.0,-1.0));
#2044=ORIENTED_EDGE('',*,*,#2045,.T.);
#2045=EDGE_CURVE('',#2038,#1767,#2046,.F.);
#2046=LINE('',#2047,#2048);
#2047=CARTESIAN_POINT('',(-8.4455,4.6482,4.8133));
#2048=VECTOR('',#2049,1.0);
#2049=DIRECTION('',(0.0,1.0,0.0));
#2050=ORIENTED_EDGE('',*,*,#1766,.F.);
#2051=ORIENTED_EDGE('',*,*,#2052,.T.);
#2052=EDGE_CURVE('',#1759,#2053,#2055,.T.);
#2053=VERTEX_POINT('',#2054);
#2054=CARTESIAN_POINT('',(-8.4455,1.27,4.1402));
#2055=LINE('',#2056,#2057);
#2056=CARTESIAN_POINT('',(-8.4455,4.6482,4.1402));
#2057=VECTOR('',#2058,1.0);
#2058=DIRECTION('',(0.0,-1.0,0.0));
#2059=ORIENTED_EDGE('',*,*,#2060,.T.);
#2060=EDGE_CURVE('',#2053,#2061,#2063,.F.);
#2061=VERTEX_POINT('',#2062);
#2062=CARTESIAN_POINT('',(-8.4455,1.27,1.651));
#2063=LINE('',#2064,#2065);
#2064=CARTESIAN_POINT('',(-8.4455,1.27,1.651));
#2065=VECTOR('',#2066,1.0);
#2066=DIRECTION('',(0.0,0.0,1.0));
#2067=ORIENTED_EDGE('',*,*,#2068,.T.);
#2068=EDGE_CURVE('',#2061,#2069,#2071,.F.);
#2069=VERTEX_POINT('',#2070);
#2070=CARTESIAN_POINT('',(-8.4455,4.5212,1.651));
#2071=LINE('',#2072,#2073);
#2072=CARTESIAN_POINT('',(-8.4455,4.5212,1.651));
#2073=VECTOR('',#2074,1.0);
#2074=DIRECTION('',(0.0,-1.0,0.0));
#2075=ORIENTED_EDGE('',*,*,#2076,.T.);
#2076=EDGE_CURVE('',#2069,#1662,#2077,.F.);
#2077=LINE('',#2078,#2079);
#2078=CARTESIAN_POINT('',(-8.4455,4.5212,0.635));
#2079=VECTOR('',#2080,1.0);
#2080=DIRECTION('',(0.0,0.0,1.0));
#2081=ORIENTED_EDGE('',*,*,#1661,.F.);
#2082=PLANE('',#2083);
#2083=AXIS2_PLACEMENT_3D('',#2084,#2085,#2086);
#2084=CARTESIAN_POINT('',(-8.4455,7.3152,-3.1242));
#2085=DIRECTION('',(-1.0,0.0,0.0));
#2086=DIRECTION('',(0.0,0.0,1.0));
#2087=ADVANCED_FACE('',(#2088),#2106,.T.);
#2088=FACE_BOUND('',#2089,.T.);
#2089=EDGE_LOOP('',(#2090,#2091,#2092,#2100));
#2090=ORIENTED_EDGE('',*,*,#1669,.F.);
#2091=ORIENTED_EDGE('',*,*,#2076,.F.);
#2092=ORIENTED_EDGE('',*,*,#2093,.T.);
#2093=EDGE_CURVE('',#2069,#2094,#2096,.T.);
#2094=VERTEX_POINT('',#2095);
#2095=CARTESIAN_POINT('',(-6.985,4.5212,1.651));
#2096=LINE('',#2097,#2098);
#2097=CARTESIAN_POINT('',(-8.4455,4.5212,1.651));
#2098=VECTOR('',#2099,1.0);
#2099=DIRECTION('',(1.0,0.0,0.0));
#2100=ORIENTED_EDGE('',*,*,#2101,.T.);
#2101=EDGE_CURVE('',#2094,#1670,#2102,.F.);
#2102=LINE('',#2103,#2104);
#2103=CARTESIAN_POINT('',(-6.985,4.5212,0.635));
#2104=VECTOR('',#2105,1.0);
#2105=DIRECTION('',(0.0,0.0,1.0));
#2106=PLANE('',#2107);
#2107=AXIS2_PLACEMENT_3D('',#2108,#2109,#2110);
#2108=CARTESIAN_POINT('',(-8.4455,4.5212,0.635));
#2109=DIRECTION('',(0.0,1.0,0.0));
#2110=DIRECTION('',(0.0,0.0,1.0));
#2111=ADVANCED_FACE('',(#2112),#2141,.T.);
#2112=FACE_BOUND('',#2113,.T.);
#2113=EDGE_LOOP('',(#2114,#2122,#2123,#2124,#2125,#2126,#2127,#2135));
#2114=ORIENTED_EDGE('',*,*,#2115,.T.);
#2115=EDGE_CURVE('',#2116,#1751,#2118,.T.);
#2116=VERTEX_POINT('',#2117);
#2117=CARTESIAN_POINT('',(-6.985,1.27,4.1402));
#2118=LINE('',#2119,#2120);
#2119=CARTESIAN_POINT('',(-6.985,1.27,4.1402));
#2120=VECTOR('',#2121,1.0);
#2121=DIRECTION('',(0.0,1.0,0.0));
#2122=ORIENTED_EDGE('',*,*,#1750,.F.);
#2123=ORIENTED_EDGE('',*,*,#1726,.F.);
#2124=ORIENTED_EDGE('',*,*,#1701,.F.);
#2125=ORIENTED_EDGE('',*,*,#1677,.F.);
#2126=ORIENTED_EDGE('',*,*,#2101,.F.);
#2127=ORIENTED_EDGE('',*,*,#2128,.T.);
#2128=EDGE_CURVE('',#2094,#2129,#2131,.F.);
#2129=VERTEX_POINT('',#2130);
#2130=CARTESIAN_POINT('',(-6.985,1.27,1.651));
#2131=LINE('',#2132,#2133);
#2132=CARTESIAN_POINT('',(-6.985,1.27,1.651));
#2133=VECTOR('',#2134,1.0);
#2134=DIRECTION('',(0.0,1.0,0.0));
#2135=ORIENTED_EDGE('',*,*,#2136,.T.);
#2136=EDGE_CURVE('',#2129,#2116,#2137,.F.);
#2137=LINE('',#2138,#2139);
#2138=CARTESIAN_POINT('',(-6.985,1.27,4.1402));
#2139=VECTOR('',#2140,1.0);
#2140=DIRECTION('',(0.0,0.0,-1.0));
#2141=PLANE('',#2142);
#2142=AXIS2_PLACEMENT_3D('',#2143,#2144,#2145);
#2143=CARTESIAN_POINT('',(-6.985,0.0,0.0));
#2144=DIRECTION('',(1.0,0.0,0.0));
#2145=DIRECTION('',(0.0,0.0,-1.0));
#2146=ADVANCED_FACE('',(#2147),#2163,.T.);
#2147=FACE_BOUND('',#2148,.T.);
#2148=EDGE_LOOP('',(#2149,#2155,#2156,#2162));
#2149=ORIENTED_EDGE('',*,*,#2150,.T.);
#2150=EDGE_CURVE('',#2129,#2061,#2151,.F.);
#2151=LINE('',#2152,#2153);
#2152=CARTESIAN_POINT('',(-8.4455,1.27,1.651));
#2153=VECTOR('',#2154,1.0);
#2154=DIRECTION('',(1.0,0.0,0.0));
#2155=ORIENTED_EDGE('',*,*,#2060,.F.);
#2156=ORIENTED_EDGE('',*,*,#2157,.T.);
#2157=EDGE_CURVE('',#2053,#2116,#2158,.T.);
#2158=LINE('',#2159,#2160);
#2159=CARTESIAN_POINT('',(-8.4455,1.27,4.1402));
#2160=VECTOR('',#2161,1.0);
#2161=DIRECTION('',(1.0,0.0,0.0));
#2162=ORIENTED_EDGE('',*,*,#2136,.F.);
#2163=PLANE('',#2164);
#2164=AXIS2_PLACEMENT_3D('',#2165,#2166,#2167);
#2165=CARTESIAN_POINT('',(0.0,1.27,-5.3721));
#2166=DIRECTION('',(0.0,1.0,0.0));
#2167=DIRECTION('',(1.0,0.0,0.0));
#2168=ADVANCED_FACE('',(#2169),#2175,.F.);
#2169=FACE_BOUND('',#2170,.T.);
#2170=EDGE_LOOP('',(#2171,#2172,#2173,#2174));
#2171=ORIENTED_EDGE('',*,*,#2157,.F.);
#2172=ORIENTED_EDGE('',*,*,#2052,.F.);
#2173=ORIENTED_EDGE('',*,*,#1758,.F.);
#2174=ORIENTED_EDGE('',*,*,#2115,.F.);
#2175=PLANE('',#2176);
#2176=AXIS2_PLACEMENT_3D('',#2177,#2178,#2179);
#2177=CARTESIAN_POINT('',(-8.4455,4.6482,4.1402));
#2178=DIRECTION('',(0.0,0.0,1.0));
#2179=DIRECTION('',(1.0,0.0,0.0));
#2180=ADVANCED_FACE('',(#2181),#2187,.T.);
#2181=FACE_BOUND('',#2182,.T.);
#2182=EDGE_LOOP('',(#2183,#2184,#2185,#2186));
#2183=ORIENTED_EDGE('',*,*,#2093,.F.);
#2184=ORIENTED_EDGE('',*,*,#2068,.F.);
#2185=ORIENTED_EDGE('',*,*,#2150,.F.);
#2186=ORIENTED_EDGE('',*,*,#2128,.F.);
#2187=PLANE('',#2188);
#2188=AXIS2_PLACEMENT_3D('',#2189,#2190,#2191);
#2189=CARTESIAN_POINT('',(-8.4455,4.5212,1.651));
#2190=DIRECTION('',(0.0,0.0,1.0));
#2191=DIRECTION('',(0.0,-1.0,0.0));
#2192=ADVANCED_FACE('',(#2193,#2236,#2286,#2336),#2386,.F.);
#2193=FACE_BOUND('',#2194,.T.);
#2194=EDGE_LOOP('',(#2195,#2205,#2213,#2221,#2227,#2228,#2229,#2230));
#2195=ORIENTED_EDGE('',*,*,#2196,.T.);
#2196=EDGE_CURVE('',#2197,#2199,#2201,.F.);
#2197=VERTEX_POINT('',#2198);
#2198=CARTESIAN_POINT('',(-8.9154,5.7912,4.8133));
#2199=VERTEX_POINT('',#2200);
#2200=CARTESIAN_POINT('',(-8.9154,7.0612,4.8133));
#2201=LINE('',#2202,#2203);
#2202=CARTESIAN_POINT('',(-8.9154,7.0612,4.8133));
#2203=VECTOR('',#2204,1.0);
#2204=DIRECTION('',(0.0,-1.0,0.0));
#2205=ORIENTED_EDGE('',*,*,#2206,.T.);
#2206=EDGE_CURVE('',#2199,#2207,#2209,.T.);
#2207=VERTEX_POINT('',#2208);
#2208=CARTESIAN_POINT('',(8.9154,7.0612,4.8133));
#2209=LINE('',#2210,#2211);
#2210=CARTESIAN_POINT('',(-8.9154,7.0612,4.8133));
#2211=VECTOR('',#2212,1.0);
#2212=DIRECTION('',(1.0,0.0,0.0));
#2213=ORIENTED_EDGE('',*,*,#2214,.T.);
#2214=EDGE_CURVE('',#2207,#2215,#2217,.T.);
#2215=VERTEX_POINT('',#2216);
#2216=CARTESIAN_POINT('',(8.9154,5.7912,4.8133));
#2217=LINE('',#2218,#2219);
#2218=CARTESIAN_POINT('',(8.9154,7.0612,4.8133));
#2219=VECTOR('',#2220,1.0);
#2220=DIRECTION('',(0.0,-1.0,0.0));
#2221=ORIENTED_EDGE('',*,*,#2222,.T.);
#2222=EDGE_CURVE('',#2215,#1902,#2223,.F.);
#2223=LINE('',#2224,#2225);
#2224=CARTESIAN_POINT('',(8.4455,5.7912,4.8133));
#2225=VECTOR('',#2226,1.0);
#2226=DIRECTION('',(1.0,0.0,0.0));
#2227=ORIENTED_EDGE('',*,*,#1901,.F.);
#2228=ORIENTED_EDGE('',*,*,#1774,.F.);
#2229=ORIENTED_EDGE('',*,*,#2045,.F.);
#2230=ORIENTED_EDGE('',*,*,#2231,.T.);
#2231=EDGE_CURVE('',#2038,#2197,#2232,.F.);
#2232=LINE('',#2233,#2234);
#2233=CARTESIAN_POINT('',(-8.9154,5.7912,4.8133));
#2234=VECTOR('',#2235,1.0);
#2235=DIRECTION('',(1.0,0.0,0.0));
#2236=FACE_BOUND('',#2237,.T.);
#2237=EDGE_LOOP('',(#2238,#2248,#2256,#2264,#2272,#2280));
#2238=ORIENTED_EDGE('',*,*,#2239,.T.);
#2239=EDGE_CURVE('',#2240,#2242,#2244,.F.);
#2240=VERTEX_POINT('',#2241);
#2241=CARTESIAN_POINT('',(-3.8354,6.6802,4.8133));
#2242=VERTEX_POINT('',#2243);
#2243=CARTESIAN_POINT('',(-5.3594,6.6802,4.8133));
#2244=LINE('',#2245,#2246);
#2245=CARTESIAN_POINT('',(-5.3594,6.6802,4.8133));
#2246=VECTOR('',#2247,1.0);
#2247=DIRECTION('',(1.0,0.0,0.0));
#2248=ORIENTED_EDGE('',*,*,#2249,.T.);
#2249=EDGE_CURVE('',#2242,#2250,#2252,.T.);
#2250=VERTEX_POINT('',#2251);
#2251=CARTESIAN_POINT('',(-5.5499,6.6802,4.8133));
#2252=LINE('',#2253,#2254);
#2253=CARTESIAN_POINT('',(-5.3594,6.6802,4.8133));
#2254=VECTOR('',#2255,1.0);
#2255=DIRECTION('',(-1.0,0.0,0.0));
#2256=ORIENTED_EDGE('',*,*,#2257,.T.);
#2257=EDGE_CURVE('',#2250,#2258,#2260,.T.);
#2258=VERTEX_POINT('',#2259);
#2259=CARTESIAN_POINT('',(-5.5499,6.0452,4.8133));
#2260=LINE('',#2261,#2262);
#2261=CARTESIAN_POINT('',(-5.5499,6.6802,4.8133));
#2262=VECTOR('',#2263,1.0);
#2263=DIRECTION('',(0.0,-1.0,0.0));
#2264=ORIENTED_EDGE('',*,*,#2265,.T.);
#2265=EDGE_CURVE('',#2258,#2266,#2268,.T.);
#2266=VERTEX_POINT('',#2267);
#2267=CARTESIAN_POINT('',(-3.6449,6.0452,4.8133));
#2268=LINE('',#2269,#2270);
#2269=CARTESIAN_POINT('',(-5.5499,6.0452,4.8133));
#2270=VECTOR('',#2271,1.0);
#2271=DIRECTION('',(1.0,0.0,0.0));
#2272=ORIENTED_EDGE('',*,*,#2273,.T.);
#2273=EDGE_CURVE('',#2266,#2274,#2276,.T.);
#2274=VERTEX_POINT('',#2275);
#2275=CARTESIAN_POINT('',(-3.6449,6.6802,4.8133));
#2276=LINE('',#2277,#2278);
#2277=CARTESIAN_POINT('',(-3.6449,6.0452,4.8133));
#2278=VECTOR('',#2279,1.0);
#2279=DIRECTION('',(0.0,1.0,0.0));
#2280=ORIENTED_EDGE('',*,*,#2281,.T.);
#2281=EDGE_CURVE('',#2274,#2240,#2282,.T.);
#2282=LINE('',#2283,#2284);
#2283=CARTESIAN_POINT('',(-3.6449,6.6802,4.8133));
#2284=VECTOR('',#2285,1.0);
#2285=DIRECTION('',(-1.0,0.0,0.0));
#2286=FACE_BOUND('',#2287,.T.);
#2287=EDGE_LOOP('',(#2288,#2298,#2306,#2314,#2322,#2330));
#2288=ORIENTED_EDGE('',*,*,#2289,.T.);
#2289=EDGE_CURVE('',#2290,#2292,#2294,.F.);
#2290=VERTEX_POINT('',#2291);
#2291=CARTESIAN_POINT('',(0.762,6.6802,4.8133));
#2292=VERTEX_POINT('',#2293);
#2293=CARTESIAN_POINT('',(-0.762,6.6802,4.8133));
#2294=LINE('',#2295,#2296);
#2295=CARTESIAN_POINT('',(-0.762,6.6802,4.8133));
#2296=VECTOR('',#2297,1.0);
#2297=DIRECTION('',(1.0,0.0,0.0));
#2298=ORIENTED_EDGE('',*,*,#2299,.T.);
#2299=EDGE_CURVE('',#2292,#2300,#2302,.T.);
#2300=VERTEX_POINT('',#2301);
#2301=CARTESIAN_POINT('',(-0.9525,6.6802,4.8133));
#2302=LINE('',#2303,#2304);
#2303=CARTESIAN_POINT('',(-0.762,6.6802,4.8133));
#2304=VECTOR('',#2305,1.0);
#2305=DIRECTION('',(-1.0,0.0,0.0));
#2306=ORIENTED_EDGE('',*,*,#2307,.T.);
#2307=EDGE_CURVE('',#2300,#2308,#2310,.T.);
#2308=VERTEX_POINT('',#2309);
#2309=CARTESIAN_POINT('',(-0.9525,6.0452,4.8133));
#2310=LINE('',#2311,#2312);
#2311=CARTESIAN_POINT('',(-0.9525,6.6802,4.8133));
#2312=VECTOR('',#2313,1.0);
#2313=DIRECTION('',(0.0,-1.0,0.0));
#2314=ORIENTED_EDGE('',*,*,#2315,.T.);
#2315=EDGE_CURVE('',#2308,#2316,#2318,.T.);
#2316=VERTEX_POINT('',#2317);
#2317=CARTESIAN_POINT('',(0.9525,6.0452,4.8133));
#2318=LINE('',#2319,#2320);
#2319=CARTESIAN_POINT('',(-0.9525,6.0452,4.8133));
#2320=VECTOR('',#2321,1.0);
#2321=DIRECTION('',(1.0,0.0,0.0));
#2322=ORIENTED_EDGE('',*,*,#2323,.T.);
#2323=EDGE_CURVE('',#2316,#2324,#2326,.T.);
#2324=VERTEX_POINT('',#2325);
#2325=CARTESIAN_POINT('',(0.9525,6.6802,4.8133));
#2326=LINE('',#2327,#2328);
#2327=CARTESIAN_POINT('',(0.9525,6.0452,4.8133));
#2328=VECTOR('',#2329,1.0);
#2329=DIRECTION('',(0.0,1.0,0.0));
#2330=ORIENTED_EDGE('',*,*,#2331,.T.);
#2331=EDGE_CURVE('',#2324,#2290,#2332,.T.);
#2332=LINE('',#2333,#2334);
#2333=CARTESIAN_POINT('',(0.9525,6.6802,4.8133));
#2334=VECTOR('',#2335,1.0);
#2335=DIRECTION('',(-1.0,0.0,0.0));
#2336=FACE_BOUND('',#2337,.T.);
#2337=EDGE_LOOP('',(#2338,#2348,#2356,#2364,#2372,#2380));
#2338=ORIENTED_EDGE('',*,*,#2339,.T.);
#2339=EDGE_CURVE('',#2340,#2342,#2344,.F.);
#2340=VERTEX_POINT('',#2341);
#2341=CARTESIAN_POINT('',(5.3594,6.6802,4.8133));
#2342=VERTEX_POINT('',#2343);
#2343=CARTESIAN_POINT('',(3.8354,6.6802,4.8133));
#2344=LINE('',#2345,#2346);
#2345=CARTESIAN_POINT('',(3.8354,6.6802,4.8133));
#2346=VECTOR('',#2347,1.0);
#2347=DIRECTION('',(1.0,0.0,0.0));
#2348=ORIENTED_EDGE('',*,*,#2349,.T.);
#2349=EDGE_CURVE('',#2342,#2350,#2352,.T.);
#2350=VERTEX_POINT('',#2351);
#2351=CARTESIAN_POINT('',(3.6449,6.6802,4.8133));
#2352=LINE('',#2353,#2354);
#2353=CARTESIAN_POINT('',(3.8354,6.6802,4.8133));
#2354=VECTOR('',#2355,1.0);
#2355=DIRECTION('',(-1.0,0.0,0.0));
#2356=ORIENTED_EDGE('',*,*,#2357,.T.);
#2357=EDGE_CURVE('',#2350,#2358,#2360,.T.);
#2358=VERTEX_POINT('',#2359);
#2359=CARTESIAN_POINT('',(3.6449,6.0452,4.8133));
#2360=LINE('',#2361,#2362);
#2361=CARTESIAN_POINT('',(3.6449,6.6802,4.8133));
#2362=VECTOR('',#2363,1.0);
#2363=DIRECTION('',(0.0,-1.0,0.0));
#2364=ORIENTED_EDGE('',*,*,#2365,.T.);
#2365=EDGE_CURVE('',#2358,#2366,#2368,.T.);
#2366=VERTEX_POINT('',#2367);
#2367=CARTESIAN_POINT('',(5.5499,6.0452,4.8133));
#2368=LINE('',#2369,#2370);
#2369=CARTESIAN_POINT('',(3.6449,6.0452,4.8133));
#2370=VECTOR('',#2371,1.0);
#2371=DIRECTION('',(1.0,0.0,0.0));
#2372=ORIENTED_EDGE('',*,*,#2373,.T.);
#2373=EDGE_CURVE('',#2366,#2374,#2376,.T.);
#2374=VERTEX_POINT('',#2375);
#2375=CARTESIAN_POINT('',(5.5499,6.6802,4.8133));
#2376=LINE('',#2377,#2378);
#2377=CARTESIAN_POINT('',(5.5499,6.0452,4.8133));
#2378=VECTOR('',#2379,1.0);
#2379=DIRECTION('',(0.0,1.0,0.0));
#2380=ORIENTED_EDGE('',*,*,#2381,.T.);
#2381=EDGE_CURVE('',#2374,#2340,#2382,.T.);
#2382=LINE('',#2383,#2384);
#2383=CARTESIAN_POINT('',(5.5499,6.6802,4.8133));
#2384=VECTOR('',#2385,1.0);
#2385=DIRECTION('',(-1.0,0.0,0.0));
#2386=PLANE('',#2387);
#2387=AXIS2_PLACEMENT_3D('',#2388,#2389,#2390);
#2388=CARTESIAN_POINT('',(-8.9154,7.3152,4.8133));
#2389=DIRECTION('',(0.0,0.0,1.0));
#2390=DIRECTION('',(1.0,0.0,0.0));
#2391=ADVANCED_FACE('',(#2392),#2410,.T.);
#2392=FACE_BOUND('',#2393,.T.);
#2393=EDGE_LOOP('',(#2394,#2395,#2396,#2404));
#2394=ORIENTED_EDGE('',*,*,#2231,.F.);
#2395=ORIENTED_EDGE('',*,*,#2037,.F.);
#2396=ORIENTED_EDGE('',*,*,#2397,.T.);
#2397=EDGE_CURVE('',#2030,#2398,#2400,.T.);
#2398=VERTEX_POINT('',#2399);
#2399=CARTESIAN_POINT('',(-8.9154,5.7912,-4.8133));
#2400=LINE('',#2401,#2402);
#2401=CARTESIAN_POINT('',(-8.4455,5.7912,-4.8133));
#2402=VECTOR('',#2403,1.0);
#2403=DIRECTION('',(-1.0,0.0,0.0));
#2404=ORIENTED_EDGE('',*,*,#2405,.T.);
#2405=EDGE_CURVE('',#2398,#2197,#2406,.T.);
#2406=LINE('',#2407,#2408);
#2407=CARTESIAN_POINT('',(-8.9154,5.7912,-4.8133));
#2408=VECTOR('',#2409,1.0);
#2409=DIRECTION('',(0.0,0.0,1.0));
#2410=PLANE('',#2411);
#2411=AXIS2_PLACEMENT_3D('',#2412,#2413,#2414);
#2412=CARTESIAN_POINT('',(0.0,5.7912,-5.3721));
#2413=DIRECTION('',(0.0,1.0,0.0));
#2414=DIRECTION('',(-1.0,0.0,0.0));
#2415=ADVANCED_FACE('',(#2416),#2450,.F.);
#2416=FACE_BOUND('',#2417,.T.);
#2417=EDGE_LOOP('',(#2418,#2426,#2434,#2442,#2448,#2449));
#2418=ORIENTED_EDGE('',*,*,#2419,.T.);
#2419=EDGE_CURVE('',#2398,#2420,#2422,.F.);
#2420=VERTEX_POINT('',#2421);
#2421=CARTESIAN_POINT('',(-8.9154,7.0612,-4.8133));
#2422=LINE('',#2423,#2424);
#2423=CARTESIAN_POINT('',(-8.9154,7.0612,-4.8133));
#2424=VECTOR('',#2425,1.0);
#2425=DIRECTION('',(0.0,-1.0,0.0));
#2426=ORIENTED_EDGE('',*,*,#2427,.T.);
#2427=EDGE_CURVE('',#2420,#2428,#2430,.F.);
#2428=VERTEX_POINT('',#2429);
#2429=CARTESIAN_POINT('',(-8.9154,7.3152,-4.959946968));
#2430=LINE('',#2431,#2432);
#2431=CARTESIAN_POINT('',(-8.9154,7.3152,-4.959946968));
#2432=VECTOR('',#2433,1.0);
#2433=DIRECTION('',(0.0,-0.866025404,0.5));
#2434=ORIENTED_EDGE('',*,*,#2435,.T.);
#2435=EDGE_CURVE('',#2428,#2436,#2438,.T.);
#2436=VERTEX_POINT('',#2437);
#2437=CARTESIAN_POINT('',(-8.9154,7.3152,4.959946968));
#2438=LINE('',#2439,#2440);
#2439=CARTESIAN_POINT('',(-8.9154,7.3152,-4.959946968));
#2440=VECTOR('',#2441,1.0);
#2441=DIRECTION('',(0.0,0.0,1.0));
#2442=ORIENTED_EDGE('',*,*,#2443,.T.);
#2443=EDGE_CURVE('',#2436,#2199,#2444,.T.);
#2444=LINE('',#2445,#2446);
#2445=CARTESIAN_POINT('',(-8.9154,7.3152,4.959946968));
#2446=VECTOR('',#2447,1.0);
#2447=DIRECTION('',(0.0,-0.866025404,-0.5));
#2448=ORIENTED_EDGE('',*,*,#2196,.F.);
#2449=ORIENTED_EDGE('',*,*,#2405,.F.);
#2450=PLANE('',#2451);
#2451=AXIS2_PLACEMENT_3D('',#2452,#2453,#2454);
#2452=CARTESIAN_POINT('',(-8.9154,7.3152,-4.8133));
#2453=DIRECTION('',(-1.0,0.0,0.0));
#2454=DIRECTION('',(0.0,0.0,1.0));
#2455=ADVANCED_FACE('',(#2456),#2474,.T.);
#2456=FACE_BOUND('',#2457,.T.);
#2457=EDGE_LOOP('',(#2458,#2466,#2467,#2468));
#2458=ORIENTED_EDGE('',*,*,#2459,.T.);
#2459=EDGE_CURVE('',#2460,#2207,#2462,.T.);
#2460=VERTEX_POINT('',#2461);
#2461=CARTESIAN_POINT('',(8.9154,7.3152,4.959946968));
#2462=LINE('',#2463,#2464);
#2463=CARTESIAN_POINT('',(8.9154,7.3152,4.959946968));
#2464=VECTOR('',#2465,1.0);
#2465=DIRECTION('',(0.0,-0.866025404,-0.5));
#2466=ORIENTED_EDGE('',*,*,#2206,.F.);
#2467=ORIENTED_EDGE('',*,*,#2443,.F.);
#2468=ORIENTED_EDGE('',*,*,#2469,.T.);
#2469=EDGE_CURVE('',#2436,#2460,#2470,.T.);
#2470=LINE('',#2471,#2472);
#2471=CARTESIAN_POINT('',(-8.9154,7.3152,4.959946968));
#2472=VECTOR('',#2473,1.0);
#2473=DIRECTION('',(1.0,0.0,0.0));
#2474=PLANE('',#2475);
#2475=AXIS2_PLACEMENT_3D('',#2476,#2477,#2478);
#2476=CARTESIAN_POINT('',(-8.9154,7.3152,4.959946968));
#2477=DIRECTION('',(0.0,0.5,-0.866025404));
#2478=DIRECTION('',(1.0,0.0,0.0));
#2479=ADVANCED_FACE('',(#2480,#2550),#2568,.T.);
#2480=FACE_BOUND('',#2481,.T.);
#2481=EDGE_LOOP('',(#2482,#2492,#2501,#2509,#2518,#2526,#2535,#2543));
#2482=ORIENTED_EDGE('',*,*,#2483,.T.);
#2483=EDGE_CURVE('',#2484,#2486,#2488,.T.);
#2484=VERTEX_POINT('',#2485);
#2485=CARTESIAN_POINT('',(-9.5631,7.3152,-4.9911));
#2486=VERTEX_POINT('',#2487);
#2487=CARTESIAN_POINT('',(-9.5631,7.3152,4.9911));
#2488=LINE('',#2489,#2490);
#2489=CARTESIAN_POINT('',(-9.5631,7.3152,-4.9911));
#2490=VECTOR('',#2491,1.0);
#2491=DIRECTION('',(0.0,0.0,1.0));
#2492=ORIENTED_EDGE('',*,*,#2493,.T.);
#2493=EDGE_CURVE('',#2486,#2494,#2496,.T.);
#2494=VERTEX_POINT('',#2495);
#2495=CARTESIAN_POINT('',(-9.1821,7.3152,5.3721));
#2496=CIRCLE('',#2497,0.381);
#2497=AXIS2_PLACEMENT_3D('',#2498,#2499,#2500);
#2498=CARTESIAN_POINT('',(-9.1821,7.3152,4.9911));
#2499=DIRECTION('',(0.0,1.0,0.0));
#2500=DIRECTION('',(-1.0,0.0,0.0));
#2501=ORIENTED_EDGE('',*,*,#2502,.T.);
#2502=EDGE_CURVE('',#2494,#2503,#2505,.F.);
#2503=VERTEX_POINT('',#2504);
#2504=CARTESIAN_POINT('',(9.1821,7.3152,5.3721));
#2505=LINE('',#2506,#2507);
#2506=CARTESIAN_POINT('',(9.1821,7.3152,5.3721));
#2507=VECTOR('',#2508,1.0);
#2508=DIRECTION('',(-1.0,0.0,0.0));
#2509=ORIENTED_EDGE('',*,*,#2510,.T.);
#2510=EDGE_CURVE('',#2503,#2511,#2513,.T.);
#2511=VERTEX_POINT('',#2512);
#2512=CARTESIAN_POINT('',(9.5631,7.3152,4.9911));
#2513=CIRCLE('',#2514,0.381);
#2514=AXIS2_PLACEMENT_3D('',#2515,#2516,#2517);
#2515=CARTESIAN_POINT('',(9.1821,7.3152,4.9911));
#2516=DIRECTION('',(0.0,1.0,0.0));
#2517=DIRECTION('',(0.0,0.0,1.0));
#2518=ORIENTED_EDGE('',*,*,#2519,.T.);
#2519=EDGE_CURVE('',#2511,#2520,#2522,.F.);
#2520=VERTEX_POINT('',#2521);
#2521=CARTESIAN_POINT('',(9.5631,7.3152,-4.9911));
#2522=LINE('',#2523,#2524);
#2523=CARTESIAN_POINT('',(9.5631,7.3152,-4.9911));
#2524=VECTOR('',#2525,1.0);
#2525=DIRECTION('',(0.0,0.0,1.0));
#2526=ORIENTED_EDGE('',*,*,#2527,.T.);
#2527=EDGE_CURVE('',#2520,#2528,#2530,.T.);
#2528=VERTEX_POINT('',#2529);
#2529=CARTESIAN_POINT('',(9.1821,7.3152,-5.3721));
#2530=CIRCLE('',#2531,0.381);
#2531=AXIS2_PLACEMENT_3D('',#2532,#2533,#2534);
#2532=CARTESIAN_POINT('',(9.1821,7.3152,-4.9911));
#2533=DIRECTION('',(0.0,1.0,0.0));
#2534=DIRECTION('',(1.0,0.0,0.0));
#2535=ORIENTED_EDGE('',*,*,#2536,.T.);
#2536=EDGE_CURVE('',#2528,#2537,#2539,.T.);
#2537=VERTEX_POINT('',#2538);
#2538=CARTESIAN_POINT('',(-9.1821,7.3152,-5.3721));
#2539=LINE('',#2540,#2541);
#2540=CARTESIAN_POINT('',(9.1821,7.3152,-5.3721));
#2541=VECTOR('',#2542,1.0);
#2542=DIRECTION('',(-1.0,0.0,0.0));
#2543=ORIENTED_EDGE('',*,*,#2544,.T.);
#2544=EDGE_CURVE('',#2537,#2484,#2545,.T.);
#2545=CIRCLE('',#2546,0.381);
#2546=AXIS2_PLACEMENT_3D('',#2547,#2548,#2549);
#2547=CARTESIAN_POINT('',(-9.1821,7.3152,-4.9911));
#2548=DIRECTION('',(0.0,1.0,0.0));
#2549=DIRECTION('',(0.0,0.0,-1.0));
#2550=FACE_BOUND('',#2551,.T.);
#2551=EDGE_LOOP('',(#2552,#2560,#2566,#2567));
#2552=ORIENTED_EDGE('',*,*,#2553,.T.);
#2553=EDGE_CURVE('',#2428,#2554,#2556,.F.);
#2554=VERTEX_POINT('',#2555);
#2555=CARTESIAN_POINT('',(8.9154,7.3152,-4.959946968));
#2556=LINE('',#2557,#2558);
#2557=CARTESIAN_POINT('',(8.9154,7.3152,-4.959946968));
#2558=VECTOR('',#2559,1.0);
#2559=DIRECTION('',(-1.0,0.0,0.0));
#2560=ORIENTED_EDGE('',*,*,#2561,.T.);
#2561=EDGE_CURVE('',#2554,#2460,#2562,.F.);
#2562=LINE('',#2563,#2564);
#2563=CARTESIAN_POINT('',(8.9154,7.3152,4.959946968));
#2564=VECTOR('',#2565,1.0);
#2565=DIRECTION('',(0.0,0.0,-1.0));
#2566=ORIENTED_EDGE('',*,*,#2469,.F.);
#2567=ORIENTED_EDGE('',*,*,#2435,.F.);
#2568=PLANE('',#2569);
#2569=AXIS2_PLACEMENT_3D('',#2570,#2571,#2572);
#2570=CARTESIAN_POINT('',(9.5631,7.3152,-5.3721));
#2571=DIRECTION('',(0.0,1.0,0.0));
#2572=DIRECTION('',(-1.0,0.0,0.0));
#2573=ADVANCED_FACE('',(#2574),#2600,.T.);
#2574=FACE_BOUND('',#2575,.T.);
#2575=EDGE_LOOP('',(#2576,#2577,#2585,#2594));
#2576=ORIENTED_EDGE('',*,*,#2544,.F.);
#2577=ORIENTED_EDGE('',*,*,#2578,.T.);
#2578=EDGE_CURVE('',#2537,#2579,#2581,.F.);
#2579=VERTEX_POINT('',#2580);
#2580=CARTESIAN_POINT('',(-9.1821,0.0,-5.3721));
#2581=LINE('',#2582,#2583);
#2582=CARTESIAN_POINT('',(-9.1821,0.0,-5.3721));
#2583=VECTOR('',#2584,1.0);
#2584=DIRECTION('',(0.0,1.0,0.0));
#2585=ORIENTED_EDGE('',*,*,#2586,.T.);
#2586=EDGE_CURVE('',#2579,#2587,#2589,.F.);
#2587=VERTEX_POINT('',#2588);
#2588=CARTESIAN_POINT('',(-9.5631,0.0,-4.9911));
#2589=CIRCLE('',#2590,0.381);
#2590=AXIS2_PLACEMENT_3D('',#2591,#2592,#2593);
#2591=CARTESIAN_POINT('',(-9.1821,0.0,-4.9911));
#2592=DIRECTION('',(0.0,-1.0,0.0));
#2593=DIRECTION('',(-1.0,0.0,0.0));
#2594=ORIENTED_EDGE('',*,*,#2595,.T.);
#2595=EDGE_CURVE('',#2587,#2484,#2596,.T.);
#2596=LINE('',#2597,#2598);
#2597=CARTESIAN_POINT('',(-9.5631,0.0,-4.9911));
#2598=VECTOR('',#2599,1.0);
#2599=DIRECTION('',(0.0,1.0,0.0));
#2600=CYLINDRICAL_SURFACE('',#2601,0.381);
#2601=AXIS2_PLACEMENT_3D('',#2602,#2603,#2604);
#2602=CARTESIAN_POINT('',(-9.1821,-0.03581049,-4.9911));
#2603=DIRECTION('',(0.0,1.0,0.0));
#2604=DIRECTION('',(0.0,0.0,-1.0));
#2605=ADVANCED_FACE('',(#2606),#2624,.T.);
#2606=FACE_BOUND('',#2607,.T.);
#2607=EDGE_LOOP('',(#2608,#2616,#2622,#2623));
#2608=ORIENTED_EDGE('',*,*,#2609,.T.);
#2609=EDGE_CURVE('',#2587,#2610,#2612,.T.);
#2610=VERTEX_POINT('',#2611);
#2611=CARTESIAN_POINT('',(-9.5631,0.0,4.9911));
#2612=LINE('',#2613,#2614);
#2613=CARTESIAN_POINT('',(-9.5631,0.0,-4.9911));
#2614=VECTOR('',#2615,1.0);
#2615=DIRECTION('',(0.0,0.0,1.0));
#2616=ORIENTED_EDGE('',*,*,#2617,.T.);
#2617=EDGE_CURVE('',#2610,#2486,#2618,.F.);
#2618=LINE('',#2619,#2620);
#2619=CARTESIAN_POINT('',(-9.5631,7.3152,4.9911));
#2620=VECTOR('',#2621,1.0);
#2621=DIRECTION('',(0.0,-1.0,0.0));
#2622=ORIENTED_EDGE('',*,*,#2483,.F.);
#2623=ORIENTED_EDGE('',*,*,#2595,.F.);
#2624=PLANE('',#2625);
#2625=AXIS2_PLACEMENT_3D('',#2626,#2627,#2628);
#2626=CARTESIAN_POINT('',(-9.5631,7.3152,-5.3721));
#2627=DIRECTION('',(-1.0,0.0,0.0));
#2628=DIRECTION('',(0.0,-1.0,0.0));
#2629=ADVANCED_FACE('',(#2630),#2649,.T.);
#2630=FACE_BOUND('',#2631,.T.);
#2631=EDGE_LOOP('',(#2632,#2641,#2647,#2648));
#2632=ORIENTED_EDGE('',*,*,#2633,.T.);
#2633=EDGE_CURVE('',#2610,#2634,#2636,.F.);
#2634=VERTEX_POINT('',#2635);
#2635=CARTESIAN_POINT('',(-9.1821,0.0,5.3721));
#2636=CIRCLE('',#2637,0.381);
#2637=AXIS2_PLACEMENT_3D('',#2638,#2639,#2640);
#2638=CARTESIAN_POINT('',(-9.1821,0.0,4.9911));
#2639=DIRECTION('',(0.0,-1.0,0.0));
#2640=DIRECTION('',(0.0,0.0,1.0));
#2641=ORIENTED_EDGE('',*,*,#2642,.T.);
#2642=EDGE_CURVE('',#2634,#2494,#2643,.F.);
#2643=LINE('',#2644,#2645);
#2644=CARTESIAN_POINT('',(-9.1821,7.3152,5.3721));
#2645=VECTOR('',#2646,1.0);
#2646=DIRECTION('',(0.0,-1.0,0.0));
#2647=ORIENTED_EDGE('',*,*,#2493,.F.);
#2648=ORIENTED_EDGE('',*,*,#2617,.F.);
#2649=CYLINDRICAL_SURFACE('',#2650,0.381);
#2650=AXIS2_PLACEMENT_3D('',#2651,#2652,#2653);
#2651=CARTESIAN_POINT('',(-9.1821,7.351714333,4.9911));
#2652=DIRECTION('',(0.0,-1.0,0.0));
#2653=DIRECTION('',(0.0,0.0,1.0));
#2654=ADVANCED_FACE('',(#2655,#2673,#2723,#2773),#2823,.T.);
#2655=FACE_BOUND('',#2656,.T.);
#2656=EDGE_LOOP('',(#2657,#2665,#2671,#2672));
#2657=ORIENTED_EDGE('',*,*,#2658,.T.);
#2658=EDGE_CURVE('',#2634,#2659,#2661,.T.);
#2659=VERTEX_POINT('',#2660);
#2660=CARTESIAN_POINT('',(9.1821,0.0,5.3721));
#2661=LINE('',#2662,#2663);
#2662=CARTESIAN_POINT('',(-9.1821,0.0,5.3721));
#2663=VECTOR('',#2664,1.0);
#2664=DIRECTION('',(1.0,0.0,0.0));
#2665=ORIENTED_EDGE('',*,*,#2666,.T.);
#2666=EDGE_CURVE('',#2659,#2503,#2667,.T.);
#2667=LINE('',#2668,#2669);
#2668=CARTESIAN_POINT('',(9.1821,0.0,5.3721));
#2669=VECTOR('',#2670,1.0);
#2670=DIRECTION('',(0.0,1.0,0.0));
#2671=ORIENTED_EDGE('',*,*,#2502,.F.);
#2672=ORIENTED_EDGE('',*,*,#2642,.F.);
#2673=FACE_BOUND('',#2674,.T.);
#2674=EDGE_LOOP('',(#2675,#2685,#2693,#2701,#2709,#2717));
#2675=ORIENTED_EDGE('',*,*,#2676,.T.);
#2676=EDGE_CURVE('',#2677,#2679,#2681,.T.);
#2677=VERTEX_POINT('',#2678);
#2678=CARTESIAN_POINT('',(-5.3594,6.6802,5.3721));
#2679=VERTEX_POINT('',#2680);
#2680=CARTESIAN_POINT('',(-3.8354,6.6802,5.3721));
#2681=LINE('',#2682,#2683);
#2682=CARTESIAN_POINT('',(-5.3594,6.6802,5.3721));
#2683=VECTOR('',#2684,1.0);
#2684=DIRECTION('',(1.0,0.0,0.0));
#2685=ORIENTED_EDGE('',*,*,#2686,.T.);
#2686=EDGE_CURVE('',#2679,#2687,#2689,.F.);
#2687=VERTEX_POINT('',#2688);
#2688=CARTESIAN_POINT('',(-3.6449,6.6802,5.3721));
#2689=LINE('',#2690,#2691);
#2690=CARTESIAN_POINT('',(-3.6449,6.6802,5.3721));
#2691=VECTOR('',#2692,1.0);
#2692=DIRECTION('',(-1.0,0.0,0.0));
#2693=ORIENTED_EDGE('',*,*,#2694,.T.);
#2694=EDGE_CURVE('',#2687,#2695,#2697,.F.);
#2695=VERTEX_POINT('',#2696);
#2696=CARTESIAN_POINT('',(-3.6449,6.0452,5.3721));
#2697=LINE('',#2698,#2699);
#2698=CARTESIAN_POINT('',(-3.6449,6.0452,5.3721));
#2699=VECTOR('',#2700,1.0);
#2700=DIRECTION('',(0.0,1.0,0.0));
#2701=ORIENTED_EDGE('',*,*,#2702,.T.);
#2702=EDGE_CURVE('',#2695,#2703,#2705,.F.);
#2703=VERTEX_POINT('',#2704);
#2704=CARTESIAN_POINT('',(-5.5499,6.0452,5.3721));
#2705=LINE('',#2706,#2707);
#2706=CARTESIAN_POINT('',(-5.5499,6.0452,5.3721));
#2707=VECTOR('',#2708,1.0);
#2708=DIRECTION('',(1.0,0.0,0.0));
#2709=ORIENTED_EDGE('',*,*,#2710,.T.);
#2710=EDGE_CURVE('',#2703,#2711,#2713,.F.);
#2711=VERTEX_POINT('',#2712);
#2712=CARTESIAN_POINT('',(-5.5499,6.6802,5.3721));
#2713=LINE('',#2714,#2715);
#2714=CARTESIAN_POINT('',(-5.5499,6.6802,5.3721));
#2715=VECTOR('',#2716,1.0);
#2716=DIRECTION('',(0.0,-1.0,0.0));
#2717=ORIENTED_EDGE('',*,*,#2718,.T.);
#2718=EDGE_CURVE('',#2711,#2677,#2719,.F.);
#2719=LINE('',#2720,#2721);
#2720=CARTESIAN_POINT('',(-5.3594,6.6802,5.3721));
#2721=VECTOR('',#2722,1.0);
#2722=DIRECTION('',(-1.0,0.0,0.0));
#2723=FACE_BOUND('',#2724,.T.);
#2724=EDGE_LOOP('',(#2725,#2735,#2743,#2751,#2759,#2767));
#2725=ORIENTED_EDGE('',*,*,#2726,.T.);
#2726=EDGE_CURVE('',#2727,#2729,#2731,.T.);
#2727=VERTEX_POINT('',#2728);
#2728=CARTESIAN_POINT('',(-0.762,6.6802,5.3721));
#2729=VERTEX_POINT('',#2730);
#2730=CARTESIAN_POINT('',(0.762,6.6802,5.3721));
#2731=LINE('',#2732,#2733);
#2732=CARTESIAN_POINT('',(-0.762,6.6802,5.3721));
#2733=VECTOR('',#2734,1.0);
#2734=DIRECTION('',(1.0,0.0,0.0));
#2735=ORIENTED_EDGE('',*,*,#2736,.T.);
#2736=EDGE_CURVE('',#2729,#2737,#2739,.F.);
#2737=VERTEX_POINT('',#2738);
#2738=CARTESIAN_POINT('',(0.9525,6.6802,5.3721));
#2739=LINE('',#2740,#2741);
#2740=CARTESIAN_POINT('',(0.9525,6.6802,5.3721));
#2741=VECTOR('',#2742,1.0);
#2742=DIRECTION('',(-1.0,0.0,0.0));
#2743=ORIENTED_EDGE('',*,*,#2744,.T.);
#2744=EDGE_CURVE('',#2737,#2745,#2747,.F.);
#2745=VERTEX_POINT('',#2746);
#2746=CARTESIAN_POINT('',(0.9525,6.0452,5.3721));
#2747=LINE('',#2748,#2749);
#2748=CARTESIAN_POINT('',(0.9525,6.0452,5.3721));
#2749=VECTOR('',#2750,1.0);
#2750=DIRECTION('',(0.0,1.0,0.0));
#2751=ORIENTED_EDGE('',*,*,#2752,.T.);
#2752=EDGE_CURVE('',#2745,#2753,#2755,.F.);
#2753=VERTEX_POINT('',#2754);
#2754=CARTESIAN_POINT('',(-0.9525,6.0452,5.3721));
#2755=LINE('',#2756,#2757);
#2756=CARTESIAN_POINT('',(-0.9525,6.0452,5.3721));
#2757=VECTOR('',#2758,1.0);
#2758=DIRECTION('',(1.0,0.0,0.0));
#2759=ORIENTED_EDGE('',*,*,#2760,.T.);
#2760=EDGE_CURVE('',#2753,#2761,#2763,.F.);
#2761=VERTEX_POINT('',#2762);
#2762=CARTESIAN_POINT('',(-0.9525,6.6802,5.3721));
#2763=LINE('',#2764,#2765);
#2764=CARTESIAN_POINT('',(-0.9525,6.6802,5.3721));
#2765=VECTOR('',#2766,1.0);
#2766=DIRECTION('',(0.0,-1.0,0.0));
#2767=ORIENTED_EDGE('',*,*,#2768,.T.);
#2768=EDGE_CURVE('',#2761,#2727,#2769,.F.);
#2769=LINE('',#2770,#2771);
#2770=CARTESIAN_POINT('',(-0.762,6.6802,5.3721));
#2771=VECTOR('',#2772,1.0);
#2772=DIRECTION('',(-1.0,0.0,0.0));
#2773=FACE_BOUND('',#2774,.T.);
#2774=EDGE_LOOP('',(#2775,#2785,#2793,#2801,#2809,#2817));
#2775=ORIENTED_EDGE('',*,*,#2776,.T.);
#2776=EDGE_CURVE('',#2777,#2779,#2781,.T.);
#2777=VERTEX_POINT('',#2778);
#2778=CARTESIAN_POINT('',(3.8354,6.6802,5.3721));
#2779=VERTEX_POINT('',#2780);
#2780=CARTESIAN_POINT('',(5.3594,6.6802,5.3721));
#2781=LINE('',#2782,#2783);
#2782=CARTESIAN_POINT('',(3.8354,6.6802,5.3721));
#2783=VECTOR('',#2784,1.0);
#2784=DIRECTION('',(1.0,0.0,0.0));
#2785=ORIENTED_EDGE('',*,*,#2786,.T.);
#2786=EDGE_CURVE('',#2779,#2787,#2789,.F.);
#2787=VERTEX_POINT('',#2788);
#2788=CARTESIAN_POINT('',(5.5499,6.6802,5.3721));
#2789=LINE('',#2790,#2791);
#2790=CARTESIAN_POINT('',(5.5499,6.6802,5.3721));
#2791=VECTOR('',#2792,1.0);
#2792=DIRECTION('',(-1.0,0.0,0.0));
#2793=ORIENTED_EDGE('',*,*,#2794,.T.);
#2794=EDGE_CURVE('',#2787,#2795,#2797,.F.);
#2795=VERTEX_POINT('',#2796);
#2796=CARTESIAN_POINT('',(5.5499,6.0452,5.3721));
#2797=LINE('',#2798,#2799);
#2798=CARTESIAN_POINT('',(5.5499,6.0452,5.3721));
#2799=VECTOR('',#2800,1.0);
#2800=DIRECTION('',(0.0,1.0,0.0));
#2801=ORIENTED_EDGE('',*,*,#2802,.T.);
#2802=EDGE_CURVE('',#2795,#2803,#2805,.F.);
#2803=VERTEX_POINT('',#2804);
#2804=CARTESIAN_POINT('',(3.6449,6.0452,5.3721));
#2805=LINE('',#2806,#2807);
#2806=CARTESIAN_POINT('',(3.6449,6.0452,5.3721));
#2807=VECTOR('',#2808,1.0);
#2808=DIRECTION('',(1.0,0.0,0.0));
#2809=ORIENTED_EDGE('',*,*,#2810,.T.);
#2810=EDGE_CURVE('',#2803,#2811,#2813,.F.);
#2811=VERTEX_POINT('',#2812);
#2812=CARTESIAN_POINT('',(3.6449,6.6802,5.3721));
#2813=LINE('',#2814,#2815);
#2814=CARTESIAN_POINT('',(3.6449,6.6802,5.3721));
#2815=VECTOR('',#2816,1.0);
#2816=DIRECTION('',(0.0,-1.0,0.0));
#2817=ORIENTED_EDGE('',*,*,#2818,.T.);
#2818=EDGE_CURVE('',#2811,#2777,#2819,.F.);
#2819=LINE('',#2820,#2821);
#2820=CARTESIAN_POINT('',(3.8354,6.6802,5.3721));
#2821=VECTOR('',#2822,1.0);
#2822=DIRECTION('',(-1.0,0.0,0.0));
#2823=PLANE('',#2824);
#2824=AXIS2_PLACEMENT_3D('',#2825,#2826,#2827);
#2825=CARTESIAN_POINT('',(0.0,0.0,5.3721));
#2826=DIRECTION('',(0.0,0.0,1.0));
#2827=DIRECTION('',(1.0,0.0,0.0));
#2828=ADVANCED_FACE('',(#2829),#2848,.T.);
#2829=FACE_BOUND('',#2830,.T.);
#2830=EDGE_LOOP('',(#2831,#2832,#2833,#2842));
#2831=ORIENTED_EDGE('',*,*,#2510,.F.);
#2832=ORIENTED_EDGE('',*,*,#2666,.F.);
#2833=ORIENTED_EDGE('',*,*,#2834,.T.);
#2834=EDGE_CURVE('',#2659,#2835,#2837,.F.);
#2835=VERTEX_POINT('',#2836);
#2836=CARTESIAN_POINT('',(9.5631,0.0,4.9911));
#2837=CIRCLE('',#2838,0.381);
#2838=AXIS2_PLACEMENT_3D('',#2839,#2840,#2841);
#2839=CARTESIAN_POINT('',(9.1821,0.0,4.9911));
#2840=DIRECTION('',(0.0,-1.0,0.0));
#2841=DIRECTION('',(1.0,0.0,0.0));
#2842=ORIENTED_EDGE('',*,*,#2843,.T.);
#2843=EDGE_CURVE('',#2835,#2511,#2844,.T.);
#2844=LINE('',#2845,#2846);
#2845=CARTESIAN_POINT('',(9.5631,0.0,4.9911));
#2846=VECTOR('',#2847,1.0);
#2847=DIRECTION('',(0.0,1.0,0.0));
#2848=CYLINDRICAL_SURFACE('',#2849,0.381);
#2849=AXIS2_PLACEMENT_3D('',#2850,#2851,#2852);
#2850=CARTESIAN_POINT('',(9.1821,-0.03581049,4.9911));
#2851=DIRECTION('',(0.0,1.0,0.0));
#2852=DIRECTION('',(0.0,0.0,1.0));
#2853=ADVANCED_FACE('',(#2854),#2872,.T.);
#2854=FACE_BOUND('',#2855,.T.);
#2855=EDGE_LOOP('',(#2856,#2857,#2858,#2866));
#2856=ORIENTED_EDGE('',*,*,#2519,.F.);
#2857=ORIENTED_EDGE('',*,*,#2843,.F.);
#2858=ORIENTED_EDGE('',*,*,#2859,.T.);
#2859=EDGE_CURVE('',#2835,#2860,#2862,.F.);
#2860=VERTEX_POINT('',#2861);
#2861=CARTESIAN_POINT('',(9.5631,0.0,-4.9911));
#2862=LINE('',#2863,#2864);
#2863=CARTESIAN_POINT('',(9.5631,0.0,-4.9911));
#2864=VECTOR('',#2865,1.0);
#2865=DIRECTION('',(0.0,0.0,1.0));
#2866=ORIENTED_EDGE('',*,*,#2867,.T.);
#2867=EDGE_CURVE('',#2860,#2520,#2868,.F.);
#2868=LINE('',#2869,#2870);
#2869=CARTESIAN_POINT('',(9.5631,7.3152,-4.9911));
#2870=VECTOR('',#2871,1.0);
#2871=DIRECTION('',(0.0,-1.0,0.0));
#2872=PLANE('',#2873);
#2873=AXIS2_PLACEMENT_3D('',#2874,#2875,#2876);
#2874=CARTESIAN_POINT('',(9.5631,0.0,-5.3721));
#2875=DIRECTION('',(1.0,0.0,0.0));
#2876=DIRECTION('',(0.0,1.0,0.0));
#2877=ADVANCED_FACE('',(#2878),#2897,.T.);
#2878=FACE_BOUND('',#2879,.T.);
#2879=EDGE_LOOP('',(#2880,#2889,#2895,#2896));
#2880=ORIENTED_EDGE('',*,*,#2881,.T.);
#2881=EDGE_CURVE('',#2860,#2882,#2884,.F.);
#2882=VERTEX_POINT('',#2883);
#2883=CARTESIAN_POINT('',(9.1821,0.0,-5.3721));
#2884=CIRCLE('',#2885,0.381);
#2885=AXIS2_PLACEMENT_3D('',#2886,#2887,#2888);
#2886=CARTESIAN_POINT('',(9.1821,0.0,-4.9911));
#2887=DIRECTION('',(0.0,-1.0,0.0));
#2888=DIRECTION('',(0.0,0.0,-1.0));
#2889=ORIENTED_EDGE('',*,*,#2890,.T.);
#2890=EDGE_CURVE('',#2882,#2528,#2891,.F.);
#2891=LINE('',#2892,#2893);
#2892=CARTESIAN_POINT('',(9.1821,7.3152,-5.3721));
#2893=VECTOR('',#2894,1.0);
#2894=DIRECTION('',(0.0,-1.0,0.0));
#2895=ORIENTED_EDGE('',*,*,#2527,.F.);
#2896=ORIENTED_EDGE('',*,*,#2867,.F.);
#2897=CYLINDRICAL_SURFACE('',#2898,0.381);
#2898=AXIS2_PLACEMENT_3D('',#2899,#2900,#2901);
#2899=CARTESIAN_POINT('',(9.1821,7.352358334,-4.9911));
#2900=DIRECTION('',(0.0,-1.0,0.0));
#2901=DIRECTION('',(0.0,0.0,-1.0));
#2902=ADVANCED_FACE('',(#2903,#2914,#2964,#3014),#3064,.F.);
#2903=FACE_BOUND('',#2904,.T.);
#2904=EDGE_LOOP('',(#2905,#2906,#2907,#2913));
#2905=ORIENTED_EDGE('',*,*,#2536,.F.);
#2906=ORIENTED_EDGE('',*,*,#2890,.F.);
#2907=ORIENTED_EDGE('',*,*,#2908,.T.);
#2908=EDGE_CURVE('',#2882,#2579,#2909,.F.);
#2909=LINE('',#2910,#2911);
#2910=CARTESIAN_POINT('',(-9.1821,0.0,-5.3721));
#2911=VECTOR('',#2912,1.0);
#2912=DIRECTION('',(1.0,0.0,0.0));
#2913=ORIENTED_EDGE('',*,*,#2578,.F.);
#2914=FACE_BOUND('',#2915,.T.);
#2915=EDGE_LOOP('',(#2916,#2926,#2934,#2942,#2950,#2958));
#2916=ORIENTED_EDGE('',*,*,#2917,.T.);
#2917=EDGE_CURVE('',#2918,#2920,#2922,.F.);
#2918=VERTEX_POINT('',#2919);
#2919=CARTESIAN_POINT('',(-3.8354,6.6802,-5.3721));
#2920=VERTEX_POINT('',#2921);
#2921=CARTESIAN_POINT('',(-5.3594,6.6802,-5.3721));
#2922=LINE('',#2923,#2924);
#2923=CARTESIAN_POINT('',(-5.3594,6.6802,-5.3721));
#2924=VECTOR('',#2925,1.0);
#2925=DIRECTION('',(1.0,0.0,0.0));
#2926=ORIENTED_EDGE('',*,*,#2927,.T.);
#2927=EDGE_CURVE('',#2920,#2928,#2930,.T.);
#2928=VERTEX_POINT('',#2929);
#2929=CARTESIAN_POINT('',(-5.5499,6.6802,-5.3721));
#2930=LINE('',#2931,#2932);
#2931=CARTESIAN_POINT('',(-5.3594,6.6802,-5.3721));
#2932=VECTOR('',#2933,1.0);
#2933=DIRECTION('',(-1.0,0.0,0.0));
#2934=ORIENTED_EDGE('',*,*,#2935,.T.);
#2935=EDGE_CURVE('',#2928,#2936,#2938,.T.);
#2936=VERTEX_POINT('',#2937);
#2937=CARTESIAN_POINT('',(-5.5499,6.0452,-5.3721));
#2938=LINE('',#2939,#2940);
#2939=CARTESIAN_POINT('',(-5.5499,6.6802,-5.3721));
#2940=VECTOR('',#2941,1.0);
#2941=DIRECTION('',(0.0,-1.0,0.0));
#2942=ORIENTED_EDGE('',*,*,#2943,.T.);
#2943=EDGE_CURVE('',#2936,#2944,#2946,.T.);
#2944=VERTEX_POINT('',#2945);
#2945=CARTESIAN_POINT('',(-3.6449,6.0452,-5.3721));
#2946=LINE('',#2947,#2948);
#2947=CARTESIAN_POINT('',(-5.5499,6.0452,-5.3721));
#2948=VECTOR('',#2949,1.0);
#2949=DIRECTION('',(1.0,0.0,0.0));
#2950=ORIENTED_EDGE('',*,*,#2951,.T.);
#2951=EDGE_CURVE('',#2944,#2952,#2954,.T.);
#2952=VERTEX_POINT('',#2953);
#2953=CARTESIAN_POINT('',(-3.6449,6.6802,-5.3721));
#2954=LINE('',#2955,#2956);
#2955=CARTESIAN_POINT('',(-3.6449,6.0452,-5.3721));
#2956=VECTOR('',#2957,1.0);
#2957=DIRECTION('',(0.0,1.0,0.0));
#2958=ORIENTED_EDGE('',*,*,#2959,.T.);
#2959=EDGE_CURVE('',#2952,#2918,#2960,.T.);
#2960=LINE('',#2961,#2962);
#2961=CARTESIAN_POINT('',(-3.6449,6.6802,-5.3721));
#2962=VECTOR('',#2963,1.0);
#2963=DIRECTION('',(-1.0,0.0,0.0));
#2964=FACE_BOUND('',#2965,.T.);
#2965=EDGE_LOOP('',(#2966,#2976,#2984,#2992,#3000,#3008));
#2966=ORIENTED_EDGE('',*,*,#2967,.T.);
#2967=EDGE_CURVE('',#2968,#2970,#2972,.F.);
#2968=VERTEX_POINT('',#2969);
#2969=CARTESIAN_POINT('',(0.762,6.6802,-5.3721));
#2970=VERTEX_POINT('',#2971);
#2971=CARTESIAN_POINT('',(-0.762,6.6802,-5.3721));
#2972=LINE('',#2973,#2974);
#2973=CARTESIAN_POINT('',(-0.762,6.6802,-5.3721));
#2974=VECTOR('',#2975,1.0);
#2975=DIRECTION('',(1.0,0.0,0.0));
#2976=ORIENTED_EDGE('',*,*,#2977,.T.);
#2977=EDGE_CURVE('',#2970,#2978,#2980,.T.);
#2978=VERTEX_POINT('',#2979);
#2979=CARTESIAN_POINT('',(-0.9525,6.6802,-5.3721));
#2980=LINE('',#2981,#2982);
#2981=CARTESIAN_POINT('',(-0.762,6.6802,-5.3721));
#2982=VECTOR('',#2983,1.0);
#2983=DIRECTION('',(-1.0,0.0,0.0));
#2984=ORIENTED_EDGE('',*,*,#2985,.T.);
#2985=EDGE_CURVE('',#2978,#2986,#2988,.T.);
#2986=VERTEX_POINT('',#2987);
#2987=CARTESIAN_POINT('',(-0.9525,6.0452,-5.3721));
#2988=LINE('',#2989,#2990);
#2989=CARTESIAN_POINT('',(-0.9525,6.6802,-5.3721));
#2990=VECTOR('',#2991,1.0);
#2991=DIRECTION('',(0.0,-1.0,0.0));
#2992=ORIENTED_EDGE('',*,*,#2993,.T.);
#2993=EDGE_CURVE('',#2986,#2994,#2996,.T.);
#2994=VERTEX_POINT('',#2995);
#2995=CARTESIAN_POINT('',(0.9525,6.0452,-5.3721));
#2996=LINE('',#2997,#2998);
#2997=CARTESIAN_POINT('',(-0.9525,6.0452,-5.3721));
#2998=VECTOR('',#2999,1.0);
#2999=DIRECTION('',(1.0,0.0,0.0));
#3000=ORIENTED_EDGE('',*,*,#3001,.T.);
#3001=EDGE_CURVE('',#2994,#3002,#3004,.T.);
#3002=VERTEX_POINT('',#3003);
#3003=CARTESIAN_POINT('',(0.9525,6.6802,-5.3721));
#3004=LINE('',#3005,#3006);
#3005=CARTESIAN_POINT('',(0.9525,6.0452,-5.3721));
#3006=VECTOR('',#3007,1.0);
#3007=DIRECTION('',(0.0,1.0,0.0));
#3008=ORIENTED_EDGE('',*,*,#3009,.T.);
#3009=EDGE_CURVE('',#3002,#2968,#3010,.T.);
#3010=LINE('',#3011,#3012);
#3011=CARTESIAN_POINT('',(0.9525,6.6802,-5.3721));
#3012=VECTOR('',#3013,1.0);
#3013=DIRECTION('',(-1.0,0.0,0.0));
#3014=FACE_BOUND('',#3015,.T.);
#3015=EDGE_LOOP('',(#3016,#3026,#3034,#3042,#3050,#3058));
#3016=ORIENTED_EDGE('',*,*,#3017,.T.);
#3017=EDGE_CURVE('',#3018,#3020,#3022,.F.);
#3018=VERTEX_POINT('',#3019);
#3019=CARTESIAN_POINT('',(5.3594,6.6802,-5.3721));
#3020=VERTEX_POINT('',#3021);
#3021=CARTESIAN_POINT('',(3.8354,6.6802,-5.3721));
#3022=LINE('',#3023,#3024);
#3023=CARTESIAN_POINT('',(3.8354,6.6802,-5.3721));
#3024=VECTOR('',#3025,1.0);
#3025=DIRECTION('',(1.0,0.0,0.0));
#3026=ORIENTED_EDGE('',*,*,#3027,.T.);
#3027=EDGE_CURVE('',#3020,#3028,#3030,.T.);
#3028=VERTEX_POINT('',#3029);
#3029=CARTESIAN_POINT('',(3.6449,6.6802,-5.3721));
#3030=LINE('',#3031,#3032);
#3031=CARTESIAN_POINT('',(3.8354,6.6802,-5.3721));
#3032=VECTOR('',#3033,1.0);
#3033=DIRECTION('',(-1.0,0.0,0.0));
#3034=ORIENTED_EDGE('',*,*,#3035,.T.);
#3035=EDGE_CURVE('',#3028,#3036,#3038,.T.);
#3036=VERTEX_POINT('',#3037);
#3037=CARTESIAN_POINT('',(3.6449,6.0452,-5.3721));
#3038=LINE('',#3039,#3040);
#3039=CARTESIAN_POINT('',(3.6449,6.6802,-5.3721));
#3040=VECTOR('',#3041,1.0);
#3041=DIRECTION('',(0.0,-1.0,0.0));
#3042=ORIENTED_EDGE('',*,*,#3043,.T.);
#3043=EDGE_CURVE('',#3036,#3044,#3046,.T.);
#3044=VERTEX_POINT('',#3045);
#3045=CARTESIAN_POINT('',(5.5499,6.0452,-5.3721));
#3046=LINE('',#3047,#3048);
#3047=CARTESIAN_POINT('',(3.6449,6.0452,-5.3721));
#3048=VECTOR('',#3049,1.0);
#3049=DIRECTION('',(1.0,0.0,0.0));
#3050=ORIENTED_EDGE('',*,*,#3051,.T.);
#3051=EDGE_CURVE('',#3044,#3052,#3054,.T.);
#3052=VERTEX_POINT('',#3053);
#3053=CARTESIAN_POINT('',(5.5499,6.6802,-5.3721));
#3054=LINE('',#3055,#3056);
#3055=CARTESIAN_POINT('',(5.5499,6.0452,-5.3721));
#3056=VECTOR('',#3057,1.0);
#3057=DIRECTION('',(0.0,1.0,0.0));
#3058=ORIENTED_EDGE('',*,*,#3059,.T.);
#3059=EDGE_CURVE('',#3052,#3018,#3060,.T.);
#3060=LINE('',#3061,#3062);
#3061=CARTESIAN_POINT('',(5.5499,6.6802,-5.3721));
#3062=VECTOR('',#3063,1.0);
#3063=DIRECTION('',(-1.0,0.0,0.0));
#3064=PLANE('',#3065);
#3065=AXIS2_PLACEMENT_3D('',#3066,#3067,#3068);
#3066=CARTESIAN_POINT('',(0.0,0.0,-5.3721));
#3067=DIRECTION('',(0.0,0.0,1.0));
#3068=DIRECTION('',(1.0,0.0,0.0));
#3069=ADVANCED_FACE('',(#3070,#3080,#3182,#3252),#3322,.T.);
#3070=FACE_BOUND('',#3071,.T.);
#3071=EDGE_LOOP('',(#3072,#3073,#3074,#3075,#3076,#3077,#3078,#3079));
#3072=ORIENTED_EDGE('',*,*,#2908,.F.);
#3073=ORIENTED_EDGE('',*,*,#2881,.F.);
#3074=ORIENTED_EDGE('',*,*,#2859,.F.);
#3075=ORIENTED_EDGE('',*,*,#2834,.F.);
#3076=ORIENTED_EDGE('',*,*,#2658,.F.);
#3077=ORIENTED_EDGE('',*,*,#2633,.F.);
#3078=ORIENTED_EDGE('',*,*,#2609,.F.);
#3079=ORIENTED_EDGE('',*,*,#2586,.F.);
#3080=FACE_BOUND('',#3081,.T.);
#3081=EDGE_LOOP('',(#3082,#3092,#3101,#3109,#3118,#3126,#3134,#3142,#3151,#3159,#3168,#3176));
#3082=ORIENTED_EDGE('',*,*,#3083,.T.);
#3083=EDGE_CURVE('',#3084,#3086,#3088,.F.);
#3084=VERTEX_POINT('',#3085);
#3085=CARTESIAN_POINT('',(7.0231,0.0,1.27));
#3086=VERTEX_POINT('',#3087);
#3087=CARTESIAN_POINT('',(7.0231,0.0,4.445));
#3088=LINE('',#3089,#3090);
#3089=CARTESIAN_POINT('',(7.0231,0.0,4.445));
#3090=VECTOR('',#3091,1.0);
#3091=DIRECTION('',(0.0,0.0,-1.0));
#3092=ORIENTED_EDGE('',*,*,#3093,.T.);
#3093=EDGE_CURVE('',#3086,#3094,#3096,.F.);
#3094=VERTEX_POINT('',#3095);
#3095=CARTESIAN_POINT('',(8.2931,0.0,4.445));
#3096=CIRCLE('',#3097,0.635);
#3097=AXIS2_PLACEMENT_3D('',#3098,#3099,#3100);
#3098=CARTESIAN_POINT('',(7.6581,0.0,4.445));
#3099=DIRECTION('',(0.0,-1.0,0.0));
#3100=DIRECTION('',(1.0,0.0,0.0));
#3101=ORIENTED_EDGE('',*,*,#3102,.T.);
#3102=EDGE_CURVE('',#3094,#3103,#3105,.F.);
#3103=VERTEX_POINT('',#3104);
#3104=CARTESIAN_POINT('',(8.2931,0.0,-4.445));
#3105=LINE('',#3106,#3107);
#3106=CARTESIAN_POINT('',(8.2931,0.0,-4.445));
#3107=VECTOR('',#3108,1.0);
#3108=DIRECTION('',(0.0,0.0,1.0));
#3109=ORIENTED_EDGE('',*,*,#3110,.T.);
#3110=EDGE_CURVE('',#3103,#3111,#3113,.F.);
#3111=VERTEX_POINT('',#3112);
#3112=CARTESIAN_POINT('',(7.0231,0.0,-4.445));
#3113=CIRCLE('',#3114,0.635);
#3114=AXIS2_PLACEMENT_3D('',#3115,#3116,#3117);
#3115=CARTESIAN_POINT('',(7.6581,0.0,-4.445));
#3116=DIRECTION('',(0.0,-1.0,0.0));
#3117=DIRECTION('',(-1.0,0.0,0.0));
#3118=ORIENTED_EDGE('',*,*,#3119,.T.);
#3119=EDGE_CURVE('',#3111,#3120,#3122,.F.);
#3120=VERTEX_POINT('',#3121);
#3121=CARTESIAN_POINT('',(7.0231,0.0,-1.27));
#3122=LINE('',#3123,#3124);
#3123=CARTESIAN_POINT('',(7.0231,0.0,-1.27));
#3124=VECTOR('',#3125,1.0);
#3125=DIRECTION('',(0.0,0.0,-1.0));
#3126=ORIENTED_EDGE('',*,*,#3127,.T.);
#3127=EDGE_CURVE('',#3120,#3128,#3130,.F.);
#3128=VERTEX_POINT('',#3129);
#3129=CARTESIAN_POINT('',(-7.0231,0.0,-1.27));
#3130=LINE('',#3131,#3132);
#3131=CARTESIAN_POINT('',(-7.0231,0.0,-1.27));
#3132=VECTOR('',#3133,1.0);
#3133=DIRECTION('',(1.0,0.0,0.0));
#3134=ORIENTED_EDGE('',*,*,#3135,.T.);
#3135=EDGE_CURVE('',#3128,#3136,#3138,.F.);
#3136=VERTEX_POINT('',#3137);
#3137=CARTESIAN_POINT('',(-7.0231,0.0,-4.445));
#3138=LINE('',#3139,#3140);
#3139=CARTESIAN_POINT('',(-7.0231,0.0,-4.445));
#3140=VECTOR('',#3141,1.0);
#3141=DIRECTION('',(0.0,0.0,1.0));
#3142=ORIENTED_EDGE('',*,*,#3143,.T.);
#3143=EDGE_CURVE('',#3136,#3144,#3146,.F.);
#3144=VERTEX_POINT('',#3145);
#3145=CARTESIAN_POINT('',(-8.2931,0.0,-4.445));
#3146=CIRCLE('',#3147,0.635);
#3147=AXIS2_PLACEMENT_3D('',#3148,#3149,#3150);
#3148=CARTESIAN_POINT('',(-7.6581,0.0,-4.445));
#3149=DIRECTION('',(0.0,-1.0,0.0));
#3150=DIRECTION('',(-1.0,0.0,0.0));
#3151=ORIENTED_EDGE('',*,*,#3152,.T.);
#3152=EDGE_CURVE('',#3144,#3153,#3155,.F.);
#3153=VERTEX_POINT('',#3154);
#3154=CARTESIAN_POINT('',(-8.2931,0.0,4.445));
#3155=LINE('',#3156,#3157);
#3156=CARTESIAN_POINT('',(-8.2931,0.0,4.445));
#3157=VECTOR('',#3158,1.0);
#3158=DIRECTION('',(0.0,0.0,-1.0));
#3159=ORIENTED_EDGE('',*,*,#3160,.T.);
#3160=EDGE_CURVE('',#3153,#3161,#3163,.F.);
#3161=VERTEX_POINT('',#3162);
#3162=CARTESIAN_POINT('',(-7.0231,0.0,4.445));
#3163=CIRCLE('',#3164,0.635);
#3164=AXIS2_PLACEMENT_3D('',#3165,#3166,#3167);
#3165=CARTESIAN_POINT('',(-7.6581,0.0,4.445));
#3166=DIRECTION('',(0.0,-1.0,0.0));
#3167=DIRECTION('',(1.0,0.0,1.665334537E-14));
#3168=ORIENTED_EDGE('',*,*,#3169,.T.);
#3169=EDGE_CURVE('',#3161,#3170,#3172,.F.);
#3170=VERTEX_POINT('',#3171);
#3171=CARTESIAN_POINT('',(-7.0231,0.0,1.27));
#3172=LINE('',#3173,#3174);
#3173=CARTESIAN_POINT('',(-7.0231,0.0,1.27));
#3174=VECTOR('',#3175,1.0);
#3175=DIRECTION('',(0.0,0.0,1.0));
#3176=ORIENTED_EDGE('',*,*,#3177,.T.);
#3177=EDGE_CURVE('',#3170,#3084,#3178,.F.);
#3178=LINE('',#3179,#3180);
#3179=CARTESIAN_POINT('',(7.0231,0.0,1.27));
#3180=VECTOR('',#3181,1.0);
#3181=DIRECTION('',(-1.0,0.0,0.0));
#3182=FACE_BOUND('',#3183,.T.);
#3183=EDGE_LOOP('',(#3184,#3195,#3203,#3212,#3220,#3229,#3237,#3246));
#3184=ORIENTED_EDGE('',*,*,#3185,.T.);
#3185=EDGE_CURVE('',#3186,#3188,#3190,.T.);
#3186=VERTEX_POINT('',#3187);
#3187=CARTESIAN_POINT('',(-3.5814,0.0,-2.6035));
#3188=VERTEX_POINT('',#3189);
#3189=CARTESIAN_POINT('',(-3.581071809,-2.733047265E-04,-2.666214706));
#3190=B_SPLINE_CURVE_WITH_KNOTS('',3,(#3191,#3192,#3193,#3194),.UNSPECIFIED.,.F.,.U.,(4,4),(0.0,1.0),.PIECEWISE_BEZIER_KNOTS.);
#3191=CARTESIAN_POINT('',(-3.5814,0.0,-2.6035));
#3192=CARTESIAN_POINT('',(-3.5814,0.0,-2.624382511));
#3193=CARTESIAN_POINT('',(-3.581071809,-2.733047265E-04,-2.645332195));
#3194=CARTESIAN_POINT('',(-3.581071809,-2.733047265E-04,-2.666214706));
#3195=ORIENTED_EDGE('',*,*,#3196,.T.);
#3196=EDGE_CURVE('',#3188,#3197,#3199,.F.);
#3197=VERTEX_POINT('',#3198);
#3198=CARTESIAN_POINT('',(-3.581071809,-2.733047265E-04,-3.048785294));
#3199=LINE('',#3200,#3201);
#3200=CARTESIAN_POINT('',(-3.581071809,-2.733047265E-04,-3.048785294));
#3201=VECTOR('',#3202,1.0);
#3202=DIRECTION('',(0.0,0.0,1.0));
#3203=ORIENTED_EDGE('',*,*,#3204,.T.);
#3204=EDGE_CURVE('',#3197,#3205,#3207,.T.);
#3205=VERTEX_POINT('',#3206);
#3206=CARTESIAN_POINT('',(-3.5814,0.0,-3.1115));
#3207=B_SPLINE_CURVE_WITH_KNOTS('',3,(#3208,#3209,#3210,#3211),.UNSPECIFIED.,.F.,.U.,(4,4),(0.0,1.0),.PIECEWISE_BEZIER_KNOTS.);
#3208=CARTESIAN_POINT('',(-3.581071809,-2.733047265E-04,-3.048785294));
#3209=CARTESIAN_POINT('',(-3.581071809,-2.733047265E-04,-3.069667805));
#3210=CARTESIAN_POINT('',(-3.5814,0.0,-3.090617489));
#3211=CARTESIAN_POINT('',(-3.5814,0.0,-3.1115));
#3212=ORIENTED_EDGE('',*,*,#3213,.T.);
#3213=EDGE_CURVE('',#3205,#3214,#3216,.T.);
#3214=VERTEX_POINT('',#3215);
#3215=CARTESIAN_POINT('',(-5.6134,0.0,-3.1115));
#3216=LINE('',#3217,#3218);
#3217=CARTESIAN_POINT('',(-3.5814,0.0,-3.1115));
#3218=VECTOR('',#3219,1.0);
#3219=DIRECTION('',(-1.0,0.0,0.0));
#3220=ORIENTED_EDGE('',*,*,#3221,.T.);
#3221=EDGE_CURVE('',#3214,#3222,#3224,.F.);
#3222=VERTEX_POINT('',#3223);
#3223=CARTESIAN_POINT('',(-5.613728191,-2.733047265E-04,-3.048785294));
#3224=B_SPLINE_CURVE_WITH_KNOTS('',3,(#3225,#3226,#3227,#3228),.UNSPECIFIED.,.F.,.U.,(4,4),(0.0,1.0),.PIECEWISE_BEZIER_KNOTS.);
#3225=CARTESIAN_POINT('',(-5.613728191,-2.733047265E-04,-3.048785294));
#3226=CARTESIAN_POINT('',(-5.613728191,-2.733047265E-04,-3.069667805));
#3227=CARTESIAN_POINT('',(-5.6134,0.0,-3.090617489));
#3228=CARTESIAN_POINT('',(-5.6134,0.0,-3.1115));
#3229=ORIENTED_EDGE('',*,*,#3230,.T.);
#3230=EDGE_CURVE('',#3222,#3231,#3233,.F.);
#3231=VERTEX_POINT('',#3232);
#3232=CARTESIAN_POINT('',(-5.613728191,-2.733047265E-04,-2.666214706));
#3233=LINE('',#3234,#3235);
#3234=CARTESIAN_POINT('',(-5.613728191,-2.733047265E-04,-2.666214706));
#3235=VECTOR('',#3236,1.0);
#3236=DIRECTION('',(0.0,0.0,-1.0));
#3237=ORIENTED_EDGE('',*,*,#3238,.T.);
#3238=EDGE_CURVE('',#3231,#3239,#3241,.F.);
#3239=VERTEX_POINT('',#3240);
#3240=CARTESIAN_POINT('',(-5.6134,0.0,-2.6035));
#3241=B_SPLINE_CURVE_WITH_KNOTS('',3,(#3242,#3243,#3244,#3245),.UNSPECIFIED.,.F.,.U.,(4,4),(0.0,1.0),.PIECEWISE_BEZIER_KNOTS.);
#3242=CARTESIAN_POINT('',(-5.6134,0.0,-2.6035));
#3243=CARTESIAN_POINT('',(-5.6134,0.0,-2.624382511));
#3244=CARTESIAN_POINT('',(-5.613728191,-2.733047265E-04,-2.645332195));
#3245=CARTESIAN_POINT('',(-5.613728191,-2.733047265E-04,-2.666214706));
#3246=ORIENTED_EDGE('',*,*,#3247,.T.);
#3247=EDGE_CURVE('',#3239,#3186,#3248,.F.);
#3248=LINE('',#3249,#3250);
#3249=CARTESIAN_POINT('',(-3.5814,0.0,-2.6035));
#3250=VECTOR('',#3251,1.0);
#3251=DIRECTION('',(-1.0,0.0,0.0));
#3252=FACE_BOUND('',#3253,.T.);
#3253=EDGE_LOOP('',(#3254,#3265,#3273,#3282,#3290,#3299,#3307,#3316));
#3254=ORIENTED_EDGE('',*,*,#3255,.T.);
#3255=EDGE_CURVE('',#3256,#3258,#3260,.T.);
#3256=VERTEX_POINT('',#3257);
#3257=CARTESIAN_POINT('',(1.016,0.0,-2.6035));
#3258=VERTEX_POINT('',#3259);
#3259=CARTESIAN_POINT('',(1.016328191,-2.733047265E-04,-2.666214706));
#3260=B_SPLINE_CURVE_WITH_KNOTS('',3,(#3261,#3262,#3263,#3264),.UNSPECIFIED.,.F.,.U.,(4,4),(0.0,1.0),.PIECEWISE_BEZIER_KNOTS.);
#3261=CARTESIAN_POINT('',(1.016,0.0,-2.6035));
#3262=CARTESIAN_POINT('',(1.016,0.0,-2.624382511));
#3263=CARTESIAN_POINT('',(1.016328191,-2.733047265E-04,-2.645332195));
#3264=CARTESIAN_POINT('',(1.016328191,-2.733047265E-04,-2.666214706));
#3265=ORIENTED_EDGE('',*,*,#3266,.T.);
#3266=EDGE_CURVE('',#3258,#3267,#3269,.F.);
#3267=VERTEX_POINT('',#3268);
#3268=CARTESIAN_POINT('',(1.016328191,-2.733047265E-04,-3.048785294));
#3269=LINE('',#3270,#3271);
#3270=CARTESIAN_POINT('',(1.016328191,-2.733047265E-04,-3.048785294));
#3271=VECTOR('',#3272,1.0);
#3272=DIRECTION('',(0.0,0.0,1.0));
#3273=ORIENTED_EDGE('',*,*,#3274,.T.);
#3274=EDGE_CURVE('',#3267,#3275,#3277,.T.);
#3275=VERTEX_POINT('',#3276);
#3276=CARTESIAN_POINT('',(1.016,0.0,-3.1115));
#3277=B_SPLINE_CURVE_WITH_KNOTS('',3,(#3278,#3279,#3280,#3281),.UNSPECIFIED.,.F.,.U.,(4,4),(0.0,1.0),.PIECEWISE_BEZIER_KNOTS.);
#3278=CARTESIAN_POINT('',(1.016328191,-2.733047265E-04,-3.048785294));
#3279=CARTESIAN_POINT('',(1.016328191,-2.733047265E-04,-3.069667805));
#3280=CARTESIAN_POINT('',(1.016,0.0,-3.090617489));
#3281=CARTESIAN_POINT('',(1.016,0.0,-3.1115));
#3282=ORIENTED_EDGE('',*,*,#3283,.T.);
#3283=EDGE_CURVE('',#3275,#3284,#3286,.T.);
#3284=VERTEX_POINT('',#3285);
#3285=CARTESIAN_POINT('',(-1.016,0.0,-3.1115));
#3286=LINE('',#3287,#3288);
#3287=CARTESIAN_POINT('',(1.016,0.0,-3.1115));
#3288=VECTOR('',#3289,1.0);
#3289=DIRECTION('',(-1.0,0.0,0.0));
#3290=ORIENTED_EDGE('',*,*,#3291,.T.);
#3291=EDGE_CURVE('',#3284,#3292,#3294,.F.);
#3292=VERTEX_POINT('',#3293);
#3293=CARTESIAN_POINT('',(-1.016328191,-2.733047265E-04,-3.048785294));
#3294=B_SPLINE_CURVE_WITH_KNOTS('',3,(#3295,#3296,#3297,#3298),.UNSPECIFIED.,.F.,.U.,(4,4),(0.0,1.0),.PIECEWISE_BEZIER_KNOTS.);
#3295=CARTESIAN_POINT('',(-1.016328191,-2.733047265E-04,-3.048785294));
#3296=CARTESIAN_POINT('',(-1.016328191,-2.733047265E-04,-3.069667805));
#3297=CARTESIAN_POINT('',(-1.016,0.0,-3.090617489));
#3298=CARTESIAN_POINT('',(-1.016,0.0,-3.1115));
#3299=ORIENTED_EDGE('',*,*,#3300,.T.);
#3300=EDGE_CURVE('',#3292,#3301,#3303,.F.);
#3301=VERTEX_POINT('',#3302);
#3302=CARTESIAN_POINT('',(-1.016328191,-2.733047265E-04,-2.666214706));
#3303=LINE('',#3304,#3305);
#3304=CARTESIAN_POINT('',(-1.016328191,-2.733047265E-04,-2.666214706));
#3305=VECTOR('',#3306,1.0);
#3306=DIRECTION('',(0.0,0.0,-1.0));
#3307=ORIENTED_EDGE('',*,*,#3308,.T.);
#3308=EDGE_CURVE('',#3301,#3309,#3311,.F.);
#3309=VERTEX_POINT('',#3310);
#3310=CARTESIAN_POINT('',(-1.016,0.0,-2.6035));
#3311=B_SPLINE_CURVE_WITH_KNOTS('',3,(#3312,#3313,#3314,#3315),.UNSPECIFIED.,.F.,.U.,(4,4),(0.0,1.0),.PIECEWISE_BEZIER_KNOTS.);
#3312=CARTESIAN_POINT('',(-1.016,0.0,-2.6035));
#3313=CARTESIAN_POINT('',(-1.016,0.0,-2.624382511));
#3314=CARTESIAN_POINT('',(-1.016328191,-2.733047265E-04,-2.645332195));
#3315=CARTESIAN_POINT('',(-1.016328191,-2.733047265E-04,-2.666214706));
#3316=ORIENTED_EDGE('',*,*,#3317,.T.);
#3317=EDGE_CURVE('',#3309,#3256,#3318,.F.);
#3318=LINE('',#3319,#3320);
#3319=CARTESIAN_POINT('',(1.016,0.0,-2.6035));
#3320=VECTOR('',#3321,1.0);
#3321=DIRECTION('',(-1.0,0.0,0.0));
#3322=PLANE('',#3323);
#3323=AXIS2_PLACEMENT_3D('',#3324,#3325,#3326);
#3324=CARTESIAN_POINT('',(-9.5631,0.0,-5.3721));
#3325=DIRECTION('',(0.0,-1.0,0.0));
#3326=DIRECTION('',(1.0,0.0,0.0));
#3327=ADVANCED_FACE('',(#3328),#3353,.T.);
#3328=FACE_BOUND('',#3329,.T.);
#3329=EDGE_LOOP('',(#3330,#3338,#3346,#3352));
#3330=ORIENTED_EDGE('',*,*,#3331,.T.);
#3331=EDGE_CURVE('',#3170,#3332,#3334,.T.);
#3332=VERTEX_POINT('',#3333);
#3333=CARTESIAN_POINT('',(-7.0231,-0.2032,1.27));
#3334=LINE('',#3335,#3336);
#3335=CARTESIAN_POINT('',(-7.0231,0.0,1.27));
#3336=VECTOR('',#3337,1.0);
#3337=DIRECTION('',(0.0,-1.0,0.0));
#3338=ORIENTED_EDGE('',*,*,#3339,.T.);
#3339=EDGE_CURVE('',#3332,#3340,#3342,.F.);
#3340=VERTEX_POINT('',#3341);
#3341=CARTESIAN_POINT('',(7.0231,-0.2032,1.27));
#3342=LINE('',#3343,#3344);
#3343=CARTESIAN_POINT('',(7.0231,-0.2032,1.27));
#3344=VECTOR('',#3345,1.0);
#3345=DIRECTION('',(-1.0,0.0,0.0));
#3346=ORIENTED_EDGE('',*,*,#3347,.T.);
#3347=EDGE_CURVE('',#3340,#3084,#3348,.F.);
#3348=LINE('',#3349,#3350);
#3349=CARTESIAN_POINT('',(7.0231,0.0,1.27));
#3350=VECTOR('',#3351,1.0);
#3351=DIRECTION('',(0.0,-1.0,0.0));
#3352=ORIENTED_EDGE('',*,*,#3177,.F.);
#3353=PLANE('',#3354);
#3354=AXIS2_PLACEMENT_3D('',#3355,#3356,#3357);
#3355=CARTESIAN_POINT('',(7.0231,0.0,1.27));
#3356=DIRECTION('',(0.0,0.0,1.0));
#3357=DIRECTION('',(-1.0,0.0,0.0));
#3358=ADVANCED_FACE('',(#3359),#3432,.T.);
#3359=FACE_BOUND('',#3360,.T.);
#3360=EDGE_LOOP('',(#3361,#3369,#3370,#3378,#3386,#3394,#3402,#3410,#3418,#3424,#3425,#3426));
#3361=ORIENTED_EDGE('',*,*,#3362,.T.);
#3362=EDGE_CURVE('',#3363,#3120,#3365,.F.);
#3363=VERTEX_POINT('',#3364);
#3364=CARTESIAN_POINT('',(7.0231,-0.2032,-1.27));
#3365=LINE('',#3366,#3367);
#3366=CARTESIAN_POINT('',(7.0231,0.0,-1.27));
#3367=VECTOR('',#3368,1.0);
#3368=DIRECTION('',(0.0,-1.0,0.0));
#3369=ORIENTED_EDGE('',*,*,#3119,.F.);
#3370=ORIENTED_EDGE('',*,*,#3371,.T.);
#3371=EDGE_CURVE('',#3111,#3372,#3374,.T.);
#3372=VERTEX_POINT('',#3373);
#3373=CARTESIAN_POINT('',(7.0231,-1.14808,-4.445));
#3374=LINE('',#3375,#3376);
#3375=CARTESIAN_POINT('',(7.0231,0.0,-4.445));
#3376=VECTOR('',#3377,1.0);
#3377=DIRECTION('',(0.0,-1.0,5.106368868E-10));
#3378=ORIENTED_EDGE('',*,*,#3379,.T.);
#3379=EDGE_CURVE('',#3372,#3380,#3382,.F.);
#3380=VERTEX_POINT('',#3381);
#3381=CARTESIAN_POINT('',(7.0231,-1.14808,0.1524));
#3382=LINE('',#3383,#3384);
#3383=CARTESIAN_POINT('',(7.0231,-1.14808,0.1524));
#3384=VECTOR('',#3385,1.0);
#3385=DIRECTION('',(0.0,0.0,-1.0));
#3386=ORIENTED_EDGE('',*,*,#3387,.T.);
#3387=EDGE_CURVE('',#3380,#3388,#3390,.T.);
#3388=VERTEX_POINT('',#3389);
#3389=CARTESIAN_POINT('',(7.0231,-0.508,0.1524));
#3390=LINE('',#3391,#3392);
#3391=CARTESIAN_POINT('',(7.0231,-1.14808,0.1524));
#3392=VECTOR('',#3393,1.0);
#3393=DIRECTION('',(0.0,1.0,0.0));
#3394=ORIENTED_EDGE('',*,*,#3395,.T.);
#3395=EDGE_CURVE('',#3388,#3396,#3398,.T.);
#3396=VERTEX_POINT('',#3397);
#3397=CARTESIAN_POINT('',(7.0231,-0.508,2.1844));
#3398=LINE('',#3399,#3400);
#3399=CARTESIAN_POINT('',(7.0231,-0.508,0.1524));
#3400=VECTOR('',#3401,1.0);
#3401=DIRECTION('',(0.0,0.0,1.0));
#3402=ORIENTED_EDGE('',*,*,#3403,.T.);
#3403=EDGE_CURVE('',#3396,#3404,#3406,.F.);
#3404=VERTEX_POINT('',#3405);
#3405=CARTESIAN_POINT('',(7.0231,-1.14808,2.1844));
#3406=LINE('',#3407,#3408);
#3407=CARTESIAN_POINT('',(7.0231,-1.14808,2.1844));
#3408=VECTOR('',#3409,1.0);
#3409=DIRECTION('',(0.0,1.0,0.0));
#3410=ORIENTED_EDGE('',*,*,#3411,.T.);
#3411=EDGE_CURVE('',#3404,#3412,#3414,.F.);
#3412=VERTEX_POINT('',#3413);
#3413=CARTESIAN_POINT('',(7.0231,-1.14808,4.445));
#3414=LINE('',#3415,#3416);
#3415=CARTESIAN_POINT('',(7.0231,-1.14808,4.445));
#3416=VECTOR('',#3417,1.0);
#3417=DIRECTION('',(0.0,0.0,-1.0));
#3418=ORIENTED_EDGE('',*,*,#3419,.T.);
#3419=EDGE_CURVE('',#3412,#3086,#3420,.F.);
#3420=LINE('',#3421,#3422);
#3421=CARTESIAN_POINT('',(7.0231,0.0,4.445));
#3422=VECTOR('',#3423,1.0);
#3423=DIRECTION('',(0.0,-1.0,-3.69901995E-10));
#3424=ORIENTED_EDGE('',*,*,#3083,.F.);
#3425=ORIENTED_EDGE('',*,*,#3347,.F.);
#3426=ORIENTED_EDGE('',*,*,#3427,.T.);
#3427=EDGE_CURVE('',#3340,#3363,#3428,.T.);
#3428=LINE('',#3429,#3430);
#3429=CARTESIAN_POINT('',(7.0231,-0.2032,1.27));
#3430=VECTOR('',#3431,1.0);
#3431=DIRECTION('',(0.0,0.0,-1.0));
#3432=PLANE('',#3433);
#3433=AXIS2_PLACEMENT_3D('',#3434,#3435,#3436);
#3434=CARTESIAN_POINT('',(7.0231,0.0,4.445));
#3435=DIRECTION('',(-1.0,0.0,0.0));
#3436=DIRECTION('',(0.0,0.0,-1.0));
#3437=ADVANCED_FACE('',(#3438),#3456,.T.);
#3438=FACE_BOUND('',#3439,.T.);
#3439=EDGE_LOOP('',(#3440,#3448,#3449,#3450));
#3440=ORIENTED_EDGE('',*,*,#3441,.T.);
#3441=EDGE_CURVE('',#3442,#3363,#3444,.T.);
#3442=VERTEX_POINT('',#3443);
#3443=CARTESIAN_POINT('',(-7.0231,-0.2032,-1.27));
#3444=LINE('',#3445,#3446);
#3445=CARTESIAN_POINT('',(-7.0231,-0.2032,-1.27));
#3446=VECTOR('',#3447,1.0);
#3447=DIRECTION('',(1.0,0.0,0.0));
#3448=ORIENTED_EDGE('',*,*,#3427,.F.);
#3449=ORIENTED_EDGE('',*,*,#3339,.F.);
#3450=ORIENTED_EDGE('',*,*,#3451,.T.);
#3451=EDGE_CURVE('',#3332,#3442,#3452,.T.);
#3452=LINE('',#3453,#3454);
#3453=CARTESIAN_POINT('',(-7.0231,-0.2032,1.27));
#3454=VECTOR('',#3455,1.0);
#3455=DIRECTION('',(0.0,0.0,-1.0));
#3456=PLANE('',#3457);
#3457=AXIS2_PLACEMENT_3D('',#3458,#3459,#3460);
#3458=CARTESIAN_POINT('',(0.0,-0.2032,0.0));
#3459=DIRECTION('',(0.0,-1.0,0.0));
#3460=DIRECTION('',(0.0,0.0,-1.0));
#3461=ADVANCED_FACE('',(#3462),#3528,.T.);
#3462=FACE_BOUND('',#3463,.T.);
#3463=EDGE_LOOP('',(#3464,#3465,#3466,#3474,#3482,#3490,#3498,#3506,#3514,#3520,#3521,#3527));
#3464=ORIENTED_EDGE('',*,*,#3331,.F.);
#3465=ORIENTED_EDGE('',*,*,#3169,.F.);
#3466=ORIENTED_EDGE('',*,*,#3467,.T.);
#3467=EDGE_CURVE('',#3161,#3468,#3470,.T.);
#3468=VERTEX_POINT('',#3469);
#3469=CARTESIAN_POINT('',(-7.0231,-1.14808,4.445));
#3470=LINE('',#3471,#3472);
#3471=CARTESIAN_POINT('',(-7.0231,0.0,4.445));
#3472=VECTOR('',#3473,1.0);
#3473=DIRECTION('',(0.0,-1.0,-5.10639343E-10));
#3474=ORIENTED_EDGE('',*,*,#3475,.T.);
#3475=EDGE_CURVE('',#3468,#3476,#3478,.F.);
#3476=VERTEX_POINT('',#3477);
#3477=CARTESIAN_POINT('',(-7.0231,-1.14808,2.1844));
#3478=LINE('',#3479,#3480);
#3479=CARTESIAN_POINT('',(-7.0231,-1.14808,2.1844));
#3480=VECTOR('',#3481,1.0);
#3481=DIRECTION('',(0.0,0.0,1.0));
#3482=ORIENTED_EDGE('',*,*,#3483,.T.);
#3483=EDGE_CURVE('',#3476,#3484,#3486,.T.);
#3484=VERTEX_POINT('',#3485);
#3485=CARTESIAN_POINT('',(-7.0231,-0.508,2.1844));
#3486=LINE('',#3487,#3488);
#3487=CARTESIAN_POINT('',(-7.0231,-1.14808,2.1844));
#3488=VECTOR('',#3489,1.0);
#3489=DIRECTION('',(0.0,1.0,0.0));
#3490=ORIENTED_EDGE('',*,*,#3491,.T.);
#3491=EDGE_CURVE('',#3484,#3492,#3494,.F.);
#3492=VERTEX_POINT('',#3493);
#3493=CARTESIAN_POINT('',(-7.0231,-0.508,0.1524));
#3494=LINE('',#3495,#3496);
#3495=CARTESIAN_POINT('',(-7.0231,-0.508,0.1524));
#3496=VECTOR('',#3497,1.0);
#3497=DIRECTION('',(0.0,0.0,1.0));
#3498=ORIENTED_EDGE('',*,*,#3499,.T.);
#3499=EDGE_CURVE('',#3492,#3500,#3502,.F.);
#3500=VERTEX_POINT('',#3501);
#3501=CARTESIAN_POINT('',(-7.0231,-1.14808,0.1524));
#3502=LINE('',#3503,#3504);
#3503=CARTESIAN_POINT('',(-7.0231,-1.14808,0.1524));
#3504=VECTOR('',#3505,1.0);
#3505=DIRECTION('',(0.0,1.0,0.0));
#3506=ORIENTED_EDGE('',*,*,#3507,.T.);
#3507=EDGE_CURVE('',#3500,#3508,#3510,.F.);
#3508=VERTEX_POINT('',#3509);
#3509=CARTESIAN_POINT('',(-7.0231,-1.14808,-4.445));
#3510=LINE('',#3511,#3512);
#3511=CARTESIAN_POINT('',(-7.0231,-1.14808,-4.445));
#3512=VECTOR('',#3513,1.0);
#3513=DIRECTION('',(0.0,0.0,1.0));
#3514=ORIENTED_EDGE('',*,*,#3515,.T.);
#3515=EDGE_CURVE('',#3508,#3136,#3516,.F.);
#3516=LINE('',#3517,#3518);
#3517=CARTESIAN_POINT('',(-7.0231,0.0,-4.445));
#3518=VECTOR('',#3519,1.0);
#3519=DIRECTION('',(0.0,-1.0,3.699069075E-10));
#3520=ORIENTED_EDGE('',*,*,#3135,.F.);
#3521=ORIENTED_EDGE('',*,*,#3522,.T.);
#3522=EDGE_CURVE('',#3128,#3442,#3523,.T.);
#3523=LINE('',#3524,#3525);
#3524=CARTESIAN_POINT('',(-7.0231,0.0,-1.27));
#3525=VECTOR('',#3526,1.0);
#3526=DIRECTION('',(0.0,-1.0,0.0));
#3527=ORIENTED_EDGE('',*,*,#3451,.F.);
#3528=PLANE('',#3529);
#3529=AXIS2_PLACEMENT_3D('',#3530,#3531,#3532);
#3530=CARTESIAN_POINT('',(-7.0231,0.0,-4.445));
#3531=DIRECTION('',(1.0,0.0,0.0));
#3532=DIRECTION('',(0.0,0.0,1.0));
#3533=ADVANCED_FACE('',(#3534),#3540,.T.);
#3534=FACE_BOUND('',#3535,.T.);
#3535=EDGE_LOOP('',(#3536,#3537,#3538,#3539));
#3536=ORIENTED_EDGE('',*,*,#3362,.F.);
#3537=ORIENTED_EDGE('',*,*,#3441,.F.);
#3538=ORIENTED_EDGE('',*,*,#3522,.F.);
#3539=ORIENTED_EDGE('',*,*,#3127,.F.);
#3540=PLANE('',#3541);
#3541=AXIS2_PLACEMENT_3D('',#3542,#3543,#3544);
#3542=CARTESIAN_POINT('',(-7.0231,0.0,-1.27));
#3543=DIRECTION('',(0.0,0.0,-1.0));
#3544=DIRECTION('',(1.0,0.0,0.0));
#3545=ADVANCED_FACE('',(#3546),#3565,.T.);
#3546=FACE_BOUND('',#3547,.T.);
#3547=EDGE_LOOP('',(#3548,#3556,#3557,#3558));
#3548=ORIENTED_EDGE('',*,*,#3549,.T.);
#3549=EDGE_CURVE('',#3550,#3144,#3552,.F.);
#3550=VERTEX_POINT('',#3551);
#3551=CARTESIAN_POINT('',(-8.2931,-1.14808,-4.445));
#3552=LINE('',#3553,#3554);
#3553=CARTESIAN_POINT('',(-8.2931,0.0,-4.445));
#3554=VECTOR('',#3555,1.0);
#3555=DIRECTION('',(0.0,-1.0,5.106368868E-10));
#3556=ORIENTED_EDGE('',*,*,#3143,.F.);
#3557=ORIENTED_EDGE('',*,*,#3515,.F.);
#3558=ORIENTED_EDGE('',*,*,#3559,.T.);
#3559=EDGE_CURVE('',#3508,#3550,#3560,.F.);
#3560=CIRCLE('',#3561,0.635);
#3561=AXIS2_PLACEMENT_3D('',#3562,#3563,#3564);
#3562=CARTESIAN_POINT('',(-7.6581,-1.14808,-4.445));
#3563=DIRECTION('',(0.0,-1.0,0.0));
#3564=DIRECTION('',(-1.0,0.0,0.0));
#3565=CYLINDRICAL_SURFACE('',#3566,0.635);
#3566=AXIS2_PLACEMENT_3D('',#3567,#3568,#3569);
#3567=CARTESIAN_POINT('',(-7.6581,0.0,-4.445));
#3568=DIRECTION('',(0.0,-1.0,0.0));
#3569=DIRECTION('',(1.0,0.0,0.0));
#3570=ADVANCED_FACE('',(#3571),#3599,.T.);
#3571=FACE_BOUND('',#3572,.T.);
#3572=EDGE_LOOP('',(#3573,#3582,#3583,#3592));
#3573=ORIENTED_EDGE('',*,*,#3574,.T.);
#3574=EDGE_CURVE('',#3575,#3550,#3577,.T.);
#3575=VERTEX_POINT('',#3576);
#3576=CARTESIAN_POINT('',(-7.66318,-1.778,-4.445));
#3577=CIRCLE('',#3578,0.62992);
#3578=AXIS2_PLACEMENT_3D('',#3579,#3580,#3581);
#3579=CARTESIAN_POINT('',(-7.66318,-1.14808,-4.445));
#3580=DIRECTION('',(7.667592618E-08,0.0,-1.0));
#3581=DIRECTION('',(0.0,-1.0,0.0));
#3582=ORIENTED_EDGE('',*,*,#3559,.F.);
#3583=ORIENTED_EDGE('',*,*,#3584,.T.);
#3584=EDGE_CURVE('',#3508,#3585,#3587,.F.);
#3585=VERTEX_POINT('',#3586);
#3586=CARTESIAN_POINT('',(-7.65302,-1.778,-4.445));
#3587=CIRCLE('',#3588,0.62992);
#3588=AXIS2_PLACEMENT_3D('',#3589,#3590,#3591);
#3589=CARTESIAN_POINT('',(-7.65302,-1.14808,-4.445));
#3590=DIRECTION('',(0.0,0.0,1.0));
#3591=DIRECTION('',(0.0,-1.0,0.0));
#3592=ORIENTED_EDGE('',*,*,#3593,.T.);
#3593=EDGE_CURVE('',#3585,#3575,#3594,.F.);
#3594=CIRCLE('',#3595,0.00508);
#3595=AXIS2_PLACEMENT_3D('',#3596,#3597,#3598);
#3596=CARTESIAN_POINT('',(-7.6581,-1.778,-4.445));
#3597=DIRECTION('',(0.0,-1.0,0.0));
#3598=DIRECTION('',(-1.0,0.0,0.0));
#3599=(BOUNDED_SURFACE()B_SPLINE_SURFACE(3,3,((#3600,#3601,#3602,#3603),(#3604,#3605,#3606,#3607),(#3608,#3609,#3610,#3611),(#3612,#3613,#3614,#3615),(#3616,#3617,#3618,#3619),(#3620,#3621,#3622,#3623),(#3624,#3625,#3626,#3627)),.UNSPECIFIED.,.F.,.F.,.U.)B_SPLINE_SURFACE_WITH_KNOTS((4,3,4),(4,4),(0.0,1.0,2.0),(0.0,1.0),.PIECEWISE_BEZIER_KNOTS.)GEOMETRIC_REPRESENTATION_ITEM()RATIONAL_B_SPLINE_SURFACE(((1.402545431,1.115501834,1.115501834,1.402545431),(1.10758742,0.880909645,0.880909645,1.10758742),(1.10758742,0.880909645,0.880909645,1.10758742),(1.402545431,1.115501834,1.115501834,1.402545431),(1.10758742,0.880909645,0.880909645,1.10758742),(1.10758742,0.880909645,0.880909645,1.10758742),(1.402545431,1.115501834,1.115501834,1.402545431)))REPRESENTATION_ITEM('')SURFACE());
#3600=CARTESIAN_POINT('',(-8.291536758,-1.128293735,-4.405147536));
#3601=CARTESIAN_POINT('',(-8.303469835,-1.508761157,-4.40439677));
#3602=CARTESIAN_POINT('',(-8.037991762,-1.781049316,-4.421099235));
#3603=CARTESIAN_POINT('',(-7.6581,-1.777979516,-4.445));
#3604=CARTESIAN_POINT('',(-8.316061909,-1.128293735,-4.794963629));
#3605=CARTESIAN_POINT('',(-8.328457006,-1.508761157,-4.801556462));
#3606=CARTESIAN_POINT('',(-8.052700259,-1.781049316,-4.654884093));
#3607=CARTESIAN_POINT('',(-7.6581,-1.777979516,-4.445));
#3608=CARTESIAN_POINT('',(-8.048686827,-1.128293735,-5.079689173));
#3609=CARTESIAN_POINT('',(-8.056044945,-1.508761157,-5.091645843));
#3610=CARTESIAN_POINT('',(-7.892347091,-1.781049316,-4.825642874));
#3611=CARTESIAN_POINT('',(-7.6581,-1.777979516,-4.445));
#3612=CARTESIAN_POINT('',(-7.6581,-1.128293735,-5.079689173));
#3613=CARTESIAN_POINT('',(-7.6581,-1.508761157,-5.091645843));
#3614=CARTESIAN_POINT('',(-7.6581,-1.781049316,-4.825642874));
#3615=CARTESIAN_POINT('',(-7.6581,-1.777979516,-4.445));
#3616=CARTESIAN_POINT('',(-7.267513173,-1.128293735,-5.079689172));
#3617=CARTESIAN_POINT('',(-7.260155054,-1.508761157,-5.091645843));
#3618=CARTESIAN_POINT('',(-7.423852909,-1.781049316,-4.825642874));
#3619=CARTESIAN_POINT('',(-7.6581,-1.777979516,-4.445));
#3620=CARTESIAN_POINT('',(-7.000138091,-1.128293735,-4.794963629));
#3621=CARTESIAN_POINT('',(-6.987742994,-1.508761157,-4.801556462));
#3622=CARTESIAN_POINT('',(-7.263499741,-1.781049316,-4.654884093));
#3623=CARTESIAN_POINT('',(-7.6581,-1.777979516,-4.445));
#3624=CARTESIAN_POINT('',(-7.024663242,-1.128293735,-4.405147535));
#3625=CARTESIAN_POINT('',(-7.012730165,-1.508761157,-4.40439677));
#3626=CARTESIAN_POINT('',(-7.278208238,-1.781049316,-4.421099235));
#3627=CARTESIAN_POINT('',(-7.6581,-1.777979516,-4.445));
#3628=ADVANCED_FACE('',(#3629),#3654,.T.);
#3629=FACE_BOUND('',#3630,.T.);
#3630=EDGE_LOOP('',(#3631,#3639,#3640,#3648));
#3631=ORIENTED_EDGE('',*,*,#3632,.T.);
#3632=EDGE_CURVE('',#3633,#3575,#3635,.T.);
#3633=VERTEX_POINT('',#3634);
#3634=CARTESIAN_POINT('',(-7.66318,-1.778,0.1524));
#3635=LINE('',#3636,#3637);
#3636=CARTESIAN_POINT('',(-7.66318,-1.778,0.1524));
#3637=VECTOR('',#3638,1.0);
#3638=DIRECTION('',(0.0,0.0,-1.0));
#3639=ORIENTED_EDGE('',*,*,#3593,.F.);
#3640=ORIENTED_EDGE('',*,*,#3641,.T.);
#3641=EDGE_CURVE('',#3585,#3642,#3644,.T.);
#3642=VERTEX_POINT('',#3643);
#3643=CARTESIAN_POINT('',(-7.65302,-1.778,0.1524));
#3644=LINE('',#3645,#3646);
#3645=CARTESIAN_POINT('',(-7.65302,-1.778,-4.445));
#3646=VECTOR('',#3647,1.0);
#3647=DIRECTION('',(0.0,0.0,1.0));
#3648=ORIENTED_EDGE('',*,*,#3649,.T.);
#3649=EDGE_CURVE('',#3642,#3633,#3650,.F.);
#3650=LINE('',#3651,#3652);
#3651=CARTESIAN_POINT('',(-7.66318,-1.778,0.1524));
#3652=VECTOR('',#3653,1.0);
#3653=DIRECTION('',(1.0,0.0,0.0));
#3654=PLANE('',#3655);
#3655=AXIS2_PLACEMENT_3D('',#3656,#3657,#3658);
#3656=CARTESIAN_POINT('',(0.0,-1.778,0.0));
#3657=DIRECTION('',(0.0,-1.0,0.0));
#3658=DIRECTION('',(1.0,0.0,0.0));
#3659=ADVANCED_FACE('',(#3660),#3694,.F.);
#3660=FACE_BOUND('',#3661,.T.);
#3661=EDGE_LOOP('',(#3662,#3669,#3670,#3678,#3686,#3693));
#3662=ORIENTED_EDGE('',*,*,#3663,.T.);
#3663=EDGE_CURVE('',#3642,#3500,#3664,.T.);
#3664=CIRCLE('',#3665,0.62992);
#3665=AXIS2_PLACEMENT_3D('',#3666,#3667,#3668);
#3666=CARTESIAN_POINT('',(-7.65302,-1.14808,0.1524));
#3667=DIRECTION('',(0.0,0.0,1.0));
#3668=DIRECTION('',(0.0,-1.0,0.0));
#3669=ORIENTED_EDGE('',*,*,#3499,.F.);
#3670=ORIENTED_EDGE('',*,*,#3671,.T.);
#3671=EDGE_CURVE('',#3492,#3672,#3674,.T.);
#3672=VERTEX_POINT('',#3673);
#3673=CARTESIAN_POINT('',(-8.2931,-0.508,0.1524));
#3674=LINE('',#3675,#3676);
#3675=CARTESIAN_POINT('',(-7.0231,-0.508,0.1524));
#3676=VECTOR('',#3677,1.0);
#3677=DIRECTION('',(-1.0,0.0,0.0));
#3678=ORIENTED_EDGE('',*,*,#3679,.T.);
#3679=EDGE_CURVE('',#3672,#3680,#3682,.F.);
#3680=VERTEX_POINT('',#3681);
#3681=CARTESIAN_POINT('',(-8.2931,-1.14808,0.1524));
#3682=LINE('',#3683,#3684);
#3683=CARTESIAN_POINT('',(-8.2931,-1.14808,0.1524));
#3684=VECTOR('',#3685,1.0);
#3685=DIRECTION('',(0.0,1.0,0.0));
#3686=ORIENTED_EDGE('',*,*,#3687,.T.);
#3687=EDGE_CURVE('',#3680,#3633,#3688,.F.);
#3688=CIRCLE('',#3689,0.62992);
#3689=AXIS2_PLACEMENT_3D('',#3690,#3691,#3692);
#3690=CARTESIAN_POINT('',(-7.66318,-1.14808,0.1524));
#3691=DIRECTION('',(0.0,0.0,-1.0));
#3692=DIRECTION('',(0.0,-1.0,0.0));
#3693=ORIENTED_EDGE('',*,*,#3649,.F.);
#3694=PLANE('',#3695);
#3695=AXIS2_PLACEMENT_3D('',#3696,#3697,#3698);
#3696=CARTESIAN_POINT('',(11.47572,-1.778,0.1524));
#3697=DIRECTION('',(0.0,0.0,-1.0));
#3698=DIRECTION('',(0.0,1.0,0.0));
#3699=ADVANCED_FACE('',(#3700),#3711,.T.);
#3700=FACE_BOUND('',#3701,.T.);
#3701=EDGE_LOOP('',(#3702,#3708,#3709,#3710));
#3702=ORIENTED_EDGE('',*,*,#3703,.T.);
#3703=EDGE_CURVE('',#3680,#3550,#3704,.T.);
#3704=LINE('',#3705,#3706);
#3705=CARTESIAN_POINT('',(-8.2931,-1.14808,0.1524));
#3706=VECTOR('',#3707,1.0);
#3707=DIRECTION('',(0.0,0.0,-1.0));
#3708=ORIENTED_EDGE('',*,*,#3574,.F.);
#3709=ORIENTED_EDGE('',*,*,#3632,.F.);
#3710=ORIENTED_EDGE('',*,*,#3687,.F.);
#3711=CYLINDRICAL_SURFACE('',#3712,0.62992);
#3712=AXIS2_PLACEMENT_3D('',#3713,#3714,#3715);
#3713=CARTESIAN_POINT('',(-7.66318,-1.14808,4.481514333));
#3714=DIRECTION('',(0.0,0.0,-1.0));
#3715=DIRECTION('',(0.0,-1.0,0.0));
#3716=ADVANCED_FACE('',(#3717),#3753,.T.);
#3717=FACE_BOUND('',#3718,.T.);
#3718=EDGE_LOOP('',(#3719,#3727,#3735,#3743,#3749,#3750,#3751,#3752));
#3719=ORIENTED_EDGE('',*,*,#3720,.T.);
#3720=EDGE_CURVE('',#3672,#3721,#3723,.T.);
#3721=VERTEX_POINT('',#3722);
#3722=CARTESIAN_POINT('',(-8.2931,-0.508,2.1844));
#3723=LINE('',#3724,#3725);
#3724=CARTESIAN_POINT('',(-8.2931,-0.508,0.1524));
#3725=VECTOR('',#3726,1.0);
#3726=DIRECTION('',(0.0,0.0,1.0));
#3727=ORIENTED_EDGE('',*,*,#3728,.T.);
#3728=EDGE_CURVE('',#3721,#3729,#3731,.F.);
#3729=VERTEX_POINT('',#3730);
#3730=CARTESIAN_POINT('',(-8.2931,-1.14808,2.1844));
#3731=LINE('',#3732,#3733);
#3732=CARTESIAN_POINT('',(-8.2931,-1.14808,2.1844));
#3733=VECTOR('',#3734,1.0);
#3734=DIRECTION('',(0.0,1.0,0.0));
#3735=ORIENTED_EDGE('',*,*,#3736,.T.);
#3736=EDGE_CURVE('',#3729,#3737,#3739,.F.);
#3737=VERTEX_POINT('',#3738);
#3738=CARTESIAN_POINT('',(-8.2931,-1.14808,4.445));
#3739=LINE('',#3740,#3741);
#3740=CARTESIAN_POINT('',(-8.2931,-1.14808,4.445));
#3741=VECTOR('',#3742,1.0);
#3742=DIRECTION('',(0.0,0.0,-1.0));
#3743=ORIENTED_EDGE('',*,*,#3744,.T.);
#3744=EDGE_CURVE('',#3737,#3153,#3745,.F.);
#3745=LINE('',#3746,#3747);
#3746=CARTESIAN_POINT('',(-8.2931,0.0,4.445));
#3747=VECTOR('',#3748,1.0);
#3748=DIRECTION('',(0.0,-1.0,-3.69901995E-10));
#3749=ORIENTED_EDGE('',*,*,#3152,.F.);
#3750=ORIENTED_EDGE('',*,*,#3549,.F.);
#3751=ORIENTED_EDGE('',*,*,#3703,.F.);
#3752=ORIENTED_EDGE('',*,*,#3679,.F.);
#3753=PLANE('',#3754);
#3754=AXIS2_PLACEMENT_3D('',#3755,#3756,#3757);
#3755=CARTESIAN_POINT('',(-8.2931,0.0,4.445));
#3756=DIRECTION('',(-1.0,0.0,0.0));
#3757=DIRECTION('',(0.0,0.0,-1.0));
#3758=ADVANCED_FACE('',(#3759),#3771,.T.);
#3759=FACE_BOUND('',#3760,.T.);
#3760=EDGE_LOOP('',(#3761,#3762,#3763,#3764));
#3761=ORIENTED_EDGE('',*,*,#3467,.F.);
#3762=ORIENTED_EDGE('',*,*,#3160,.F.);
#3763=ORIENTED_EDGE('',*,*,#3744,.F.);
#3764=ORIENTED_EDGE('',*,*,#3765,.T.);
#3765=EDGE_CURVE('',#3737,#3468,#3766,.F.);
#3766=CIRCLE('',#3767,0.635);
#3767=AXIS2_PLACEMENT_3D('',#3768,#3769,#3770);
#3768=CARTESIAN_POINT('',(-7.6581,-1.14808,4.445));
#3769=DIRECTION('',(0.0,-1.0,0.0));
#3770=DIRECTION('',(1.0,0.0,0.0));
#3771=CYLINDRICAL_SURFACE('',#3772,0.635);
#3772=AXIS2_PLACEMENT_3D('',#3773,#3774,#3775);
#3773=CARTESIAN_POINT('',(-7.6581,0.0,4.445));
#3774=DIRECTION('',(0.0,-1.0,0.0));
#3775=DIRECTION('',(1.0,0.0,0.0));
#3776=ADVANCED_FACE('',(#3777),#3805,.T.);
#3777=FACE_BOUND('',#3778,.T.);
#3778=EDGE_LOOP('',(#3779,#3788,#3789,#3798));
#3779=ORIENTED_EDGE('',*,*,#3780,.T.);
#3780=EDGE_CURVE('',#3781,#3468,#3783,.T.);
#3781=VERTEX_POINT('',#3782);
#3782=CARTESIAN_POINT('',(-7.65302,-1.778,4.445));
#3783=CIRCLE('',#3784,0.62992);
#3784=AXIS2_PLACEMENT_3D('',#3785,#3786,#3787);
#3785=CARTESIAN_POINT('',(-7.65302,-1.14808,4.445));
#3786=DIRECTION('',(-7.667591381E-08,0.0,1.0));
#3787=DIRECTION('',(0.0,-1.0,0.0));
#3788=ORIENTED_EDGE('',*,*,#3765,.F.);
#3789=ORIENTED_EDGE('',*,*,#3790,.T.);
#3790=EDGE_CURVE('',#3737,#3791,#3793,.F.);
#3791=VERTEX_POINT('',#3792);
#3792=CARTESIAN_POINT('',(-7.66318,-1.778,4.445));
#3793=CIRCLE('',#3794,0.62992);
#3794=AXIS2_PLACEMENT_3D('',#3795,#3796,#3797);
#3795=CARTESIAN_POINT('',(-7.66318,-1.14808,4.445));
#3796=DIRECTION('',(0.0,0.0,-1.0));
#3797=DIRECTION('',(0.0,-1.0,0.0));
#3798=ORIENTED_EDGE('',*,*,#3799,.T.);
#3799=EDGE_CURVE('',#3791,#3781,#3800,.F.);
#3800=CIRCLE('',#3801,0.00508);
#3801=AXIS2_PLACEMENT_3D('',#3802,#3803,#3804);
#3802=CARTESIAN_POINT('',(-7.6581,-1.778,4.445));
#3803=DIRECTION('',(0.0,-1.0,0.0));
#3804=DIRECTION('',(1.0,0.0,0.0));
#3805=(BOUNDED_SURFACE()B_SPLINE_SURFACE(3,3,((#3806,#3807,#3808,#3809),(#3810,#3811,#3812,#3813),(#3814,#3815,#3816,#3817),(#3818,#3819,#3820,#3821),(#3822,#3823,#3824,#3825),(#3826,#3827,#3828,#3829),(#3830,#3831,#3832,#3833)),.UNSPECIFIED.,.F.,.F.,.U.)B_SPLINE_SURFACE_WITH_KNOTS((4,3,4),(4,4),(0.0,1.0,2.0),(0.0,1.0),.PIECEWISE_BEZIER_KNOTS.)GEOMETRIC_REPRESENTATION_ITEM()RATIONAL_B_SPLINE_SURFACE(((1.402545431,1.115501834,1.115501834,1.402545431),(1.10758742,0.880909645,0.880909645,1.10758742),(1.10758742,0.880909645,0.880909645,1.10758742),(1.402545431,1.115501834,1.115501834,1.402545431),(1.10758742,0.880909645,0.880909645,1.10758742),(1.10758742,0.880909645,0.880909645,1.10758742),(1.402545431,1.115501834,1.115501834,1.402545431)))REPRESENTATION_ITEM('')SURFACE());
#3806=CARTESIAN_POINT('',(-7.024663242,-1.128293735,4.405147536));
#3807=CARTESIAN_POINT('',(-7.012730165,-1.508761157,4.40439677));
#3808=CARTESIAN_POINT('',(-7.278208238,-1.781049316,4.421099235));
#3809=CARTESIAN_POINT('',(-7.6581,-1.777979516,4.445));
#3810=CARTESIAN_POINT('',(-7.000138091,-1.128293735,4.794963629));
#3811=CARTESIAN_POINT('',(-6.987742994,-1.508761157,4.801556462));
#3812=CARTESIAN_POINT('',(-7.263499741,-1.781049316,4.654884093));
#3813=CARTESIAN_POINT('',(-7.6581,-1.777979516,4.445));
#3814=CARTESIAN_POINT('',(-7.267513173,-1.128293735,5.079689173));
#3815=CARTESIAN_POINT('',(-7.260155055,-1.508761157,5.091645843));
#3816=CARTESIAN_POINT('',(-7.423852909,-1.781049316,4.825642874));
#3817=CARTESIAN_POINT('',(-7.6581,-1.777979516,4.445));
#3818=CARTESIAN_POINT('',(-7.6581,-1.128293735,5.079689173));
#3819=CARTESIAN_POINT('',(-7.6581,-1.508761157,5.091645843));
#3820=CARTESIAN_POINT('',(-7.6581,-1.781049316,4.825642874));
#3821=CARTESIAN_POINT('',(-7.6581,-1.777979516,4.445));
#3822=CARTESIAN_POINT('',(-8.048686827,-1.128293735,5.079689172));
#3823=CARTESIAN_POINT('',(-8.056044946,-1.508761157,5.091645843));
#3824=CARTESIAN_POINT('',(-7.892347091,-1.781049316,4.825642874));
#3825=CARTESIAN_POINT('',(-7.6581,-1.777979516,4.445));
#3826=CARTESIAN_POINT('',(-8.316061909,-1.128293735,4.794963629));
#3827=CARTESIAN_POINT('',(-8.328457006,-1.508761157,4.801556462));
#3828=CARTESIAN_POINT('',(-8.052700259,-1.781049316,4.654884093));
#3829=CARTESIAN_POINT('',(-7.6581,-1.777979516,4.445));
#3830=CARTESIAN_POINT('',(-8.291536758,-1.128293735,4.405147535));
#3831=CARTESIAN_POINT('',(-8.303469835,-1.508761157,4.40439677));
#3832=CARTESIAN_POINT('',(-8.037991762,-1.781049316,4.421099235));
#3833=CARTESIAN_POINT('',(-7.6581,-1.777979516,4.445));
#3834=ADVANCED_FACE('',(#3835),#3860,.T.);
#3835=FACE_BOUND('',#3836,.T.);
#3836=EDGE_LOOP('',(#3837,#3845,#3846,#3854));
#3837=ORIENTED_EDGE('',*,*,#3838,.T.);
#3838=EDGE_CURVE('',#3839,#3781,#3841,.T.);
#3839=VERTEX_POINT('',#3840);
#3840=CARTESIAN_POINT('',(-7.65302,-1.778,2.1844));
#3841=LINE('',#3842,#3843);
#3842=CARTESIAN_POINT('',(-7.65302,-1.778,2.1844));
#3843=VECTOR('',#3844,1.0);
#3844=DIRECTION('',(0.0,0.0,1.0));
#3845=ORIENTED_EDGE('',*,*,#3799,.F.);
#3846=ORIENTED_EDGE('',*,*,#3847,.T.);
#3847=EDGE_CURVE('',#3791,#3848,#3850,.T.);
#3848=VERTEX_POINT('',#3849);
#3849=CARTESIAN_POINT('',(-7.66318,-1.778,2.1844));
#3850=LINE('',#3851,#3852);
#3851=CARTESIAN_POINT('',(-7.66318,-1.778,4.445));
#3852=VECTOR('',#3853,1.0);
#3853=DIRECTION('',(0.0,0.0,-1.0));
#3854=ORIENTED_EDGE('',*,*,#3855,.T.);
#3855=EDGE_CURVE('',#3848,#3839,#3856,.T.);
#3856=LINE('',#3857,#3858);
#3857=CARTESIAN_POINT('',(-7.66318,-1.778,2.1844));
#3858=VECTOR('',#3859,1.0);
#3859=DIRECTION('',(1.0,0.0,0.0));
#3860=PLANE('',#3861);
#3861=AXIS2_PLACEMENT_3D('',#3862,#3863,#3864);
#3862=CARTESIAN_POINT('',(0.0,-1.778,0.0));
#3863=DIRECTION('',(0.0,-1.0,0.0));
#3864=DIRECTION('',(1.0,0.0,0.0));
#3865=ADVANCED_FACE('',(#3866),#3891,.F.);
#3866=FACE_BOUND('',#3867,.T.);
#3867=EDGE_LOOP('',(#3868,#3875,#3876,#3882,#3883,#3890));
#3868=ORIENTED_EDGE('',*,*,#3869,.T.);
#3869=EDGE_CURVE('',#3848,#3729,#3870,.T.);
#3870=CIRCLE('',#3871,0.62992);
#3871=AXIS2_PLACEMENT_3D('',#3872,#3873,#3874);
#3872=CARTESIAN_POINT('',(-7.66318,-1.14808,2.1844));
#3873=DIRECTION('',(0.0,0.0,-1.0));
#3874=DIRECTION('',(0.0,-1.0,0.0));
#3875=ORIENTED_EDGE('',*,*,#3728,.F.);
#3876=ORIENTED_EDGE('',*,*,#3877,.T.);
#3877=EDGE_CURVE('',#3721,#3484,#3878,.F.);
#3878=LINE('',#3879,#3880);
#3879=CARTESIAN_POINT('',(-7.0231,-0.508,2.1844));
#3880=VECTOR('',#3881,1.0);
#3881=DIRECTION('',(-1.0,0.0,0.0));
#3882=ORIENTED_EDGE('',*,*,#3483,.F.);
#3883=ORIENTED_EDGE('',*,*,#3884,.T.);
#3884=EDGE_CURVE('',#3476,#3839,#3885,.F.);
#3885=CIRCLE('',#3886,0.62992);
#3886=AXIS2_PLACEMENT_3D('',#3887,#3888,#3889);
#3887=CARTESIAN_POINT('',(-7.65302,-1.14808,2.1844));
#3888=DIRECTION('',(0.0,0.0,1.0));
#3889=DIRECTION('',(0.0,-1.0,0.0));
#3890=ORIENTED_EDGE('',*,*,#3855,.F.);
#3891=PLANE('',#3892);
#3892=AXIS2_PLACEMENT_3D('',#3893,#3894,#3895);
#3893=CARTESIAN_POINT('',(11.47572,-0.508,2.1844));
#3894=DIRECTION('',(0.0,0.0,1.0));
#3895=DIRECTION('',(0.0,-1.0,0.0));
#3896=ADVANCED_FACE('',(#3897),#3903,.T.);
#3897=FACE_BOUND('',#3898,.T.);
#3898=EDGE_LOOP('',(#3899,#3900,#3901,#3902));
#3899=ORIENTED_EDGE('',*,*,#3475,.F.);
#3900=ORIENTED_EDGE('',*,*,#3780,.F.);
#3901=ORIENTED_EDGE('',*,*,#3838,.F.);
#3902=ORIENTED_EDGE('',*,*,#3884,.F.);
#3903=CYLINDRICAL_SURFACE('',#3904,0.62992);
#3904=AXIS2_PLACEMENT_3D('',#3905,#3906,#3907);
#3905=CARTESIAN_POINT('',(-7.65302,-1.14808,-4.481514333));
#3906=DIRECTION('',(0.0,0.0,1.0));
#3907=DIRECTION('',(0.0,-1.0,0.0));
#3908=ADVANCED_FACE('',(#3909),#3915,.F.);
#3909=FACE_BOUND('',#3910,.T.);
#3910=EDGE_LOOP('',(#3911,#3912,#3913,#3914));
#3911=ORIENTED_EDGE('',*,*,#3671,.F.);
#3912=ORIENTED_EDGE('',*,*,#3491,.F.);
#3913=ORIENTED_EDGE('',*,*,#3877,.F.);
#3914=ORIENTED_EDGE('',*,*,#3720,.F.);
#3915=PLANE('',#3916);
#3916=AXIS2_PLACEMENT_3D('',#3917,#3918,#3919);
#3917=CARTESIAN_POINT('',(11.47572,-0.508,0.1524));
#3918=DIRECTION('',(0.0,1.0,0.0));
#3919=DIRECTION('',(0.0,0.0,1.0));
#3920=ADVANCED_FACE('',(#3921),#3927,.T.);
#3921=FACE_BOUND('',#3922,.T.);
#3922=EDGE_LOOP('',(#3923,#3924,#3925,#3926));
#3923=ORIENTED_EDGE('',*,*,#3847,.F.);
#3924=ORIENTED_EDGE('',*,*,#3790,.F.);
#3925=ORIENTED_EDGE('',*,*,#3736,.F.);
#3926=ORIENTED_EDGE('',*,*,#3869,.F.);
#3927=CYLINDRICAL_SURFACE('',#3928,0.62992);
#3928=AXIS2_PLACEMENT_3D('',#3929,#3930,#3931);
#3929=CARTESIAN_POINT('',(-7.66318,-1.14808,4.481514333));
#3930=DIRECTION('',(0.0,0.0,-1.0));
#3931=DIRECTION('',(0.0,-1.0,0.0));
#3932=ADVANCED_FACE('',(#3933),#3939,.T.);
#3933=FACE_BOUND('',#3934,.T.);
#3934=EDGE_LOOP('',(#3935,#3936,#3937,#3938));
#3935=ORIENTED_EDGE('',*,*,#3641,.F.);
#3936=ORIENTED_EDGE('',*,*,#3584,.F.);
#3937=ORIENTED_EDGE('',*,*,#3507,.F.);
#3938=ORIENTED_EDGE('',*,*,#3663,.F.);
#3939=CYLINDRICAL_SURFACE('',#3940,0.62992);
#3940=AXIS2_PLACEMENT_3D('',#3941,#3942,#3943);
#3941=CARTESIAN_POINT('',(-7.65302,-1.14808,-4.481514333));
#3942=DIRECTION('',(0.0,0.0,1.0));
#3943=DIRECTION('',(0.0,-1.0,0.0));
#3944=ADVANCED_FACE('',(#3945),#3964,.T.);
#3945=FACE_BOUND('',#3946,.T.);
#3946=EDGE_LOOP('',(#3947,#3955,#3956,#3957));
#3947=ORIENTED_EDGE('',*,*,#3948,.T.);
#3948=EDGE_CURVE('',#3949,#3094,#3951,.F.);
#3949=VERTEX_POINT('',#3950);
#3950=CARTESIAN_POINT('',(8.2931,-1.14808,4.445));
#3951=LINE('',#3952,#3953);
#3952=CARTESIAN_POINT('',(8.2931,0.0,4.445));
#3953=VECTOR('',#3954,1.0);
#3954=DIRECTION('',(0.0,-1.0,-5.106362727E-10));
#3955=ORIENTED_EDGE('',*,*,#3093,.F.);
#3956=ORIENTED_EDGE('',*,*,#3419,.F.);
#3957=ORIENTED_EDGE('',*,*,#3958,.T.);
#3958=EDGE_CURVE('',#3412,#3949,#3959,.F.);
#3959=CIRCLE('',#3960,0.635);
#3960=AXIS2_PLACEMENT_3D('',#3961,#3962,#3963);
#3961=CARTESIAN_POINT('',(7.6581,-1.14808,4.445));
#3962=DIRECTION('',(0.0,-1.0,0.0));
#3963=DIRECTION('',(1.0,0.0,0.0));
#3964=CYLINDRICAL_SURFACE('',#3965,0.635);
#3965=AXIS2_PLACEMENT_3D('',#3966,#3967,#3968);
#3966=CARTESIAN_POINT('',(7.6581,0.0,4.445));
#3967=DIRECTION('',(0.0,-1.0,0.0));
#3968=DIRECTION('',(1.0,0.0,0.0));
#3969=ADVANCED_FACE('',(#3970),#3998,.T.);
#3970=FACE_BOUND('',#3971,.T.);
#3971=EDGE_LOOP('',(#3972,#3981,#3982,#3991));
#3972=ORIENTED_EDGE('',*,*,#3973,.T.);
#3973=EDGE_CURVE('',#3974,#3949,#3976,.T.);
#3974=VERTEX_POINT('',#3975);
#3975=CARTESIAN_POINT('',(7.66318,-1.778,4.445));
#3976=CIRCLE('',#3977,0.62992);
#3977=AXIS2_PLACEMENT_3D('',#3978,#3979,#3980);
#3978=CARTESIAN_POINT('',(7.66318,-1.14808,4.445));
#3979=DIRECTION('',(-7.66758811E-08,0.0,1.0));
#3980=DIRECTION('',(0.0,-1.0,0.0));
#3981=ORIENTED_EDGE('',*,*,#3958,.F.);
#3982=ORIENTED_EDGE('',*,*,#3983,.T.);
#3983=EDGE_CURVE('',#3412,#3984,#3986,.F.);
#3984=VERTEX_POINT('',#3985);
#3985=CARTESIAN_POINT('',(7.65302,-1.778,4.445));
#3986=CIRCLE('',#3987,0.62992);
#3987=AXIS2_PLACEMENT_3D('',#3988,#3989,#3990);
#3988=CARTESIAN_POINT('',(7.65302,-1.14808,4.445));
#3989=DIRECTION('',(0.0,0.0,-1.0));
#3990=DIRECTION('',(0.0,-1.0,0.0));
#3991=ORIENTED_EDGE('',*,*,#3992,.T.);
#3992=EDGE_CURVE('',#3984,#3974,#3993,.F.);
#3993=CIRCLE('',#3994,0.00508);
#3994=AXIS2_PLACEMENT_3D('',#3995,#3996,#3997);
#3995=CARTESIAN_POINT('',(7.6581,-1.778,4.445));
#3996=DIRECTION('',(0.0,-1.0,0.0));
#3997=DIRECTION('',(1.0,0.0,0.0));
#3998=(BOUNDED_SURFACE()B_SPLINE_SURFACE(3,3,((#3999,#4000,#4001,#4002),(#4003,#4004,#4005,#4006),(#4007,#4008,#4009,#4010),(#4011,#4012,#4013,#4014),(#4015,#4016,#4017,#4018),(#4019,#4020,#4021,#4022),(#4023,#4024,#4025,#4026)),.UNSPECIFIED.,.F.,.F.,.U.)B_SPLINE_SURFACE_WITH_KNOTS((4,3,4),(4,4),(0.0,1.0,2.0),(0.0,1.0),.PIECEWISE_BEZIER_KNOTS.)GEOMETRIC_REPRESENTATION_ITEM()RATIONAL_B_SPLINE_SURFACE(((1.402545431,1.115501834,1.115501834,1.402545431),(1.10758742,0.880909645,0.880909645,1.10758742),(1.10758742,0.880909645,0.880909645,1.10758742),(1.402545431,1.115501834,1.115501834,1.402545431),(1.10758742,0.880909645,0.880909645,1.10758742),(1.10758742,0.880909645,0.880909645,1.10758742),(1.402545431,1.115501834,1.115501834,1.402545431)))REPRESENTATION_ITEM('')SURFACE());
#3999=CARTESIAN_POINT('',(8.291536758,-1.128293735,4.405147536));
#4000=CARTESIAN_POINT('',(8.303469835,-1.508761157,4.40439677));
#4001=CARTESIAN_POINT('',(8.037991762,-1.781049316,4.421099235));
#4002=CARTESIAN_POINT('',(7.6581,-1.777979516,4.445));
#4003=CARTESIAN_POINT('',(8.316061909,-1.128293735,4.794963629));
#4004=CARTESIAN_POINT('',(8.328457006,-1.508761157,4.801556462));
#4005=CARTESIAN_POINT('',(8.052700259,-1.781049316,4.654884093));
#4006=CARTESIAN_POINT('',(7.6581,-1.777979516,4.445));
#4007=CARTESIAN_POINT('',(8.048686827,-1.128293735,5.079689173));
#4008=CARTESIAN_POINT('',(8.056044945,-1.508761157,5.091645843));
#4009=CARTESIAN_POINT('',(7.892347091,-1.781049316,4.825642874));
#4010=CARTESIAN_POINT('',(7.6581,-1.777979516,4.445));
#4011=CARTESIAN_POINT('',(7.6581,-1.128293735,5.079689173));
#4012=CARTESIAN_POINT('',(7.6581,-1.508761157,5.091645843));
#4013=CARTESIAN_POINT('',(7.6581,-1.781049316,4.825642874));
#4014=CARTESIAN_POINT('',(7.6581,-1.777979516,4.445));
#4015=CARTESIAN_POINT('',(7.267513173,-1.128293735,5.079689172));
#4016=CARTESIAN_POINT('',(7.260155054,-1.508761157,5.091645843));
#4017=CARTESIAN_POINT('',(7.423852909,-1.781049316,4.825642874));
#4018=CARTESIAN_POINT('',(7.6581,-1.777979516,4.445));
#4019=CARTESIAN_POINT('',(7.000138091,-1.128293735,4.794963629));
#4020=CARTESIAN_POINT('',(6.987742994,-1.508761157,4.801556462));
#4021=CARTESIAN_POINT('',(7.263499741,-1.781049316,4.654884093));
#4022=CARTESIAN_POINT('',(7.6581,-1.777979516,4.445));
#4023=CARTESIAN_POINT('',(7.024663242,-1.128293735,4.405147535));
#4024=CARTESIAN_POINT('',(7.012730165,-1.508761157,4.40439677));
#4025=CARTESIAN_POINT('',(7.278208238,-1.781049316,4.421099235));
#4026=CARTESIAN_POINT('',(7.6581,-1.777979516,4.445));
#4027=ADVANCED_FACE('',(#4028),#4053,.T.);
#4028=FACE_BOUND('',#4029,.T.);
#4029=EDGE_LOOP('',(#4030,#4038,#4039,#4047));
#4030=ORIENTED_EDGE('',*,*,#4031,.T.);
#4031=EDGE_CURVE('',#4032,#3974,#4034,.T.);
#4032=VERTEX_POINT('',#4033);
#4033=CARTESIAN_POINT('',(7.66318,-1.778,2.1844));
#4034=LINE('',#4035,#4036);
#4035=CARTESIAN_POINT('',(7.66318,-1.778,2.1844));
#4036=VECTOR('',#4037,1.0);
#4037=DIRECTION('',(0.0,0.0,1.0));
#4038=ORIENTED_EDGE('',*,*,#3992,.F.);
#4039=ORIENTED_EDGE('',*,*,#4040,.T.);
#4040=EDGE_CURVE('',#3984,#4041,#4043,.T.);
#4041=VERTEX_POINT('',#4042);
#4042=CARTESIAN_POINT('',(7.65302,-1.778,2.1844));
#4043=LINE('',#4044,#4045);
#4044=CARTESIAN_POINT('',(7.65302,-1.778,4.445));
#4045=VECTOR('',#4046,1.0);
#4046=DIRECTION('',(0.0,0.0,-1.0));
#4047=ORIENTED_EDGE('',*,*,#4048,.T.);
#4048=EDGE_CURVE('',#4041,#4032,#4049,.T.);
#4049=LINE('',#4050,#4051);
#4050=CARTESIAN_POINT('',(7.65302,-1.778,2.1844));
#4051=VECTOR('',#4052,1.0);
#4052=DIRECTION('',(1.0,0.0,0.0));
#4053=PLANE('',#4054);
#4054=AXIS2_PLACEMENT_3D('',#4055,#4056,#4057);
#4055=CARTESIAN_POINT('',(0.0,-1.778,0.0));
#4056=DIRECTION('',(0.0,-1.0,0.0));
#4057=DIRECTION('',(1.0,0.0,0.0));
#4058=ADVANCED_FACE('',(#4059),#4093,.F.);
#4059=FACE_BOUND('',#4060,.T.);
#4060=EDGE_LOOP('',(#4061,#4068,#4069,#4077,#4085,#4092));
#4061=ORIENTED_EDGE('',*,*,#4062,.T.);
#4062=EDGE_CURVE('',#4041,#3404,#4063,.T.);
#4063=CIRCLE('',#4064,0.62992);
#4064=AXIS2_PLACEMENT_3D('',#4065,#4066,#4067);
#4065=CARTESIAN_POINT('',(7.65302,-1.14808,2.1844));
#4066=DIRECTION('',(0.0,0.0,-1.0));
#4067=DIRECTION('',(0.0,-1.0,0.0));
#4068=ORIENTED_EDGE('',*,*,#3403,.F.);
#4069=ORIENTED_EDGE('',*,*,#4070,.T.);
#4070=EDGE_CURVE('',#3396,#4071,#4073,.F.);
#4071=VERTEX_POINT('',#4072);
#4072=CARTESIAN_POINT('',(8.2931,-0.508,2.1844));
#4073=LINE('',#4074,#4075);
#4074=CARTESIAN_POINT('',(8.2931,-0.508,2.1844));
#4075=VECTOR('',#4076,1.0);
#4076=DIRECTION('',(-1.0,0.0,0.0));
#4077=ORIENTED_EDGE('',*,*,#4078,.T.);
#4078=EDGE_CURVE('',#4071,#4079,#4081,.F.);
#4079=VERTEX_POINT('',#4080);
#4080=CARTESIAN_POINT('',(8.2931,-1.14808,2.1844));
#4081=LINE('',#4082,#4083);
#4082=CARTESIAN_POINT('',(8.2931,-1.14808,2.1844));
#4083=VECTOR('',#4084,1.0);
#4084=DIRECTION('',(0.0,1.0,0.0));
#4085=ORIENTED_EDGE('',*,*,#4086,.T.);
#4086=EDGE_CURVE('',#4079,#4032,#4087,.F.);
#4087=CIRCLE('',#4088,0.62992);
#4088=AXIS2_PLACEMENT_3D('',#4089,#4090,#4091);
#4089=CARTESIAN_POINT('',(7.66318,-1.14808,2.1844));
#4090=DIRECTION('',(0.0,0.0,1.0));
#4091=DIRECTION('',(0.0,-1.0,0.0));
#4092=ORIENTED_EDGE('',*,*,#4048,.F.);
#4093=PLANE('',#4094);
#4094=AXIS2_PLACEMENT_3D('',#4095,#4096,#4097);
#4095=CARTESIAN_POINT('',(11.47572,-0.508,2.1844));
#4096=DIRECTION('',(0.0,0.0,1.0));
#4097=DIRECTION('',(0.0,-1.0,0.0));
#4098=ADVANCED_FACE('',(#4099),#4110,.T.);
#4099=FACE_BOUND('',#4100,.T.);
#4100=EDGE_LOOP('',(#4101,#4107,#4108,#4109));
#4101=ORIENTED_EDGE('',*,*,#4102,.T.);
#4102=EDGE_CURVE('',#4079,#3949,#4103,.T.);
#4103=LINE('',#4104,#4105);
#4104=CARTESIAN_POINT('',(8.2931,-1.14808,2.1844));
#4105=VECTOR('',#4106,1.0);
#4106=DIRECTION('',(0.0,0.0,1.0));
#4107=ORIENTED_EDGE('',*,*,#3973,.F.);
#4108=ORIENTED_EDGE('',*,*,#4031,.F.);
#4109=ORIENTED_EDGE('',*,*,#4086,.F.);
#4110=CYLINDRICAL_SURFACE('',#4111,0.62992);
#4111=AXIS2_PLACEMENT_3D('',#4112,#4113,#4114);
#4112=CARTESIAN_POINT('',(7.66318,-1.14808,-4.481514333));
#4113=DIRECTION('',(0.0,0.0,1.0));
#4114=DIRECTION('',(0.0,-1.0,0.0));
#4115=ADVANCED_FACE('',(#4116),#4152,.T.);
#4116=FACE_BOUND('',#4117,.T.);
#4117=EDGE_LOOP('',(#4118,#4128,#4134,#4135,#4136,#4137,#4138,#4146));
#4118=ORIENTED_EDGE('',*,*,#4119,.T.);
#4119=EDGE_CURVE('',#4120,#4122,#4124,.F.);
#4120=VERTEX_POINT('',#4121);
#4121=CARTESIAN_POINT('',(8.2931,-1.14808,0.1524));
#4122=VERTEX_POINT('',#4123);
#4123=CARTESIAN_POINT('',(8.2931,-1.14808,-4.445));
#4124=LINE('',#4125,#4126);
#4125=CARTESIAN_POINT('',(8.2931,-1.14808,-4.445));
#4126=VECTOR('',#4127,1.0);
#4127=DIRECTION('',(0.0,0.0,1.0));
#4128=ORIENTED_EDGE('',*,*,#4129,.T.);
#4129=EDGE_CURVE('',#4122,#3103,#4130,.F.);
#4130=LINE('',#4131,#4132);
#4131=CARTESIAN_POINT('',(8.2931,0.0,-4.445));
#4132=VECTOR('',#4133,1.0);
#4133=DIRECTION('',(0.0,-1.0,3.69902609E-10));
#4134=ORIENTED_EDGE('',*,*,#3102,.F.);
#4135=ORIENTED_EDGE('',*,*,#3948,.F.);
#4136=ORIENTED_EDGE('',*,*,#4102,.F.);
#4137=ORIENTED_EDGE('',*,*,#4078,.F.);
#4138=ORIENTED_EDGE('',*,*,#4139,.T.);
#4139=EDGE_CURVE('',#4071,#4140,#4142,.F.);
#4140=VERTEX_POINT('',#4141);
#4141=CARTESIAN_POINT('',(8.2931,-0.508,0.1524));
#4142=LINE('',#4143,#4144);
#4143=CARTESIAN_POINT('',(8.2931,-0.508,0.1524));
#4144=VECTOR('',#4145,1.0);
#4145=DIRECTION('',(0.0,0.0,1.0));
#4146=ORIENTED_EDGE('',*,*,#4147,.T.);
#4147=EDGE_CURVE('',#4140,#4120,#4148,.F.);
#4148=LINE('',#4149,#4150);
#4149=CARTESIAN_POINT('',(8.2931,-1.14808,0.1524));
#4150=VECTOR('',#4151,1.0);
#4151=DIRECTION('',(0.0,1.0,0.0));
#4152=PLANE('',#4153);
#4153=AXIS2_PLACEMENT_3D('',#4154,#4155,#4156);
#4154=CARTESIAN_POINT('',(8.2931,0.0,-4.445));
#4155=DIRECTION('',(1.0,0.0,0.0));
#4156=DIRECTION('',(0.0,0.0,1.0));
#4157=ADVANCED_FACE('',(#4158),#4192,.F.);
#4158=FACE_BOUND('',#4159,.T.);
#4159=EDGE_LOOP('',(#4160,#4169,#4170,#4176,#4177,#4186));
#4160=ORIENTED_EDGE('',*,*,#4161,.T.);
#4161=EDGE_CURVE('',#4162,#4120,#4164,.T.);
#4162=VERTEX_POINT('',#4163);
#4163=CARTESIAN_POINT('',(7.66318,-1.778,0.1524));
#4164=CIRCLE('',#4165,0.62992);
#4165=AXIS2_PLACEMENT_3D('',#4166,#4167,#4168);
#4166=CARTESIAN_POINT('',(7.66318,-1.14808,0.1524));
#4167=DIRECTION('',(0.0,0.0,1.0));
#4168=DIRECTION('',(0.0,-1.0,0.0));
#4169=ORIENTED_EDGE('',*,*,#4147,.F.);
#4170=ORIENTED_EDGE('',*,*,#4171,.T.);
#4171=EDGE_CURVE('',#4140,#3388,#4172,.T.);
#4172=LINE('',#4173,#4174);
#4173=CARTESIAN_POINT('',(8.2931,-0.508,0.1524));
#4174=VECTOR('',#4175,1.0);
#4175=DIRECTION('',(-1.0,0.0,0.0));
#4176=ORIENTED_EDGE('',*,*,#3387,.F.);
#4177=ORIENTED_EDGE('',*,*,#4178,.T.);
#4178=EDGE_CURVE('',#3380,#4179,#4181,.F.);
#4179=VERTEX_POINT('',#4180);
#4180=CARTESIAN_POINT('',(7.65302,-1.778,0.1524));
#4181=CIRCLE('',#4182,0.62992);
#4182=AXIS2_PLACEMENT_3D('',#4183,#4184,#4185);
#4183=CARTESIAN_POINT('',(7.65302,-1.14808,0.1524));
#4184=DIRECTION('',(0.0,0.0,-1.0));
#4185=DIRECTION('',(0.0,-1.0,0.0));
#4186=ORIENTED_EDGE('',*,*,#4187,.T.);
#4187=EDGE_CURVE('',#4179,#4162,#4188,.T.);
#4188=LINE('',#4189,#4190);
#4189=CARTESIAN_POINT('',(7.65302,-1.778,0.1524));
#4190=VECTOR('',#4191,1.0);
#4191=DIRECTION('',(1.0,0.0,0.0));
#4192=PLANE('',#4193);
#4193=AXIS2_PLACEMENT_3D('',#4194,#4195,#4196);
#4194=CARTESIAN_POINT('',(11.47572,-1.778,0.1524));
#4195=DIRECTION('',(0.0,0.0,-1.0));
#4196=DIRECTION('',(0.0,1.0,0.0));
#4197=ADVANCED_FACE('',(#4198),#4224,.T.);
#4198=FACE_BOUND('',#4199,.T.);
#4199=EDGE_LOOP('',(#4200,#4208,#4217,#4223));
#4200=ORIENTED_EDGE('',*,*,#4201,.T.);
#4201=EDGE_CURVE('',#4179,#4202,#4204,.T.);
#4202=VERTEX_POINT('',#4203);
#4203=CARTESIAN_POINT('',(7.65302,-1.778,-4.445));
#4204=LINE('',#4205,#4206);
#4205=CARTESIAN_POINT('',(7.65302,-1.778,0.1524));
#4206=VECTOR('',#4207,1.0);
#4207=DIRECTION('',(0.0,0.0,-1.0));
#4208=ORIENTED_EDGE('',*,*,#4209,.T.);
#4209=EDGE_CURVE('',#4202,#4210,#4212,.T.);
#4210=VERTEX_POINT('',#4211);
#4211=CARTESIAN_POINT('',(7.66318,-1.778,-4.445));
#4212=CIRCLE('',#4213,0.00508);
#4213=AXIS2_PLACEMENT_3D('',#4214,#4215,#4216);
#4214=CARTESIAN_POINT('',(7.6581,-1.778,-4.445));
#4215=DIRECTION('',(0.0,-1.0,0.0));
#4216=DIRECTION('',(-1.0,0.0,0.0));
#4217=ORIENTED_EDGE('',*,*,#4218,.T.);
#4218=EDGE_CURVE('',#4210,#4162,#4219,.T.);
#4219=LINE('',#4220,#4221);
#4220=CARTESIAN_POINT('',(7.66318,-1.778,-4.445));
#4221=VECTOR('',#4222,1.0);
#4222=DIRECTION('',(0.0,0.0,1.0));
#4223=ORIENTED_EDGE('',*,*,#4187,.F.);
#4224=PLANE('',#4225);
#4225=AXIS2_PLACEMENT_3D('',#4226,#4227,#4228);
#4226=CARTESIAN_POINT('',(0.0,-1.778,0.0));
#4227=DIRECTION('',(0.0,-1.0,0.0));
#4228=DIRECTION('',(1.0,0.0,0.0));
#4229=ADVANCED_FACE('',(#4230),#4242,.T.);
#4230=FACE_BOUND('',#4231,.T.);
#4231=EDGE_LOOP('',(#4232,#4233,#4240,#4241));
#4232=ORIENTED_EDGE('',*,*,#4218,.F.);
#4233=ORIENTED_EDGE('',*,*,#4234,.T.);
#4234=EDGE_CURVE('',#4210,#4122,#4235,.T.);
#4235=CIRCLE('',#4236,0.62992);
#4236=AXIS2_PLACEMENT_3D('',#4237,#4238,#4239);
#4237=CARTESIAN_POINT('',(7.66318,-1.14808,-4.445));
#4238=DIRECTION('',(0.0,0.0,1.0));
#4239=DIRECTION('',(0.0,-1.0,0.0));
#4240=ORIENTED_EDGE('',*,*,#4119,.F.);
#4241=ORIENTED_EDGE('',*,*,#4161,.F.);
#4242=CYLINDRICAL_SURFACE('',#4243,0.62992);
#4243=AXIS2_PLACEMENT_3D('',#4244,#4245,#4246);
#4244=CARTESIAN_POINT('',(7.66318,-1.14808,-4.481514333));
#4245=DIRECTION('',(0.0,0.0,1.0));
#4246=DIRECTION('',(0.0,-1.0,0.0));
#4247=ADVANCED_FACE('',(#4248),#4266,.T.);
#4248=FACE_BOUND('',#4249,.T.);
#4249=EDGE_LOOP('',(#4250,#4257,#4264,#4265));
#4250=ORIENTED_EDGE('',*,*,#4251,.T.);
#4251=EDGE_CURVE('',#4202,#3372,#4252,.T.);
#4252=CIRCLE('',#4253,0.62992);
#4253=AXIS2_PLACEMENT_3D('',#4254,#4255,#4256);
#4254=CARTESIAN_POINT('',(7.65302,-1.14808,-4.445));
#4255=DIRECTION('',(7.667588173E-08,0.0,-1.0));
#4256=DIRECTION('',(0.0,-1.0,0.0));
#4257=ORIENTED_EDGE('',*,*,#4258,.T.);
#4258=EDGE_CURVE('',#3372,#4122,#4259,.T.);
#4259=CIRCLE('',#4260,0.635);
#4260=AXIS2_PLACEMENT_3D('',#4261,#4262,#4263);
#4261=CARTESIAN_POINT('',(7.6581,-1.14808,-4.445));
#4262=DIRECTION('',(0.0,-1.0,0.0));
#4263=DIRECTION('',(-1.0,0.0,0.0));
#4264=ORIENTED_EDGE('',*,*,#4234,.F.);
#4265=ORIENTED_EDGE('',*,*,#4209,.F.);
#4266=(BOUNDED_SURFACE()B_SPLINE_SURFACE(3,3,((#4267,#4268,#4269,#4270),(#4271,#4272,#4273,#4274),(#4275,#4276,#4277,#4278),(#4279,#4280,#4281,#4282),(#4283,#4284,#4285,#4286),(#4287,#4288,#4289,#4290),(#4291,#4292,#4293,#4294)),.UNSPECIFIED.,.F.,.F.,.U.)B_SPLINE_SURFACE_WITH_KNOTS((4,3,4),(4,4),(0.0,1.0,2.0),(0.0,1.0),.PIECEWISE_BEZIER_KNOTS.)GEOMETRIC_REPRESENTATION_ITEM()RATIONAL_B_SPLINE_SURFACE(((1.402545431,1.115501834,1.115501834,1.402545431),(1.10758742,0.880909645,0.880909645,1.10758742),(1.10758742,0.880909645,0.880909645,1.10758742),(1.402545431,1.115501834,1.115501834,1.402545431),(1.10758742,0.880909645,0.880909645,1.10758742),(1.10758742,0.880909645,0.880909645,1.10758742),(1.402545431,1.115501834,1.115501834,1.402545431)))REPRESENTATION_ITEM('')SURFACE());
#4267=CARTESIAN_POINT('',(7.024663242,-1.128293735,-4.405147536));
#4268=CARTESIAN_POINT('',(7.012730165,-1.508761157,-4.40439677));
#4269=CARTESIAN_POINT('',(7.278208238,-1.781049316,-4.421099235));
#4270=CARTESIAN_POINT('',(7.6581,-1.777979516,-4.445));
#4271=CARTESIAN_POINT('',(7.000138091,-1.128293735,-4.794963629));
#4272=CARTESIAN_POINT('',(6.987742994,-1.508761157,-4.801556462));
#4273=CARTESIAN_POINT('',(7.263499741,-1.781049316,-4.654884093));
#4274=CARTESIAN_POINT('',(7.6581,-1.777979516,-4.445));
#4275=CARTESIAN_POINT('',(7.267513173,-1.128293735,-5.079689173));
#4276=CARTESIAN_POINT('',(7.260155055,-1.508761157,-5.091645843));
#4277=CARTESIAN_POINT('',(7.423852909,-1.781049316,-4.825642874));
#4278=CARTESIAN_POINT('',(7.6581,-1.777979516,-4.445));
#4279=CARTESIAN_POINT('',(7.6581,-1.128293735,-5.079689173));
#4280=CARTESIAN_POINT('',(7.6581,-1.508761157,-5.091645843));
#4281=CARTESIAN_POINT('',(7.6581,-1.781049316,-4.825642874));
#4282=CARTESIAN_POINT('',(7.6581,-1.777979516,-4.445));
#4283=CARTESIAN_POINT('',(8.048686827,-1.128293735,-5.079689172));
#4284=CARTESIAN_POINT('',(8.056044946,-1.508761157,-5.091645843));
#4285=CARTESIAN_POINT('',(7.892347091,-1.781049316,-4.825642874));
#4286=CARTESIAN_POINT('',(7.6581,-1.777979516,-4.445));
#4287=CARTESIAN_POINT('',(8.316061909,-1.128293735,-4.794963629));
#4288=CARTESIAN_POINT('',(8.328457006,-1.508761157,-4.801556462));
#4289=CARTESIAN_POINT('',(8.052700259,-1.781049316,-4.654884093));
#4290=CARTESIAN_POINT('',(7.6581,-1.777979516,-4.445));
#4291=CARTESIAN_POINT('',(8.291536758,-1.128293735,-4.405147535));
#4292=CARTESIAN_POINT('',(8.303469835,-1.508761157,-4.40439677));
#4293=CARTESIAN_POINT('',(8.037991762,-1.781049316,-4.421099235));
#4294=CARTESIAN_POINT('',(7.6581,-1.777979516,-4.445));
#4295=ADVANCED_FACE('',(#4296),#4302,.T.);
#4296=FACE_BOUND('',#4297,.T.);
#4297=EDGE_LOOP('',(#4298,#4299,#4300,#4301));
#4298=ORIENTED_EDGE('',*,*,#3371,.F.);
#4299=ORIENTED_EDGE('',*,*,#3110,.F.);
#4300=ORIENTED_EDGE('',*,*,#4129,.F.);
#4301=ORIENTED_EDGE('',*,*,#4258,.F.);
#4302=CYLINDRICAL_SURFACE('',#4303,0.635);
#4303=AXIS2_PLACEMENT_3D('',#4304,#4305,#4306);
#4304=CARTESIAN_POINT('',(7.6581,0.0,-4.445));
#4305=DIRECTION('',(0.0,-1.0,0.0));
#4306=DIRECTION('',(1.0,0.0,0.0));
#4307=ADVANCED_FACE('',(#4308),#4314,.T.);
#4308=FACE_BOUND('',#4309,.T.);
#4309=EDGE_LOOP('',(#4310,#4311,#4312,#4313));
#4310=ORIENTED_EDGE('',*,*,#3379,.F.);
#4311=ORIENTED_EDGE('',*,*,#4251,.F.);
#4312=ORIENTED_EDGE('',*,*,#4201,.F.);
#4313=ORIENTED_EDGE('',*,*,#4178,.F.);
#4314=CYLINDRICAL_SURFACE('',#4315,0.62992);
#4315=AXIS2_PLACEMENT_3D('',#4316,#4317,#4318);
#4316=CARTESIAN_POINT('',(7.65302,-1.14808,4.481514333));
#4317=DIRECTION('',(0.0,0.0,-1.0));
#4318=DIRECTION('',(0.0,-1.0,0.0));
#4319=ADVANCED_FACE('',(#4320),#4326,.F.);
#4320=FACE_BOUND('',#4321,.T.);
#4321=EDGE_LOOP('',(#4322,#4323,#4324,#4325));
#4322=ORIENTED_EDGE('',*,*,#4070,.F.);
#4323=ORIENTED_EDGE('',*,*,#3395,.F.);
#4324=ORIENTED_EDGE('',*,*,#4171,.F.);
#4325=ORIENTED_EDGE('',*,*,#4139,.F.);
#4326=PLANE('',#4327);
#4327=AXIS2_PLACEMENT_3D('',#4328,#4329,#4330);
#4328=CARTESIAN_POINT('',(11.47572,-0.508,0.1524));
#4329=DIRECTION('',(0.0,1.0,0.0));
#4330=DIRECTION('',(0.0,0.0,1.0));
#4331=ADVANCED_FACE('',(#4332),#4338,.T.);
#4332=FACE_BOUND('',#4333,.T.);
#4333=EDGE_LOOP('',(#4334,#4335,#4336,#4337));
#4334=ORIENTED_EDGE('',*,*,#4040,.F.);
#4335=ORIENTED_EDGE('',*,*,#3983,.F.);
#4336=ORIENTED_EDGE('',*,*,#3411,.F.);
#4337=ORIENTED_EDGE('',*,*,#4062,.F.);
#4338=CYLINDRICAL_SURFACE('',#4339,0.62992);
#4339=AXIS2_PLACEMENT_3D('',#4340,#4341,#4342);
#4340=CARTESIAN_POINT('',(7.65302,-1.14808,4.481514333));
#4341=DIRECTION('',(0.0,0.0,-1.0));
#4342=DIRECTION('',(0.0,-1.0,0.0));
#4343=ADVANCED_FACE('',(#4344),#4434,.F.);
#4344=FACE_BOUND('',#4345,.T.);
#4345=EDGE_LOOP('',(#4346,#4354,#4362,#4370,#4378,#4386,#4395,#4403,#4411,#4419,#4427,#4433));
#4346=ORIENTED_EDGE('',*,*,#4347,.T.);
#4347=EDGE_CURVE('',#3239,#4348,#4350,.F.);
#4348=VERTEX_POINT('',#4349);
#4349=CARTESIAN_POINT('',(-5.6134,-0.127,-2.6035));
#4350=LINE('',#4351,#4352);
#4351=CARTESIAN_POINT('',(-5.6134,-0.127,-2.6035));
#4352=VECTOR('',#4353,1.0);
#4353=DIRECTION('',(0.0,1.0,0.0));
#4354=ORIENTED_EDGE('',*,*,#4355,.T.);
#4355=EDGE_CURVE('',#4348,#4356,#4358,.F.);
#4356=VERTEX_POINT('',#4357);
#4357=CARTESIAN_POINT('',(-5.8674,-0.127,-2.6035));
#4358=LINE('',#4359,#4360);
#4359=CARTESIAN_POINT('',(-5.8674,-0.127,-2.6035));
#4360=VECTOR('',#4361,1.0);
#4361=DIRECTION('',(1.0,0.0,0.0));
#4362=ORIENTED_EDGE('',*,*,#4363,.T.);
#4363=EDGE_CURVE('',#4356,#4364,#4366,.F.);
#4364=VERTEX_POINT('',#4365);
#4365=CARTESIAN_POINT('',(-5.6134,-1.651,-2.6035));
#4366=LINE('',#4367,#4368);
#4367=CARTESIAN_POINT('',(-5.6134,-1.651,-2.6035));
#4368=VECTOR('',#4369,1.0);
#4369=DIRECTION('',(-0.164398987,0.986393924,0.0));
#4370=ORIENTED_EDGE('',*,*,#4371,.T.);
#4371=EDGE_CURVE('',#4364,#4372,#4374,.T.);
#4372=VERTEX_POINT('',#4373);
#4373=CARTESIAN_POINT('',(-5.2324,-1.651,-2.6035));
#4374=LINE('',#4375,#4376);
#4375=CARTESIAN_POINT('',(-5.6134,-1.651,-2.6035));
#4376=VECTOR('',#4377,1.0);
#4377=DIRECTION('',(1.0,0.0,0.0));
#4378=ORIENTED_EDGE('',*,*,#4379,.T.);
#4379=EDGE_CURVE('',#4372,#4380,#4382,.F.);
#4380=VERTEX_POINT('',#4381);
#4381=CARTESIAN_POINT('',(-5.2324,-5.2324,-2.6035));
#4382=LINE('',#4383,#4384);
#4383=CARTESIAN_POINT('',(-5.2324,-5.2324,-2.6035));
#4384=VECTOR('',#4385,1.0);
#4385=DIRECTION('',(0.0,1.0,0.0));
#4386=ORIENTED_EDGE('',*,*,#4387,.T.);
#4387=EDGE_CURVE('',#4380,#4388,#4390,.T.);
#4388=VERTEX_POINT('',#4389);
#4389=CARTESIAN_POINT('',(-3.9624,-5.2324,-2.6035));
#4390=CIRCLE('',#4391,0.635);
#4391=AXIS2_PLACEMENT_3D('',#4392,#4393,#4394);
#4392=CARTESIAN_POINT('',(-4.5974,-5.2324,-2.6035));
#4393=DIRECTION('',(0.0,0.0,1.0));
#4394=DIRECTION('',(-1.0,0.0,0.0));
#4395=ORIENTED_EDGE('',*,*,#4396,.T.);
#4396=EDGE_CURVE('',#4388,#4397,#4399,.T.);
#4397=VERTEX_POINT('',#4398);
#4398=CARTESIAN_POINT('',(-3.9624,-1.651,-2.6035));
#4399=LINE('',#4400,#4401);
#4400=CARTESIAN_POINT('',(-3.9624,-5.2324,-2.6035));
#4401=VECTOR('',#4402,1.0);
#4402=DIRECTION('',(0.0,1.0,0.0));
#4403=ORIENTED_EDGE('',*,*,#4404,.T.);
#4404=EDGE_CURVE('',#4397,#4405,#4407,.F.);
#4405=VERTEX_POINT('',#4406);
#4406=CARTESIAN_POINT('',(-3.5814,-1.651,-2.6035));
#4407=LINE('',#4408,#4409);
#4408=CARTESIAN_POINT('',(-3.5814,-1.651,-2.6035));
#4409=VECTOR('',#4410,1.0);
#4410=DIRECTION('',(-1.0,0.0,0.0));
#4411=ORIENTED_EDGE('',*,*,#4412,.T.);
#4412=EDGE_CURVE('',#4405,#4413,#4415,.F.);
#4413=VERTEX_POINT('',#4414);
#4414=CARTESIAN_POINT('',(-3.3274,-0.127,-2.6035));
#4415=LINE('',#4416,#4417);
#4416=CARTESIAN_POINT('',(-3.3274,-0.127,-2.6035));
#4417=VECTOR('',#4418,1.0);
#4418=DIRECTION('',(-0.164398987,-0.986393924,0.0));
#4419=ORIENTED_EDGE('',*,*,#4420,.T.);
#4420=EDGE_CURVE('',#4413,#4421,#4423,.F.);
#4421=VERTEX_POINT('',#4422);
#4422=CARTESIAN_POINT('',(-3.5814,-0.127,-2.6035));
#4423=LINE('',#4424,#4425);
#4424=CARTESIAN_POINT('',(-3.5814,-0.127,-2.6035));
#4425=VECTOR('',#4426,1.0);
#4426=DIRECTION('',(1.0,0.0,0.0));
#4427=ORIENTED_EDGE('',*,*,#4428,.T.);
#4428=EDGE_CURVE('',#4421,#3186,#4429,.F.);
#4429=LINE('',#4430,#4431);
#4430=CARTESIAN_POINT('',(-3.5814,0.0,-2.6035));
#4431=VECTOR('',#4432,1.0);
#4432=DIRECTION('',(-6.161737787E-13,-1.0,0.0));
#4433=ORIENTED_EDGE('',*,*,#3247,.F.);
#4434=PLANE('',#4435);
#4435=AXIS2_PLACEMENT_3D('',#4436,#4437,#4438);
#4436=CARTESIAN_POINT('',(-4.5974,1.27,-2.6035));
#4437=DIRECTION('',(0.0,0.0,-1.0));
#4438=DIRECTION('',(-1.0,0.0,0.0));
#4439=ADVANCED_FACE('',(#4440),#4497,.T.);
#4440=FACE_BOUND('',#4441,.T.);
#4441=EDGE_LOOP('',(#4442,#4443,#4451,#4457,#4458,#4466,#4474,#4482,#4490,#4496));
#4442=ORIENTED_EDGE('',*,*,#4428,.F.);
#4443=ORIENTED_EDGE('',*,*,#4444,.T.);
#4444=EDGE_CURVE('',#4421,#4445,#4447,.T.);
#4445=VERTEX_POINT('',#4446);
#4446=CARTESIAN_POINT('',(-3.5814,-0.127,-3.1115));
#4447=LINE('',#4448,#4449);
#4448=CARTESIAN_POINT('',(-3.5814,-0.127,-2.6035));
#4449=VECTOR('',#4450,1.0);
#4450=DIRECTION('',(0.0,0.0,-1.0));
#4451=ORIENTED_EDGE('',*,*,#4452,.T.);
#4452=EDGE_CURVE('',#4445,#3205,#4453,.F.);
#4453=LINE('',#4454,#4455);
#4454=CARTESIAN_POINT('',(-3.5814,0.0,-3.1115));
#4455=VECTOR('',#4456,1.0);
#4456=DIRECTION('',(-6.106226635E-13,-1.0,0.0));
#4457=ORIENTED_EDGE('',*,*,#3204,.F.);
#4458=ORIENTED_EDGE('',*,*,#4459,.T.);
#4459=EDGE_CURVE('',#3197,#4460,#4462,.F.);
#4460=VERTEX_POINT('',#4461);
#4461=CARTESIAN_POINT('',(-3.5814,0.251261643,-3.1115));
#4462=LINE('',#4463,#4464);
#4463=CARTESIAN_POINT('',(-3.5814,0.251261643,-3.1115));
#4464=VECTOR('',#4465,1.0);
#4465=DIRECTION('',(0.001265997,-0.970294949,0.241921702));
#4466=ORIENTED_EDGE('',*,*,#4467,.T.);
#4467=EDGE_CURVE('',#4460,#4468,#4470,.F.);
#4468=VERTEX_POINT('',#4469);
#4469=CARTESIAN_POINT('',(-3.5814,0.564311642,-3.1115));
#4470=LINE('',#4471,#4472);
#4471=CARTESIAN_POINT('',(-3.5814,0.564311642,-3.1115));
#4472=VECTOR('',#4473,1.0);
#4473=DIRECTION('',(0.0,-1.0,0.0));
#4474=ORIENTED_EDGE('',*,*,#4475,.T.);
#4475=EDGE_CURVE('',#4468,#4476,#4478,.F.);
#4476=VERTEX_POINT('',#4477);
#4477=CARTESIAN_POINT('',(-3.5814,0.564311642,-2.6035));
#4478=LINE('',#4479,#4480);
#4479=CARTESIAN_POINT('',(-3.5814,0.564311642,-2.6035));
#4480=VECTOR('',#4481,1.0);
#4481=DIRECTION('',(0.0,0.0,-1.0));
#4482=ORIENTED_EDGE('',*,*,#4483,.T.);
#4483=EDGE_CURVE('',#4476,#4484,#4486,.T.);
#4484=VERTEX_POINT('',#4485);
#4485=CARTESIAN_POINT('',(-3.5814,0.251261643,-2.6035));
#4486=LINE('',#4487,#4488);
#4487=CARTESIAN_POINT('',(-3.5814,0.564311642,-2.6035));
#4488=VECTOR('',#4489,1.0);
#4489=DIRECTION('',(0.0,-1.0,0.0));
#4490=ORIENTED_EDGE('',*,*,#4491,.T.);
#4491=EDGE_CURVE('',#4484,#3188,#4492,.T.);
#4492=LINE('',#4493,#4494);
#4493=CARTESIAN_POINT('',(-3.5814,0.251261643,-2.6035));
#4494=VECTOR('',#4495,1.0);
#4495=DIRECTION('',(0.001265997,-0.970294949,-0.241921702));
#4496=ORIENTED_EDGE('',*,*,#3185,.F.);
#4497=PLANE('',#4498);
#4498=AXIS2_PLACEMENT_3D('',#4499,#4500,#4501);
#4499=CARTESIAN_POINT('',(-3.5814,1.27,-2.6035));
#4500=DIRECTION('',(1.0,0.0,0.0));
#4501=DIRECTION('',(0.0,-1.0,0.0));
#4502=ADVANCED_FACE('',(#4503),#4542,.F.);
#4503=FACE_BOUND('',#4504,.T.);
#4504=EDGE_LOOP('',(#4505,#4513,#4521,#4529,#4535,#4536));
#4505=ORIENTED_EDGE('',*,*,#4506,.T.);
#4506=EDGE_CURVE('',#4507,#3231,#4509,.T.);
#4507=VERTEX_POINT('',#4508);
#4508=CARTESIAN_POINT('',(-5.6134,0.251261643,-2.6035));
#4509=LINE('',#4510,#4511);
#4510=CARTESIAN_POINT('',(-5.6134,0.251261643,-2.6035));
#4511=VECTOR('',#4512,1.0);
#4512=DIRECTION('',(-0.001265997,-0.970294949,-0.241921702));
#4513=ORIENTED_EDGE('',*,*,#4514,.T.);
#4514=EDGE_CURVE('',#3231,#4515,#4517,.T.);
#4515=VERTEX_POINT('',#4516);
#4516=CARTESIAN_POINT('',(-5.698434168,0.564311642,-2.525447869));
#4517=LINE('',#4518,#4519);
#4518=CARTESIAN_POINT('',(-5.613728191,-2.733047265E-04,-2.666214706));
#4519=VECTOR('',#4520,1.0);
#4520=DIRECTION('',(-0.144057249,0.960174916,0.239398494));
#4521=ORIENTED_EDGE('',*,*,#4522,.T.);
#4522=EDGE_CURVE('',#4515,#4523,#4525,.F.);
#4523=VERTEX_POINT('',#4524);
#4524=CARTESIAN_POINT('',(-3.496365832,0.564311642,-2.525447869));
#4525=LINE('',#4526,#4527);
#4526=CARTESIAN_POINT('',(-3.496365832,0.564311642,-2.525447869));
#4527=VECTOR('',#4528,1.0);
#4528=DIRECTION('',(-1.0,0.0,0.0));
#4529=ORIENTED_EDGE('',*,*,#4530,.T.);
#4530=EDGE_CURVE('',#4523,#3188,#4531,.F.);
#4531=LINE('',#4532,#4533);
#4532=CARTESIAN_POINT('',(-3.581071809,-2.733047265E-04,-2.666214706));
#4533=VECTOR('',#4534,1.0);
#4534=DIRECTION('',(0.144057249,0.960174916,0.239398494));
#4535=ORIENTED_EDGE('',*,*,#4491,.F.);
#4536=ORIENTED_EDGE('',*,*,#4537,.T.);
#4537=EDGE_CURVE('',#4484,#4507,#4538,.T.);
#4538=LINE('',#4539,#4540);
#4539=CARTESIAN_POINT('',(-3.5814,0.251261643,-2.6035));
#4540=VECTOR('',#4541,1.0);
#4541=DIRECTION('',(-1.0,0.0,0.0));
#4542=PLANE('',#4543);
#4543=AXIS2_PLACEMENT_3D('',#4544,#4545,#4546);
#4544=CARTESIAN_POINT('',(-3.105932049,1.27,-2.3495));
#4545=DIRECTION('',(0.0,-0.241921896,0.970295726));
#4546=DIRECTION('',(-1.0,0.0,0.0));
#4547=ADVANCED_FACE('',(#4548),#4566,.F.);
#4548=FACE_BOUND('',#4549,.T.);
#4549=EDGE_LOOP('',(#4550,#4551,#4559,#4565));
#4550=ORIENTED_EDGE('',*,*,#4483,.F.);
#4551=ORIENTED_EDGE('',*,*,#4552,.T.);
#4552=EDGE_CURVE('',#4476,#4553,#4555,.T.);
#4553=VERTEX_POINT('',#4554);
#4554=CARTESIAN_POINT('',(-5.6134,0.564311642,-2.6035));
#4555=LINE('',#4556,#4557);
#4556=CARTESIAN_POINT('',(-3.5814,0.564311642,-2.6035));
#4557=VECTOR('',#4558,1.0);
#4558=DIRECTION('',(-1.0,0.0,0.0));
#4559=ORIENTED_EDGE('',*,*,#4560,.T.);
#4560=EDGE_CURVE('',#4553,#4507,#4561,.F.);
#4561=LINE('',#4562,#4563);
#4562=CARTESIAN_POINT('',(-5.6134,0.251261643,-2.6035));
#4563=VECTOR('',#4564,1.0);
#4564=DIRECTION('',(0.0,1.0,0.0));
#4565=ORIENTED_EDGE('',*,*,#4537,.F.);
#4566=PLANE('',#4567);
#4567=AXIS2_PLACEMENT_3D('',#4568,#4569,#4570);
#4568=CARTESIAN_POINT('',(-4.5974,1.27,-2.6035));
#4569=DIRECTION('',(0.0,0.0,-1.0));
#4570=DIRECTION('',(-1.0,0.0,0.0));
#4571=ADVANCED_FACE('',(#4572),#4615,.T.);
#4572=FACE_BOUND('',#4573,.T.);
#4573=EDGE_LOOP('',(#4574,#4575,#4576,#4584,#4592,#4598,#4599,#4607,#4613,#4614));
#4574=ORIENTED_EDGE('',*,*,#4506,.F.);
#4575=ORIENTED_EDGE('',*,*,#4560,.F.);
#4576=ORIENTED_EDGE('',*,*,#4577,.T.);
#4577=EDGE_CURVE('',#4553,#4578,#4580,.T.);
#4578=VERTEX_POINT('',#4579);
#4579=CARTESIAN_POINT('',(-5.6134,0.564311642,-3.1115));
#4580=LINE('',#4581,#4582);
#4581=CARTESIAN_POINT('',(-5.6134,0.564311642,-2.6035));
#4582=VECTOR('',#4583,1.0);
#4583=DIRECTION('',(0.0,0.0,-1.0));
#4584=ORIENTED_EDGE('',*,*,#4585,.T.);
#4585=EDGE_CURVE('',#4578,#4586,#4588,.F.);
#4586=VERTEX_POINT('',#4587);
#4587=CARTESIAN_POINT('',(-5.6134,0.251261643,-3.1115));
#4588=LINE('',#4589,#4590);
#4589=CARTESIAN_POINT('',(-5.6134,0.251261643,-3.1115));
#4590=VECTOR('',#4591,1.0);
#4591=DIRECTION('',(0.0,1.0,0.0));
#4592=ORIENTED_EDGE('',*,*,#4593,.T.);
#4593=EDGE_CURVE('',#4586,#3222,#4594,.T.);
#4594=LINE('',#4595,#4596);
#4595=CARTESIAN_POINT('',(-5.6134,0.251261643,-3.1115));
#4596=VECTOR('',#4597,1.0);
#4597=DIRECTION('',(-0.001265997,-0.970294949,0.241921702));
#4598=ORIENTED_EDGE('',*,*,#3221,.F.);
#4599=ORIENTED_EDGE('',*,*,#4600,.T.);
#4600=EDGE_CURVE('',#3214,#4601,#4603,.F.);
#4601=VERTEX_POINT('',#4602);
#4602=CARTESIAN_POINT('',(-5.6134,-0.127,-3.1115));
#4603=LINE('',#4604,#4605);
#4604=CARTESIAN_POINT('',(-5.6134,-0.127,-3.1115));
#4605=VECTOR('',#4606,1.0);
#4606=DIRECTION('',(0.0,1.0,0.0));
#4607=ORIENTED_EDGE('',*,*,#4608,.T.);
#4608=EDGE_CURVE('',#4601,#4348,#4609,.F.);
#4609=LINE('',#4610,#4611);
#4610=CARTESIAN_POINT('',(-5.6134,-0.127,-2.6035));
#4611=VECTOR('',#4612,1.0);
#4612=DIRECTION('',(0.0,0.0,-1.0));
#4613=ORIENTED_EDGE('',*,*,#4347,.F.);
#4614=ORIENTED_EDGE('',*,*,#3238,.F.);
#4615=PLANE('',#4616);
#4616=AXIS2_PLACEMENT_3D('',#4617,#4618,#4619);
#4617=CARTESIAN_POINT('',(-5.6134,-5.8674,-2.6035));
#4618=DIRECTION('',(-1.0,0.0,0.0));
#4619=DIRECTION('',(0.0,1.0,0.0));
#4620=ADVANCED_FACE('',(#4621),#4639,.T.);
#4621=FACE_BOUND('',#4622,.T.);
#4622=EDGE_LOOP('',(#4623,#4631,#4637,#4638));
#4623=ORIENTED_EDGE('',*,*,#4624,.T.);
#4624=EDGE_CURVE('',#4601,#4625,#4627,.F.);
#4625=VERTEX_POINT('',#4626);
#4626=CARTESIAN_POINT('',(-5.8674,-0.127,-3.1115));
#4627=LINE('',#4628,#4629);
#4628=CARTESIAN_POINT('',(-5.8674,-0.127,-3.1115));
#4629=VECTOR('',#4630,1.0);
#4630=DIRECTION('',(1.0,0.0,0.0));
#4631=ORIENTED_EDGE('',*,*,#4632,.T.);
#4632=EDGE_CURVE('',#4625,#4356,#4633,.F.);
#4633=LINE('',#4634,#4635);
#4634=CARTESIAN_POINT('',(-5.8674,-0.127,-2.6035));
#4635=VECTOR('',#4636,1.0);
#4636=DIRECTION('',(0.0,0.0,-1.0));
#4637=ORIENTED_EDGE('',*,*,#4355,.F.);
#4638=ORIENTED_EDGE('',*,*,#4608,.F.);
#4639=PLANE('',#4640);
#4640=AXIS2_PLACEMENT_3D('',#4641,#4642,#4643);
#4641=CARTESIAN_POINT('',(-5.8674,-0.127,-2.6035));
#4642=DIRECTION('',(0.0,1.0,0.0));
#4643=DIRECTION('',(1.0,0.0,0.0));
#4644=ADVANCED_FACE('',(#4645),#4663,.T.);
#4645=FACE_BOUND('',#4646,.T.);
#4646=EDGE_LOOP('',(#4647,#4648,#4656,#4662));
#4647=ORIENTED_EDGE('',*,*,#4632,.F.);
#4648=ORIENTED_EDGE('',*,*,#4649,.T.);
#4649=EDGE_CURVE('',#4625,#4650,#4652,.F.);
#4650=VERTEX_POINT('',#4651);
#4651=CARTESIAN_POINT('',(-5.6134,-1.651,-3.1115));
#4652=LINE('',#4653,#4654);
#4653=CARTESIAN_POINT('',(-5.6134,-1.651,-3.1115));
#4654=VECTOR('',#4655,1.0);
#4655=DIRECTION('',(-0.164398987,0.986393924,0.0));
#4656=ORIENTED_EDGE('',*,*,#4657,.T.);
#4657=EDGE_CURVE('',#4650,#4364,#4658,.F.);
#4658=LINE('',#4659,#4660);
#4659=CARTESIAN_POINT('',(-5.6134,-1.651,-2.6035));
#4660=VECTOR('',#4661,1.0);
#4661=DIRECTION('',(0.0,0.0,-1.0));
#4662=ORIENTED_EDGE('',*,*,#4363,.F.);
#4663=PLANE('',#4664);
#4664=AXIS2_PLACEMENT_3D('',#4665,#4666,#4667);
#4665=CARTESIAN_POINT('',(-5.6134,-1.651,-2.6035));
#4666=DIRECTION('',(-0.986393924,-0.164398987,0.0));
#4667=DIRECTION('',(-0.164398987,0.986393924,0.0));
#4668=ADVANCED_FACE('',(#4669),#4687,.F.);
#4669=FACE_BOUND('',#4670,.T.);
#4670=EDGE_LOOP('',(#4671,#4679,#4685,#4686));
#4671=ORIENTED_EDGE('',*,*,#4672,.T.);
#4672=EDGE_CURVE('',#4650,#4673,#4675,.T.);
#4673=VERTEX_POINT('',#4674);
#4674=CARTESIAN_POINT('',(-5.2324,-1.651,-3.1115));
#4675=LINE('',#4676,#4677);
#4676=CARTESIAN_POINT('',(-5.6134,-1.651,-3.1115));
#4677=VECTOR('',#4678,1.0);
#4678=DIRECTION('',(1.0,0.0,0.0));
#4679=ORIENTED_EDGE('',*,*,#4680,.T.);
#4680=EDGE_CURVE('',#4673,#4372,#4681,.F.);
#4681=LINE('',#4682,#4683);
#4682=CARTESIAN_POINT('',(-5.2324,-1.651,-2.6035));
#4683=VECTOR('',#4684,1.0);
#4684=DIRECTION('',(0.0,0.0,-1.0));
#4685=ORIENTED_EDGE('',*,*,#4371,.F.);
#4686=ORIENTED_EDGE('',*,*,#4657,.F.);
#4687=PLANE('',#4688);
#4688=AXIS2_PLACEMENT_3D('',#4689,#4690,#4691);
#4689=CARTESIAN_POINT('',(-5.6134,-1.651,-2.6035));
#4690=DIRECTION('',(0.0,1.0,0.0));
#4691=DIRECTION('',(1.0,0.0,0.0));
#4692=ADVANCED_FACE('',(#4693),#4711,.F.);
#4693=FACE_BOUND('',#4694,.T.);
#4694=EDGE_LOOP('',(#4695,#4696,#4697,#4705));
#4695=ORIENTED_EDGE('',*,*,#4379,.F.);
#4696=ORIENTED_EDGE('',*,*,#4680,.F.);
#4697=ORIENTED_EDGE('',*,*,#4698,.T.);
#4698=EDGE_CURVE('',#4673,#4699,#4701,.F.);
#4699=VERTEX_POINT('',#4700);
#4700=CARTESIAN_POINT('',(-5.2324,-5.2324,-3.1115));
#4701=LINE('',#4702,#4703);
#4702=CARTESIAN_POINT('',(-5.2324,-5.2324,-3.1115));
#4703=VECTOR('',#4704,1.0);
#4704=DIRECTION('',(0.0,1.0,0.0));
#4705=ORIENTED_EDGE('',*,*,#4706,.T.);
#4706=EDGE_CURVE('',#4699,#4380,#4707,.F.);
#4707=LINE('',#4708,#4709);
#4708=CARTESIAN_POINT('',(-5.2324,-5.2324,-2.6035));
#4709=VECTOR('',#4710,1.0);
#4710=DIRECTION('',(0.0,0.0,-1.0));
#4711=PLANE('',#4712);
#4712=AXIS2_PLACEMENT_3D('',#4713,#4714,#4715);
#4713=CARTESIAN_POINT('',(-5.2324,-1.651,-2.6035));
#4714=DIRECTION('',(1.0,0.0,0.0));
#4715=DIRECTION('',(0.0,-1.0,0.0));
#4716=ADVANCED_FACE('',(#4717),#4736,.T.);
#4717=FACE_BOUND('',#4718,.T.);
#4718=EDGE_LOOP('',(#4719,#4727,#4728,#4729));
#4719=ORIENTED_EDGE('',*,*,#4720,.T.);
#4720=EDGE_CURVE('',#4721,#4388,#4723,.F.);
#4721=VERTEX_POINT('',#4722);
#4722=CARTESIAN_POINT('',(-3.9624,-5.2324,-3.1115));
#4723=LINE('',#4724,#4725);
#4724=CARTESIAN_POINT('',(-3.9624,-5.2324,-2.6035));
#4725=VECTOR('',#4726,1.0);
#4726=DIRECTION('',(0.0,0.0,-1.0));
#4727=ORIENTED_EDGE('',*,*,#4387,.F.);
#4728=ORIENTED_EDGE('',*,*,#4706,.F.);
#4729=ORIENTED_EDGE('',*,*,#4730,.T.);
#4730=EDGE_CURVE('',#4699,#4721,#4731,.F.);
#4731=CIRCLE('',#4732,0.635);
#4732=AXIS2_PLACEMENT_3D('',#4733,#4734,#4735);
#4733=CARTESIAN_POINT('',(-4.5974,-5.2324,-3.1115));
#4734=DIRECTION('',(0.0,0.0,-1.0));
#4735=DIRECTION('',(1.0,0.0,0.0));
#4736=CYLINDRICAL_SURFACE('',#4737,0.635);
#4737=AXIS2_PLACEMENT_3D('',#4738,#4739,#4740);
#4738=CARTESIAN_POINT('',(-4.5974,-5.2324,-0.657553011));
#4739=DIRECTION('',(0.0,0.0,-1.0));
#4740=DIRECTION('',(-1.0,0.0,0.0));
#4741=ADVANCED_FACE('',(#4742),#4782,.T.);
#4742=FACE_BOUND('',#4743,.T.);
#4743=EDGE_LOOP('',(#4744,#4745,#4753,#4761,#4769,#4775,#4776,#4777,#4778,#4779,#4780,#4781));
#4744=ORIENTED_EDGE('',*,*,#4452,.F.);
#4745=ORIENTED_EDGE('',*,*,#4746,.T.);
#4746=EDGE_CURVE('',#4445,#4747,#4749,.T.);
#4747=VERTEX_POINT('',#4748);
#4748=CARTESIAN_POINT('',(-3.3274,-0.127,-3.1115));
#4749=LINE('',#4750,#4751);
#4750=CARTESIAN_POINT('',(-3.5814,-0.127,-3.1115));
#4751=VECTOR('',#4752,1.0);
#4752=DIRECTION('',(1.0,0.0,0.0));
#4753=ORIENTED_EDGE('',*,*,#4754,.T.);
#4754=EDGE_CURVE('',#4747,#4755,#4757,.T.);
#4755=VERTEX_POINT('',#4756);
#4756=CARTESIAN_POINT('',(-3.5814,-1.651,-3.1115));
#4757=LINE('',#4758,#4759);
#4758=CARTESIAN_POINT('',(-3.3274,-0.127,-3.1115));
#4759=VECTOR('',#4760,1.0);
#4760=DIRECTION('',(-0.164398987,-0.986393924,0.0));
#4761=ORIENTED_EDGE('',*,*,#4762,.T.);
#4762=EDGE_CURVE('',#4755,#4763,#4765,.T.);
#4763=VERTEX_POINT('',#4764);
#4764=CARTESIAN_POINT('',(-3.9624,-1.651,-3.1115));
#4765=LINE('',#4766,#4767);
#4766=CARTESIAN_POINT('',(-3.5814,-1.651,-3.1115));
#4767=VECTOR('',#4768,1.0);
#4768=DIRECTION('',(-1.0,0.0,0.0));
#4769=ORIENTED_EDGE('',*,*,#4770,.T.);
#4770=EDGE_CURVE('',#4763,#4721,#4771,.F.);
#4771=LINE('',#4772,#4773);
#4772=CARTESIAN_POINT('',(-3.9624,-5.2324,-3.1115));
#4773=VECTOR('',#4774,1.0);
#4774=DIRECTION('',(0.0,1.0,0.0));
#4775=ORIENTED_EDGE('',*,*,#4730,.F.);
#4776=ORIENTED_EDGE('',*,*,#4698,.F.);
#4777=ORIENTED_EDGE('',*,*,#4672,.F.);
#4778=ORIENTED_EDGE('',*,*,#4649,.F.);
#4779=ORIENTED_EDGE('',*,*,#4624,.F.);
#4780=ORIENTED_EDGE('',*,*,#4600,.F.);
#4781=ORIENTED_EDGE('',*,*,#3213,.F.);
#4782=PLANE('',#4783);
#4783=AXIS2_PLACEMENT_3D('',#4784,#4785,#4786);
#4784=CARTESIAN_POINT('',(-4.5974,1.27,-3.1115));
#4785=DIRECTION('',(0.0,0.0,-1.0));
#4786=DIRECTION('',(-1.0,0.0,0.0));
#4787=ADVANCED_FACE('',(#4788),#4799,.F.);
#4788=FACE_BOUND('',#4789,.T.);
#4789=EDGE_LOOP('',(#4790,#4791,#4797,#4798));
#4790=ORIENTED_EDGE('',*,*,#4770,.F.);
#4791=ORIENTED_EDGE('',*,*,#4792,.T.);
#4792=EDGE_CURVE('',#4763,#4397,#4793,.F.);
#4793=LINE('',#4794,#4795);
#4794=CARTESIAN_POINT('',(-3.9624,-1.651,-2.6035));
#4795=VECTOR('',#4796,1.0);
#4796=DIRECTION('',(0.0,0.0,-1.0));
#4797=ORIENTED_EDGE('',*,*,#4396,.F.);
#4798=ORIENTED_EDGE('',*,*,#4720,.F.);
#4799=PLANE('',#4800);
#4800=AXIS2_PLACEMENT_3D('',#4801,#4802,#4803);
#4801=CARTESIAN_POINT('',(-3.9624,-5.8674,-2.6035));
#4802=DIRECTION('',(-1.0,0.0,0.0));
#4803=DIRECTION('',(0.0,1.0,0.0));
#4804=ADVANCED_FACE('',(#4805),#4816,.F.);
#4805=FACE_BOUND('',#4806,.T.);
#4806=EDGE_LOOP('',(#4807,#4808,#4809,#4810));
#4807=ORIENTED_EDGE('',*,*,#4404,.F.);
#4808=ORIENTED_EDGE('',*,*,#4792,.F.);
#4809=ORIENTED_EDGE('',*,*,#4762,.F.);
#4810=ORIENTED_EDGE('',*,*,#4811,.T.);
#4811=EDGE_CURVE('',#4755,#4405,#4812,.F.);
#4812=LINE('',#4813,#4814);
#4813=CARTESIAN_POINT('',(-3.5814,-1.651,-2.6035));
#4814=VECTOR('',#4815,1.0);
#4815=DIRECTION('',(0.0,0.0,-1.0));
#4816=PLANE('',#4817);
#4817=AXIS2_PLACEMENT_3D('',#4818,#4819,#4820);
#4818=CARTESIAN_POINT('',(-3.9624,-1.651,-2.6035));
#4819=DIRECTION('',(0.0,1.0,0.0));
#4820=DIRECTION('',(1.0,0.0,0.0));
#4821=ADVANCED_FACE('',(#4822),#4833,.T.);
#4822=FACE_BOUND('',#4823,.T.);
#4823=EDGE_LOOP('',(#4824,#4825,#4826,#4832));
#4824=ORIENTED_EDGE('',*,*,#4811,.F.);
#4825=ORIENTED_EDGE('',*,*,#4754,.F.);
#4826=ORIENTED_EDGE('',*,*,#4827,.T.);
#4827=EDGE_CURVE('',#4747,#4413,#4828,.F.);
#4828=LINE('',#4829,#4830);
#4829=CARTESIAN_POINT('',(-3.3274,-0.127,-2.6035));
#4830=VECTOR('',#4831,1.0);
#4831=DIRECTION('',(0.0,0.0,-1.0));
#4832=ORIENTED_EDGE('',*,*,#4412,.F.);
#4833=PLANE('',#4834);
#4834=AXIS2_PLACEMENT_3D('',#4835,#4836,#4837);
#4835=CARTESIAN_POINT('',(-3.3274,-0.127,-2.6035));
#4836=DIRECTION('',(0.986393924,-0.164398987,0.0));
#4837=DIRECTION('',(-0.164398987,-0.986393924,0.0));
#4838=ADVANCED_FACE('',(#4839),#4845,.T.);
#4839=FACE_BOUND('',#4840,.T.);
#4840=EDGE_LOOP('',(#4841,#4842,#4843,#4844));
#4841=ORIENTED_EDGE('',*,*,#4420,.F.);
#4842=ORIENTED_EDGE('',*,*,#4827,.F.);
#4843=ORIENTED_EDGE('',*,*,#4746,.F.);
#4844=ORIENTED_EDGE('',*,*,#4444,.F.);
#4845=PLANE('',#4846);
#4846=AXIS2_PLACEMENT_3D('',#4847,#4848,#4849);
#4847=CARTESIAN_POINT('',(-3.5814,-0.127,-2.6035));
#4848=DIRECTION('',(0.0,1.0,0.0));
#4849=DIRECTION('',(1.0,0.0,0.0));
#4850=ADVANCED_FACE('',(#4851),#4883,.F.);
#4851=FACE_BOUND('',#4852,.T.);
#4852=EDGE_LOOP('',(#4853,#4854,#4862,#4870,#4876,#4877));
#4853=ORIENTED_EDGE('',*,*,#4459,.F.);
#4854=ORIENTED_EDGE('',*,*,#4855,.T.);
#4855=EDGE_CURVE('',#3197,#4856,#4858,.T.);
#4856=VERTEX_POINT('',#4857);
#4857=CARTESIAN_POINT('',(-3.496365832,0.564311642,-3.189552131));
#4858=LINE('',#4859,#4860);
#4859=CARTESIAN_POINT('',(-3.581071809,-2.733047265E-04,-3.048785294));
#4860=VECTOR('',#4861,1.0);
#4861=DIRECTION('',(0.144057249,0.960174916,-0.239398494));
#4862=ORIENTED_EDGE('',*,*,#4863,.T.);
#4863=EDGE_CURVE('',#4856,#4864,#4866,.F.);
#4864=VERTEX_POINT('',#4865);
#4865=CARTESIAN_POINT('',(-5.698434168,0.564311642,-3.189552131));
#4866=LINE('',#4867,#4868);
#4867=CARTESIAN_POINT('',(-5.698434168,0.564311642,-3.189552131));
#4868=VECTOR('',#4869,1.0);
#4869=DIRECTION('',(1.0,0.0,0.0));
#4870=ORIENTED_EDGE('',*,*,#4871,.T.);
#4871=EDGE_CURVE('',#4864,#3222,#4872,.F.);
#4872=LINE('',#4873,#4874);
#4873=CARTESIAN_POINT('',(-5.613728191,-2.733047265E-04,-3.048785294));
#4874=VECTOR('',#4875,1.0);
#4875=DIRECTION('',(-0.144057249,0.960174916,-0.239398494));
#4876=ORIENTED_EDGE('',*,*,#4593,.F.);
#4877=ORIENTED_EDGE('',*,*,#4878,.T.);
#4878=EDGE_CURVE('',#4586,#4460,#4879,.T.);
#4879=LINE('',#4880,#4881);
#4880=CARTESIAN_POINT('',(-5.6134,0.251261643,-3.1115));
#4881=VECTOR('',#4882,1.0);
#4882=DIRECTION('',(1.0,0.0,0.0));
#4883=PLANE('',#4884);
#4884=AXIS2_PLACEMENT_3D('',#4885,#4886,#4887);
#4885=CARTESIAN_POINT('',(-6.088867951,1.27,-3.3655));
#4886=DIRECTION('',(0.0,-0.241921896,-0.970295726));
#4887=DIRECTION('',(1.0,0.0,0.0));
#4888=ADVANCED_FACE('',(#4889),#4900,.T.);
#4889=FACE_BOUND('',#4890,.T.);
#4890=EDGE_LOOP('',(#4891,#4892,#4898,#4899));
#4891=ORIENTED_EDGE('',*,*,#4585,.F.);
#4892=ORIENTED_EDGE('',*,*,#4893,.T.);
#4893=EDGE_CURVE('',#4578,#4468,#4894,.F.);
#4894=LINE('',#4895,#4896);
#4895=CARTESIAN_POINT('',(-3.5814,0.564311642,-3.1115));
#4896=VECTOR('',#4897,1.0);
#4897=DIRECTION('',(-1.0,0.0,0.0));
#4898=ORIENTED_EDGE('',*,*,#4467,.F.);
#4899=ORIENTED_EDGE('',*,*,#4878,.F.);
#4900=PLANE('',#4901);
#4901=AXIS2_PLACEMENT_3D('',#4902,#4903,#4904);
#4902=CARTESIAN_POINT('',(-4.5974,1.27,-3.1115));
#4903=DIRECTION('',(0.0,0.0,-1.0));
#4904=DIRECTION('',(-1.0,0.0,0.0));
#4905=ADVANCED_FACE('',(#4906),#4912,.F.);
#4906=FACE_BOUND('',#4907,.T.);
#4907=EDGE_LOOP('',(#4908,#4909,#4910,#4911));
#4908=ORIENTED_EDGE('',*,*,#4475,.F.);
#4909=ORIENTED_EDGE('',*,*,#4893,.F.);
#4910=ORIENTED_EDGE('',*,*,#4577,.F.);
#4911=ORIENTED_EDGE('',*,*,#4552,.F.);
#4912=PLANE('',#4913);
#4913=AXIS2_PLACEMENT_3D('',#4914,#4915,#4916);
#4914=CARTESIAN_POINT('',(6.985,0.564311642,4.290597914));
#4915=DIRECTION('',(0.0,-1.0,0.0));
#4916=DIRECTION('',(0.0,0.0,-1.0));
#4917=ADVANCED_FACE('',(#4918),#4929,.F.);
#4918=FACE_BOUND('',#4919,.T.);
#4919=EDGE_LOOP('',(#4920,#4921,#4927,#4928));
#4920=ORIENTED_EDGE('',*,*,#4871,.F.);
#4921=ORIENTED_EDGE('',*,*,#4922,.T.);
#4922=EDGE_CURVE('',#4864,#4515,#4923,.F.);
#4923=LINE('',#4924,#4925);
#4924=CARTESIAN_POINT('',(-5.698434168,0.564311642,-2.525447869));
#4925=VECTOR('',#4926,1.0);
#4926=DIRECTION('',(0.0,0.0,-1.0));
#4927=ORIENTED_EDGE('',*,*,#4514,.F.);
#4928=ORIENTED_EDGE('',*,*,#3230,.F.);
#4929=PLANE('',#4930);
#4930=AXIS2_PLACEMENT_3D('',#4931,#4932,#4933);
#4931=CARTESIAN_POINT('',(-5.8039,1.27,-2.064532049));
#4932=DIRECTION('',(-0.989015863,-0.147809411,0.0));
#4933=DIRECTION('',(0.0,0.0,-1.0));
#4934=ADVANCED_FACE('',(#4935,#4969,#4980,#5014),#5048,.F.);
#4935=FACE_BOUND('',#4936,.T.);
#4936=EDGE_LOOP('',(#4937,#4947,#4955,#4963));
#4937=ORIENTED_EDGE('',*,*,#4938,.T.);
#4938=EDGE_CURVE('',#4939,#4941,#4943,.T.);
#4939=VERTEX_POINT('',#4940);
#4940=CARTESIAN_POINT('',(6.985,0.564311642,-0.635));
#4941=VERTEX_POINT('',#4942);
#4942=CARTESIAN_POINT('',(6.985,0.564311642,-4.290597914));
#4943=LINE('',#4944,#4945);
#4944=CARTESIAN_POINT('',(6.985,0.564311642,-0.635));
#4945=VECTOR('',#4946,1.0);
#4946=DIRECTION('',(0.0,0.0,-1.0));
#4947=ORIENTED_EDGE('',*,*,#4948,.T.);
#4948=EDGE_CURVE('',#4941,#4949,#4951,.T.);
#4949=VERTEX_POINT('',#4950);
#4950=CARTESIAN_POINT('',(-6.985,0.564311642,-4.290597914));
#4951=LINE('',#4952,#4953);
#4952=CARTESIAN_POINT('',(6.985,0.564311642,-4.290597914));
#4953=VECTOR('',#4954,1.0);
#4954=DIRECTION('',(-1.0,0.0,0.0));
#4955=ORIENTED_EDGE('',*,*,#4956,.T.);
#4956=EDGE_CURVE('',#4949,#4957,#4959,.F.);
#4957=VERTEX_POINT('',#4958);
#4958=CARTESIAN_POINT('',(-6.985,0.564311642,-0.635));
#4959=LINE('',#4960,#4961);
#4960=CARTESIAN_POINT('',(-6.985,0.564311642,-0.635));
#4961=VECTOR('',#4962,1.0);
#4962=DIRECTION('',(0.0,0.0,-1.0));
#4963=ORIENTED_EDGE('',*,*,#4964,.T.);
#4964=EDGE_CURVE('',#4957,#4939,#4965,.T.);
#4965=LINE('',#4966,#4967);
#4966=CARTESIAN_POINT('',(-6.985,0.564311642,-0.635));
#4967=VECTOR('',#4968,1.0);
#4968=DIRECTION('',(1.0,0.0,0.0));
#4969=FACE_BOUND('',#4970,.T.);
#4970=EDGE_LOOP('',(#4971,#4972,#4978,#4979));
#4971=ORIENTED_EDGE('',*,*,#4863,.F.);
#4972=ORIENTED_EDGE('',*,*,#4973,.T.);
#4973=EDGE_CURVE('',#4856,#4523,#4974,.T.);
#4974=LINE('',#4975,#4976);
#4975=CARTESIAN_POINT('',(-3.496365832,0.564311642,-3.189552131));
#4976=VECTOR('',#4977,1.0);
#4977=DIRECTION('',(0.0,0.0,1.0));
#4978=ORIENTED_EDGE('',*,*,#4522,.F.);
#4979=ORIENTED_EDGE('',*,*,#4922,.F.);
#4980=FACE_BOUND('',#4981,.T.);
#4981=EDGE_LOOP('',(#4982,#4992,#5000,#5008));
#4982=ORIENTED_EDGE('',*,*,#4983,.T.);
#4983=EDGE_CURVE('',#4984,#4986,#4988,.T.);
#4984=VERTEX_POINT('',#4985);
#4985=CARTESIAN_POINT('',(-1.101034168,0.564311642,-3.189552131));
#4986=VERTEX_POINT('',#4987);
#4987=CARTESIAN_POINT('',(1.101034168,0.564311642,-3.189552131));
#4988=LINE('',#4989,#4990);
#4989=CARTESIAN_POINT('',(-1.101034168,0.564311642,-3.189552131));
#4990=VECTOR('',#4991,1.0);
#4991=DIRECTION('',(1.0,0.0,0.0));
#4992=ORIENTED_EDGE('',*,*,#4993,.T.);
#4993=EDGE_CURVE('',#4986,#4994,#4996,.T.);
#4994=VERTEX_POINT('',#4995);
#4995=CARTESIAN_POINT('',(1.101034168,0.564311642,-2.525447869));
#4996=LINE('',#4997,#4998);
#4997=CARTESIAN_POINT('',(1.101034168,0.564311642,-3.189552131));
#4998=VECTOR('',#4999,1.0);
#4999=DIRECTION('',(0.0,0.0,1.0));
#5000=ORIENTED_EDGE('',*,*,#5001,.T.);
#5001=EDGE_CURVE('',#4994,#5002,#5004,.T.);
#5002=VERTEX_POINT('',#5003);
#5003=CARTESIAN_POINT('',(-1.101034168,0.564311642,-2.525447869));
#5004=LINE('',#5005,#5006);
#5005=CARTESIAN_POINT('',(1.101034168,0.564311642,-2.525447869));
#5006=VECTOR('',#5007,1.0);
#5007=DIRECTION('',(-1.0,0.0,0.0));
#5008=ORIENTED_EDGE('',*,*,#5009,.T.);
#5009=EDGE_CURVE('',#5002,#4984,#5010,.T.);
#5010=LINE('',#5011,#5012);
#5011=CARTESIAN_POINT('',(-1.101034168,0.564311642,-2.525447869));
#5012=VECTOR('',#5013,1.0);
#5013=DIRECTION('',(0.0,0.0,-1.0));
#5014=FACE_BOUND('',#5015,.T.);
#5015=EDGE_LOOP('',(#5016,#5026,#5034,#5042));
#5016=ORIENTED_EDGE('',*,*,#5017,.T.);
#5017=EDGE_CURVE('',#5018,#5020,#5022,.T.);
#5018=VERTEX_POINT('',#5019);
#5019=CARTESIAN_POINT('',(5.698434168,0.564311642,-2.525447869));
#5020=VERTEX_POINT('',#5021);
#5021=CARTESIAN_POINT('',(3.496365832,0.564311642,-2.525447869));
#5022=LINE('',#5023,#5024);
#5023=CARTESIAN_POINT('',(5.698434168,0.564311642,-2.525447869));
#5024=VECTOR('',#5025,1.0);
#5025=DIRECTION('',(-1.0,0.0,0.0));
#5026=ORIENTED_EDGE('',*,*,#5027,.T.);
#5027=EDGE_CURVE('',#5020,#5028,#5030,.T.);
#5028=VERTEX_POINT('',#5029);
#5029=CARTESIAN_POINT('',(3.496365832,0.564311642,-3.189552131));
#5030=LINE('',#5031,#5032);
#5031=CARTESIAN_POINT('',(3.496365832,0.564311642,-2.525447869));
#5032=VECTOR('',#5033,1.0);
#5033=DIRECTION('',(0.0,0.0,-1.0));
#5034=ORIENTED_EDGE('',*,*,#5035,.T.);
#5035=EDGE_CURVE('',#5028,#5036,#5038,.T.);
#5036=VERTEX_POINT('',#5037);
#5037=CARTESIAN_POINT('',(5.698434168,0.564311642,-3.189552131));
#5038=LINE('',#5039,#5040);
#5039=CARTESIAN_POINT('',(3.496365832,0.564311642,-3.189552131));
#5040=VECTOR('',#5041,1.0);
#5041=DIRECTION('',(1.0,0.0,0.0));
#5042=ORIENTED_EDGE('',*,*,#5043,.T.);
#5043=EDGE_CURVE('',#5036,#5018,#5044,.T.);
#5044=LINE('',#5045,#5046);
#5045=CARTESIAN_POINT('',(5.698434168,0.564311642,-3.189552131));
#5046=VECTOR('',#5047,1.0);
#5047=DIRECTION('',(0.0,0.0,1.0));
#5048=PLANE('',#5049);
#5049=AXIS2_PLACEMENT_3D('',#5050,#5051,#5052);
#5050=CARTESIAN_POINT('',(6.985,0.564311642,4.290597914));
#5051=DIRECTION('',(0.0,-1.0,0.0));
#5052=DIRECTION('',(0.0,0.0,-1.0));
#5053=ADVANCED_FACE('',(#5054),#5088,.F.);
#5054=FACE_BOUND('',#5055,.T.);
#5055=EDGE_LOOP('',(#5056,#5057,#5065,#5071,#5072,#5073,#5074,#5082));
#5056=ORIENTED_EDGE('',*,*,#4964,.F.);
#5057=ORIENTED_EDGE('',*,*,#5058,.T.);
#5058=EDGE_CURVE('',#4957,#5059,#5061,.T.);
#5059=VERTEX_POINT('',#5060);
#5060=CARTESIAN_POINT('',(-6.985,1.27,-0.635));
#5061=LINE('',#5062,#5063);
#5062=CARTESIAN_POINT('',(-6.985,0.564311642,-0.635));
#5063=VECTOR('',#5064,1.0);
#5064=DIRECTION('',(0.0,1.0,0.0));
#5065=ORIENTED_EDGE('',*,*,#5066,.T.);
#5066=EDGE_CURVE('',#5059,#1998,#5067,.F.);
#5067=LINE('',#5068,#5069);
#5068=CARTESIAN_POINT('',(-8.4455,1.27,-0.635));
#5069=VECTOR('',#5070,1.0);
#5070=DIRECTION('',(1.0,0.0,0.0));
#5071=ORIENTED_EDGE('',*,*,#1997,.F.);
#5072=ORIENTED_EDGE('',*,*,#1974,.F.);
#5073=ORIENTED_EDGE('',*,*,#1949,.F.);
#5074=ORIENTED_EDGE('',*,*,#5075,.T.);
#5075=EDGE_CURVE('',#1942,#5076,#5078,.F.);
#5076=VERTEX_POINT('',#5077);
#5077=CARTESIAN_POINT('',(6.985,1.27,-0.635));
#5078=LINE('',#5079,#5080);
#5079=CARTESIAN_POINT('',(6.985,1.27,-0.635));
#5080=VECTOR('',#5081,1.0);
#5081=DIRECTION('',(1.0,0.0,0.0));
#5082=ORIENTED_EDGE('',*,*,#5083,.T.);
#5083=EDGE_CURVE('',#5076,#4939,#5084,.F.);
#5084=LINE('',#5085,#5086);
#5085=CARTESIAN_POINT('',(6.985,0.564311642,-0.635));
#5086=VECTOR('',#5087,1.0);
#5087=DIRECTION('',(0.0,1.0,0.0));
#5088=PLANE('',#5089);
#5089=AXIS2_PLACEMENT_3D('',#5090,#5091,#5092);
#5090=CARTESIAN_POINT('',(8.4455,1.27,-0.635));
#5091=DIRECTION('',(0.0,0.0,-1.0));
#5092=DIRECTION('',(-1.0,0.0,0.0));
#5093=ADVANCED_FACE('',(#5094),#5128,.F.);
#5094=FACE_BOUND('',#5095,.T.);
#5095=EDGE_LOOP('',(#5096,#5106,#5114,#5120,#5121,#5122));
#5096=ORIENTED_EDGE('',*,*,#5097,.T.);
#5097=EDGE_CURVE('',#5098,#5100,#5102,.T.);
#5098=VERTEX_POINT('',#5099);
#5099=CARTESIAN_POINT('',(6.985,1.27,-3.1242));
#5100=VERTEX_POINT('',#5101);
#5101=CARTESIAN_POINT('',(6.985,4.6482,-3.1242));
#5102=LINE('',#5103,#5104);
#5103=CARTESIAN_POINT('',(6.985,1.27,-3.1242));
#5104=VECTOR('',#5105,1.0);
#5105=DIRECTION('',(0.0,1.0,0.0));
#5106=ORIENTED_EDGE('',*,*,#5107,.T.);
#5107=EDGE_CURVE('',#5100,#5108,#5110,.T.);
#5108=VERTEX_POINT('',#5109);
#5109=CARTESIAN_POINT('',(6.985,4.6482,-4.290597914));
#5110=LINE('',#5111,#5112);
#5111=CARTESIAN_POINT('',(6.985,4.6482,-3.1242));
#5112=VECTOR('',#5113,1.0);
#5113=DIRECTION('',(0.0,0.0,-1.0));
#5114=ORIENTED_EDGE('',*,*,#5115,.T.);
#5115=EDGE_CURVE('',#5108,#4941,#5116,.F.);
#5116=LINE('',#5117,#5118);
#5117=CARTESIAN_POINT('',(6.985,0.564311642,-4.290597914));
#5118=VECTOR('',#5119,1.0);
#5119=DIRECTION('',(0.0,1.0,0.0));
#5120=ORIENTED_EDGE('',*,*,#4938,.F.);
#5121=ORIENTED_EDGE('',*,*,#5083,.F.);
#5122=ORIENTED_EDGE('',*,*,#5123,.T.);
#5123=EDGE_CURVE('',#5076,#5098,#5124,.T.);
#5124=LINE('',#5125,#5126);
#5125=CARTESIAN_POINT('',(6.985,1.27,-0.635));
#5126=VECTOR('',#5127,1.0);
#5127=DIRECTION('',(0.0,0.0,-1.0));
#5128=PLANE('',#5129);
#5129=AXIS2_PLACEMENT_3D('',#5130,#5131,#5132);
#5130=CARTESIAN_POINT('',(6.985,0.0,0.0));
#5131=DIRECTION('',(1.0,0.0,0.0));
#5132=DIRECTION('',(0.0,0.0,-1.0));
#5133=ADVANCED_FACE('',(#5134),#5145,.T.);
#5134=FACE_BOUND('',#5135,.T.);
#5135=EDGE_LOOP('',(#5136,#5137,#5138,#5144));
#5136=ORIENTED_EDGE('',*,*,#5075,.F.);
#5137=ORIENTED_EDGE('',*,*,#1941,.F.);
#5138=ORIENTED_EDGE('',*,*,#5139,.T.);
#5139=EDGE_CURVE('',#1934,#5098,#5140,.T.);
#5140=LINE('',#5141,#5142);
#5141=CARTESIAN_POINT('',(8.4455,1.27,-3.1242));
#5142=VECTOR('',#5143,1.0);
#5143=DIRECTION('',(-1.0,0.0,0.0));
#5144=ORIENTED_EDGE('',*,*,#5123,.F.);
#5145=PLANE('',#5146);
#5146=AXIS2_PLACEMENT_3D('',#5147,#5148,#5149);
#5147=CARTESIAN_POINT('',(0.0,1.27,-5.3721));
#5148=DIRECTION('',(0.0,1.0,0.0));
#5149=DIRECTION('',(1.0,0.0,0.0));
#5150=ADVANCED_FACE('',(#5151),#5162,.F.);
#5151=FACE_BOUND('',#5152,.T.);
#5152=EDGE_LOOP('',(#5153,#5154,#5155,#5161));
#5153=ORIENTED_EDGE('',*,*,#5139,.F.);
#5154=ORIENTED_EDGE('',*,*,#1933,.F.);
#5155=ORIENTED_EDGE('',*,*,#5156,.T.);
#5156=EDGE_CURVE('',#1926,#5100,#5157,.T.);
#5157=LINE('',#5158,#5159);
#5158=CARTESIAN_POINT('',(8.4455,4.6482,-3.1242));
#5159=VECTOR('',#5160,1.0);
#5160=DIRECTION('',(-1.0,0.0,0.0));
#5161=ORIENTED_EDGE('',*,*,#5097,.F.);
#5162=PLANE('',#5163);
#5163=AXIS2_PLACEMENT_3D('',#5164,#5165,#5166);
#5164=CARTESIAN_POINT('',(8.4455,7.3152,-3.1242));
#5165=DIRECTION('',(0.0,0.0,-1.0));
#5166=DIRECTION('',(-1.0,0.0,0.0));
#5167=ADVANCED_FACE('',(#5168),#5202,.T.);
#5168=FACE_BOUND('',#5169,.T.);
#5169=EDGE_LOOP('',(#5170,#5171,#5172,#5178,#5179,#5187,#5195,#5201));
#5170=ORIENTED_EDGE('',*,*,#5156,.F.);
#5171=ORIENTED_EDGE('',*,*,#1925,.F.);
#5172=ORIENTED_EDGE('',*,*,#5173,.T.);
#5173=EDGE_CURVE('',#1918,#2022,#5174,.T.);
#5174=LINE('',#5175,#5176);
#5175=CARTESIAN_POINT('',(8.4455,4.6482,-4.8133));
#5176=VECTOR('',#5177,1.0);
#5177=DIRECTION('',(-1.0,0.0,0.0));
#5178=ORIENTED_EDGE('',*,*,#2021,.F.);
#5179=ORIENTED_EDGE('',*,*,#5180,.T.);
#5180=EDGE_CURVE('',#2014,#5181,#5183,.F.);
#5181=VERTEX_POINT('',#5182);
#5182=CARTESIAN_POINT('',(-6.985,4.6482,-3.1242));
#5183=LINE('',#5184,#5185);
#5184=CARTESIAN_POINT('',(-6.985,4.6482,-3.1242));
#5185=VECTOR('',#5186,1.0);
#5186=DIRECTION('',(-1.0,0.0,0.0));
#5187=ORIENTED_EDGE('',*,*,#5188,.T.);
#5188=EDGE_CURVE('',#5181,#5189,#5191,.T.);
#5189=VERTEX_POINT('',#5190);
#5190=CARTESIAN_POINT('',(-6.985,4.6482,-4.290597914));
#5191=LINE('',#5192,#5193);
#5192=CARTESIAN_POINT('',(-6.985,4.6482,-3.1242));
#5193=VECTOR('',#5194,1.0);
#5194=DIRECTION('',(0.0,0.0,-1.0));
#5195=ORIENTED_EDGE('',*,*,#5196,.T.);
#5196=EDGE_CURVE('',#5189,#5108,#5197,.T.);
#5197=LINE('',#5198,#5199);
#5198=CARTESIAN_POINT('',(-6.985,4.6482,-4.290597914));
#5199=VECTOR('',#5200,1.0);
#5200=DIRECTION('',(1.0,0.0,0.0));
#5201=ORIENTED_EDGE('',*,*,#5107,.F.);
#5202=PLANE('',#5203);
#5203=AXIS2_PLACEMENT_3D('',#5204,#5205,#5206);
#5204=CARTESIAN_POINT('',(0.0,4.6482,-5.3721));
#5205=DIRECTION('',(0.0,1.0,0.0));
#5206=DIRECTION('',(1.0,0.0,0.0));
#5207=ADVANCED_FACE('',(#5208),#5219,.F.);
#5208=FACE_BOUND('',#5209,.T.);
#5209=EDGE_LOOP('',(#5210,#5211,#5217,#5218));
#5210=ORIENTED_EDGE('',*,*,#5196,.F.);
#5211=ORIENTED_EDGE('',*,*,#5212,.T.);
#5212=EDGE_CURVE('',#5189,#4949,#5213,.F.);
#5213=LINE('',#5214,#5215);
#5214=CARTESIAN_POINT('',(-6.985,0.564311642,-4.290597914));
#5215=VECTOR('',#5216,1.0);
#5216=DIRECTION('',(0.0,1.0,0.0));
#5217=ORIENTED_EDGE('',*,*,#4948,.F.);
#5218=ORIENTED_EDGE('',*,*,#5115,.F.);
#5219=PLANE('',#5220);
#5220=AXIS2_PLACEMENT_3D('',#5221,#5222,#5223);
#5221=CARTESIAN_POINT('',(6.985,0.564311642,-4.290597914));
#5222=DIRECTION('',(0.0,0.0,-1.0));
#5223=DIRECTION('',(0.0,1.0,0.0));
#5224=ADVANCED_FACE('',(#5225),#5245,.T.);
#5225=FACE_BOUND('',#5226,.T.);
#5226=EDGE_LOOP('',(#5227,#5228,#5229,#5230,#5231,#5239));
#5227=ORIENTED_EDGE('',*,*,#5058,.F.);
#5228=ORIENTED_EDGE('',*,*,#4956,.F.);
#5229=ORIENTED_EDGE('',*,*,#5212,.F.);
#5230=ORIENTED_EDGE('',*,*,#5188,.F.);
#5231=ORIENTED_EDGE('',*,*,#5232,.T.);
#5232=EDGE_CURVE('',#5181,#5233,#5235,.F.);
#5233=VERTEX_POINT('',#5234);
#5234=CARTESIAN_POINT('',(-6.985,1.27,-3.1242));
#5235=LINE('',#5236,#5237);
#5236=CARTESIAN_POINT('',(-6.985,1.27,-3.1242));
#5237=VECTOR('',#5238,1.0);
#5238=DIRECTION('',(0.0,1.0,0.0));
#5239=ORIENTED_EDGE('',*,*,#5240,.T.);
#5240=EDGE_CURVE('',#5233,#5059,#5241,.F.);
#5241=LINE('',#5242,#5243);
#5242=CARTESIAN_POINT('',(-6.985,1.27,-0.635));
#5243=VECTOR('',#5244,1.0);
#5244=DIRECTION('',(0.0,0.0,-1.0));
#5245=PLANE('',#5246);
#5246=AXIS2_PLACEMENT_3D('',#5247,#5248,#5249);
#5247=CARTESIAN_POINT('',(-6.985,0.0,0.0));
#5248=DIRECTION('',(1.0,0.0,0.0));
#5249=DIRECTION('',(0.0,0.0,-1.0));
#5250=ADVANCED_FACE('',(#5251),#5262,.T.);
#5251=FACE_BOUND('',#5252,.T.);
#5252=EDGE_LOOP('',(#5253,#5259,#5260,#5261));
#5253=ORIENTED_EDGE('',*,*,#5254,.T.);
#5254=EDGE_CURVE('',#5233,#2006,#5255,.T.);
#5255=LINE('',#5256,#5257);
#5256=CARTESIAN_POINT('',(-6.985,1.27,-3.1242));
#5257=VECTOR('',#5258,1.0);
#5258=DIRECTION('',(-1.0,0.0,0.0));
#5259=ORIENTED_EDGE('',*,*,#2005,.F.);
#5260=ORIENTED_EDGE('',*,*,#5066,.F.);
#5261=ORIENTED_EDGE('',*,*,#5240,.F.);
#5262=PLANE('',#5263);
#5263=AXIS2_PLACEMENT_3D('',#5264,#5265,#5266);
#5264=CARTESIAN_POINT('',(0.0,1.27,-5.3721));
#5265=DIRECTION('',(0.0,1.0,0.0));
#5266=DIRECTION('',(1.0,0.0,0.0));
#5267=ADVANCED_FACE('',(#5268),#5274,.F.);
#5268=FACE_BOUND('',#5269,.T.);
#5269=EDGE_LOOP('',(#5270,#5271,#5272,#5273));
#5270=ORIENTED_EDGE('',*,*,#5180,.F.);
#5271=ORIENTED_EDGE('',*,*,#2013,.F.);
#5272=ORIENTED_EDGE('',*,*,#5254,.F.);
#5273=ORIENTED_EDGE('',*,*,#5232,.F.);
#5274=PLANE('',#5275);
#5275=AXIS2_PLACEMENT_3D('',#5276,#5277,#5278);
#5276=CARTESIAN_POINT('',(8.4455,7.3152,-3.1242));
#5277=DIRECTION('',(0.0,0.0,-1.0));
#5278=DIRECTION('',(-1.0,0.0,0.0));
#5279=ADVANCED_FACE('',(#5280,#5309,#5359,#5409),#5459,.F.);
#5280=FACE_BOUND('',#5281,.T.);
#5281=EDGE_LOOP('',(#5282,#5292,#5298,#5299,#5300,#5301,#5302,#5303));
#5282=ORIENTED_EDGE('',*,*,#5283,.T.);
#5283=EDGE_CURVE('',#5284,#5286,#5288,.F.);
#5284=VERTEX_POINT('',#5285);
#5285=CARTESIAN_POINT('',(8.9154,5.7912,-4.8133));
#5286=VERTEX_POINT('',#5287);
#5287=CARTESIAN_POINT('',(8.9154,7.0612,-4.8133));
#5288=LINE('',#5289,#5290);
#5289=CARTESIAN_POINT('',(8.9154,7.0612,-4.8133));
#5290=VECTOR('',#5291,1.0);
#5291=DIRECTION('',(0.0,-1.0,0.0));
#5292=ORIENTED_EDGE('',*,*,#5293,.T.);
#5293=EDGE_CURVE('',#5286,#2420,#5294,.T.);
#5294=LINE('',#5295,#5296);
#5295=CARTESIAN_POINT('',(8.9154,7.0612,-4.8133));
#5296=VECTOR('',#5297,1.0);
#5297=DIRECTION('',(-1.0,0.0,0.0));
#5298=ORIENTED_EDGE('',*,*,#2419,.F.);
#5299=ORIENTED_EDGE('',*,*,#2397,.F.);
#5300=ORIENTED_EDGE('',*,*,#2029,.F.);
#5301=ORIENTED_EDGE('',*,*,#5173,.F.);
#5302=ORIENTED_EDGE('',*,*,#1917,.F.);
#5303=ORIENTED_EDGE('',*,*,#5304,.T.);
#5304=EDGE_CURVE('',#1910,#5284,#5305,.F.);
#5305=LINE('',#5306,#5307);
#5306=CARTESIAN_POINT('',(8.9154,5.7912,-4.8133));
#5307=VECTOR('',#5308,1.0);
#5308=DIRECTION('',(-1.0,0.0,0.0));
#5309=FACE_BOUND('',#5310,.T.);
#5310=EDGE_LOOP('',(#5311,#5321,#5329,#5337,#5345,#5353));
#5311=ORIENTED_EDGE('',*,*,#5312,.T.);
#5312=EDGE_CURVE('',#5313,#5315,#5317,.T.);
#5313=VERTEX_POINT('',#5314);
#5314=CARTESIAN_POINT('',(-5.3594,6.6802,-4.8133));
#5315=VERTEX_POINT('',#5316);
#5316=CARTESIAN_POINT('',(-3.8354,6.6802,-4.8133));
#5317=LINE('',#5318,#5319);
#5318=CARTESIAN_POINT('',(-5.3594,6.6802,-4.8133));
#5319=VECTOR('',#5320,1.0);
#5320=DIRECTION('',(1.0,0.0,0.0));
#5321=ORIENTED_EDGE('',*,*,#5322,.T.);
#5322=EDGE_CURVE('',#5315,#5323,#5325,.F.);
#5323=VERTEX_POINT('',#5324);
#5324=CARTESIAN_POINT('',(-3.6449,6.6802,-4.8133));
#5325=LINE('',#5326,#5327);
#5326=CARTESIAN_POINT('',(-3.6449,6.6802,-4.8133));
#5327=VECTOR('',#5328,1.0);
#5328=DIRECTION('',(-1.0,0.0,0.0));
#5329=ORIENTED_EDGE('',*,*,#5330,.T.);
#5330=EDGE_CURVE('',#5323,#5331,#5333,.F.);
#5331=VERTEX_POINT('',#5332);
#5332=CARTESIAN_POINT('',(-3.6449,6.0452,-4.8133));
#5333=LINE('',#5334,#5335);
#5334=CARTESIAN_POINT('',(-3.6449,6.0452,-4.8133));
#5335=VECTOR('',#5336,1.0);
#5336=DIRECTION('',(0.0,1.0,0.0));
#5337=ORIENTED_EDGE('',*,*,#5338,.T.);
#5338=EDGE_CURVE('',#5331,#5339,#5341,.F.);
#5339=VERTEX_POINT('',#5340);
#5340=CARTESIAN_POINT('',(-5.5499,6.0452,-4.8133));
#5341=LINE('',#5342,#5343);
#5342=CARTESIAN_POINT('',(-5.5499,6.0452,-4.8133));
#5343=VECTOR('',#5344,1.0);
#5344=DIRECTION('',(1.0,0.0,0.0));
#5345=ORIENTED_EDGE('',*,*,#5346,.T.);
#5346=EDGE_CURVE('',#5339,#5347,#5349,.F.);
#5347=VERTEX_POINT('',#5348);
#5348=CARTESIAN_POINT('',(-5.5499,6.6802,-4.8133));
#5349=LINE('',#5350,#5351);
#5350=CARTESIAN_POINT('',(-5.5499,6.6802,-4.8133));
#5351=VECTOR('',#5352,1.0);
#5352=DIRECTION('',(0.0,-1.0,0.0));
#5353=ORIENTED_EDGE('',*,*,#5354,.T.);
#5354=EDGE_CURVE('',#5347,#5313,#5355,.F.);
#5355=LINE('',#5356,#5357);
#5356=CARTESIAN_POINT('',(-5.3594,6.6802,-4.8133));
#5357=VECTOR('',#5358,1.0);
#5358=DIRECTION('',(-1.0,0.0,0.0));
#5359=FACE_BOUND('',#5360,.T.);
#5360=EDGE_LOOP('',(#5361,#5371,#5379,#5387,#5395,#5403));
#5361=ORIENTED_EDGE('',*,*,#5362,.T.);
#5362=EDGE_CURVE('',#5363,#5365,#5367,.T.);
#5363=VERTEX_POINT('',#5364);
#5364=CARTESIAN_POINT('',(-0.762,6.6802,-4.8133));
#5365=VERTEX_POINT('',#5366);
#5366=CARTESIAN_POINT('',(0.762,6.6802,-4.8133));
#5367=LINE('',#5368,#5369);
#5368=CARTESIAN_POINT('',(-0.762,6.6802,-4.8133));
#5369=VECTOR('',#5370,1.0);
#5370=DIRECTION('',(1.0,0.0,0.0));
#5371=ORIENTED_EDGE('',*,*,#5372,.T.);
#5372=EDGE_CURVE('',#5365,#5373,#5375,.F.);
#5373=VERTEX_POINT('',#5374);
#5374=CARTESIAN_POINT('',(0.9525,6.6802,-4.8133));
#5375=LINE('',#5376,#5377);
#5376=CARTESIAN_POINT('',(0.9525,6.6802,-4.8133));
#5377=VECTOR('',#5378,1.0);
#5378=DIRECTION('',(-1.0,0.0,0.0));
#5379=ORIENTED_EDGE('',*,*,#5380,.T.);
#5380=EDGE_CURVE('',#5373,#5381,#5383,.F.);
#5381=VERTEX_POINT('',#5382);
#5382=CARTESIAN_POINT('',(0.9525,6.0452,-4.8133));
#5383=LINE('',#5384,#5385);
#5384=CARTESIAN_POINT('',(0.9525,6.0452,-4.8133));
#5385=VECTOR('',#5386,1.0);
#5386=DIRECTION('',(0.0,1.0,0.0));
#5387=ORIENTED_EDGE('',*,*,#5388,.T.);
#5388=EDGE_CURVE('',#5381,#5389,#5391,.F.);
#5389=VERTEX_POINT('',#5390);
#5390=CARTESIAN_POINT('',(-0.9525,6.0452,-4.8133));
#5391=LINE('',#5392,#5393);
#5392=CARTESIAN_POINT('',(-0.9525,6.0452,-4.8133));
#5393=VECTOR('',#5394,1.0);
#5394=DIRECTION('',(1.0,0.0,0.0));
#5395=ORIENTED_EDGE('',*,*,#5396,.T.);
#5396=EDGE_CURVE('',#5389,#5397,#5399,.F.);
#5397=VERTEX_POINT('',#5398);
#5398=CARTESIAN_POINT('',(-0.9525,6.6802,-4.8133));
#5399=LINE('',#5400,#5401);
#5400=CARTESIAN_POINT('',(-0.9525,6.6802,-4.8133));
#5401=VECTOR('',#5402,1.0);
#5402=DIRECTION('',(0.0,-1.0,0.0));
#5403=ORIENTED_EDGE('',*,*,#5404,.T.);
#5404=EDGE_CURVE('',#5397,#5363,#5405,.F.);
#5405=LINE('',#5406,#5407);
#5406=CARTESIAN_POINT('',(-0.762,6.6802,-4.8133));
#5407=VECTOR('',#5408,1.0);
#5408=DIRECTION('',(-1.0,0.0,0.0));
#5409=FACE_BOUND('',#5410,.T.);
#5410=EDGE_LOOP('',(#5411,#5421,#5429,#5437,#5445,#5453));
#5411=ORIENTED_EDGE('',*,*,#5412,.T.);
#5412=EDGE_CURVE('',#5413,#5415,#5417,.T.);
#5413=VERTEX_POINT('',#5414);
#5414=CARTESIAN_POINT('',(3.8354,6.6802,-4.8133));
#5415=VERTEX_POINT('',#5416);
#5416=CARTESIAN_POINT('',(5.3594,6.6802,-4.8133));
#5417=LINE('',#5418,#5419);
#5418=CARTESIAN_POINT('',(3.8354,6.6802,-4.8133));
#5419=VECTOR('',#5420,1.0);
#5420=DIRECTION('',(1.0,0.0,0.0));
#5421=ORIENTED_EDGE('',*,*,#5422,.T.);
#5422=EDGE_CURVE('',#5415,#5423,#5425,.F.);
#5423=VERTEX_POINT('',#5424);
#5424=CARTESIAN_POINT('',(5.5499,6.6802,-4.8133));
#5425=LINE('',#5426,#5427);
#5426=CARTESIAN_POINT('',(5.5499,6.6802,-4.8133));
#5427=VECTOR('',#5428,1.0);
#5428=DIRECTION('',(-1.0,0.0,0.0));
#5429=ORIENTED_EDGE('',*,*,#5430,.T.);
#5430=EDGE_CURVE('',#5423,#5431,#5433,.F.);
#5431=VERTEX_POINT('',#5432);
#5432=CARTESIAN_POINT('',(5.5499,6.0452,-4.8133));
#5433=LINE('',#5434,#5435);
#5434=CARTESIAN_POINT('',(5.5499,6.0452,-4.8133));
#5435=VECTOR('',#5436,1.0);
#5436=DIRECTION('',(0.0,1.0,0.0));
#5437=ORIENTED_EDGE('',*,*,#5438,.T.);
#5438=EDGE_CURVE('',#5431,#5439,#5441,.F.);
#5439=VERTEX_POINT('',#5440);
#5440=CARTESIAN_POINT('',(3.6449,6.0452,-4.8133));
#5441=LINE('',#5442,#5443);
#5442=CARTESIAN_POINT('',(3.6449,6.0452,-4.8133));
#5443=VECTOR('',#5444,1.0);
#5444=DIRECTION('',(1.0,0.0,0.0));
#5445=ORIENTED_EDGE('',*,*,#5446,.T.);
#5446=EDGE_CURVE('',#5439,#5447,#5449,.F.);
#5447=VERTEX_POINT('',#5448);
#5448=CARTESIAN_POINT('',(3.6449,6.6802,-4.8133));
#5449=LINE('',#5450,#5451);
#5450=CARTESIAN_POINT('',(3.6449,6.6802,-4.8133));
#5451=VECTOR('',#5452,1.0);
#5452=DIRECTION('',(0.0,-1.0,0.0));
#5453=ORIENTED_EDGE('',*,*,#5454,.T.);
#5454=EDGE_CURVE('',#5447,#5413,#5455,.F.);
#5455=LINE('',#5456,#5457);
#5456=CARTESIAN_POINT('',(3.8354,6.6802,-4.8133));
#5457=VECTOR('',#5458,1.0);
#5458=DIRECTION('',(-1.0,0.0,0.0));
#5459=PLANE('',#5460);
#5460=AXIS2_PLACEMENT_3D('',#5461,#5462,#5463);
#5461=CARTESIAN_POINT('',(8.9154,7.3152,-4.8133));
#5462=DIRECTION('',(0.0,0.0,-1.0));
#5463=DIRECTION('',(-1.0,0.0,0.0));
#5464=ADVANCED_FACE('',(#5465),#5476,.T.);
#5465=FACE_BOUND('',#5466,.T.);
#5466=EDGE_LOOP('',(#5467,#5473,#5474,#5475));
#5467=ORIENTED_EDGE('',*,*,#5468,.T.);
#5468=EDGE_CURVE('',#2215,#5284,#5469,.F.);
#5469=LINE('',#5470,#5471);
#5470=CARTESIAN_POINT('',(8.9154,5.7912,-4.8133));
#5471=VECTOR('',#5472,1.0);
#5472=DIRECTION('',(0.0,0.0,1.0));
#5473=ORIENTED_EDGE('',*,*,#5304,.F.);
#5474=ORIENTED_EDGE('',*,*,#1909,.F.);
#5475=ORIENTED_EDGE('',*,*,#2222,.F.);
#5476=PLANE('',#5477);
#5477=AXIS2_PLACEMENT_3D('',#5478,#5479,#5480);
#5478=CARTESIAN_POINT('',(0.0,5.7912,-5.3721));
#5479=DIRECTION('',(0.0,1.0,0.0));
#5480=DIRECTION('',(-1.0,0.0,0.0));
#5481=ADVANCED_FACE('',(#5482),#5495,.F.);
#5482=FACE_BOUND('',#5483,.T.);
#5483=EDGE_LOOP('',(#5484,#5485,#5486,#5487,#5493,#5494));
#5484=ORIENTED_EDGE('',*,*,#2214,.F.);
#5485=ORIENTED_EDGE('',*,*,#2459,.F.);
#5486=ORIENTED_EDGE('',*,*,#2561,.F.);
#5487=ORIENTED_EDGE('',*,*,#5488,.T.);
#5488=EDGE_CURVE('',#2554,#5286,#5489,.T.);
#5489=LINE('',#5490,#5491);
#5490=CARTESIAN_POINT('',(8.9154,7.3152,-4.959946968));
#5491=VECTOR('',#5492,1.0);
#5492=DIRECTION('',(0.0,-0.866025404,0.5));
#5493=ORIENTED_EDGE('',*,*,#5283,.F.);
#5494=ORIENTED_EDGE('',*,*,#5468,.F.);
#5495=PLANE('',#5496);
#5496=AXIS2_PLACEMENT_3D('',#5497,#5498,#5499);
#5497=CARTESIAN_POINT('',(8.9154,7.3152,4.8133));
#5498=DIRECTION('',(1.0,0.0,0.0));
#5499=DIRECTION('',(0.0,0.0,-1.0));
#5500=ADVANCED_FACE('',(#5501),#5507,.T.);
#5501=FACE_BOUND('',#5502,.T.);
#5502=EDGE_LOOP('',(#5503,#5504,#5505,#5506));
#5503=ORIENTED_EDGE('',*,*,#2427,.F.);
#5504=ORIENTED_EDGE('',*,*,#5293,.F.);
#5505=ORIENTED_EDGE('',*,*,#5488,.F.);
#5506=ORIENTED_EDGE('',*,*,#2553,.F.);
#5507=PLANE('',#5508);
#5508=AXIS2_PLACEMENT_3D('',#5509,#5510,#5511);
#5509=CARTESIAN_POINT('',(8.9154,7.3152,-4.959946968));
#5510=DIRECTION('',(0.0,0.5,0.866025404));
#5511=DIRECTION('',(-1.0,0.0,0.0));
#5512=ADVANCED_FACE('',(#5513),#5529,.F.);
#5513=FACE_BOUND('',#5514,.T.);
#5514=EDGE_LOOP('',(#5515,#5516,#5522,#5523));
#5515=ORIENTED_EDGE('',*,*,#5354,.F.);
#5516=ORIENTED_EDGE('',*,*,#5517,.T.);
#5517=EDGE_CURVE('',#5347,#2928,#5518,.T.);
#5518=LINE('',#5519,#5520);
#5519=CARTESIAN_POINT('',(-5.5499,6.6802,-4.8133));
#5520=VECTOR('',#5521,1.0);
#5521=DIRECTION('',(0.0,0.0,-1.0));
#5522=ORIENTED_EDGE('',*,*,#2927,.F.);
#5523=ORIENTED_EDGE('',*,*,#5524,.T.);
#5524=EDGE_CURVE('',#2920,#5313,#5525,.T.);
#5525=LINE('',#5526,#5527);
#5526=CARTESIAN_POINT('',(-5.3594,6.6802,-5.3721));
#5527=VECTOR('',#5528,1.0);
#5528=DIRECTION('',(0.0,0.0,1.0));
#5529=PLANE('',#5530);
#5530=AXIS2_PLACEMENT_3D('',#5531,#5532,#5533);
#5531=CARTESIAN_POINT('',(-3.6449,6.6802,6.44652));
#5532=DIRECTION('',(0.0,1.0,0.0));
#5533=DIRECTION('',(-1.0,0.0,0.0));
#5534=ADVANCED_FACE('',(#5535),#5575,.T.);
#5535=FACE_BOUND('',#5536,.T.);
#5536=EDGE_LOOP('',(#5537,#5545,#5553,#5559,#5560,#5568,#5574));
#5537=ORIENTED_EDGE('',*,*,#5538,.T.);
#5538=EDGE_CURVE('',#2920,#5539,#5541,.F.);
#5539=VERTEX_POINT('',#5540);
#5540=CARTESIAN_POINT('',(-5.3594,6.6802,-5.4483));
#5541=LINE('',#5542,#5543);
#5542=CARTESIAN_POINT('',(-5.3594,6.6802,-5.4483));
#5543=VECTOR('',#5544,1.0);
#5544=DIRECTION('',(0.0,0.0,1.0));
#5545=ORIENTED_EDGE('',*,*,#5546,.T.);
#5546=EDGE_CURVE('',#5539,#5547,#5549,.F.);
#5547=VERTEX_POINT('',#5548);
#5548=CARTESIAN_POINT('',(-5.3594,6.392170453,-5.4483));
#5549=LINE('',#5550,#5551);
#5550=CARTESIAN_POINT('',(-5.3594,6.392170453,-5.4483));
#5551=VECTOR('',#5552,1.0);
#5552=DIRECTION('',(0.0,1.0,0.0));
#5553=ORIENTED_EDGE('',*,*,#5554,.T.);
#5554=EDGE_CURVE('',#5547,#1139,#5555,.F.);
#5555=LINE('',#5556,#5557);
#5556=CARTESIAN_POINT('',(-5.3594,6.1722,-5.0673));
#5557=VECTOR('',#5558,1.0);
#5558=DIRECTION('',(0.0,0.5,-0.866025404));
#5559=ORIENTED_EDGE('',*,*,#1138,.F.);
#5560=ORIENTED_EDGE('',*,*,#5561,.T.);
#5561=EDGE_CURVE('',#1131,#5562,#5564,.T.);
#5562=VERTEX_POINT('',#5563);
#5563=CARTESIAN_POINT('',(-5.3594,6.6802,-4.7625));
#5564=LINE('',#5565,#5566);
#5565=CARTESIAN_POINT('',(-5.3594,6.1722,-4.7625));
#5566=VECTOR('',#5567,1.0);
#5567=DIRECTION('',(0.0,1.0,0.0));
#5568=ORIENTED_EDGE('',*,*,#5569,.T.);
#5569=EDGE_CURVE('',#5562,#5313,#5570,.F.);
#5570=LINE('',#5571,#5572);
#5571=CARTESIAN_POINT('',(-5.3594,6.6802,-4.8133));
#5572=VECTOR('',#5573,1.0);
#5573=DIRECTION('',(1.387778781E-14,0.0,1.0));
#5574=ORIENTED_EDGE('',*,*,#5524,.F.);
#5575=PLANE('',#5576);
#5576=AXIS2_PLACEMENT_3D('',#5577,#5578,#5579);
#5577=CARTESIAN_POINT('',(-5.3594,6.1722,-5.4483));
#5578=DIRECTION('',(-1.0,0.0,0.0));
#5579=DIRECTION('',(0.0,0.0,1.0));
#5580=ADVANCED_FACE('',(#5581),#5599,.T.);
#5581=FACE_BOUND('',#5582,.T.);
#5582=EDGE_LOOP('',(#5583,#5584,#5592,#5598));
#5583=ORIENTED_EDGE('',*,*,#5569,.F.);
#5584=ORIENTED_EDGE('',*,*,#5585,.T.);
#5585=EDGE_CURVE('',#5562,#5586,#5588,.T.);
#5586=VERTEX_POINT('',#5587);
#5587=CARTESIAN_POINT('',(-3.8354,6.6802,-4.7625));
#5588=LINE('',#5589,#5590);
#5589=CARTESIAN_POINT('',(-5.3594,6.6802,-4.7625));
#5590=VECTOR('',#5591,1.0);
#5591=DIRECTION('',(1.0,0.0,0.0));
#5592=ORIENTED_EDGE('',*,*,#5593,.T.);
#5593=EDGE_CURVE('',#5586,#5315,#5594,.T.);
#5594=LINE('',#5595,#5596);
#5595=CARTESIAN_POINT('',(-3.8354,6.6802,-4.7625));
#5596=VECTOR('',#5597,1.0);
#5597=DIRECTION('',(-1.387778781E-14,0.0,-1.0));
#5598=ORIENTED_EDGE('',*,*,#5312,.F.);
#5599=PLANE('',#5600);
#5600=AXIS2_PLACEMENT_3D('',#5601,#5602,#5603);
#5601=CARTESIAN_POINT('',(0.0,6.6802,0.0));
#5602=DIRECTION('',(0.0,1.0,0.0));
#5603=DIRECTION('',(0.0,0.0,1.0));
#5604=ADVANCED_FACE('',(#5605),#5643,.T.);
#5605=FACE_BOUND('',#5606,.T.);
#5606=EDGE_LOOP('',(#5607,#5608,#5614,#5615,#5623,#5631,#5637));
#5607=ORIENTED_EDGE('',*,*,#5593,.F.);
#5608=ORIENTED_EDGE('',*,*,#5609,.T.);
#5609=EDGE_CURVE('',#5586,#1155,#5610,.F.);
#5610=LINE('',#5611,#5612);
#5611=CARTESIAN_POINT('',(-3.8354,6.1722,-4.7625));
#5612=VECTOR('',#5613,1.0);
#5613=DIRECTION('',(0.0,1.0,0.0));
#5614=ORIENTED_EDGE('',*,*,#1154,.F.);
#5615=ORIENTED_EDGE('',*,*,#5616,.T.);
#5616=EDGE_CURVE('',#1147,#5617,#5619,.T.);
#5617=VERTEX_POINT('',#5618);
#5618=CARTESIAN_POINT('',(-3.8354,6.392170453,-5.4483));
#5619=LINE('',#5620,#5621);
#5620=CARTESIAN_POINT('',(-3.8354,6.1722,-5.0673));
#5621=VECTOR('',#5622,1.0);
#5622=DIRECTION('',(0.0,0.5,-0.866025404));
#5623=ORIENTED_EDGE('',*,*,#5624,.T.);
#5624=EDGE_CURVE('',#5617,#5625,#5627,.T.);
#5625=VERTEX_POINT('',#5626);
#5626=CARTESIAN_POINT('',(-3.8354,6.6802,-5.4483));
#5627=LINE('',#5628,#5629);
#5628=CARTESIAN_POINT('',(-3.8354,6.392170453,-5.4483));
#5629=VECTOR('',#5630,1.0);
#5630=DIRECTION('',(0.0,1.0,0.0));
#5631=ORIENTED_EDGE('',*,*,#5632,.T.);
#5632=EDGE_CURVE('',#5625,#2918,#5633,.F.);
#5633=LINE('',#5634,#5635);
#5634=CARTESIAN_POINT('',(-3.8354,6.6802,-5.3721));
#5635=VECTOR('',#5636,1.0);
#5636=DIRECTION('',(0.0,0.0,-1.0));
#5637=ORIENTED_EDGE('',*,*,#5638,.T.);
#5638=EDGE_CURVE('',#2918,#5315,#5639,.T.);
#5639=LINE('',#5640,#5641);
#5640=CARTESIAN_POINT('',(-3.8354,6.6802,-5.3721));
#5641=VECTOR('',#5642,1.0);
#5642=DIRECTION('',(0.0,0.0,1.0));
#5643=PLANE('',#5644);
#5644=AXIS2_PLACEMENT_3D('',#5645,#5646,#5647);
#5645=CARTESIAN_POINT('',(-3.8354,6.1722,-4.7625));
#5646=DIRECTION('',(1.0,0.0,0.0));
#5647=DIRECTION('',(0.0,0.0,-1.0));
#5648=ADVANCED_FACE('',(#5649),#5660,.F.);
#5649=FACE_BOUND('',#5650,.T.);
#5650=EDGE_LOOP('',(#5651,#5652,#5658,#5659));
#5651=ORIENTED_EDGE('',*,*,#2959,.F.);
#5652=ORIENTED_EDGE('',*,*,#5653,.T.);
#5653=EDGE_CURVE('',#2952,#5323,#5654,.F.);
#5654=LINE('',#5655,#5656);
#5655=CARTESIAN_POINT('',(-3.6449,6.6802,-4.8133));
#5656=VECTOR('',#5657,1.0);
#5657=DIRECTION('',(0.0,0.0,-1.0));
#5658=ORIENTED_EDGE('',*,*,#5322,.F.);
#5659=ORIENTED_EDGE('',*,*,#5638,.F.);
#5660=PLANE('',#5661);
#5661=AXIS2_PLACEMENT_3D('',#5662,#5663,#5664);
#5662=CARTESIAN_POINT('',(-3.6449,6.6802,6.44652));
#5663=DIRECTION('',(0.0,1.0,0.0));
#5664=DIRECTION('',(-1.0,0.0,0.0));
#5665=ADVANCED_FACE('',(#5666),#5677,.F.);
#5666=FACE_BOUND('',#5667,.T.);
#5667=EDGE_LOOP('',(#5668,#5674,#5675,#5676));
#5668=ORIENTED_EDGE('',*,*,#5669,.T.);
#5669=EDGE_CURVE('',#2944,#5331,#5670,.F.);
#5670=LINE('',#5671,#5672);
#5671=CARTESIAN_POINT('',(-3.6449,6.0452,-4.8133));
#5672=VECTOR('',#5673,1.0);
#5673=DIRECTION('',(0.0,0.0,-1.0));
#5674=ORIENTED_EDGE('',*,*,#5330,.F.);
#5675=ORIENTED_EDGE('',*,*,#5653,.F.);
#5676=ORIENTED_EDGE('',*,*,#2951,.F.);
#5677=PLANE('',#5678);
#5678=AXIS2_PLACEMENT_3D('',#5679,#5680,#5681);
#5679=CARTESIAN_POINT('',(-3.6449,6.0452,6.44652));
#5680=DIRECTION('',(1.0,0.0,0.0));
#5681=DIRECTION('',(0.0,1.0,0.0));
#5682=ADVANCED_FACE('',(#5683),#5694,.F.);
#5683=FACE_BOUND('',#5684,.T.);
#5684=EDGE_LOOP('',(#5685,#5691,#5692,#5693));
#5685=ORIENTED_EDGE('',*,*,#5686,.T.);
#5686=EDGE_CURVE('',#2936,#5339,#5687,.F.);
#5687=LINE('',#5688,#5689);
#5688=CARTESIAN_POINT('',(-5.5499,6.0452,-4.8133));
#5689=VECTOR('',#5690,1.0);
#5690=DIRECTION('',(0.0,0.0,-1.0));
#5691=ORIENTED_EDGE('',*,*,#5338,.F.);
#5692=ORIENTED_EDGE('',*,*,#5669,.F.);
#5693=ORIENTED_EDGE('',*,*,#2943,.F.);
#5694=PLANE('',#5695);
#5695=AXIS2_PLACEMENT_3D('',#5696,#5697,#5698);
#5696=CARTESIAN_POINT('',(-5.5499,6.0452,6.44652));
#5697=DIRECTION('',(0.0,-1.0,0.0));
#5698=DIRECTION('',(1.0,0.0,0.0));
#5699=ADVANCED_FACE('',(#5700),#5706,.F.);
#5700=FACE_BOUND('',#5701,.T.);
#5701=EDGE_LOOP('',(#5702,#5703,#5704,#5705));
#5702=ORIENTED_EDGE('',*,*,#5517,.F.);
#5703=ORIENTED_EDGE('',*,*,#5346,.F.);
#5704=ORIENTED_EDGE('',*,*,#5686,.F.);
#5705=ORIENTED_EDGE('',*,*,#2935,.F.);
#5706=PLANE('',#5707);
#5707=AXIS2_PLACEMENT_3D('',#5708,#5709,#5710);
#5708=CARTESIAN_POINT('',(-5.5499,6.6802,6.44652));
#5709=DIRECTION('',(-1.0,0.0,0.0));
#5710=DIRECTION('',(0.0,-1.0,0.0));
#5711=ADVANCED_FACE('',(#5712),#5723,.T.);
#5712=FACE_BOUND('',#5713,.T.);
#5713=EDGE_LOOP('',(#5714,#5715,#5721,#5722));
#5714=ORIENTED_EDGE('',*,*,#5632,.F.);
#5715=ORIENTED_EDGE('',*,*,#5716,.T.);
#5716=EDGE_CURVE('',#5625,#5539,#5717,.T.);
#5717=LINE('',#5718,#5719);
#5718=CARTESIAN_POINT('',(-3.8354,6.6802,-5.4483));
#5719=VECTOR('',#5720,1.0);
#5720=DIRECTION('',(-1.0,0.0,0.0));
#5721=ORIENTED_EDGE('',*,*,#5538,.F.);
#5722=ORIENTED_EDGE('',*,*,#2917,.F.);
#5723=PLANE('',#5724);
#5724=AXIS2_PLACEMENT_3D('',#5725,#5726,#5727);
#5725=CARTESIAN_POINT('',(0.0,6.6802,0.0));
#5726=DIRECTION('',(0.0,1.0,0.0));
#5727=DIRECTION('',(0.0,0.0,1.0));
#5728=ADVANCED_FACE('',(#5729),#5740,.T.);
#5729=FACE_BOUND('',#5730,.T.);
#5730=EDGE_LOOP('',(#5731,#5732,#5733,#5734));
#5731=ORIENTED_EDGE('',*,*,#5546,.F.);
#5732=ORIENTED_EDGE('',*,*,#5716,.F.);
#5733=ORIENTED_EDGE('',*,*,#5624,.F.);
#5734=ORIENTED_EDGE('',*,*,#5735,.T.);
#5735=EDGE_CURVE('',#5617,#5547,#5736,.T.);
#5736=LINE('',#5737,#5738);
#5737=CARTESIAN_POINT('',(-3.8354,6.392170453,-5.4483));
#5738=VECTOR('',#5739,1.0);
#5739=DIRECTION('',(-1.0,0.0,0.0));
#5740=PLANE('',#5741);
#5741=AXIS2_PLACEMENT_3D('',#5742,#5743,#5744);
#5742=CARTESIAN_POINT('',(-3.8354,6.1722,-5.4483));
#5743=DIRECTION('',(0.0,0.0,-1.0));
#5744=DIRECTION('',(-1.0,0.0,0.0));
#5745=ADVANCED_FACE('',(#5746),#5752,.F.);
#5746=FACE_BOUND('',#5747,.T.);
#5747=EDGE_LOOP('',(#5748,#5749,#5750,#5751));
#5748=ORIENTED_EDGE('',*,*,#1146,.F.);
#5749=ORIENTED_EDGE('',*,*,#5554,.F.);
#5750=ORIENTED_EDGE('',*,*,#5735,.F.);
#5751=ORIENTED_EDGE('',*,*,#5616,.F.);
#5752=PLANE('',#5753);
#5753=AXIS2_PLACEMENT_3D('',#5754,#5755,#5756);
#5754=CARTESIAN_POINT('',(-10.56132,6.1722,-5.0673));
#5755=DIRECTION('',(0.0,0.866025404,0.5));
#5756=DIRECTION('',(0.0,0.5,-0.866025404));
#5757=ADVANCED_FACE('',(#5758),#5833,.T.);
#5758=FACE_BOUND('',#5759,.T.);
#5759=EDGE_LOOP('',(#5760,#5761,#5762,#5770,#5778,#5784,#5785,#5793,#5801,#5807,#5808,#5816,#5824,#5830,#5831,#5832));
#5760=ORIENTED_EDGE('',*,*,#5561,.F.);
#5761=ORIENTED_EDGE('',*,*,#1130,.F.);
#5762=ORIENTED_EDGE('',*,*,#5763,.T.);
#5763=EDGE_CURVE('',#1122,#5764,#5766,.T.);
#5764=VERTEX_POINT('',#5765);
#5765=CARTESIAN_POINT('',(-8.4201,7.3152,-4.7625));
#5766=LINE('',#5767,#5768);
#5767=CARTESIAN_POINT('',(-8.4201,6.1722,-4.7625));
#5768=VECTOR('',#5769,1.0);
#5769=DIRECTION('',(0.0,1.0,0.0));
#5770=ORIENTED_EDGE('',*,*,#5771,.T.);
#5771=EDGE_CURVE('',#5764,#5772,#5774,.F.);
#5772=VERTEX_POINT('',#5773);
#5773=CARTESIAN_POINT('',(8.4201,7.3152,-4.7625));
#5774=LINE('',#5775,#5776);
#5775=CARTESIAN_POINT('',(8.4201,7.3152,-4.7625));
#5776=VECTOR('',#5777,1.0);
#5777=DIRECTION('',(-1.0,0.0,0.0));
#5778=ORIENTED_EDGE('',*,*,#5779,.T.);
#5779=EDGE_CURVE('',#5772,#1227,#5780,.F.);
#5780=LINE('',#5781,#5782);
#5781=CARTESIAN_POINT('',(8.4201,6.1722,-4.7625));
#5782=VECTOR('',#5783,1.0);
#5783=DIRECTION('',(0.0,1.0,0.0));
#5784=ORIENTED_EDGE('',*,*,#1226,.F.);
#5785=ORIENTED_EDGE('',*,*,#5786,.T.);
#5786=EDGE_CURVE('',#1219,#5787,#5789,.T.);
#5787=VERTEX_POINT('',#5788);
#5788=CARTESIAN_POINT('',(5.3594,6.6802,-4.7625));
#5789=LINE('',#5790,#5791);
#5790=CARTESIAN_POINT('',(5.3594,6.1722,-4.7625));
#5791=VECTOR('',#5792,1.0);
#5792=DIRECTION('',(0.0,1.0,0.0));
#5793=ORIENTED_EDGE('',*,*,#5794,.T.);
#5794=EDGE_CURVE('',#5787,#5795,#5797,.F.);
#5795=VERTEX_POINT('',#5796);
#5796=CARTESIAN_POINT('',(3.8354,6.6802,-4.7625));
#5797=LINE('',#5798,#5799);
#5798=CARTESIAN_POINT('',(3.8354,6.6802,-4.7625));
#5799=VECTOR('',#5800,1.0);
#5800=DIRECTION('',(1.0,0.0,0.0));
#5801=ORIENTED_EDGE('',*,*,#5802,.T.);
#5802=EDGE_CURVE('',#5795,#1195,#5803,.F.);
#5803=LINE('',#5804,#5805);
#5804=CARTESIAN_POINT('',(3.8354,6.1722,-4.7625));
#5805=VECTOR('',#5806,1.0);
#5806=DIRECTION('',(0.0,1.0,0.0));
#5807=ORIENTED_EDGE('',*,*,#1194,.F.);
#5808=ORIENTED_EDGE('',*,*,#5809,.T.);
#5809=EDGE_CURVE('',#1187,#5810,#5812,.T.);
#5810=VERTEX_POINT('',#5811);
#5811=CARTESIAN_POINT('',(0.762,6.6802,-4.7625));
#5812=LINE('',#5813,#5814);
#5813=CARTESIAN_POINT('',(0.762,6.1722,-4.7625));
#5814=VECTOR('',#5815,1.0);
#5815=DIRECTION('',(0.0,1.0,0.0));
#5816=ORIENTED_EDGE('',*,*,#5817,.T.);
#5817=EDGE_CURVE('',#5810,#5818,#5820,.F.);
#5818=VERTEX_POINT('',#5819);
#5819=CARTESIAN_POINT('',(-0.762,6.6802,-4.7625));
#5820=LINE('',#5821,#5822);
#5821=CARTESIAN_POINT('',(-0.762,6.6802,-4.7625));
#5822=VECTOR('',#5823,1.0);
#5823=DIRECTION('',(1.0,0.0,0.0));
#5824=ORIENTED_EDGE('',*,*,#5825,.T.);
#5825=EDGE_CURVE('',#5818,#1163,#5826,.F.);
#5826=LINE('',#5827,#5828);
#5827=CARTESIAN_POINT('',(-0.762,6.1722,-4.7625));
#5828=VECTOR('',#5829,1.0);
#5829=DIRECTION('',(0.0,1.0,0.0));
#5830=ORIENTED_EDGE('',*,*,#1162,.F.);
#5831=ORIENTED_EDGE('',*,*,#5609,.F.);
#5832=ORIENTED_EDGE('',*,*,#5585,.F.);
#5833=PLANE('',#5834);
#5834=AXIS2_PLACEMENT_3D('',#5835,#5836,#5837);
#5835=CARTESIAN_POINT('',(8.4201,6.1722,-4.7625));
#5836=DIRECTION('',(0.0,0.0,-1.0));
#5837=DIRECTION('',(-1.0,0.0,0.0));
#5838=ADVANCED_FACE('',(#5839),#5877,.T.);
#5839=FACE_BOUND('',#5840,.T.);
#5840=EDGE_LOOP('',(#5841,#5849,#5857,#5863,#5864,#5865,#5871));
#5841=ORIENTED_EDGE('',*,*,#5842,.T.);
#5842=EDGE_CURVE('',#2970,#5843,#5845,.F.);
#5843=VERTEX_POINT('',#5844);
#5844=CARTESIAN_POINT('',(-0.762,6.6802,-5.4483));
#5845=LINE('',#5846,#5847);
#5846=CARTESIAN_POINT('',(-0.762,6.6802,-5.4483));
#5847=VECTOR('',#5848,1.0);
#5848=DIRECTION('',(0.0,0.0,1.0));
#5849=ORIENTED_EDGE('',*,*,#5850,.T.);
#5850=EDGE_CURVE('',#5843,#5851,#5853,.F.);
#5851=VERTEX_POINT('',#5852);
#5852=CARTESIAN_POINT('',(-0.762,6.392170453,-5.4483));
#5853=LINE('',#5854,#5855);
#5854=CARTESIAN_POINT('',(-0.762,6.392170453,-5.4483));
#5855=VECTOR('',#5856,1.0);
#5856=DIRECTION('',(0.0,1.0,0.0));
#5857=ORIENTED_EDGE('',*,*,#5858,.T.);
#5858=EDGE_CURVE('',#5851,#1171,#5859,.F.);
#5859=LINE('',#5860,#5861);
#5860=CARTESIAN_POINT('',(-0.762,6.1722,-5.0673));
#5861=VECTOR('',#5862,1.0);
#5862=DIRECTION('',(0.0,0.5,-0.866025404));
#5863=ORIENTED_EDGE('',*,*,#1170,.F.);
#5864=ORIENTED_EDGE('',*,*,#5825,.F.);
#5865=ORIENTED_EDGE('',*,*,#5866,.T.);
#5866=EDGE_CURVE('',#5818,#5363,#5867,.F.);
#5867=LINE('',#5868,#5869);
#5868=CARTESIAN_POINT('',(-0.762,6.6802,-4.8133));
#5869=VECTOR('',#5870,1.0);
#5870=DIRECTION('',(0.0,0.0,1.0));
#5871=ORIENTED_EDGE('',*,*,#5872,.T.);
#5872=EDGE_CURVE('',#5363,#2970,#5873,.F.);
#5873=LINE('',#5874,#5875);
#5874=CARTESIAN_POINT('',(-0.762,6.6802,-5.3721));
#5875=VECTOR('',#5876,1.0);
#5876=DIRECTION('',(0.0,0.0,1.0));
#5877=PLANE('',#5878);
#5878=AXIS2_PLACEMENT_3D('',#5879,#5880,#5881);
#5879=CARTESIAN_POINT('',(-0.762,6.1722,-5.4483));
#5880=DIRECTION('',(-1.0,0.0,0.0));
#5881=DIRECTION('',(0.0,0.0,1.0));
#5882=ADVANCED_FACE('',(#5883),#5894,.F.);
#5883=FACE_BOUND('',#5884,.T.);
#5884=EDGE_LOOP('',(#5885,#5886,#5892,#5893));
#5885=ORIENTED_EDGE('',*,*,#5404,.F.);
#5886=ORIENTED_EDGE('',*,*,#5887,.T.);
#5887=EDGE_CURVE('',#5397,#2978,#5888,.T.);
#5888=LINE('',#5889,#5890);
#5889=CARTESIAN_POINT('',(-0.9525,6.6802,-4.8133));
#5890=VECTOR('',#5891,1.0);
#5891=DIRECTION('',(0.0,0.0,-1.0));
#5892=ORIENTED_EDGE('',*,*,#2977,.F.);
#5893=ORIENTED_EDGE('',*,*,#5872,.F.);
#5894=PLANE('',#5895);
#5895=AXIS2_PLACEMENT_3D('',#5896,#5897,#5898);
#5896=CARTESIAN_POINT('',(0.9525,6.6802,6.44652));
#5897=DIRECTION('',(0.0,1.0,0.0));
#5898=DIRECTION('',(-1.0,0.0,0.0));
#5899=ADVANCED_FACE('',(#5900),#5911,.F.);
#5900=FACE_BOUND('',#5901,.T.);
#5901=EDGE_LOOP('',(#5902,#5903,#5904,#5910));
#5902=ORIENTED_EDGE('',*,*,#5887,.F.);
#5903=ORIENTED_EDGE('',*,*,#5396,.F.);
#5904=ORIENTED_EDGE('',*,*,#5905,.T.);
#5905=EDGE_CURVE('',#5389,#2986,#5906,.T.);
#5906=LINE('',#5907,#5908);
#5907=CARTESIAN_POINT('',(-0.9525,6.0452,-4.8133));
#5908=VECTOR('',#5909,1.0);
#5909=DIRECTION('',(0.0,0.0,-1.0));
#5910=ORIENTED_EDGE('',*,*,#2985,.F.);
#5911=PLANE('',#5912);
#5912=AXIS2_PLACEMENT_3D('',#5913,#5914,#5915);
#5913=CARTESIAN_POINT('',(-0.9525,6.6802,6.44652));
#5914=DIRECTION('',(-1.0,0.0,0.0));
#5915=DIRECTION('',(0.0,-1.0,0.0));
#5916=ADVANCED_FACE('',(#5917),#5928,.F.);
#5917=FACE_BOUND('',#5918,.T.);
#5918=EDGE_LOOP('',(#5919,#5920,#5921,#5927));
#5919=ORIENTED_EDGE('',*,*,#5905,.F.);
#5920=ORIENTED_EDGE('',*,*,#5388,.F.);
#5921=ORIENTED_EDGE('',*,*,#5922,.T.);
#5922=EDGE_CURVE('',#5381,#2994,#5923,.T.);
#5923=LINE('',#5924,#5925);
#5924=CARTESIAN_POINT('',(0.9525,6.0452,-4.8133));
#5925=VECTOR('',#5926,1.0);
#5926=DIRECTION('',(0.0,0.0,-1.0));
#5927=ORIENTED_EDGE('',*,*,#2993,.F.);
#5928=PLANE('',#5929);
#5929=AXIS2_PLACEMENT_3D('',#5930,#5931,#5932);
#5930=CARTESIAN_POINT('',(-0.9525,6.0452,6.44652));
#5931=DIRECTION('',(0.0,-1.0,0.0));
#5932=DIRECTION('',(1.0,0.0,0.0));
#5933=ADVANCED_FACE('',(#5934),#5945,.F.);
#5934=FACE_BOUND('',#5935,.T.);
#5935=EDGE_LOOP('',(#5936,#5937,#5938,#5944));
#5936=ORIENTED_EDGE('',*,*,#5922,.F.);
#5937=ORIENTED_EDGE('',*,*,#5380,.F.);
#5938=ORIENTED_EDGE('',*,*,#5939,.T.);
#5939=EDGE_CURVE('',#5373,#3002,#5940,.T.);
#5940=LINE('',#5941,#5942);
#5941=CARTESIAN_POINT('',(0.9525,6.6802,-4.8133));
#5942=VECTOR('',#5943,1.0);
#5943=DIRECTION('',(0.0,0.0,-1.0));
#5944=ORIENTED_EDGE('',*,*,#3001,.F.);
#5945=PLANE('',#5946);
#5946=AXIS2_PLACEMENT_3D('',#5947,#5948,#5949);
#5947=CARTESIAN_POINT('',(0.9525,6.0452,6.44652));
#5948=DIRECTION('',(1.0,0.0,0.0));
#5949=DIRECTION('',(0.0,1.0,0.0));
#5950=ADVANCED_FACE('',(#5951),#5962,.F.);
#5951=FACE_BOUND('',#5952,.T.);
#5952=EDGE_LOOP('',(#5953,#5954,#5955,#5956));
#5953=ORIENTED_EDGE('',*,*,#3009,.F.);
#5954=ORIENTED_EDGE('',*,*,#5939,.F.);
#5955=ORIENTED_EDGE('',*,*,#5372,.F.);
#5956=ORIENTED_EDGE('',*,*,#5957,.T.);
#5957=EDGE_CURVE('',#5365,#2968,#5958,.F.);
#5958=LINE('',#5959,#5960);
#5959=CARTESIAN_POINT('',(0.762,6.6802,-5.3721));
#5960=VECTOR('',#5961,1.0);
#5961=DIRECTION('',(0.0,0.0,1.0));
#5962=PLANE('',#5963);
#5963=AXIS2_PLACEMENT_3D('',#5964,#5965,#5966);
#5964=CARTESIAN_POINT('',(0.9525,6.6802,6.44652));
#5965=DIRECTION('',(0.0,1.0,0.0));
#5966=DIRECTION('',(-1.0,0.0,0.0));
#5967=ADVANCED_FACE('',(#5968),#6001,.T.);
#5968=FACE_BOUND('',#5969,.T.);
#5969=EDGE_LOOP('',(#5970,#5976,#5977,#5978,#5986,#5994,#6000));
#5970=ORIENTED_EDGE('',*,*,#5971,.T.);
#5971=EDGE_CURVE('',#5365,#5810,#5972,.F.);
#5972=LINE('',#5973,#5974);
#5973=CARTESIAN_POINT('',(0.762,6.6802,-4.7625));
#5974=VECTOR('',#5975,1.0);
#5975=DIRECTION('',(0.0,0.0,-1.0));
#5976=ORIENTED_EDGE('',*,*,#5809,.F.);
#5977=ORIENTED_EDGE('',*,*,#1186,.F.);
#5978=ORIENTED_EDGE('',*,*,#5979,.T.);
#5979=EDGE_CURVE('',#1179,#5980,#5982,.T.);
#5980=VERTEX_POINT('',#5981);
#5981=CARTESIAN_POINT('',(0.762,6.392170453,-5.4483));
#5982=LINE('',#5983,#5984);
#5983=CARTESIAN_POINT('',(0.762,6.1722,-5.0673));
#5984=VECTOR('',#5985,1.0);
#5985=DIRECTION('',(0.0,0.5,-0.866025404));
#5986=ORIENTED_EDGE('',*,*,#5987,.T.);
#5987=EDGE_CURVE('',#5980,#5988,#5990,.T.);
#5988=VERTEX_POINT('',#5989);
#5989=CARTESIAN_POINT('',(0.762,6.6802,-5.4483));
#5990=LINE('',#5991,#5992);
#5991=CARTESIAN_POINT('',(0.762,6.392170453,-5.4483));
#5992=VECTOR('',#5993,1.0);
#5993=DIRECTION('',(0.0,1.0,0.0));
#5994=ORIENTED_EDGE('',*,*,#5995,.T.);
#5995=EDGE_CURVE('',#5988,#2968,#5996,.F.);
#5996=LINE('',#5997,#5998);
#5997=CARTESIAN_POINT('',(0.762,6.6802,-5.3721));
#5998=VECTOR('',#5999,1.0);
#5999=DIRECTION('',(0.0,0.0,-1.0));
#6000=ORIENTED_EDGE('',*,*,#5957,.F.);
#6001=PLANE('',#6002);
#6002=AXIS2_PLACEMENT_3D('',#6003,#6004,#6005);
#6003=CARTESIAN_POINT('',(0.762,6.1722,-4.7625));
#6004=DIRECTION('',(1.0,0.0,0.0));
#6005=DIRECTION('',(0.0,0.0,-1.0));
#6006=ADVANCED_FACE('',(#6007),#6018,.T.);
#6007=FACE_BOUND('',#6008,.T.);
#6008=EDGE_LOOP('',(#6009,#6010,#6016,#6017));
#6009=ORIENTED_EDGE('',*,*,#5995,.F.);
#6010=ORIENTED_EDGE('',*,*,#6011,.T.);
#6011=EDGE_CURVE('',#5988,#5843,#6012,.T.);
#6012=LINE('',#6013,#6014);
#6013=CARTESIAN_POINT('',(0.762,6.6802,-5.4483));
#6014=VECTOR('',#6015,1.0);
#6015=DIRECTION('',(-1.0,0.0,0.0));
#6016=ORIENTED_EDGE('',*,*,#5842,.F.);
#6017=ORIENTED_EDGE('',*,*,#2967,.F.);
#6018=PLANE('',#6019);
#6019=AXIS2_PLACEMENT_3D('',#6020,#6021,#6022);
#6020=CARTESIAN_POINT('',(0.0,6.6802,0.0));
#6021=DIRECTION('',(0.0,1.0,0.0));
#6022=DIRECTION('',(0.0,0.0,1.0));
#6023=ADVANCED_FACE('',(#6024),#6035,.T.);
#6024=FACE_BOUND('',#6025,.T.);
#6025=EDGE_LOOP('',(#6026,#6027,#6028,#6029));
#6026=ORIENTED_EDGE('',*,*,#5850,.F.);
#6027=ORIENTED_EDGE('',*,*,#6011,.F.);
#6028=ORIENTED_EDGE('',*,*,#5987,.F.);
#6029=ORIENTED_EDGE('',*,*,#6030,.T.);
#6030=EDGE_CURVE('',#5980,#5851,#6031,.T.);
#6031=LINE('',#6032,#6033);
#6032=CARTESIAN_POINT('',(0.762,6.392170453,-5.4483));
#6033=VECTOR('',#6034,1.0);
#6034=DIRECTION('',(-1.0,0.0,0.0));
#6035=PLANE('',#6036);
#6036=AXIS2_PLACEMENT_3D('',#6037,#6038,#6039);
#6037=CARTESIAN_POINT('',(0.762,6.1722,-5.4483));
#6038=DIRECTION('',(0.0,0.0,-1.0));
#6039=DIRECTION('',(-1.0,0.0,0.0));
#6040=ADVANCED_FACE('',(#6041),#6047,.F.);
#6041=FACE_BOUND('',#6042,.T.);
#6042=EDGE_LOOP('',(#6043,#6044,#6045,#6046));
#6043=ORIENTED_EDGE('',*,*,#1178,.F.);
#6044=ORIENTED_EDGE('',*,*,#5858,.F.);
#6045=ORIENTED_EDGE('',*,*,#6030,.F.);
#6046=ORIENTED_EDGE('',*,*,#5979,.F.);
#6047=PLANE('',#6048);
#6048=AXIS2_PLACEMENT_3D('',#6049,#6050,#6051);
#6049=CARTESIAN_POINT('',(-10.56132,6.1722,-5.0673));
#6050=DIRECTION('',(0.0,0.866025404,0.5));
#6051=DIRECTION('',(0.0,0.5,-0.866025404));
#6052=ADVANCED_FACE('',(#6053),#6059,.T.);
#6053=FACE_BOUND('',#6054,.T.);
#6054=EDGE_LOOP('',(#6055,#6056,#6057,#6058));
#6055=ORIENTED_EDGE('',*,*,#5866,.F.);
#6056=ORIENTED_EDGE('',*,*,#5817,.F.);
#6057=ORIENTED_EDGE('',*,*,#5971,.F.);
#6058=ORIENTED_EDGE('',*,*,#5362,.F.);
#6059=PLANE('',#6060);
#6060=AXIS2_PLACEMENT_3D('',#6061,#6062,#6063);
#6061=CARTESIAN_POINT('',(0.0,6.6802,0.0));
#6062=DIRECTION('',(0.0,1.0,0.0));
#6063=DIRECTION('',(0.0,0.0,1.0));
#6064=ADVANCED_FACE('',(#6065),#6103,.T.);
#6065=FACE_BOUND('',#6066,.T.);
#6066=EDGE_LOOP('',(#6067,#6075,#6083,#6089,#6090,#6091,#6097));
#6067=ORIENTED_EDGE('',*,*,#6068,.T.);
#6068=EDGE_CURVE('',#3020,#6069,#6071,.F.);
#6069=VERTEX_POINT('',#6070);
#6070=CARTESIAN_POINT('',(3.8354,6.6802,-5.4483));
#6071=LINE('',#6072,#6073);
#6072=CARTESIAN_POINT('',(3.8354,6.6802,-5.4483));
#6073=VECTOR('',#6074,1.0);
#6074=DIRECTION('',(0.0,0.0,1.0));
#6075=ORIENTED_EDGE('',*,*,#6076,.T.);
#6076=EDGE_CURVE('',#6069,#6077,#6079,.F.);
#6077=VERTEX_POINT('',#6078);
#6078=CARTESIAN_POINT('',(3.8354,6.392170453,-5.4483));
#6079=LINE('',#6080,#6081);
#6080=CARTESIAN_POINT('',(3.8354,6.392170453,-5.4483));
#6081=VECTOR('',#6082,1.0);
#6082=DIRECTION('',(0.0,1.0,0.0));
#6083=ORIENTED_EDGE('',*,*,#6084,.T.);
#6084=EDGE_CURVE('',#6077,#1203,#6085,.F.);
#6085=LINE('',#6086,#6087);
#6086=CARTESIAN_POINT('',(3.8354,6.1722,-5.0673));
#6087=VECTOR('',#6088,1.0);
#6088=DIRECTION('',(0.0,0.5,-0.866025404));
#6089=ORIENTED_EDGE('',*,*,#1202,.F.);
#6090=ORIENTED_EDGE('',*,*,#5802,.F.);
#6091=ORIENTED_EDGE('',*,*,#6092,.T.);
#6092=EDGE_CURVE('',#5795,#5413,#6093,.F.);
#6093=LINE('',#6094,#6095);
#6094=CARTESIAN_POINT('',(3.8354,6.6802,-4.8133));
#6095=VECTOR('',#6096,1.0);
#6096=DIRECTION('',(0.0,0.0,1.0));
#6097=ORIENTED_EDGE('',*,*,#6098,.T.);
#6098=EDGE_CURVE('',#5413,#3020,#6099,.F.);
#6099=LINE('',#6100,#6101);
#6100=CARTESIAN_POINT('',(3.8354,6.6802,-5.3721));
#6101=VECTOR('',#6102,1.0);
#6102=DIRECTION('',(0.0,0.0,1.0));
#6103=PLANE('',#6104);
#6104=AXIS2_PLACEMENT_3D('',#6105,#6106,#6107);
#6105=CARTESIAN_POINT('',(3.8354,6.1722,-5.4483));
#6106=DIRECTION('',(-1.0,0.0,0.0));
#6107=DIRECTION('',(0.0,0.0,1.0));
#6108=ADVANCED_FACE('',(#6109),#6120,.F.);
#6109=FACE_BOUND('',#6110,.T.);
#6110=EDGE_LOOP('',(#6111,#6112,#6118,#6119));
#6111=ORIENTED_EDGE('',*,*,#5454,.F.);
#6112=ORIENTED_EDGE('',*,*,#6113,.T.);
#6113=EDGE_CURVE('',#5447,#3028,#6114,.T.);
#6114=LINE('',#6115,#6116);
#6115=CARTESIAN_POINT('',(3.6449,6.6802,-4.8133));
#6116=VECTOR('',#6117,1.0);
#6117=DIRECTION('',(0.0,0.0,-1.0));
#6118=ORIENTED_EDGE('',*,*,#3027,.F.);
#6119=ORIENTED_EDGE('',*,*,#6098,.F.);
#6120=PLANE('',#6121);
#6121=AXIS2_PLACEMENT_3D('',#6122,#6123,#6124);
#6122=CARTESIAN_POINT('',(5.5499,6.6802,6.44652));
#6123=DIRECTION('',(0.0,1.0,0.0));
#6124=DIRECTION('',(-1.0,0.0,0.0));
#6125=ADVANCED_FACE('',(#6126),#6137,.F.);
#6126=FACE_BOUND('',#6127,.T.);
#6127=EDGE_LOOP('',(#6128,#6129,#6130,#6136));
#6128=ORIENTED_EDGE('',*,*,#6113,.F.);
#6129=ORIENTED_EDGE('',*,*,#5446,.F.);
#6130=ORIENTED_EDGE('',*,*,#6131,.T.);
#6131=EDGE_CURVE('',#5439,#3036,#6132,.T.);
#6132=LINE('',#6133,#6134);
#6133=CARTESIAN_POINT('',(3.6449,6.0452,-4.8133));
#6134=VECTOR('',#6135,1.0);
#6135=DIRECTION('',(0.0,0.0,-1.0));
#6136=ORIENTED_EDGE('',*,*,#3035,.F.);
#6137=PLANE('',#6138);
#6138=AXIS2_PLACEMENT_3D('',#6139,#6140,#6141);
#6139=CARTESIAN_POINT('',(3.6449,6.6802,6.44652));
#6140=DIRECTION('',(-1.0,0.0,0.0));
#6141=DIRECTION('',(0.0,-1.0,0.0));
#6142=ADVANCED_FACE('',(#6143),#6154,.F.);
#6143=FACE_BOUND('',#6144,.T.);
#6144=EDGE_LOOP('',(#6145,#6146,#6147,#6153));
#6145=ORIENTED_EDGE('',*,*,#6131,.F.);
#6146=ORIENTED_EDGE('',*,*,#5438,.F.);
#6147=ORIENTED_EDGE('',*,*,#6148,.T.);
#6148=EDGE_CURVE('',#5431,#3044,#6149,.T.);
#6149=LINE('',#6150,#6151);
#6150=CARTESIAN_POINT('',(5.5499,6.0452,-4.8133));
#6151=VECTOR('',#6152,1.0);
#6152=DIRECTION('',(0.0,0.0,-1.0));
#6153=ORIENTED_EDGE('',*,*,#3043,.F.);
#6154=PLANE('',#6155);
#6155=AXIS2_PLACEMENT_3D('',#6156,#6157,#6158);
#6156=CARTESIAN_POINT('',(3.6449,6.0452,6.44652));
#6157=DIRECTION('',(0.0,-1.0,0.0));
#6158=DIRECTION('',(1.0,0.0,0.0));
#6159=ADVANCED_FACE('',(#6160),#6171,.F.);
#6160=FACE_BOUND('',#6161,.T.);
#6161=EDGE_LOOP('',(#6162,#6163,#6164,#6170));
#6162=ORIENTED_EDGE('',*,*,#6148,.F.);
#6163=ORIENTED_EDGE('',*,*,#5430,.F.);
#6164=ORIENTED_EDGE('',*,*,#6165,.T.);
#6165=EDGE_CURVE('',#5423,#3052,#6166,.T.);
#6166=LINE('',#6167,#6168);
#6167=CARTESIAN_POINT('',(5.5499,6.6802,-4.8133));
#6168=VECTOR('',#6169,1.0);
#6169=DIRECTION('',(0.0,0.0,-1.0));
#6170=ORIENTED_EDGE('',*,*,#3051,.F.);
#6171=PLANE('',#6172);
#6172=AXIS2_PLACEMENT_3D('',#6173,#6174,#6175);
#6173=CARTESIAN_POINT('',(5.5499,6.0452,6.44652));
#6174=DIRECTION('',(1.0,0.0,0.0));
#6175=DIRECTION('',(0.0,1.0,0.0));
#6176=ADVANCED_FACE('',(#6177),#6188,.F.);
#6177=FACE_BOUND('',#6178,.T.);
#6178=EDGE_LOOP('',(#6179,#6180,#6181,#6182));
#6179=ORIENTED_EDGE('',*,*,#3059,.F.);
#6180=ORIENTED_EDGE('',*,*,#6165,.F.);
#6181=ORIENTED_EDGE('',*,*,#5422,.F.);
#6182=ORIENTED_EDGE('',*,*,#6183,.T.);
#6183=EDGE_CURVE('',#5415,#3018,#6184,.F.);
#6184=LINE('',#6185,#6186);
#6185=CARTESIAN_POINT('',(5.3594,6.6802,-5.3721));
#6186=VECTOR('',#6187,1.0);
#6187=DIRECTION('',(0.0,0.0,1.0));
#6188=PLANE('',#6189);
#6189=AXIS2_PLACEMENT_3D('',#6190,#6191,#6192);
#6190=CARTESIAN_POINT('',(5.5499,6.6802,6.44652));
#6191=DIRECTION('',(0.0,1.0,0.0));
#6192=DIRECTION('',(-1.0,0.0,0.0));
#6193=ADVANCED_FACE('',(#6194),#6227,.T.);
#6194=FACE_BOUND('',#6195,.T.);
#6195=EDGE_LOOP('',(#6196,#6202,#6203,#6204,#6212,#6220,#6226));
#6196=ORIENTED_EDGE('',*,*,#6197,.T.);
#6197=EDGE_CURVE('',#5415,#5787,#6198,.F.);
#6198=LINE('',#6199,#6200);
#6199=CARTESIAN_POINT('',(5.3594,6.6802,-4.7625));
#6200=VECTOR('',#6201,1.0);
#6201=DIRECTION('',(1.387778781E-14,0.0,-1.0));
#6202=ORIENTED_EDGE('',*,*,#5786,.F.);
#6203=ORIENTED_EDGE('',*,*,#1218,.F.);
#6204=ORIENTED_EDGE('',*,*,#6205,.T.);
#6205=EDGE_CURVE('',#1211,#6206,#6208,.T.);
#6206=VERTEX_POINT('',#6207);
#6207=CARTESIAN_POINT('',(5.3594,6.392170453,-5.4483));
#6208=LINE('',#6209,#6210);
#6209=CARTESIAN_POINT('',(5.3594,6.1722,-5.0673));
#6210=VECTOR('',#6211,1.0);
#6211=DIRECTION('',(0.0,0.5,-0.866025404));
#6212=ORIENTED_EDGE('',*,*,#6213,.T.);
#6213=EDGE_CURVE('',#6206,#6214,#6216,.T.);
#6214=VERTEX_POINT('',#6215);
#6215=CARTESIAN_POINT('',(5.3594,6.6802,-5.4483));
#6216=LINE('',#6217,#6218);
#6217=CARTESIAN_POINT('',(5.3594,6.392170453,-5.4483));
#6218=VECTOR('',#6219,1.0);
#6219=DIRECTION('',(0.0,1.0,0.0));
#6220=ORIENTED_EDGE('',*,*,#6221,.T.);
#6221=EDGE_CURVE('',#6214,#3018,#6222,.F.);
#6222=LINE('',#6223,#6224);
#6223=CARTESIAN_POINT('',(5.3594,6.6802,-5.3721));
#6224=VECTOR('',#6225,1.0);
#6225=DIRECTION('',(0.0,0.0,-1.0));
#6226=ORIENTED_EDGE('',*,*,#6183,.F.);
#6227=PLANE('',#6228);
#6228=AXIS2_PLACEMENT_3D('',#6229,#6230,#6231);
#6229=CARTESIAN_POINT('',(5.3594,6.1722,-4.7625));
#6230=DIRECTION('',(1.0,0.0,0.0));
#6231=DIRECTION('',(0.0,0.0,-1.0));
#6232=ADVANCED_FACE('',(#6233),#6244,.T.);
#6233=FACE_BOUND('',#6234,.T.);
#6234=EDGE_LOOP('',(#6235,#6236,#6242,#6243));
#6235=ORIENTED_EDGE('',*,*,#6221,.F.);
#6236=ORIENTED_EDGE('',*,*,#6237,.T.);
#6237=EDGE_CURVE('',#6214,#6069,#6238,.T.);
#6238=LINE('',#6239,#6240);
#6239=CARTESIAN_POINT('',(5.3594,6.6802,-5.4483));
#6240=VECTOR('',#6241,1.0);
#6241=DIRECTION('',(-1.0,0.0,0.0));
#6242=ORIENTED_EDGE('',*,*,#6068,.F.);
#6243=ORIENTED_EDGE('',*,*,#3017,.F.);
#6244=PLANE('',#6245);
#6245=AXIS2_PLACEMENT_3D('',#6246,#6247,#6248);
#6246=CARTESIAN_POINT('',(0.0,6.6802,0.0));
#6247=DIRECTION('',(0.0,1.0,0.0));
#6248=DIRECTION('',(0.0,0.0,1.0));
#6249=ADVANCED_FACE('',(#6250),#6261,.T.);
#6250=FACE_BOUND('',#6251,.T.);
#6251=EDGE_LOOP('',(#6252,#6253,#6254,#6255));
#6252=ORIENTED_EDGE('',*,*,#6076,.F.);
#6253=ORIENTED_EDGE('',*,*,#6237,.F.);
#6254=ORIENTED_EDGE('',*,*,#6213,.F.);
#6255=ORIENTED_EDGE('',*,*,#6256,.T.);
#6256=EDGE_CURVE('',#6206,#6077,#6257,.T.);
#6257=LINE('',#6258,#6259);
#6258=CARTESIAN_POINT('',(5.3594,6.392170453,-5.4483));
#6259=VECTOR('',#6260,1.0);
#6260=DIRECTION('',(-1.0,0.0,0.0));
#6261=PLANE('',#6262);
#6262=AXIS2_PLACEMENT_3D('',#6263,#6264,#6265);
#6263=CARTESIAN_POINT('',(5.3594,6.1722,-5.4483));
#6264=DIRECTION('',(0.0,0.0,-1.0));
#6265=DIRECTION('',(-1.0,0.0,0.0));
#6266=ADVANCED_FACE('',(#6267),#6273,.F.);
#6267=FACE_BOUND('',#6268,.T.);
#6268=EDGE_LOOP('',(#6269,#6270,#6271,#6272));
#6269=ORIENTED_EDGE('',*,*,#1210,.F.);
#6270=ORIENTED_EDGE('',*,*,#6084,.F.);
#6271=ORIENTED_EDGE('',*,*,#6256,.F.);
#6272=ORIENTED_EDGE('',*,*,#6205,.F.);
#6273=PLANE('',#6274);
#6274=AXIS2_PLACEMENT_3D('',#6275,#6276,#6277);
#6275=CARTESIAN_POINT('',(-10.56132,6.1722,-5.0673));
#6276=DIRECTION('',(0.0,0.866025404,0.5));
#6277=DIRECTION('',(0.0,0.5,-0.866025404));
#6278=ADVANCED_FACE('',(#6279),#6285,.T.);
#6279=FACE_BOUND('',#6280,.T.);
#6280=EDGE_LOOP('',(#6281,#6282,#6283,#6284));
#6281=ORIENTED_EDGE('',*,*,#6092,.F.);
#6282=ORIENTED_EDGE('',*,*,#5794,.F.);
#6283=ORIENTED_EDGE('',*,*,#6197,.F.);
#6284=ORIENTED_EDGE('',*,*,#5412,.F.);
#6285=PLANE('',#6286);
#6286=AXIS2_PLACEMENT_3D('',#6287,#6288,#6289);
#6287=CARTESIAN_POINT('',(0.0,6.6802,0.0));
#6288=DIRECTION('',(0.0,1.0,0.0));
#6289=DIRECTION('',(0.0,0.0,1.0));
#6290=ADVANCED_FACE('',(#6291),#6310,.T.);
#6291=FACE_BOUND('',#6292,.T.);
#6292=EDGE_LOOP('',(#6293,#6294,#6303,#6309));
#6293=ORIENTED_EDGE('',*,*,#5779,.F.);
#6294=ORIENTED_EDGE('',*,*,#6295,.T.);
#6295=EDGE_CURVE('',#5772,#6296,#6298,.F.);
#6296=VERTEX_POINT('',#6297);
#6297=CARTESIAN_POINT('',(8.8011,7.3152,-4.3815));
#6298=CIRCLE('',#6299,0.381);
#6299=AXIS2_PLACEMENT_3D('',#6300,#6301,#6302);
#6300=CARTESIAN_POINT('',(8.4201,7.3152,-4.3815));
#6301=DIRECTION('',(0.0,1.0,0.0));
#6302=DIRECTION('',(1.0,0.0,0.0));
#6303=ORIENTED_EDGE('',*,*,#6304,.T.);
#6304=EDGE_CURVE('',#6296,#1235,#6305,.F.);
#6305=LINE('',#6306,#6307);
#6306=CARTESIAN_POINT('',(8.8011,6.1722,-4.3815));
#6307=VECTOR('',#6308,1.0);
#6308=DIRECTION('',(0.0,1.0,0.0));
#6309=ORIENTED_EDGE('',*,*,#1234,.F.);
#6310=CYLINDRICAL_SURFACE('',#6311,0.381);
#6311=AXIS2_PLACEMENT_3D('',#6312,#6313,#6314);
#6312=CARTESIAN_POINT('',(8.4201,6.1722,-4.3815));
#6313=DIRECTION('',(0.0,1.0,0.0));
#6314=DIRECTION('',(0.0,0.0,1.0));
#6315=ADVANCED_FACE('',(#6316),#6334,.T.);
#6316=FACE_BOUND('',#6317,.T.);
#6317=EDGE_LOOP('',(#6318,#6319,#6327,#6333));
#6318=ORIENTED_EDGE('',*,*,#6304,.F.);
#6319=ORIENTED_EDGE('',*,*,#6320,.T.);
#6320=EDGE_CURVE('',#6296,#6321,#6323,.F.);
#6321=VERTEX_POINT('',#6322);
#6322=CARTESIAN_POINT('',(8.8011,7.3152,-1.905));
#6323=LINE('',#6324,#6325);
#6324=CARTESIAN_POINT('',(8.8011,7.3152,-1.905));
#6325=VECTOR('',#6326,1.0);
#6326=DIRECTION('',(0.0,0.0,-1.0));
#6327=ORIENTED_EDGE('',*,*,#6328,.T.);
#6328=EDGE_CURVE('',#6321,#1244,#6329,.F.);
#6329=LINE('',#6330,#6331);
#6330=CARTESIAN_POINT('',(8.8011,6.1722,-1.905));
#6331=VECTOR('',#6332,1.0);
#6332=DIRECTION('',(0.0,1.0,0.0));
#6333=ORIENTED_EDGE('',*,*,#1243,.F.);
#6334=PLANE('',#6335);
#6335=AXIS2_PLACEMENT_3D('',#6336,#6337,#6338);
#6336=CARTESIAN_POINT('',(8.8011,6.1722,-1.905));
#6337=DIRECTION('',(1.0,0.0,0.0));
#6338=DIRECTION('',(0.0,0.0,-1.0));
#6339=ADVANCED_FACE('',(#6340),#6352,.T.);
#6340=FACE_BOUND('',#6341,.T.);
#6341=EDGE_LOOP('',(#6342,#6343,#6344,#6350,#6351));
#6342=ORIENTED_EDGE('',*,*,#1251,.F.);
#6343=ORIENTED_EDGE('',*,*,#6328,.F.);
#6344=ORIENTED_EDGE('',*,*,#6345,.T.);
#6345=EDGE_CURVE('',#6321,#81,#6346,.F.);
#6346=LINE('',#6347,#6348);
#6347=CARTESIAN_POINT('',(8.4201,7.3152,-1.905));
#6348=VECTOR('',#6349,1.0);
#6349=DIRECTION('',(1.0,0.0,0.0));
#6350=ORIENTED_EDGE('',*,*,#80,.F.);
#6351=ORIENTED_EDGE('',*,*,#160,.F.);
#6352=PLANE('',#6353);
#6353=AXIS2_PLACEMENT_3D('',#6354,#6355,#6356);
#6354=CARTESIAN_POINT('',(8.4201,6.1722,-1.905));
#6355=DIRECTION('',(0.0,0.0,1.0));
#6356=DIRECTION('',(1.0,0.0,0.0));
#6357=ADVANCED_FACE('',(#6358,#6415),#6449,.T.);
#6358=FACE_BOUND('',#6359,.T.);
#6359=EDGE_LOOP('',(#6360,#6361,#6362,#6363,#6364,#6365,#6374,#6382,#6391,#6399,#6408,#6414));
#6360=ORIENTED_EDGE('',*,*,#88,.F.);
#6361=ORIENTED_EDGE('',*,*,#6345,.F.);
#6362=ORIENTED_EDGE('',*,*,#6320,.F.);
#6363=ORIENTED_EDGE('',*,*,#6295,.F.);
#6364=ORIENTED_EDGE('',*,*,#5771,.F.);
#6365=ORIENTED_EDGE('',*,*,#6366,.T.);
#6366=EDGE_CURVE('',#5764,#6367,#6369,.T.);
#6367=VERTEX_POINT('',#6368);
#6368=CARTESIAN_POINT('',(-8.8011,7.3152,-4.3815));
#6369=CIRCLE('',#6370,0.381);
#6370=AXIS2_PLACEMENT_3D('',#6371,#6372,#6373);
#6371=CARTESIAN_POINT('',(-8.4201,7.3152,-4.3815));
#6372=DIRECTION('',(0.0,1.0,0.0));
#6373=DIRECTION('',(0.0,0.0,-1.0));
#6374=ORIENTED_EDGE('',*,*,#6375,.T.);
#6375=EDGE_CURVE('',#6367,#6376,#6378,.T.);
#6376=VERTEX_POINT('',#6377);
#6377=CARTESIAN_POINT('',(-8.8011,7.3152,4.3815));
#6378=LINE('',#6379,#6380);
#6379=CARTESIAN_POINT('',(-8.8011,7.3152,-4.3815));
#6380=VECTOR('',#6381,1.0);
#6381=DIRECTION('',(0.0,0.0,1.0));
#6382=ORIENTED_EDGE('',*,*,#6383,.T.);
#6383=EDGE_CURVE('',#6376,#6384,#6386,.T.);
#6384=VERTEX_POINT('',#6385);
#6385=CARTESIAN_POINT('',(-8.4201,7.3152,4.7625));
#6386=CIRCLE('',#6387,0.381);
#6387=AXIS2_PLACEMENT_3D('',#6388,#6389,#6390);
#6388=CARTESIAN_POINT('',(-8.4201,7.3152,4.3815));
#6389=DIRECTION('',(0.0,1.0,0.0));
#6390=DIRECTION('',(-1.0,0.0,0.0));
#6391=ORIENTED_EDGE('',*,*,#6392,.T.);
#6392=EDGE_CURVE('',#6384,#6393,#6395,.T.);
#6393=VERTEX_POINT('',#6394);
#6394=CARTESIAN_POINT('',(8.4201,7.3152,4.7625));
#6395=LINE('',#6396,#6397);
#6396=CARTESIAN_POINT('',(-8.4201,7.3152,4.7625));
#6397=VECTOR('',#6398,1.0);
#6398=DIRECTION('',(1.0,0.0,0.0));
#6399=ORIENTED_EDGE('',*,*,#6400,.T.);
#6400=EDGE_CURVE('',#6393,#6401,#6403,.T.);
#6401=VERTEX_POINT('',#6402);
#6402=CARTESIAN_POINT('',(8.8011,7.3152,4.3815));
#6403=CIRCLE('',#6404,0.381);
#6404=AXIS2_PLACEMENT_3D('',#6405,#6406,#6407);
#6405=CARTESIAN_POINT('',(8.4201,7.3152,4.3815));
#6406=DIRECTION('',(0.0,1.0,0.0));
#6407=DIRECTION('',(0.0,0.0,1.0));
#6408=ORIENTED_EDGE('',*,*,#6409,.T.);
#6409=EDGE_CURVE('',#6401,#206,#6410,.T.);
#6410=LINE('',#6411,#6412);
#6411=CARTESIAN_POINT('',(8.8011,7.3152,4.3815));
#6412=VECTOR('',#6413,1.0);
#6413=DIRECTION('',(0.0,0.0,-1.0));
#6414=ORIENTED_EDGE('',*,*,#205,.F.);
#6415=FACE_BOUND('',#6416,.T.);
#6416=EDGE_LOOP('',(#6417,#6427,#6435,#6443));
#6417=ORIENTED_EDGE('',*,*,#6418,.T.);
#6418=EDGE_CURVE('',#6419,#6421,#6423,.T.);
#6419=VERTEX_POINT('',#6420);
#6420=CARTESIAN_POINT('',(4.5974,7.3152,1.778));
#6421=VERTEX_POINT('',#6422);
#6422=CARTESIAN_POINT('',(-4.5974,7.3152,1.778));
#6423=LINE('',#6424,#6425);
#6424=CARTESIAN_POINT('',(4.5974,7.3152,1.778));
#6425=VECTOR('',#6426,1.0);
#6426=DIRECTION('',(-1.0,0.0,0.0));
#6427=ORIENTED_EDGE('',*,*,#6428,.T.);
#6428=EDGE_CURVE('',#6421,#6429,#6431,.T.);
#6429=VERTEX_POINT('',#6430);
#6430=CARTESIAN_POINT('',(-4.5974,7.3152,-1.778));
#6431=LINE('',#6432,#6433);
#6432=CARTESIAN_POINT('',(-4.5974,7.3152,1.778));
#6433=VECTOR('',#6434,1.0);
#6434=DIRECTION('',(0.0,0.0,-1.0));
#6435=ORIENTED_EDGE('',*,*,#6436,.T.);
#6436=EDGE_CURVE('',#6429,#6437,#6439,.T.);
#6437=VERTEX_POINT('',#6438);
#6438=CARTESIAN_POINT('',(4.5974,7.3152,-1.778));
#6439=LINE('',#6440,#6441);
#6440=CARTESIAN_POINT('',(-4.5974,7.3152,-1.778));
#6441=VECTOR('',#6442,1.0);
#6442=DIRECTION('',(1.0,0.0,0.0));
#6443=ORIENTED_EDGE('',*,*,#6444,.T.);
#6444=EDGE_CURVE('',#6437,#6419,#6445,.T.);
#6445=LINE('',#6446,#6447);
#6446=CARTESIAN_POINT('',(4.5974,7.3152,-1.778));
#6447=VECTOR('',#6448,1.0);
#6448=DIRECTION('',(0.0,0.0,1.0));
#6449=PLANE('',#6450);
#6450=AXIS2_PLACEMENT_3D('',#6451,#6452,#6453);
#6451=CARTESIAN_POINT('',(0.0,7.3152,0.0));
#6452=DIRECTION('',(0.0,1.0,0.0));
#6453=DIRECTION('',(0.0,0.0,1.0));
#6454=ADVANCED_FACE('',(#6455),#6466,.T.);
#6455=FACE_BOUND('',#6456,.T.);
#6456=EDGE_LOOP('',(#6457,#6458,#6459,#6465));
#6457=ORIENTED_EDGE('',*,*,#213,.F.);
#6458=ORIENTED_EDGE('',*,*,#6409,.F.);
#6459=ORIENTED_EDGE('',*,*,#6460,.T.);
#6460=EDGE_CURVE('',#6401,#238,#6461,.F.);
#6461=LINE('',#6462,#6463);
#6462=CARTESIAN_POINT('',(8.8011,6.1722,4.3815));
#6463=VECTOR('',#6464,1.0);
#6464=DIRECTION('',(0.0,1.0,0.0));
#6465=ORIENTED_EDGE('',*,*,#237,.F.);
#6466=PLANE('',#6467);
#6467=AXIS2_PLACEMENT_3D('',#6468,#6469,#6470);
#6468=CARTESIAN_POINT('',(8.8011,6.1722,4.3815));
#6469=DIRECTION('',(1.0,0.0,0.0));
#6470=DIRECTION('',(0.0,0.0,-1.0));
#6471=ADVANCED_FACE('',(#6472),#6483,.T.);
#6472=FACE_BOUND('',#6473,.T.);
#6473=EDGE_LOOP('',(#6474,#6475,#6476,#6482));
#6474=ORIENTED_EDGE('',*,*,#6460,.F.);
#6475=ORIENTED_EDGE('',*,*,#6400,.F.);
#6476=ORIENTED_EDGE('',*,*,#6477,.T.);
#6477=EDGE_CURVE('',#6393,#246,#6478,.F.);
#6478=LINE('',#6479,#6480);
#6479=CARTESIAN_POINT('',(8.4201,6.1722,4.7625));
#6480=VECTOR('',#6481,1.0);
#6481=DIRECTION('',(0.0,1.0,0.0));
#6482=ORIENTED_EDGE('',*,*,#245,.F.);
#6483=CYLINDRICAL_SURFACE('',#6484,0.381);
#6484=AXIS2_PLACEMENT_3D('',#6485,#6486,#6487);
#6485=CARTESIAN_POINT('',(8.4201,6.1722,4.3815));
#6486=DIRECTION('',(0.0,1.0,0.0));
#6487=DIRECTION('',(0.0,0.0,1.0));
#6488=ADVANCED_FACE('',(#6489),#6569,.T.);
#6489=FACE_BOUND('',#6490,.T.);
#6490=EDGE_LOOP('',(#6491,#6499,#6500,#6508,#6516,#6522,#6523,#6531,#6539,#6545,#6546,#6547,#6548,#6554,#6555,#6563));
#6491=ORIENTED_EDGE('',*,*,#6492,.T.);
#6492=EDGE_CURVE('',#6493,#319,#6495,.F.);
#6493=VERTEX_POINT('',#6494);
#6494=CARTESIAN_POINT('',(-3.8354,6.6802,4.7625));
#6495=LINE('',#6496,#6497);
#6496=CARTESIAN_POINT('',(-3.8354,6.1722,4.7625));
#6497=VECTOR('',#6498,1.0);
#6498=DIRECTION('',(0.0,1.0,0.0));
#6499=ORIENTED_EDGE('',*,*,#318,.F.);
#6500=ORIENTED_EDGE('',*,*,#6501,.T.);
#6501=EDGE_CURVE('',#311,#6502,#6504,.T.);
#6502=VERTEX_POINT('',#6503);
#6503=CARTESIAN_POINT('',(-0.762,6.6802,4.7625));
#6504=LINE('',#6505,#6506);
#6505=CARTESIAN_POINT('',(-0.762,6.1722,4.7625));
#6506=VECTOR('',#6507,1.0);
#6507=DIRECTION('',(0.0,1.0,0.0));
#6508=ORIENTED_EDGE('',*,*,#6509,.T.);
#6509=EDGE_CURVE('',#6502,#6510,#6512,.T.);
#6510=VERTEX_POINT('',#6511);
#6511=CARTESIAN_POINT('',(0.762,6.6802,4.7625));
#6512=LINE('',#6513,#6514);
#6513=CARTESIAN_POINT('',(-0.762,6.6802,4.7625));
#6514=VECTOR('',#6515,1.0);
#6515=DIRECTION('',(1.0,0.0,0.0));
#6516=ORIENTED_EDGE('',*,*,#6517,.T.);
#6517=EDGE_CURVE('',#6510,#287,#6518,.F.);
#6518=LINE('',#6519,#6520);
#6519=CARTESIAN_POINT('',(0.762,6.1722,4.7625));
#6520=VECTOR('',#6521,1.0);
#6521=DIRECTION('',(0.0,1.0,0.0));
#6522=ORIENTED_EDGE('',*,*,#286,.F.);
#6523=ORIENTED_EDGE('',*,*,#6524,.T.);
#6524=EDGE_CURVE('',#279,#6525,#6527,.T.);
#6525=VERTEX_POINT('',#6526);
#6526=CARTESIAN_POINT('',(3.8354,6.6802,4.7625));
#6527=LINE('',#6528,#6529);
#6528=CARTESIAN_POINT('',(3.8354,6.1722,4.7625));
#6529=VECTOR('',#6530,1.0);
#6530=DIRECTION('',(0.0,1.0,0.0));
#6531=ORIENTED_EDGE('',*,*,#6532,.T.);
#6532=EDGE_CURVE('',#6525,#6533,#6535,.T.);
#6533=VERTEX_POINT('',#6534);
#6534=CARTESIAN_POINT('',(5.3594,6.6802,4.7625));
#6535=LINE('',#6536,#6537);
#6536=CARTESIAN_POINT('',(3.8354,6.6802,4.7625));
#6537=VECTOR('',#6538,1.0);
#6538=DIRECTION('',(1.0,0.0,0.0));
#6539=ORIENTED_EDGE('',*,*,#6540,.T.);
#6540=EDGE_CURVE('',#6533,#255,#6541,.F.);
#6541=LINE('',#6542,#6543);
#6542=CARTESIAN_POINT('',(5.3594,6.1722,4.7625));
#6543=VECTOR('',#6544,1.0);
#6544=DIRECTION('',(0.0,1.0,0.0));
#6545=ORIENTED_EDGE('',*,*,#254,.F.);
#6546=ORIENTED_EDGE('',*,*,#6477,.F.);
#6547=ORIENTED_EDGE('',*,*,#6392,.F.);
#6548=ORIENTED_EDGE('',*,*,#6549,.T.);
#6549=EDGE_CURVE('',#6384,#351,#6550,.F.);
#6550=LINE('',#6551,#6552);
#6551=CARTESIAN_POINT('',(-8.4201,6.1722,4.7625));
#6552=VECTOR('',#6553,1.0);
#6553=DIRECTION('',(0.0,1.0,0.0));
#6554=ORIENTED_EDGE('',*,*,#350,.F.);
#6555=ORIENTED_EDGE('',*,*,#6556,.T.);
#6556=EDGE_CURVE('',#343,#6557,#6559,.T.);
#6557=VERTEX_POINT('',#6558);
#6558=CARTESIAN_POINT('',(-5.3594,6.6802,4.7625));
#6559=LINE('',#6560,#6561);
#6560=CARTESIAN_POINT('',(-5.3594,6.1722,4.7625));
#6561=VECTOR('',#6562,1.0);
#6562=DIRECTION('',(0.0,1.0,0.0));
#6563=ORIENTED_EDGE('',*,*,#6564,.T.);
#6564=EDGE_CURVE('',#6557,#6493,#6565,.T.);
#6565=LINE('',#6566,#6567);
#6566=CARTESIAN_POINT('',(-5.3594,6.6802,4.7625));
#6567=VECTOR('',#6568,1.0);
#6568=DIRECTION('',(1.0,0.0,0.0));
#6569=PLANE('',#6570);
#6570=AXIS2_PLACEMENT_3D('',#6571,#6572,#6573);
#6571=CARTESIAN_POINT('',(-8.4201,6.1722,4.7625));
#6572=DIRECTION('',(0.0,0.0,1.0));
#6573=DIRECTION('',(1.0,0.0,0.0));
#6574=ADVANCED_FACE('',(#6575),#6591,.T.);
#6575=FACE_BOUND('',#6576,.T.);
#6576=EDGE_LOOP('',(#6577,#6583,#6584,#6590));
#6577=ORIENTED_EDGE('',*,*,#6578,.T.);
#6578=EDGE_CURVE('',#2240,#6493,#6579,.T.);
#6579=LINE('',#6580,#6581);
#6580=CARTESIAN_POINT('',(-3.8354,6.6802,4.8133));
#6581=VECTOR('',#6582,1.0);
#6582=DIRECTION('',(0.0,0.0,-1.0));
#6583=ORIENTED_EDGE('',*,*,#6564,.F.);
#6584=ORIENTED_EDGE('',*,*,#6585,.T.);
#6585=EDGE_CURVE('',#6557,#2242,#6586,.T.);
#6586=LINE('',#6587,#6588);
#6587=CARTESIAN_POINT('',(-5.3594,6.6802,4.7625));
#6588=VECTOR('',#6589,1.0);
#6589=DIRECTION('',(-1.387778781E-14,0.0,1.0));
#6590=ORIENTED_EDGE('',*,*,#2239,.F.);
#6591=PLANE('',#6592);
#6592=AXIS2_PLACEMENT_3D('',#6593,#6594,#6595);
#6593=CARTESIAN_POINT('',(0.0,6.6802,0.0));
#6594=DIRECTION('',(0.0,1.0,0.0));
#6595=DIRECTION('',(0.0,0.0,1.0));
#6596=ADVANCED_FACE('',(#6597),#6630,.T.);
#6597=FACE_BOUND('',#6598,.T.);
#6598=EDGE_LOOP('',(#6599,#6600,#6601,#6602,#6610,#6618,#6624));
#6599=ORIENTED_EDGE('',*,*,#6585,.F.);
#6600=ORIENTED_EDGE('',*,*,#6556,.F.);
#6601=ORIENTED_EDGE('',*,*,#342,.F.);
#6602=ORIENTED_EDGE('',*,*,#6603,.T.);
#6603=EDGE_CURVE('',#335,#6604,#6606,.F.);
#6604=VERTEX_POINT('',#6605);
#6605=CARTESIAN_POINT('',(-5.3594,6.392170453,5.4483));
#6606=LINE('',#6607,#6608);
#6607=CARTESIAN_POINT('',(-5.3594,6.392170453,5.4483));
#6608=VECTOR('',#6609,1.0);
#6609=DIRECTION('',(0.0,-0.5,-0.866025404));
#6610=ORIENTED_EDGE('',*,*,#6611,.T.);
#6611=EDGE_CURVE('',#6604,#6612,#6614,.T.);
#6612=VERTEX_POINT('',#6613);
#6613=CARTESIAN_POINT('',(-5.3594,6.6802,5.4483));
#6614=LINE('',#6615,#6616);
#6615=CARTESIAN_POINT('',(-5.3594,6.392170453,5.4483));
#6616=VECTOR('',#6617,1.0);
#6617=DIRECTION('',(0.0,1.0,0.0));
#6618=ORIENTED_EDGE('',*,*,#6619,.T.);
#6619=EDGE_CURVE('',#6612,#2677,#6620,.F.);
#6620=LINE('',#6621,#6622);
#6621=CARTESIAN_POINT('',(-5.3594,6.6802,5.3721));
#6622=VECTOR('',#6623,1.0);
#6623=DIRECTION('',(0.0,0.0,1.0));
#6624=ORIENTED_EDGE('',*,*,#6625,.T.);
#6625=EDGE_CURVE('',#2677,#2242,#6626,.T.);
#6626=LINE('',#6627,#6628);
#6627=CARTESIAN_POINT('',(-5.3594,6.6802,5.3721));
#6628=VECTOR('',#6629,1.0);
#6629=DIRECTION('',(0.0,0.0,-1.0));
#6630=PLANE('',#6631);
#6631=AXIS2_PLACEMENT_3D('',#6632,#6633,#6634);
#6632=CARTESIAN_POINT('',(-5.3594,6.1722,4.7625));
#6633=DIRECTION('',(-1.0,0.0,0.0));
#6634=DIRECTION('',(0.0,0.0,1.0));
#6635=ADVANCED_FACE('',(#6636),#6647,.F.);
#6636=FACE_BOUND('',#6637,.T.);
#6637=EDGE_LOOP('',(#6638,#6639,#6645,#6646));
#6638=ORIENTED_EDGE('',*,*,#2718,.F.);
#6639=ORIENTED_EDGE('',*,*,#6640,.T.);
#6640=EDGE_CURVE('',#2711,#2250,#6641,.T.);
#6641=LINE('',#6642,#6643);
#6642=CARTESIAN_POINT('',(-5.5499,6.6802,5.3721));
#6643=VECTOR('',#6644,1.0);
#6644=DIRECTION('',(0.0,0.0,-1.0));
#6645=ORIENTED_EDGE('',*,*,#2249,.F.);
#6646=ORIENTED_EDGE('',*,*,#6625,.F.);
#6647=PLANE('',#6648);
#6648=AXIS2_PLACEMENT_3D('',#6649,#6650,#6651);
#6649=CARTESIAN_POINT('',(-3.6449,6.6802,6.44652));
#6650=DIRECTION('',(0.0,1.0,0.0));
#6651=DIRECTION('',(-1.0,0.0,0.0));
#6652=ADVANCED_FACE('',(#6653),#6664,.F.);
#6653=FACE_BOUND('',#6654,.T.);
#6654=EDGE_LOOP('',(#6655,#6661,#6662,#6663));
#6655=ORIENTED_EDGE('',*,*,#6656,.T.);
#6656=EDGE_CURVE('',#2703,#2258,#6657,.T.);
#6657=LINE('',#6658,#6659);
#6658=CARTESIAN_POINT('',(-5.5499,6.0452,5.3721));
#6659=VECTOR('',#6660,1.0);
#6660=DIRECTION('',(0.0,0.0,-1.0));
#6661=ORIENTED_EDGE('',*,*,#2257,.F.);
#6662=ORIENTED_EDGE('',*,*,#6640,.F.);
#6663=ORIENTED_EDGE('',*,*,#2710,.F.);
#6664=PLANE('',#6665);
#6665=AXIS2_PLACEMENT_3D('',#6666,#6667,#6668);
#6666=CARTESIAN_POINT('',(-5.5499,6.6802,6.44652));
#6667=DIRECTION('',(-1.0,0.0,0.0));
#6668=DIRECTION('',(0.0,-1.0,0.0));
#6669=ADVANCED_FACE('',(#6670),#6681,.F.);
#6670=FACE_BOUND('',#6671,.T.);
#6671=EDGE_LOOP('',(#6672,#6678,#6679,#6680));
#6672=ORIENTED_EDGE('',*,*,#6673,.T.);
#6673=EDGE_CURVE('',#2695,#2266,#6674,.T.);
#6674=LINE('',#6675,#6676);
#6675=CARTESIAN_POINT('',(-3.6449,6.0452,5.3721));
#6676=VECTOR('',#6677,1.0);
#6677=DIRECTION('',(0.0,0.0,-1.0));
#6678=ORIENTED_EDGE('',*,*,#2265,.F.);
#6679=ORIENTED_EDGE('',*,*,#6656,.F.);
#6680=ORIENTED_EDGE('',*,*,#2702,.F.);
#6681=PLANE('',#6682);
#6682=AXIS2_PLACEMENT_3D('',#6683,#6684,#6685);
#6683=CARTESIAN_POINT('',(-5.5499,6.0452,6.44652));
#6684=DIRECTION('',(0.0,-1.0,0.0));
#6685=DIRECTION('',(1.0,0.0,0.0));
#6686=ADVANCED_FACE('',(#6687),#6698,.F.);
#6687=FACE_BOUND('',#6688,.T.);
#6688=EDGE_LOOP('',(#6689,#6695,#6696,#6697));
#6689=ORIENTED_EDGE('',*,*,#6690,.T.);
#6690=EDGE_CURVE('',#2687,#2274,#6691,.T.);
#6691=LINE('',#6692,#6693);
#6692=CARTESIAN_POINT('',(-3.6449,6.6802,5.3721));
#6693=VECTOR('',#6694,1.0);
#6694=DIRECTION('',(0.0,0.0,-1.0));
#6695=ORIENTED_EDGE('',*,*,#2273,.F.);
#6696=ORIENTED_EDGE('',*,*,#6673,.F.);
#6697=ORIENTED_EDGE('',*,*,#2694,.F.);
#6698=PLANE('',#6699);
#6699=AXIS2_PLACEMENT_3D('',#6700,#6701,#6702);
#6700=CARTESIAN_POINT('',(-3.6449,6.0452,6.44652));
#6701=DIRECTION('',(1.0,0.0,0.0));
#6702=DIRECTION('',(0.0,1.0,0.0));
#6703=ADVANCED_FACE('',(#6704),#6715,.F.);
#6704=FACE_BOUND('',#6705,.T.);
#6705=EDGE_LOOP('',(#6706,#6707,#6708,#6709));
#6706=ORIENTED_EDGE('',*,*,#2281,.F.);
#6707=ORIENTED_EDGE('',*,*,#6690,.F.);
#6708=ORIENTED_EDGE('',*,*,#2686,.F.);
#6709=ORIENTED_EDGE('',*,*,#6710,.T.);
#6710=EDGE_CURVE('',#2679,#2240,#6711,.T.);
#6711=LINE('',#6712,#6713);
#6712=CARTESIAN_POINT('',(-3.8354,6.6802,5.3721));
#6713=VECTOR('',#6714,1.0);
#6714=DIRECTION('',(0.0,0.0,-1.0));
#6715=PLANE('',#6716);
#6716=AXIS2_PLACEMENT_3D('',#6717,#6718,#6719);
#6717=CARTESIAN_POINT('',(-3.6449,6.6802,6.44652));
#6718=DIRECTION('',(0.0,1.0,0.0));
#6719=DIRECTION('',(-1.0,0.0,0.0));
#6720=ADVANCED_FACE('',(#6721),#6749,.T.);
#6721=FACE_BOUND('',#6722,.T.);
#6722=EDGE_LOOP('',(#6723,#6731,#6739,#6745,#6746,#6747,#6748));
#6723=ORIENTED_EDGE('',*,*,#6724,.T.);
#6724=EDGE_CURVE('',#2679,#6725,#6727,.F.);
#6725=VERTEX_POINT('',#6726);
#6726=CARTESIAN_POINT('',(-3.8354,6.6802,5.4483));
#6727=LINE('',#6728,#6729);
#6728=CARTESIAN_POINT('',(-3.8354,6.6802,5.4483));
#6729=VECTOR('',#6730,1.0);
#6730=DIRECTION('',(0.0,0.0,-1.0));
#6731=ORIENTED_EDGE('',*,*,#6732,.T.);
#6732=EDGE_CURVE('',#6725,#6733,#6735,.F.);
#6733=VERTEX_POINT('',#6734);
#6734=CARTESIAN_POINT('',(-3.8354,6.392170453,5.4483));
#6735=LINE('',#6736,#6737);
#6736=CARTESIAN_POINT('',(-3.8354,6.392170453,5.4483));
#6737=VECTOR('',#6738,1.0);
#6738=DIRECTION('',(0.0,1.0,0.0));
#6739=ORIENTED_EDGE('',*,*,#6740,.T.);
#6740=EDGE_CURVE('',#6733,#327,#6741,.T.);
#6741=LINE('',#6742,#6743);
#6742=CARTESIAN_POINT('',(-3.8354,6.392170453,5.4483));
#6743=VECTOR('',#6744,1.0);
#6744=DIRECTION('',(0.0,-0.5,-0.866025404));
#6745=ORIENTED_EDGE('',*,*,#326,.F.);
#6746=ORIENTED_EDGE('',*,*,#6492,.F.);
#6747=ORIENTED_EDGE('',*,*,#6578,.F.);
#6748=ORIENTED_EDGE('',*,*,#6710,.F.);
#6749=PLANE('',#6750);
#6750=AXIS2_PLACEMENT_3D('',#6751,#6752,#6753);
#6751=CARTESIAN_POINT('',(-3.8354,6.1722,5.4483));
#6752=DIRECTION('',(1.0,0.0,0.0));
#6753=DIRECTION('',(0.0,0.0,-1.0));
#6754=ADVANCED_FACE('',(#6755),#6766,.F.);
#6755=FACE_BOUND('',#6756,.T.);
#6756=EDGE_LOOP('',(#6757,#6758,#6759,#6765));
#6757=ORIENTED_EDGE('',*,*,#334,.F.);
#6758=ORIENTED_EDGE('',*,*,#6740,.F.);
#6759=ORIENTED_EDGE('',*,*,#6760,.T.);
#6760=EDGE_CURVE('',#6733,#6604,#6761,.F.);
#6761=LINE('',#6762,#6763);
#6762=CARTESIAN_POINT('',(-5.3594,6.392170453,5.4483));
#6763=VECTOR('',#6764,1.0);
#6764=DIRECTION('',(1.0,0.0,0.0));
#6765=ORIENTED_EDGE('',*,*,#6603,.F.);
#6766=PLANE('',#6767);
#6767=AXIS2_PLACEMENT_3D('',#6768,#6769,#6770);
#6768=CARTESIAN_POINT('',(-10.56132,6.392170453,5.4483));
#6769=DIRECTION('',(0.0,0.866025404,-0.5));
#6770=DIRECTION('',(0.0,-0.5,-0.866025404));
#6771=ADVANCED_FACE('',(#6772),#6783,.T.);
#6772=FACE_BOUND('',#6773,.T.);
#6773=EDGE_LOOP('',(#6774,#6775,#6781,#6782));
#6774=ORIENTED_EDGE('',*,*,#6732,.F.);
#6775=ORIENTED_EDGE('',*,*,#6776,.T.);
#6776=EDGE_CURVE('',#6725,#6612,#6777,.F.);
#6777=LINE('',#6778,#6779);
#6778=CARTESIAN_POINT('',(-5.3594,6.6802,5.4483));
#6779=VECTOR('',#6780,1.0);
#6780=DIRECTION('',(1.0,0.0,0.0));
#6781=ORIENTED_EDGE('',*,*,#6611,.F.);
#6782=ORIENTED_EDGE('',*,*,#6760,.F.);
#6783=PLANE('',#6784);
#6784=AXIS2_PLACEMENT_3D('',#6785,#6786,#6787);
#6785=CARTESIAN_POINT('',(-5.3594,6.1722,5.4483));
#6786=DIRECTION('',(0.0,0.0,1.0));
#6787=DIRECTION('',(1.0,0.0,0.0));
#6788=ADVANCED_FACE('',(#6789),#6795,.T.);
#6789=FACE_BOUND('',#6790,.T.);
#6790=EDGE_LOOP('',(#6791,#6792,#6793,#6794));
#6791=ORIENTED_EDGE('',*,*,#6619,.F.);
#6792=ORIENTED_EDGE('',*,*,#6776,.F.);
#6793=ORIENTED_EDGE('',*,*,#6724,.F.);
#6794=ORIENTED_EDGE('',*,*,#2676,.F.);
#6795=PLANE('',#6796);
#6796=AXIS2_PLACEMENT_3D('',#6797,#6798,#6799);
#6797=CARTESIAN_POINT('',(0.0,6.6802,0.0));
#6798=DIRECTION('',(0.0,1.0,0.0));
#6799=DIRECTION('',(0.0,0.0,1.0));
#6800=ADVANCED_FACE('',(#6801),#6812,.T.);
#6801=FACE_BOUND('',#6802,.T.);
#6802=EDGE_LOOP('',(#6803,#6804,#6805,#6811));
#6803=ORIENTED_EDGE('',*,*,#6549,.F.);
#6804=ORIENTED_EDGE('',*,*,#6383,.F.);
#6805=ORIENTED_EDGE('',*,*,#6806,.T.);
#6806=EDGE_CURVE('',#6376,#359,#6807,.F.);
#6807=LINE('',#6808,#6809);
#6808=CARTESIAN_POINT('',(-8.8011,6.1722,4.3815));
#6809=VECTOR('',#6810,1.0);
#6810=DIRECTION('',(0.0,1.0,0.0));
#6811=ORIENTED_EDGE('',*,*,#358,.F.);
#6812=CYLINDRICAL_SURFACE('',#6813,0.381);
#6813=AXIS2_PLACEMENT_3D('',#6814,#6815,#6816);
#6814=CARTESIAN_POINT('',(-8.4201,6.1722,4.3815));
#6815=DIRECTION('',(0.0,1.0,0.0));
#6816=DIRECTION('',(0.0,0.0,1.0));
#6817=ADVANCED_FACE('',(#6818),#6852,.T.);
#6818=FACE_BOUND('',#6819,.T.);
#6819=EDGE_LOOP('',(#6820,#6830,#6836,#6837,#6838,#6839,#6845,#6846));
#6820=ORIENTED_EDGE('',*,*,#6821,.T.);
#6821=EDGE_CURVE('',#6822,#6824,#6826,.F.);
#6822=VERTEX_POINT('',#6823);
#6823=CARTESIAN_POINT('',(-8.8011,6.8072,-1.778));
#6824=VERTEX_POINT('',#6825);
#6825=CARTESIAN_POINT('',(-8.8011,6.8072,1.778));
#6826=LINE('',#6827,#6828);
#6827=CARTESIAN_POINT('',(-8.8011,6.8072,1.778));
#6828=VECTOR('',#6829,1.0);
#6829=DIRECTION('',(0.0,0.0,-1.0));
#6830=ORIENTED_EDGE('',*,*,#6831,.T.);
#6831=EDGE_CURVE('',#6824,#368,#6832,.F.);
#6832=LINE('',#6833,#6834);
#6833=CARTESIAN_POINT('',(-8.8011,6.1722,1.778));
#6834=VECTOR('',#6835,1.0);
#6835=DIRECTION('',(0.0,1.0,0.0));
#6836=ORIENTED_EDGE('',*,*,#367,.F.);
#6837=ORIENTED_EDGE('',*,*,#6806,.F.);
#6838=ORIENTED_EDGE('',*,*,#6375,.F.);
#6839=ORIENTED_EDGE('',*,*,#6840,.T.);
#6840=EDGE_CURVE('',#6367,#1114,#6841,.F.);
#6841=LINE('',#6842,#6843);
#6842=CARTESIAN_POINT('',(-8.8011,6.1722,-4.3815));
#6843=VECTOR('',#6844,1.0);
#6844=DIRECTION('',(0.0,1.0,0.0));
#6845=ORIENTED_EDGE('',*,*,#1113,.F.);
#6846=ORIENTED_EDGE('',*,*,#6847,.T.);
#6847=EDGE_CURVE('',#1106,#6822,#6848,.T.);
#6848=LINE('',#6849,#6850);
#6849=CARTESIAN_POINT('',(-8.8011,6.1722,-1.778));
#6850=VECTOR('',#6851,1.0);
#6851=DIRECTION('',(0.0,1.0,0.0));
#6852=PLANE('',#6853);
#6853=AXIS2_PLACEMENT_3D('',#6854,#6855,#6856);
#6854=CARTESIAN_POINT('',(-8.8011,6.1722,-4.3815));
#6855=DIRECTION('',(-1.0,0.0,0.0));
#6856=DIRECTION('',(0.0,0.0,1.0));
#6857=ADVANCED_FACE('',(#6858),#6893,.F.);
#6858=FACE_BOUND('',#6859,.T.);
#6859=EDGE_LOOP('',(#6860,#6870,#6879,#6885,#6886,#6887));
#6860=ORIENTED_EDGE('',*,*,#6861,.T.);
#6861=EDGE_CURVE('',#6862,#6864,#6866,.T.);
#6862=VERTEX_POINT('',#6863);
#6863=CARTESIAN_POINT('',(-6.985,6.6294,-1.778));
#6864=VERTEX_POINT('',#6865);
#6865=CARTESIAN_POINT('',(-6.96994796,6.6294,-1.778));
#6866=LINE('',#6867,#6868);
#6867=CARTESIAN_POINT('',(-6.985,6.6294,-1.778));
#6868=VECTOR('',#6869,1.0);
#6869=DIRECTION('',(1.0,0.0,0.0));
#6870=ORIENTED_EDGE('',*,*,#6871,.T.);
#6871=EDGE_CURVE('',#6864,#6872,#6874,.F.);
#6872=VERTEX_POINT('',#6873);
#6873=CARTESIAN_POINT('',(-7.544122812,6.8072,-1.778));
#6874=CIRCLE('',#6875,1.016);
#6875=AXIS2_PLACEMENT_3D('',#6876,#6877,#6878);
#6876=CARTESIAN_POINT('',(-7.544122812,5.7912,-1.778));
#6877=DIRECTION('',(0.0,0.0,-1.0));
#6878=DIRECTION('',(0.0,1.0,0.0));
#6879=ORIENTED_EDGE('',*,*,#6880,.T.);
#6880=EDGE_CURVE('',#6872,#6822,#6881,.F.);
#6881=LINE('',#6882,#6883);
#6882=CARTESIAN_POINT('',(-8.8011,6.8072,-1.778));
#6883=VECTOR('',#6884,1.0);
#6884=DIRECTION('',(1.0,0.0,0.0));
#6885=ORIENTED_EDGE('',*,*,#6847,.F.);
#6886=ORIENTED_EDGE('',*,*,#1105,.F.);
#6887=ORIENTED_EDGE('',*,*,#6888,.T.);
#6888=EDGE_CURVE('',#1098,#6862,#6889,.T.);
#6889=LINE('',#6890,#6891);
#6890=CARTESIAN_POINT('',(-6.985,6.1722,-1.778));
#6891=VECTOR('',#6892,1.0);
#6892=DIRECTION('',(0.0,1.0,0.0));
#6893=PLANE('',#6894);
#6894=AXIS2_PLACEMENT_3D('',#6895,#6896,#6897);
#6895=CARTESIAN_POINT('',(0.0,7.3152,-1.778));
#6896=DIRECTION('',(0.0,0.0,-1.0));
#6897=DIRECTION('',(-1.0,0.0,0.0));
#6898=ADVANCED_FACE('',(#6899),#6917,.T.);
#6899=FACE_BOUND('',#6900,.T.);
#6900=EDGE_LOOP('',(#6901,#6909,#6915,#6916));
#6901=ORIENTED_EDGE('',*,*,#6902,.T.);
#6902=EDGE_CURVE('',#1090,#6903,#6905,.T.);
#6903=VERTEX_POINT('',#6904);
#6904=CARTESIAN_POINT('',(-6.985,6.6294,-4.290597914));
#6905=LINE('',#6906,#6907);
#6906=CARTESIAN_POINT('',(-6.985,6.1722,-4.290597914));
#6907=VECTOR('',#6908,1.0);
#6908=DIRECTION('',(0.0,1.0,0.0));
#6909=ORIENTED_EDGE('',*,*,#6910,.T.);
#6910=EDGE_CURVE('',#6903,#6862,#6911,.T.);
#6911=LINE('',#6912,#6913);
#6912=CARTESIAN_POINT('',(-6.985,6.6294,-4.290597914));
#6913=VECTOR('',#6914,1.0);
#6914=DIRECTION('',(0.0,0.0,1.0));
#6915=ORIENTED_EDGE('',*,*,#6888,.F.);
#6916=ORIENTED_EDGE('',*,*,#1097,.F.);
#6917=PLANE('',#6918);
#6918=AXIS2_PLACEMENT_3D('',#6919,#6920,#6921);
#6919=CARTESIAN_POINT('',(-6.985,0.0,0.0));
#6920=DIRECTION('',(1.0,0.0,0.0));
#6921=DIRECTION('',(0.0,0.0,-1.0));
#6922=ADVANCED_FACE('',(#6923,#6987),#7021,.F.);
#6923=FACE_BOUND('',#6924,.T.);
#6924=EDGE_LOOP('',(#6925,#6926,#6932,#6933,#6941,#6949,#6955,#6956,#6964,#6972,#6980,#6986));
#6925=ORIENTED_EDGE('',*,*,#6910,.F.);
#6926=ORIENTED_EDGE('',*,*,#6927,.T.);
#6927=EDGE_CURVE('',#6903,#984,#6928,.F.);
#6928=LINE('',#6929,#6930);
#6929=CARTESIAN_POINT('',(6.985,6.6294,-4.290597914));
#6930=VECTOR('',#6931,1.0);
#6931=DIRECTION('',(-1.0,0.0,0.0));
#6932=ORIENTED_EDGE('',*,*,#983,.F.);
#6933=ORIENTED_EDGE('',*,*,#6934,.T.);
#6934=EDGE_CURVE('',#976,#6935,#6937,.F.);
#6935=VERTEX_POINT('',#6936);
#6936=CARTESIAN_POINT('',(6.96994796,6.6294,-1.778));
#6937=LINE('',#6938,#6939);
#6938=CARTESIAN_POINT('',(6.96994796,6.6294,-1.778));
#6939=VECTOR('',#6940,1.0);
#6940=DIRECTION('',(1.0,0.0,0.0));
#6941=ORIENTED_EDGE('',*,*,#6942,.T.);
#6942=EDGE_CURVE('',#6935,#6943,#6945,.F.);
#6943=VERTEX_POINT('',#6944);
#6944=CARTESIAN_POINT('',(6.96994796,6.6294,1.778));
#6945=LINE('',#6946,#6947);
#6946=CARTESIAN_POINT('',(6.96994796,6.6294,1.778));
#6947=VECTOR('',#6948,1.0);
#6948=DIRECTION('',(0.0,0.0,-1.0));
#6949=ORIENTED_EDGE('',*,*,#6950,.T.);
#6950=EDGE_CURVE('',#6943,#961,#6951,.T.);
#6951=LINE('',#6952,#6953);
#6952=CARTESIAN_POINT('',(6.96994796,6.6294,1.778));
#6953=VECTOR('',#6954,1.0);
#6954=DIRECTION('',(1.0,0.0,0.0));
#6955=ORIENTED_EDGE('',*,*,#960,.F.);
#6956=ORIENTED_EDGE('',*,*,#6957,.T.);
#6957=EDGE_CURVE('',#953,#6958,#6960,.T.);
#6958=VERTEX_POINT('',#6959);
#6959=CARTESIAN_POINT('',(-6.985,6.6294,4.290597914));
#6960=LINE('',#6961,#6962);
#6961=CARTESIAN_POINT('',(6.985,6.6294,4.290597914));
#6962=VECTOR('',#6963,1.0);
#6963=DIRECTION('',(-1.0,0.0,0.0));
#6964=ORIENTED_EDGE('',*,*,#6965,.T.);
#6965=EDGE_CURVE('',#6958,#6966,#6968,.F.);
#6966=VERTEX_POINT('',#6967);
#6967=CARTESIAN_POINT('',(-6.985,6.6294,1.778));
#6968=LINE('',#6969,#6970);
#6969=CARTESIAN_POINT('',(-6.985,6.6294,1.778));
#6970=VECTOR('',#6971,1.0);
#6971=DIRECTION('',(0.0,0.0,1.0));
#6972=ORIENTED_EDGE('',*,*,#6973,.T.);
#6973=EDGE_CURVE('',#6966,#6974,#6976,.T.);
#6974=VERTEX_POINT('',#6975);
#6975=CARTESIAN_POINT('',(-6.96994796,6.6294,1.778));
#6976=LINE('',#6977,#6978);
#6977=CARTESIAN_POINT('',(-6.985,6.6294,1.778));
#6978=VECTOR('',#6979,1.0);
#6979=DIRECTION('',(1.0,0.0,0.0));
#6980=ORIENTED_EDGE('',*,*,#6981,.T.);
#6981=EDGE_CURVE('',#6974,#6864,#6982,.T.);
#6982=LINE('',#6983,#6984);
#6983=CARTESIAN_POINT('',(-6.96994796,6.6294,1.778));
#6984=VECTOR('',#6985,1.0);
#6985=DIRECTION('',(0.0,0.0,-1.0));
#6986=ORIENTED_EDGE('',*,*,#6861,.F.);
#6987=FACE_BOUND('',#6988,.T.);
#6988=EDGE_LOOP('',(#6989,#6999,#7007,#7015));
#6989=ORIENTED_EDGE('',*,*,#6990,.T.);
#6990=EDGE_CURVE('',#6991,#6993,#6995,.F.);
#6991=VERTEX_POINT('',#6992);
#6992=CARTESIAN_POINT('',(4.5974,6.6294,-1.8288));
#6993=VERTEX_POINT('',#6994);
#6994=CARTESIAN_POINT('',(-4.5974,6.6294,-1.8288));
#6995=LINE('',#6996,#6997);
#6996=CARTESIAN_POINT('',(-4.5974,6.6294,-1.8288));
#6997=VECTOR('',#6998,1.0);
#6998=DIRECTION('',(1.0,0.0,0.0));
#6999=ORIENTED_EDGE('',*,*,#7000,.T.);
#7000=EDGE_CURVE('',#6993,#7001,#7003,.F.);
#7001=VERTEX_POINT('',#7002);
#7002=CARTESIAN_POINT('',(-4.5974,6.6294,1.8288));
#7003=LINE('',#7004,#7005);
#7004=CARTESIAN_POINT('',(-4.5974,6.6294,1.8288));
#7005=VECTOR('',#7006,1.0);
#7006=DIRECTION('',(0.0,0.0,-1.0));
#7007=ORIENTED_EDGE('',*,*,#7008,.T.);
#7008=EDGE_CURVE('',#7001,#7009,#7011,.F.);
#7009=VERTEX_POINT('',#7010);
#7010=CARTESIAN_POINT('',(4.5974,6.6294,1.8288));
#7011=LINE('',#7012,#7013);
#7012=CARTESIAN_POINT('',(4.5974,6.6294,1.8288));
#7013=VECTOR('',#7014,1.0);
#7014=DIRECTION('',(-1.0,0.0,0.0));
#7015=ORIENTED_EDGE('',*,*,#7016,.T.);
#7016=EDGE_CURVE('',#7009,#6991,#7017,.F.);
#7017=LINE('',#7018,#7019);
#7018=CARTESIAN_POINT('',(4.5974,6.6294,-1.8288));
#7019=VECTOR('',#7020,1.0);
#7020=DIRECTION('',(0.0,0.0,1.0));
#7021=PLANE('',#7022);
#7022=AXIS2_PLACEMENT_3D('',#7023,#7024,#7025);
#7023=CARTESIAN_POINT('',(6.985,6.6294,-4.290597914));
#7024=DIRECTION('',(0.0,1.0,0.0));
#7025=DIRECTION('',(0.0,0.0,1.0));
#7026=ADVANCED_FACE('',(#7027),#7046,.F.);
#7027=FACE_BOUND('',#7028,.T.);
#7028=EDGE_LOOP('',(#7029,#7038,#7044,#7045));
#7029=ORIENTED_EDGE('',*,*,#7030,.T.);
#7030=EDGE_CURVE('',#6974,#7031,#7033,.F.);
#7031=VERTEX_POINT('',#7032);
#7032=CARTESIAN_POINT('',(-7.544122812,6.8072,1.778));
#7033=CIRCLE('',#7034,1.016);
#7034=AXIS2_PLACEMENT_3D('',#7035,#7036,#7037);
#7035=CARTESIAN_POINT('',(-7.544122812,5.7912,1.778));
#7036=DIRECTION('',(0.0,0.0,-1.0));
#7037=DIRECTION('',(0.0,1.0,0.0));
#7038=ORIENTED_EDGE('',*,*,#7039,.T.);
#7039=EDGE_CURVE('',#7031,#6872,#7040,.F.);
#7040=LINE('',#7041,#7042);
#7041=CARTESIAN_POINT('',(-7.544122812,6.8072,-1.778));
#7042=VECTOR('',#7043,1.0);
#7043=DIRECTION('',(0.0,0.0,1.0));
#7044=ORIENTED_EDGE('',*,*,#6871,.F.);
#7045=ORIENTED_EDGE('',*,*,#6981,.F.);
#7046=CYLINDRICAL_SURFACE('',#7047,1.016);
#7047=AXIS2_PLACEMENT_3D('',#7048,#7049,#7050);
#7048=CARTESIAN_POINT('',(-7.544122812,5.7912,-1.778));
#7049=DIRECTION('',(0.0,0.0,-1.0));
#7050=DIRECTION('',(-1.0,0.0,0.0));
#7051=ADVANCED_FACE('',(#7052),#7063,.F.);
#7052=FACE_BOUND('',#7053,.T.);
#7053=EDGE_LOOP('',(#7054,#7055,#7056,#7062));
#7054=ORIENTED_EDGE('',*,*,#6880,.F.);
#7055=ORIENTED_EDGE('',*,*,#7039,.F.);
#7056=ORIENTED_EDGE('',*,*,#7057,.T.);
#7057=EDGE_CURVE('',#7031,#6824,#7058,.F.);
#7058=LINE('',#7059,#7060);
#7059=CARTESIAN_POINT('',(-8.8011,6.8072,1.778));
#7060=VECTOR('',#7061,1.0);
#7061=DIRECTION('',(1.0,0.0,0.0));
#7062=ORIENTED_EDGE('',*,*,#6821,.F.);
#7063=PLANE('',#7064);
#7064=AXIS2_PLACEMENT_3D('',#7065,#7066,#7067);
#7065=CARTESIAN_POINT('',(-8.8011,6.8072,-1.778));
#7066=DIRECTION('',(0.0,1.0,0.0));
#7067=DIRECTION('',(1.0,0.0,0.0));
#7068=ADVANCED_FACE('',(#7069),#7082,.T.);
#7069=FACE_BOUND('',#7070,.T.);
#7070=EDGE_LOOP('',(#7071,#7072,#7073,#7074,#7075,#7076));
#7071=ORIENTED_EDGE('',*,*,#375,.F.);
#7072=ORIENTED_EDGE('',*,*,#6831,.F.);
#7073=ORIENTED_EDGE('',*,*,#7057,.F.);
#7074=ORIENTED_EDGE('',*,*,#7030,.F.);
#7075=ORIENTED_EDGE('',*,*,#6973,.F.);
#7076=ORIENTED_EDGE('',*,*,#7077,.T.);
#7077=EDGE_CURVE('',#6966,#376,#7078,.F.);
#7078=LINE('',#7079,#7080);
#7079=CARTESIAN_POINT('',(-6.985,6.1722,1.778));
#7080=VECTOR('',#7081,1.0);
#7081=DIRECTION('',(0.0,1.0,0.0));
#7082=PLANE('',#7083);
#7083=AXIS2_PLACEMENT_3D('',#7084,#7085,#7086);
#7084=CARTESIAN_POINT('',(0.0,7.3152,1.778));
#7085=DIRECTION('',(0.0,0.0,-1.0));
#7086=DIRECTION('',(-1.0,0.0,0.0));
#7087=ADVANCED_FACE('',(#7088),#7099,.T.);
#7088=FACE_BOUND('',#7089,.T.);
#7089=EDGE_LOOP('',(#7090,#7091,#7092,#7098));
#7090=ORIENTED_EDGE('',*,*,#7077,.F.);
#7091=ORIENTED_EDGE('',*,*,#6965,.F.);
#7092=ORIENTED_EDGE('',*,*,#7093,.T.);
#7093=EDGE_CURVE('',#6958,#384,#7094,.T.);
#7094=LINE('',#7095,#7096);
#7095=CARTESIAN_POINT('',(-6.985,6.6294,4.290597914));
#7096=VECTOR('',#7097,1.0);
#7097=DIRECTION('',(0.0,-1.0,0.0));
#7098=ORIENTED_EDGE('',*,*,#383,.F.);
#7099=PLANE('',#7100);
#7100=AXIS2_PLACEMENT_3D('',#7101,#7102,#7103);
#7101=CARTESIAN_POINT('',(-6.985,0.0,0.0));
#7102=DIRECTION('',(1.0,0.0,0.0));
#7103=DIRECTION('',(0.0,0.0,-1.0));
#7104=ADVANCED_FACE('',(#7105),#7134,.F.);
#7105=FACE_BOUND('',#7106,.T.);
#7106=EDGE_LOOP('',(#7107,#7108,#7109,#7110,#7111,#7119,#7127,#7133));
#7107=ORIENTED_EDGE('',*,*,#7093,.F.);
#7108=ORIENTED_EDGE('',*,*,#6957,.F.);
#7109=ORIENTED_EDGE('',*,*,#952,.F.);
#7110=ORIENTED_EDGE('',*,*,#425,.F.);
#7111=ORIENTED_EDGE('',*,*,#7112,.T.);
#7112=EDGE_CURVE('',#417,#7113,#7115,.T.);
#7113=VERTEX_POINT('',#7114);
#7114=CARTESIAN_POINT('',(0.992358141,5.154197914,4.290597914));
#7115=LINE('',#7116,#7117);
#7116=CARTESIAN_POINT('',(0.992358141,6.1722,4.290597914));
#7117=VECTOR('',#7118,1.0);
#7118=DIRECTION('',(0.0,-1.0,0.0));
#7119=ORIENTED_EDGE('',*,*,#7120,.T.);
#7120=EDGE_CURVE('',#7113,#7121,#7123,.T.);
#7121=VERTEX_POINT('',#7122);
#7122=CARTESIAN_POINT('',(-0.992358141,5.154197914,4.290597914));
#7123=LINE('',#7124,#7125);
#7124=CARTESIAN_POINT('',(0.992358141,5.154197914,4.290597914));
#7125=VECTOR('',#7126,1.0);
#7126=DIRECTION('',(-1.0,0.0,0.0));
#7127=ORIENTED_EDGE('',*,*,#7128,.T.);
#7128=EDGE_CURVE('',#7121,#392,#7129,.F.);
#7129=LINE('',#7130,#7131);
#7130=CARTESIAN_POINT('',(-0.992358141,6.1722,4.290597914));
#7131=VECTOR('',#7132,1.0);
#7132=DIRECTION('',(0.0,-1.0,0.0));
#7133=ORIENTED_EDGE('',*,*,#391,.F.);
#7134=PLANE('',#7135);
#7135=AXIS2_PLACEMENT_3D('',#7136,#7137,#7138);
#7136=CARTESIAN_POINT('',(6.985,6.6294,4.290597914));
#7137=DIRECTION('',(0.0,0.0,1.0));
#7138=DIRECTION('',(0.0,-1.0,0.0));
#7139=ADVANCED_FACE('',(#7140),#7159,.T.);
#7140=FACE_BOUND('',#7141,.T.);
#7141=EDGE_LOOP('',(#7142,#7151,#7157,#7158));
#7142=ORIENTED_EDGE('',*,*,#7143,.T.);
#7143=EDGE_CURVE('',#7121,#7144,#7146,.T.);
#7144=VERTEX_POINT('',#7145);
#7145=CARTESIAN_POINT('',(-0.997980836,5.1816,4.318));
#7146=B_SPLINE_CURVE_WITH_KNOTS('',3,(#7147,#7148,#7149,#7150),.UNSPECIFIED.,.F.,.U.,(4,4),(0.0,1.0),.PIECEWISE_BEZIER_KNOTS.);
#7147=CARTESIAN_POINT('',(-0.992358141,5.154197914,4.290597914));
#7148=CARTESIAN_POINT('',(-0.994360897,5.163318755,4.299718755));
#7149=CARTESIAN_POINT('',(-0.996234773,5.17245282,4.30885282));
#7150=CARTESIAN_POINT('',(-0.997980836,5.1816,4.318));
#7151=ORIENTED_EDGE('',*,*,#7152,.T.);
#7152=EDGE_CURVE('',#7144,#400,#7153,.F.);
#7153=LINE('',#7154,#7155);
#7154=CARTESIAN_POINT('',(-0.997980836,6.1722,4.318));
#7155=VECTOR('',#7156,1.0);
#7156=DIRECTION('',(0.0,-1.0,0.0));
#7157=ORIENTED_EDGE('',*,*,#399,.F.);
#7158=ORIENTED_EDGE('',*,*,#7128,.F.);
#7159=CYLINDRICAL_SURFACE('',#7160,1.016);
#7160=AXIS2_PLACEMENT_3D('',#7161,#7162,#7163);
#7161=CARTESIAN_POINT('',(0.0,6.1722,4.5085));
#7162=DIRECTION('',(0.0,-1.0,0.0));
#7163=DIRECTION('',(0.0,0.0,-1.0));
#7164=ADVANCED_FACE('',(#7165),#7183,.T.);
#7165=FACE_BOUND('',#7166,.T.);
#7166=EDGE_LOOP('',(#7167,#7175,#7181,#7182));
#7167=ORIENTED_EDGE('',*,*,#7168,.T.);
#7168=EDGE_CURVE('',#7144,#7169,#7171,.F.);
#7169=VERTEX_POINT('',#7170);
#7170=CARTESIAN_POINT('',(0.997980836,5.1816,4.318));
#7171=LINE('',#7172,#7173);
#7172=CARTESIAN_POINT('',(0.997980836,5.1816,4.318));
#7173=VECTOR('',#7174,1.0);
#7174=DIRECTION('',(-1.0,0.0,0.0));
#7175=ORIENTED_EDGE('',*,*,#7176,.T.);
#7176=EDGE_CURVE('',#7169,#409,#7177,.F.);
#7177=LINE('',#7178,#7179);
#7178=CARTESIAN_POINT('',(0.997980836,6.1722,4.318));
#7179=VECTOR('',#7180,1.0);
#7180=DIRECTION('',(0.0,-1.0,0.0));
#7181=ORIENTED_EDGE('',*,*,#408,.F.);
#7182=ORIENTED_EDGE('',*,*,#7152,.F.);
#7183=PLANE('',#7184);
#7184=AXIS2_PLACEMENT_3D('',#7185,#7186,#7187);
#7185=CARTESIAN_POINT('',(0.997980836,6.1722,4.318));
#7186=DIRECTION('',(0.0,0.0,1.0));
#7187=DIRECTION('',(-1.0,0.0,0.0));
#7188=ADVANCED_FACE('',(#7189),#7201,.T.);
#7189=FACE_BOUND('',#7190,.T.);
#7190=EDGE_LOOP('',(#7191,#7192,#7193,#7200));
#7191=ORIENTED_EDGE('',*,*,#416,.F.);
#7192=ORIENTED_EDGE('',*,*,#7176,.F.);
#7193=ORIENTED_EDGE('',*,*,#7194,.T.);
#7194=EDGE_CURVE('',#7169,#7113,#7195,.F.);
#7195=B_SPLINE_CURVE_WITH_KNOTS('',3,(#7196,#7197,#7198,#7199),.UNSPECIFIED.,.F.,.U.,(4,4),(0.0,1.0),.PIECEWISE_BEZIER_KNOTS.);
#7196=CARTESIAN_POINT('',(0.992358141,5.154197914,4.290597914));
#7197=CARTESIAN_POINT('',(0.994360897,5.163318755,4.299718755));
#7198=CARTESIAN_POINT('',(0.996234773,5.17245282,4.30885282));
#7199=CARTESIAN_POINT('',(0.997980836,5.1816,4.318));
#7200=ORIENTED_EDGE('',*,*,#7112,.F.);
#7201=CYLINDRICAL_SURFACE('',#7202,1.016);
#7202=AXIS2_PLACEMENT_3D('',#7203,#7204,#7205);
#7203=CARTESIAN_POINT('',(0.0,6.1722,4.5085));
#7204=DIRECTION('',(0.0,-1.0,0.0));
#7205=DIRECTION('',(0.0,0.0,-1.0));
#7206=ADVANCED_FACE('',(#7207),#7213,.F.);
#7207=FACE_BOUND('',#7208,.T.);
#7208=EDGE_LOOP('',(#7209,#7210,#7211,#7212));
#7209=ORIENTED_EDGE('',*,*,#7194,.F.);
#7210=ORIENTED_EDGE('',*,*,#7168,.F.);
#7211=ORIENTED_EDGE('',*,*,#7143,.F.);
#7212=ORIENTED_EDGE('',*,*,#7120,.F.);
#7213=PLANE('',#7214);
#7214=AXIS2_PLACEMENT_3D('',#7215,#7216,#7217);
#7215=CARTESIAN_POINT('',(0.504015845,4.8006,3.937));
#7216=DIRECTION('',(0.0,0.707106781,-0.707106781));
#7217=DIRECTION('',(-1.0,0.0,0.0));
#7218=ADVANCED_FACE('',(#7219),#7233,.T.);
#7219=FACE_BOUND('',#7220,.T.);
#7220=EDGE_LOOP('',(#7221,#7222,#7223,#7224,#7231,#7232));
#7221=ORIENTED_EDGE('',*,*,#183,.F.);
#7222=ORIENTED_EDGE('',*,*,#968,.F.);
#7223=ORIENTED_EDGE('',*,*,#6950,.F.);
#7224=ORIENTED_EDGE('',*,*,#7225,.T.);
#7225=EDGE_CURVE('',#6943,#18,#7226,.T.);
#7226=CIRCLE('',#7227,1.016);
#7227=AXIS2_PLACEMENT_3D('',#7228,#7229,#7230);
#7228=CARTESIAN_POINT('',(7.544122812,5.7912,1.778));
#7229=DIRECTION('',(0.0,0.0,-1.0));
#7230=DIRECTION('',(-0.565132728,0.825,0.0));
#7231=ORIENTED_EDGE('',*,*,#15,.F.);
#7232=ORIENTED_EDGE('',*,*,#55,.F.);
#7233=PLANE('',#7234);
#7234=AXIS2_PLACEMENT_3D('',#7235,#7236,#7237);
#7235=CARTESIAN_POINT('',(0.0,7.3152,1.778));
#7236=DIRECTION('',(0.0,0.0,-1.0));
#7237=DIRECTION('',(-1.0,0.0,0.0));
#7238=ADVANCED_FACE('',(#7239),#7251,.F.);
#7239=FACE_BOUND('',#7240,.T.);
#7240=EDGE_LOOP('',(#7241,#7248,#7249,#7250));
#7241=ORIENTED_EDGE('',*,*,#7242,.T.);
#7242=EDGE_CURVE('',#6935,#26,#7243,.T.);
#7243=CIRCLE('',#7244,1.016);
#7244=AXIS2_PLACEMENT_3D('',#7245,#7246,#7247);
#7245=CARTESIAN_POINT('',(7.544122812,5.7912,-1.778));
#7246=DIRECTION('',(0.0,0.0,-1.0));
#7247=DIRECTION('',(-0.565132728,0.825,0.0));
#7248=ORIENTED_EDGE('',*,*,#25,.F.);
#7249=ORIENTED_EDGE('',*,*,#7225,.F.);
#7250=ORIENTED_EDGE('',*,*,#6942,.F.);
#7251=CYLINDRICAL_SURFACE('',#7252,1.016);
#7252=AXIS2_PLACEMENT_3D('',#7253,#7254,#7255);
#7253=CARTESIAN_POINT('',(7.544122812,5.7912,-1.778));
#7254=DIRECTION('',(0.0,0.0,-1.0));
#7255=DIRECTION('',(-1.0,0.0,0.0));
#7256=ADVANCED_FACE('',(#7257),#7265,.F.);
#7257=FACE_BOUND('',#7258,.T.);
#7258=EDGE_LOOP('',(#7259,#7260,#7261,#7262,#7263,#7264));
#7259=ORIENTED_EDGE('',*,*,#167,.F.);
#7260=ORIENTED_EDGE('',*,*,#64,.F.);
#7261=ORIENTED_EDGE('',*,*,#33,.F.);
#7262=ORIENTED_EDGE('',*,*,#7242,.F.);
#7263=ORIENTED_EDGE('',*,*,#6934,.F.);
#7264=ORIENTED_EDGE('',*,*,#975,.F.);
#7265=PLANE('',#7266);
#7266=AXIS2_PLACEMENT_3D('',#7267,#7268,#7269);
#7267=CARTESIAN_POINT('',(0.0,7.3152,-1.778));
#7268=DIRECTION('',(0.0,0.0,-1.0));
#7269=DIRECTION('',(-1.0,0.0,0.0));
#7270=ADVANCED_FACE('',(#7271),#7300,.F.);
#7271=FACE_BOUND('',#7272,.T.);
#7272=EDGE_LOOP('',(#7273,#7281,#7289,#7295,#7296,#7297,#7298,#7299));
#7273=ORIENTED_EDGE('',*,*,#7274,.T.);
#7274=EDGE_CURVE('',#1081,#7275,#7277,.T.);
#7275=VERTEX_POINT('',#7276);
#7276=CARTESIAN_POINT('',(-0.992358141,5.154197914,-4.290597914));
#7277=LINE('',#7278,#7279);
#7278=CARTESIAN_POINT('',(-0.992358141,6.1722,-4.290597914));
#7279=VECTOR('',#7280,1.0);
#7280=DIRECTION('',(0.0,-1.0,0.0));
#7281=ORIENTED_EDGE('',*,*,#7282,.T.);
#7282=EDGE_CURVE('',#7275,#7283,#7285,.T.);
#7283=VERTEX_POINT('',#7284);
#7284=CARTESIAN_POINT('',(0.992358141,5.154197914,-4.290597914));
#7285=LINE('',#7286,#7287);
#7286=CARTESIAN_POINT('',(-0.992358141,5.154197914,-4.290597914));
#7287=VECTOR('',#7288,1.0);
#7288=DIRECTION('',(1.0,0.0,0.0));
#7289=ORIENTED_EDGE('',*,*,#7290,.T.);
#7290=EDGE_CURVE('',#7283,#1056,#7291,.F.);
#7291=LINE('',#7292,#7293);
#7292=CARTESIAN_POINT('',(0.992358141,6.1722,-4.290597914));
#7293=VECTOR('',#7294,1.0);
#7294=DIRECTION('',(0.0,-1.0,0.0));
#7295=ORIENTED_EDGE('',*,*,#1055,.F.);
#7296=ORIENTED_EDGE('',*,*,#991,.F.);
#7297=ORIENTED_EDGE('',*,*,#6927,.F.);
#7298=ORIENTED_EDGE('',*,*,#6902,.F.);
#7299=ORIENTED_EDGE('',*,*,#1089,.F.);
#7300=PLANE('',#7301);
#7301=AXIS2_PLACEMENT_3D('',#7302,#7303,#7304);
#7302=CARTESIAN_POINT('',(6.985,0.564311642,-4.290597914));
#7303=DIRECTION('',(0.0,0.0,-1.0));
#7304=DIRECTION('',(0.0,1.0,0.0));
#7305=ADVANCED_FACE('',(#7306),#7325,.T.);
#7306=FACE_BOUND('',#7307,.T.);
#7307=EDGE_LOOP('',(#7308,#7317,#7323,#7324));
#7308=ORIENTED_EDGE('',*,*,#7309,.T.);
#7309=EDGE_CURVE('',#7283,#7310,#7312,.T.);
#7310=VERTEX_POINT('',#7311);
#7311=CARTESIAN_POINT('',(0.997980836,5.1816,-4.318));
#7312=B_SPLINE_CURVE_WITH_KNOTS('',3,(#7313,#7314,#7315,#7316),.UNSPECIFIED.,.F.,.U.,(4,4),(0.0,1.0),.PIECEWISE_BEZIER_KNOTS.);
#7313=CARTESIAN_POINT('',(0.992358141,5.154197914,-4.290597914));
#7314=CARTESIAN_POINT('',(0.994360897,5.163318755,-4.299718755));
#7315=CARTESIAN_POINT('',(0.996234773,5.17245282,-4.30885282));
#7316=CARTESIAN_POINT('',(0.997980836,5.1816,-4.318));
#7317=ORIENTED_EDGE('',*,*,#7318,.T.);
#7318=EDGE_CURVE('',#7310,#1064,#7319,.F.);
#7319=LINE('',#7320,#7321);
#7320=CARTESIAN_POINT('',(0.997980836,6.1722,-4.318));
#7321=VECTOR('',#7322,1.0);
#7322=DIRECTION('',(0.0,-1.0,0.0));
#7323=ORIENTED_EDGE('',*,*,#1063,.F.);
#7324=ORIENTED_EDGE('',*,*,#7290,.F.);
#7325=CYLINDRICAL_SURFACE('',#7326,1.016);
#7326=AXIS2_PLACEMENT_3D('',#7327,#7328,#7329);
#7327=CARTESIAN_POINT('',(0.0,6.1722,-4.5085));
#7328=DIRECTION('',(0.0,-1.0,0.0));
#7329=DIRECTION('',(0.0,0.0,-1.0));
#7330=ADVANCED_FACE('',(#7331),#7349,.T.);
#7331=FACE_BOUND('',#7332,.T.);
#7332=EDGE_LOOP('',(#7333,#7341,#7347,#7348));
#7333=ORIENTED_EDGE('',*,*,#7334,.T.);
#7334=EDGE_CURVE('',#7310,#7335,#7337,.F.);
#7335=VERTEX_POINT('',#7336);
#7336=CARTESIAN_POINT('',(-0.997980836,5.1816,-4.318));
#7337=LINE('',#7338,#7339);
#7338=CARTESIAN_POINT('',(-0.997980836,5.1816,-4.318));
#7339=VECTOR('',#7340,1.0);
#7340=DIRECTION('',(1.0,0.0,0.0));
#7341=ORIENTED_EDGE('',*,*,#7342,.T.);
#7342=EDGE_CURVE('',#7335,#1073,#7343,.F.);
#7343=LINE('',#7344,#7345);
#7344=CARTESIAN_POINT('',(-0.997980836,6.1722,-4.318));
#7345=VECTOR('',#7346,1.0);
#7346=DIRECTION('',(0.0,-1.0,0.0));
#7347=ORIENTED_EDGE('',*,*,#1072,.F.);
#7348=ORIENTED_EDGE('',*,*,#7318,.F.);
#7349=PLANE('',#7350);
#7350=AXIS2_PLACEMENT_3D('',#7351,#7352,#7353);
#7351=CARTESIAN_POINT('',(-0.997980836,6.1722,-4.318));
#7352=DIRECTION('',(0.0,0.0,-1.0));
#7353=DIRECTION('',(1.0,0.0,0.0));
#7354=ADVANCED_FACE('',(#7355),#7367,.T.);
#7355=FACE_BOUND('',#7356,.T.);
#7356=EDGE_LOOP('',(#7357,#7358,#7359,#7366));
#7357=ORIENTED_EDGE('',*,*,#1080,.F.);
#7358=ORIENTED_EDGE('',*,*,#7342,.F.);
#7359=ORIENTED_EDGE('',*,*,#7360,.T.);
#7360=EDGE_CURVE('',#7335,#7275,#7361,.F.);
#7361=B_SPLINE_CURVE_WITH_KNOTS('',3,(#7362,#7363,#7364,#7365),.UNSPECIFIED.,.F.,.U.,(4,4),(0.0,1.0),.PIECEWISE_BEZIER_KNOTS.);
#7362=CARTESIAN_POINT('',(-0.992358141,5.154197914,-4.290597914));
#7363=CARTESIAN_POINT('',(-0.994360897,5.163318755,-4.299718755));
#7364=CARTESIAN_POINT('',(-0.996234773,5.17245282,-4.30885282));
#7365=CARTESIAN_POINT('',(-0.997980836,5.1816,-4.318));
#7366=ORIENTED_EDGE('',*,*,#7274,.F.);
#7367=CYLINDRICAL_SURFACE('',#7368,1.016);
#7368=AXIS2_PLACEMENT_3D('',#7369,#7370,#7371);
#7369=CARTESIAN_POINT('',(0.0,6.1722,-4.5085));
#7370=DIRECTION('',(0.0,-1.0,0.0));
#7371=DIRECTION('',(0.0,0.0,-1.0));
#7372=ADVANCED_FACE('',(#7373),#7379,.F.);
#7373=FACE_BOUND('',#7374,.T.);
#7374=EDGE_LOOP('',(#7375,#7376,#7377,#7378));
#7375=ORIENTED_EDGE('',*,*,#7360,.F.);
#7376=ORIENTED_EDGE('',*,*,#7334,.F.);
#7377=ORIENTED_EDGE('',*,*,#7309,.F.);
#7378=ORIENTED_EDGE('',*,*,#7282,.F.);
#7379=PLANE('',#7380);
#7380=AXIS2_PLACEMENT_3D('',#7381,#7382,#7383);
#7381=CARTESIAN_POINT('',(-0.504015845,4.8006,-3.937));
#7382=DIRECTION('',(0.0,0.707106781,0.707106781));
#7383=DIRECTION('',(1.0,0.0,0.0));
#7384=ADVANCED_FACE('',(#7385),#7417,.T.);
#7385=FACE_BOUND('',#7386,.T.);
#7386=EDGE_LOOP('',(#7387,#7395,#7401,#7402,#7410,#7416));
#7387=ORIENTED_EDGE('',*,*,#7388,.T.);
#7388=EDGE_CURVE('',#7009,#7389,#7391,.T.);
#7389=VERTEX_POINT('',#7390);
#7390=CARTESIAN_POINT('',(4.5974,6.6802,1.778));
#7391=LINE('',#7392,#7393);
#7392=CARTESIAN_POINT('',(4.5974,6.6294,1.8288));
#7393=VECTOR('',#7394,1.0);
#7394=DIRECTION('',(0.0,0.707106781,-0.707106781));
#7395=ORIENTED_EDGE('',*,*,#7396,.T.);
#7396=EDGE_CURVE('',#7389,#6419,#7397,.T.);
#7397=LINE('',#7398,#7399);
#7398=CARTESIAN_POINT('',(4.5974,6.6802,1.778));
#7399=VECTOR('',#7400,1.0);
#7400=DIRECTION('',(0.0,1.0,0.0));
#7401=ORIENTED_EDGE('',*,*,#6444,.F.);
#7402=ORIENTED_EDGE('',*,*,#7403,.T.);
#7403=EDGE_CURVE('',#6437,#7404,#7406,.F.);
#7404=VERTEX_POINT('',#7405);
#7405=CARTESIAN_POINT('',(4.5974,6.6802,-1.778));
#7406=LINE('',#7407,#7408);
#7407=CARTESIAN_POINT('',(4.5974,6.6802,-1.778));
#7408=VECTOR('',#7409,1.0);
#7409=DIRECTION('',(0.0,1.0,0.0));
#7410=ORIENTED_EDGE('',*,*,#7411,.T.);
#7411=EDGE_CURVE('',#7404,#6991,#7412,.F.);
#7412=LINE('',#7413,#7414);
#7413=CARTESIAN_POINT('',(4.5974,6.6294,-1.8288));
#7414=VECTOR('',#7415,1.0);
#7415=DIRECTION('',(0.0,0.707106781,0.707106781));
#7416=ORIENTED_EDGE('',*,*,#7016,.F.);
#7417=PLANE('',#7418);
#7418=AXIS2_PLACEMENT_3D('',#7419,#7420,#7421);
#7419=CARTESIAN_POINT('',(4.5974,6.1722,-1.778));
#7420=DIRECTION('',(-1.0,0.0,0.0));
#7421=DIRECTION('',(0.0,0.0,1.0));
#7422=ADVANCED_FACE('',(#7423),#7441,.T.);
#7423=FACE_BOUND('',#7424,.T.);
#7424=EDGE_LOOP('',(#7425,#7426,#7434,#7440));
#7425=ORIENTED_EDGE('',*,*,#7411,.F.);
#7426=ORIENTED_EDGE('',*,*,#7427,.T.);
#7427=EDGE_CURVE('',#7404,#7428,#7430,.F.);
#7428=VERTEX_POINT('',#7429);
#7429=CARTESIAN_POINT('',(-4.5974,6.6802,-1.778));
#7430=LINE('',#7431,#7432);
#7431=CARTESIAN_POINT('',(-4.5974,6.6802,-1.778));
#7432=VECTOR('',#7433,1.0);
#7433=DIRECTION('',(1.0,0.0,0.0));
#7434=ORIENTED_EDGE('',*,*,#7435,.T.);
#7435=EDGE_CURVE('',#7428,#6993,#7436,.F.);
#7436=LINE('',#7437,#7438);
#7437=CARTESIAN_POINT('',(-4.5974,6.6294,-1.8288));
#7438=VECTOR('',#7439,1.0);
#7439=DIRECTION('',(0.0,0.707106781,0.707106781));
#7440=ORIENTED_EDGE('',*,*,#6990,.F.);
#7441=PLANE('',#7442);
#7442=AXIS2_PLACEMENT_3D('',#7443,#7444,#7445);
#7443=CARTESIAN_POINT('',(-4.5974,6.1722,-2.286));
#7444=DIRECTION('',(0.0,-0.707106781,0.707106781));
#7445=DIRECTION('',(1.0,0.0,0.0));
#7446=ADVANCED_FACE('',(#7447),#7472,.T.);
#7447=FACE_BOUND('',#7448,.T.);
#7448=EDGE_LOOP('',(#7449,#7450,#7456,#7457,#7465,#7471));
#7449=ORIENTED_EDGE('',*,*,#7435,.F.);
#7450=ORIENTED_EDGE('',*,*,#7451,.T.);
#7451=EDGE_CURVE('',#7428,#6429,#7452,.T.);
#7452=LINE('',#7453,#7454);
#7453=CARTESIAN_POINT('',(-4.5974,6.6802,-1.778));
#7454=VECTOR('',#7455,1.0);
#7455=DIRECTION('',(0.0,1.0,0.0));
#7456=ORIENTED_EDGE('',*,*,#6428,.F.);
#7457=ORIENTED_EDGE('',*,*,#7458,.T.);
#7458=EDGE_CURVE('',#6421,#7459,#7461,.F.);
#7459=VERTEX_POINT('',#7460);
#7460=CARTESIAN_POINT('',(-4.5974,6.6802,1.778));
#7461=LINE('',#7462,#7463);
#7462=CARTESIAN_POINT('',(-4.5974,6.6802,1.778));
#7463=VECTOR('',#7464,1.0);
#7464=DIRECTION('',(0.0,1.0,0.0));
#7465=ORIENTED_EDGE('',*,*,#7466,.T.);
#7466=EDGE_CURVE('',#7459,#7001,#7467,.F.);
#7467=LINE('',#7468,#7469);
#7468=CARTESIAN_POINT('',(-4.5974,6.6294,1.8288));
#7469=VECTOR('',#7470,1.0);
#7470=DIRECTION('',(0.0,0.707106781,-0.707106781));
#7471=ORIENTED_EDGE('',*,*,#7000,.F.);
#7472=PLANE('',#7473);
#7473=AXIS2_PLACEMENT_3D('',#7474,#7475,#7476);
#7474=CARTESIAN_POINT('',(-4.5974,6.1722,1.778));
#7475=DIRECTION('',(1.0,0.0,0.0));
#7476=DIRECTION('',(0.0,0.0,-1.0));
#7477=ADVANCED_FACE('',(#7478),#7489,.T.);
#7478=FACE_BOUND('',#7479,.T.);
#7479=EDGE_LOOP('',(#7480,#7481,#7487,#7488));
#7480=ORIENTED_EDGE('',*,*,#7466,.F.);
#7481=ORIENTED_EDGE('',*,*,#7482,.T.);
#7482=EDGE_CURVE('',#7459,#7389,#7483,.F.);
#7483=LINE('',#7484,#7485);
#7484=CARTESIAN_POINT('',(4.5974,6.6802,1.778));
#7485=VECTOR('',#7486,1.0);
#7486=DIRECTION('',(-1.0,0.0,0.0));
#7487=ORIENTED_EDGE('',*,*,#7388,.F.);
#7488=ORIENTED_EDGE('',*,*,#7008,.F.);
#7489=PLANE('',#7490);
#7490=AXIS2_PLACEMENT_3D('',#7491,#7492,#7493);
#7491=CARTESIAN_POINT('',(4.5974,6.1722,2.286));
#7492=DIRECTION('',(0.0,-0.707106781,-0.707106781));
#7493=DIRECTION('',(-1.0,0.0,0.0));
#7494=ADVANCED_FACE('',(#7495),#7501,.T.);
#7495=FACE_BOUND('',#7496,.T.);
#7496=EDGE_LOOP('',(#7497,#7498,#7499,#7500));
#7497=ORIENTED_EDGE('',*,*,#7458,.F.);
#7498=ORIENTED_EDGE('',*,*,#6418,.F.);
#7499=ORIENTED_EDGE('',*,*,#7396,.F.);
#7500=ORIENTED_EDGE('',*,*,#7482,.F.);
#7501=PLANE('',#7502);
#7502=AXIS2_PLACEMENT_3D('',#7503,#7504,#7505);
#7503=CARTESIAN_POINT('',(4.5974,6.1722,1.778));
#7504=DIRECTION('',(0.0,0.0,-1.0));
#7505=DIRECTION('',(-1.0,0.0,0.0));
#7506=ADVANCED_FACE('',(#7507),#7513,.T.);
#7507=FACE_BOUND('',#7508,.T.);
#7508=EDGE_LOOP('',(#7509,#7510,#7511,#7512));
#7509=ORIENTED_EDGE('',*,*,#7403,.F.);
#7510=ORIENTED_EDGE('',*,*,#6436,.F.);
#7511=ORIENTED_EDGE('',*,*,#7451,.F.);
#7512=ORIENTED_EDGE('',*,*,#7427,.F.);
#7513=PLANE('',#7514);
#7514=AXIS2_PLACEMENT_3D('',#7515,#7516,#7517);
#7515=CARTESIAN_POINT('',(-4.5974,6.1722,-1.778));
#7516=DIRECTION('',(0.0,0.0,1.0));
#7517=DIRECTION('',(1.0,0.0,0.0));
#7518=ADVANCED_FACE('',(#7519),#7525,.T.);
#7519=FACE_BOUND('',#7520,.T.);
#7520=EDGE_LOOP('',(#7521,#7522,#7523,#7524));
#7521=ORIENTED_EDGE('',*,*,#6840,.F.);
#7522=ORIENTED_EDGE('',*,*,#6366,.F.);
#7523=ORIENTED_EDGE('',*,*,#5763,.F.);
#7524=ORIENTED_EDGE('',*,*,#1121,.F.);
#7525=CYLINDRICAL_SURFACE('',#7526,0.381);
#7526=AXIS2_PLACEMENT_3D('',#7527,#7528,#7529);
#7527=CARTESIAN_POINT('',(-8.4201,6.1722,-4.3815));
#7528=DIRECTION('',(0.0,1.0,0.0));
#7529=DIRECTION('',(0.0,0.0,1.0));
#7530=ADVANCED_FACE('',(#7531),#7569,.T.);
#7531=FACE_BOUND('',#7532,.T.);
#7532=EDGE_LOOP('',(#7533,#7541,#7549,#7555,#7556,#7557,#7563));
#7533=ORIENTED_EDGE('',*,*,#7534,.T.);
#7534=EDGE_CURVE('',#2779,#7535,#7537,.F.);
#7535=VERTEX_POINT('',#7536);
#7536=CARTESIAN_POINT('',(5.3594,6.6802,5.4483));
#7537=LINE('',#7538,#7539);
#7538=CARTESIAN_POINT('',(5.3594,6.6802,5.4483));
#7539=VECTOR('',#7540,1.0);
#7540=DIRECTION('',(0.0,0.0,-1.0));
#7541=ORIENTED_EDGE('',*,*,#7542,.T.);
#7542=EDGE_CURVE('',#7535,#7543,#7545,.F.);
#7543=VERTEX_POINT('',#7544);
#7544=CARTESIAN_POINT('',(5.3594,6.392170453,5.4483));
#7545=LINE('',#7546,#7547);
#7546=CARTESIAN_POINT('',(5.3594,6.392170453,5.4483));
#7547=VECTOR('',#7548,1.0);
#7548=DIRECTION('',(0.0,1.0,0.0));
#7549=ORIENTED_EDGE('',*,*,#7550,.T.);
#7550=EDGE_CURVE('',#7543,#263,#7551,.T.);
#7551=LINE('',#7552,#7553);
#7552=CARTESIAN_POINT('',(5.3594,6.392170453,5.4483));
#7553=VECTOR('',#7554,1.0);
#7554=DIRECTION('',(0.0,-0.5,-0.866025404));
#7555=ORIENTED_EDGE('',*,*,#262,.F.);
#7556=ORIENTED_EDGE('',*,*,#6540,.F.);
#7557=ORIENTED_EDGE('',*,*,#7558,.T.);
#7558=EDGE_CURVE('',#6533,#2340,#7559,.F.);
#7559=LINE('',#7560,#7561);
#7560=CARTESIAN_POINT('',(5.3594,6.6802,4.8133));
#7561=VECTOR('',#7562,1.0);
#7562=DIRECTION('',(-1.387778781E-14,0.0,-1.0));
#7563=ORIENTED_EDGE('',*,*,#7564,.T.);
#7564=EDGE_CURVE('',#2340,#2779,#7565,.F.);
#7565=LINE('',#7566,#7567);
#7566=CARTESIAN_POINT('',(5.3594,6.6802,5.3721));
#7567=VECTOR('',#7568,1.0);
#7568=DIRECTION('',(0.0,0.0,-1.0));
#7569=PLANE('',#7570);
#7570=AXIS2_PLACEMENT_3D('',#7571,#7572,#7573);
#7571=CARTESIAN_POINT('',(5.3594,6.1722,5.4483));
#7572=DIRECTION('',(1.0,0.0,0.0));
#7573=DIRECTION('',(0.0,0.0,-1.0));
#7574=ADVANCED_FACE('',(#7575),#7586,.F.);
#7575=FACE_BOUND('',#7576,.T.);
#7576=EDGE_LOOP('',(#7577,#7578,#7584,#7585));
#7577=ORIENTED_EDGE('',*,*,#2381,.F.);
#7578=ORIENTED_EDGE('',*,*,#7579,.T.);
#7579=EDGE_CURVE('',#2374,#2787,#7580,.F.);
#7580=LINE('',#7581,#7582);
#7581=CARTESIAN_POINT('',(5.5499,6.6802,5.3721));
#7582=VECTOR('',#7583,1.0);
#7583=DIRECTION('',(0.0,0.0,-1.0));
#7584=ORIENTED_EDGE('',*,*,#2786,.F.);
#7585=ORIENTED_EDGE('',*,*,#7564,.F.);
#7586=PLANE('',#7587);
#7587=AXIS2_PLACEMENT_3D('',#7588,#7589,#7590);
#7588=CARTESIAN_POINT('',(5.5499,6.6802,6.44652));
#7589=DIRECTION('',(0.0,1.0,0.0));
#7590=DIRECTION('',(-1.0,0.0,0.0));
#7591=ADVANCED_FACE('',(#7592),#7603,.F.);
#7592=FACE_BOUND('',#7593,.T.);
#7593=EDGE_LOOP('',(#7594,#7595,#7596,#7602));
#7594=ORIENTED_EDGE('',*,*,#7579,.F.);
#7595=ORIENTED_EDGE('',*,*,#2373,.F.);
#7596=ORIENTED_EDGE('',*,*,#7597,.T.);
#7597=EDGE_CURVE('',#2366,#2795,#7598,.F.);
#7598=LINE('',#7599,#7600);
#7599=CARTESIAN_POINT('',(5.5499,6.0452,5.3721));
#7600=VECTOR('',#7601,1.0);
#7601=DIRECTION('',(0.0,0.0,-1.0));
#7602=ORIENTED_EDGE('',*,*,#2794,.F.);
#7603=PLANE('',#7604);
#7604=AXIS2_PLACEMENT_3D('',#7605,#7606,#7607);
#7605=CARTESIAN_POINT('',(5.5499,6.0452,6.44652));
#7606=DIRECTION('',(1.0,0.0,0.0));
#7607=DIRECTION('',(0.0,1.0,0.0));
#7608=ADVANCED_FACE('',(#7609),#7620,.F.);
#7609=FACE_BOUND('',#7610,.T.);
#7610=EDGE_LOOP('',(#7611,#7612,#7613,#7619));
#7611=ORIENTED_EDGE('',*,*,#7597,.F.);
#7612=ORIENTED_EDGE('',*,*,#2365,.F.);
#7613=ORIENTED_EDGE('',*,*,#7614,.T.);
#7614=EDGE_CURVE('',#2358,#2803,#7615,.F.);
#7615=LINE('',#7616,#7617);
#7616=CARTESIAN_POINT('',(3.6449,6.0452,5.3721));
#7617=VECTOR('',#7618,1.0);
#7618=DIRECTION('',(0.0,0.0,-1.0));
#7619=ORIENTED_EDGE('',*,*,#2802,.F.);
#7620=PLANE('',#7621);
#7621=AXIS2_PLACEMENT_3D('',#7622,#7623,#7624);
#7622=CARTESIAN_POINT('',(3.6449,6.0452,6.44652));
#7623=DIRECTION('',(0.0,-1.0,0.0));
#7624=DIRECTION('',(1.0,0.0,0.0));
#7625=ADVANCED_FACE('',(#7626),#7637,.F.);
#7626=FACE_BOUND('',#7627,.T.);
#7627=EDGE_LOOP('',(#7628,#7629,#7630,#7636));
#7628=ORIENTED_EDGE('',*,*,#7614,.F.);
#7629=ORIENTED_EDGE('',*,*,#2357,.F.);
#7630=ORIENTED_EDGE('',*,*,#7631,.T.);
#7631=EDGE_CURVE('',#2350,#2811,#7632,.F.);
#7632=LINE('',#7633,#7634);
#7633=CARTESIAN_POINT('',(3.6449,6.6802,5.3721));
#7634=VECTOR('',#7635,1.0);
#7635=DIRECTION('',(0.0,0.0,-1.0));
#7636=ORIENTED_EDGE('',*,*,#2810,.F.);
#7637=PLANE('',#7638);
#7638=AXIS2_PLACEMENT_3D('',#7639,#7640,#7641);
#7639=CARTESIAN_POINT('',(3.6449,6.6802,6.44652));
#7640=DIRECTION('',(-1.0,0.0,0.0));
#7641=DIRECTION('',(0.0,-1.0,0.0));
#7642=ADVANCED_FACE('',(#7643),#7654,.F.);
#7643=FACE_BOUND('',#7644,.T.);
#7644=EDGE_LOOP('',(#7645,#7646,#7647,#7648));
#7645=ORIENTED_EDGE('',*,*,#2818,.F.);
#7646=ORIENTED_EDGE('',*,*,#7631,.F.);
#7647=ORIENTED_EDGE('',*,*,#2349,.F.);
#7648=ORIENTED_EDGE('',*,*,#7649,.T.);
#7649=EDGE_CURVE('',#2342,#2777,#7650,.F.);
#7650=LINE('',#7651,#7652);
#7651=CARTESIAN_POINT('',(3.8354,6.6802,5.3721));
#7652=VECTOR('',#7653,1.0);
#7653=DIRECTION('',(0.0,0.0,-1.0));
#7654=PLANE('',#7655);
#7655=AXIS2_PLACEMENT_3D('',#7656,#7657,#7658);
#7656=CARTESIAN_POINT('',(5.5499,6.6802,6.44652));
#7657=DIRECTION('',(0.0,1.0,0.0));
#7658=DIRECTION('',(-1.0,0.0,0.0));
#7659=ADVANCED_FACE('',(#7660),#7693,.T.);
#7660=FACE_BOUND('',#7661,.T.);
#7661=EDGE_LOOP('',(#7662,#7668,#7669,#7670,#7678,#7686,#7692));
#7662=ORIENTED_EDGE('',*,*,#7663,.T.);
#7663=EDGE_CURVE('',#2342,#6525,#7664,.F.);
#7664=LINE('',#7665,#7666);
#7665=CARTESIAN_POINT('',(3.8354,6.6802,4.7625));
#7666=VECTOR('',#7667,1.0);
#7667=DIRECTION('',(1.387778781E-14,0.0,1.0));
#7668=ORIENTED_EDGE('',*,*,#6524,.F.);
#7669=ORIENTED_EDGE('',*,*,#278,.F.);
#7670=ORIENTED_EDGE('',*,*,#7671,.T.);
#7671=EDGE_CURVE('',#271,#7672,#7674,.F.);
#7672=VERTEX_POINT('',#7673);
#7673=CARTESIAN_POINT('',(3.8354,6.392170453,5.4483));
#7674=LINE('',#7675,#7676);
#7675=CARTESIAN_POINT('',(3.8354,6.392170453,5.4483));
#7676=VECTOR('',#7677,1.0);
#7677=DIRECTION('',(0.0,-0.5,-0.866025404));
#7678=ORIENTED_EDGE('',*,*,#7679,.T.);
#7679=EDGE_CURVE('',#7672,#7680,#7682,.T.);
#7680=VERTEX_POINT('',#7681);
#7681=CARTESIAN_POINT('',(3.8354,6.6802,5.4483));
#7682=LINE('',#7683,#7684);
#7683=CARTESIAN_POINT('',(3.8354,6.392170453,5.4483));
#7684=VECTOR('',#7685,1.0);
#7685=DIRECTION('',(0.0,1.0,0.0));
#7686=ORIENTED_EDGE('',*,*,#7687,.T.);
#7687=EDGE_CURVE('',#7680,#2777,#7688,.F.);
#7688=LINE('',#7689,#7690);
#7689=CARTESIAN_POINT('',(3.8354,6.6802,5.3721));
#7690=VECTOR('',#7691,1.0);
#7691=DIRECTION('',(0.0,0.0,1.0));
#7692=ORIENTED_EDGE('',*,*,#7649,.F.);
#7693=PLANE('',#7694);
#7694=AXIS2_PLACEMENT_3D('',#7695,#7696,#7697);
#7695=CARTESIAN_POINT('',(3.8354,6.1722,4.7625));
#7696=DIRECTION('',(-1.0,0.0,0.0));
#7697=DIRECTION('',(0.0,0.0,1.0));
#7698=ADVANCED_FACE('',(#7699),#7710,.T.);
#7699=FACE_BOUND('',#7700,.T.);
#7700=EDGE_LOOP('',(#7701,#7702,#7708,#7709));
#7701=ORIENTED_EDGE('',*,*,#7687,.F.);
#7702=ORIENTED_EDGE('',*,*,#7703,.T.);
#7703=EDGE_CURVE('',#7680,#7535,#7704,.T.);
#7704=LINE('',#7705,#7706);
#7705=CARTESIAN_POINT('',(3.8354,6.6802,5.4483));
#7706=VECTOR('',#7707,1.0);
#7707=DIRECTION('',(1.0,0.0,0.0));
#7708=ORIENTED_EDGE('',*,*,#7534,.F.);
#7709=ORIENTED_EDGE('',*,*,#2776,.F.);
#7710=PLANE('',#7711);
#7711=AXIS2_PLACEMENT_3D('',#7712,#7713,#7714);
#7712=CARTESIAN_POINT('',(0.0,6.6802,0.0));
#7713=DIRECTION('',(0.0,1.0,0.0));
#7714=DIRECTION('',(0.0,0.0,1.0));
#7715=ADVANCED_FACE('',(#7716),#7727,.T.);
#7716=FACE_BOUND('',#7717,.T.);
#7717=EDGE_LOOP('',(#7718,#7719,#7720,#7721));
#7718=ORIENTED_EDGE('',*,*,#7542,.F.);
#7719=ORIENTED_EDGE('',*,*,#7703,.F.);
#7720=ORIENTED_EDGE('',*,*,#7679,.F.);
#7721=ORIENTED_EDGE('',*,*,#7722,.T.);
#7722=EDGE_CURVE('',#7672,#7543,#7723,.T.);
#7723=LINE('',#7724,#7725);
#7724=CARTESIAN_POINT('',(3.8354,6.392170453,5.4483));
#7725=VECTOR('',#7726,1.0);
#7726=DIRECTION('',(1.0,0.0,0.0));
#7727=PLANE('',#7728);
#7728=AXIS2_PLACEMENT_3D('',#7729,#7730,#7731);
#7729=CARTESIAN_POINT('',(3.8354,6.1722,5.4483));
#7730=DIRECTION('',(0.0,0.0,1.0));
#7731=DIRECTION('',(1.0,0.0,0.0));
#7732=ADVANCED_FACE('',(#7733),#7739,.F.);
#7733=FACE_BOUND('',#7734,.T.);
#7734=EDGE_LOOP('',(#7735,#7736,#7737,#7738));
#7735=ORIENTED_EDGE('',*,*,#270,.F.);
#7736=ORIENTED_EDGE('',*,*,#7550,.F.);
#7737=ORIENTED_EDGE('',*,*,#7722,.F.);
#7738=ORIENTED_EDGE('',*,*,#7671,.F.);
#7739=PLANE('',#7740);
#7740=AXIS2_PLACEMENT_3D('',#7741,#7742,#7743);
#7741=CARTESIAN_POINT('',(-10.56132,6.392170453,5.4483));
#7742=DIRECTION('',(0.0,0.866025404,-0.5));
#7743=DIRECTION('',(0.0,-0.5,-0.866025404));
#7744=ADVANCED_FACE('',(#7745),#7751,.T.);
#7745=FACE_BOUND('',#7746,.T.);
#7746=EDGE_LOOP('',(#7747,#7748,#7749,#7750));
#7747=ORIENTED_EDGE('',*,*,#7558,.F.);
#7748=ORIENTED_EDGE('',*,*,#6532,.F.);
#7749=ORIENTED_EDGE('',*,*,#7663,.F.);
#7750=ORIENTED_EDGE('',*,*,#2339,.F.);
#7751=PLANE('',#7752);
#7752=AXIS2_PLACEMENT_3D('',#7753,#7754,#7755);
#7753=CARTESIAN_POINT('',(0.0,6.6802,0.0));
#7754=DIRECTION('',(0.0,1.0,0.0));
#7755=DIRECTION('',(0.0,0.0,1.0));
#7756=ADVANCED_FACE('',(#7757),#7795,.T.);
#7757=FACE_BOUND('',#7758,.T.);
#7758=EDGE_LOOP('',(#7759,#7767,#7775,#7781,#7782,#7783,#7789));
#7759=ORIENTED_EDGE('',*,*,#7760,.T.);
#7760=EDGE_CURVE('',#2729,#7761,#7763,.F.);
#7761=VERTEX_POINT('',#7762);
#7762=CARTESIAN_POINT('',(0.762,6.6802,5.4483));
#7763=LINE('',#7764,#7765);
#7764=CARTESIAN_POINT('',(0.762,6.6802,5.4483));
#7765=VECTOR('',#7766,1.0);
#7766=DIRECTION('',(0.0,0.0,-1.0));
#7767=ORIENTED_EDGE('',*,*,#7768,.T.);
#7768=EDGE_CURVE('',#7761,#7769,#7771,.F.);
#7769=VERTEX_POINT('',#7770);
#7770=CARTESIAN_POINT('',(0.762,6.392170453,5.4483));
#7771=LINE('',#7772,#7773);
#7772=CARTESIAN_POINT('',(0.762,6.392170453,5.4483));
#7773=VECTOR('',#7774,1.0);
#7774=DIRECTION('',(0.0,1.0,0.0));
#7775=ORIENTED_EDGE('',*,*,#7776,.T.);
#7776=EDGE_CURVE('',#7769,#295,#7777,.T.);
#7777=LINE('',#7778,#7779);
#7778=CARTESIAN_POINT('',(0.762,6.392170453,5.4483));
#7779=VECTOR('',#7780,1.0);
#7780=DIRECTION('',(0.0,-0.5,-0.866025404));
#7781=ORIENTED_EDGE('',*,*,#294,.F.);
#7782=ORIENTED_EDGE('',*,*,#6517,.F.);
#7783=ORIENTED_EDGE('',*,*,#7784,.T.);
#7784=EDGE_CURVE('',#6510,#2290,#7785,.F.);
#7785=LINE('',#7786,#7787);
#7786=CARTESIAN_POINT('',(0.762,6.6802,4.8133));
#7787=VECTOR('',#7788,1.0);
#7788=DIRECTION('',(0.0,0.0,-1.0));
#7789=ORIENTED_EDGE('',*,*,#7790,.T.);
#7790=EDGE_CURVE('',#2290,#2729,#7791,.F.);
#7791=LINE('',#7792,#7793);
#7792=CARTESIAN_POINT('',(0.762,6.6802,5.3721));
#7793=VECTOR('',#7794,1.0);
#7794=DIRECTION('',(0.0,0.0,-1.0));
#7795=PLANE('',#7796);
#7796=AXIS2_PLACEMENT_3D('',#7797,#7798,#7799);
#7797=CARTESIAN_POINT('',(0.762,6.1722,5.4483));
#7798=DIRECTION('',(1.0,0.0,0.0));
#7799=DIRECTION('',(0.0,0.0,-1.0));
#7800=ADVANCED_FACE('',(#7801),#7812,.F.);
#7801=FACE_BOUND('',#7802,.T.);
#7802=EDGE_LOOP('',(#7803,#7804,#7810,#7811));
#7803=ORIENTED_EDGE('',*,*,#2331,.F.);
#7804=ORIENTED_EDGE('',*,*,#7805,.T.);
#7805=EDGE_CURVE('',#2324,#2737,#7806,.F.);
#7806=LINE('',#7807,#7808);
#7807=CARTESIAN_POINT('',(0.9525,6.6802,5.3721));
#7808=VECTOR('',#7809,1.0);
#7809=DIRECTION('',(0.0,0.0,-1.0));
#7810=ORIENTED_EDGE('',*,*,#2736,.F.);
#7811=ORIENTED_EDGE('',*,*,#7790,.F.);
#7812=PLANE('',#7813);
#7813=AXIS2_PLACEMENT_3D('',#7814,#7815,#7816);
#7814=CARTESIAN_POINT('',(0.9525,6.6802,6.44652));
#7815=DIRECTION('',(0.0,1.0,0.0));
#7816=DIRECTION('',(-1.0,0.0,0.0));
#7817=ADVANCED_FACE('',(#7818),#7829,.F.);
#7818=FACE_BOUND('',#7819,.T.);
#7819=EDGE_LOOP('',(#7820,#7821,#7822,#7828));
#7820=ORIENTED_EDGE('',*,*,#7805,.F.);
#7821=ORIENTED_EDGE('',*,*,#2323,.F.);
#7822=ORIENTED_EDGE('',*,*,#7823,.T.);
#7823=EDGE_CURVE('',#2316,#2745,#7824,.F.);
#7824=LINE('',#7825,#7826);
#7825=CARTESIAN_POINT('',(0.9525,6.0452,5.3721));
#7826=VECTOR('',#7827,1.0);
#7827=DIRECTION('',(0.0,0.0,-1.0));
#7828=ORIENTED_EDGE('',*,*,#2744,.F.);
#7829=PLANE('',#7830);
#7830=AXIS2_PLACEMENT_3D('',#7831,#7832,#7833);
#7831=CARTESIAN_POINT('',(0.9525,6.0452,6.44652));
#7832=DIRECTION('',(1.0,0.0,0.0));
#7833=DIRECTION('',(0.0,1.0,0.0));
#7834=ADVANCED_FACE('',(#7835),#7846,.F.);
#7835=FACE_BOUND('',#7836,.T.);
#7836=EDGE_LOOP('',(#7837,#7838,#7839,#7845));
#7837=ORIENTED_EDGE('',*,*,#7823,.F.);
#7838=ORIENTED_EDGE('',*,*,#2315,.F.);
#7839=ORIENTED_EDGE('',*,*,#7840,.T.);
#7840=EDGE_CURVE('',#2308,#2753,#7841,.F.);
#7841=LINE('',#7842,#7843);
#7842=CARTESIAN_POINT('',(-0.9525,6.0452,5.3721));
#7843=VECTOR('',#7844,1.0);
#7844=DIRECTION('',(0.0,0.0,-1.0));
#7845=ORIENTED_EDGE('',*,*,#2752,.F.);
#7846=PLANE('',#7847);
#7847=AXIS2_PLACEMENT_3D('',#7848,#7849,#7850);
#7848=CARTESIAN_POINT('',(-0.9525,6.0452,6.44652));
#7849=DIRECTION('',(0.0,-1.0,0.0));
#7850=DIRECTION('',(1.0,0.0,0.0));
#7851=ADVANCED_FACE('',(#7852),#7863,.F.);
#7852=FACE_BOUND('',#7853,.T.);
#7853=EDGE_LOOP('',(#7854,#7855,#7856,#7862));
#7854=ORIENTED_EDGE('',*,*,#7840,.F.);
#7855=ORIENTED_EDGE('',*,*,#2307,.F.);
#7856=ORIENTED_EDGE('',*,*,#7857,.T.);
#7857=EDGE_CURVE('',#2300,#2761,#7858,.F.);
#7858=LINE('',#7859,#7860);
#7859=CARTESIAN_POINT('',(-0.9525,6.6802,5.3721));
#7860=VECTOR('',#7861,1.0);
#7861=DIRECTION('',(0.0,0.0,-1.0));
#7862=ORIENTED_EDGE('',*,*,#2760,.F.);
#7863=PLANE('',#7864);
#7864=AXIS2_PLACEMENT_3D('',#7865,#7866,#7867);
#7865=CARTESIAN_POINT('',(-0.9525,6.6802,6.44652));
#7866=DIRECTION('',(-1.0,0.0,0.0));
#7867=DIRECTION('',(0.0,-1.0,0.0));
#7868=ADVANCED_FACE('',(#7869),#7880,.F.);
#7869=FACE_BOUND('',#7870,.T.);
#7870=EDGE_LOOP('',(#7871,#7872,#7873,#7874));
#7871=ORIENTED_EDGE('',*,*,#2768,.F.);
#7872=ORIENTED_EDGE('',*,*,#7857,.F.);
#7873=ORIENTED_EDGE('',*,*,#2299,.F.);
#7874=ORIENTED_EDGE('',*,*,#7875,.T.);
#7875=EDGE_CURVE('',#2292,#2727,#7876,.F.);
#7876=LINE('',#7877,#7878);
#7877=CARTESIAN_POINT('',(-0.762,6.6802,5.3721));
#7878=VECTOR('',#7879,1.0);
#7879=DIRECTION('',(0.0,0.0,-1.0));
#7880=PLANE('',#7881);
#7881=AXIS2_PLACEMENT_3D('',#7882,#7883,#7884);
#7882=CARTESIAN_POINT('',(0.9525,6.6802,6.44652));
#7883=DIRECTION('',(0.0,1.0,0.0));
#7884=DIRECTION('',(-1.0,0.0,0.0));
#7885=ADVANCED_FACE('',(#7886),#7919,.T.);
#7886=FACE_BOUND('',#7887,.T.);
#7887=EDGE_LOOP('',(#7888,#7894,#7895,#7896,#7904,#7912,#7918));
#7888=ORIENTED_EDGE('',*,*,#7889,.T.);
#7889=EDGE_CURVE('',#2292,#6502,#7890,.F.);
#7890=LINE('',#7891,#7892);
#7891=CARTESIAN_POINT('',(-0.762,6.6802,4.7625));
#7892=VECTOR('',#7893,1.0);
#7893=DIRECTION('',(0.0,0.0,1.0));
#7894=ORIENTED_EDGE('',*,*,#6501,.F.);
#7895=ORIENTED_EDGE('',*,*,#310,.F.);
#7896=ORIENTED_EDGE('',*,*,#7897,.T.);
#7897=EDGE_CURVE('',#303,#7898,#7900,.F.);
#7898=VERTEX_POINT('',#7899);
#7899=CARTESIAN_POINT('',(-0.762,6.392170453,5.4483));
#7900=LINE('',#7901,#7902);
#7901=CARTESIAN_POINT('',(-0.762,6.392170453,5.4483));
#7902=VECTOR('',#7903,1.0);
#7903=DIRECTION('',(0.0,-0.5,-0.866025404));
#7904=ORIENTED_EDGE('',*,*,#7905,.T.);
#7905=EDGE_CURVE('',#7898,#7906,#7908,.T.);
#7906=VERTEX_POINT('',#7907);
#7907=CARTESIAN_POINT('',(-0.762,6.6802,5.4483));
#7908=LINE('',#7909,#7910);
#7909=CARTESIAN_POINT('',(-0.762,6.392170453,5.4483));
#7910=VECTOR('',#7911,1.0);
#7911=DIRECTION('',(0.0,1.0,0.0));
#7912=ORIENTED_EDGE('',*,*,#7913,.T.);
#7913=EDGE_CURVE('',#7906,#2727,#7914,.F.);
#7914=LINE('',#7915,#7916);
#7915=CARTESIAN_POINT('',(-0.762,6.6802,5.3721));
#7916=VECTOR('',#7917,1.0);
#7917=DIRECTION('',(0.0,0.0,1.0));
#7918=ORIENTED_EDGE('',*,*,#7875,.F.);
#7919=PLANE('',#7920);
#7920=AXIS2_PLACEMENT_3D('',#7921,#7922,#7923);
#7921=CARTESIAN_POINT('',(-0.762,6.1722,4.7625));
#7922=DIRECTION('',(-1.0,0.0,0.0));
#7923=DIRECTION('',(0.0,0.0,1.0));
#7924=ADVANCED_FACE('',(#7925),#7936,.T.);
#7925=FACE_BOUND('',#7926,.T.);
#7926=EDGE_LOOP('',(#7927,#7928,#7934,#7935));
#7927=ORIENTED_EDGE('',*,*,#7913,.F.);
#7928=ORIENTED_EDGE('',*,*,#7929,.T.);
#7929=EDGE_CURVE('',#7906,#7761,#7930,.T.);
#7930=LINE('',#7931,#7932);
#7931=CARTESIAN_POINT('',(-0.762,6.6802,5.4483));
#7932=VECTOR('',#7933,1.0);
#7933=DIRECTION('',(1.0,0.0,0.0));
#7934=ORIENTED_EDGE('',*,*,#7760,.F.);
#7935=ORIENTED_EDGE('',*,*,#2726,.F.);
#7936=PLANE('',#7937);
#7937=AXIS2_PLACEMENT_3D('',#7938,#7939,#7940);
#7938=CARTESIAN_POINT('',(0.0,6.6802,0.0));
#7939=DIRECTION('',(0.0,1.0,0.0));
#7940=DIRECTION('',(0.0,0.0,1.0));
#7941=ADVANCED_FACE('',(#7942),#7953,.T.);
#7942=FACE_BOUND('',#7943,.T.);
#7943=EDGE_LOOP('',(#7944,#7945,#7946,#7947));
#7944=ORIENTED_EDGE('',*,*,#7768,.F.);
#7945=ORIENTED_EDGE('',*,*,#7929,.F.);
#7946=ORIENTED_EDGE('',*,*,#7905,.F.);
#7947=ORIENTED_EDGE('',*,*,#7948,.T.);
#7948=EDGE_CURVE('',#7898,#7769,#7949,.T.);
#7949=LINE('',#7950,#7951);
#7950=CARTESIAN_POINT('',(-0.762,6.392170453,5.4483));
#7951=VECTOR('',#7952,1.0);
#7952=DIRECTION('',(1.0,0.0,0.0));
#7953=PLANE('',#7954);
#7954=AXIS2_PLACEMENT_3D('',#7955,#7956,#7957);
#7955=CARTESIAN_POINT('',(-0.762,6.1722,5.4483));
#7956=DIRECTION('',(0.0,0.0,1.0));
#7957=DIRECTION('',(1.0,0.0,0.0));
#7958=ADVANCED_FACE('',(#7959),#7965,.F.);
#7959=FACE_BOUND('',#7960,.T.);
#7960=EDGE_LOOP('',(#7961,#7962,#7963,#7964));
#7961=ORIENTED_EDGE('',*,*,#302,.F.);
#7962=ORIENTED_EDGE('',*,*,#7776,.F.);
#7963=ORIENTED_EDGE('',*,*,#7948,.F.);
#7964=ORIENTED_EDGE('',*,*,#7897,.F.);
#7965=PLANE('',#7966);
#7966=AXIS2_PLACEMENT_3D('',#7967,#7968,#7969);
#7967=CARTESIAN_POINT('',(-10.56132,6.392170453,5.4483));
#7968=DIRECTION('',(0.0,0.866025404,-0.5));
#7969=DIRECTION('',(0.0,-0.5,-0.866025404));
#7970=ADVANCED_FACE('',(#7971),#7977,.T.);
#7971=FACE_BOUND('',#7972,.T.);
#7972=EDGE_LOOP('',(#7973,#7974,#7975,#7976));
#7973=ORIENTED_EDGE('',*,*,#7784,.F.);
#7974=ORIENTED_EDGE('',*,*,#6509,.F.);
#7975=ORIENTED_EDGE('',*,*,#7889,.F.);
#7976=ORIENTED_EDGE('',*,*,#2289,.F.);
#7977=PLANE('',#7978);
#7978=AXIS2_PLACEMENT_3D('',#7979,#7980,#7981);
#7979=CARTESIAN_POINT('',(0.0,6.6802,0.0));
#7980=DIRECTION('',(0.0,1.0,0.0));
#7981=DIRECTION('',(0.0,0.0,1.0));
#7982=ADVANCED_FACE('',(#7983),#7989,.F.);
#7983=FACE_BOUND('',#7984,.T.);
#7984=EDGE_LOOP('',(#7985,#7986,#7987,#7988));
#7985=ORIENTED_EDGE('',*,*,#4530,.F.);
#7986=ORIENTED_EDGE('',*,*,#4973,.F.);
#7987=ORIENTED_EDGE('',*,*,#4855,.F.);
#7988=ORIENTED_EDGE('',*,*,#3196,.F.);
#7989=PLANE('',#7990);
#7990=AXIS2_PLACEMENT_3D('',#7991,#7992,#7993);
#7991=CARTESIAN_POINT('',(-3.3909,1.27,-3.650467951));
#7992=DIRECTION('',(0.989015863,-0.147809411,0.0));
#7993=DIRECTION('',(0.0,0.0,1.0));
#7994=ADVANCED_FACE('',(#7995),#8011,.F.);
#7995=FACE_BOUND('',#7996,.T.);
#7996=EDGE_LOOP('',(#7997,#8003,#8004,#8010));
#7997=ORIENTED_EDGE('',*,*,#7998,.T.);
#7998=EDGE_CURVE('',#3292,#4984,#7999,.T.);
#7999=LINE('',#8000,#8001);
#8000=CARTESIAN_POINT('',(-1.016328191,-2.733047265E-04,-3.048785294));
#8001=VECTOR('',#8002,1.0);
#8002=DIRECTION('',(-0.144057249,0.960174916,-0.239398494));
#8003=ORIENTED_EDGE('',*,*,#5009,.F.);
#8004=ORIENTED_EDGE('',*,*,#8005,.T.);
#8005=EDGE_CURVE('',#5002,#3301,#8006,.F.);
#8006=LINE('',#8007,#8008);
#8007=CARTESIAN_POINT('',(-1.016328191,-2.733047265E-04,-2.666214706));
#8008=VECTOR('',#8009,1.0);
#8009=DIRECTION('',(-0.144057249,0.960174916,0.239398494));
#8010=ORIENTED_EDGE('',*,*,#3300,.F.);
#8011=PLANE('',#8012);
#8012=AXIS2_PLACEMENT_3D('',#8013,#8014,#8015);
#8013=CARTESIAN_POINT('',(-1.2065,1.27,-2.064532049));
#8014=DIRECTION('',(-0.989015863,-0.147809411,0.0));
#8015=DIRECTION('',(0.0,0.0,-1.0));
#8016=ADVANCED_FACE('',(#8017),#8049,.F.);
#8017=FACE_BOUND('',#8018,.T.);
#8018=EDGE_LOOP('',(#8019,#8027,#8028,#8029,#8035,#8043));
#8019=ORIENTED_EDGE('',*,*,#8020,.T.);
#8020=EDGE_CURVE('',#8021,#3301,#8023,.T.);
#8021=VERTEX_POINT('',#8022);
#8022=CARTESIAN_POINT('',(-1.016,0.251261643,-2.6035));
#8023=LINE('',#8024,#8025);
#8024=CARTESIAN_POINT('',(-1.016,0.251261643,-2.6035));
#8025=VECTOR('',#8026,1.0);
#8026=DIRECTION('',(-0.001265997,-0.970294949,-0.241921702));
#8027=ORIENTED_EDGE('',*,*,#8005,.F.);
#8028=ORIENTED_EDGE('',*,*,#5001,.F.);
#8029=ORIENTED_EDGE('',*,*,#8030,.T.);
#8030=EDGE_CURVE('',#4994,#3258,#8031,.F.);
#8031=LINE('',#8032,#8033);
#8032=CARTESIAN_POINT('',(1.016328191,-2.733047265E-04,-2.666214706));
#8033=VECTOR('',#8034,1.0);
#8034=DIRECTION('',(0.144057249,0.960174916,0.239398494));
#8035=ORIENTED_EDGE('',*,*,#8036,.T.);
#8036=EDGE_CURVE('',#3258,#8037,#8039,.F.);
#8037=VERTEX_POINT('',#8038);
#8038=CARTESIAN_POINT('',(1.016,0.251261643,-2.6035));
#8039=LINE('',#8040,#8041);
#8040=CARTESIAN_POINT('',(1.016,0.251261643,-2.6035));
#8041=VECTOR('',#8042,1.0);
#8042=DIRECTION('',(0.001265997,-0.970294949,-0.241921702));
#8043=ORIENTED_EDGE('',*,*,#8044,.T.);
#8044=EDGE_CURVE('',#8037,#8021,#8045,.T.);
#8045=LINE('',#8046,#8047);
#8046=CARTESIAN_POINT('',(1.016,0.251261643,-2.6035));
#8047=VECTOR('',#8048,1.0);
#8048=DIRECTION('',(-1.0,0.0,0.0));
#8049=PLANE('',#8050);
#8050=AXIS2_PLACEMENT_3D('',#8051,#8052,#8053);
#8051=CARTESIAN_POINT('',(1.491467951,1.27,-2.3495));
#8052=DIRECTION('',(0.0,-0.241921896,0.970295726));
#8053=DIRECTION('',(-1.0,0.0,0.0));
#8054=ADVANCED_FACE('',(#8055),#8080,.F.);
#8055=FACE_BOUND('',#8056,.T.);
#8056=EDGE_LOOP('',(#8057,#8065,#8073,#8079));
#8057=ORIENTED_EDGE('',*,*,#8058,.T.);
#8058=EDGE_CURVE('',#8037,#8059,#8061,.F.);
#8059=VERTEX_POINT('',#8060);
#8060=CARTESIAN_POINT('',(1.016,0.564311642,-2.6035));
#8061=LINE('',#8062,#8063);
#8062=CARTESIAN_POINT('',(1.016,0.564311642,-2.6035));
#8063=VECTOR('',#8064,1.0);
#8064=DIRECTION('',(0.0,-1.0,0.0));
#8065=ORIENTED_EDGE('',*,*,#8066,.T.);
#8066=EDGE_CURVE('',#8059,#8067,#8069,.T.);
#8067=VERTEX_POINT('',#8068);
#8068=CARTESIAN_POINT('',(-1.016,0.564311642,-2.6035));
#8069=LINE('',#8070,#8071);
#8070=CARTESIAN_POINT('',(1.016,0.564311642,-2.6035));
#8071=VECTOR('',#8072,1.0);
#8072=DIRECTION('',(-1.0,0.0,0.0));
#8073=ORIENTED_EDGE('',*,*,#8074,.T.);
#8074=EDGE_CURVE('',#8067,#8021,#8075,.F.);
#8075=LINE('',#8076,#8077);
#8076=CARTESIAN_POINT('',(-1.016,0.251261643,-2.6035));
#8077=VECTOR('',#8078,1.0);
#8078=DIRECTION('',(0.0,1.0,0.0));
#8079=ORIENTED_EDGE('',*,*,#8044,.F.);
#8080=PLANE('',#8081);
#8081=AXIS2_PLACEMENT_3D('',#8082,#8083,#8084);
#8082=CARTESIAN_POINT('',(0.0,1.27,-2.6035));
#8083=DIRECTION('',(0.0,0.0,-1.0));
#8084=DIRECTION('',(-1.0,0.0,0.0));
#8085=ADVANCED_FACE('',(#8086),#8136,.T.);
#8086=FACE_BOUND('',#8087,.T.);
#8087=EDGE_LOOP('',(#8088,#8089,#8090,#8098,#8106,#8112,#8113,#8121,#8129,#8135));
#8088=ORIENTED_EDGE('',*,*,#8020,.F.);
#8089=ORIENTED_EDGE('',*,*,#8074,.F.);
#8090=ORIENTED_EDGE('',*,*,#8091,.T.);
#8091=EDGE_CURVE('',#8067,#8092,#8094,.T.);
#8092=VERTEX_POINT('',#8093);
#8093=CARTESIAN_POINT('',(-1.016,0.564311642,-3.1115));
#8094=LINE('',#8095,#8096);
#8095=CARTESIAN_POINT('',(-1.016,0.564311642,-2.6035));
#8096=VECTOR('',#8097,1.0);
#8097=DIRECTION('',(0.0,0.0,-1.0));
#8098=ORIENTED_EDGE('',*,*,#8099,.T.);
#8099=EDGE_CURVE('',#8092,#8100,#8102,.F.);
#8100=VERTEX_POINT('',#8101);
#8101=CARTESIAN_POINT('',(-1.016,0.251261643,-3.1115));
#8102=LINE('',#8103,#8104);
#8103=CARTESIAN_POINT('',(-1.016,0.251261643,-3.1115));
#8104=VECTOR('',#8105,1.0);
#8105=DIRECTION('',(0.0,1.0,0.0));
#8106=ORIENTED_EDGE('',*,*,#8107,.T.);
#8107=EDGE_CURVE('',#8100,#3292,#8108,.T.);
#8108=LINE('',#8109,#8110);
#8109=CARTESIAN_POINT('',(-1.016,0.251261643,-3.1115));
#8110=VECTOR('',#8111,1.0);
#8111=DIRECTION('',(-0.001265997,-0.970294949,0.241921702));
#8112=ORIENTED_EDGE('',*,*,#3291,.F.);
#8113=ORIENTED_EDGE('',*,*,#8114,.T.);
#8114=EDGE_CURVE('',#3284,#8115,#8117,.F.);
#8115=VERTEX_POINT('',#8116);
#8116=CARTESIAN_POINT('',(-1.016,-0.127,-3.1115));
#8117=LINE('',#8118,#8119);
#8118=CARTESIAN_POINT('',(-1.016,-0.127,-3.1115));
#8119=VECTOR('',#8120,1.0);
#8120=DIRECTION('',(0.0,1.0,0.0));
#8121=ORIENTED_EDGE('',*,*,#8122,.T.);
#8122=EDGE_CURVE('',#8115,#8123,#8125,.F.);
#8123=VERTEX_POINT('',#8124);
#8124=CARTESIAN_POINT('',(-1.016,-0.127,-2.6035));
#8125=LINE('',#8126,#8127);
#8126=CARTESIAN_POINT('',(-1.016,-0.127,-2.6035));
#8127=VECTOR('',#8128,1.0);
#8128=DIRECTION('',(0.0,0.0,-1.0));
#8129=ORIENTED_EDGE('',*,*,#8130,.T.);
#8130=EDGE_CURVE('',#8123,#3309,#8131,.T.);
#8131=LINE('',#8132,#8133);
#8132=CARTESIAN_POINT('',(-1.016,-0.127,-2.6035));
#8133=VECTOR('',#8134,1.0);
#8134=DIRECTION('',(0.0,1.0,0.0));
#8135=ORIENTED_EDGE('',*,*,#3308,.F.);
#8136=PLANE('',#8137);
#8137=AXIS2_PLACEMENT_3D('',#8138,#8139,#8140);
#8138=CARTESIAN_POINT('',(-1.016,-5.8674,-2.6035));
#8139=DIRECTION('',(-1.0,0.0,0.0));
#8140=DIRECTION('',(0.0,1.0,0.0));
#8141=ADVANCED_FACE('',(#8142),#8225,.F.);
#8142=FACE_BOUND('',#8143,.T.);
#8143=EDGE_LOOP('',(#8144,#8145,#8153,#8161,#8169,#8177,#8186,#8194,#8202,#8210,#8218,#8224));
#8144=ORIENTED_EDGE('',*,*,#8130,.F.);
#8145=ORIENTED_EDGE('',*,*,#8146,.T.);
#8146=EDGE_CURVE('',#8123,#8147,#8149,.F.);
#8147=VERTEX_POINT('',#8148);
#8148=CARTESIAN_POINT('',(-1.27,-0.127,-2.6035));
#8149=LINE('',#8150,#8151);
#8150=CARTESIAN_POINT('',(-1.27,-0.127,-2.6035));
#8151=VECTOR('',#8152,1.0);
#8152=DIRECTION('',(1.0,0.0,0.0));
#8153=ORIENTED_EDGE('',*,*,#8154,.T.);
#8154=EDGE_CURVE('',#8147,#8155,#8157,.F.);
#8155=VERTEX_POINT('',#8156);
#8156=CARTESIAN_POINT('',(-1.016,-1.651,-2.6035));
#8157=LINE('',#8158,#8159);
#8158=CARTESIAN_POINT('',(-1.016,-1.651,-2.6035));
#8159=VECTOR('',#8160,1.0);
#8160=DIRECTION('',(-0.164398987,0.986393924,0.0));
#8161=ORIENTED_EDGE('',*,*,#8162,.T.);
#8162=EDGE_CURVE('',#8155,#8163,#8165,.T.);
#8163=VERTEX_POINT('',#8164);
#8164=CARTESIAN_POINT('',(-0.635,-1.651,-2.6035));
#8165=LINE('',#8166,#8167);
#8166=CARTESIAN_POINT('',(-1.016,-1.651,-2.6035));
#8167=VECTOR('',#8168,1.0);
#8168=DIRECTION('',(1.0,0.0,0.0));
#8169=ORIENTED_EDGE('',*,*,#8170,.T.);
#8170=EDGE_CURVE('',#8163,#8171,#8173,.F.);
#8171=VERTEX_POINT('',#8172);
#8172=CARTESIAN_POINT('',(-0.635,-5.2324,-2.6035));
#8173=LINE('',#8174,#8175);
#8174=CARTESIAN_POINT('',(-0.635,-5.2324,-2.6035));
#8175=VECTOR('',#8176,1.0);
#8176=DIRECTION('',(0.0,1.0,0.0));
#8177=ORIENTED_EDGE('',*,*,#8178,.T.);
#8178=EDGE_CURVE('',#8171,#8179,#8181,.T.);
#8179=VERTEX_POINT('',#8180);
#8180=CARTESIAN_POINT('',(0.635,-5.2324,-2.6035));
#8181=CIRCLE('',#8182,0.635);
#8182=AXIS2_PLACEMENT_3D('',#8183,#8184,#8185);
#8183=CARTESIAN_POINT('',(0.0,-5.2324,-2.6035));
#8184=DIRECTION('',(0.0,0.0,1.0));
#8185=DIRECTION('',(-1.0,0.0,0.0));
#8186=ORIENTED_EDGE('',*,*,#8187,.T.);
#8187=EDGE_CURVE('',#8179,#8188,#8190,.T.);
#8188=VERTEX_POINT('',#8189);
#8189=CARTESIAN_POINT('',(0.635,-1.651,-2.6035));
#8190=LINE('',#8191,#8192);
#8191=CARTESIAN_POINT('',(0.635,-5.2324,-2.6035));
#8192=VECTOR('',#8193,1.0);
#8193=DIRECTION('',(0.0,1.0,0.0));
#8194=ORIENTED_EDGE('',*,*,#8195,.T.);
#8195=EDGE_CURVE('',#8188,#8196,#8198,.F.);
#8196=VERTEX_POINT('',#8197);
#8197=CARTESIAN_POINT('',(1.016,-1.651,-2.6035));
#8198=LINE('',#8199,#8200);
#8199=CARTESIAN_POINT('',(1.016,-1.651,-2.6035));
#8200=VECTOR('',#8201,1.0);
#8201=DIRECTION('',(-1.0,0.0,0.0));
#8202=ORIENTED_EDGE('',*,*,#8203,.T.);
#8203=EDGE_CURVE('',#8196,#8204,#8206,.F.);
#8204=VERTEX_POINT('',#8205);
#8205=CARTESIAN_POINT('',(1.27,-0.127,-2.6035));
#8206=LINE('',#8207,#8208);
#8207=CARTESIAN_POINT('',(1.27,-0.127,-2.6035));
#8208=VECTOR('',#8209,1.0);
#8209=DIRECTION('',(-0.164398987,-0.986393924,0.0));
#8210=ORIENTED_EDGE('',*,*,#8211,.T.);
#8211=EDGE_CURVE('',#8204,#8212,#8214,.F.);
#8212=VERTEX_POINT('',#8213);
#8213=CARTESIAN_POINT('',(1.016,-0.127,-2.6035));
#8214=LINE('',#8215,#8216);
#8215=CARTESIAN_POINT('',(1.016,-0.127,-2.6035));
#8216=VECTOR('',#8217,1.0);
#8217=DIRECTION('',(1.0,0.0,0.0));
#8218=ORIENTED_EDGE('',*,*,#8219,.T.);
#8219=EDGE_CURVE('',#8212,#3256,#8220,.F.);
#8220=LINE('',#8221,#8222);
#8221=CARTESIAN_POINT('',(1.016,0.0,-2.6035));
#8222=VECTOR('',#8223,1.0);
#8223=DIRECTION('',(-6.120104423E-13,-1.0,0.0));
#8224=ORIENTED_EDGE('',*,*,#3317,.F.);
#8225=PLANE('',#8226);
#8226=AXIS2_PLACEMENT_3D('',#8227,#8228,#8229);
#8227=CARTESIAN_POINT('',(0.0,1.27,-2.6035));
#8228=DIRECTION('',(0.0,0.0,-1.0));
#8229=DIRECTION('',(-1.0,0.0,0.0));
#8230=ADVANCED_FACE('',(#8231),#8274,.T.);
#8231=FACE_BOUND('',#8232,.T.);
#8232=EDGE_LOOP('',(#8233,#8234,#8242,#8248,#8249,#8257,#8265,#8271,#8272,#8273));
#8233=ORIENTED_EDGE('',*,*,#8219,.F.);
#8234=ORIENTED_EDGE('',*,*,#8235,.T.);
#8235=EDGE_CURVE('',#8212,#8236,#8238,.T.);
#8236=VERTEX_POINT('',#8237);
#8237=CARTESIAN_POINT('',(1.016,-0.127,-3.1115));
#8238=LINE('',#8239,#8240);
#8239=CARTESIAN_POINT('',(1.016,-0.127,-2.6035));
#8240=VECTOR('',#8241,1.0);
#8241=DIRECTION('',(0.0,0.0,-1.0));
#8242=ORIENTED_EDGE('',*,*,#8243,.T.);
#8243=EDGE_CURVE('',#8236,#3275,#8244,.F.);
#8244=LINE('',#8245,#8246);
#8245=CARTESIAN_POINT('',(1.016,0.0,-3.1115));
#8246=VECTOR('',#8247,1.0);
#8247=DIRECTION('',(-6.120104423E-13,-1.0,0.0));
#8248=ORIENTED_EDGE('',*,*,#3274,.F.);
#8249=ORIENTED_EDGE('',*,*,#8250,.T.);
#8250=EDGE_CURVE('',#3267,#8251,#8253,.F.);
#8251=VERTEX_POINT('',#8252);
#8252=CARTESIAN_POINT('',(1.016,0.251261643,-3.1115));
#8253=LINE('',#8254,#8255);
#8254=CARTESIAN_POINT('',(1.016,0.251261643,-3.1115));
#8255=VECTOR('',#8256,1.0);
#8256=DIRECTION('',(0.001265997,-0.970294949,0.241921702));
#8257=ORIENTED_EDGE('',*,*,#8258,.T.);
#8258=EDGE_CURVE('',#8251,#8259,#8261,.F.);
#8259=VERTEX_POINT('',#8260);
#8260=CARTESIAN_POINT('',(1.016,0.564311642,-3.1115));
#8261=LINE('',#8262,#8263);
#8262=CARTESIAN_POINT('',(1.016,0.564311642,-3.1115));
#8263=VECTOR('',#8264,1.0);
#8264=DIRECTION('',(0.0,-1.0,0.0));
#8265=ORIENTED_EDGE('',*,*,#8266,.T.);
#8266=EDGE_CURVE('',#8259,#8059,#8267,.F.);
#8267=LINE('',#8268,#8269);
#8268=CARTESIAN_POINT('',(1.016,0.564311642,-2.6035));
#8269=VECTOR('',#8270,1.0);
#8270=DIRECTION('',(0.0,0.0,-1.0));
#8271=ORIENTED_EDGE('',*,*,#8058,.F.);
#8272=ORIENTED_EDGE('',*,*,#8036,.F.);
#8273=ORIENTED_EDGE('',*,*,#3255,.F.);
#8274=PLANE('',#8275);
#8275=AXIS2_PLACEMENT_3D('',#8276,#8277,#8278);
#8276=CARTESIAN_POINT('',(1.016,1.27,-2.6035));
#8277=DIRECTION('',(1.0,0.0,0.0));
#8278=DIRECTION('',(0.0,-1.0,0.0));
#8279=ADVANCED_FACE('',(#8280),#8291,.F.);
#8280=FACE_BOUND('',#8281,.T.);
#8281=EDGE_LOOP('',(#8282,#8283,#8289,#8290));
#8282=ORIENTED_EDGE('',*,*,#8266,.F.);
#8283=ORIENTED_EDGE('',*,*,#8284,.T.);
#8284=EDGE_CURVE('',#8259,#8092,#8285,.T.);
#8285=LINE('',#8286,#8287);
#8286=CARTESIAN_POINT('',(1.016,0.564311642,-3.1115));
#8287=VECTOR('',#8288,1.0);
#8288=DIRECTION('',(-1.0,0.0,0.0));
#8289=ORIENTED_EDGE('',*,*,#8091,.F.);
#8290=ORIENTED_EDGE('',*,*,#8066,.F.);
#8291=PLANE('',#8292);
#8292=AXIS2_PLACEMENT_3D('',#8293,#8294,#8295);
#8293=CARTESIAN_POINT('',(6.985,0.564311642,4.290597914));
#8294=DIRECTION('',(0.0,-1.0,0.0));
#8295=DIRECTION('',(0.0,0.0,-1.0));
#8296=ADVANCED_FACE('',(#8297),#8308,.T.);
#8297=FACE_BOUND('',#8298,.T.);
#8298=EDGE_LOOP('',(#8299,#8300,#8301,#8302));
#8299=ORIENTED_EDGE('',*,*,#8099,.F.);
#8300=ORIENTED_EDGE('',*,*,#8284,.F.);
#8301=ORIENTED_EDGE('',*,*,#8258,.F.);
#8302=ORIENTED_EDGE('',*,*,#8303,.T.);
#8303=EDGE_CURVE('',#8251,#8100,#8304,.F.);
#8304=LINE('',#8305,#8306);
#8305=CARTESIAN_POINT('',(-1.016,0.251261643,-3.1115));
#8306=VECTOR('',#8307,1.0);
#8307=DIRECTION('',(1.0,0.0,0.0));
#8308=PLANE('',#8309);
#8309=AXIS2_PLACEMENT_3D('',#8310,#8311,#8312);
#8310=CARTESIAN_POINT('',(0.0,1.27,-3.1115));
#8311=DIRECTION('',(0.0,0.0,-1.0));
#8312=DIRECTION('',(-1.0,0.0,0.0));
#8313=ADVANCED_FACE('',(#8314),#8327,.F.);
#8314=FACE_BOUND('',#8315,.T.);
#8315=EDGE_LOOP('',(#8316,#8317,#8323,#8324,#8325,#8326));
#8316=ORIENTED_EDGE('',*,*,#8250,.F.);
#8317=ORIENTED_EDGE('',*,*,#8318,.T.);
#8318=EDGE_CURVE('',#3267,#4986,#8319,.T.);
#8319=LINE('',#8320,#8321);
#8320=CARTESIAN_POINT('',(1.016328191,-2.733047265E-04,-3.048785294));
#8321=VECTOR('',#8322,1.0);
#8322=DIRECTION('',(0.144057249,0.960174916,-0.239398494));
#8323=ORIENTED_EDGE('',*,*,#4983,.F.);
#8324=ORIENTED_EDGE('',*,*,#7998,.F.);
#8325=ORIENTED_EDGE('',*,*,#8107,.F.);
#8326=ORIENTED_EDGE('',*,*,#8303,.F.);
#8327=PLANE('',#8328);
#8328=AXIS2_PLACEMENT_3D('',#8329,#8330,#8331);
#8329=CARTESIAN_POINT('',(-1.491467951,1.27,-3.3655));
#8330=DIRECTION('',(0.0,-0.241921896,-0.970295726));
#8331=DIRECTION('',(1.0,0.0,0.0));
#8332=ADVANCED_FACE('',(#8333),#8339,.F.);
#8333=FACE_BOUND('',#8334,.T.);
#8334=EDGE_LOOP('',(#8335,#8336,#8337,#8338));
#8335=ORIENTED_EDGE('',*,*,#8030,.F.);
#8336=ORIENTED_EDGE('',*,*,#4993,.F.);
#8337=ORIENTED_EDGE('',*,*,#8318,.F.);
#8338=ORIENTED_EDGE('',*,*,#3266,.F.);
#8339=PLANE('',#8340);
#8340=AXIS2_PLACEMENT_3D('',#8341,#8342,#8343);
#8341=CARTESIAN_POINT('',(1.2065,1.27,-3.650467951));
#8342=DIRECTION('',(0.989015863,-0.147809411,0.0));
#8343=DIRECTION('',(0.0,0.0,1.0));
#8344=ADVANCED_FACE('',(#8345),#8421,.T.);
#8345=FACE_BOUND('',#8346,.T.);
#8346=EDGE_LOOP('',(#8347,#8348,#8356,#8364,#8372,#8380,#8389,#8397,#8405,#8413,#8419,#8420));
#8347=ORIENTED_EDGE('',*,*,#8243,.F.);
#8348=ORIENTED_EDGE('',*,*,#8349,.T.);
#8349=EDGE_CURVE('',#8236,#8350,#8352,.T.);
#8350=VERTEX_POINT('',#8351);
#8351=CARTESIAN_POINT('',(1.27,-0.127,-3.1115));
#8352=LINE('',#8353,#8354);
#8353=CARTESIAN_POINT('',(1.016,-0.127,-3.1115));
#8354=VECTOR('',#8355,1.0);
#8355=DIRECTION('',(1.0,0.0,0.0));
#8356=ORIENTED_EDGE('',*,*,#8357,.T.);
#8357=EDGE_CURVE('',#8350,#8358,#8360,.T.);
#8358=VERTEX_POINT('',#8359);
#8359=CARTESIAN_POINT('',(1.016,-1.651,-3.1115));
#8360=LINE('',#8361,#8362);
#8361=CARTESIAN_POINT('',(1.27,-0.127,-3.1115));
#8362=VECTOR('',#8363,1.0);
#8363=DIRECTION('',(-0.164398987,-0.986393924,0.0));
#8364=ORIENTED_EDGE('',*,*,#8365,.T.);
#8365=EDGE_CURVE('',#8358,#8366,#8368,.T.);
#8366=VERTEX_POINT('',#8367);
#8367=CARTESIAN_POINT('',(0.635,-1.651,-3.1115));
#8368=LINE('',#8369,#8370);
#8369=CARTESIAN_POINT('',(1.016,-1.651,-3.1115));
#8370=VECTOR('',#8371,1.0);
#8371=DIRECTION('',(-1.0,0.0,0.0));
#8372=ORIENTED_EDGE('',*,*,#8373,.T.);
#8373=EDGE_CURVE('',#8366,#8374,#8376,.F.);
#8374=VERTEX_POINT('',#8375);
#8375=CARTESIAN_POINT('',(0.635,-5.2324,-3.1115));
#8376=LINE('',#8377,#8378);
#8377=CARTESIAN_POINT('',(0.635,-5.2324,-3.1115));
#8378=VECTOR('',#8379,1.0);
#8379=DIRECTION('',(0.0,1.0,0.0));
#8380=ORIENTED_EDGE('',*,*,#8381,.T.);
#8381=EDGE_CURVE('',#8374,#8382,#8384,.T.);
#8382=VERTEX_POINT('',#8383);
#8383=CARTESIAN_POINT('',(-0.635,-5.2324,-3.1115));
#8384=CIRCLE('',#8385,0.635);
#8385=AXIS2_PLACEMENT_3D('',#8386,#8387,#8388);
#8386=CARTESIAN_POINT('',(0.0,-5.2324,-3.1115));
#8387=DIRECTION('',(0.0,0.0,-1.0));
#8388=DIRECTION('',(1.0,0.0,0.0));
#8389=ORIENTED_EDGE('',*,*,#8390,.T.);
#8390=EDGE_CURVE('',#8382,#8391,#8393,.T.);
#8391=VERTEX_POINT('',#8392);
#8392=CARTESIAN_POINT('',(-0.635,-1.651,-3.1115));
#8393=LINE('',#8394,#8395);
#8394=CARTESIAN_POINT('',(-0.635,-5.2324,-3.1115));
#8395=VECTOR('',#8396,1.0);
#8396=DIRECTION('',(0.0,1.0,0.0));
#8397=ORIENTED_EDGE('',*,*,#8398,.T.);
#8398=EDGE_CURVE('',#8391,#8399,#8401,.F.);
#8399=VERTEX_POINT('',#8400);
#8400=CARTESIAN_POINT('',(-1.016,-1.651,-3.1115));
#8401=LINE('',#8402,#8403);
#8402=CARTESIAN_POINT('',(-1.016,-1.651,-3.1115));
#8403=VECTOR('',#8404,1.0);
#8404=DIRECTION('',(1.0,0.0,0.0));
#8405=ORIENTED_EDGE('',*,*,#8406,.T.);
#8406=EDGE_CURVE('',#8399,#8407,#8409,.T.);
#8407=VERTEX_POINT('',#8408);
#8408=CARTESIAN_POINT('',(-1.27,-0.127,-3.1115));
#8409=LINE('',#8410,#8411);
#8410=CARTESIAN_POINT('',(-1.016,-1.651,-3.1115));
#8411=VECTOR('',#8412,1.0);
#8412=DIRECTION('',(-0.164398987,0.986393924,0.0));
#8413=ORIENTED_EDGE('',*,*,#8414,.T.);
#8414=EDGE_CURVE('',#8407,#8115,#8415,.T.);
#8415=LINE('',#8416,#8417);
#8416=CARTESIAN_POINT('',(-1.27,-0.127,-3.1115));
#8417=VECTOR('',#8418,1.0);
#8418=DIRECTION('',(1.0,0.0,0.0));
#8419=ORIENTED_EDGE('',*,*,#8114,.F.);
#8420=ORIENTED_EDGE('',*,*,#3283,.F.);
#8421=PLANE('',#8422);
#8422=AXIS2_PLACEMENT_3D('',#8423,#8424,#8425);
#8423=CARTESIAN_POINT('',(0.0,1.27,-3.1115));
#8424=DIRECTION('',(0.0,0.0,-1.0));
#8425=DIRECTION('',(-1.0,0.0,0.0));
#8426=ADVANCED_FACE('',(#8427),#8438,.T.);
#8427=FACE_BOUND('',#8428,.T.);
#8428=EDGE_LOOP('',(#8429,#8430,#8436,#8437));
#8429=ORIENTED_EDGE('',*,*,#8414,.F.);
#8430=ORIENTED_EDGE('',*,*,#8431,.T.);
#8431=EDGE_CURVE('',#8407,#8147,#8432,.F.);
#8432=LINE('',#8433,#8434);
#8433=CARTESIAN_POINT('',(-1.27,-0.127,-2.6035));
#8434=VECTOR('',#8435,1.0);
#8435=DIRECTION('',(0.0,0.0,-1.0));
#8436=ORIENTED_EDGE('',*,*,#8146,.F.);
#8437=ORIENTED_EDGE('',*,*,#8122,.F.);
#8438=PLANE('',#8439);
#8439=AXIS2_PLACEMENT_3D('',#8440,#8441,#8442);
#8440=CARTESIAN_POINT('',(-1.27,-0.127,-2.6035));
#8441=DIRECTION('',(0.0,1.0,0.0));
#8442=DIRECTION('',(1.0,0.0,0.0));
#8443=ADVANCED_FACE('',(#8444),#8455,.T.);
#8444=FACE_BOUND('',#8445,.T.);
#8445=EDGE_LOOP('',(#8446,#8447,#8448,#8454));
#8446=ORIENTED_EDGE('',*,*,#8431,.F.);
#8447=ORIENTED_EDGE('',*,*,#8406,.F.);
#8448=ORIENTED_EDGE('',*,*,#8449,.T.);
#8449=EDGE_CURVE('',#8399,#8155,#8450,.F.);
#8450=LINE('',#8451,#8452);
#8451=CARTESIAN_POINT('',(-1.016,-1.651,-2.6035));
#8452=VECTOR('',#8453,1.0);
#8453=DIRECTION('',(0.0,0.0,-1.0));
#8454=ORIENTED_EDGE('',*,*,#8154,.F.);
#8455=PLANE('',#8456);
#8456=AXIS2_PLACEMENT_3D('',#8457,#8458,#8459);
#8457=CARTESIAN_POINT('',(-1.016,-1.651,-2.6035));
#8458=DIRECTION('',(-0.986393924,-0.164398987,0.0));
#8459=DIRECTION('',(-0.164398987,0.986393924,0.0));
#8460=ADVANCED_FACE('',(#8461),#8472,.F.);
#8461=FACE_BOUND('',#8462,.T.);
#8462=EDGE_LOOP('',(#8463,#8464,#8470,#8471));
#8463=ORIENTED_EDGE('',*,*,#8398,.F.);
#8464=ORIENTED_EDGE('',*,*,#8465,.T.);
#8465=EDGE_CURVE('',#8391,#8163,#8466,.F.);
#8466=LINE('',#8467,#8468);
#8467=CARTESIAN_POINT('',(-0.635,-1.651,-2.6035));
#8468=VECTOR('',#8469,1.0);
#8469=DIRECTION('',(0.0,0.0,-1.0));
#8470=ORIENTED_EDGE('',*,*,#8162,.F.);
#8471=ORIENTED_EDGE('',*,*,#8449,.F.);
#8472=PLANE('',#8473);
#8473=AXIS2_PLACEMENT_3D('',#8474,#8475,#8476);
#8474=CARTESIAN_POINT('',(-1.016,-1.651,-2.6035));
#8475=DIRECTION('',(0.0,1.0,0.0));
#8476=DIRECTION('',(1.0,0.0,0.0));
#8477=ADVANCED_FACE('',(#8478),#8489,.F.);
#8478=FACE_BOUND('',#8479,.T.);
#8479=EDGE_LOOP('',(#8480,#8481,#8482,#8483));
#8480=ORIENTED_EDGE('',*,*,#8170,.F.);
#8481=ORIENTED_EDGE('',*,*,#8465,.F.);
#8482=ORIENTED_EDGE('',*,*,#8390,.F.);
#8483=ORIENTED_EDGE('',*,*,#8484,.T.);
#8484=EDGE_CURVE('',#8382,#8171,#8485,.F.);
#8485=LINE('',#8486,#8487);
#8486=CARTESIAN_POINT('',(-0.635,-5.2324,-2.6035));
#8487=VECTOR('',#8488,1.0);
#8488=DIRECTION('',(0.0,0.0,-1.0));
#8489=PLANE('',#8490);
#8490=AXIS2_PLACEMENT_3D('',#8491,#8492,#8493);
#8491=CARTESIAN_POINT('',(-0.635,-1.651,-2.6035));
#8492=DIRECTION('',(1.0,0.0,0.0));
#8493=DIRECTION('',(0.0,-1.0,0.0));
#8494=ADVANCED_FACE('',(#8495),#8506,.T.);
#8495=FACE_BOUND('',#8496,.T.);
#8496=EDGE_LOOP('',(#8497,#8503,#8504,#8505));
#8497=ORIENTED_EDGE('',*,*,#8498,.T.);
#8498=EDGE_CURVE('',#8374,#8179,#8499,.F.);
#8499=LINE('',#8500,#8501);
#8500=CARTESIAN_POINT('',(0.635,-5.2324,-2.6035));
#8501=VECTOR('',#8502,1.0);
#8502=DIRECTION('',(0.0,0.0,-1.0));
#8503=ORIENTED_EDGE('',*,*,#8178,.F.);
#8504=ORIENTED_EDGE('',*,*,#8484,.F.);
#8505=ORIENTED_EDGE('',*,*,#8381,.F.);
#8506=CYLINDRICAL_SURFACE('',#8507,0.635);
#8507=AXIS2_PLACEMENT_3D('',#8508,#8509,#8510);
#8508=CARTESIAN_POINT('',(0.0,-5.2324,-0.657553011));
#8509=DIRECTION('',(0.0,0.0,-1.0));
#8510=DIRECTION('',(-1.0,0.0,0.0));
#8511=ADVANCED_FACE('',(#8512),#8523,.F.);
#8512=FACE_BOUND('',#8513,.T.);
#8513=EDGE_LOOP('',(#8514,#8515,#8521,#8522));
#8514=ORIENTED_EDGE('',*,*,#8373,.F.);
#8515=ORIENTED_EDGE('',*,*,#8516,.T.);
#8516=EDGE_CURVE('',#8366,#8188,#8517,.F.);
#8517=LINE('',#8518,#8519);
#8518=CARTESIAN_POINT('',(0.635,-1.651,-2.6035));
#8519=VECTOR('',#8520,1.0);
#8520=DIRECTION('',(0.0,0.0,-1.0));
#8521=ORIENTED_EDGE('',*,*,#8187,.F.);
#8522=ORIENTED_EDGE('',*,*,#8498,.F.);
#8523=PLANE('',#8524);
#8524=AXIS2_PLACEMENT_3D('',#8525,#8526,#8527);
#8525=CARTESIAN_POINT('',(0.635,-5.8674,-2.6035));
#8526=DIRECTION('',(-1.0,0.0,0.0));
#8527=DIRECTION('',(0.0,1.0,0.0));
#8528=ADVANCED_FACE('',(#8529),#8540,.F.);
#8529=FACE_BOUND('',#8530,.T.);
#8530=EDGE_LOOP('',(#8531,#8532,#8533,#8534));
#8531=ORIENTED_EDGE('',*,*,#8195,.F.);
#8532=ORIENTED_EDGE('',*,*,#8516,.F.);
#8533=ORIENTED_EDGE('',*,*,#8365,.F.);
#8534=ORIENTED_EDGE('',*,*,#8535,.T.);
#8535=EDGE_CURVE('',#8358,#8196,#8536,.F.);
#8536=LINE('',#8537,#8538);
#8537=CARTESIAN_POINT('',(1.016,-1.651,-2.6035));
#8538=VECTOR('',#8539,1.0);
#8539=DIRECTION('',(0.0,0.0,-1.0));
#8540=PLANE('',#8541);
#8541=AXIS2_PLACEMENT_3D('',#8542,#8543,#8544);
#8542=CARTESIAN_POINT('',(0.635,-1.651,-2.6035));
#8543=DIRECTION('',(0.0,1.0,0.0));
#8544=DIRECTION('',(1.0,0.0,0.0));
#8545=ADVANCED_FACE('',(#8546),#8557,.T.);
#8546=FACE_BOUND('',#8547,.T.);
#8547=EDGE_LOOP('',(#8548,#8549,#8550,#8556));
#8548=ORIENTED_EDGE('',*,*,#8535,.F.);
#8549=ORIENTED_EDGE('',*,*,#8357,.F.);
#8550=ORIENTED_EDGE('',*,*,#8551,.T.);
#8551=EDGE_CURVE('',#8350,#8204,#8552,.F.);
#8552=LINE('',#8553,#8554);
#8553=CARTESIAN_POINT('',(1.27,-0.127,-2.6035));
#8554=VECTOR('',#8555,1.0);
#8555=DIRECTION('',(0.0,0.0,-1.0));
#8556=ORIENTED_EDGE('',*,*,#8203,.F.);
#8557=PLANE('',#8558);
#8558=AXIS2_PLACEMENT_3D('',#8559,#8560,#8561);
#8559=CARTESIAN_POINT('',(1.27,-0.127,-2.6035));
#8560=DIRECTION('',(0.986393924,-0.164398987,0.0));
#8561=DIRECTION('',(-0.164398987,-0.986393924,0.0));
#8562=ADVANCED_FACE('',(#8563),#8569,.T.);
#8563=FACE_BOUND('',#8564,.T.);
#8564=EDGE_LOOP('',(#8565,#8566,#8567,#8568));
#8565=ORIENTED_EDGE('',*,*,#8211,.F.);
#8566=ORIENTED_EDGE('',*,*,#8551,.F.);
#8567=ORIENTED_EDGE('',*,*,#8349,.F.);
#8568=ORIENTED_EDGE('',*,*,#8235,.F.);
#8569=PLANE('',#8570);
#8570=AXIS2_PLACEMENT_3D('',#8571,#8572,#8573);
#8571=CARTESIAN_POINT('',(1.016,-0.127,-2.6035));
#8572=DIRECTION('',(0.0,1.0,0.0));
#8573=DIRECTION('',(1.0,0.0,0.0));
#8574=ADVANCED_FACE('',(#8575),#8600,.F.);
#8575=FACE_BOUND('',#8576,.T.);
#8576=EDGE_LOOP('',(#8577,#8585,#8586,#8594));
#8577=ORIENTED_EDGE('',*,*,#8578,.T.);
#8578=EDGE_CURVE('',#8579,#5018,#8581,.T.);
#8579=VERTEX_POINT('',#8580);
#8580=CARTESIAN_POINT('',(5.613721384,-3.644063021E-04,-2.66623742));
#8581=LINE('',#8582,#8583);
#8582=CARTESIAN_POINT('',(5.613721384,-3.644063021E-04,-2.66623742));
#8583=VECTOR('',#8584,1.0);
#8584=DIRECTION('',(0.144045825,0.96017653,0.239398897));
#8585=ORIENTED_EDGE('',*,*,#5043,.F.);
#8586=ORIENTED_EDGE('',*,*,#8587,.T.);
#8587=EDGE_CURVE('',#5036,#8588,#8590,.F.);
#8588=VERTEX_POINT('',#8589);
#8589=CARTESIAN_POINT('',(5.613721384,-3.644063021E-04,-3.04876258));
#8590=LINE('',#8591,#8592);
#8591=CARTESIAN_POINT('',(5.613721384,-3.644063021E-04,-3.04876258));
#8592=VECTOR('',#8593,1.0);
#8593=DIRECTION('',(0.144045825,0.96017653,-0.239398897));
#8594=ORIENTED_EDGE('',*,*,#8595,.T.);
#8595=EDGE_CURVE('',#8588,#8579,#8596,.T.);
#8596=LINE('',#8597,#8598);
#8597=CARTESIAN_POINT('',(5.613721384,-3.644063021E-04,-3.04876258));
#8598=VECTOR('',#8599,1.0);
#8599=DIRECTION('',(0.0,0.0,1.0));
#8600=PLANE('',#8601);
#8601=AXIS2_PLACEMENT_3D('',#8602,#8603,#8604);
#8602=CARTESIAN_POINT('',(5.8039,1.27,-3.650467951));
#8603=DIRECTION('',(0.989015863,-0.147809411,0.0));
#8604=DIRECTION('',(0.0,0.0,1.0));
#8605=ADVANCED_FACE('',(#8606),#8647,.T.);
#8606=FACE_BOUND('',#8607,.T.);
#8607=EDGE_LOOP('',(#8608,#8616,#8624,#8632,#8640,#8646));
#8608=ORIENTED_EDGE('',*,*,#8609,.T.);
#8609=EDGE_CURVE('',#8588,#8610,#8612,.F.);
#8610=VERTEX_POINT('',#8611);
#8611=CARTESIAN_POINT('',(5.6134,0.251261643,-3.1115));
#8612=LINE('',#8613,#8614);
#8613=CARTESIAN_POINT('',(5.6134,0.251261643,-3.1115));
#8614=VECTOR('',#8615,1.0);
#8615=DIRECTION('',(0.001239287,-0.970294981,0.24192171));
#8616=ORIENTED_EDGE('',*,*,#8617,.T.);
#8617=EDGE_CURVE('',#8610,#8618,#8620,.F.);
#8618=VERTEX_POINT('',#8619);
#8619=CARTESIAN_POINT('',(5.6134,0.564311642,-3.1115));
#8620=LINE('',#8621,#8622);
#8621=CARTESIAN_POINT('',(5.6134,0.564311642,-3.1115));
#8622=VECTOR('',#8623,1.0);
#8623=DIRECTION('',(0.0,-1.0,0.0));
#8624=ORIENTED_EDGE('',*,*,#8625,.T.);
#8625=EDGE_CURVE('',#8618,#8626,#8628,.F.);
#8626=VERTEX_POINT('',#8627);
#8627=CARTESIAN_POINT('',(5.6134,0.564311642,-2.6035));
#8628=LINE('',#8629,#8630);
#8629=CARTESIAN_POINT('',(5.6134,0.564311642,-2.6035));
#8630=VECTOR('',#8631,1.0);
#8631=DIRECTION('',(0.0,0.0,-1.0));
#8632=ORIENTED_EDGE('',*,*,#8633,.T.);
#8633=EDGE_CURVE('',#8626,#8634,#8636,.T.);
#8634=VERTEX_POINT('',#8635);
#8635=CARTESIAN_POINT('',(5.6134,0.251261643,-2.6035));
#8636=LINE('',#8637,#8638);
#8637=CARTESIAN_POINT('',(5.6134,0.564311642,-2.6035));
#8638=VECTOR('',#8639,1.0);
#8639=DIRECTION('',(0.0,-1.0,0.0));
#8640=ORIENTED_EDGE('',*,*,#8641,.T.);
#8641=EDGE_CURVE('',#8634,#8579,#8642,.T.);
#8642=LINE('',#8643,#8644);
#8643=CARTESIAN_POINT('',(5.6134,0.251261643,-2.6035));
#8644=VECTOR('',#8645,1.0);
#8645=DIRECTION('',(0.001239287,-0.970294981,-0.24192171));
#8646=ORIENTED_EDGE('',*,*,#8595,.F.);
#8647=PLANE('',#8648);
#8648=AXIS2_PLACEMENT_3D('',#8649,#8650,#8651);
#8649=CARTESIAN_POINT('',(5.6134,1.27,-2.6035));
#8650=DIRECTION('',(1.0,0.0,0.0));
#8651=DIRECTION('',(0.0,-1.0,0.0));
#8652=ADVANCED_FACE('',(#8653),#8680,.F.);
#8653=FACE_BOUND('',#8654,.T.);
#8654=EDGE_LOOP('',(#8655,#8665,#8671,#8672,#8673,#8674));
#8655=ORIENTED_EDGE('',*,*,#8656,.T.);
#8656=EDGE_CURVE('',#8657,#8659,#8661,.T.);
#8657=VERTEX_POINT('',#8658);
#8658=CARTESIAN_POINT('',(3.5814,0.251261643,-2.6035));
#8659=VERTEX_POINT('',#8660);
#8660=CARTESIAN_POINT('',(3.581078616,-3.64406302E-04,-2.66623742));
#8661=LINE('',#8662,#8663);
#8662=CARTESIAN_POINT('',(3.5814,0.251261643,-2.6035));
#8663=VECTOR('',#8664,1.0);
#8664=DIRECTION('',(-0.001239287,-0.970294981,-0.24192171));
#8665=ORIENTED_EDGE('',*,*,#8666,.T.);
#8666=EDGE_CURVE('',#8659,#5020,#8667,.T.);
#8667=LINE('',#8668,#8669);
#8668=CARTESIAN_POINT('',(3.581078616,-3.64406302E-04,-2.66623742));
#8669=VECTOR('',#8670,1.0);
#8670=DIRECTION('',(-0.144045825,0.96017653,0.239398897));
#8671=ORIENTED_EDGE('',*,*,#5017,.F.);
#8672=ORIENTED_EDGE('',*,*,#8578,.F.);
#8673=ORIENTED_EDGE('',*,*,#8641,.F.);
#8674=ORIENTED_EDGE('',*,*,#8675,.T.);
#8675=EDGE_CURVE('',#8634,#8657,#8676,.T.);
#8676=LINE('',#8677,#8678);
#8677=CARTESIAN_POINT('',(5.6134,0.251261643,-2.6035));
#8678=VECTOR('',#8679,1.0);
#8679=DIRECTION('',(-1.0,0.0,0.0));
#8680=PLANE('',#8681);
#8681=AXIS2_PLACEMENT_3D('',#8682,#8683,#8684);
#8682=CARTESIAN_POINT('',(6.088867951,1.27,-2.3495));
#8683=DIRECTION('',(0.0,-0.241921896,0.970295726));
#8684=DIRECTION('',(-1.0,0.0,0.0));
#8685=ADVANCED_FACE('',(#8686),#8704,.F.);
#8686=FACE_BOUND('',#8687,.T.);
#8687=EDGE_LOOP('',(#8688,#8689,#8697,#8703));
#8688=ORIENTED_EDGE('',*,*,#8633,.F.);
#8689=ORIENTED_EDGE('',*,*,#8690,.T.);
#8690=EDGE_CURVE('',#8626,#8691,#8693,.T.);
#8691=VERTEX_POINT('',#8692);
#8692=CARTESIAN_POINT('',(3.5814,0.564311642,-2.6035));
#8693=LINE('',#8694,#8695);
#8694=CARTESIAN_POINT('',(5.6134,0.564311642,-2.6035));
#8695=VECTOR('',#8696,1.0);
#8696=DIRECTION('',(-1.0,0.0,0.0));
#8697=ORIENTED_EDGE('',*,*,#8698,.T.);
#8698=EDGE_CURVE('',#8691,#8657,#8699,.F.);
#8699=LINE('',#8700,#8701);
#8700=CARTESIAN_POINT('',(3.5814,0.251261643,-2.6035));
#8701=VECTOR('',#8702,1.0);
#8702=DIRECTION('',(0.0,1.0,0.0));
#8703=ORIENTED_EDGE('',*,*,#8675,.F.);
#8704=PLANE('',#8705);
#8705=AXIS2_PLACEMENT_3D('',#8706,#8707,#8708);
#8706=CARTESIAN_POINT('',(4.5974,1.27,-2.6035));
#8707=DIRECTION('',(0.0,0.0,-1.0));
#8708=DIRECTION('',(-1.0,0.0,0.0));
#8709=ADVANCED_FACE('',(#8710),#8744,.T.);
#8710=FACE_BOUND('',#8711,.T.);
#8711=EDGE_LOOP('',(#8712,#8713,#8714,#8722,#8730,#8738));
#8712=ORIENTED_EDGE('',*,*,#8656,.F.);
#8713=ORIENTED_EDGE('',*,*,#8698,.F.);
#8714=ORIENTED_EDGE('',*,*,#8715,.T.);
#8715=EDGE_CURVE('',#8691,#8716,#8718,.T.);
#8716=VERTEX_POINT('',#8717);
#8717=CARTESIAN_POINT('',(3.5814,0.564311642,-3.1115));
#8718=LINE('',#8719,#8720);
#8719=CARTESIAN_POINT('',(3.5814,0.564311642,-2.6035));
#8720=VECTOR('',#8721,1.0);
#8721=DIRECTION('',(0.0,0.0,-1.0));
#8722=ORIENTED_EDGE('',*,*,#8723,.T.);
#8723=EDGE_CURVE('',#8716,#8724,#8726,.F.);
#8724=VERTEX_POINT('',#8725);
#8725=CARTESIAN_POINT('',(3.5814,0.251261643,-3.1115));
#8726=LINE('',#8727,#8728);
#8727=CARTESIAN_POINT('',(3.5814,0.251261643,-3.1115));
#8728=VECTOR('',#8729,1.0);
#8729=DIRECTION('',(0.0,1.0,0.0));
#8730=ORIENTED_EDGE('',*,*,#8731,.T.);
#8731=EDGE_CURVE('',#8724,#8732,#8734,.T.);
#8732=VERTEX_POINT('',#8733);
#8733=CARTESIAN_POINT('',(3.581078616,-3.64406302E-04,-3.04876258));
#8734=LINE('',#8735,#8736);
#8735=CARTESIAN_POINT('',(3.5814,0.251261643,-3.1115));
#8736=VECTOR('',#8737,1.0);
#8737=DIRECTION('',(-0.001239287,-0.970294981,0.24192171));
#8738=ORIENTED_EDGE('',*,*,#8739,.T.);
#8739=EDGE_CURVE('',#8732,#8659,#8740,.T.);
#8740=LINE('',#8741,#8742);
#8741=CARTESIAN_POINT('',(3.581078616,-3.64406302E-04,-3.04876258));
#8742=VECTOR('',#8743,1.0);
#8743=DIRECTION('',(0.0,0.0,1.0));
#8744=PLANE('',#8745);
#8745=AXIS2_PLACEMENT_3D('',#8746,#8747,#8748);
#8746=CARTESIAN_POINT('',(3.5814,-5.8674,-2.6035));
#8747=DIRECTION('',(-1.0,0.0,0.0));
#8748=DIRECTION('',(0.0,1.0,0.0));
#8749=ADVANCED_FACE('',(#8750),#8761,.F.);
#8750=FACE_BOUND('',#8751,.T.);
#8751=EDGE_LOOP('',(#8752,#8758,#8759,#8760));
#8752=ORIENTED_EDGE('',*,*,#8753,.T.);
#8753=EDGE_CURVE('',#8732,#5028,#8754,.T.);
#8754=LINE('',#8755,#8756);
#8755=CARTESIAN_POINT('',(3.581078616,-3.64406302E-04,-3.04876258));
#8756=VECTOR('',#8757,1.0);
#8757=DIRECTION('',(-0.144045825,0.96017653,-0.239398897));
#8758=ORIENTED_EDGE('',*,*,#5027,.F.);
#8759=ORIENTED_EDGE('',*,*,#8666,.F.);
#8760=ORIENTED_EDGE('',*,*,#8739,.F.);
#8761=PLANE('',#8762);
#8762=AXIS2_PLACEMENT_3D('',#8763,#8764,#8765);
#8763=CARTESIAN_POINT('',(3.3909,1.27,-2.064532049));
#8764=DIRECTION('',(-0.989015863,-0.147809411,0.0));
#8765=DIRECTION('',(0.0,0.0,-1.0));
#8766=ADVANCED_FACE('',(#8767),#8780,.F.);
#8767=FACE_BOUND('',#8768,.T.);
#8768=EDGE_LOOP('',(#8769,#8770,#8771,#8772,#8773,#8774));
#8769=ORIENTED_EDGE('',*,*,#8609,.F.);
#8770=ORIENTED_EDGE('',*,*,#8587,.F.);
#8771=ORIENTED_EDGE('',*,*,#5035,.F.);
#8772=ORIENTED_EDGE('',*,*,#8753,.F.);
#8773=ORIENTED_EDGE('',*,*,#8731,.F.);
#8774=ORIENTED_EDGE('',*,*,#8775,.T.);
#8775=EDGE_CURVE('',#8724,#8610,#8776,.F.);
#8776=LINE('',#8777,#8778);
#8777=CARTESIAN_POINT('',(5.6134,0.251261643,-3.1115));
#8778=VECTOR('',#8779,1.0);
#8779=DIRECTION('',(-1.0,0.0,0.0));
#8780=PLANE('',#8781);
#8781=AXIS2_PLACEMENT_3D('',#8782,#8783,#8784);
#8782=CARTESIAN_POINT('',(3.105932049,1.27,-3.3655));
#8783=DIRECTION('',(0.0,-0.241921896,-0.970295726));
#8784=DIRECTION('',(1.0,0.0,0.0));
#8785=ADVANCED_FACE('',(#8786),#8797,.T.);
#8786=FACE_BOUND('',#8787,.T.);
#8787=EDGE_LOOP('',(#8788,#8789,#8795,#8796));
#8788=ORIENTED_EDGE('',*,*,#8723,.F.);
#8789=ORIENTED_EDGE('',*,*,#8790,.T.);
#8790=EDGE_CURVE('',#8716,#8618,#8791,.F.);
#8791=LINE('',#8792,#8793);
#8792=CARTESIAN_POINT('',(5.6134,0.564311642,-3.1115));
#8793=VECTOR('',#8794,1.0);
#8794=DIRECTION('',(-1.0,0.0,0.0));
#8795=ORIENTED_EDGE('',*,*,#8617,.F.);
#8796=ORIENTED_EDGE('',*,*,#8775,.F.);
#8797=PLANE('',#8798);
#8798=AXIS2_PLACEMENT_3D('',#8799,#8800,#8801);
#8799=CARTESIAN_POINT('',(4.5974,1.27,-3.1115));
#8800=DIRECTION('',(0.0,0.0,-1.0));
#8801=DIRECTION('',(-1.0,0.0,0.0));
#8802=ADVANCED_FACE('',(#8803),#8809,.F.);
#8803=FACE_BOUND('',#8804,.T.);
#8804=EDGE_LOOP('',(#8805,#8806,#8807,#8808));
#8805=ORIENTED_EDGE('',*,*,#8625,.F.);
#8806=ORIENTED_EDGE('',*,*,#8790,.F.);
#8807=ORIENTED_EDGE('',*,*,#8715,.F.);
#8808=ORIENTED_EDGE('',*,*,#8690,.F.);
#8809=PLANE('',#8810);
#8810=AXIS2_PLACEMENT_3D('',#8811,#8812,#8813);
#8811=CARTESIAN_POINT('',(6.985,0.564311642,4.290597914));
#8812=DIRECTION('',(0.0,-1.0,0.0));
#8813=DIRECTION('',(0.0,0.0,-1.0));
#8814=ADVANCED_FACE('',(#8815),#8833,.F.);
#8815=FACE_BOUND('',#8816,.T.);
#8816=EDGE_LOOP('',(#8817,#8825,#8826,#8827));
#8817=ORIENTED_EDGE('',*,*,#8818,.T.);
#8818=EDGE_CURVE('',#8819,#508,#8821,.T.);
#8819=VERTEX_POINT('',#8820);
#8820=CARTESIAN_POINT('',(7.1628,0.9652,0.508));
#8821=LINE('',#8822,#8823);
#8822=CARTESIAN_POINT('',(7.1628,0.9652,0.508));
#8823=VECTOR('',#8824,1.0);
#8824=DIRECTION('',(1.0,0.0,0.0));
#8825=ORIENTED_EDGE('',*,*,#507,.F.);
#8826=ORIENTED_EDGE('',*,*,#1615,.F.);
#8827=ORIENTED_EDGE('',*,*,#8828,.T.);
#8828=EDGE_CURVE('',#1608,#8819,#8829,.T.);
#8829=LINE('',#8830,#8831);
#8830=CARTESIAN_POINT('',(7.1628,1.9812,0.508));
#8831=VECTOR('',#8832,1.0);
#8832=DIRECTION('',(0.0,-1.0,0.0));
#8833=PLANE('',#8834);
#8834=AXIS2_PLACEMENT_3D('',#8835,#8836,#8837);
#8835=CARTESIAN_POINT('',(7.1628,1.9812,0.508));
#8836=DIRECTION('',(0.0,0.0,-1.0));
#8837=DIRECTION('',(1.0,0.0,0.0));
#8838=ADVANCED_FACE('',(#8839),#8850,.F.);
#8839=FACE_BOUND('',#8840,.T.);
#8840=EDGE_LOOP('',(#8841,#8847,#8848,#8849));
#8841=ORIENTED_EDGE('',*,*,#8842,.T.);
#8842=EDGE_CURVE('',#1575,#8819,#8843,.T.);
#8843=LINE('',#8844,#8845);
#8844=CARTESIAN_POINT('',(7.1628,0.9652,-0.508));
#8845=VECTOR('',#8846,1.0);
#8846=DIRECTION('',(0.0,0.0,1.0));
#8847=ORIENTED_EDGE('',*,*,#8828,.F.);
#8848=ORIENTED_EDGE('',*,*,#1607,.F.);
#8849=ORIENTED_EDGE('',*,*,#1582,.F.);
#8850=PLANE('',#8851);
#8851=AXIS2_PLACEMENT_3D('',#8852,#8853,#8854);
#8852=CARTESIAN_POINT('',(7.1628,1.9812,-0.508));
#8853=DIRECTION('',(1.0,0.0,0.0));
#8854=DIRECTION('',(0.0,0.0,1.0));
#8855=ADVANCED_FACE('',(#8856),#8862,.F.);
#8856=FACE_BOUND('',#8857,.T.);
#8857=EDGE_LOOP('',(#8858,#8859,#8860,#8861));
#8858=ORIENTED_EDGE('',*,*,#1574,.F.);
#8859=ORIENTED_EDGE('',*,*,#515,.F.);
#8860=ORIENTED_EDGE('',*,*,#8818,.F.);
#8861=ORIENTED_EDGE('',*,*,#8842,.F.);
#8862=PLANE('',#8863);
#8863=AXIS2_PLACEMENT_3D('',#8864,#8865,#8866);
#8864=CARTESIAN_POINT('',(1.8288,0.9652,1.5875));
#8865=DIRECTION('',(0.0,1.0,0.0));
#8866=DIRECTION('',(1.0,0.0,0.0));
#8867=ADVANCED_FACE('',(#8868),#8874,.F.);
#8868=FACE_BOUND('',#8869,.T.);
#8869=EDGE_LOOP('',(#8870,#8871,#8872,#8873));
#8870=ORIENTED_EDGE('',*,*,#1566,.F.);
#8871=ORIENTED_EDGE('',*,*,#1441,.F.);
#8872=ORIENTED_EDGE('',*,*,#1416,.F.);
#8873=ORIENTED_EDGE('',*,*,#1392,.F.);
#8874=PLANE('',#8875);
#8875=AXIS2_PLACEMENT_3D('',#8876,#8877,#8878);
#8876=CARTESIAN_POINT('',(7.6708,1.9812,-1.9558));
#8877=DIRECTION('',(1.0,0.0,0.0));
#8878=DIRECTION('',(0.0,0.0,1.0));
#8879=ADVANCED_FACE('',(#8880),#8886,.T.);
#8880=FACE_BOUND('',#8881,.T.);
#8881=EDGE_LOOP('',(#8882,#8883,#8884,#8885));
#8882=ORIENTED_EDGE('',*,*,#571,.F.);
#8883=ORIENTED_EDGE('',*,*,#1309,.F.);
#8884=ORIENTED_EDGE('',*,*,#1282,.F.);
#8885=ORIENTED_EDGE('',*,*,#1258,.F.);
#8886=PLANE('',#8887);
#8887=AXIS2_PLACEMENT_3D('',#8888,#8889,#8890);
#8888=CARTESIAN_POINT('',(7.8613,6.1722,-2.4765));
#8889=DIRECTION('',(0.0,0.0,-1.0));
#8890=DIRECTION('',(1.0,0.0,0.0));
#8891=ADVANCED_FACE('',(#8892),#8911,.T.);
#8892=FACE_BOUND('',#8893,.T.);
#8893=EDGE_LOOP('',(#8894,#8895,#8904,#8910));
#8894=ORIENTED_EDGE('',*,*,#945,.F.);
#8895=ORIENTED_EDGE('',*,*,#8896,.T.);
#8896=EDGE_CURVE('',#938,#8897,#8899,.F.);
#8897=VERTEX_POINT('',#8898);
#8898=CARTESIAN_POINT('',(7.0993,5.4102,2.7305));
#8899=CIRCLE('',#8900,3.175);
#8900=AXIS2_PLACEMENT_3D('',#8901,#8902,#8903);
#8901=CARTESIAN_POINT('',(5.1943,5.4102,0.1905));
#8902=DIRECTION('',(0.0,-1.0,0.0));
#8903=DIRECTION('',(0.6,0.0,0.8));
#8904=ORIENTED_EDGE('',*,*,#8905,.T.);
#8905=EDGE_CURVE('',#8897,#442,#8906,.F.);
#8906=LINE('',#8907,#8908);
#8907=CARTESIAN_POINT('',(7.0993,6.1722,2.7305));
#8908=VECTOR('',#8909,1.0);
#8909=DIRECTION('',(0.0,-1.0,0.0));
#8910=ORIENTED_EDGE('',*,*,#441,.F.);
#8911=CYLINDRICAL_SURFACE('',#8912,3.175);
#8912=AXIS2_PLACEMENT_3D('',#8913,#8914,#8915);
#8913=CARTESIAN_POINT('',(5.1943,6.1722,0.1905));
#8914=DIRECTION('',(0.0,-1.0,0.0));
#8915=DIRECTION('',(1.0,0.0,0.0));
#8916=ADVANCED_FACE('',(#8917),#8936,.F.);
#8917=FACE_BOUND('',#8918,.T.);
#8918=EDGE_LOOP('',(#8919,#8920,#8929,#8935));
#8919=ORIENTED_EDGE('',*,*,#8905,.F.);
#8920=ORIENTED_EDGE('',*,*,#8921,.T.);
#8921=EDGE_CURVE('',#8897,#8922,#8924,.F.);
#8922=VERTEX_POINT('',#8923);
#8923=CARTESIAN_POINT('',(7.8613,5.4102,2.4765));
#8924=CIRCLE('',#8925,1.27);
#8925=AXIS2_PLACEMENT_3D('',#8926,#8927,#8928);
#8926=CARTESIAN_POINT('',(7.8613,5.4102,3.7465));
#8927=DIRECTION('',(0.0,1.0,0.0));
#8928=DIRECTION('',(0.0,0.0,-1.0));
#8929=ORIENTED_EDGE('',*,*,#8930,.T.);
#8930=EDGE_CURVE('',#8922,#451,#8931,.F.);
#8931=LINE('',#8932,#8933);
#8932=CARTESIAN_POINT('',(7.8613,6.1722,2.4765));
#8933=VECTOR('',#8934,1.0);
#8934=DIRECTION('',(0.0,-1.0,0.0));
#8935=ORIENTED_EDGE('',*,*,#450,.F.);
#8936=CYLINDRICAL_SURFACE('',#8937,1.27);
#8937=AXIS2_PLACEMENT_3D('',#8938,#8939,#8940);
#8938=CARTESIAN_POINT('',(7.8613,6.1722,3.7465));
#8939=DIRECTION('',(0.0,-1.0,0.0));
#8940=DIRECTION('',(1.0,0.0,0.0));
#8941=ADVANCED_FACE('',(#8942),#8953,.T.);
#8942=FACE_BOUND('',#8943,.T.);
#8943=EDGE_LOOP('',(#8944,#8945,#8951,#8952));
#8944=ORIENTED_EDGE('',*,*,#8930,.F.);
#8945=ORIENTED_EDGE('',*,*,#8946,.T.);
#8946=EDGE_CURVE('',#8922,#659,#8947,.F.);
#8947=LINE('',#8948,#8949);
#8948=CARTESIAN_POINT('',(8.4328,5.4102,2.4765));
#8949=VECTOR('',#8950,1.0);
#8950=DIRECTION('',(-1.0,0.0,0.0));
#8951=ORIENTED_EDGE('',*,*,#658,.F.);
#8952=ORIENTED_EDGE('',*,*,#459,.F.);
#8953=PLANE('',#8954);
#8954=AXIS2_PLACEMENT_3D('',#8955,#8956,#8957);
#8955=CARTESIAN_POINT('',(8.4328,6.1722,2.4765));
#8956=DIRECTION('',(0.0,0.0,1.0));
#8957=DIRECTION('',(-1.0,0.0,0.0));
#8958=ADVANCED_FACE('',(#8959),#8972,.T.);
#8959=FACE_BOUND('',#8960,.T.);
#8960=EDGE_LOOP('',(#8961,#8967,#8968,#8969,#8970,#8971));
#8961=ORIENTED_EDGE('',*,*,#8962,.T.);
#8962=EDGE_CURVE('',#930,#667,#8963,.F.);
#8963=LINE('',#8964,#8965);
#8964=CARTESIAN_POINT('',(8.4328,5.4102,2.2225));
#8965=VECTOR('',#8966,1.0);
#8966=DIRECTION('',(-1.0,0.0,0.0));
#8967=ORIENTED_EDGE('',*,*,#666,.F.);
#8968=ORIENTED_EDGE('',*,*,#8946,.F.);
#8969=ORIENTED_EDGE('',*,*,#8921,.F.);
#8970=ORIENTED_EDGE('',*,*,#8896,.F.);
#8971=ORIENTED_EDGE('',*,*,#937,.F.);
#8972=PLANE('',#8973);
#8973=AXIS2_PLACEMENT_3D('',#8974,#8975,#8976);
#8974=CARTESIAN_POINT('',(1.8288,5.4102,0.0));
#8975=DIRECTION('',(0.0,-1.0,0.0));
#8976=DIRECTION('',(1.0,0.0,0.0));
#8977=ADVANCED_FACE('',(#8978),#8984,.T.);
#8978=FACE_BOUND('',#8979,.T.);
#8979=EDGE_LOOP('',(#8980,#8981,#8982,#8983));
#8980=ORIENTED_EDGE('',*,*,#736,.F.);
#8981=ORIENTED_EDGE('',*,*,#674,.F.);
#8982=ORIENTED_EDGE('',*,*,#8962,.F.);
#8983=ORIENTED_EDGE('',*,*,#929,.F.);
#8984=PLANE('',#8985);
#8985=AXIS2_PLACEMENT_3D('',#8986,#8987,#8988);
#8986=CARTESIAN_POINT('',(6.3627,6.1722,2.2225));
#8987=DIRECTION('',(0.0,0.0,1.0));
#8988=DIRECTION('',(-1.0,0.0,0.0));
#8989=ADVANCED_FACE('',(#8990),#9008,.T.);
#8990=FACE_BOUND('',#8991,.T.);
#8991=EDGE_LOOP('',(#8992,#9000,#9001,#9002));
#8992=ORIENTED_EDGE('',*,*,#8993,.T.);
#8993=EDGE_CURVE('',#8994,#129,#8996,.F.);
#8994=VERTEX_POINT('',#8995);
#8995=CARTESIAN_POINT('',(7.8613,5.0292,0.5461));
#8996=LINE('',#8997,#8998);
#8997=CARTESIAN_POINT('',(7.8613,6.1722,0.5461));
#8998=VECTOR('',#8999,1.0);
#8999=DIRECTION('',(0.0,-1.0,0.0));
#9000=ORIENTED_EDGE('',*,*,#128,.F.);
#9001=ORIENTED_EDGE('',*,*,#650,.F.);
#9002=ORIENTED_EDGE('',*,*,#9003,.T.);
#9003=EDGE_CURVE('',#643,#8994,#9004,.T.);
#9004=LINE('',#9005,#9006);
#9005=CARTESIAN_POINT('',(8.4328,5.0292,0.5461));
#9006=VECTOR('',#9007,1.0);
#9007=DIRECTION('',(-1.0,0.0,0.0));
#9008=PLANE('',#9009);
#9009=AXIS2_PLACEMENT_3D('',#9010,#9011,#9012);
#9010=CARTESIAN_POINT('',(7.8613,6.1722,0.5461));
#9011=DIRECTION('',(0.0,0.0,-1.0));
#9012=DIRECTION('',(1.0,0.0,0.0));
#9013=ADVANCED_FACE('',(#9014),#9055,.F.);
#9014=FACE_BOUND('',#9015,.T.);
#9015=EDGE_LOOP('',(#9016,#9024,#9025,#9026,#9034,#9042,#9048,#9049));
#9016=ORIENTED_EDGE('',*,*,#9017,.T.);
#9017=EDGE_CURVE('',#9018,#8994,#9020,.T.);
#9018=VERTEX_POINT('',#9019);
#9019=CARTESIAN_POINT('',(7.8613,5.0292,-0.5461));
#9020=LINE('',#9021,#9022);
#9021=CARTESIAN_POINT('',(7.8613,5.0292,-0.5461));
#9022=VECTOR('',#9023,1.0);
#9023=DIRECTION('',(0.0,0.0,1.0));
#9024=ORIENTED_EDGE('',*,*,#9003,.F.);
#9025=ORIENTED_EDGE('',*,*,#642,.F.);
#9026=ORIENTED_EDGE('',*,*,#9027,.T.);
#9027=EDGE_CURVE('',#635,#9028,#9030,.T.);
#9028=VERTEX_POINT('',#9029);
#9029=CARTESIAN_POINT('',(7.9248,5.0292,0.4826));
#9030=LINE('',#9031,#9032);
#9031=CARTESIAN_POINT('',(8.4328,5.0292,0.4826));
#9032=VECTOR('',#9033,1.0);
#9033=DIRECTION('',(-1.0,0.0,0.0));
#9034=ORIENTED_EDGE('',*,*,#9035,.T.);
#9035=EDGE_CURVE('',#9028,#9036,#9038,.F.);
#9036=VERTEX_POINT('',#9037);
#9037=CARTESIAN_POINT('',(7.9248,5.0292,-0.4826));
#9038=LINE('',#9039,#9040);
#9039=CARTESIAN_POINT('',(7.9248,5.0292,-0.4826));
#9040=VECTOR('',#9041,1.0);
#9041=DIRECTION('',(0.0,0.0,1.0));
#9042=ORIENTED_EDGE('',*,*,#9043,.T.);
#9043=EDGE_CURVE('',#9036,#595,#9044,.F.);
#9044=LINE('',#9045,#9046);
#9045=CARTESIAN_POINT('',(8.4328,5.0292,-0.4826));
#9046=VECTOR('',#9047,1.0);
#9047=DIRECTION('',(-1.0,0.0,0.0));
#9048=ORIENTED_EDGE('',*,*,#594,.F.);
#9049=ORIENTED_EDGE('',*,*,#9050,.T.);
#9050=EDGE_CURVE('',#587,#9018,#9051,.T.);
#9051=LINE('',#9052,#9053);
#9052=CARTESIAN_POINT('',(8.4328,5.0292,-0.5461));
#9053=VECTOR('',#9054,1.0);
#9054=DIRECTION('',(-1.0,0.0,0.0));
#9055=PLANE('',#9056);
#9056=AXIS2_PLACEMENT_3D('',#9057,#9058,#9059);
#9057=CARTESIAN_POINT('',(1.8288,5.0292,1.5875));
#9058=DIRECTION('',(0.0,-1.0,0.0));
#9059=DIRECTION('',(-1.0,0.0,0.0));
#9060=ADVANCED_FACE('',(#9061),#9072,.T.);
#9061=FACE_BOUND('',#9062,.T.);
#9062=EDGE_LOOP('',(#9063,#9064,#9065,#9071));
#9063=ORIENTED_EDGE('',*,*,#586,.F.);
#9064=ORIENTED_EDGE('',*,*,#144,.F.);
#9065=ORIENTED_EDGE('',*,*,#9066,.T.);
#9066=EDGE_CURVE('',#137,#9018,#9067,.T.);
#9067=LINE('',#9068,#9069);
#9068=CARTESIAN_POINT('',(7.8613,6.1722,-0.5461));
#9069=VECTOR('',#9070,1.0);
#9070=DIRECTION('',(0.0,-1.0,0.0));
#9071=ORIENTED_EDGE('',*,*,#9050,.F.);
#9072=PLANE('',#9073);
#9073=AXIS2_PLACEMENT_3D('',#9074,#9075,#9076);
#9074=CARTESIAN_POINT('',(8.4328,6.1722,-0.5461));
#9075=DIRECTION('',(0.0,0.0,1.0));
#9076=DIRECTION('',(-1.0,0.0,0.0));
#9077=ADVANCED_FACE('',(#9078),#9084,.T.);
#9078=FACE_BOUND('',#9079,.T.);
#9079=EDGE_LOOP('',(#9080,#9081,#9082,#9083));
#9080=ORIENTED_EDGE('',*,*,#9066,.F.);
#9081=ORIENTED_EDGE('',*,*,#136,.F.);
#9082=ORIENTED_EDGE('',*,*,#8993,.F.);
#9083=ORIENTED_EDGE('',*,*,#9017,.F.);
#9084=PLANE('',#9085);
#9085=AXIS2_PLACEMENT_3D('',#9086,#9087,#9088);
#9086=CARTESIAN_POINT('',(7.8613,6.1722,-0.5461));
#9087=DIRECTION('',(1.0,0.0,0.0));
#9088=DIRECTION('',(0.0,0.0,1.0));
#9089=ADVANCED_FACE('',(#9090),#9108,.T.);
#9090=FACE_BOUND('',#9091,.T.);
#9091=EDGE_LOOP('',(#9092,#9093,#9094,#9102));
#9092=ORIENTED_EDGE('',*,*,#602,.F.);
#9093=ORIENTED_EDGE('',*,*,#9043,.F.);
#9094=ORIENTED_EDGE('',*,*,#9095,.T.);
#9095=EDGE_CURVE('',#9036,#9096,#9098,.T.);
#9096=VERTEX_POINT('',#9097);
#9097=CARTESIAN_POINT('',(7.9248,5.9182,-0.4826));
#9098=LINE('',#9099,#9100);
#9099=CARTESIAN_POINT('',(7.9248,5.0292,-0.4826));
#9100=VECTOR('',#9101,1.0);
#9101=DIRECTION('',(0.0,1.0,0.0));
#9102=ORIENTED_EDGE('',*,*,#9103,.T.);
#9103=EDGE_CURVE('',#9096,#603,#9104,.F.);
#9104=LINE('',#9105,#9106);
#9105=CARTESIAN_POINT('',(8.4328,5.9182,-0.4826));
#9106=VECTOR('',#9107,1.0);
#9107=DIRECTION('',(-1.0,0.0,0.0));
#9108=PLANE('',#9109);
#9109=AXIS2_PLACEMENT_3D('',#9110,#9111,#9112);
#9110=CARTESIAN_POINT('',(8.4328,5.0292,-0.4826));
#9111=DIRECTION('',(0.0,0.0,-1.0));
#9112=DIRECTION('',(-1.0,0.0,0.0));
#9113=ADVANCED_FACE('',(#9114),#9132,.T.);
#9114=FACE_BOUND('',#9115,.T.);
#9115=EDGE_LOOP('',(#9116,#9117,#9125,#9131));
#9116=ORIENTED_EDGE('',*,*,#9103,.F.);
#9117=ORIENTED_EDGE('',*,*,#9118,.T.);
#9118=EDGE_CURVE('',#9096,#9119,#9121,.T.);
#9119=VERTEX_POINT('',#9120);
#9120=CARTESIAN_POINT('',(8.1788,6.1722,-0.2286));
#9121=LINE('',#9122,#9123);
#9122=CARTESIAN_POINT('',(7.9248,5.9182,-0.4826));
#9123=VECTOR('',#9124,1.0);
#9124=DIRECTION('',(0.577350269,0.577350269,0.577350269));
#9125=ORIENTED_EDGE('',*,*,#9126,.T.);
#9126=EDGE_CURVE('',#9119,#611,#9127,.F.);
#9127=LINE('',#9128,#9129);
#9128=CARTESIAN_POINT('',(8.4328,6.1722,-0.2286));
#9129=VECTOR('',#9130,1.0);
#9130=DIRECTION('',(-1.0,0.0,0.0));
#9131=ORIENTED_EDGE('',*,*,#610,.F.);
#9132=PLANE('',#9133);
#9133=AXIS2_PLACEMENT_3D('',#9134,#9135,#9136);
#9134=CARTESIAN_POINT('',(8.1788,6.0452,-0.3556));
#9135=DIRECTION('',(0.0,0.707106781,-0.707106781));
#9136=DIRECTION('',(0.0,-0.707106781,-0.707106781));
#9137=ADVANCED_FACE('',(#9138),#9156,.T.);
#9138=FACE_BOUND('',#9139,.T.);
#9139=EDGE_LOOP('',(#9140,#9148,#9154,#9155));
#9140=ORIENTED_EDGE('',*,*,#9141,.T.);
#9141=EDGE_CURVE('',#9119,#9142,#9144,.T.);
#9142=VERTEX_POINT('',#9143);
#9143=CARTESIAN_POINT('',(8.1788,6.1722,0.2286));
#9144=LINE('',#9145,#9146);
#9145=CARTESIAN_POINT('',(8.1788,6.1722,-0.2286));
#9146=VECTOR('',#9147,1.0);
#9147=DIRECTION('',(0.0,0.0,1.0));
#9148=ORIENTED_EDGE('',*,*,#9149,.T.);
#9149=EDGE_CURVE('',#9142,#619,#9150,.T.);
#9150=LINE('',#9151,#9152);
#9151=CARTESIAN_POINT('',(8.1788,6.1722,0.2286));
#9152=VECTOR('',#9153,1.0);
#9153=DIRECTION('',(1.0,0.0,0.0));
#9154=ORIENTED_EDGE('',*,*,#618,.F.);
#9155=ORIENTED_EDGE('',*,*,#9126,.F.);
#9156=PLANE('',#9157);
#9157=AXIS2_PLACEMENT_3D('',#9158,#9159,#9160);
#9158=CARTESIAN_POINT('',(1.8288,6.1722,0.0));
#9159=DIRECTION('',(0.0,1.0,0.0));
#9160=DIRECTION('',(1.0,0.0,0.0));
#9161=ADVANCED_FACE('',(#9162),#9180,.T.);
#9162=FACE_BOUND('',#9163,.T.);
#9163=EDGE_LOOP('',(#9164,#9165,#9173,#9179));
#9164=ORIENTED_EDGE('',*,*,#9149,.F.);
#9165=ORIENTED_EDGE('',*,*,#9166,.T.);
#9166=EDGE_CURVE('',#9142,#9167,#9169,.F.);
#9167=VERTEX_POINT('',#9168);
#9168=CARTESIAN_POINT('',(7.9248,5.9182,0.4826));
#9169=LINE('',#9170,#9171);
#9170=CARTESIAN_POINT('',(7.9248,5.9182,0.4826));
#9171=VECTOR('',#9172,1.0);
#9172=DIRECTION('',(0.577350269,0.577350269,-0.577350269));
#9173=ORIENTED_EDGE('',*,*,#9174,.T.);
#9174=EDGE_CURVE('',#9167,#627,#9175,.T.);
#9175=LINE('',#9176,#9177);
#9176=CARTESIAN_POINT('',(7.9248,5.9182,0.4826));
#9177=VECTOR('',#9178,1.0);
#9178=DIRECTION('',(1.0,0.0,0.0));
#9179=ORIENTED_EDGE('',*,*,#626,.F.);
#9180=PLANE('',#9181);
#9181=AXIS2_PLACEMENT_3D('',#9182,#9183,#9184);
#9182=CARTESIAN_POINT('',(8.1788,6.0452,0.3556));
#9183=DIRECTION('',(0.0,0.707106781,0.707106781));
#9184=DIRECTION('',(0.0,-0.707106781,0.707106781));
#9185=ADVANCED_FACE('',(#9186),#9197,.T.);
#9186=FACE_BOUND('',#9187,.T.);
#9187=EDGE_LOOP('',(#9188,#9194,#9195,#9196));
#9188=ORIENTED_EDGE('',*,*,#9189,.T.);
#9189=EDGE_CURVE('',#9167,#9028,#9190,.F.);
#9190=LINE('',#9191,#9192);
#9191=CARTESIAN_POINT('',(7.9248,5.0292,0.4826));
#9192=VECTOR('',#9193,1.0);
#9193=DIRECTION('',(0.0,1.0,0.0));
#9194=ORIENTED_EDGE('',*,*,#9027,.F.);
#9195=ORIENTED_EDGE('',*,*,#634,.F.);
#9196=ORIENTED_EDGE('',*,*,#9174,.F.);
#9197=PLANE('',#9198);
#9198=AXIS2_PLACEMENT_3D('',#9199,#9200,#9201);
#9199=CARTESIAN_POINT('',(7.9248,5.0292,0.4826));
#9200=DIRECTION('',(0.0,0.0,1.0));
#9201=DIRECTION('',(1.0,0.0,0.0));
#9202=ADVANCED_FACE('',(#9203),#9214,.T.);
#9203=FACE_BOUND('',#9204,.T.);
#9204=EDGE_LOOP('',(#9205,#9206,#9207,#9208));
#9205=ORIENTED_EDGE('',*,*,#9095,.F.);
#9206=ORIENTED_EDGE('',*,*,#9035,.F.);
#9207=ORIENTED_EDGE('',*,*,#9189,.F.);
#9208=ORIENTED_EDGE('',*,*,#9209,.T.);
#9209=EDGE_CURVE('',#9167,#9096,#9210,.F.);
#9210=LINE('',#9211,#9212);
#9211=CARTESIAN_POINT('',(7.9248,5.9182,-0.4826));
#9212=VECTOR('',#9213,1.0);
#9213=DIRECTION('',(0.0,0.0,1.0));
#9214=PLANE('',#9215);
#9215=AXIS2_PLACEMENT_3D('',#9216,#9217,#9218);
#9216=CARTESIAN_POINT('',(7.9248,5.0292,-0.4826));
#9217=DIRECTION('',(-1.0,0.0,0.0));
#9218=DIRECTION('',(0.0,0.0,1.0));
#9219=ADVANCED_FACE('',(#9220),#9226,.T.);
#9220=FACE_BOUND('',#9221,.T.);
#9221=EDGE_LOOP('',(#9222,#9223,#9224,#9225));
#9222=ORIENTED_EDGE('',*,*,#9166,.F.);
#9223=ORIENTED_EDGE('',*,*,#9141,.F.);
#9224=ORIENTED_EDGE('',*,*,#9118,.F.);
#9225=ORIENTED_EDGE('',*,*,#9209,.F.);
#9226=PLANE('',#9227);
#9227=AXIS2_PLACEMENT_3D('',#9228,#9229,#9230);
#9228=CARTESIAN_POINT('',(8.0518,6.0452,0.0));
#9229=DIRECTION('',(-0.707106781,0.707106781,0.0));
#9230=DIRECTION('',(-0.707106781,-0.707106781,0.0));
#9231=MANIFOLD_SOLID_BREP('',#9232);
#9232=CLOSED_SHELL('',(#9233,#9273,#9392,#9416,#9528,#9545,#9562,#9579,#9596,#9613,#9630,#9647,#9664,#9681,#9698,#9715,#9732));
#9233=ADVANCED_FACE('',(#9234),#9268,.F.);
#9234=FACE_BOUND('',#9235,.T.);
#9235=EDGE_LOOP('',(#9236,#9246,#9254,#9262));
#9236=ORIENTED_EDGE('',*,*,#9237,.T.);
#9237=EDGE_CURVE('',#9238,#9240,#9242,.T.);
#9238=VERTEX_POINT('',#9239);
#9239=CARTESIAN_POINT('',(-0.7112,6.6294,1.5875));
#9240=VERTEX_POINT('',#9241);
#9241=CARTESIAN_POINT('',(-0.7112,6.6294,-1.5875));
#9242=LINE('',#9243,#9244);
#9243=CARTESIAN_POINT('',(-0.7112,6.6294,1.5875));
#9244=VECTOR('',#9245,1.0);
#9245=DIRECTION('',(0.0,0.0,-1.0));
#9246=ORIENTED_EDGE('',*,*,#9247,.T.);
#9247=EDGE_CURVE('',#9240,#9248,#9250,.F.);
#9248=VERTEX_POINT('',#9249);
#9249=CARTESIAN_POINT('',(4.3688,6.6294,-1.5875));
#9250=LINE('',#9251,#9252);
#9251=CARTESIAN_POINT('',(4.3688,6.6294,-1.5875));
#9252=VECTOR('',#9253,1.0);
#9253=DIRECTION('',(-1.0,0.0,0.0));
#9254=ORIENTED_EDGE('',*,*,#9255,.T.);
#9255=EDGE_CURVE('',#9248,#9256,#9258,.F.);
#9256=VERTEX_POINT('',#9257);
#9257=CARTESIAN_POINT('',(4.3688,6.6294,1.5875));
#9258=LINE('',#9259,#9260);
#9259=CARTESIAN_POINT('',(4.3688,6.6294,1.5875));
#9260=VECTOR('',#9261,1.0);
#9261=DIRECTION('',(0.0,0.0,-1.0));
#9262=ORIENTED_EDGE('',*,*,#9263,.T.);
#9263=EDGE_CURVE('',#9256,#9238,#9264,.T.);
#9264=LINE('',#9265,#9266);
#9265=CARTESIAN_POINT('',(4.3688,6.6294,1.5875));
#9266=VECTOR('',#9267,1.0);
#9267=DIRECTION('',(-1.0,0.0,0.0));
#9268=PLANE('',#9269);
#9269=AXIS2_PLACEMENT_3D('',#9270,#9271,#9272);
#9270=CARTESIAN_POINT('',(6.985,6.6294,-4.290597914));
#9271=DIRECTION('',(0.0,1.0,0.0));
#9272=DIRECTION('',(0.0,0.0,1.0));
#9273=ADVANCED_FACE('',(#9274),#9387,.F.);
#9274=FACE_BOUND('',#9275,.T.);
#9275=EDGE_LOOP('',(#9276,#9284,#9292,#9300,#9308,#9316,#9324,#9332,#9340,#9348,#9356,#9364,#9372,#9380,#9386));
#9276=ORIENTED_EDGE('',*,*,#9277,.T.);
#9277=EDGE_CURVE('',#9256,#9278,#9280,.F.);
#9278=VERTEX_POINT('',#9279);
#9279=CARTESIAN_POINT('',(4.3688,11.483814464,1.5875));
#9280=LINE('',#9281,#9282);
#9281=CARTESIAN_POINT('',(4.3688,11.483814464,1.5875));
#9282=VECTOR('',#9283,1.0);
#9283=DIRECTION('',(0.0,-1.0,0.0));
#9284=ORIENTED_EDGE('',*,*,#9285,.T.);
#9285=EDGE_CURVE('',#9278,#9286,#9288,.T.);
#9286=VERTEX_POINT('',#9287);
#9287=CARTESIAN_POINT('',(3.800305105,12.05230936,1.5875));
#9288=LINE('',#9289,#9290);
#9289=CARTESIAN_POINT('',(4.3688,11.483814464,1.5875));
#9290=VECTOR('',#9291,1.0);
#9291=DIRECTION('',(-0.707106781,0.707106781,0.0));
#9292=ORIENTED_EDGE('',*,*,#9293,.T.);
#9293=EDGE_CURVE('',#9286,#9294,#9296,.T.);
#9294=VERTEX_POINT('',#9295);
#9295=CARTESIAN_POINT('',(3.50358363,11.755587885,1.5875));
#9296=LINE('',#9297,#9298);
#9297=CARTESIAN_POINT('',(3.800305105,12.05230936,1.5875));
#9298=VECTOR('',#9299,1.0);
#9299=DIRECTION('',(-0.707106781,-0.707106781,0.0));
#9300=ORIENTED_EDGE('',*,*,#9301,.T.);
#9301=EDGE_CURVE('',#9294,#9302,#9304,.T.);
#9302=VERTEX_POINT('',#9303);
#9303=CARTESIAN_POINT('',(2.956215288,12.302956227,1.5875));
#9304=LINE('',#9305,#9306);
#9305=CARTESIAN_POINT('',(3.50358363,11.755587885,1.5875));
#9306=VECTOR('',#9307,1.0);
#9307=DIRECTION('',(-0.707106781,0.707106781,0.0));
#9308=ORIENTED_EDGE('',*,*,#9309,.T.);
#9309=EDGE_CURVE('',#9302,#9310,#9312,.T.);
#9310=VERTEX_POINT('',#9311);
#9311=CARTESIAN_POINT('',(2.629379083,11.976120022,1.5875));
#9312=LINE('',#9313,#9314);
#9313=CARTESIAN_POINT('',(2.956215288,12.302956227,1.5875));
#9314=VECTOR('',#9315,1.0);
#9315=DIRECTION('',(-0.707106781,-0.707106781,0.0));
#9316=ORIENTED_EDGE('',*,*,#9317,.T.);
#9317=EDGE_CURVE('',#9310,#9318,#9320,.T.);
#9318=VERTEX_POINT('',#9319);
#9319=CARTESIAN_POINT('',(2.197349553,12.408149553,1.5875));
#9320=LINE('',#9321,#9322);
#9321=CARTESIAN_POINT('',(2.629379083,11.976120022,1.5875));
#9322=VECTOR('',#9323,1.0);
#9323=DIRECTION('',(-0.707106781,0.707106781,0.0));
#9324=ORIENTED_EDGE('',*,*,#9325,.T.);
#9325=EDGE_CURVE('',#9318,#9326,#9328,.T.);
#9326=VERTEX_POINT('',#9327);
#9327=CARTESIAN_POINT('',(1.8288,12.0396,1.5875));
#9328=LINE('',#9329,#9330);
#9329=CARTESIAN_POINT('',(2.197349553,12.408149553,1.5875));
#9330=VECTOR('',#9331,1.0);
#9331=DIRECTION('',(-0.707106781,-0.707106781,0.0));
#9332=ORIENTED_EDGE('',*,*,#9333,.T.);
#9333=EDGE_CURVE('',#9326,#9334,#9336,.T.);
#9334=VERTEX_POINT('',#9335);
#9335=CARTESIAN_POINT('',(1.460250447,12.408149553,1.5875));
#9336=LINE('',#9337,#9338);
#9337=CARTESIAN_POINT('',(1.8288,12.0396,1.5875));
#9338=VECTOR('',#9339,1.0);
#9339=DIRECTION('',(-0.707106781,0.707106781,0.0));
#9340=ORIENTED_EDGE('',*,*,#9341,.T.);
#9341=EDGE_CURVE('',#9334,#9342,#9344,.T.);
#9342=VERTEX_POINT('',#9343);
#9343=CARTESIAN_POINT('',(1.028220917,11.976120022,1.5875));
#9344=LINE('',#9345,#9346);
#9345=CARTESIAN_POINT('',(1.460250447,12.408149553,1.5875));
#9346=VECTOR('',#9347,1.0);
#9347=DIRECTION('',(-0.707106781,-0.707106781,0.0));
#9348=ORIENTED_EDGE('',*,*,#9349,.T.);
#9349=EDGE_CURVE('',#9342,#9350,#9352,.T.);
#9350=VERTEX_POINT('',#9351);
#9351=CARTESIAN_POINT('',(0.701384712,12.302956227,1.5875));
#9352=LINE('',#9353,#9354);
#9353=CARTESIAN_POINT('',(1.028220917,11.976120022,1.5875));
#9354=VECTOR('',#9355,1.0);
#9355=DIRECTION('',(-0.707106781,0.707106781,0.0));
#9356=ORIENTED_EDGE('',*,*,#9357,.T.);
#9357=EDGE_CURVE('',#9350,#9358,#9360,.T.);
#9358=VERTEX_POINT('',#9359);
#9359=CARTESIAN_POINT('',(0.15401637,11.755587885,1.5875));
#9360=LINE('',#9361,#9362);
#9361=CARTESIAN_POINT('',(0.701384712,12.302956227,1.5875));
#9362=VECTOR('',#9363,1.0);
#9363=DIRECTION('',(-0.707106781,-0.707106781,0.0));
#9364=ORIENTED_EDGE('',*,*,#9365,.T.);
#9365=EDGE_CURVE('',#9358,#9366,#9368,.T.);
#9366=VERTEX_POINT('',#9367);
#9367=CARTESIAN_POINT('',(-0.142705105,12.05230936,1.5875));
#9368=LINE('',#9369,#9370);
#9369=CARTESIAN_POINT('',(0.15401637,11.755587885,1.5875));
#9370=VECTOR('',#9371,1.0);
#9371=DIRECTION('',(-0.707106781,0.707106781,0.0));
#9372=ORIENTED_EDGE('',*,*,#9373,.T.);
#9373=EDGE_CURVE('',#9366,#9374,#9376,.T.);
#9374=VERTEX_POINT('',#9375);
#9375=CARTESIAN_POINT('',(-0.7112,11.483814464,1.5875));
#9376=LINE('',#9377,#9378);
#9377=CARTESIAN_POINT('',(-0.142705105,12.05230936,1.5875));
#9378=VECTOR('',#9379,1.0);
#9379=DIRECTION('',(-0.707106781,-0.707106781,0.0));
#9380=ORIENTED_EDGE('',*,*,#9381,.T.);
#9381=EDGE_CURVE('',#9374,#9238,#9382,.F.);
#9382=LINE('',#9383,#9384);
#9383=CARTESIAN_POINT('',(-0.7112,6.6294,1.5875));
#9384=VECTOR('',#9385,1.0);
#9385=DIRECTION('',(0.0,1.0,0.0));
#9386=ORIENTED_EDGE('',*,*,#9263,.F.);
#9387=PLANE('',#9388);
#9388=AXIS2_PLACEMENT_3D('',#9389,#9390,#9391);
#9389=CARTESIAN_POINT('',(1.8288,5.0292,1.5875));
#9390=DIRECTION('',(0.0,0.0,-1.0));
#9391=DIRECTION('',(-1.0,0.0,0.0));
#9392=ADVANCED_FACE('',(#9393),#9411,.T.);
#9393=FACE_BOUND('',#9394,.T.);
#9394=EDGE_LOOP('',(#9395,#9396,#9404,#9410));
#9395=ORIENTED_EDGE('',*,*,#9381,.F.);
#9396=ORIENTED_EDGE('',*,*,#9397,.T.);
#9397=EDGE_CURVE('',#9374,#9398,#9400,.T.);
#9398=VERTEX_POINT('',#9399);
#9399=CARTESIAN_POINT('',(-0.7112,11.483814464,-1.5875));
#9400=LINE('',#9401,#9402);
#9401=CARTESIAN_POINT('',(-0.7112,11.483814464,1.5875));
#9402=VECTOR('',#9403,1.0);
#9403=DIRECTION('',(0.0,0.0,-1.0));
#9404=ORIENTED_EDGE('',*,*,#9405,.T.);
#9405=EDGE_CURVE('',#9398,#9240,#9406,.F.);
#9406=LINE('',#9407,#9408);
#9407=CARTESIAN_POINT('',(-0.7112,6.6294,-1.5875));
#9408=VECTOR('',#9409,1.0);
#9409=DIRECTION('',(0.0,1.0,0.0));
#9410=ORIENTED_EDGE('',*,*,#9237,.F.);
#9411=PLANE('',#9412);
#9412=AXIS2_PLACEMENT_3D('',#9413,#9414,#9415);
#9413=CARTESIAN_POINT('',(-0.7112,5.0292,1.5875));
#9414=DIRECTION('',(-1.0,0.0,0.0));
#9415=DIRECTION('',(0.0,1.0,0.0));
#9416=ADVANCED_FACE('',(#9417),#9523,.T.);
#9417=FACE_BOUND('',#9418,.T.);
#9418=EDGE_LOOP('',(#9419,#9420,#9428,#9436,#9444,#9452,#9460,#9468,#9476,#9484,#9492,#9500,#9508,#9516,#9522));
#9419=ORIENTED_EDGE('',*,*,#9405,.F.);
#9420=ORIENTED_EDGE('',*,*,#9421,.T.);
#9421=EDGE_CURVE('',#9398,#9422,#9424,.F.);
#9422=VERTEX_POINT('',#9423);
#9423=CARTESIAN_POINT('',(-0.142705105,12.05230936,-1.5875));
#9424=LINE('',#9425,#9426);
#9425=CARTESIAN_POINT('',(-0.142705105,12.05230936,-1.5875));
#9426=VECTOR('',#9427,1.0);
#9427=DIRECTION('',(-0.707106781,-0.707106781,0.0));
#9428=ORIENTED_EDGE('',*,*,#9429,.T.);
#9429=EDGE_CURVE('',#9422,#9430,#9432,.F.);
#9430=VERTEX_POINT('',#9431);
#9431=CARTESIAN_POINT('',(0.15401637,11.755587885,-1.5875));
#9432=LINE('',#9433,#9434);
#9433=CARTESIAN_POINT('',(0.15401637,11.755587885,-1.5875));
#9434=VECTOR('',#9435,1.0);
#9435=DIRECTION('',(-0.707106781,0.707106781,0.0));
#9436=ORIENTED_EDGE('',*,*,#9437,.T.);
#9437=EDGE_CURVE('',#9430,#9438,#9440,.F.);
#9438=VERTEX_POINT('',#9439);
#9439=CARTESIAN_POINT('',(0.701384712,12.302956227,-1.5875));
#9440=LINE('',#9441,#9442);
#9441=CARTESIAN_POINT('',(0.701384712,12.302956227,-1.5875));
#9442=VECTOR('',#9443,1.0);
#9443=DIRECTION('',(-0.707106781,-0.707106781,0.0));
#9444=ORIENTED_EDGE('',*,*,#9445,.T.);
#9445=EDGE_CURVE('',#9438,#9446,#9448,.F.);
#9446=VERTEX_POINT('',#9447);
#9447=CARTESIAN_POINT('',(1.028220917,11.976120022,-1.5875));
#9448=LINE('',#9449,#9450);
#9449=CARTESIAN_POINT('',(1.028220917,11.976120022,-1.5875));
#9450=VECTOR('',#9451,1.0);
#9451=DIRECTION('',(-0.707106781,0.707106781,0.0));
#9452=ORIENTED_EDGE('',*,*,#9453,.T.);
#9453=EDGE_CURVE('',#9446,#9454,#9456,.F.);
#9454=VERTEX_POINT('',#9455);
#9455=CARTESIAN_POINT('',(1.460250447,12.408149553,-1.5875));
#9456=LINE('',#9457,#9458);
#9457=CARTESIAN_POINT('',(1.460250447,12.408149553,-1.5875));
#9458=VECTOR('',#9459,1.0);
#9459=DIRECTION('',(-0.707106781,-0.707106781,0.0));
#9460=ORIENTED_EDGE('',*,*,#9461,.T.);
#9461=EDGE_CURVE('',#9454,#9462,#9464,.F.);
#9462=VERTEX_POINT('',#9463);
#9463=CARTESIAN_POINT('',(1.8288,12.0396,-1.5875));
#9464=LINE('',#9465,#9466);
#9465=CARTESIAN_POINT('',(1.8288,12.0396,-1.5875));
#9466=VECTOR('',#9467,1.0);
#9467=DIRECTION('',(-0.707106781,0.707106781,0.0));
#9468=ORIENTED_EDGE('',*,*,#9469,.T.);
#9469=EDGE_CURVE('',#9462,#9470,#9472,.F.);
#9470=VERTEX_POINT('',#9471);
#9471=CARTESIAN_POINT('',(2.197349553,12.408149553,-1.5875));
#9472=LINE('',#9473,#9474);
#9473=CARTESIAN_POINT('',(2.197349553,12.408149553,-1.5875));
#9474=VECTOR('',#9475,1.0);
#9475=DIRECTION('',(-0.707106781,-0.707106781,0.0));
#9476=ORIENTED_EDGE('',*,*,#9477,.T.);
#9477=EDGE_CURVE('',#9470,#9478,#9480,.F.);
#9478=VERTEX_POINT('',#9479);
#9479=CARTESIAN_POINT('',(2.629379083,11.976120022,-1.5875));
#9480=LINE('',#9481,#9482);
#9481=CARTESIAN_POINT('',(2.629379083,11.976120022,-1.5875));
#9482=VECTOR('',#9483,1.0);
#9483=DIRECTION('',(-0.707106781,0.707106781,0.0));
#9484=ORIENTED_EDGE('',*,*,#9485,.T.);
#9485=EDGE_CURVE('',#9478,#9486,#9488,.F.);
#9486=VERTEX_POINT('',#9487);
#9487=CARTESIAN_POINT('',(2.956215288,12.302956227,-1.5875));
#9488=LINE('',#9489,#9490);
#9489=CARTESIAN_POINT('',(2.956215288,12.302956227,-1.5875));
#9490=VECTOR('',#9491,1.0);
#9491=DIRECTION('',(-0.707106781,-0.707106781,0.0));
#9492=ORIENTED_EDGE('',*,*,#9493,.T.);
#9493=EDGE_CURVE('',#9486,#9494,#9496,.F.);
#9494=VERTEX_POINT('',#9495);
#9495=CARTESIAN_POINT('',(3.50358363,11.755587885,-1.5875));
#9496=LINE('',#9497,#9498);
#9497=CARTESIAN_POINT('',(3.50358363,11.755587885,-1.5875));
#9498=VECTOR('',#9499,1.0);
#9499=DIRECTION('',(-0.707106781,0.707106781,0.0));
#9500=ORIENTED_EDGE('',*,*,#9501,.T.);
#9501=EDGE_CURVE('',#9494,#9502,#9504,.F.);
#9502=VERTEX_POINT('',#9503);
#9503=CARTESIAN_POINT('',(3.800305105,12.05230936,-1.5875));
#9504=LINE('',#9505,#9506);
#9505=CARTESIAN_POINT('',(3.800305105,12.05230936,-1.5875));
#9506=VECTOR('',#9507,1.0);
#9507=DIRECTION('',(-0.707106781,-0.707106781,0.0));
#9508=ORIENTED_EDGE('',*,*,#9509,.T.);
#9509=EDGE_CURVE('',#9502,#9510,#9512,.F.);
#9510=VERTEX_POINT('',#9511);
#9511=CARTESIAN_POINT('',(4.3688,11.483814464,-1.5875));
#9512=LINE('',#9513,#9514);
#9513=CARTESIAN_POINT('',(4.3688,11.483814464,-1.5875));
#9514=VECTOR('',#9515,1.0);
#9515=DIRECTION('',(-0.707106781,0.707106781,0.0));
#9516=ORIENTED_EDGE('',*,*,#9517,.T.);
#9517=EDGE_CURVE('',#9510,#9248,#9518,.T.);
#9518=LINE('',#9519,#9520);
#9519=CARTESIAN_POINT('',(4.3688,11.483814464,-1.5875));
#9520=VECTOR('',#9521,1.0);
#9521=DIRECTION('',(0.0,-1.0,0.0));
#9522=ORIENTED_EDGE('',*,*,#9247,.F.);
#9523=PLANE('',#9524);
#9524=AXIS2_PLACEMENT_3D('',#9525,#9526,#9527);
#9525=CARTESIAN_POINT('',(1.8288,5.0292,-1.5875));
#9526=DIRECTION('',(0.0,0.0,-1.0));
#9527=DIRECTION('',(-1.0,0.0,0.0));
#9528=ADVANCED_FACE('',(#9529),#9540,.T.);
#9529=FACE_BOUND('',#9530,.T.);
#9530=EDGE_LOOP('',(#9531,#9532,#9538,#9539));
#9531=ORIENTED_EDGE('',*,*,#9517,.F.);
#9532=ORIENTED_EDGE('',*,*,#9533,.T.);
#9533=EDGE_CURVE('',#9510,#9278,#9534,.F.);
#9534=LINE('',#9535,#9536);
#9535=CARTESIAN_POINT('',(4.3688,11.483814464,1.5875));
#9536=VECTOR('',#9537,1.0);
#9537=DIRECTION('',(0.0,0.0,-1.0));
#9538=ORIENTED_EDGE('',*,*,#9277,.F.);
#9539=ORIENTED_EDGE('',*,*,#9255,.F.);
#9540=PLANE('',#9541);
#9541=AXIS2_PLACEMENT_3D('',#9542,#9543,#9544);
#9542=CARTESIAN_POINT('',(4.3688,12.4206,1.5875));
#9543=DIRECTION('',(1.0,0.0,0.0));
#9544=DIRECTION('',(0.0,-1.0,0.0));
#9545=ADVANCED_FACE('',(#9546),#9557,.F.);
#9546=FACE_BOUND('',#9547,.T.);
#9547=EDGE_LOOP('',(#9548,#9549,#9550,#9556));
#9548=ORIENTED_EDGE('',*,*,#9533,.F.);
#9549=ORIENTED_EDGE('',*,*,#9509,.F.);
#9550=ORIENTED_EDGE('',*,*,#9551,.T.);
#9551=EDGE_CURVE('',#9502,#9286,#9552,.T.);
#9552=LINE('',#9553,#9554);
#9553=CARTESIAN_POINT('',(3.800305105,12.05230936,-1.5875));
#9554=VECTOR('',#9555,1.0);
#9555=DIRECTION('',(0.0,0.0,1.0));
#9556=ORIENTED_EDGE('',*,*,#9285,.F.);
#9557=PLANE('',#9558);
#9558=AXIS2_PLACEMENT_3D('',#9559,#9560,#9561);
#9559=CARTESIAN_POINT('',(4.3688,11.483814464,-2.87528));
#9560=DIRECTION('',(-0.707106781,-0.707106781,0.0));
#9561=DIRECTION('',(-0.707106781,0.707106781,0.0));
#9562=ADVANCED_FACE('',(#9563),#9574,.F.);
#9563=FACE_BOUND('',#9564,.T.);
#9564=EDGE_LOOP('',(#9565,#9566,#9567,#9573));
#9565=ORIENTED_EDGE('',*,*,#9551,.F.);
#9566=ORIENTED_EDGE('',*,*,#9501,.F.);
#9567=ORIENTED_EDGE('',*,*,#9568,.T.);
#9568=EDGE_CURVE('',#9494,#9294,#9569,.T.);
#9569=LINE('',#9570,#9571);
#9570=CARTESIAN_POINT('',(3.50358363,11.755587885,-1.5875));
#9571=VECTOR('',#9572,1.0);
#9572=DIRECTION('',(0.0,0.0,1.0));
#9573=ORIENTED_EDGE('',*,*,#9293,.F.);
#9574=PLANE('',#9575);
#9575=AXIS2_PLACEMENT_3D('',#9576,#9577,#9578);
#9576=CARTESIAN_POINT('',(3.800305105,12.05230936,-2.87528));
#9577=DIRECTION('',(0.707106781,-0.707106781,0.0));
#9578=DIRECTION('',(-0.707106781,-0.707106781,0.0));
#9579=ADVANCED_FACE('',(#9580),#9591,.F.);
#9580=FACE_BOUND('',#9581,.T.);
#9581=EDGE_LOOP('',(#9582,#9583,#9584,#9590));
#9582=ORIENTED_EDGE('',*,*,#9568,.F.);
#9583=ORIENTED_EDGE('',*,*,#9493,.F.);
#9584=ORIENTED_EDGE('',*,*,#9585,.T.);
#9585=EDGE_CURVE('',#9486,#9302,#9586,.T.);
#9586=LINE('',#9587,#9588);
#9587=CARTESIAN_POINT('',(2.956215288,12.302956227,-1.5875));
#9588=VECTOR('',#9589,1.0);
#9589=DIRECTION('',(0.0,0.0,1.0));
#9590=ORIENTED_EDGE('',*,*,#9301,.F.);
#9591=PLANE('',#9592);
#9592=AXIS2_PLACEMENT_3D('',#9593,#9594,#9595);
#9593=CARTESIAN_POINT('',(3.50358363,11.755587885,-2.87528));
#9594=DIRECTION('',(-0.707106781,-0.707106781,0.0));
#9595=DIRECTION('',(-0.707106781,0.707106781,0.0));
#9596=ADVANCED_FACE('',(#9597),#9608,.F.);
#9597=FACE_BOUND('',#9598,.T.);
#9598=EDGE_LOOP('',(#9599,#9600,#9601,#9607));
#9599=ORIENTED_EDGE('',*,*,#9585,.F.);
#9600=ORIENTED_EDGE('',*,*,#9485,.F.);
#9601=ORIENTED_EDGE('',*,*,#9602,.T.);
#9602=EDGE_CURVE('',#9478,#9310,#9603,.T.);
#9603=LINE('',#9604,#9605);
#9604=CARTESIAN_POINT('',(2.629379083,11.976120022,-1.5875));
#9605=VECTOR('',#9606,1.0);
#9606=DIRECTION('',(0.0,0.0,1.0));
#9607=ORIENTED_EDGE('',*,*,#9309,.F.);
#9608=PLANE('',#9609);
#9609=AXIS2_PLACEMENT_3D('',#9610,#9611,#9612);
#9610=CARTESIAN_POINT('',(2.956215288,12.302956227,-2.87528));
#9611=DIRECTION('',(0.707106781,-0.707106781,0.0));
#9612=DIRECTION('',(-0.707106781,-0.707106781,0.0));
#9613=ADVANCED_FACE('',(#9614),#9625,.F.);
#9614=FACE_BOUND('',#9615,.T.);
#9615=EDGE_LOOP('',(#9616,#9617,#9618,#9624));
#9616=ORIENTED_EDGE('',*,*,#9602,.F.);
#9617=ORIENTED_EDGE('',*,*,#9477,.F.);
#9618=ORIENTED_EDGE('',*,*,#9619,.T.);
#9619=EDGE_CURVE('',#9470,#9318,#9620,.T.);
#9620=LINE('',#9621,#9622);
#9621=CARTESIAN_POINT('',(2.197349553,12.408149553,-1.5875));
#9622=VECTOR('',#9623,1.0);
#9623=DIRECTION('',(0.0,0.0,1.0));
#9624=ORIENTED_EDGE('',*,*,#9317,.F.);
#9625=PLANE('',#9626);
#9626=AXIS2_PLACEMENT_3D('',#9627,#9628,#9629);
#9627=CARTESIAN_POINT('',(2.629379083,11.976120022,-2.87528));
#9628=DIRECTION('',(-0.707106781,-0.707106781,0.0));
#9629=DIRECTION('',(-0.707106781,0.707106781,0.0));
#9630=ADVANCED_FACE('',(#9631),#9642,.F.);
#9631=FACE_BOUND('',#9632,.T.);
#9632=EDGE_LOOP('',(#9633,#9634,#9635,#9641));
#9633=ORIENTED_EDGE('',*,*,#9619,.F.);
#9634=ORIENTED_EDGE('',*,*,#9469,.F.);
#9635=ORIENTED_EDGE('',*,*,#9636,.T.);
#9636=EDGE_CURVE('',#9462,#9326,#9637,.T.);
#9637=LINE('',#9638,#9639);
#9638=CARTESIAN_POINT('',(1.8288,12.0396,-1.5875));
#9639=VECTOR('',#9640,1.0);
#9640=DIRECTION('',(0.0,0.0,1.0));
#9641=ORIENTED_EDGE('',*,*,#9325,.F.);
#9642=PLANE('',#9643);
#9643=AXIS2_PLACEMENT_3D('',#9644,#9645,#9646);
#9644=CARTESIAN_POINT('',(2.197349553,12.408149553,-2.87528));
#9645=DIRECTION('',(0.707106781,-0.707106781,0.0));
#9646=DIRECTION('',(-0.707106781,-0.707106781,0.0));
#9647=ADVANCED_FACE('',(#9648),#9659,.F.);
#9648=FACE_BOUND('',#9649,.T.);
#9649=EDGE_LOOP('',(#9650,#9651,#9652,#9658));
#9650=ORIENTED_EDGE('',*,*,#9636,.F.);
#9651=ORIENTED_EDGE('',*,*,#9461,.F.);
#9652=ORIENTED_EDGE('',*,*,#9653,.T.);
#9653=EDGE_CURVE('',#9454,#9334,#9654,.T.);
#9654=LINE('',#9655,#9656);
#9655=CARTESIAN_POINT('',(1.460250447,12.408149553,-1.5875));
#9656=VECTOR('',#9657,1.0);
#9657=DIRECTION('',(0.0,0.0,1.0));
#9658=ORIENTED_EDGE('',*,*,#9333,.F.);
#9659=PLANE('',#9660);
#9660=AXIS2_PLACEMENT_3D('',#9661,#9662,#9663);
#9661=CARTESIAN_POINT('',(1.8288,12.0396,-2.87528));
#9662=DIRECTION('',(-0.707106781,-0.707106781,0.0));
#9663=DIRECTION('',(-0.707106781,0.707106781,0.0));
#9664=ADVANCED_FACE('',(#9665),#9676,.F.);
#9665=FACE_BOUND('',#9666,.T.);
#9666=EDGE_LOOP('',(#9667,#9668,#9669,#9675));
#9667=ORIENTED_EDGE('',*,*,#9653,.F.);
#9668=ORIENTED_EDGE('',*,*,#9453,.F.);
#9669=ORIENTED_EDGE('',*,*,#9670,.T.);
#9670=EDGE_CURVE('',#9446,#9342,#9671,.T.);
#9671=LINE('',#9672,#9673);
#9672=CARTESIAN_POINT('',(1.028220917,11.976120022,-1.5875));
#9673=VECTOR('',#9674,1.0);
#9674=DIRECTION('',(0.0,0.0,1.0));
#9675=ORIENTED_EDGE('',*,*,#9341,.F.);
#9676=PLANE('',#9677);
#9677=AXIS2_PLACEMENT_3D('',#9678,#9679,#9680);
#9678=CARTESIAN_POINT('',(1.460250447,12.408149553,-2.87528));
#9679=DIRECTION('',(0.707106781,-0.707106781,0.0));
#9680=DIRECTION('',(-0.707106781,-0.707106781,0.0));
#9681=ADVANCED_FACE('',(#9682),#9693,.F.);
#9682=FACE_BOUND('',#9683,.T.);
#9683=EDGE_LOOP('',(#9684,#9685,#9686,#9692));
#9684=ORIENTED_EDGE('',*,*,#9670,.F.);
#9685=ORIENTED_EDGE('',*,*,#9445,.F.);
#9686=ORIENTED_EDGE('',*,*,#9687,.T.);
#9687=EDGE_CURVE('',#9438,#9350,#9688,.T.);
#9688=LINE('',#9689,#9690);
#9689=CARTESIAN_POINT('',(0.701384712,12.302956227,-1.5875));
#9690=VECTOR('',#9691,1.0);
#9691=DIRECTION('',(0.0,0.0,1.0));
#9692=ORIENTED_EDGE('',*,*,#9349,.F.);
#9693=PLANE('',#9694);
#9694=AXIS2_PLACEMENT_3D('',#9695,#9696,#9697);
#9695=CARTESIAN_POINT('',(1.028220917,11.976120022,-2.87528));
#9696=DIRECTION('',(-0.707106781,-0.707106781,0.0));
#9697=DIRECTION('',(-0.707106781,0.707106781,0.0));
#9698=ADVANCED_FACE('',(#9699),#9710,.F.);
#9699=FACE_BOUND('',#9700,.T.);
#9700=EDGE_LOOP('',(#9701,#9702,#9703,#9709));
#9701=ORIENTED_EDGE('',*,*,#9687,.F.);
#9702=ORIENTED_EDGE('',*,*,#9437,.F.);
#9703=ORIENTED_EDGE('',*,*,#9704,.T.);
#9704=EDGE_CURVE('',#9430,#9358,#9705,.T.);
#9705=LINE('',#9706,#9707);
#9706=CARTESIAN_POINT('',(0.15401637,11.755587885,-1.5875));
#9707=VECTOR('',#9708,1.0);
#9708=DIRECTION('',(0.0,0.0,1.0));
#9709=ORIENTED_EDGE('',*,*,#9357,.F.);
#9710=PLANE('',#9711);
#9711=AXIS2_PLACEMENT_3D('',#9712,#9713,#9714);
#9712=CARTESIAN_POINT('',(0.701384712,12.302956227,-2.87528));
#9713=DIRECTION('',(0.707106781,-0.707106781,0.0));
#9714=DIRECTION('',(-0.707106781,-0.707106781,0.0));
#9715=ADVANCED_FACE('',(#9716),#9727,.F.);
#9716=FACE_BOUND('',#9717,.T.);
#9717=EDGE_LOOP('',(#9718,#9719,#9720,#9726));
#9718=ORIENTED_EDGE('',*,*,#9704,.F.);
#9719=ORIENTED_EDGE('',*,*,#9429,.F.);
#9720=ORIENTED_EDGE('',*,*,#9721,.T.);
#9721=EDGE_CURVE('',#9422,#9366,#9722,.T.);
#9722=LINE('',#9723,#9724);
#9723=CARTESIAN_POINT('',(-0.142705105,12.05230936,-1.5875));
#9724=VECTOR('',#9725,1.0);
#9725=DIRECTION('',(0.0,0.0,1.0));
#9726=ORIENTED_EDGE('',*,*,#9365,.F.);
#9727=PLANE('',#9728);
#9728=AXIS2_PLACEMENT_3D('',#9729,#9730,#9731);
#9729=CARTESIAN_POINT('',(0.15401637,11.755587885,-2.87528));
#9730=DIRECTION('',(-0.707106781,-0.707106781,0.0));
#9731=DIRECTION('',(-0.707106781,0.707106781,0.0));
#9732=ADVANCED_FACE('',(#9733),#9739,.F.);
#9733=FACE_BOUND('',#9734,.T.);
#9734=EDGE_LOOP('',(#9735,#9736,#9737,#9738));
#9735=ORIENTED_EDGE('',*,*,#9721,.F.);
#9736=ORIENTED_EDGE('',*,*,#9421,.F.);
#9737=ORIENTED_EDGE('',*,*,#9397,.F.);
#9738=ORIENTED_EDGE('',*,*,#9373,.F.);
#9739=PLANE('',#9740);
#9740=AXIS2_PLACEMENT_3D('',#9741,#9742,#9743);
#9741=CARTESIAN_POINT('',(-0.142705105,12.05230936,-2.87528));
#9742=DIRECTION('',(0.707106781,-0.707106781,0.0));
#9743=DIRECTION('',(-0.707106781,-0.707106781,0.0));
#9744=AXIS2_PLACEMENT_3D('',#9745,#9746,#9747);
#9745=CARTESIAN_POINT('',(0.0,0.0,0.0));
#9746=DIRECTION('',(0.0,0.0,1.0));
#9747=DIRECTION('',(1.0,0.0,0.0));
#9748=(GEOMETRIC_REPRESENTATION_CONTEXT(3)GLOBAL_UNCERTAINTY_ASSIGNED_CONTEXT((#9752))GLOBAL_UNIT_ASSIGNED_CONTEXT((#9749,#9750,#9751))REPRESENTATION_CONTEXT('',''));
#9749=(LENGTH_UNIT()NAMED_UNIT(*)SI_UNIT(.MILLI.,.METRE.));
#9750=(NAMED_UNIT(*)PLANE_ANGLE_UNIT()SI_UNIT($,.RADIAN.));
#9751=(NAMED_UNIT(*)SI_UNIT($,.STERADIAN.)SOLID_ANGLE_UNIT());
#9752=UNCERTAINTY_MEASURE_WITH_UNIT(LENGTH_MEASURE(3.28194594E-04),#9749,'','maximum tolerance');
#9753=ADVANCED_BREP_SHAPE_REPRESENTATION('',(#9,#9231,#9744),#9748);
#9754=SHAPE_DEFINITION_REPRESENTATION(#8,#9753);
#9755=PRODUCT_RELATED_PRODUCT_CATEGORY('part',$,(#4));
ENDSEC;
END-ISO-10303-21;
