ISO-10303-21;
HEADER;
FILE_DESCRIPTION(('CAx-IF Rec.Pracs.---Model Styling and Organization---1.5---2016-08-15','CAx-IF Rec.Pracs.---Geometric and Assembly Validation Properties---4.4---2016-08-17','CAx-IF Rec.Pracs.---User Defined Attributes---1.5---2016-08-15','CAx-IF Rec.Pracs.---External References---2.1---2005-01-19'),'2;1');
FILE_NAME('416105.step','2026-08-20T22:32:40',('Unspecified'),('Unspecified'),'CAD Exchanger 3.10.2 (cadexchanger.com)','Unspecified','');
FILE_SCHEMA(('AUTOMOTIVE_DESIGN { 1 0 10303 214 1 1 1 1 }'));
ENDSEC;
DATA;
#1=APPLICATION_CONTEXT('core data for automotive mechanical design processes');
#2=APPLICATION_PROTOCOL_DEFINITION('international standard','automotive_design',2000,#1);
#3=PRODUCT_CONTEXT('',#1,'mechanical');
#4=PRODUCT('RGY0014A_ASM','RGY0014A_ASM',$,(#3));
#5=PRODUCT_DEFINITION_FORMATION('',$,#4);
#6=PRODUCT_DEFINITION_CONTEXT('part definition',#1,'design');
#7=PRODUCT_DEFINITION('design',$,#5,#6);
#8=PRODUCT_DEFINITION_SHAPE('',$,#7);
#9=AXIS2_PLACEMENT_3D('',#10,#11,#12);
#10=CARTESIAN_POINT('',(0.0,0.0,0.0));
#11=DIRECTION('',(0.0,0.0,1.0));
#12=DIRECTION('',(1.0,0.0,0.0));
#13=AXIS2_PLACEMENT_3D('',#14,#15,#16);
#14=CARTESIAN_POINT('',(0.0,0.0,0.025));
#15=DIRECTION('',(0.0,-1.0,0.0));
#16=DIRECTION('',(1.0,0.0,0.0));
#17=AXIS2_PLACEMENT_3D('',#18,#19,#20);
#18=CARTESIAN_POINT('',(0.0,0.0,0.0));
#19=DIRECTION('',(0.0,-1.0,0.0));
#20=DIRECTION('',(1.0,0.0,0.0));
#21=AXIS2_PLACEMENT_3D('',#22,#23,#24);
#22=CARTESIAN_POINT('',(0.0,0.0,0.975));
#23=DIRECTION('',(0.0,-1.0,0.0));
#24=DIRECTION('',(1.0,0.0,0.0));
#25=(GEOMETRIC_REPRESENTATION_CONTEXT(3)GLOBAL_UNIT_ASSIGNED_CONTEXT((#26,#27,#28))REPRESENTATION_CONTEXT('',''));
#26=(LENGTH_UNIT()NAMED_UNIT(*)SI_UNIT(.MILLI.,.METRE.));
#27=(NAMED_UNIT(*)PLANE_ANGLE_UNIT()SI_UNIT($,.RADIAN.));
#28=(NAMED_UNIT(*)SI_UNIT($,.STERADIAN.)SOLID_ANGLE_UNIT());
#29=SHAPE_REPRESENTATION('',(#9,#13,#17,#21),#25);
#30=SHAPE_DEFINITION_REPRESENTATION(#8,#29);
#31=PRODUCT_RELATED_PRODUCT_CATEGORY('assembly',$,(#4));
#32=MANIFOLD_SOLID_BREP('',#33);
#33=CLOSED_SHELL('',(#34,#578,#609,#633,#657,#681,#698,#873,#904,#1024,#1048,#1079,#1103,#1127,#1144,#1252,#1264,#1281,#1298,#1320,#1342,#1359,#1463,#1475,#1487,#1499,#1531,#1548,#1565,#1577,#1601,#1626,#1643,#1655,#1787,#1819,#1836,#1853,#1865,#1882,#2009,#2041,#2058,#2075,#2087,#2111,#2136,#2153,#2165,#2189,#2214,#2231,#2243,#2267,#2292,#2309,#2321,#2345,#2370,#2387,#2399,#2423,#2448,#2465,#2477,#2501,#2526,#2543,#2555,#2579,#2604,#2621,#2633,#2657,#2682,#2699,#2711,#2723,#2755,#2772,#2789,#2801,#2825,#2850,#2867));
#34=ADVANCED_FACE('',(#35,#531),#573,.F.);
#35=FACE_BOUND('',#36,.T.);
#36=EDGE_LOOP('',(#37,#48,#56,#64,#72,#81,#89,#97,#105,#113,#122,#130,#138,#146,#155,#163,#171,#179,#188,#196,#204,#212,#221,#229,#237,#245,#254,#262,#270,#278,#286,#295,#303,#311,#319,#328,#336,#344,#352,#360,#369,#377,#385,#393,#402,#410,#418,#426,#435,#443,#451,#459,#468,#476,#484,#492,#501,#509,#517,#525));
#37=ORIENTED_EDGE('',*,*,#38,.T.);
#38=EDGE_CURVE('',#39,#41,#43,.T.);
#39=VERTEX_POINT('',#40);
#40=CARTESIAN_POINT('',(-0.87,0.0,-1.47));
#41=VERTEX_POINT('',#42);
#42=CARTESIAN_POINT('',(-0.63,0.0,-1.47));
#43=CIRCLE('',#44,0.12);
#44=AXIS2_PLACEMENT_3D('',#45,#46,#47);
#45=CARTESIAN_POINT('',(-0.75,0.0,-1.47));
#46=DIRECTION('',(0.0,1.0,0.0));
#47=DIRECTION('',(-1.0,0.0,0.0));
#48=ORIENTED_EDGE('',*,*,#49,.T.);
#49=EDGE_CURVE('',#41,#50,#52,.F.);
#50=VERTEX_POINT('',#51);
#51=CARTESIAN_POINT('',(-0.63,0.0,-1.75));
#52=LINE('',#53,#54);
#53=CARTESIAN_POINT('',(-0.63,0.0,-1.75));
#54=VECTOR('',#55,1.0);
#55=DIRECTION('',(0.0,0.0,1.0));
#56=ORIENTED_EDGE('',*,*,#57,.T.);
#57=EDGE_CURVE('',#50,#58,#60,.F.);
#58=VERTEX_POINT('',#59);
#59=CARTESIAN_POINT('',(0.63,0.0,-1.75));
#60=LINE('',#61,#62);
#61=CARTESIAN_POINT('',(0.63,0.0,-1.75));
#62=VECTOR('',#63,1.0);
#63=DIRECTION('',(-1.0,0.0,0.0));
#64=ORIENTED_EDGE('',*,*,#65,.T.);
#65=EDGE_CURVE('',#58,#66,#68,.T.);
#66=VERTEX_POINT('',#67);
#67=CARTESIAN_POINT('',(0.63,0.0,-1.47));
#68=LINE('',#69,#70);
#69=CARTESIAN_POINT('',(0.63,0.0,-1.75));
#70=VECTOR('',#71,1.0);
#71=DIRECTION('',(0.0,0.0,1.0));
#72=ORIENTED_EDGE('',*,*,#73,.T.);
#73=EDGE_CURVE('',#66,#74,#76,.T.);
#74=VERTEX_POINT('',#75);
#75=CARTESIAN_POINT('',(0.87,0.0,-1.47));
#76=CIRCLE('',#77,0.12);
#77=AXIS2_PLACEMENT_3D('',#78,#79,#80);
#78=CARTESIAN_POINT('',(0.75,0.0,-1.47));
#79=DIRECTION('',(0.0,1.0,0.0));
#80=DIRECTION('',(-1.0,0.0,0.0));
#81=ORIENTED_EDGE('',*,*,#82,.T.);
#82=EDGE_CURVE('',#74,#83,#85,.F.);
#83=VERTEX_POINT('',#84);
#84=CARTESIAN_POINT('',(0.87,0.0,-1.75));
#85=LINE('',#86,#87);
#86=CARTESIAN_POINT('',(0.87,0.0,-1.75));
#87=VECTOR('',#88,1.0);
#88=DIRECTION('',(0.0,0.0,1.0));
#89=ORIENTED_EDGE('',*,*,#90,.T.);
#90=EDGE_CURVE('',#83,#91,#93,.F.);
#91=VERTEX_POINT('',#92);
#92=CARTESIAN_POINT('',(1.75,0.0,-1.75));
#93=LINE('',#94,#95);
#94=CARTESIAN_POINT('',(1.75,0.0,-1.75));
#95=VECTOR('',#96,1.0);
#96=DIRECTION('',(-1.0,0.0,0.0));
#97=ORIENTED_EDGE('',*,*,#98,.T.);
#98=EDGE_CURVE('',#91,#99,#101,.F.);
#99=VERTEX_POINT('',#100);
#100=CARTESIAN_POINT('',(1.75,0.0,-1.12));
#101=LINE('',#102,#103);
#102=CARTESIAN_POINT('',(1.75,0.0,-1.12));
#103=VECTOR('',#104,1.0);
#104=DIRECTION('',(0.0,0.0,-1.0));
#105=ORIENTED_EDGE('',*,*,#106,.T.);
#106=EDGE_CURVE('',#99,#107,#109,.T.);
#107=VERTEX_POINT('',#108);
#108=CARTESIAN_POINT('',(1.47,0.0,-1.12));
#109=LINE('',#110,#111);
#110=CARTESIAN_POINT('',(1.75,0.0,-1.12));
#111=VECTOR('',#112,1.0);
#112=DIRECTION('',(-1.0,0.0,0.0));
#113=ORIENTED_EDGE('',*,*,#114,.T.);
#114=EDGE_CURVE('',#107,#115,#117,.T.);
#115=VERTEX_POINT('',#116);
#116=CARTESIAN_POINT('',(1.47,0.0,-0.88));
#117=CIRCLE('',#118,0.12);
#118=AXIS2_PLACEMENT_3D('',#119,#120,#121);
#119=CARTESIAN_POINT('',(1.47,0.0,-1.0));
#120=DIRECTION('',(0.0,1.0,0.0));
#121=DIRECTION('',(1.480297366E-14,0.0,-1.0));
#122=ORIENTED_EDGE('',*,*,#123,.T.);
#123=EDGE_CURVE('',#115,#124,#126,.F.);
#124=VERTEX_POINT('',#125);
#125=CARTESIAN_POINT('',(1.75,0.0,-0.88));
#126=LINE('',#127,#128);
#127=CARTESIAN_POINT('',(1.75,0.0,-0.88));
#128=VECTOR('',#129,1.0);
#129=DIRECTION('',(-1.0,0.0,0.0));
#130=ORIENTED_EDGE('',*,*,#131,.T.);
#131=EDGE_CURVE('',#124,#132,#134,.F.);
#132=VERTEX_POINT('',#133);
#133=CARTESIAN_POINT('',(1.75,0.0,-0.62));
#134=LINE('',#135,#136);
#135=CARTESIAN_POINT('',(1.75,0.0,-0.62));
#136=VECTOR('',#137,1.0);
#137=DIRECTION('',(0.0,0.0,-1.0));
#138=ORIENTED_EDGE('',*,*,#139,.T.);
#139=EDGE_CURVE('',#132,#140,#142,.T.);
#140=VERTEX_POINT('',#141);
#141=CARTESIAN_POINT('',(1.47,0.0,-0.62));
#142=LINE('',#143,#144);
#143=CARTESIAN_POINT('',(1.75,0.0,-0.62));
#144=VECTOR('',#145,1.0);
#145=DIRECTION('',(-1.0,0.0,0.0));
#146=ORIENTED_EDGE('',*,*,#147,.T.);
#147=EDGE_CURVE('',#140,#148,#150,.T.);
#148=VERTEX_POINT('',#149);
#149=CARTESIAN_POINT('',(1.47,0.0,-0.38));
#150=CIRCLE('',#151,0.12);
#151=AXIS2_PLACEMENT_3D('',#152,#153,#154);
#152=CARTESIAN_POINT('',(1.47,0.0,-0.5));
#153=DIRECTION('',(0.0,1.0,0.0));
#154=DIRECTION('',(0.0,0.0,-1.0));
#155=ORIENTED_EDGE('',*,*,#156,.T.);
#156=EDGE_CURVE('',#148,#157,#159,.F.);
#157=VERTEX_POINT('',#158);
#158=CARTESIAN_POINT('',(1.75,0.0,-0.38));
#159=LINE('',#160,#161);
#160=CARTESIAN_POINT('',(1.75,0.0,-0.38));
#161=VECTOR('',#162,1.0);
#162=DIRECTION('',(-1.0,0.0,0.0));
#163=ORIENTED_EDGE('',*,*,#164,.T.);
#164=EDGE_CURVE('',#157,#165,#167,.F.);
#165=VERTEX_POINT('',#166);
#166=CARTESIAN_POINT('',(1.75,0.0,-0.12));
#167=LINE('',#168,#169);
#168=CARTESIAN_POINT('',(1.75,0.0,-0.12));
#169=VECTOR('',#170,1.0);
#170=DIRECTION('',(0.0,0.0,-1.0));
#171=ORIENTED_EDGE('',*,*,#172,.T.);
#172=EDGE_CURVE('',#165,#173,#175,.T.);
#173=VERTEX_POINT('',#174);
#174=CARTESIAN_POINT('',(1.47,0.0,-0.12));
#175=LINE('',#176,#177);
#176=CARTESIAN_POINT('',(1.75,0.0,-0.12));
#177=VECTOR('',#178,1.0);
#178=DIRECTION('',(-1.0,0.0,0.0));
#179=ORIENTED_EDGE('',*,*,#180,.T.);
#180=EDGE_CURVE('',#173,#181,#183,.T.);
#181=VERTEX_POINT('',#182);
#182=CARTESIAN_POINT('',(1.47,0.0,0.12));
#183=CIRCLE('',#184,0.12);
#184=AXIS2_PLACEMENT_3D('',#185,#186,#187);
#185=CARTESIAN_POINT('',(1.47,0.0,0.0));
#186=DIRECTION('',(0.0,1.0,0.0));
#187=DIRECTION('',(0.0,0.0,-1.0));
#188=ORIENTED_EDGE('',*,*,#189,.T.);
#189=EDGE_CURVE('',#181,#190,#192,.F.);
#190=VERTEX_POINT('',#191);
#191=CARTESIAN_POINT('',(1.75,0.0,0.12));
#192=LINE('',#193,#194);
#193=CARTESIAN_POINT('',(1.75,0.0,0.12));
#194=VECTOR('',#195,1.0);
#195=DIRECTION('',(-1.0,0.0,0.0));
#196=ORIENTED_EDGE('',*,*,#197,.T.);
#197=EDGE_CURVE('',#190,#198,#200,.F.);
#198=VERTEX_POINT('',#199);
#199=CARTESIAN_POINT('',(1.75,0.0,0.38));
#200=LINE('',#201,#202);
#201=CARTESIAN_POINT('',(1.75,0.0,0.38));
#202=VECTOR('',#203,1.0);
#203=DIRECTION('',(0.0,0.0,-1.0));
#204=ORIENTED_EDGE('',*,*,#205,.T.);
#205=EDGE_CURVE('',#198,#206,#208,.T.);
#206=VERTEX_POINT('',#207);
#207=CARTESIAN_POINT('',(1.47,0.0,0.38));
#208=LINE('',#209,#210);
#209=CARTESIAN_POINT('',(1.75,0.0,0.38));
#210=VECTOR('',#211,1.0);
#211=DIRECTION('',(-1.0,0.0,0.0));
#212=ORIENTED_EDGE('',*,*,#213,.T.);
#213=EDGE_CURVE('',#206,#214,#216,.T.);
#214=VERTEX_POINT('',#215);
#215=CARTESIAN_POINT('',(1.47,0.0,0.62));
#216=CIRCLE('',#217,0.12);
#217=AXIS2_PLACEMENT_3D('',#218,#219,#220);
#218=CARTESIAN_POINT('',(1.47,0.0,0.5));
#219=DIRECTION('',(0.0,1.0,0.0));
#220=DIRECTION('',(0.0,0.0,-1.0));
#221=ORIENTED_EDGE('',*,*,#222,.T.);
#222=EDGE_CURVE('',#214,#223,#225,.F.);
#223=VERTEX_POINT('',#224);
#224=CARTESIAN_POINT('',(1.75,0.0,0.62));
#225=LINE('',#226,#227);
#226=CARTESIAN_POINT('',(1.75,0.0,0.62));
#227=VECTOR('',#228,1.0);
#228=DIRECTION('',(-1.0,0.0,0.0));
#229=ORIENTED_EDGE('',*,*,#230,.T.);
#230=EDGE_CURVE('',#223,#231,#233,.F.);
#231=VERTEX_POINT('',#232);
#232=CARTESIAN_POINT('',(1.75,0.0,0.88));
#233=LINE('',#234,#235);
#234=CARTESIAN_POINT('',(1.75,0.0,0.88));
#235=VECTOR('',#236,1.0);
#236=DIRECTION('',(0.0,0.0,-1.0));
#237=ORIENTED_EDGE('',*,*,#238,.T.);
#238=EDGE_CURVE('',#231,#239,#241,.T.);
#239=VERTEX_POINT('',#240);
#240=CARTESIAN_POINT('',(1.47,0.0,0.88));
#241=LINE('',#242,#243);
#242=CARTESIAN_POINT('',(1.75,0.0,0.88));
#243=VECTOR('',#244,1.0);
#244=DIRECTION('',(-1.0,0.0,0.0));
#245=ORIENTED_EDGE('',*,*,#246,.T.);
#246=EDGE_CURVE('',#239,#247,#249,.T.);
#247=VERTEX_POINT('',#248);
#248=CARTESIAN_POINT('',(1.47,0.0,1.12));
#249=CIRCLE('',#250,0.12);
#250=AXIS2_PLACEMENT_3D('',#251,#252,#253);
#251=CARTESIAN_POINT('',(1.47,0.0,1.0));
#252=DIRECTION('',(0.0,1.0,0.0));
#253=DIRECTION('',(0.0,0.0,-1.0));
#254=ORIENTED_EDGE('',*,*,#255,.T.);
#255=EDGE_CURVE('',#247,#256,#258,.F.);
#256=VERTEX_POINT('',#257);
#257=CARTESIAN_POINT('',(1.75,0.0,1.12));
#258=LINE('',#259,#260);
#259=CARTESIAN_POINT('',(1.75,0.0,1.12));
#260=VECTOR('',#261,1.0);
#261=DIRECTION('',(-1.0,0.0,0.0));
#262=ORIENTED_EDGE('',*,*,#263,.T.);
#263=EDGE_CURVE('',#256,#264,#266,.F.);
#264=VERTEX_POINT('',#265);
#265=CARTESIAN_POINT('',(1.75,0.0,1.75));
#266=LINE('',#267,#268);
#267=CARTESIAN_POINT('',(1.75,0.0,1.75));
#268=VECTOR('',#269,1.0);
#269=DIRECTION('',(0.0,0.0,-1.0));
#270=ORIENTED_EDGE('',*,*,#271,.T.);
#271=EDGE_CURVE('',#264,#272,#274,.F.);
#272=VERTEX_POINT('',#273);
#273=CARTESIAN_POINT('',(0.87,0.0,1.75));
#274=LINE('',#275,#276);
#275=CARTESIAN_POINT('',(0.87,0.0,1.75));
#276=VECTOR('',#277,1.0);
#277=DIRECTION('',(1.0,0.0,0.0));
#278=ORIENTED_EDGE('',*,*,#279,.T.);
#279=EDGE_CURVE('',#272,#280,#282,.T.);
#280=VERTEX_POINT('',#281);
#281=CARTESIAN_POINT('',(0.87,0.0,1.47));
#282=LINE('',#283,#284);
#283=CARTESIAN_POINT('',(0.87,0.0,1.75));
#284=VECTOR('',#285,1.0);
#285=DIRECTION('',(0.0,0.0,-1.0));
#286=ORIENTED_EDGE('',*,*,#287,.T.);
#287=EDGE_CURVE('',#280,#288,#290,.F.);
#288=VERTEX_POINT('',#289);
#289=CARTESIAN_POINT('',(0.63,0.0,1.47));
#290=CIRCLE('',#291,0.12);
#291=AXIS2_PLACEMENT_3D('',#292,#293,#294);
#292=CARTESIAN_POINT('',(0.75,0.0,1.47));
#293=DIRECTION('',(0.0,-1.0,0.0));
#294=DIRECTION('',(-1.0,0.0,0.0));
#295=ORIENTED_EDGE('',*,*,#296,.T.);
#296=EDGE_CURVE('',#288,#297,#299,.F.);
#297=VERTEX_POINT('',#298);
#298=CARTESIAN_POINT('',(0.63,0.0,1.75));
#299=LINE('',#300,#301);
#300=CARTESIAN_POINT('',(0.63,0.0,1.75));
#301=VECTOR('',#302,1.0);
#302=DIRECTION('',(0.0,0.0,-1.0));
#303=ORIENTED_EDGE('',*,*,#304,.T.);
#304=EDGE_CURVE('',#297,#305,#307,.F.);
#305=VERTEX_POINT('',#306);
#306=CARTESIAN_POINT('',(-0.63,0.0,1.75));
#307=LINE('',#308,#309);
#308=CARTESIAN_POINT('',(-0.63,0.0,1.75));
#309=VECTOR('',#310,1.0);
#310=DIRECTION('',(1.0,0.0,0.0));
#311=ORIENTED_EDGE('',*,*,#312,.T.);
#312=EDGE_CURVE('',#305,#313,#315,.T.);
#313=VERTEX_POINT('',#314);
#314=CARTESIAN_POINT('',(-0.63,0.0,1.47));
#315=LINE('',#316,#317);
#316=CARTESIAN_POINT('',(-0.63,0.0,1.75));
#317=VECTOR('',#318,1.0);
#318=DIRECTION('',(0.0,0.0,-1.0));
#319=ORIENTED_EDGE('',*,*,#320,.T.);
#320=EDGE_CURVE('',#313,#321,#323,.F.);
#321=VERTEX_POINT('',#322);
#322=CARTESIAN_POINT('',(-0.87,0.0,1.47));
#323=CIRCLE('',#324,0.12);
#324=AXIS2_PLACEMENT_3D('',#325,#326,#327);
#325=CARTESIAN_POINT('',(-0.75,0.0,1.47));
#326=DIRECTION('',(0.0,-1.0,0.0));
#327=DIRECTION('',(-1.0,0.0,0.0));
#328=ORIENTED_EDGE('',*,*,#329,.T.);
#329=EDGE_CURVE('',#321,#330,#332,.F.);
#330=VERTEX_POINT('',#331);
#331=CARTESIAN_POINT('',(-0.87,0.0,1.75));
#332=LINE('',#333,#334);
#333=CARTESIAN_POINT('',(-0.87,0.0,1.75));
#334=VECTOR('',#335,1.0);
#335=DIRECTION('',(0.0,0.0,-1.0));
#336=ORIENTED_EDGE('',*,*,#337,.T.);
#337=EDGE_CURVE('',#330,#338,#340,.F.);
#338=VERTEX_POINT('',#339);
#339=CARTESIAN_POINT('',(-1.75,0.0,1.75));
#340=LINE('',#341,#342);
#341=CARTESIAN_POINT('',(-1.75,0.0,1.75));
#342=VECTOR('',#343,1.0);
#343=DIRECTION('',(1.0,0.0,0.0));
#344=ORIENTED_EDGE('',*,*,#345,.T.);
#345=EDGE_CURVE('',#338,#346,#348,.F.);
#346=VERTEX_POINT('',#347);
#347=CARTESIAN_POINT('',(-1.75,0.0,1.12));
#348=LINE('',#349,#350);
#349=CARTESIAN_POINT('',(-1.75,0.0,1.12));
#350=VECTOR('',#351,1.0);
#351=DIRECTION('',(0.0,0.0,1.0));
#352=ORIENTED_EDGE('',*,*,#353,.T.);
#353=EDGE_CURVE('',#346,#354,#356,.T.);
#354=VERTEX_POINT('',#355);
#355=CARTESIAN_POINT('',(-1.47,0.0,1.12));
#356=LINE('',#357,#358);
#357=CARTESIAN_POINT('',(-1.75,0.0,1.12));
#358=VECTOR('',#359,1.0);
#359=DIRECTION('',(1.0,0.0,0.0));
#360=ORIENTED_EDGE('',*,*,#361,.T.);
#361=EDGE_CURVE('',#354,#362,#364,.F.);
#362=VERTEX_POINT('',#363);
#363=CARTESIAN_POINT('',(-1.47,0.0,0.88));
#364=CIRCLE('',#365,0.12);
#365=AXIS2_PLACEMENT_3D('',#366,#367,#368);
#366=CARTESIAN_POINT('',(-1.47,0.0,1.0));
#367=DIRECTION('',(0.0,-1.0,0.0));
#368=DIRECTION('',(0.0,0.0,-1.0));
#369=ORIENTED_EDGE('',*,*,#370,.T.);
#370=EDGE_CURVE('',#362,#371,#373,.F.);
#371=VERTEX_POINT('',#372);
#372=CARTESIAN_POINT('',(-1.75,0.0,0.88));
#373=LINE('',#374,#375);
#374=CARTESIAN_POINT('',(-1.75,0.0,0.88));
#375=VECTOR('',#376,1.0);
#376=DIRECTION('',(1.0,0.0,0.0));
#377=ORIENTED_EDGE('',*,*,#378,.T.);
#378=EDGE_CURVE('',#371,#379,#381,.F.);
#379=VERTEX_POINT('',#380);
#380=CARTESIAN_POINT('',(-1.75,0.0,0.62));
#381=LINE('',#382,#383);
#382=CARTESIAN_POINT('',(-1.75,0.0,0.62));
#383=VECTOR('',#384,1.0);
#384=DIRECTION('',(0.0,0.0,1.0));
#385=ORIENTED_EDGE('',*,*,#386,.T.);
#386=EDGE_CURVE('',#379,#387,#389,.T.);
#387=VERTEX_POINT('',#388);
#388=CARTESIAN_POINT('',(-1.47,0.0,0.62));
#389=LINE('',#390,#391);
#390=CARTESIAN_POINT('',(-1.75,0.0,0.62));
#391=VECTOR('',#392,1.0);
#392=DIRECTION('',(1.0,0.0,0.0));
#393=ORIENTED_EDGE('',*,*,#394,.T.);
#394=EDGE_CURVE('',#387,#395,#397,.F.);
#395=VERTEX_POINT('',#396);
#396=CARTESIAN_POINT('',(-1.47,0.0,0.38));
#397=CIRCLE('',#398,0.12);
#398=AXIS2_PLACEMENT_3D('',#399,#400,#401);
#399=CARTESIAN_POINT('',(-1.47,0.0,0.5));
#400=DIRECTION('',(0.0,-1.0,0.0));
#401=DIRECTION('',(0.0,0.0,-1.0));
#402=ORIENTED_EDGE('',*,*,#403,.T.);
#403=EDGE_CURVE('',#395,#404,#406,.F.);
#404=VERTEX_POINT('',#405);
#405=CARTESIAN_POINT('',(-1.75,0.0,0.38));
#406=LINE('',#407,#408);
#407=CARTESIAN_POINT('',(-1.75,0.0,0.38));
#408=VECTOR('',#409,1.0);
#409=DIRECTION('',(1.0,0.0,0.0));
#410=ORIENTED_EDGE('',*,*,#411,.T.);
#411=EDGE_CURVE('',#404,#412,#414,.F.);
#412=VERTEX_POINT('',#413);
#413=CARTESIAN_POINT('',(-1.75,0.0,0.12));
#414=LINE('',#415,#416);
#415=CARTESIAN_POINT('',(-1.75,0.0,0.12));
#416=VECTOR('',#417,1.0);
#417=DIRECTION('',(0.0,0.0,1.0));
#418=ORIENTED_EDGE('',*,*,#419,.T.);
#419=EDGE_CURVE('',#412,#420,#422,.T.);
#420=VERTEX_POINT('',#421);
#421=CARTESIAN_POINT('',(-1.47,0.0,0.12));
#422=LINE('',#423,#424);
#423=CARTESIAN_POINT('',(-1.75,0.0,0.12));
#424=VECTOR('',#425,1.0);
#425=DIRECTION('',(1.0,0.0,0.0));
#426=ORIENTED_EDGE('',*,*,#427,.T.);
#427=EDGE_CURVE('',#420,#428,#430,.F.);
#428=VERTEX_POINT('',#429);
#429=CARTESIAN_POINT('',(-1.47,0.0,-0.12));
#430=CIRCLE('',#431,0.12);
#431=AXIS2_PLACEMENT_3D('',#432,#433,#434);
#432=CARTESIAN_POINT('',(-1.47,0.0,0.0));
#433=DIRECTION('',(0.0,-1.0,0.0));
#434=DIRECTION('',(0.0,0.0,-1.0));
#435=ORIENTED_EDGE('',*,*,#436,.T.);
#436=EDGE_CURVE('',#428,#437,#439,.F.);
#437=VERTEX_POINT('',#438);
#438=CARTESIAN_POINT('',(-1.75,0.0,-0.12));
#439=LINE('',#440,#441);
#440=CARTESIAN_POINT('',(-1.75,0.0,-0.12));
#441=VECTOR('',#442,1.0);
#442=DIRECTION('',(1.0,0.0,0.0));
#443=ORIENTED_EDGE('',*,*,#444,.T.);
#444=EDGE_CURVE('',#437,#445,#447,.F.);
#445=VERTEX_POINT('',#446);
#446=CARTESIAN_POINT('',(-1.75,0.0,-0.38));
#447=LINE('',#448,#449);
#448=CARTESIAN_POINT('',(-1.75,0.0,-0.38));
#449=VECTOR('',#450,1.0);
#450=DIRECTION('',(0.0,0.0,1.0));
#451=ORIENTED_EDGE('',*,*,#452,.T.);
#452=EDGE_CURVE('',#445,#453,#455,.T.);
#453=VERTEX_POINT('',#454);
#454=CARTESIAN_POINT('',(-1.47,0.0,-0.38));
#455=LINE('',#456,#457);
#456=CARTESIAN_POINT('',(-1.75,0.0,-0.38));
#457=VECTOR('',#458,1.0);
#458=DIRECTION('',(1.0,0.0,0.0));
#459=ORIENTED_EDGE('',*,*,#460,.T.);
#460=EDGE_CURVE('',#453,#461,#463,.F.);
#461=VERTEX_POINT('',#462);
#462=CARTESIAN_POINT('',(-1.47,0.0,-0.62));
#463=CIRCLE('',#464,0.12);
#464=AXIS2_PLACEMENT_3D('',#465,#466,#467);
#465=CARTESIAN_POINT('',(-1.47,0.0,-0.5));
#466=DIRECTION('',(0.0,-1.0,0.0));
#467=DIRECTION('',(0.0,0.0,-1.0));
#468=ORIENTED_EDGE('',*,*,#469,.T.);
#469=EDGE_CURVE('',#461,#470,#472,.F.);
#470=VERTEX_POINT('',#471);
#471=CARTESIAN_POINT('',(-1.75,0.0,-0.62));
#472=LINE('',#473,#474);
#473=CARTESIAN_POINT('',(-1.75,0.0,-0.62));
#474=VECTOR('',#475,1.0);
#475=DIRECTION('',(1.0,0.0,0.0));
#476=ORIENTED_EDGE('',*,*,#477,.T.);
#477=EDGE_CURVE('',#470,#478,#480,.F.);
#478=VERTEX_POINT('',#479);
#479=CARTESIAN_POINT('',(-1.75,0.0,-0.88));
#480=LINE('',#481,#482);
#481=CARTESIAN_POINT('',(-1.75,0.0,-0.88));
#482=VECTOR('',#483,1.0);
#483=DIRECTION('',(0.0,0.0,1.0));
#484=ORIENTED_EDGE('',*,*,#485,.T.);
#485=EDGE_CURVE('',#478,#486,#488,.T.);
#486=VERTEX_POINT('',#487);
#487=CARTESIAN_POINT('',(-1.47,0.0,-0.88));
#488=LINE('',#489,#490);
#489=CARTESIAN_POINT('',(-1.75,0.0,-0.88));
#490=VECTOR('',#491,1.0);
#491=DIRECTION('',(1.0,0.0,0.0));
#492=ORIENTED_EDGE('',*,*,#493,.T.);
#493=EDGE_CURVE('',#486,#494,#496,.F.);
#494=VERTEX_POINT('',#495);
#495=CARTESIAN_POINT('',(-1.47,0.0,-1.12));
#496=CIRCLE('',#497,0.12);
#497=AXIS2_PLACEMENT_3D('',#498,#499,#500);
#498=CARTESIAN_POINT('',(-1.47,0.0,-1.0));
#499=DIRECTION('',(0.0,-1.0,0.0));
#500=DIRECTION('',(1.480297366E-14,0.0,-1.0));
#501=ORIENTED_EDGE('',*,*,#502,.T.);
#502=EDGE_CURVE('',#494,#503,#505,.F.);
#503=VERTEX_POINT('',#504);
#504=CARTESIAN_POINT('',(-1.75,0.0,-1.12));
#505=LINE('',#506,#507);
#506=CARTESIAN_POINT('',(-1.75,0.0,-1.12));
#507=VECTOR('',#508,1.0);
#508=DIRECTION('',(1.0,0.0,0.0));
#509=ORIENTED_EDGE('',*,*,#510,.T.);
#510=EDGE_CURVE('',#503,#511,#513,.F.);
#511=VERTEX_POINT('',#512);
#512=CARTESIAN_POINT('',(-1.75,0.0,-1.75));
#513=LINE('',#514,#515);
#514=CARTESIAN_POINT('',(-1.75,0.0,-1.75));
#515=VECTOR('',#516,1.0);
#516=DIRECTION('',(0.0,0.0,1.0));
#517=ORIENTED_EDGE('',*,*,#518,.T.);
#518=EDGE_CURVE('',#511,#519,#521,.F.);
#519=VERTEX_POINT('',#520);
#520=CARTESIAN_POINT('',(-0.87,0.0,-1.75));
#521=LINE('',#522,#523);
#522=CARTESIAN_POINT('',(-0.87,0.0,-1.75));
#523=VECTOR('',#524,1.0);
#524=DIRECTION('',(-1.0,0.0,0.0));
#525=ORIENTED_EDGE('',*,*,#526,.T.);
#526=EDGE_CURVE('',#519,#39,#527,.T.);
#527=LINE('',#528,#529);
#528=CARTESIAN_POINT('',(-0.87,0.0,-1.75));
#529=VECTOR('',#530,1.0);
#530=DIRECTION('',(0.0,0.0,1.0));
#531=FACE_BOUND('',#532,.T.);
#532=EDGE_LOOP('',(#533,#543,#551,#559,#567));
#533=ORIENTED_EDGE('',*,*,#534,.T.);
#534=EDGE_CURVE('',#535,#537,#539,.T.);
#535=VERTEX_POINT('',#536);
#536=CARTESIAN_POINT('',(-0.775,0.0,-1.025));
#537=VERTEX_POINT('',#538);
#538=CARTESIAN_POINT('',(-1.025,0.0,-0.775));
#539=LINE('',#540,#541);
#540=CARTESIAN_POINT('',(-0.775,0.0,-1.025));
#541=VECTOR('',#542,1.0);
#542=DIRECTION('',(-0.707106781,0.0,0.707106781));
#543=ORIENTED_EDGE('',*,*,#544,.T.);
#544=EDGE_CURVE('',#537,#545,#547,.F.);
#545=VERTEX_POINT('',#546);
#546=CARTESIAN_POINT('',(-1.025,0.0,1.025));
#547=LINE('',#548,#549);
#548=CARTESIAN_POINT('',(-1.025,0.0,1.025));
#549=VECTOR('',#550,1.0);
#550=DIRECTION('',(0.0,0.0,-1.0));
#551=ORIENTED_EDGE('',*,*,#552,.T.);
#552=EDGE_CURVE('',#545,#553,#555,.F.);
#553=VERTEX_POINT('',#554);
#554=CARTESIAN_POINT('',(1.025,0.0,1.025));
#555=LINE('',#556,#557);
#556=CARTESIAN_POINT('',(1.025,0.0,1.025));
#557=VECTOR('',#558,1.0);
#558=DIRECTION('',(-1.0,0.0,0.0));
#559=ORIENTED_EDGE('',*,*,#560,.T.);
#560=EDGE_CURVE('',#553,#561,#563,.F.);
#561=VERTEX_POINT('',#562);
#562=CARTESIAN_POINT('',(1.025,0.0,-1.025));
#563=LINE('',#564,#565);
#564=CARTESIAN_POINT('',(1.025,0.0,-1.025));
#565=VECTOR('',#566,1.0);
#566=DIRECTION('',(0.0,0.0,1.0));
#567=ORIENTED_EDGE('',*,*,#568,.T.);
#568=EDGE_CURVE('',#561,#535,#569,.F.);
#569=LINE('',#570,#571);
#570=CARTESIAN_POINT('',(-0.775,0.0,-1.025));
#571=VECTOR('',#572,1.0);
#572=DIRECTION('',(1.0,0.0,0.0));
#573=PLANE('',#574);
#574=AXIS2_PLACEMENT_3D('',#575,#576,#577);
#575=CARTESIAN_POINT('',(0.0,0.0,0.0));
#576=DIRECTION('',(0.0,1.0,0.0));
#577=DIRECTION('',(1.0,0.0,0.0));
#578=ADVANCED_FACE('',(#579),#604,.F.);
#579=FACE_BOUND('',#580,.T.);
#580=EDGE_LOOP('',(#581,#589,#597,#603));
#581=ORIENTED_EDGE('',*,*,#582,.T.);
#582=EDGE_CURVE('',#561,#583,#585,.F.);
#583=VERTEX_POINT('',#584);
#584=CARTESIAN_POINT('',(1.025,0.075,-1.025));
#585=LINE('',#586,#587);
#586=CARTESIAN_POINT('',(1.025,0.075,-1.025));
#587=VECTOR('',#588,1.0);
#588=DIRECTION('',(0.0,-1.0,0.0));
#589=ORIENTED_EDGE('',*,*,#590,.T.);
#590=EDGE_CURVE('',#583,#591,#593,.F.);
#591=VERTEX_POINT('',#592);
#592=CARTESIAN_POINT('',(-0.775,0.075,-1.025));
#593=LINE('',#594,#595);
#594=CARTESIAN_POINT('',(-0.775,0.075,-1.025));
#595=VECTOR('',#596,1.0);
#596=DIRECTION('',(1.0,0.0,0.0));
#597=ORIENTED_EDGE('',*,*,#598,.T.);
#598=EDGE_CURVE('',#591,#535,#599,.F.);
#599=LINE('',#600,#601);
#600=CARTESIAN_POINT('',(-0.775,0.0,-1.025));
#601=VECTOR('',#602,1.0);
#602=DIRECTION('',(0.0,1.0,0.0));
#603=ORIENTED_EDGE('',*,*,#568,.F.);
#604=PLANE('',#605);
#605=AXIS2_PLACEMENT_3D('',#606,#607,#608);
#606=CARTESIAN_POINT('',(-1.025,0.075,-1.025));
#607=DIRECTION('',(0.0,0.0,-1.0));
#608=DIRECTION('',(1.0,0.0,0.0));
#609=ADVANCED_FACE('',(#610),#628,.F.);
#610=FACE_BOUND('',#611,.T.);
#611=EDGE_LOOP('',(#612,#613,#621,#627));
#612=ORIENTED_EDGE('',*,*,#598,.F.);
#613=ORIENTED_EDGE('',*,*,#614,.T.);
#614=EDGE_CURVE('',#591,#615,#617,.T.);
#615=VERTEX_POINT('',#616);
#616=CARTESIAN_POINT('',(-1.025,0.075,-0.775));
#617=LINE('',#618,#619);
#618=CARTESIAN_POINT('',(-0.775,0.075,-1.025));
#619=VECTOR('',#620,1.0);
#620=DIRECTION('',(-0.707106781,0.0,0.707106781));
#621=ORIENTED_EDGE('',*,*,#622,.T.);
#622=EDGE_CURVE('',#615,#537,#623,.F.);
#623=LINE('',#624,#625);
#624=CARTESIAN_POINT('',(-1.025,0.0,-0.775));
#625=VECTOR('',#626,1.0);
#626=DIRECTION('',(0.0,1.0,0.0));
#627=ORIENTED_EDGE('',*,*,#534,.F.);
#628=PLANE('',#629);
#629=AXIS2_PLACEMENT_3D('',#630,#631,#632);
#630=CARTESIAN_POINT('',(-0.9,0.025,-0.9));
#631=DIRECTION('',(-0.707106781,0.0,-0.707106781));
#632=DIRECTION('',(-0.707106781,0.0,0.707106781));
#633=ADVANCED_FACE('',(#634),#652,.F.);
#634=FACE_BOUND('',#635,.T.);
#635=EDGE_LOOP('',(#636,#637,#645,#651));
#636=ORIENTED_EDGE('',*,*,#622,.F.);
#637=ORIENTED_EDGE('',*,*,#638,.T.);
#638=EDGE_CURVE('',#615,#639,#641,.F.);
#639=VERTEX_POINT('',#640);
#640=CARTESIAN_POINT('',(-1.025,0.075,1.025));
#641=LINE('',#642,#643);
#642=CARTESIAN_POINT('',(-1.025,0.075,1.025));
#643=VECTOR('',#644,1.0);
#644=DIRECTION('',(0.0,0.0,-1.0));
#645=ORIENTED_EDGE('',*,*,#646,.T.);
#646=EDGE_CURVE('',#639,#545,#647,.T.);
#647=LINE('',#648,#649);
#648=CARTESIAN_POINT('',(-1.025,0.075,1.025));
#649=VECTOR('',#650,1.0);
#650=DIRECTION('',(0.0,-1.0,0.0));
#651=ORIENTED_EDGE('',*,*,#544,.F.);
#652=PLANE('',#653);
#653=AXIS2_PLACEMENT_3D('',#654,#655,#656);
#654=CARTESIAN_POINT('',(-1.025,0.075,1.025));
#655=DIRECTION('',(-1.0,0.0,0.0));
#656=DIRECTION('',(0.0,0.0,-1.0));
#657=ADVANCED_FACE('',(#658),#676,.F.);
#658=FACE_BOUND('',#659,.T.);
#659=EDGE_LOOP('',(#660,#661,#669,#675));
#660=ORIENTED_EDGE('',*,*,#646,.F.);
#661=ORIENTED_EDGE('',*,*,#662,.T.);
#662=EDGE_CURVE('',#639,#663,#665,.F.);
#663=VERTEX_POINT('',#664);
#664=CARTESIAN_POINT('',(1.025,0.075,1.025));
#665=LINE('',#666,#667);
#666=CARTESIAN_POINT('',(1.025,0.075,1.025));
#667=VECTOR('',#668,1.0);
#668=DIRECTION('',(-1.0,0.0,0.0));
#669=ORIENTED_EDGE('',*,*,#670,.T.);
#670=EDGE_CURVE('',#663,#553,#671,.T.);
#671=LINE('',#672,#673);
#672=CARTESIAN_POINT('',(1.025,0.075,1.025));
#673=VECTOR('',#674,1.0);
#674=DIRECTION('',(0.0,-1.0,0.0));
#675=ORIENTED_EDGE('',*,*,#552,.F.);
#676=PLANE('',#677);
#677=AXIS2_PLACEMENT_3D('',#678,#679,#680);
#678=CARTESIAN_POINT('',(1.025,0.075,1.025));
#679=DIRECTION('',(0.0,0.0,1.0));
#680=DIRECTION('',(-1.0,0.0,0.0));
#681=ADVANCED_FACE('',(#682),#693,.F.);
#682=FACE_BOUND('',#683,.T.);
#683=EDGE_LOOP('',(#684,#685,#691,#692));
#684=ORIENTED_EDGE('',*,*,#670,.F.);
#685=ORIENTED_EDGE('',*,*,#686,.T.);
#686=EDGE_CURVE('',#663,#583,#687,.F.);
#687=LINE('',#688,#689);
#688=CARTESIAN_POINT('',(1.025,0.075,-1.025));
#689=VECTOR('',#690,1.0);
#690=DIRECTION('',(0.0,0.0,1.0));
#691=ORIENTED_EDGE('',*,*,#582,.F.);
#692=ORIENTED_EDGE('',*,*,#560,.F.);
#693=PLANE('',#694);
#694=AXIS2_PLACEMENT_3D('',#695,#696,#697);
#695=CARTESIAN_POINT('',(1.025,0.075,-1.025));
#696=DIRECTION('',(1.0,0.0,0.0));
#697=DIRECTION('',(0.0,0.0,1.0));
#698=ADVANCED_FACE('',(#699,#861),#868,.T.);
#699=FACE_BOUND('',#700,.T.);
#700=EDGE_LOOP('',(#701,#711,#719,#727,#735,#743,#751,#759,#767,#775,#783,#791,#799,#807,#815,#823,#831,#839,#847,#855));
#701=ORIENTED_EDGE('',*,*,#702,.T.);
#702=EDGE_CURVE('',#703,#705,#707,.T.);
#703=VERTEX_POINT('',#704);
#704=CARTESIAN_POINT('',(-0.375,0.075,1.75));
#705=VERTEX_POINT('',#706);
#706=CARTESIAN_POINT('',(-0.175,0.075,1.75));
#707=LINE('',#708,#709);
#708=CARTESIAN_POINT('',(-0.375,0.075,1.75));
#709=VECTOR('',#710,1.0);
#710=DIRECTION('',(1.0,0.0,0.0));
#711=ORIENTED_EDGE('',*,*,#712,.T.);
#712=EDGE_CURVE('',#705,#713,#715,.T.);
#713=VERTEX_POINT('',#714);
#714=CARTESIAN_POINT('',(-0.175,0.075,1.125));
#715=LINE('',#716,#717);
#716=CARTESIAN_POINT('',(-0.175,0.075,1.75));
#717=VECTOR('',#718,1.0);
#718=DIRECTION('',(0.0,0.0,-1.0));
#719=ORIENTED_EDGE('',*,*,#720,.T.);
#720=EDGE_CURVE('',#713,#721,#723,.T.);
#721=VERTEX_POINT('',#722);
#722=CARTESIAN_POINT('',(0.175,0.075,1.125));
#723=LINE('',#724,#725);
#724=CARTESIAN_POINT('',(-0.175,0.075,1.125));
#725=VECTOR('',#726,1.0);
#726=DIRECTION('',(1.0,0.0,0.0));
#727=ORIENTED_EDGE('',*,*,#728,.T.);
#728=EDGE_CURVE('',#721,#729,#731,.F.);
#729=VERTEX_POINT('',#730);
#730=CARTESIAN_POINT('',(0.175,0.075,1.75));
#731=LINE('',#732,#733);
#732=CARTESIAN_POINT('',(0.175,0.075,1.75));
#733=VECTOR('',#734,1.0);
#734=DIRECTION('',(0.0,0.0,-1.0));
#735=ORIENTED_EDGE('',*,*,#736,.T.);
#736=EDGE_CURVE('',#729,#737,#739,.T.);
#737=VERTEX_POINT('',#738);
#738=CARTESIAN_POINT('',(0.375,0.075,1.75));
#739=LINE('',#740,#741);
#740=CARTESIAN_POINT('',(0.175,0.075,1.75));
#741=VECTOR('',#742,1.0);
#742=DIRECTION('',(1.0,0.0,0.0));
#743=ORIENTED_EDGE('',*,*,#744,.T.);
#744=EDGE_CURVE('',#737,#745,#747,.F.);
#745=VERTEX_POINT('',#746);
#746=CARTESIAN_POINT('',(0.375,0.075,1.125));
#747=LINE('',#748,#749);
#748=CARTESIAN_POINT('',(0.375,0.075,1.125));
#749=VECTOR('',#750,1.0);
#750=DIRECTION('',(0.0,0.0,1.0));
#751=ORIENTED_EDGE('',*,*,#752,.T.);
#752=EDGE_CURVE('',#745,#753,#755,.T.);
#753=VERTEX_POINT('',#754);
#754=CARTESIAN_POINT('',(1.125,0.075,1.125));
#755=LINE('',#756,#757);
#756=CARTESIAN_POINT('',(0.375,0.075,1.125));
#757=VECTOR('',#758,1.0);
#758=DIRECTION('',(1.0,0.0,0.0));
#759=ORIENTED_EDGE('',*,*,#760,.T.);
#760=EDGE_CURVE('',#753,#761,#763,.T.);
#761=VERTEX_POINT('',#762);
#762=CARTESIAN_POINT('',(1.125,0.075,-1.125));
#763=LINE('',#764,#765);
#764=CARTESIAN_POINT('',(1.125,0.075,1.125));
#765=VECTOR('',#766,1.0);
#766=DIRECTION('',(0.0,0.0,-1.0));
#767=ORIENTED_EDGE('',*,*,#768,.T.);
#768=EDGE_CURVE('',#761,#769,#771,.T.);
#769=VERTEX_POINT('',#770);
#770=CARTESIAN_POINT('',(0.375,0.075,-1.125));
#771=LINE('',#772,#773);
#772=CARTESIAN_POINT('',(1.125,0.075,-1.125));
#773=VECTOR('',#774,1.0);
#774=DIRECTION('',(-1.0,0.0,0.0));
#775=ORIENTED_EDGE('',*,*,#776,.T.);
#776=EDGE_CURVE('',#769,#777,#779,.T.);
#777=VERTEX_POINT('',#778);
#778=CARTESIAN_POINT('',(0.375,0.075,-1.75));
#779=LINE('',#780,#781);
#780=CARTESIAN_POINT('',(0.375,0.075,-1.125));
#781=VECTOR('',#782,1.0);
#782=DIRECTION('',(0.0,0.0,-1.0));
#783=ORIENTED_EDGE('',*,*,#784,.T.);
#784=EDGE_CURVE('',#777,#785,#787,.F.);
#785=VERTEX_POINT('',#786);
#786=CARTESIAN_POINT('',(0.175,0.075,-1.75));
#787=LINE('',#788,#789);
#788=CARTESIAN_POINT('',(0.175,0.075,-1.75));
#789=VECTOR('',#790,1.0);
#790=DIRECTION('',(1.0,0.0,0.0));
#791=ORIENTED_EDGE('',*,*,#792,.T.);
#792=EDGE_CURVE('',#785,#793,#795,.T.);
#793=VERTEX_POINT('',#794);
#794=CARTESIAN_POINT('',(0.175,0.075,-1.125));
#795=LINE('',#796,#797);
#796=CARTESIAN_POINT('',(0.175,0.075,-1.75));
#797=VECTOR('',#798,1.0);
#798=DIRECTION('',(0.0,0.0,1.0));
#799=ORIENTED_EDGE('',*,*,#800,.T.);
#800=EDGE_CURVE('',#793,#801,#803,.T.);
#801=VERTEX_POINT('',#802);
#802=CARTESIAN_POINT('',(-0.175,0.075,-1.125));
#803=LINE('',#804,#805);
#804=CARTESIAN_POINT('',(0.175,0.075,-1.125));
#805=VECTOR('',#806,1.0);
#806=DIRECTION('',(-1.0,0.0,0.0));
#807=ORIENTED_EDGE('',*,*,#808,.T.);
#808=EDGE_CURVE('',#801,#809,#811,.F.);
#809=VERTEX_POINT('',#810);
#810=CARTESIAN_POINT('',(-0.175,0.075,-1.75));
#811=LINE('',#812,#813);
#812=CARTESIAN_POINT('',(-0.175,0.075,-1.75));
#813=VECTOR('',#814,1.0);
#814=DIRECTION('',(0.0,0.0,1.0));
#815=ORIENTED_EDGE('',*,*,#816,.T.);
#816=EDGE_CURVE('',#809,#817,#819,.F.);
#817=VERTEX_POINT('',#818);
#818=CARTESIAN_POINT('',(-0.375,0.075,-1.75));
#819=LINE('',#820,#821);
#820=CARTESIAN_POINT('',(-0.375,0.075,-1.75));
#821=VECTOR('',#822,1.0);
#822=DIRECTION('',(1.0,0.0,0.0));
#823=ORIENTED_EDGE('',*,*,#824,.T.);
#824=EDGE_CURVE('',#817,#825,#827,.F.);
#825=VERTEX_POINT('',#826);
#826=CARTESIAN_POINT('',(-0.375,0.075,-1.125));
#827=LINE('',#828,#829);
#828=CARTESIAN_POINT('',(-0.375,0.075,-1.125));
#829=VECTOR('',#830,1.0);
#830=DIRECTION('',(0.0,0.0,-1.0));
#831=ORIENTED_EDGE('',*,*,#832,.T.);
#832=EDGE_CURVE('',#825,#833,#835,.T.);
#833=VERTEX_POINT('',#834);
#834=CARTESIAN_POINT('',(-1.125,0.075,-1.125));
#835=LINE('',#836,#837);
#836=CARTESIAN_POINT('',(-0.375,0.075,-1.125));
#837=VECTOR('',#838,1.0);
#838=DIRECTION('',(-1.0,0.0,0.0));
#839=ORIENTED_EDGE('',*,*,#840,.T.);
#840=EDGE_CURVE('',#833,#841,#843,.T.);
#841=VERTEX_POINT('',#842);
#842=CARTESIAN_POINT('',(-1.125,0.075,1.125));
#843=LINE('',#844,#845);
#844=CARTESIAN_POINT('',(-1.125,0.075,-1.125));
#845=VECTOR('',#846,1.0);
#846=DIRECTION('',(0.0,0.0,1.0));
#847=ORIENTED_EDGE('',*,*,#848,.T.);
#848=EDGE_CURVE('',#841,#849,#851,.T.);
#849=VERTEX_POINT('',#850);
#850=CARTESIAN_POINT('',(-0.375,0.075,1.125));
#851=LINE('',#852,#853);
#852=CARTESIAN_POINT('',(-1.125,0.075,1.125));
#853=VECTOR('',#854,1.0);
#854=DIRECTION('',(1.0,0.0,0.0));
#855=ORIENTED_EDGE('',*,*,#856,.T.);
#856=EDGE_CURVE('',#849,#703,#857,.T.);
#857=LINE('',#858,#859);
#858=CARTESIAN_POINT('',(-0.375,0.075,1.125));
#859=VECTOR('',#860,1.0);
#860=DIRECTION('',(0.0,0.0,1.0));
#861=FACE_BOUND('',#862,.T.);
#862=EDGE_LOOP('',(#863,#864,#865,#866,#867));
#863=ORIENTED_EDGE('',*,*,#614,.F.);
#864=ORIENTED_EDGE('',*,*,#590,.F.);
#865=ORIENTED_EDGE('',*,*,#686,.F.);
#866=ORIENTED_EDGE('',*,*,#662,.F.);
#867=ORIENTED_EDGE('',*,*,#638,.F.);
#868=PLANE('',#869);
#869=AXIS2_PLACEMENT_3D('',#870,#871,#872);
#870=CARTESIAN_POINT('',(0.0,0.075,0.0));
#871=DIRECTION('',(0.0,1.0,0.0));
#872=DIRECTION('',(1.0,0.0,0.0));
#873=ADVANCED_FACE('',(#874),#899,.F.);
#874=FACE_BOUND('',#875,.T.);
#875=EDGE_LOOP('',(#876,#877,#885,#893));
#876=ORIENTED_EDGE('',*,*,#856,.F.);
#877=ORIENTED_EDGE('',*,*,#878,.T.);
#878=EDGE_CURVE('',#849,#879,#881,.T.);
#879=VERTEX_POINT('',#880);
#880=CARTESIAN_POINT('',(-0.375,0.175,1.125));
#881=LINE('',#882,#883);
#882=CARTESIAN_POINT('',(-0.375,0.075,1.125));
#883=VECTOR('',#884,1.0);
#884=DIRECTION('',(0.0,1.0,0.0));
#885=ORIENTED_EDGE('',*,*,#886,.T.);
#886=EDGE_CURVE('',#879,#887,#889,.T.);
#887=VERTEX_POINT('',#888);
#888=CARTESIAN_POINT('',(-0.375,0.175,1.75));
#889=LINE('',#890,#891);
#890=CARTESIAN_POINT('',(-0.375,0.175,1.125));
#891=VECTOR('',#892,1.0);
#892=DIRECTION('',(0.0,0.0,1.0));
#893=ORIENTED_EDGE('',*,*,#894,.T.);
#894=EDGE_CURVE('',#887,#703,#895,.F.);
#895=LINE('',#896,#897);
#896=CARTESIAN_POINT('',(-0.375,0.075,1.75));
#897=VECTOR('',#898,1.0);
#898=DIRECTION('',(0.0,1.0,0.0));
#899=PLANE('',#900);
#900=AXIS2_PLACEMENT_3D('',#901,#902,#903);
#901=CARTESIAN_POINT('',(-0.375,0.075,1.125));
#902=DIRECTION('',(-1.0,0.0,0.0));
#903=DIRECTION('',(0.0,0.0,1.0));
#904=ADVANCED_FACE('',(#905,#976,#994),#1019,.T.);
#905=FACE_BOUND('',#906,.T.);
#906=EDGE_LOOP('',(#907,#915,#916,#924,#932,#938,#939,#947,#955,#961,#962,#970));
#907=ORIENTED_EDGE('',*,*,#908,.T.);
#908=EDGE_CURVE('',#909,#305,#911,.F.);
#909=VERTEX_POINT('',#910);
#910=CARTESIAN_POINT('',(-0.63,0.175,1.75));
#911=LINE('',#912,#913);
#912=CARTESIAN_POINT('',(-0.63,0.0,1.75));
#913=VECTOR('',#914,1.0);
#914=DIRECTION('',(0.0,1.0,0.0));
#915=ORIENTED_EDGE('',*,*,#304,.F.);
#916=ORIENTED_EDGE('',*,*,#917,.T.);
#917=EDGE_CURVE('',#297,#918,#920,.T.);
#918=VERTEX_POINT('',#919);
#919=CARTESIAN_POINT('',(0.63,0.175,1.75));
#920=LINE('',#921,#922);
#921=CARTESIAN_POINT('',(0.63,0.0,1.75));
#922=VECTOR('',#923,1.0);
#923=DIRECTION('',(0.0,1.0,0.0));
#924=ORIENTED_EDGE('',*,*,#925,.T.);
#925=EDGE_CURVE('',#918,#926,#928,.T.);
#926=VERTEX_POINT('',#927);
#927=CARTESIAN_POINT('',(0.87,0.175,1.75));
#928=LINE('',#929,#930);
#929=CARTESIAN_POINT('',(0.63,0.175,1.75));
#930=VECTOR('',#931,1.0);
#931=DIRECTION('',(1.0,0.0,0.0));
#932=ORIENTED_EDGE('',*,*,#933,.T.);
#933=EDGE_CURVE('',#926,#272,#934,.F.);
#934=LINE('',#935,#936);
#935=CARTESIAN_POINT('',(0.87,0.0,1.75));
#936=VECTOR('',#937,1.0);
#937=DIRECTION('',(0.0,1.0,0.0));
#938=ORIENTED_EDGE('',*,*,#271,.F.);
#939=ORIENTED_EDGE('',*,*,#940,.T.);
#940=EDGE_CURVE('',#264,#941,#943,.T.);
#941=VERTEX_POINT('',#942);
#942=CARTESIAN_POINT('',(1.75,0.95,1.75));
#943=LINE('',#944,#945);
#944=CARTESIAN_POINT('',(1.75,0.0,1.75));
#945=VECTOR('',#946,1.0);
#946=DIRECTION('',(0.0,1.0,0.0));
#947=ORIENTED_EDGE('',*,*,#948,.T.);
#948=EDGE_CURVE('',#941,#949,#951,.F.);
#949=VERTEX_POINT('',#950);
#950=CARTESIAN_POINT('',(-1.75,0.95,1.75));
#951=LINE('',#952,#953);
#952=CARTESIAN_POINT('',(-1.75,0.95,1.75));
#953=VECTOR('',#954,1.0);
#954=DIRECTION('',(1.0,0.0,0.0));
#955=ORIENTED_EDGE('',*,*,#956,.T.);
#956=EDGE_CURVE('',#949,#338,#957,.F.);
#957=LINE('',#958,#959);
#958=CARTESIAN_POINT('',(-1.75,0.0,1.75));
#959=VECTOR('',#960,1.0);
#960=DIRECTION('',(0.0,1.0,0.0));
#961=ORIENTED_EDGE('',*,*,#337,.F.);
#962=ORIENTED_EDGE('',*,*,#963,.T.);
#963=EDGE_CURVE('',#330,#964,#966,.T.);
#964=VERTEX_POINT('',#965);
#965=CARTESIAN_POINT('',(-0.87,0.175,1.75));
#966=LINE('',#967,#968);
#967=CARTESIAN_POINT('',(-0.87,0.0,1.75));
#968=VECTOR('',#969,1.0);
#969=DIRECTION('',(0.0,1.0,0.0));
#970=ORIENTED_EDGE('',*,*,#971,.T.);
#971=EDGE_CURVE('',#964,#909,#972,.T.);
#972=LINE('',#973,#974);
#973=CARTESIAN_POINT('',(-0.87,0.175,1.75));
#974=VECTOR('',#975,1.0);
#975=DIRECTION('',(1.0,0.0,0.0));
#976=FACE_BOUND('',#977,.T.);
#977=EDGE_LOOP('',(#978,#979,#987,#993));
#978=ORIENTED_EDGE('',*,*,#894,.F.);
#979=ORIENTED_EDGE('',*,*,#980,.T.);
#980=EDGE_CURVE('',#887,#981,#983,.T.);
#981=VERTEX_POINT('',#982);
#982=CARTESIAN_POINT('',(-0.175,0.175,1.75));
#983=LINE('',#984,#985);
#984=CARTESIAN_POINT('',(-0.375,0.175,1.75));
#985=VECTOR('',#986,1.0);
#986=DIRECTION('',(1.0,0.0,0.0));
#987=ORIENTED_EDGE('',*,*,#988,.T.);
#988=EDGE_CURVE('',#981,#705,#989,.F.);
#989=LINE('',#990,#991);
#990=CARTESIAN_POINT('',(-0.175,0.075,1.75));
#991=VECTOR('',#992,1.0);
#992=DIRECTION('',(0.0,1.0,0.0));
#993=ORIENTED_EDGE('',*,*,#702,.F.);
#994=FACE_BOUND('',#995,.T.);
#995=EDGE_LOOP('',(#996,#1004,#1012,#1018));
#996=ORIENTED_EDGE('',*,*,#997,.T.);
#997=EDGE_CURVE('',#729,#998,#1000,.T.);
#998=VERTEX_POINT('',#999);
#999=CARTESIAN_POINT('',(0.175,0.175,1.75));
#1000=LINE('',#1001,#1002);
#1001=CARTESIAN_POINT('',(0.175,0.075,1.75));
#1002=VECTOR('',#1003,1.0);
#1003=DIRECTION('',(0.0,1.0,0.0));
#1004=ORIENTED_EDGE('',*,*,#1005,.T.);
#1005=EDGE_CURVE('',#998,#1006,#1008,.T.);
#1006=VERTEX_POINT('',#1007);
#1007=CARTESIAN_POINT('',(0.375,0.175,1.75));
#1008=LINE('',#1009,#1010);
#1009=CARTESIAN_POINT('',(0.175,0.175,1.75));
#1010=VECTOR('',#1011,1.0);
#1011=DIRECTION('',(1.0,0.0,0.0));
#1012=ORIENTED_EDGE('',*,*,#1013,.T.);
#1013=EDGE_CURVE('',#1006,#737,#1014,.F.);
#1014=LINE('',#1015,#1016);
#1015=CARTESIAN_POINT('',(0.375,0.075,1.75));
#1016=VECTOR('',#1017,1.0);
#1017=DIRECTION('',(0.0,1.0,0.0));
#1018=ORIENTED_EDGE('',*,*,#736,.F.);
#1019=PLANE('',#1020);
#1020=AXIS2_PLACEMENT_3D('',#1021,#1022,#1023);
#1021=CARTESIAN_POINT('',(-1.75,0.0,1.75));
#1022=DIRECTION('',(0.0,0.0,1.0));
#1023=DIRECTION('',(1.0,0.0,0.0));
#1024=ADVANCED_FACE('',(#1025),#1043,.F.);
#1025=FACE_BOUND('',#1026,.T.);
#1026=EDGE_LOOP('',(#1027,#1035,#1041,#1042));
#1027=ORIENTED_EDGE('',*,*,#1028,.T.);
#1028=EDGE_CURVE('',#981,#1029,#1031,.T.);
#1029=VERTEX_POINT('',#1030);
#1030=CARTESIAN_POINT('',(-0.175,0.175,1.125));
#1031=LINE('',#1032,#1033);
#1032=CARTESIAN_POINT('',(-0.175,0.175,1.75));
#1033=VECTOR('',#1034,1.0);
#1034=DIRECTION('',(0.0,0.0,-1.0));
#1035=ORIENTED_EDGE('',*,*,#1036,.T.);
#1036=EDGE_CURVE('',#1029,#713,#1037,.F.);
#1037=LINE('',#1038,#1039);
#1038=CARTESIAN_POINT('',(-0.175,0.075,1.125));
#1039=VECTOR('',#1040,1.0);
#1040=DIRECTION('',(0.0,1.0,0.0));
#1041=ORIENTED_EDGE('',*,*,#712,.F.);
#1042=ORIENTED_EDGE('',*,*,#988,.F.);
#1043=PLANE('',#1044);
#1044=AXIS2_PLACEMENT_3D('',#1045,#1046,#1047);
#1045=CARTESIAN_POINT('',(-0.175,0.075,1.75));
#1046=DIRECTION('',(1.0,0.0,0.0));
#1047=DIRECTION('',(0.0,0.0,-1.0));
#1048=ADVANCED_FACE('',(#1049),#1074,.F.);
#1049=FACE_BOUND('',#1050,.T.);
#1050=EDGE_LOOP('',(#1051,#1061,#1067,#1068));
#1051=ORIENTED_EDGE('',*,*,#1052,.T.);
#1052=EDGE_CURVE('',#1053,#1055,#1057,.T.);
#1053=VERTEX_POINT('',#1054);
#1054=CARTESIAN_POINT('',(0.375,0.175,1.125));
#1055=VERTEX_POINT('',#1056);
#1056=CARTESIAN_POINT('',(1.125,0.175,1.125));
#1057=LINE('',#1058,#1059);
#1058=CARTESIAN_POINT('',(0.375,0.175,1.125));
#1059=VECTOR('',#1060,1.0);
#1060=DIRECTION('',(1.0,0.0,0.0));
#1061=ORIENTED_EDGE('',*,*,#1062,.T.);
#1062=EDGE_CURVE('',#1055,#753,#1063,.F.);
#1063=LINE('',#1064,#1065);
#1064=CARTESIAN_POINT('',(1.125,0.075,1.125));
#1065=VECTOR('',#1066,1.0);
#1066=DIRECTION('',(0.0,1.0,0.0));
#1067=ORIENTED_EDGE('',*,*,#752,.F.);
#1068=ORIENTED_EDGE('',*,*,#1069,.T.);
#1069=EDGE_CURVE('',#745,#1053,#1070,.T.);
#1070=LINE('',#1071,#1072);
#1071=CARTESIAN_POINT('',(0.375,0.075,1.125));
#1072=VECTOR('',#1073,1.0);
#1073=DIRECTION('',(0.0,1.0,0.0));
#1074=PLANE('',#1075);
#1075=AXIS2_PLACEMENT_3D('',#1076,#1077,#1078);
#1076=CARTESIAN_POINT('',(-1.125,0.075,1.125));
#1077=DIRECTION('',(0.0,0.0,1.0));
#1078=DIRECTION('',(1.0,0.0,0.0));
#1079=ADVANCED_FACE('',(#1080),#1098,.F.);
#1080=FACE_BOUND('',#1081,.T.);
#1081=EDGE_LOOP('',(#1082,#1083,#1091,#1097));
#1082=ORIENTED_EDGE('',*,*,#848,.F.);
#1083=ORIENTED_EDGE('',*,*,#1084,.T.);
#1084=EDGE_CURVE('',#841,#1085,#1087,.T.);
#1085=VERTEX_POINT('',#1086);
#1086=CARTESIAN_POINT('',(-1.125,0.175,1.125));
#1087=LINE('',#1088,#1089);
#1088=CARTESIAN_POINT('',(-1.125,0.075,1.125));
#1089=VECTOR('',#1090,1.0);
#1090=DIRECTION('',(0.0,1.0,0.0));
#1091=ORIENTED_EDGE('',*,*,#1092,.T.);
#1092=EDGE_CURVE('',#1085,#879,#1093,.T.);
#1093=LINE('',#1094,#1095);
#1094=CARTESIAN_POINT('',(-1.125,0.175,1.125));
#1095=VECTOR('',#1096,1.0);
#1096=DIRECTION('',(1.0,0.0,0.0));
#1097=ORIENTED_EDGE('',*,*,#878,.F.);
#1098=PLANE('',#1099);
#1099=AXIS2_PLACEMENT_3D('',#1100,#1101,#1102);
#1100=CARTESIAN_POINT('',(-1.125,0.075,1.125));
#1101=DIRECTION('',(0.0,0.0,1.0));
#1102=DIRECTION('',(1.0,0.0,0.0));
#1103=ADVANCED_FACE('',(#1104),#1122,.F.);
#1104=FACE_BOUND('',#1105,.T.);
#1105=EDGE_LOOP('',(#1106,#1114,#1120,#1121));
#1106=ORIENTED_EDGE('',*,*,#1107,.T.);
#1107=EDGE_CURVE('',#1029,#1108,#1110,.T.);
#1108=VERTEX_POINT('',#1109);
#1109=CARTESIAN_POINT('',(0.175,0.175,1.125));
#1110=LINE('',#1111,#1112);
#1111=CARTESIAN_POINT('',(-0.175,0.175,1.125));
#1112=VECTOR('',#1113,1.0);
#1113=DIRECTION('',(1.0,0.0,0.0));
#1114=ORIENTED_EDGE('',*,*,#1115,.T.);
#1115=EDGE_CURVE('',#1108,#721,#1116,.F.);
#1116=LINE('',#1117,#1118);
#1117=CARTESIAN_POINT('',(0.175,0.075,1.125));
#1118=VECTOR('',#1119,1.0);
#1119=DIRECTION('',(0.0,1.0,0.0));
#1120=ORIENTED_EDGE('',*,*,#720,.F.);
#1121=ORIENTED_EDGE('',*,*,#1036,.F.);
#1122=PLANE('',#1123);
#1123=AXIS2_PLACEMENT_3D('',#1124,#1125,#1126);
#1124=CARTESIAN_POINT('',(-1.125,0.075,1.125));
#1125=DIRECTION('',(0.0,0.0,1.0));
#1126=DIRECTION('',(1.0,0.0,0.0));
#1127=ADVANCED_FACE('',(#1128),#1139,.T.);
#1128=FACE_BOUND('',#1129,.T.);
#1129=EDGE_LOOP('',(#1130,#1136,#1137,#1138));
#1130=ORIENTED_EDGE('',*,*,#1131,.T.);
#1131=EDGE_CURVE('',#1006,#1053,#1132,.F.);
#1132=LINE('',#1133,#1134);
#1133=CARTESIAN_POINT('',(0.375,0.175,1.125));
#1134=VECTOR('',#1135,1.0);
#1135=DIRECTION('',(0.0,0.0,1.0));
#1136=ORIENTED_EDGE('',*,*,#1069,.F.);
#1137=ORIENTED_EDGE('',*,*,#744,.F.);
#1138=ORIENTED_EDGE('',*,*,#1013,.F.);
#1139=PLANE('',#1140);
#1140=AXIS2_PLACEMENT_3D('',#1141,#1142,#1143);
#1141=CARTESIAN_POINT('',(0.375,0.075,1.125));
#1142=DIRECTION('',(-1.0,0.0,0.0));
#1143=DIRECTION('',(0.0,0.0,1.0));
#1144=ADVANCED_FACE('',(#1145),#1247,.F.);
#1145=FACE_BOUND('',#1146,.T.);
#1146=EDGE_LOOP('',(#1147,#1148,#1149,#1157,#1165,#1173,#1181,#1189,#1197,#1205,#1213,#1221,#1229,#1235,#1236,#1237,#1238,#1244,#1245,#1246));
#1147=ORIENTED_EDGE('',*,*,#886,.F.);
#1148=ORIENTED_EDGE('',*,*,#1092,.F.);
#1149=ORIENTED_EDGE('',*,*,#1150,.T.);
#1150=EDGE_CURVE('',#1085,#1151,#1153,.F.);
#1151=VERTEX_POINT('',#1152);
#1152=CARTESIAN_POINT('',(-1.125,0.175,-1.125));
#1153=LINE('',#1154,#1155);
#1154=CARTESIAN_POINT('',(-1.125,0.175,-1.125));
#1155=VECTOR('',#1156,1.0);
#1156=DIRECTION('',(0.0,0.0,1.0));
#1157=ORIENTED_EDGE('',*,*,#1158,.T.);
#1158=EDGE_CURVE('',#1151,#1159,#1161,.F.);
#1159=VERTEX_POINT('',#1160);
#1160=CARTESIAN_POINT('',(-0.375,0.175,-1.125));
#1161=LINE('',#1162,#1163);
#1162=CARTESIAN_POINT('',(-0.375,0.175,-1.125));
#1163=VECTOR('',#1164,1.0);
#1164=DIRECTION('',(-1.0,0.0,0.0));
#1165=ORIENTED_EDGE('',*,*,#1166,.T.);
#1166=EDGE_CURVE('',#1159,#1167,#1169,.T.);
#1167=VERTEX_POINT('',#1168);
#1168=CARTESIAN_POINT('',(-0.375,0.175,-1.75));
#1169=LINE('',#1170,#1171);
#1170=CARTESIAN_POINT('',(-0.375,0.175,-1.125));
#1171=VECTOR('',#1172,1.0);
#1172=DIRECTION('',(0.0,0.0,-1.0));
#1173=ORIENTED_EDGE('',*,*,#1174,.T.);
#1174=EDGE_CURVE('',#1167,#1175,#1177,.T.);
#1175=VERTEX_POINT('',#1176);
#1176=CARTESIAN_POINT('',(-0.175,0.175,-1.75));
#1177=LINE('',#1178,#1179);
#1178=CARTESIAN_POINT('',(-0.375,0.175,-1.75));
#1179=VECTOR('',#1180,1.0);
#1180=DIRECTION('',(1.0,0.0,0.0));
#1181=ORIENTED_EDGE('',*,*,#1182,.T.);
#1182=EDGE_CURVE('',#1175,#1183,#1185,.T.);
#1183=VERTEX_POINT('',#1184);
#1184=CARTESIAN_POINT('',(-0.175,0.175,-1.125));
#1185=LINE('',#1186,#1187);
#1186=CARTESIAN_POINT('',(-0.175,0.175,-1.75));
#1187=VECTOR('',#1188,1.0);
#1188=DIRECTION('',(0.0,0.0,1.0));
#1189=ORIENTED_EDGE('',*,*,#1190,.T.);
#1190=EDGE_CURVE('',#1183,#1191,#1193,.F.);
#1191=VERTEX_POINT('',#1192);
#1192=CARTESIAN_POINT('',(0.175,0.175,-1.125));
#1193=LINE('',#1194,#1195);
#1194=CARTESIAN_POINT('',(0.175,0.175,-1.125));
#1195=VECTOR('',#1196,1.0);
#1196=DIRECTION('',(-1.0,0.0,0.0));
#1197=ORIENTED_EDGE('',*,*,#1198,.T.);
#1198=EDGE_CURVE('',#1191,#1199,#1201,.F.);
#1199=VERTEX_POINT('',#1200);
#1200=CARTESIAN_POINT('',(0.175,0.175,-1.75));
#1201=LINE('',#1202,#1203);
#1202=CARTESIAN_POINT('',(0.175,0.175,-1.75));
#1203=VECTOR('',#1204,1.0);
#1204=DIRECTION('',(0.0,0.0,1.0));
#1205=ORIENTED_EDGE('',*,*,#1206,.T.);
#1206=EDGE_CURVE('',#1199,#1207,#1209,.T.);
#1207=VERTEX_POINT('',#1208);
#1208=CARTESIAN_POINT('',(0.375,0.175,-1.75));
#1209=LINE('',#1210,#1211);
#1210=CARTESIAN_POINT('',(0.175,0.175,-1.75));
#1211=VECTOR('',#1212,1.0);
#1212=DIRECTION('',(1.0,0.0,0.0));
#1213=ORIENTED_EDGE('',*,*,#1214,.T.);
#1214=EDGE_CURVE('',#1207,#1215,#1217,.F.);
#1215=VERTEX_POINT('',#1216);
#1216=CARTESIAN_POINT('',(0.375,0.175,-1.125));
#1217=LINE('',#1218,#1219);
#1218=CARTESIAN_POINT('',(0.375,0.175,-1.125));
#1219=VECTOR('',#1220,1.0);
#1220=DIRECTION('',(0.0,0.0,-1.0));
#1221=ORIENTED_EDGE('',*,*,#1222,.T.);
#1222=EDGE_CURVE('',#1215,#1223,#1225,.F.);
#1223=VERTEX_POINT('',#1224);
#1224=CARTESIAN_POINT('',(1.125,0.175,-1.125));
#1225=LINE('',#1226,#1227);
#1226=CARTESIAN_POINT('',(1.125,0.175,-1.125));
#1227=VECTOR('',#1228,1.0);
#1228=DIRECTION('',(-1.0,0.0,0.0));
#1229=ORIENTED_EDGE('',*,*,#1230,.T.);
#1230=EDGE_CURVE('',#1223,#1055,#1231,.F.);
#1231=LINE('',#1232,#1233);
#1232=CARTESIAN_POINT('',(1.125,0.175,1.125));
#1233=VECTOR('',#1234,1.0);
#1234=DIRECTION('',(0.0,0.0,-1.0));
#1235=ORIENTED_EDGE('',*,*,#1052,.F.);
#1236=ORIENTED_EDGE('',*,*,#1131,.F.);
#1237=ORIENTED_EDGE('',*,*,#1005,.F.);
#1238=ORIENTED_EDGE('',*,*,#1239,.T.);
#1239=EDGE_CURVE('',#998,#1108,#1240,.T.);
#1240=LINE('',#1241,#1242);
#1241=CARTESIAN_POINT('',(0.175,0.175,1.75));
#1242=VECTOR('',#1243,1.0);
#1243=DIRECTION('',(0.0,0.0,-1.0));
#1244=ORIENTED_EDGE('',*,*,#1107,.F.);
#1245=ORIENTED_EDGE('',*,*,#1028,.F.);
#1246=ORIENTED_EDGE('',*,*,#980,.F.);
#1247=PLANE('',#1248);
#1248=AXIS2_PLACEMENT_3D('',#1249,#1250,#1251);
#1249=CARTESIAN_POINT('',(0.0,0.175,0.0));
#1250=DIRECTION('',(0.0,1.0,0.0));
#1251=DIRECTION('',(1.0,0.0,0.0));
#1252=ADVANCED_FACE('',(#1253),#1259,.T.);
#1253=FACE_BOUND('',#1254,.T.);
#1254=EDGE_LOOP('',(#1255,#1256,#1257,#1258));
#1255=ORIENTED_EDGE('',*,*,#728,.F.);
#1256=ORIENTED_EDGE('',*,*,#1115,.F.);
#1257=ORIENTED_EDGE('',*,*,#1239,.F.);
#1258=ORIENTED_EDGE('',*,*,#997,.F.);
#1259=PLANE('',#1260);
#1260=AXIS2_PLACEMENT_3D('',#1261,#1262,#1263);
#1261=CARTESIAN_POINT('',(0.175,0.075,1.75));
#1262=DIRECTION('',(1.0,0.0,0.0));
#1263=DIRECTION('',(0.0,0.0,-1.0));
#1264=ADVANCED_FACE('',(#1265),#1276,.F.);
#1265=FACE_BOUND('',#1266,.T.);
#1266=EDGE_LOOP('',(#1267,#1268,#1269,#1275));
#1267=ORIENTED_EDGE('',*,*,#1062,.F.);
#1268=ORIENTED_EDGE('',*,*,#1230,.F.);
#1269=ORIENTED_EDGE('',*,*,#1270,.T.);
#1270=EDGE_CURVE('',#1223,#761,#1271,.F.);
#1271=LINE('',#1272,#1273);
#1272=CARTESIAN_POINT('',(1.125,0.075,-1.125));
#1273=VECTOR('',#1274,1.0);
#1274=DIRECTION('',(0.0,1.0,0.0));
#1275=ORIENTED_EDGE('',*,*,#760,.F.);
#1276=PLANE('',#1277);
#1277=AXIS2_PLACEMENT_3D('',#1278,#1279,#1280);
#1278=CARTESIAN_POINT('',(1.125,0.075,1.125));
#1279=DIRECTION('',(1.0,0.0,0.0));
#1280=DIRECTION('',(0.0,0.0,-1.0));
#1281=ADVANCED_FACE('',(#1282),#1293,.F.);
#1282=FACE_BOUND('',#1283,.T.);
#1283=EDGE_LOOP('',(#1284,#1285,#1286,#1287));
#1284=ORIENTED_EDGE('',*,*,#768,.F.);
#1285=ORIENTED_EDGE('',*,*,#1270,.F.);
#1286=ORIENTED_EDGE('',*,*,#1222,.F.);
#1287=ORIENTED_EDGE('',*,*,#1288,.T.);
#1288=EDGE_CURVE('',#1215,#769,#1289,.F.);
#1289=LINE('',#1290,#1291);
#1290=CARTESIAN_POINT('',(0.375,0.075,-1.125));
#1291=VECTOR('',#1292,1.0);
#1292=DIRECTION('',(0.0,1.0,0.0));
#1293=PLANE('',#1294);
#1294=AXIS2_PLACEMENT_3D('',#1295,#1296,#1297);
#1295=CARTESIAN_POINT('',(1.125,0.075,-1.125));
#1296=DIRECTION('',(0.0,0.0,-1.0));
#1297=DIRECTION('',(-1.0,0.0,0.0));
#1298=ADVANCED_FACE('',(#1299),#1315,.F.);
#1299=FACE_BOUND('',#1300,.T.);
#1300=EDGE_LOOP('',(#1301,#1302,#1308,#1309));
#1301=ORIENTED_EDGE('',*,*,#1158,.F.);
#1302=ORIENTED_EDGE('',*,*,#1303,.T.);
#1303=EDGE_CURVE('',#1151,#833,#1304,.F.);
#1304=LINE('',#1305,#1306);
#1305=CARTESIAN_POINT('',(-1.125,0.075,-1.125));
#1306=VECTOR('',#1307,1.0);
#1307=DIRECTION('',(0.0,1.0,0.0));
#1308=ORIENTED_EDGE('',*,*,#832,.F.);
#1309=ORIENTED_EDGE('',*,*,#1310,.T.);
#1310=EDGE_CURVE('',#825,#1159,#1311,.T.);
#1311=LINE('',#1312,#1313);
#1312=CARTESIAN_POINT('',(-0.375,0.075,-1.125));
#1313=VECTOR('',#1314,1.0);
#1314=DIRECTION('',(0.0,1.0,0.0));
#1315=PLANE('',#1316);
#1316=AXIS2_PLACEMENT_3D('',#1317,#1318,#1319);
#1317=CARTESIAN_POINT('',(1.125,0.075,-1.125));
#1318=DIRECTION('',(0.0,0.0,-1.0));
#1319=DIRECTION('',(-1.0,0.0,0.0));
#1320=ADVANCED_FACE('',(#1321),#1337,.F.);
#1321=FACE_BOUND('',#1322,.T.);
#1322=EDGE_LOOP('',(#1323,#1324,#1330,#1331));
#1323=ORIENTED_EDGE('',*,*,#800,.F.);
#1324=ORIENTED_EDGE('',*,*,#1325,.T.);
#1325=EDGE_CURVE('',#793,#1191,#1326,.T.);
#1326=LINE('',#1327,#1328);
#1327=CARTESIAN_POINT('',(0.175,0.075,-1.125));
#1328=VECTOR('',#1329,1.0);
#1329=DIRECTION('',(0.0,1.0,0.0));
#1330=ORIENTED_EDGE('',*,*,#1190,.F.);
#1331=ORIENTED_EDGE('',*,*,#1332,.T.);
#1332=EDGE_CURVE('',#1183,#801,#1333,.F.);
#1333=LINE('',#1334,#1335);
#1334=CARTESIAN_POINT('',(-0.175,0.075,-1.125));
#1335=VECTOR('',#1336,1.0);
#1336=DIRECTION('',(0.0,1.0,0.0));
#1337=PLANE('',#1338);
#1338=AXIS2_PLACEMENT_3D('',#1339,#1340,#1341);
#1339=CARTESIAN_POINT('',(1.125,0.075,-1.125));
#1340=DIRECTION('',(0.0,0.0,-1.0));
#1341=DIRECTION('',(-1.0,0.0,0.0));
#1342=ADVANCED_FACE('',(#1343),#1354,.F.);
#1343=FACE_BOUND('',#1344,.T.);
#1344=EDGE_LOOP('',(#1345,#1346,#1347,#1348));
#1345=ORIENTED_EDGE('',*,*,#776,.F.);
#1346=ORIENTED_EDGE('',*,*,#1288,.F.);
#1347=ORIENTED_EDGE('',*,*,#1214,.F.);
#1348=ORIENTED_EDGE('',*,*,#1349,.T.);
#1349=EDGE_CURVE('',#1207,#777,#1350,.F.);
#1350=LINE('',#1351,#1352);
#1351=CARTESIAN_POINT('',(0.375,0.075,-1.75));
#1352=VECTOR('',#1353,1.0);
#1353=DIRECTION('',(0.0,1.0,0.0));
#1354=PLANE('',#1355);
#1355=AXIS2_PLACEMENT_3D('',#1356,#1357,#1358);
#1356=CARTESIAN_POINT('',(0.375,0.075,-1.125));
#1357=DIRECTION('',(1.0,0.0,0.0));
#1358=DIRECTION('',(0.0,0.0,-1.0));
#1359=ADVANCED_FACE('',(#1360,#1431,#1447),#1458,.T.);
#1360=FACE_BOUND('',#1361,.T.);
#1361=EDGE_LOOP('',(#1362,#1370,#1371,#1379,#1387,#1393,#1394,#1402,#1410,#1416,#1417,#1425));
#1362=ORIENTED_EDGE('',*,*,#1363,.T.);
#1363=EDGE_CURVE('',#1364,#519,#1366,.F.);
#1364=VERTEX_POINT('',#1365);
#1365=CARTESIAN_POINT('',(-0.87,0.175,-1.75));
#1366=LINE('',#1367,#1368);
#1367=CARTESIAN_POINT('',(-0.87,0.0,-1.75));
#1368=VECTOR('',#1369,1.0);
#1369=DIRECTION('',(0.0,1.0,0.0));
#1370=ORIENTED_EDGE('',*,*,#518,.F.);
#1371=ORIENTED_EDGE('',*,*,#1372,.T.);
#1372=EDGE_CURVE('',#511,#1373,#1375,.T.);
#1373=VERTEX_POINT('',#1374);
#1374=CARTESIAN_POINT('',(-1.75,0.95,-1.75));
#1375=LINE('',#1376,#1377);
#1376=CARTESIAN_POINT('',(-1.75,0.0,-1.75));
#1377=VECTOR('',#1378,1.0);
#1378=DIRECTION('',(0.0,1.0,0.0));
#1379=ORIENTED_EDGE('',*,*,#1380,.T.);
#1380=EDGE_CURVE('',#1373,#1381,#1383,.F.);
#1381=VERTEX_POINT('',#1382);
#1382=CARTESIAN_POINT('',(1.75,0.95,-1.75));
#1383=LINE('',#1384,#1385);
#1384=CARTESIAN_POINT('',(1.75,0.95,-1.75));
#1385=VECTOR('',#1386,1.0);
#1386=DIRECTION('',(-1.0,0.0,0.0));
#1387=ORIENTED_EDGE('',*,*,#1388,.T.);
#1388=EDGE_CURVE('',#1381,#91,#1389,.F.);
#1389=LINE('',#1390,#1391);
#1390=CARTESIAN_POINT('',(1.75,0.0,-1.75));
#1391=VECTOR('',#1392,1.0);
#1392=DIRECTION('',(0.0,1.0,0.0));
#1393=ORIENTED_EDGE('',*,*,#90,.F.);
#1394=ORIENTED_EDGE('',*,*,#1395,.T.);
#1395=EDGE_CURVE('',#83,#1396,#1398,.T.);
#1396=VERTEX_POINT('',#1397);
#1397=CARTESIAN_POINT('',(0.87,0.175,-1.75));
#1398=LINE('',#1399,#1400);
#1399=CARTESIAN_POINT('',(0.87,0.0,-1.75));
#1400=VECTOR('',#1401,1.0);
#1401=DIRECTION('',(0.0,1.0,0.0));
#1402=ORIENTED_EDGE('',*,*,#1403,.T.);
#1403=EDGE_CURVE('',#1396,#1404,#1406,.F.);
#1404=VERTEX_POINT('',#1405);
#1405=CARTESIAN_POINT('',(0.63,0.175,-1.75));
#1406=LINE('',#1407,#1408);
#1407=CARTESIAN_POINT('',(0.63,0.175,-1.75));
#1408=VECTOR('',#1409,1.0);
#1409=DIRECTION('',(1.0,0.0,0.0));
#1410=ORIENTED_EDGE('',*,*,#1411,.T.);
#1411=EDGE_CURVE('',#1404,#58,#1412,.F.);
#1412=LINE('',#1413,#1414);
#1413=CARTESIAN_POINT('',(0.63,0.0,-1.75));
#1414=VECTOR('',#1415,1.0);
#1415=DIRECTION('',(0.0,1.0,0.0));
#1416=ORIENTED_EDGE('',*,*,#57,.F.);
#1417=ORIENTED_EDGE('',*,*,#1418,.T.);
#1418=EDGE_CURVE('',#50,#1419,#1421,.T.);
#1419=VERTEX_POINT('',#1420);
#1420=CARTESIAN_POINT('',(-0.63,0.175,-1.75));
#1421=LINE('',#1422,#1423);
#1422=CARTESIAN_POINT('',(-0.63,0.0,-1.75));
#1423=VECTOR('',#1424,1.0);
#1424=DIRECTION('',(0.0,1.0,0.0));
#1425=ORIENTED_EDGE('',*,*,#1426,.T.);
#1426=EDGE_CURVE('',#1419,#1364,#1427,.F.);
#1427=LINE('',#1428,#1429);
#1428=CARTESIAN_POINT('',(-0.87,0.175,-1.75));
#1429=VECTOR('',#1430,1.0);
#1430=DIRECTION('',(1.0,0.0,0.0));
#1431=FACE_BOUND('',#1432,.T.);
#1432=EDGE_LOOP('',(#1433,#1439,#1440,#1446));
#1433=ORIENTED_EDGE('',*,*,#1434,.T.);
#1434=EDGE_CURVE('',#809,#1175,#1435,.T.);
#1435=LINE('',#1436,#1437);
#1436=CARTESIAN_POINT('',(-0.175,0.075,-1.75));
#1437=VECTOR('',#1438,1.0);
#1438=DIRECTION('',(0.0,1.0,0.0));
#1439=ORIENTED_EDGE('',*,*,#1174,.F.);
#1440=ORIENTED_EDGE('',*,*,#1441,.T.);
#1441=EDGE_CURVE('',#1167,#817,#1442,.F.);
#1442=LINE('',#1443,#1444);
#1443=CARTESIAN_POINT('',(-0.375,0.075,-1.75));
#1444=VECTOR('',#1445,1.0);
#1445=DIRECTION('',(0.0,1.0,0.0));
#1446=ORIENTED_EDGE('',*,*,#816,.F.);
#1447=FACE_BOUND('',#1448,.T.);
#1448=EDGE_LOOP('',(#1449,#1450,#1451,#1457));
#1449=ORIENTED_EDGE('',*,*,#1349,.F.);
#1450=ORIENTED_EDGE('',*,*,#1206,.F.);
#1451=ORIENTED_EDGE('',*,*,#1452,.T.);
#1452=EDGE_CURVE('',#1199,#785,#1453,.F.);
#1453=LINE('',#1454,#1455);
#1454=CARTESIAN_POINT('',(0.175,0.075,-1.75));
#1455=VECTOR('',#1456,1.0);
#1456=DIRECTION('',(0.0,1.0,0.0));
#1457=ORIENTED_EDGE('',*,*,#784,.F.);
#1458=PLANE('',#1459);
#1459=AXIS2_PLACEMENT_3D('',#1460,#1461,#1462);
#1460=CARTESIAN_POINT('',(1.75,0.0,-1.75));
#1461=DIRECTION('',(0.0,0.0,-1.0));
#1462=DIRECTION('',(-1.0,0.0,0.0));
#1463=ADVANCED_FACE('',(#1464),#1470,.T.);
#1464=FACE_BOUND('',#1465,.T.);
#1465=EDGE_LOOP('',(#1466,#1467,#1468,#1469));
#1466=ORIENTED_EDGE('',*,*,#1166,.F.);
#1467=ORIENTED_EDGE('',*,*,#1310,.F.);
#1468=ORIENTED_EDGE('',*,*,#824,.F.);
#1469=ORIENTED_EDGE('',*,*,#1441,.F.);
#1470=PLANE('',#1471);
#1471=AXIS2_PLACEMENT_3D('',#1472,#1473,#1474);
#1472=CARTESIAN_POINT('',(-0.375,0.075,-1.125));
#1473=DIRECTION('',(1.0,0.0,0.0));
#1474=DIRECTION('',(0.0,0.0,-1.0));
#1475=ADVANCED_FACE('',(#1476),#1482,.T.);
#1476=FACE_BOUND('',#1477,.T.);
#1477=EDGE_LOOP('',(#1478,#1479,#1480,#1481));
#1478=ORIENTED_EDGE('',*,*,#808,.F.);
#1479=ORIENTED_EDGE('',*,*,#1332,.F.);
#1480=ORIENTED_EDGE('',*,*,#1182,.F.);
#1481=ORIENTED_EDGE('',*,*,#1434,.F.);
#1482=PLANE('',#1483);
#1483=AXIS2_PLACEMENT_3D('',#1484,#1485,#1486);
#1484=CARTESIAN_POINT('',(-0.175,0.075,-1.75));
#1485=DIRECTION('',(-1.0,0.0,0.0));
#1486=DIRECTION('',(0.0,0.0,1.0));
#1487=ADVANCED_FACE('',(#1488),#1494,.F.);
#1488=FACE_BOUND('',#1489,.T.);
#1489=EDGE_LOOP('',(#1490,#1491,#1492,#1493));
#1490=ORIENTED_EDGE('',*,*,#1198,.F.);
#1491=ORIENTED_EDGE('',*,*,#1325,.F.);
#1492=ORIENTED_EDGE('',*,*,#792,.F.);
#1493=ORIENTED_EDGE('',*,*,#1452,.F.);
#1494=PLANE('',#1495);
#1495=AXIS2_PLACEMENT_3D('',#1496,#1497,#1498);
#1496=CARTESIAN_POINT('',(0.175,0.075,-1.75));
#1497=DIRECTION('',(-1.0,0.0,0.0));
#1498=DIRECTION('',(0.0,0.0,1.0));
#1499=ADVANCED_FACE('',(#1500),#1526,.F.);
#1500=FACE_BOUND('',#1501,.T.);
#1501=EDGE_LOOP('',(#1502,#1510,#1519,#1525));
#1502=ORIENTED_EDGE('',*,*,#1503,.T.);
#1503=EDGE_CURVE('',#1419,#1504,#1506,.F.);
#1504=VERTEX_POINT('',#1505);
#1505=CARTESIAN_POINT('',(-0.63,0.175,-1.47));
#1506=LINE('',#1507,#1508);
#1507=CARTESIAN_POINT('',(-0.63,0.175,-1.47));
#1508=VECTOR('',#1509,1.0);
#1509=DIRECTION('',(0.0,0.0,-1.0));
#1510=ORIENTED_EDGE('',*,*,#1511,.T.);
#1511=EDGE_CURVE('',#1504,#1512,#1514,.F.);
#1512=VERTEX_POINT('',#1513);
#1513=CARTESIAN_POINT('',(-0.87,0.175,-1.47));
#1514=CIRCLE('',#1515,0.12);
#1515=AXIS2_PLACEMENT_3D('',#1516,#1517,#1518);
#1516=CARTESIAN_POINT('',(-0.75,0.175,-1.47));
#1517=DIRECTION('',(0.0,1.0,0.0));
#1518=DIRECTION('',(-1.0,0.0,0.0));
#1519=ORIENTED_EDGE('',*,*,#1520,.T.);
#1520=EDGE_CURVE('',#1512,#1364,#1521,.F.);
#1521=LINE('',#1522,#1523);
#1522=CARTESIAN_POINT('',(-0.87,0.175,-1.75));
#1523=VECTOR('',#1524,1.0);
#1524=DIRECTION('',(0.0,0.0,1.0));
#1525=ORIENTED_EDGE('',*,*,#1426,.F.);
#1526=PLANE('',#1527);
#1527=AXIS2_PLACEMENT_3D('',#1528,#1529,#1530);
#1528=CARTESIAN_POINT('',(0.0,0.175,0.0));
#1529=DIRECTION('',(0.0,1.0,0.0));
#1530=DIRECTION('',(1.0,0.0,0.0));
#1531=ADVANCED_FACE('',(#1532),#1543,.F.);
#1532=FACE_BOUND('',#1533,.T.);
#1533=EDGE_LOOP('',(#1534,#1535,#1536,#1542));
#1534=ORIENTED_EDGE('',*,*,#1363,.F.);
#1535=ORIENTED_EDGE('',*,*,#1520,.F.);
#1536=ORIENTED_EDGE('',*,*,#1537,.T.);
#1537=EDGE_CURVE('',#1512,#39,#1538,.F.);
#1538=LINE('',#1539,#1540);
#1539=CARTESIAN_POINT('',(-0.87,0.0,-1.47));
#1540=VECTOR('',#1541,1.0);
#1541=DIRECTION('',(0.0,1.0,0.0));
#1542=ORIENTED_EDGE('',*,*,#526,.F.);
#1543=PLANE('',#1544);
#1544=AXIS2_PLACEMENT_3D('',#1545,#1546,#1547);
#1545=CARTESIAN_POINT('',(-0.87,-0.025,-1.75));
#1546=DIRECTION('',(-1.0,0.0,0.0));
#1547=DIRECTION('',(0.0,0.0,1.0));
#1548=ADVANCED_FACE('',(#1549),#1560,.F.);
#1549=FACE_BOUND('',#1550,.T.);
#1550=EDGE_LOOP('',(#1551,#1552,#1553,#1559));
#1551=ORIENTED_EDGE('',*,*,#1537,.F.);
#1552=ORIENTED_EDGE('',*,*,#1511,.F.);
#1553=ORIENTED_EDGE('',*,*,#1554,.T.);
#1554=EDGE_CURVE('',#1504,#41,#1555,.F.);
#1555=LINE('',#1556,#1557);
#1556=CARTESIAN_POINT('',(-0.63,0.0,-1.47));
#1557=VECTOR('',#1558,1.0);
#1558=DIRECTION('',(0.0,1.0,0.0));
#1559=ORIENTED_EDGE('',*,*,#38,.F.);
#1560=CYLINDRICAL_SURFACE('',#1561,0.12);
#1561=AXIS2_PLACEMENT_3D('',#1562,#1563,#1564);
#1562=CARTESIAN_POINT('',(-0.75,-0.025,-1.47));
#1563=DIRECTION('',(0.0,1.0,0.0));
#1564=DIRECTION('',(1.0,0.0,0.0));
#1565=ADVANCED_FACE('',(#1566),#1572,.F.);
#1566=FACE_BOUND('',#1567,.T.);
#1567=EDGE_LOOP('',(#1568,#1569,#1570,#1571));
#1568=ORIENTED_EDGE('',*,*,#1554,.F.);
#1569=ORIENTED_EDGE('',*,*,#1503,.F.);
#1570=ORIENTED_EDGE('',*,*,#1418,.F.);
#1571=ORIENTED_EDGE('',*,*,#49,.F.);
#1572=PLANE('',#1573);
#1573=AXIS2_PLACEMENT_3D('',#1574,#1575,#1576);
#1574=CARTESIAN_POINT('',(-0.63,-0.025,-1.47));
#1575=DIRECTION('',(1.0,0.0,0.0));
#1576=DIRECTION('',(0.0,0.0,-1.0));
#1577=ADVANCED_FACE('',(#1578),#1596,.F.);
#1578=FACE_BOUND('',#1579,.T.);
#1579=EDGE_LOOP('',(#1580,#1581,#1589,#1595));
#1580=ORIENTED_EDGE('',*,*,#1411,.F.);
#1581=ORIENTED_EDGE('',*,*,#1582,.T.);
#1582=EDGE_CURVE('',#1404,#1583,#1585,.T.);
#1583=VERTEX_POINT('',#1584);
#1584=CARTESIAN_POINT('',(0.63,0.175,-1.47));
#1585=LINE('',#1586,#1587);
#1586=CARTESIAN_POINT('',(0.63,0.175,-1.75));
#1587=VECTOR('',#1588,1.0);
#1588=DIRECTION('',(0.0,0.0,1.0));
#1589=ORIENTED_EDGE('',*,*,#1590,.T.);
#1590=EDGE_CURVE('',#1583,#66,#1591,.F.);
#1591=LINE('',#1592,#1593);
#1592=CARTESIAN_POINT('',(0.63,0.0,-1.47));
#1593=VECTOR('',#1594,1.0);
#1594=DIRECTION('',(0.0,1.0,0.0));
#1595=ORIENTED_EDGE('',*,*,#65,.F.);
#1596=PLANE('',#1597);
#1597=AXIS2_PLACEMENT_3D('',#1598,#1599,#1600);
#1598=CARTESIAN_POINT('',(0.63,-0.025,-1.75));
#1599=DIRECTION('',(-1.0,0.0,0.0));
#1600=DIRECTION('',(0.0,0.0,1.0));
#1601=ADVANCED_FACE('',(#1602),#1621,.F.);
#1602=FACE_BOUND('',#1603,.T.);
#1603=EDGE_LOOP('',(#1604,#1605,#1614,#1620));
#1604=ORIENTED_EDGE('',*,*,#1590,.F.);
#1605=ORIENTED_EDGE('',*,*,#1606,.T.);
#1606=EDGE_CURVE('',#1583,#1607,#1609,.T.);
#1607=VERTEX_POINT('',#1608);
#1608=CARTESIAN_POINT('',(0.87,0.175,-1.47));
#1609=CIRCLE('',#1610,0.12);
#1610=AXIS2_PLACEMENT_3D('',#1611,#1612,#1613);
#1611=CARTESIAN_POINT('',(0.75,0.175,-1.47));
#1612=DIRECTION('',(0.0,1.0,0.0));
#1613=DIRECTION('',(-1.0,0.0,0.0));
#1614=ORIENTED_EDGE('',*,*,#1615,.T.);
#1615=EDGE_CURVE('',#1607,#74,#1616,.F.);
#1616=LINE('',#1617,#1618);
#1617=CARTESIAN_POINT('',(0.87,0.0,-1.47));
#1618=VECTOR('',#1619,1.0);
#1619=DIRECTION('',(0.0,1.0,0.0));
#1620=ORIENTED_EDGE('',*,*,#73,.F.);
#1621=CYLINDRICAL_SURFACE('',#1622,0.12);
#1622=AXIS2_PLACEMENT_3D('',#1623,#1624,#1625);
#1623=CARTESIAN_POINT('',(0.75,-0.025,-1.47));
#1624=DIRECTION('',(0.0,1.0,0.0));
#1625=DIRECTION('',(1.0,0.0,0.0));
#1626=ADVANCED_FACE('',(#1627),#1638,.F.);
#1627=FACE_BOUND('',#1628,.T.);
#1628=EDGE_LOOP('',(#1629,#1630,#1636,#1637));
#1629=ORIENTED_EDGE('',*,*,#1615,.F.);
#1630=ORIENTED_EDGE('',*,*,#1631,.T.);
#1631=EDGE_CURVE('',#1607,#1396,#1632,.T.);
#1632=LINE('',#1633,#1634);
#1633=CARTESIAN_POINT('',(0.87,0.175,-1.47));
#1634=VECTOR('',#1635,1.0);
#1635=DIRECTION('',(0.0,0.0,-1.0));
#1636=ORIENTED_EDGE('',*,*,#1395,.F.);
#1637=ORIENTED_EDGE('',*,*,#82,.F.);
#1638=PLANE('',#1639);
#1639=AXIS2_PLACEMENT_3D('',#1640,#1641,#1642);
#1640=CARTESIAN_POINT('',(0.87,-0.025,-1.47));
#1641=DIRECTION('',(1.0,0.0,0.0));
#1642=DIRECTION('',(0.0,0.0,-1.0));
#1643=ADVANCED_FACE('',(#1644),#1650,.F.);
#1644=FACE_BOUND('',#1645,.T.);
#1645=EDGE_LOOP('',(#1646,#1647,#1648,#1649));
#1646=ORIENTED_EDGE('',*,*,#1631,.F.);
#1647=ORIENTED_EDGE('',*,*,#1606,.F.);
#1648=ORIENTED_EDGE('',*,*,#1582,.F.);
#1649=ORIENTED_EDGE('',*,*,#1403,.F.);
#1650=PLANE('',#1651);
#1651=AXIS2_PLACEMENT_3D('',#1652,#1653,#1654);
#1652=CARTESIAN_POINT('',(0.0,0.175,0.0));
#1653=DIRECTION('',(0.0,1.0,0.0));
#1654=DIRECTION('',(1.0,0.0,0.0));
#1655=ADVANCED_FACE('',(#1656),#1782,.T.);
#1656=FACE_BOUND('',#1657,.T.);
#1657=EDGE_LOOP('',(#1658,#1666,#1667,#1675,#1683,#1689,#1690,#1698,#1706,#1712,#1713,#1721,#1729,#1735,#1736,#1744,#1752,#1758,#1759,#1760,#1766,#1767,#1768,#1776));
#1658=ORIENTED_EDGE('',*,*,#1659,.T.);
#1659=EDGE_CURVE('',#1660,#231,#1662,.F.);
#1660=VERTEX_POINT('',#1661);
#1661=CARTESIAN_POINT('',(1.75,0.175,0.88));
#1662=LINE('',#1663,#1664);
#1663=CARTESIAN_POINT('',(1.75,0.0,0.88));
#1664=VECTOR('',#1665,1.0);
#1665=DIRECTION('',(0.0,1.0,0.0));
#1666=ORIENTED_EDGE('',*,*,#230,.F.);
#1667=ORIENTED_EDGE('',*,*,#1668,.T.);
#1668=EDGE_CURVE('',#223,#1669,#1671,.T.);
#1669=VERTEX_POINT('',#1670);
#1670=CARTESIAN_POINT('',(1.75,0.175,0.62));
#1671=LINE('',#1672,#1673);
#1672=CARTESIAN_POINT('',(1.75,0.0,0.62));
#1673=VECTOR('',#1674,1.0);
#1674=DIRECTION('',(0.0,1.0,0.0));
#1675=ORIENTED_EDGE('',*,*,#1676,.T.);
#1676=EDGE_CURVE('',#1669,#1677,#1679,.T.);
#1677=VERTEX_POINT('',#1678);
#1678=CARTESIAN_POINT('',(1.75,0.175,0.38));
#1679=LINE('',#1680,#1681);
#1680=CARTESIAN_POINT('',(1.75,0.175,0.62));
#1681=VECTOR('',#1682,1.0);
#1682=DIRECTION('',(0.0,0.0,-1.0));
#1683=ORIENTED_EDGE('',*,*,#1684,.T.);
#1684=EDGE_CURVE('',#1677,#198,#1685,.F.);
#1685=LINE('',#1686,#1687);
#1686=CARTESIAN_POINT('',(1.75,0.0,0.38));
#1687=VECTOR('',#1688,1.0);
#1688=DIRECTION('',(0.0,1.0,0.0));
#1689=ORIENTED_EDGE('',*,*,#197,.F.);
#1690=ORIENTED_EDGE('',*,*,#1691,.T.);
#1691=EDGE_CURVE('',#190,#1692,#1694,.T.);
#1692=VERTEX_POINT('',#1693);
#1693=CARTESIAN_POINT('',(1.75,0.175,0.12));
#1694=LINE('',#1695,#1696);
#1695=CARTESIAN_POINT('',(1.75,0.0,0.12));
#1696=VECTOR('',#1697,1.0);
#1697=DIRECTION('',(0.0,1.0,0.0));
#1698=ORIENTED_EDGE('',*,*,#1699,.T.);
#1699=EDGE_CURVE('',#1692,#1700,#1702,.T.);
#1700=VERTEX_POINT('',#1701);
#1701=CARTESIAN_POINT('',(1.75,0.175,-0.12));
#1702=LINE('',#1703,#1704);
#1703=CARTESIAN_POINT('',(1.75,0.175,0.12));
#1704=VECTOR('',#1705,1.0);
#1705=DIRECTION('',(0.0,0.0,-1.0));
#1706=ORIENTED_EDGE('',*,*,#1707,.T.);
#1707=EDGE_CURVE('',#1700,#165,#1708,.F.);
#1708=LINE('',#1709,#1710);
#1709=CARTESIAN_POINT('',(1.75,0.0,-0.12));
#1710=VECTOR('',#1711,1.0);
#1711=DIRECTION('',(0.0,1.0,0.0));
#1712=ORIENTED_EDGE('',*,*,#164,.F.);
#1713=ORIENTED_EDGE('',*,*,#1714,.T.);
#1714=EDGE_CURVE('',#157,#1715,#1717,.T.);
#1715=VERTEX_POINT('',#1716);
#1716=CARTESIAN_POINT('',(1.75,0.175,-0.38));
#1717=LINE('',#1718,#1719);
#1718=CARTESIAN_POINT('',(1.75,0.0,-0.38));
#1719=VECTOR('',#1720,1.0);
#1720=DIRECTION('',(0.0,1.0,0.0));
#1721=ORIENTED_EDGE('',*,*,#1722,.T.);
#1722=EDGE_CURVE('',#1715,#1723,#1725,.T.);
#1723=VERTEX_POINT('',#1724);
#1724=CARTESIAN_POINT('',(1.75,0.175,-0.62));
#1725=LINE('',#1726,#1727);
#1726=CARTESIAN_POINT('',(1.75,0.175,-0.38));
#1727=VECTOR('',#1728,1.0);
#1728=DIRECTION('',(0.0,0.0,-1.0));
#1729=ORIENTED_EDGE('',*,*,#1730,.T.);
#1730=EDGE_CURVE('',#1723,#132,#1731,.F.);
#1731=LINE('',#1732,#1733);
#1732=CARTESIAN_POINT('',(1.75,0.0,-0.62));
#1733=VECTOR('',#1734,1.0);
#1734=DIRECTION('',(0.0,1.0,0.0));
#1735=ORIENTED_EDGE('',*,*,#131,.F.);
#1736=ORIENTED_EDGE('',*,*,#1737,.T.);
#1737=EDGE_CURVE('',#124,#1738,#1740,.T.);
#1738=VERTEX_POINT('',#1739);
#1739=CARTESIAN_POINT('',(1.75,0.175,-0.88));
#1740=LINE('',#1741,#1742);
#1741=CARTESIAN_POINT('',(1.75,0.0,-0.88));
#1742=VECTOR('',#1743,1.0);
#1743=DIRECTION('',(0.0,1.0,0.0));
#1744=ORIENTED_EDGE('',*,*,#1745,.T.);
#1745=EDGE_CURVE('',#1738,#1746,#1748,.T.);
#1746=VERTEX_POINT('',#1747);
#1747=CARTESIAN_POINT('',(1.75,0.175,-1.12));
#1748=LINE('',#1749,#1750);
#1749=CARTESIAN_POINT('',(1.75,0.175,-0.88));
#1750=VECTOR('',#1751,1.0);
#1751=DIRECTION('',(0.0,0.0,-1.0));
#1752=ORIENTED_EDGE('',*,*,#1753,.T.);
#1753=EDGE_CURVE('',#1746,#99,#1754,.F.);
#1754=LINE('',#1755,#1756);
#1755=CARTESIAN_POINT('',(1.75,0.0,-1.12));
#1756=VECTOR('',#1757,1.0);
#1757=DIRECTION('',(0.0,1.0,0.0));
#1758=ORIENTED_EDGE('',*,*,#98,.F.);
#1759=ORIENTED_EDGE('',*,*,#1388,.F.);
#1760=ORIENTED_EDGE('',*,*,#1761,.T.);
#1761=EDGE_CURVE('',#1381,#941,#1762,.F.);
#1762=LINE('',#1763,#1764);
#1763=CARTESIAN_POINT('',(1.75,0.95,1.75));
#1764=VECTOR('',#1765,1.0);
#1765=DIRECTION('',(0.0,0.0,-1.0));
#1766=ORIENTED_EDGE('',*,*,#940,.F.);
#1767=ORIENTED_EDGE('',*,*,#263,.F.);
#1768=ORIENTED_EDGE('',*,*,#1769,.T.);
#1769=EDGE_CURVE('',#256,#1770,#1772,.T.);
#1770=VERTEX_POINT('',#1771);
#1771=CARTESIAN_POINT('',(1.75,0.175,1.12));
#1772=LINE('',#1773,#1774);
#1773=CARTESIAN_POINT('',(1.75,0.0,1.12));
#1774=VECTOR('',#1775,1.0);
#1775=DIRECTION('',(0.0,1.0,0.0));
#1776=ORIENTED_EDGE('',*,*,#1777,.T.);
#1777=EDGE_CURVE('',#1770,#1660,#1778,.T.);
#1778=LINE('',#1779,#1780);
#1779=CARTESIAN_POINT('',(1.75,0.175,1.12));
#1780=VECTOR('',#1781,1.0);
#1781=DIRECTION('',(0.0,0.0,-1.0));
#1782=PLANE('',#1783);
#1783=AXIS2_PLACEMENT_3D('',#1784,#1785,#1786);
#1784=CARTESIAN_POINT('',(1.75,0.0,1.75));
#1785=DIRECTION('',(1.0,0.0,0.0));
#1786=DIRECTION('',(0.0,0.0,-1.0));
#1787=ADVANCED_FACE('',(#1788),#1814,.F.);
#1788=FACE_BOUND('',#1789,.T.);
#1789=EDGE_LOOP('',(#1790,#1798,#1807,#1813));
#1790=ORIENTED_EDGE('',*,*,#1791,.T.);
#1791=EDGE_CURVE('',#1770,#1792,#1794,.F.);
#1792=VERTEX_POINT('',#1793);
#1793=CARTESIAN_POINT('',(1.47,0.175,1.12));
#1794=LINE('',#1795,#1796);
#1795=CARTESIAN_POINT('',(1.47,0.175,1.12));
#1796=VECTOR('',#1797,1.0);
#1797=DIRECTION('',(1.0,0.0,0.0));
#1798=ORIENTED_EDGE('',*,*,#1799,.T.);
#1799=EDGE_CURVE('',#1792,#1800,#1802,.F.);
#1800=VERTEX_POINT('',#1801);
#1801=CARTESIAN_POINT('',(1.47,0.175,0.88));
#1802=CIRCLE('',#1803,0.12);
#1803=AXIS2_PLACEMENT_3D('',#1804,#1805,#1806);
#1804=CARTESIAN_POINT('',(1.47,0.175,1.0));
#1805=DIRECTION('',(0.0,1.0,0.0));
#1806=DIRECTION('',(0.0,0.0,-1.0));
#1807=ORIENTED_EDGE('',*,*,#1808,.T.);
#1808=EDGE_CURVE('',#1800,#1660,#1809,.F.);
#1809=LINE('',#1810,#1811);
#1810=CARTESIAN_POINT('',(1.75,0.175,0.88));
#1811=VECTOR('',#1812,1.0);
#1812=DIRECTION('',(-1.0,0.0,0.0));
#1813=ORIENTED_EDGE('',*,*,#1777,.F.);
#1814=PLANE('',#1815);
#1815=AXIS2_PLACEMENT_3D('',#1816,#1817,#1818);
#1816=CARTESIAN_POINT('',(0.0,0.175,0.0));
#1817=DIRECTION('',(0.0,1.0,0.0));
#1818=DIRECTION('',(1.0,0.0,0.0));
#1819=ADVANCED_FACE('',(#1820),#1831,.F.);
#1820=FACE_BOUND('',#1821,.T.);
#1821=EDGE_LOOP('',(#1822,#1823,#1824,#1830));
#1822=ORIENTED_EDGE('',*,*,#1659,.F.);
#1823=ORIENTED_EDGE('',*,*,#1808,.F.);
#1824=ORIENTED_EDGE('',*,*,#1825,.T.);
#1825=EDGE_CURVE('',#1800,#239,#1826,.F.);
#1826=LINE('',#1827,#1828);
#1827=CARTESIAN_POINT('',(1.47,0.0,0.88));
#1828=VECTOR('',#1829,1.0);
#1829=DIRECTION('',(0.0,1.0,0.0));
#1830=ORIENTED_EDGE('',*,*,#238,.F.);
#1831=PLANE('',#1832);
#1832=AXIS2_PLACEMENT_3D('',#1833,#1834,#1835);
#1833=CARTESIAN_POINT('',(1.75,-0.025,0.88));
#1834=DIRECTION('',(0.0,0.0,-1.0));
#1835=DIRECTION('',(-1.0,0.0,0.0));
#1836=ADVANCED_FACE('',(#1837),#1848,.F.);
#1837=FACE_BOUND('',#1838,.T.);
#1838=EDGE_LOOP('',(#1839,#1840,#1841,#1847));
#1839=ORIENTED_EDGE('',*,*,#1825,.F.);
#1840=ORIENTED_EDGE('',*,*,#1799,.F.);
#1841=ORIENTED_EDGE('',*,*,#1842,.T.);
#1842=EDGE_CURVE('',#1792,#247,#1843,.F.);
#1843=LINE('',#1844,#1845);
#1844=CARTESIAN_POINT('',(1.47,0.0,1.12));
#1845=VECTOR('',#1846,1.0);
#1846=DIRECTION('',(0.0,1.0,0.0));
#1847=ORIENTED_EDGE('',*,*,#246,.F.);
#1848=CYLINDRICAL_SURFACE('',#1849,0.12);
#1849=AXIS2_PLACEMENT_3D('',#1850,#1851,#1852);
#1850=CARTESIAN_POINT('',(1.47,-0.025,1.0));
#1851=DIRECTION('',(0.0,1.0,0.0));
#1852=DIRECTION('',(1.0,0.0,0.0));
#1853=ADVANCED_FACE('',(#1854),#1860,.F.);
#1854=FACE_BOUND('',#1855,.T.);
#1855=EDGE_LOOP('',(#1856,#1857,#1858,#1859));
#1856=ORIENTED_EDGE('',*,*,#1842,.F.);
#1857=ORIENTED_EDGE('',*,*,#1791,.F.);
#1858=ORIENTED_EDGE('',*,*,#1769,.F.);
#1859=ORIENTED_EDGE('',*,*,#255,.F.);
#1860=PLANE('',#1861);
#1861=AXIS2_PLACEMENT_3D('',#1862,#1863,#1864);
#1862=CARTESIAN_POINT('',(1.47,-0.025,1.12));
#1863=DIRECTION('',(0.0,0.0,1.0));
#1864=DIRECTION('',(1.0,0.0,0.0));
#1865=ADVANCED_FACE('',(#1866),#1877,.T.);
#1866=FACE_BOUND('',#1867,.T.);
#1867=EDGE_LOOP('',(#1868,#1869,#1870,#1871));
#1868=ORIENTED_EDGE('',*,*,#948,.F.);
#1869=ORIENTED_EDGE('',*,*,#1761,.F.);
#1870=ORIENTED_EDGE('',*,*,#1380,.F.);
#1871=ORIENTED_EDGE('',*,*,#1872,.T.);
#1872=EDGE_CURVE('',#1373,#949,#1873,.T.);
#1873=LINE('',#1874,#1875);
#1874=CARTESIAN_POINT('',(-1.75,0.95,-1.75));
#1875=VECTOR('',#1876,1.0);
#1876=DIRECTION('',(0.0,0.0,1.0));
#1877=PLANE('',#1878);
#1878=AXIS2_PLACEMENT_3D('',#1879,#1880,#1881);
#1879=CARTESIAN_POINT('',(0.0,0.95,0.0));
#1880=DIRECTION('',(0.0,1.0,0.0));
#1881=DIRECTION('',(1.0,0.0,0.0));
#1882=ADVANCED_FACE('',(#1883),#2004,.T.);
#1883=FACE_BOUND('',#1884,.T.);
#1884=EDGE_LOOP('',(#1885,#1893,#1894,#1895,#1896,#1897,#1898,#1906,#1914,#1920,#1921,#1929,#1937,#1943,#1944,#1952,#1960,#1966,#1967,#1975,#1983,#1989,#1990,#1998));
#1885=ORIENTED_EDGE('',*,*,#1886,.T.);
#1886=EDGE_CURVE('',#1887,#346,#1889,.F.);
#1887=VERTEX_POINT('',#1888);
#1888=CARTESIAN_POINT('',(-1.75,0.175,1.12));
#1889=LINE('',#1890,#1891);
#1890=CARTESIAN_POINT('',(-1.75,0.0,1.12));
#1891=VECTOR('',#1892,1.0);
#1892=DIRECTION('',(0.0,1.0,0.0));
#1893=ORIENTED_EDGE('',*,*,#345,.F.);
#1894=ORIENTED_EDGE('',*,*,#956,.F.);
#1895=ORIENTED_EDGE('',*,*,#1872,.F.);
#1896=ORIENTED_EDGE('',*,*,#1372,.F.);
#1897=ORIENTED_EDGE('',*,*,#510,.F.);
#1898=ORIENTED_EDGE('',*,*,#1899,.T.);
#1899=EDGE_CURVE('',#503,#1900,#1902,.T.);
#1900=VERTEX_POINT('',#1901);
#1901=CARTESIAN_POINT('',(-1.75,0.175,-1.12));
#1902=LINE('',#1903,#1904);
#1903=CARTESIAN_POINT('',(-1.75,0.0,-1.12));
#1904=VECTOR('',#1905,1.0);
#1905=DIRECTION('',(0.0,1.0,0.0));
#1906=ORIENTED_EDGE('',*,*,#1907,.T.);
#1907=EDGE_CURVE('',#1900,#1908,#1910,.F.);
#1908=VERTEX_POINT('',#1909);
#1909=CARTESIAN_POINT('',(-1.75,0.175,-0.88));
#1910=LINE('',#1911,#1912);
#1911=CARTESIAN_POINT('',(-1.75,0.175,-0.88));
#1912=VECTOR('',#1913,1.0);
#1913=DIRECTION('',(0.0,0.0,-1.0));
#1914=ORIENTED_EDGE('',*,*,#1915,.T.);
#1915=EDGE_CURVE('',#1908,#478,#1916,.F.);
#1916=LINE('',#1917,#1918);
#1917=CARTESIAN_POINT('',(-1.75,0.0,-0.88));
#1918=VECTOR('',#1919,1.0);
#1919=DIRECTION('',(0.0,1.0,0.0));
#1920=ORIENTED_EDGE('',*,*,#477,.F.);
#1921=ORIENTED_EDGE('',*,*,#1922,.T.);
#1922=EDGE_CURVE('',#470,#1923,#1925,.T.);
#1923=VERTEX_POINT('',#1924);
#1924=CARTESIAN_POINT('',(-1.75,0.175,-0.62));
#1925=LINE('',#1926,#1927);
#1926=CARTESIAN_POINT('',(-1.75,0.0,-0.62));
#1927=VECTOR('',#1928,1.0);
#1928=DIRECTION('',(0.0,1.0,0.0));
#1929=ORIENTED_EDGE('',*,*,#1930,.T.);
#1930=EDGE_CURVE('',#1923,#1931,#1933,.F.);
#1931=VERTEX_POINT('',#1932);
#1932=CARTESIAN_POINT('',(-1.75,0.175,-0.38));
#1933=LINE('',#1934,#1935);
#1934=CARTESIAN_POINT('',(-1.75,0.175,-0.38));
#1935=VECTOR('',#1936,1.0);
#1936=DIRECTION('',(0.0,0.0,-1.0));
#1937=ORIENTED_EDGE('',*,*,#1938,.T.);
#1938=EDGE_CURVE('',#1931,#445,#1939,.F.);
#1939=LINE('',#1940,#1941);
#1940=CARTESIAN_POINT('',(-1.75,0.0,-0.38));
#1941=VECTOR('',#1942,1.0);
#1942=DIRECTION('',(0.0,1.0,0.0));
#1943=ORIENTED_EDGE('',*,*,#444,.F.);
#1944=ORIENTED_EDGE('',*,*,#1945,.T.);
#1945=EDGE_CURVE('',#437,#1946,#1948,.T.);
#1946=VERTEX_POINT('',#1947);
#1947=CARTESIAN_POINT('',(-1.75,0.175,-0.12));
#1948=LINE('',#1949,#1950);
#1949=CARTESIAN_POINT('',(-1.75,0.0,-0.12));
#1950=VECTOR('',#1951,1.0);
#1951=DIRECTION('',(0.0,1.0,0.0));
#1952=ORIENTED_EDGE('',*,*,#1953,.T.);
#1953=EDGE_CURVE('',#1946,#1954,#1956,.F.);
#1954=VERTEX_POINT('',#1955);
#1955=CARTESIAN_POINT('',(-1.75,0.175,0.12));
#1956=LINE('',#1957,#1958);
#1957=CARTESIAN_POINT('',(-1.75,0.175,0.12));
#1958=VECTOR('',#1959,1.0);
#1959=DIRECTION('',(0.0,0.0,-1.0));
#1960=ORIENTED_EDGE('',*,*,#1961,.T.);
#1961=EDGE_CURVE('',#1954,#412,#1962,.F.);
#1962=LINE('',#1963,#1964);
#1963=CARTESIAN_POINT('',(-1.75,0.0,0.12));
#1964=VECTOR('',#1965,1.0);
#1965=DIRECTION('',(0.0,1.0,0.0));
#1966=ORIENTED_EDGE('',*,*,#411,.F.);
#1967=ORIENTED_EDGE('',*,*,#1968,.T.);
#1968=EDGE_CURVE('',#404,#1969,#1971,.T.);
#1969=VERTEX_POINT('',#1970);
#1970=CARTESIAN_POINT('',(-1.75,0.175,0.38));
#1971=LINE('',#1972,#1973);
#1972=CARTESIAN_POINT('',(-1.75,0.0,0.38));
#1973=VECTOR('',#1974,1.0);
#1974=DIRECTION('',(0.0,1.0,0.0));
#1975=ORIENTED_EDGE('',*,*,#1976,.T.);
#1976=EDGE_CURVE('',#1969,#1977,#1979,.F.);
#1977=VERTEX_POINT('',#1978);
#1978=CARTESIAN_POINT('',(-1.75,0.175,0.62));
#1979=LINE('',#1980,#1981);
#1980=CARTESIAN_POINT('',(-1.75,0.175,0.62));
#1981=VECTOR('',#1982,1.0);
#1982=DIRECTION('',(0.0,0.0,-1.0));
#1983=ORIENTED_EDGE('',*,*,#1984,.T.);
#1984=EDGE_CURVE('',#1977,#379,#1985,.F.);
#1985=LINE('',#1986,#1987);
#1986=CARTESIAN_POINT('',(-1.75,0.0,0.62));
#1987=VECTOR('',#1988,1.0);
#1988=DIRECTION('',(0.0,1.0,0.0));
#1989=ORIENTED_EDGE('',*,*,#378,.F.);
#1990=ORIENTED_EDGE('',*,*,#1991,.T.);
#1991=EDGE_CURVE('',#371,#1992,#1994,.T.);
#1992=VERTEX_POINT('',#1993);
#1993=CARTESIAN_POINT('',(-1.75,0.175,0.88));
#1994=LINE('',#1995,#1996);
#1995=CARTESIAN_POINT('',(-1.75,0.0,0.88));
#1996=VECTOR('',#1997,1.0);
#1997=DIRECTION('',(0.0,1.0,0.0));
#1998=ORIENTED_EDGE('',*,*,#1999,.T.);
#1999=EDGE_CURVE('',#1992,#1887,#2000,.F.);
#2000=LINE('',#2001,#2002);
#2001=CARTESIAN_POINT('',(-1.75,0.175,1.12));
#2002=VECTOR('',#2003,1.0);
#2003=DIRECTION('',(0.0,0.0,-1.0));
#2004=PLANE('',#2005);
#2005=AXIS2_PLACEMENT_3D('',#2006,#2007,#2008);
#2006=CARTESIAN_POINT('',(-1.75,0.0,-1.75));
#2007=DIRECTION('',(-1.0,0.0,0.0));
#2008=DIRECTION('',(0.0,0.0,1.0));
#2009=ADVANCED_FACE('',(#2010),#2036,.T.);
#2010=FACE_BOUND('',#2011,.T.);
#2011=EDGE_LOOP('',(#2012,#2020,#2029,#2035));
#2012=ORIENTED_EDGE('',*,*,#2013,.T.);
#2013=EDGE_CURVE('',#1992,#2014,#2016,.T.);
#2014=VERTEX_POINT('',#2015);
#2015=CARTESIAN_POINT('',(-1.47,0.175,0.88));
#2016=LINE('',#2017,#2018);
#2017=CARTESIAN_POINT('',(-1.75,0.175,0.88));
#2018=VECTOR('',#2019,1.0);
#2019=DIRECTION('',(1.0,0.0,0.0));
#2020=ORIENTED_EDGE('',*,*,#2021,.T.);
#2021=EDGE_CURVE('',#2014,#2022,#2024,.T.);
#2022=VERTEX_POINT('',#2023);
#2023=CARTESIAN_POINT('',(-1.47,0.175,1.12));
#2024=CIRCLE('',#2025,0.12);
#2025=AXIS2_PLACEMENT_3D('',#2026,#2027,#2028);
#2026=CARTESIAN_POINT('',(-1.47,0.175,1.0));
#2027=DIRECTION('',(0.0,-1.0,0.0));
#2028=DIRECTION('',(0.0,0.0,-1.0));
#2029=ORIENTED_EDGE('',*,*,#2030,.T.);
#2030=EDGE_CURVE('',#2022,#1887,#2031,.T.);
#2031=LINE('',#2032,#2033);
#2032=CARTESIAN_POINT('',(-1.47,0.175,1.12));
#2033=VECTOR('',#2034,1.0);
#2034=DIRECTION('',(-1.0,0.0,0.0));
#2035=ORIENTED_EDGE('',*,*,#1999,.F.);
#2036=PLANE('',#2037);
#2037=AXIS2_PLACEMENT_3D('',#2038,#2039,#2040);
#2038=CARTESIAN_POINT('',(0.0,0.175,0.0));
#2039=DIRECTION('',(0.0,-1.0,0.0));
#2040=DIRECTION('',(-1.0,0.0,0.0));
#2041=ADVANCED_FACE('',(#2042),#2053,.T.);
#2042=FACE_BOUND('',#2043,.T.);
#2043=EDGE_LOOP('',(#2044,#2045,#2046,#2052));
#2044=ORIENTED_EDGE('',*,*,#1886,.F.);
#2045=ORIENTED_EDGE('',*,*,#2030,.F.);
#2046=ORIENTED_EDGE('',*,*,#2047,.T.);
#2047=EDGE_CURVE('',#2022,#354,#2048,.F.);
#2048=LINE('',#2049,#2050);
#2049=CARTESIAN_POINT('',(-1.47,0.0,1.12));
#2050=VECTOR('',#2051,1.0);
#2051=DIRECTION('',(0.0,1.0,0.0));
#2052=ORIENTED_EDGE('',*,*,#353,.F.);
#2053=PLANE('',#2054);
#2054=AXIS2_PLACEMENT_3D('',#2055,#2056,#2057);
#2055=CARTESIAN_POINT('',(-1.47,-0.025,1.12));
#2056=DIRECTION('',(0.0,0.0,-1.0));
#2057=DIRECTION('',(-1.0,0.0,0.0));
#2058=ADVANCED_FACE('',(#2059),#2070,.F.);
#2059=FACE_BOUND('',#2060,.T.);
#2060=EDGE_LOOP('',(#2061,#2062,#2063,#2069));
#2061=ORIENTED_EDGE('',*,*,#2047,.F.);
#2062=ORIENTED_EDGE('',*,*,#2021,.F.);
#2063=ORIENTED_EDGE('',*,*,#2064,.T.);
#2064=EDGE_CURVE('',#2014,#362,#2065,.F.);
#2065=LINE('',#2066,#2067);
#2066=CARTESIAN_POINT('',(-1.47,0.0,0.88));
#2067=VECTOR('',#2068,1.0);
#2068=DIRECTION('',(0.0,1.0,0.0));
#2069=ORIENTED_EDGE('',*,*,#361,.F.);
#2070=CYLINDRICAL_SURFACE('',#2071,0.12);
#2071=AXIS2_PLACEMENT_3D('',#2072,#2073,#2074);
#2072=CARTESIAN_POINT('',(-1.47,-0.025,1.0));
#2073=DIRECTION('',(0.0,-1.0,0.0));
#2074=DIRECTION('',(-1.0,0.0,0.0));
#2075=ADVANCED_FACE('',(#2076),#2082,.T.);
#2076=FACE_BOUND('',#2077,.T.);
#2077=EDGE_LOOP('',(#2078,#2079,#2080,#2081));
#2078=ORIENTED_EDGE('',*,*,#2064,.F.);
#2079=ORIENTED_EDGE('',*,*,#2013,.F.);
#2080=ORIENTED_EDGE('',*,*,#1991,.F.);
#2081=ORIENTED_EDGE('',*,*,#370,.F.);
#2082=PLANE('',#2083);
#2083=AXIS2_PLACEMENT_3D('',#2084,#2085,#2086);
#2084=CARTESIAN_POINT('',(-1.75,-0.025,0.88));
#2085=DIRECTION('',(0.0,0.0,1.0));
#2086=DIRECTION('',(1.0,0.0,0.0));
#2087=ADVANCED_FACE('',(#2088),#2106,.T.);
#2088=FACE_BOUND('',#2089,.T.);
#2089=EDGE_LOOP('',(#2090,#2091,#2099,#2105));
#2090=ORIENTED_EDGE('',*,*,#1984,.F.);
#2091=ORIENTED_EDGE('',*,*,#2092,.T.);
#2092=EDGE_CURVE('',#1977,#2093,#2095,.F.);
#2093=VERTEX_POINT('',#2094);
#2094=CARTESIAN_POINT('',(-1.47,0.175,0.62));
#2095=LINE('',#2096,#2097);
#2096=CARTESIAN_POINT('',(-1.47,0.175,0.62));
#2097=VECTOR('',#2098,1.0);
#2098=DIRECTION('',(-1.0,0.0,0.0));
#2099=ORIENTED_EDGE('',*,*,#2100,.T.);
#2100=EDGE_CURVE('',#2093,#387,#2101,.F.);
#2101=LINE('',#2102,#2103);
#2102=CARTESIAN_POINT('',(-1.47,0.0,0.62));
#2103=VECTOR('',#2104,1.0);
#2104=DIRECTION('',(0.0,1.0,0.0));
#2105=ORIENTED_EDGE('',*,*,#386,.F.);
#2106=PLANE('',#2107);
#2107=AXIS2_PLACEMENT_3D('',#2108,#2109,#2110);
#2108=CARTESIAN_POINT('',(-1.47,-0.025,0.62));
#2109=DIRECTION('',(0.0,0.0,-1.0));
#2110=DIRECTION('',(-1.0,0.0,0.0));
#2111=ADVANCED_FACE('',(#2112),#2131,.F.);
#2112=FACE_BOUND('',#2113,.T.);
#2113=EDGE_LOOP('',(#2114,#2115,#2124,#2130));
#2114=ORIENTED_EDGE('',*,*,#2100,.F.);
#2115=ORIENTED_EDGE('',*,*,#2116,.T.);
#2116=EDGE_CURVE('',#2093,#2117,#2119,.F.);
#2117=VERTEX_POINT('',#2118);
#2118=CARTESIAN_POINT('',(-1.47,0.175,0.38));
#2119=CIRCLE('',#2120,0.12);
#2120=AXIS2_PLACEMENT_3D('',#2121,#2122,#2123);
#2121=CARTESIAN_POINT('',(-1.47,0.175,0.5));
#2122=DIRECTION('',(0.0,-1.0,0.0));
#2123=DIRECTION('',(0.0,0.0,-1.0));
#2124=ORIENTED_EDGE('',*,*,#2125,.T.);
#2125=EDGE_CURVE('',#2117,#395,#2126,.F.);
#2126=LINE('',#2127,#2128);
#2127=CARTESIAN_POINT('',(-1.47,0.0,0.38));
#2128=VECTOR('',#2129,1.0);
#2129=DIRECTION('',(0.0,1.0,0.0));
#2130=ORIENTED_EDGE('',*,*,#394,.F.);
#2131=CYLINDRICAL_SURFACE('',#2132,0.12);
#2132=AXIS2_PLACEMENT_3D('',#2133,#2134,#2135);
#2133=CARTESIAN_POINT('',(-1.47,-0.025,0.5));
#2134=DIRECTION('',(0.0,-1.0,0.0));
#2135=DIRECTION('',(-1.0,0.0,0.0));
#2136=ADVANCED_FACE('',(#2137),#2148,.T.);
#2137=FACE_BOUND('',#2138,.T.);
#2138=EDGE_LOOP('',(#2139,#2140,#2146,#2147));
#2139=ORIENTED_EDGE('',*,*,#2125,.F.);
#2140=ORIENTED_EDGE('',*,*,#2141,.T.);
#2141=EDGE_CURVE('',#2117,#1969,#2142,.F.);
#2142=LINE('',#2143,#2144);
#2143=CARTESIAN_POINT('',(-1.75,0.175,0.38));
#2144=VECTOR('',#2145,1.0);
#2145=DIRECTION('',(1.0,0.0,0.0));
#2146=ORIENTED_EDGE('',*,*,#1968,.F.);
#2147=ORIENTED_EDGE('',*,*,#403,.F.);
#2148=PLANE('',#2149);
#2149=AXIS2_PLACEMENT_3D('',#2150,#2151,#2152);
#2150=CARTESIAN_POINT('',(-1.75,-0.025,0.38));
#2151=DIRECTION('',(0.0,0.0,1.0));
#2152=DIRECTION('',(1.0,0.0,0.0));
#2153=ADVANCED_FACE('',(#2154),#2160,.T.);
#2154=FACE_BOUND('',#2155,.T.);
#2155=EDGE_LOOP('',(#2156,#2157,#2158,#2159));
#2156=ORIENTED_EDGE('',*,*,#2141,.F.);
#2157=ORIENTED_EDGE('',*,*,#2116,.F.);
#2158=ORIENTED_EDGE('',*,*,#2092,.F.);
#2159=ORIENTED_EDGE('',*,*,#1976,.F.);
#2160=PLANE('',#2161);
#2161=AXIS2_PLACEMENT_3D('',#2162,#2163,#2164);
#2162=CARTESIAN_POINT('',(0.0,0.175,0.0));
#2163=DIRECTION('',(0.0,-1.0,0.0));
#2164=DIRECTION('',(-1.0,0.0,0.0));
#2165=ADVANCED_FACE('',(#2166),#2184,.T.);
#2166=FACE_BOUND('',#2167,.T.);
#2167=EDGE_LOOP('',(#2168,#2169,#2177,#2183));
#2168=ORIENTED_EDGE('',*,*,#1961,.F.);
#2169=ORIENTED_EDGE('',*,*,#2170,.T.);
#2170=EDGE_CURVE('',#1954,#2171,#2173,.F.);
#2171=VERTEX_POINT('',#2172);
#2172=CARTESIAN_POINT('',(-1.47,0.175,0.12));
#2173=LINE('',#2174,#2175);
#2174=CARTESIAN_POINT('',(-1.47,0.175,0.12));
#2175=VECTOR('',#2176,1.0);
#2176=DIRECTION('',(-1.0,0.0,0.0));
#2177=ORIENTED_EDGE('',*,*,#2178,.T.);
#2178=EDGE_CURVE('',#2171,#420,#2179,.F.);
#2179=LINE('',#2180,#2181);
#2180=CARTESIAN_POINT('',(-1.47,0.0,0.12));
#2181=VECTOR('',#2182,1.0);
#2182=DIRECTION('',(0.0,1.0,0.0));
#2183=ORIENTED_EDGE('',*,*,#419,.F.);
#2184=PLANE('',#2185);
#2185=AXIS2_PLACEMENT_3D('',#2186,#2187,#2188);
#2186=CARTESIAN_POINT('',(-1.47,-0.025,0.12));
#2187=DIRECTION('',(0.0,0.0,-1.0));
#2188=DIRECTION('',(-1.0,0.0,0.0));
#2189=ADVANCED_FACE('',(#2190),#2209,.F.);
#2190=FACE_BOUND('',#2191,.T.);
#2191=EDGE_LOOP('',(#2192,#2193,#2202,#2208));
#2192=ORIENTED_EDGE('',*,*,#2178,.F.);
#2193=ORIENTED_EDGE('',*,*,#2194,.T.);
#2194=EDGE_CURVE('',#2171,#2195,#2197,.F.);
#2195=VERTEX_POINT('',#2196);
#2196=CARTESIAN_POINT('',(-1.47,0.175,-0.12));
#2197=CIRCLE('',#2198,0.12);
#2198=AXIS2_PLACEMENT_3D('',#2199,#2200,#2201);
#2199=CARTESIAN_POINT('',(-1.47,0.175,0.0));
#2200=DIRECTION('',(0.0,-1.0,0.0));
#2201=DIRECTION('',(0.0,0.0,-1.0));
#2202=ORIENTED_EDGE('',*,*,#2203,.T.);
#2203=EDGE_CURVE('',#2195,#428,#2204,.F.);
#2204=LINE('',#2205,#2206);
#2205=CARTESIAN_POINT('',(-1.47,0.0,-0.12));
#2206=VECTOR('',#2207,1.0);
#2207=DIRECTION('',(0.0,1.0,0.0));
#2208=ORIENTED_EDGE('',*,*,#427,.F.);
#2209=CYLINDRICAL_SURFACE('',#2210,0.12);
#2210=AXIS2_PLACEMENT_3D('',#2211,#2212,#2213);
#2211=CARTESIAN_POINT('',(-1.47,-0.025,0.0));
#2212=DIRECTION('',(0.0,-1.0,0.0));
#2213=DIRECTION('',(-1.0,0.0,0.0));
#2214=ADVANCED_FACE('',(#2215),#2226,.T.);
#2215=FACE_BOUND('',#2216,.T.);
#2216=EDGE_LOOP('',(#2217,#2218,#2224,#2225));
#2217=ORIENTED_EDGE('',*,*,#2203,.F.);
#2218=ORIENTED_EDGE('',*,*,#2219,.T.);
#2219=EDGE_CURVE('',#2195,#1946,#2220,.F.);
#2220=LINE('',#2221,#2222);
#2221=CARTESIAN_POINT('',(-1.75,0.175,-0.12));
#2222=VECTOR('',#2223,1.0);
#2223=DIRECTION('',(1.0,0.0,0.0));
#2224=ORIENTED_EDGE('',*,*,#1945,.F.);
#2225=ORIENTED_EDGE('',*,*,#436,.F.);
#2226=PLANE('',#2227);
#2227=AXIS2_PLACEMENT_3D('',#2228,#2229,#2230);
#2228=CARTESIAN_POINT('',(-1.75,-0.025,-0.12));
#2229=DIRECTION('',(0.0,0.0,1.0));
#2230=DIRECTION('',(1.0,0.0,0.0));
#2231=ADVANCED_FACE('',(#2232),#2238,.T.);
#2232=FACE_BOUND('',#2233,.T.);
#2233=EDGE_LOOP('',(#2234,#2235,#2236,#2237));
#2234=ORIENTED_EDGE('',*,*,#2219,.F.);
#2235=ORIENTED_EDGE('',*,*,#2194,.F.);
#2236=ORIENTED_EDGE('',*,*,#2170,.F.);
#2237=ORIENTED_EDGE('',*,*,#1953,.F.);
#2238=PLANE('',#2239);
#2239=AXIS2_PLACEMENT_3D('',#2240,#2241,#2242);
#2240=CARTESIAN_POINT('',(0.0,0.175,0.0));
#2241=DIRECTION('',(0.0,-1.0,0.0));
#2242=DIRECTION('',(-1.0,0.0,0.0));
#2243=ADVANCED_FACE('',(#2244),#2262,.T.);
#2244=FACE_BOUND('',#2245,.T.);
#2245=EDGE_LOOP('',(#2246,#2247,#2255,#2261));
#2246=ORIENTED_EDGE('',*,*,#1938,.F.);
#2247=ORIENTED_EDGE('',*,*,#2248,.T.);
#2248=EDGE_CURVE('',#1931,#2249,#2251,.F.);
#2249=VERTEX_POINT('',#2250);
#2250=CARTESIAN_POINT('',(-1.47,0.175,-0.38));
#2251=LINE('',#2252,#2253);
#2252=CARTESIAN_POINT('',(-1.47,0.175,-0.38));
#2253=VECTOR('',#2254,1.0);
#2254=DIRECTION('',(-1.0,0.0,0.0));
#2255=ORIENTED_EDGE('',*,*,#2256,.T.);
#2256=EDGE_CURVE('',#2249,#453,#2257,.F.);
#2257=LINE('',#2258,#2259);
#2258=CARTESIAN_POINT('',(-1.47,0.0,-0.38));
#2259=VECTOR('',#2260,1.0);
#2260=DIRECTION('',(0.0,1.0,0.0));
#2261=ORIENTED_EDGE('',*,*,#452,.F.);
#2262=PLANE('',#2263);
#2263=AXIS2_PLACEMENT_3D('',#2264,#2265,#2266);
#2264=CARTESIAN_POINT('',(-1.47,-0.025,-0.38));
#2265=DIRECTION('',(0.0,0.0,-1.0));
#2266=DIRECTION('',(-1.0,0.0,0.0));
#2267=ADVANCED_FACE('',(#2268),#2287,.F.);
#2268=FACE_BOUND('',#2269,.T.);
#2269=EDGE_LOOP('',(#2270,#2271,#2280,#2286));
#2270=ORIENTED_EDGE('',*,*,#2256,.F.);
#2271=ORIENTED_EDGE('',*,*,#2272,.T.);
#2272=EDGE_CURVE('',#2249,#2273,#2275,.F.);
#2273=VERTEX_POINT('',#2274);
#2274=CARTESIAN_POINT('',(-1.47,0.175,-0.62));
#2275=CIRCLE('',#2276,0.12);
#2276=AXIS2_PLACEMENT_3D('',#2277,#2278,#2279);
#2277=CARTESIAN_POINT('',(-1.47,0.175,-0.5));
#2278=DIRECTION('',(0.0,-1.0,0.0));
#2279=DIRECTION('',(0.0,0.0,-1.0));
#2280=ORIENTED_EDGE('',*,*,#2281,.T.);
#2281=EDGE_CURVE('',#2273,#461,#2282,.F.);
#2282=LINE('',#2283,#2284);
#2283=CARTESIAN_POINT('',(-1.47,0.0,-0.62));
#2284=VECTOR('',#2285,1.0);
#2285=DIRECTION('',(0.0,1.0,0.0));
#2286=ORIENTED_EDGE('',*,*,#460,.F.);
#2287=CYLINDRICAL_SURFACE('',#2288,0.12);
#2288=AXIS2_PLACEMENT_3D('',#2289,#2290,#2291);
#2289=CARTESIAN_POINT('',(-1.47,-0.025,-0.5));
#2290=DIRECTION('',(0.0,-1.0,0.0));
#2291=DIRECTION('',(-1.0,0.0,0.0));
#2292=ADVANCED_FACE('',(#2293),#2304,.T.);
#2293=FACE_BOUND('',#2294,.T.);
#2294=EDGE_LOOP('',(#2295,#2296,#2302,#2303));
#2295=ORIENTED_EDGE('',*,*,#2281,.F.);
#2296=ORIENTED_EDGE('',*,*,#2297,.T.);
#2297=EDGE_CURVE('',#2273,#1923,#2298,.F.);
#2298=LINE('',#2299,#2300);
#2299=CARTESIAN_POINT('',(-1.75,0.175,-0.62));
#2300=VECTOR('',#2301,1.0);
#2301=DIRECTION('',(1.0,0.0,0.0));
#2302=ORIENTED_EDGE('',*,*,#1922,.F.);
#2303=ORIENTED_EDGE('',*,*,#469,.F.);
#2304=PLANE('',#2305);
#2305=AXIS2_PLACEMENT_3D('',#2306,#2307,#2308);
#2306=CARTESIAN_POINT('',(-1.75,-0.025,-0.62));
#2307=DIRECTION('',(0.0,0.0,1.0));
#2308=DIRECTION('',(1.0,0.0,0.0));
#2309=ADVANCED_FACE('',(#2310),#2316,.T.);
#2310=FACE_BOUND('',#2311,.T.);
#2311=EDGE_LOOP('',(#2312,#2313,#2314,#2315));
#2312=ORIENTED_EDGE('',*,*,#2297,.F.);
#2313=ORIENTED_EDGE('',*,*,#2272,.F.);
#2314=ORIENTED_EDGE('',*,*,#2248,.F.);
#2315=ORIENTED_EDGE('',*,*,#1930,.F.);
#2316=PLANE('',#2317);
#2317=AXIS2_PLACEMENT_3D('',#2318,#2319,#2320);
#2318=CARTESIAN_POINT('',(0.0,0.175,0.0));
#2319=DIRECTION('',(0.0,-1.0,0.0));
#2320=DIRECTION('',(-1.0,0.0,0.0));
#2321=ADVANCED_FACE('',(#2322),#2340,.T.);
#2322=FACE_BOUND('',#2323,.T.);
#2323=EDGE_LOOP('',(#2324,#2325,#2333,#2339));
#2324=ORIENTED_EDGE('',*,*,#1915,.F.);
#2325=ORIENTED_EDGE('',*,*,#2326,.T.);
#2326=EDGE_CURVE('',#1908,#2327,#2329,.F.);
#2327=VERTEX_POINT('',#2328);
#2328=CARTESIAN_POINT('',(-1.47,0.175,-0.88));
#2329=LINE('',#2330,#2331);
#2330=CARTESIAN_POINT('',(-1.47,0.175,-0.88));
#2331=VECTOR('',#2332,1.0);
#2332=DIRECTION('',(-1.0,0.0,0.0));
#2333=ORIENTED_EDGE('',*,*,#2334,.T.);
#2334=EDGE_CURVE('',#2327,#486,#2335,.F.);
#2335=LINE('',#2336,#2337);
#2336=CARTESIAN_POINT('',(-1.47,0.0,-0.88));
#2337=VECTOR('',#2338,1.0);
#2338=DIRECTION('',(0.0,1.0,0.0));
#2339=ORIENTED_EDGE('',*,*,#485,.F.);
#2340=PLANE('',#2341);
#2341=AXIS2_PLACEMENT_3D('',#2342,#2343,#2344);
#2342=CARTESIAN_POINT('',(-1.47,-0.025,-0.88));
#2343=DIRECTION('',(0.0,0.0,-1.0));
#2344=DIRECTION('',(-1.0,0.0,0.0));
#2345=ADVANCED_FACE('',(#2346),#2365,.F.);
#2346=FACE_BOUND('',#2347,.T.);
#2347=EDGE_LOOP('',(#2348,#2349,#2358,#2364));
#2348=ORIENTED_EDGE('',*,*,#2334,.F.);
#2349=ORIENTED_EDGE('',*,*,#2350,.T.);
#2350=EDGE_CURVE('',#2327,#2351,#2353,.F.);
#2351=VERTEX_POINT('',#2352);
#2352=CARTESIAN_POINT('',(-1.47,0.175,-1.12));
#2353=CIRCLE('',#2354,0.12);
#2354=AXIS2_PLACEMENT_3D('',#2355,#2356,#2357);
#2355=CARTESIAN_POINT('',(-1.47,0.175,-1.0));
#2356=DIRECTION('',(0.0,-1.0,0.0));
#2357=DIRECTION('',(1.295260195E-14,0.0,-1.0));
#2358=ORIENTED_EDGE('',*,*,#2359,.T.);
#2359=EDGE_CURVE('',#2351,#494,#2360,.F.);
#2360=LINE('',#2361,#2362);
#2361=CARTESIAN_POINT('',(-1.47,0.0,-1.12));
#2362=VECTOR('',#2363,1.0);
#2363=DIRECTION('',(0.0,1.0,0.0));
#2364=ORIENTED_EDGE('',*,*,#493,.F.);
#2365=CYLINDRICAL_SURFACE('',#2366,0.12);
#2366=AXIS2_PLACEMENT_3D('',#2367,#2368,#2369);
#2367=CARTESIAN_POINT('',(-1.47,-0.025,-1.0));
#2368=DIRECTION('',(0.0,-1.0,0.0));
#2369=DIRECTION('',(-1.0,0.0,0.0));
#2370=ADVANCED_FACE('',(#2371),#2382,.T.);
#2371=FACE_BOUND('',#2372,.T.);
#2372=EDGE_LOOP('',(#2373,#2374,#2380,#2381));
#2373=ORIENTED_EDGE('',*,*,#2359,.F.);
#2374=ORIENTED_EDGE('',*,*,#2375,.T.);
#2375=EDGE_CURVE('',#2351,#1900,#2376,.F.);
#2376=LINE('',#2377,#2378);
#2377=CARTESIAN_POINT('',(-1.75,0.175,-1.12));
#2378=VECTOR('',#2379,1.0);
#2379=DIRECTION('',(1.0,0.0,0.0));
#2380=ORIENTED_EDGE('',*,*,#1899,.F.);
#2381=ORIENTED_EDGE('',*,*,#502,.F.);
#2382=PLANE('',#2383);
#2383=AXIS2_PLACEMENT_3D('',#2384,#2385,#2386);
#2384=CARTESIAN_POINT('',(-1.75,-0.025,-1.12));
#2385=DIRECTION('',(0.0,0.0,1.0));
#2386=DIRECTION('',(1.0,0.0,0.0));
#2387=ADVANCED_FACE('',(#2388),#2394,.T.);
#2388=FACE_BOUND('',#2389,.T.);
#2389=EDGE_LOOP('',(#2390,#2391,#2392,#2393));
#2390=ORIENTED_EDGE('',*,*,#2375,.F.);
#2391=ORIENTED_EDGE('',*,*,#2350,.F.);
#2392=ORIENTED_EDGE('',*,*,#2326,.F.);
#2393=ORIENTED_EDGE('',*,*,#1907,.F.);
#2394=PLANE('',#2395);
#2395=AXIS2_PLACEMENT_3D('',#2396,#2397,#2398);
#2396=CARTESIAN_POINT('',(0.0,0.175,0.0));
#2397=DIRECTION('',(0.0,-1.0,0.0));
#2398=DIRECTION('',(-1.0,0.0,0.0));
#2399=ADVANCED_FACE('',(#2400),#2418,.F.);
#2400=FACE_BOUND('',#2401,.T.);
#2401=EDGE_LOOP('',(#2402,#2403,#2411,#2417));
#2402=ORIENTED_EDGE('',*,*,#1753,.F.);
#2403=ORIENTED_EDGE('',*,*,#2404,.T.);
#2404=EDGE_CURVE('',#1746,#2405,#2407,.T.);
#2405=VERTEX_POINT('',#2406);
#2406=CARTESIAN_POINT('',(1.47,0.175,-1.12));
#2407=LINE('',#2408,#2409);
#2408=CARTESIAN_POINT('',(1.75,0.175,-1.12));
#2409=VECTOR('',#2410,1.0);
#2410=DIRECTION('',(-1.0,0.0,0.0));
#2411=ORIENTED_EDGE('',*,*,#2412,.T.);
#2412=EDGE_CURVE('',#2405,#107,#2413,.F.);
#2413=LINE('',#2414,#2415);
#2414=CARTESIAN_POINT('',(1.47,0.0,-1.12));
#2415=VECTOR('',#2416,1.0);
#2416=DIRECTION('',(0.0,1.0,0.0));
#2417=ORIENTED_EDGE('',*,*,#106,.F.);
#2418=PLANE('',#2419);
#2419=AXIS2_PLACEMENT_3D('',#2420,#2421,#2422);
#2420=CARTESIAN_POINT('',(1.75,-0.025,-1.12));
#2421=DIRECTION('',(0.0,0.0,-1.0));
#2422=DIRECTION('',(-1.0,0.0,0.0));
#2423=ADVANCED_FACE('',(#2424),#2443,.F.);
#2424=FACE_BOUND('',#2425,.T.);
#2425=EDGE_LOOP('',(#2426,#2427,#2436,#2442));
#2426=ORIENTED_EDGE('',*,*,#2412,.F.);
#2427=ORIENTED_EDGE('',*,*,#2428,.T.);
#2428=EDGE_CURVE('',#2405,#2429,#2431,.T.);
#2429=VERTEX_POINT('',#2430);
#2430=CARTESIAN_POINT('',(1.47,0.175,-0.88));
#2431=CIRCLE('',#2432,0.12);
#2432=AXIS2_PLACEMENT_3D('',#2433,#2434,#2435);
#2433=CARTESIAN_POINT('',(1.47,0.175,-1.0));
#2434=DIRECTION('',(0.0,1.0,0.0));
#2435=DIRECTION('',(1.480297366E-14,0.0,-1.0));
#2436=ORIENTED_EDGE('',*,*,#2437,.T.);
#2437=EDGE_CURVE('',#2429,#115,#2438,.F.);
#2438=LINE('',#2439,#2440);
#2439=CARTESIAN_POINT('',(1.47,0.0,-0.88));
#2440=VECTOR('',#2441,1.0);
#2441=DIRECTION('',(0.0,1.0,0.0));
#2442=ORIENTED_EDGE('',*,*,#114,.F.);
#2443=CYLINDRICAL_SURFACE('',#2444,0.12);
#2444=AXIS2_PLACEMENT_3D('',#2445,#2446,#2447);
#2445=CARTESIAN_POINT('',(1.47,-0.025,-1.0));
#2446=DIRECTION('',(0.0,1.0,0.0));
#2447=DIRECTION('',(1.0,0.0,0.0));
#2448=ADVANCED_FACE('',(#2449),#2460,.F.);
#2449=FACE_BOUND('',#2450,.T.);
#2450=EDGE_LOOP('',(#2451,#2452,#2458,#2459));
#2451=ORIENTED_EDGE('',*,*,#2437,.F.);
#2452=ORIENTED_EDGE('',*,*,#2453,.T.);
#2453=EDGE_CURVE('',#2429,#1738,#2454,.T.);
#2454=LINE('',#2455,#2456);
#2455=CARTESIAN_POINT('',(1.47,0.175,-0.88));
#2456=VECTOR('',#2457,1.0);
#2457=DIRECTION('',(1.0,0.0,0.0));
#2458=ORIENTED_EDGE('',*,*,#1737,.F.);
#2459=ORIENTED_EDGE('',*,*,#123,.F.);
#2460=PLANE('',#2461);
#2461=AXIS2_PLACEMENT_3D('',#2462,#2463,#2464);
#2462=CARTESIAN_POINT('',(1.47,-0.025,-0.88));
#2463=DIRECTION('',(0.0,0.0,1.0));
#2464=DIRECTION('',(1.0,0.0,0.0));
#2465=ADVANCED_FACE('',(#2466),#2472,.F.);
#2466=FACE_BOUND('',#2467,.T.);
#2467=EDGE_LOOP('',(#2468,#2469,#2470,#2471));
#2468=ORIENTED_EDGE('',*,*,#2453,.F.);
#2469=ORIENTED_EDGE('',*,*,#2428,.F.);
#2470=ORIENTED_EDGE('',*,*,#2404,.F.);
#2471=ORIENTED_EDGE('',*,*,#1745,.F.);
#2472=PLANE('',#2473);
#2473=AXIS2_PLACEMENT_3D('',#2474,#2475,#2476);
#2474=CARTESIAN_POINT('',(0.0,0.175,0.0));
#2475=DIRECTION('',(0.0,1.0,0.0));
#2476=DIRECTION('',(1.0,0.0,0.0));
#2477=ADVANCED_FACE('',(#2478),#2496,.F.);
#2478=FACE_BOUND('',#2479,.T.);
#2479=EDGE_LOOP('',(#2480,#2481,#2489,#2495));
#2480=ORIENTED_EDGE('',*,*,#1730,.F.);
#2481=ORIENTED_EDGE('',*,*,#2482,.T.);
#2482=EDGE_CURVE('',#1723,#2483,#2485,.T.);
#2483=VERTEX_POINT('',#2484);
#2484=CARTESIAN_POINT('',(1.47,0.175,-0.62));
#2485=LINE('',#2486,#2487);
#2486=CARTESIAN_POINT('',(1.75,0.175,-0.62));
#2487=VECTOR('',#2488,1.0);
#2488=DIRECTION('',(-1.0,0.0,0.0));
#2489=ORIENTED_EDGE('',*,*,#2490,.T.);
#2490=EDGE_CURVE('',#2483,#140,#2491,.F.);
#2491=LINE('',#2492,#2493);
#2492=CARTESIAN_POINT('',(1.47,0.0,-0.62));
#2493=VECTOR('',#2494,1.0);
#2494=DIRECTION('',(0.0,1.0,0.0));
#2495=ORIENTED_EDGE('',*,*,#139,.F.);
#2496=PLANE('',#2497);
#2497=AXIS2_PLACEMENT_3D('',#2498,#2499,#2500);
#2498=CARTESIAN_POINT('',(1.75,-0.025,-0.62));
#2499=DIRECTION('',(0.0,0.0,-1.0));
#2500=DIRECTION('',(-1.0,0.0,0.0));
#2501=ADVANCED_FACE('',(#2502),#2521,.F.);
#2502=FACE_BOUND('',#2503,.T.);
#2503=EDGE_LOOP('',(#2504,#2505,#2514,#2520));
#2504=ORIENTED_EDGE('',*,*,#2490,.F.);
#2505=ORIENTED_EDGE('',*,*,#2506,.T.);
#2506=EDGE_CURVE('',#2483,#2507,#2509,.T.);
#2507=VERTEX_POINT('',#2508);
#2508=CARTESIAN_POINT('',(1.47,0.175,-0.38));
#2509=CIRCLE('',#2510,0.12);
#2510=AXIS2_PLACEMENT_3D('',#2511,#2512,#2513);
#2511=CARTESIAN_POINT('',(1.47,0.175,-0.5));
#2512=DIRECTION('',(0.0,1.0,0.0));
#2513=DIRECTION('',(0.0,0.0,-1.0));
#2514=ORIENTED_EDGE('',*,*,#2515,.T.);
#2515=EDGE_CURVE('',#2507,#148,#2516,.F.);
#2516=LINE('',#2517,#2518);
#2517=CARTESIAN_POINT('',(1.47,0.0,-0.38));
#2518=VECTOR('',#2519,1.0);
#2519=DIRECTION('',(0.0,1.0,0.0));
#2520=ORIENTED_EDGE('',*,*,#147,.F.);
#2521=CYLINDRICAL_SURFACE('',#2522,0.12);
#2522=AXIS2_PLACEMENT_3D('',#2523,#2524,#2525);
#2523=CARTESIAN_POINT('',(1.47,-0.025,-0.5));
#2524=DIRECTION('',(0.0,1.0,0.0));
#2525=DIRECTION('',(1.0,0.0,0.0));
#2526=ADVANCED_FACE('',(#2527),#2538,.F.);
#2527=FACE_BOUND('',#2528,.T.);
#2528=EDGE_LOOP('',(#2529,#2530,#2536,#2537));
#2529=ORIENTED_EDGE('',*,*,#2515,.F.);
#2530=ORIENTED_EDGE('',*,*,#2531,.T.);
#2531=EDGE_CURVE('',#2507,#1715,#2532,.T.);
#2532=LINE('',#2533,#2534);
#2533=CARTESIAN_POINT('',(1.47,0.175,-0.38));
#2534=VECTOR('',#2535,1.0);
#2535=DIRECTION('',(1.0,0.0,0.0));
#2536=ORIENTED_EDGE('',*,*,#1714,.F.);
#2537=ORIENTED_EDGE('',*,*,#156,.F.);
#2538=PLANE('',#2539);
#2539=AXIS2_PLACEMENT_3D('',#2540,#2541,#2542);
#2540=CARTESIAN_POINT('',(1.47,-0.025,-0.38));
#2541=DIRECTION('',(0.0,0.0,1.0));
#2542=DIRECTION('',(1.0,0.0,0.0));
#2543=ADVANCED_FACE('',(#2544),#2550,.F.);
#2544=FACE_BOUND('',#2545,.T.);
#2545=EDGE_LOOP('',(#2546,#2547,#2548,#2549));
#2546=ORIENTED_EDGE('',*,*,#2531,.F.);
#2547=ORIENTED_EDGE('',*,*,#2506,.F.);
#2548=ORIENTED_EDGE('',*,*,#2482,.F.);
#2549=ORIENTED_EDGE('',*,*,#1722,.F.);
#2550=PLANE('',#2551);
#2551=AXIS2_PLACEMENT_3D('',#2552,#2553,#2554);
#2552=CARTESIAN_POINT('',(0.0,0.175,0.0));
#2553=DIRECTION('',(0.0,1.0,0.0));
#2554=DIRECTION('',(1.0,0.0,0.0));
#2555=ADVANCED_FACE('',(#2556),#2574,.F.);
#2556=FACE_BOUND('',#2557,.T.);
#2557=EDGE_LOOP('',(#2558,#2559,#2567,#2573));
#2558=ORIENTED_EDGE('',*,*,#1707,.F.);
#2559=ORIENTED_EDGE('',*,*,#2560,.T.);
#2560=EDGE_CURVE('',#1700,#2561,#2563,.T.);
#2561=VERTEX_POINT('',#2562);
#2562=CARTESIAN_POINT('',(1.47,0.175,-0.12));
#2563=LINE('',#2564,#2565);
#2564=CARTESIAN_POINT('',(1.75,0.175,-0.12));
#2565=VECTOR('',#2566,1.0);
#2566=DIRECTION('',(-1.0,0.0,0.0));
#2567=ORIENTED_EDGE('',*,*,#2568,.T.);
#2568=EDGE_CURVE('',#2561,#173,#2569,.F.);
#2569=LINE('',#2570,#2571);
#2570=CARTESIAN_POINT('',(1.47,0.0,-0.12));
#2571=VECTOR('',#2572,1.0);
#2572=DIRECTION('',(0.0,1.0,0.0));
#2573=ORIENTED_EDGE('',*,*,#172,.F.);
#2574=PLANE('',#2575);
#2575=AXIS2_PLACEMENT_3D('',#2576,#2577,#2578);
#2576=CARTESIAN_POINT('',(1.75,-0.025,-0.12));
#2577=DIRECTION('',(0.0,0.0,-1.0));
#2578=DIRECTION('',(-1.0,0.0,0.0));
#2579=ADVANCED_FACE('',(#2580),#2599,.F.);
#2580=FACE_BOUND('',#2581,.T.);
#2581=EDGE_LOOP('',(#2582,#2583,#2592,#2598));
#2582=ORIENTED_EDGE('',*,*,#2568,.F.);
#2583=ORIENTED_EDGE('',*,*,#2584,.T.);
#2584=EDGE_CURVE('',#2561,#2585,#2587,.T.);
#2585=VERTEX_POINT('',#2586);
#2586=CARTESIAN_POINT('',(1.47,0.175,0.12));
#2587=CIRCLE('',#2588,0.12);
#2588=AXIS2_PLACEMENT_3D('',#2589,#2590,#2591);
#2589=CARTESIAN_POINT('',(1.47,0.175,0.0));
#2590=DIRECTION('',(0.0,1.0,0.0));
#2591=DIRECTION('',(0.0,0.0,-1.0));
#2592=ORIENTED_EDGE('',*,*,#2593,.T.);
#2593=EDGE_CURVE('',#2585,#181,#2594,.F.);
#2594=LINE('',#2595,#2596);
#2595=CARTESIAN_POINT('',(1.47,0.0,0.12));
#2596=VECTOR('',#2597,1.0);
#2597=DIRECTION('',(0.0,1.0,0.0));
#2598=ORIENTED_EDGE('',*,*,#180,.F.);
#2599=CYLINDRICAL_SURFACE('',#2600,0.12);
#2600=AXIS2_PLACEMENT_3D('',#2601,#2602,#2603);
#2601=CARTESIAN_POINT('',(1.47,-0.025,0.0));
#2602=DIRECTION('',(0.0,1.0,0.0));
#2603=DIRECTION('',(1.0,0.0,0.0));
#2604=ADVANCED_FACE('',(#2605),#2616,.F.);
#2605=FACE_BOUND('',#2606,.T.);
#2606=EDGE_LOOP('',(#2607,#2608,#2614,#2615));
#2607=ORIENTED_EDGE('',*,*,#2593,.F.);
#2608=ORIENTED_EDGE('',*,*,#2609,.T.);
#2609=EDGE_CURVE('',#2585,#1692,#2610,.T.);
#2610=LINE('',#2611,#2612);
#2611=CARTESIAN_POINT('',(1.47,0.175,0.12));
#2612=VECTOR('',#2613,1.0);
#2613=DIRECTION('',(1.0,0.0,0.0));
#2614=ORIENTED_EDGE('',*,*,#1691,.F.);
#2615=ORIENTED_EDGE('',*,*,#189,.F.);
#2616=PLANE('',#2617);
#2617=AXIS2_PLACEMENT_3D('',#2618,#2619,#2620);
#2618=CARTESIAN_POINT('',(1.47,-0.025,0.12));
#2619=DIRECTION('',(0.0,0.0,1.0));
#2620=DIRECTION('',(1.0,0.0,0.0));
#2621=ADVANCED_FACE('',(#2622),#2628,.F.);
#2622=FACE_BOUND('',#2623,.T.);
#2623=EDGE_LOOP('',(#2624,#2625,#2626,#2627));
#2624=ORIENTED_EDGE('',*,*,#2609,.F.);
#2625=ORIENTED_EDGE('',*,*,#2584,.F.);
#2626=ORIENTED_EDGE('',*,*,#2560,.F.);
#2627=ORIENTED_EDGE('',*,*,#1699,.F.);
#2628=PLANE('',#2629);
#2629=AXIS2_PLACEMENT_3D('',#2630,#2631,#2632);
#2630=CARTESIAN_POINT('',(0.0,0.175,0.0));
#2631=DIRECTION('',(0.0,1.0,0.0));
#2632=DIRECTION('',(1.0,0.0,0.0));
#2633=ADVANCED_FACE('',(#2634),#2652,.F.);
#2634=FACE_BOUND('',#2635,.T.);
#2635=EDGE_LOOP('',(#2636,#2637,#2645,#2651));
#2636=ORIENTED_EDGE('',*,*,#1684,.F.);
#2637=ORIENTED_EDGE('',*,*,#2638,.T.);
#2638=EDGE_CURVE('',#1677,#2639,#2641,.T.);
#2639=VERTEX_POINT('',#2640);
#2640=CARTESIAN_POINT('',(1.47,0.175,0.38));
#2641=LINE('',#2642,#2643);
#2642=CARTESIAN_POINT('',(1.75,0.175,0.38));
#2643=VECTOR('',#2644,1.0);
#2644=DIRECTION('',(-1.0,0.0,0.0));
#2645=ORIENTED_EDGE('',*,*,#2646,.T.);
#2646=EDGE_CURVE('',#2639,#206,#2647,.F.);
#2647=LINE('',#2648,#2649);
#2648=CARTESIAN_POINT('',(1.47,0.0,0.38));
#2649=VECTOR('',#2650,1.0);
#2650=DIRECTION('',(0.0,1.0,0.0));
#2651=ORIENTED_EDGE('',*,*,#205,.F.);
#2652=PLANE('',#2653);
#2653=AXIS2_PLACEMENT_3D('',#2654,#2655,#2656);
#2654=CARTESIAN_POINT('',(1.75,-0.025,0.38));
#2655=DIRECTION('',(0.0,0.0,-1.0));
#2656=DIRECTION('',(-1.0,0.0,0.0));
#2657=ADVANCED_FACE('',(#2658),#2677,.F.);
#2658=FACE_BOUND('',#2659,.T.);
#2659=EDGE_LOOP('',(#2660,#2661,#2670,#2676));
#2660=ORIENTED_EDGE('',*,*,#2646,.F.);
#2661=ORIENTED_EDGE('',*,*,#2662,.T.);
#2662=EDGE_CURVE('',#2639,#2663,#2665,.T.);
#2663=VERTEX_POINT('',#2664);
#2664=CARTESIAN_POINT('',(1.47,0.175,0.62));
#2665=CIRCLE('',#2666,0.12);
#2666=AXIS2_PLACEMENT_3D('',#2667,#2668,#2669);
#2667=CARTESIAN_POINT('',(1.47,0.175,0.5));
#2668=DIRECTION('',(0.0,1.0,0.0));
#2669=DIRECTION('',(0.0,0.0,-1.0));
#2670=ORIENTED_EDGE('',*,*,#2671,.T.);
#2671=EDGE_CURVE('',#2663,#214,#2672,.F.);
#2672=LINE('',#2673,#2674);
#2673=CARTESIAN_POINT('',(1.47,0.0,0.62));
#2674=VECTOR('',#2675,1.0);
#2675=DIRECTION('',(0.0,1.0,0.0));
#2676=ORIENTED_EDGE('',*,*,#213,.F.);
#2677=CYLINDRICAL_SURFACE('',#2678,0.12);
#2678=AXIS2_PLACEMENT_3D('',#2679,#2680,#2681);
#2679=CARTESIAN_POINT('',(1.47,-0.025,0.5));
#2680=DIRECTION('',(0.0,1.0,0.0));
#2681=DIRECTION('',(1.0,0.0,0.0));
#2682=ADVANCED_FACE('',(#2683),#2694,.F.);
#2683=FACE_BOUND('',#2684,.T.);
#2684=EDGE_LOOP('',(#2685,#2686,#2692,#2693));
#2685=ORIENTED_EDGE('',*,*,#2671,.F.);
#2686=ORIENTED_EDGE('',*,*,#2687,.T.);
#2687=EDGE_CURVE('',#2663,#1669,#2688,.T.);
#2688=LINE('',#2689,#2690);
#2689=CARTESIAN_POINT('',(1.47,0.175,0.62));
#2690=VECTOR('',#2691,1.0);
#2691=DIRECTION('',(1.0,0.0,0.0));
#2692=ORIENTED_EDGE('',*,*,#1668,.F.);
#2693=ORIENTED_EDGE('',*,*,#222,.F.);
#2694=PLANE('',#2695);
#2695=AXIS2_PLACEMENT_3D('',#2696,#2697,#2698);
#2696=CARTESIAN_POINT('',(1.47,-0.025,0.62));
#2697=DIRECTION('',(0.0,0.0,1.0));
#2698=DIRECTION('',(1.0,0.0,0.0));
#2699=ADVANCED_FACE('',(#2700),#2706,.F.);
#2700=FACE_BOUND('',#2701,.T.);
#2701=EDGE_LOOP('',(#2702,#2703,#2704,#2705));
#2702=ORIENTED_EDGE('',*,*,#2687,.F.);
#2703=ORIENTED_EDGE('',*,*,#2662,.F.);
#2704=ORIENTED_EDGE('',*,*,#2638,.F.);
#2705=ORIENTED_EDGE('',*,*,#1676,.F.);
#2706=PLANE('',#2707);
#2707=AXIS2_PLACEMENT_3D('',#2708,#2709,#2710);
#2708=CARTESIAN_POINT('',(0.0,0.175,0.0));
#2709=DIRECTION('',(0.0,1.0,0.0));
#2710=DIRECTION('',(1.0,0.0,0.0));
#2711=ADVANCED_FACE('',(#2712),#2718,.F.);
#2712=FACE_BOUND('',#2713,.T.);
#2713=EDGE_LOOP('',(#2714,#2715,#2716,#2717));
#2714=ORIENTED_EDGE('',*,*,#1303,.F.);
#2715=ORIENTED_EDGE('',*,*,#1150,.F.);
#2716=ORIENTED_EDGE('',*,*,#1084,.F.);
#2717=ORIENTED_EDGE('',*,*,#840,.F.);
#2718=PLANE('',#2719);
#2719=AXIS2_PLACEMENT_3D('',#2720,#2721,#2722);
#2720=CARTESIAN_POINT('',(-1.125,0.075,-1.125));
#2721=DIRECTION('',(-1.0,0.0,0.0));
#2722=DIRECTION('',(0.0,0.0,1.0));
#2723=ADVANCED_FACE('',(#2724),#2750,.T.);
#2724=FACE_BOUND('',#2725,.T.);
#2725=EDGE_LOOP('',(#2726,#2734,#2743,#2749));
#2726=ORIENTED_EDGE('',*,*,#2727,.T.);
#2727=EDGE_CURVE('',#964,#2728,#2730,.T.);
#2728=VERTEX_POINT('',#2729);
#2729=CARTESIAN_POINT('',(-0.87,0.175,1.47));
#2730=LINE('',#2731,#2732);
#2731=CARTESIAN_POINT('',(-0.87,0.175,1.75));
#2732=VECTOR('',#2733,1.0);
#2733=DIRECTION('',(0.0,0.0,-1.0));
#2734=ORIENTED_EDGE('',*,*,#2735,.T.);
#2735=EDGE_CURVE('',#2728,#2736,#2738,.T.);
#2736=VERTEX_POINT('',#2737);
#2737=CARTESIAN_POINT('',(-0.63,0.175,1.47));
#2738=CIRCLE('',#2739,0.12);
#2739=AXIS2_PLACEMENT_3D('',#2740,#2741,#2742);
#2740=CARTESIAN_POINT('',(-0.75,0.175,1.47));
#2741=DIRECTION('',(0.0,-1.0,0.0));
#2742=DIRECTION('',(-1.0,0.0,0.0));
#2743=ORIENTED_EDGE('',*,*,#2744,.T.);
#2744=EDGE_CURVE('',#2736,#909,#2745,.T.);
#2745=LINE('',#2746,#2747);
#2746=CARTESIAN_POINT('',(-0.63,0.175,1.47));
#2747=VECTOR('',#2748,1.0);
#2748=DIRECTION('',(0.0,0.0,1.0));
#2749=ORIENTED_EDGE('',*,*,#971,.F.);
#2750=PLANE('',#2751);
#2751=AXIS2_PLACEMENT_3D('',#2752,#2753,#2754);
#2752=CARTESIAN_POINT('',(0.0,0.175,0.0));
#2753=DIRECTION('',(0.0,-1.0,0.0));
#2754=DIRECTION('',(1.0,0.0,0.0));
#2755=ADVANCED_FACE('',(#2756),#2767,.T.);
#2756=FACE_BOUND('',#2757,.T.);
#2757=EDGE_LOOP('',(#2758,#2759,#2760,#2766));
#2758=ORIENTED_EDGE('',*,*,#908,.F.);
#2759=ORIENTED_EDGE('',*,*,#2744,.F.);
#2760=ORIENTED_EDGE('',*,*,#2761,.T.);
#2761=EDGE_CURVE('',#2736,#313,#2762,.F.);
#2762=LINE('',#2763,#2764);
#2763=CARTESIAN_POINT('',(-0.63,0.0,1.47));
#2764=VECTOR('',#2765,1.0);
#2765=DIRECTION('',(0.0,1.0,0.0));
#2766=ORIENTED_EDGE('',*,*,#312,.F.);
#2767=PLANE('',#2768);
#2768=AXIS2_PLACEMENT_3D('',#2769,#2770,#2771);
#2769=CARTESIAN_POINT('',(-0.63,-0.025,1.47));
#2770=DIRECTION('',(-1.0,0.0,0.0));
#2771=DIRECTION('',(0.0,0.0,1.0));
#2772=ADVANCED_FACE('',(#2773),#2784,.F.);
#2773=FACE_BOUND('',#2774,.T.);
#2774=EDGE_LOOP('',(#2775,#2776,#2777,#2783));
#2775=ORIENTED_EDGE('',*,*,#2761,.F.);
#2776=ORIENTED_EDGE('',*,*,#2735,.F.);
#2777=ORIENTED_EDGE('',*,*,#2778,.T.);
#2778=EDGE_CURVE('',#2728,#321,#2779,.F.);
#2779=LINE('',#2780,#2781);
#2780=CARTESIAN_POINT('',(-0.87,0.0,1.47));
#2781=VECTOR('',#2782,1.0);
#2782=DIRECTION('',(0.0,1.0,0.0));
#2783=ORIENTED_EDGE('',*,*,#320,.F.);
#2784=CYLINDRICAL_SURFACE('',#2785,0.12);
#2785=AXIS2_PLACEMENT_3D('',#2786,#2787,#2788);
#2786=CARTESIAN_POINT('',(-0.75,-0.025,1.47));
#2787=DIRECTION('',(0.0,-1.0,0.0));
#2788=DIRECTION('',(1.0,0.0,0.0));
#2789=ADVANCED_FACE('',(#2790),#2796,.T.);
#2790=FACE_BOUND('',#2791,.T.);
#2791=EDGE_LOOP('',(#2792,#2793,#2794,#2795));
#2792=ORIENTED_EDGE('',*,*,#2778,.F.);
#2793=ORIENTED_EDGE('',*,*,#2727,.F.);
#2794=ORIENTED_EDGE('',*,*,#963,.F.);
#2795=ORIENTED_EDGE('',*,*,#329,.F.);
#2796=PLANE('',#2797);
#2797=AXIS2_PLACEMENT_3D('',#2798,#2799,#2800);
#2798=CARTESIAN_POINT('',(-0.87,-0.025,1.75));
#2799=DIRECTION('',(1.0,0.0,0.0));
#2800=DIRECTION('',(0.0,0.0,-1.0));
#2801=ADVANCED_FACE('',(#2802),#2820,.T.);
#2802=FACE_BOUND('',#2803,.T.);
#2803=EDGE_LOOP('',(#2804,#2805,#2813,#2819));
#2804=ORIENTED_EDGE('',*,*,#933,.F.);
#2805=ORIENTED_EDGE('',*,*,#2806,.T.);
#2806=EDGE_CURVE('',#926,#2807,#2809,.F.);
#2807=VERTEX_POINT('',#2808);
#2808=CARTESIAN_POINT('',(0.87,0.175,1.47));
#2809=LINE('',#2810,#2811);
#2810=CARTESIAN_POINT('',(0.87,0.175,1.47));
#2811=VECTOR('',#2812,1.0);
#2812=DIRECTION('',(0.0,0.0,1.0));
#2813=ORIENTED_EDGE('',*,*,#2814,.T.);
#2814=EDGE_CURVE('',#2807,#280,#2815,.F.);
#2815=LINE('',#2816,#2817);
#2816=CARTESIAN_POINT('',(0.87,0.0,1.47));
#2817=VECTOR('',#2818,1.0);
#2818=DIRECTION('',(0.0,1.0,0.0));
#2819=ORIENTED_EDGE('',*,*,#279,.F.);
#2820=PLANE('',#2821);
#2821=AXIS2_PLACEMENT_3D('',#2822,#2823,#2824);
#2822=CARTESIAN_POINT('',(0.87,-0.025,1.47));
#2823=DIRECTION('',(-1.0,0.0,0.0));
#2824=DIRECTION('',(0.0,0.0,1.0));
#2825=ADVANCED_FACE('',(#2826),#2845,.F.);
#2826=FACE_BOUND('',#2827,.T.);
#2827=EDGE_LOOP('',(#2828,#2829,#2838,#2844));
#2828=ORIENTED_EDGE('',*,*,#2814,.F.);
#2829=ORIENTED_EDGE('',*,*,#2830,.T.);
#2830=EDGE_CURVE('',#2807,#2831,#2833,.F.);
#2831=VERTEX_POINT('',#2832);
#2832=CARTESIAN_POINT('',(0.63,0.175,1.47));
#2833=CIRCLE('',#2834,0.12);
#2834=AXIS2_PLACEMENT_3D('',#2835,#2836,#2837);
#2835=CARTESIAN_POINT('',(0.75,0.175,1.47));
#2836=DIRECTION('',(0.0,-1.0,0.0));
#2837=DIRECTION('',(-1.0,0.0,0.0));
#2838=ORIENTED_EDGE('',*,*,#2839,.T.);
#2839=EDGE_CURVE('',#2831,#288,#2840,.F.);
#2840=LINE('',#2841,#2842);
#2841=CARTESIAN_POINT('',(0.63,0.0,1.47));
#2842=VECTOR('',#2843,1.0);
#2843=DIRECTION('',(0.0,1.0,0.0));
#2844=ORIENTED_EDGE('',*,*,#287,.F.);
#2845=CYLINDRICAL_SURFACE('',#2846,0.12);
#2846=AXIS2_PLACEMENT_3D('',#2847,#2848,#2849);
#2847=CARTESIAN_POINT('',(0.75,-0.025,1.47));
#2848=DIRECTION('',(0.0,-1.0,0.0));
#2849=DIRECTION('',(1.0,0.0,0.0));
#2850=ADVANCED_FACE('',(#2851),#2862,.T.);
#2851=FACE_BOUND('',#2852,.T.);
#2852=EDGE_LOOP('',(#2853,#2854,#2860,#2861));
#2853=ORIENTED_EDGE('',*,*,#2839,.F.);
#2854=ORIENTED_EDGE('',*,*,#2855,.T.);
#2855=EDGE_CURVE('',#2831,#918,#2856,.F.);
#2856=LINE('',#2857,#2858);
#2857=CARTESIAN_POINT('',(0.63,0.175,1.75));
#2858=VECTOR('',#2859,1.0);
#2859=DIRECTION('',(0.0,0.0,-1.0));
#2860=ORIENTED_EDGE('',*,*,#917,.F.);
#2861=ORIENTED_EDGE('',*,*,#296,.F.);
#2862=PLANE('',#2863);
#2863=AXIS2_PLACEMENT_3D('',#2864,#2865,#2866);
#2864=CARTESIAN_POINT('',(0.63,-0.025,1.75));
#2865=DIRECTION('',(1.0,0.0,0.0));
#2866=DIRECTION('',(0.0,0.0,-1.0));
#2867=ADVANCED_FACE('',(#2868),#2874,.T.);
#2868=FACE_BOUND('',#2869,.T.);
#2869=EDGE_LOOP('',(#2870,#2871,#2872,#2873));
#2870=ORIENTED_EDGE('',*,*,#2855,.F.);
#2871=ORIENTED_EDGE('',*,*,#2830,.F.);
#2872=ORIENTED_EDGE('',*,*,#2806,.F.);
#2873=ORIENTED_EDGE('',*,*,#925,.F.);
#2874=PLANE('',#2875);
#2875=AXIS2_PLACEMENT_3D('',#2876,#2877,#2878);
#2876=CARTESIAN_POINT('',(0.0,0.175,0.0));
#2877=DIRECTION('',(0.0,-1.0,0.0));
#2878=DIRECTION('',(1.0,0.0,0.0));
#2879=(GEOMETRIC_REPRESENTATION_CONTEXT(3)GLOBAL_UNCERTAINTY_ASSIGNED_CONTEXT((#2880))GLOBAL_UNIT_ASSIGNED_CONTEXT((#26,#27,#28))REPRESENTATION_CONTEXT('',''));
#2880=UNCERTAINTY_MEASURE_WITH_UNIT(LENGTH_MEASURE(1.0E-07),#26,'','maximum tolerance');
#2881=ADVANCED_BREP_SHAPE_REPRESENTATION('',(#32,#9),#2879);
#2882=(REPRESENTATION_RELATIONSHIP('',$,#2881,#29)REPRESENTATION_RELATIONSHIP_WITH_TRANSFORMATION(#2883)SHAPE_REPRESENTATION_RELATIONSHIP());
#2883=ITEM_DEFINED_TRANSFORMATION('',$,#9,#13);
#2884=PRODUCT('BODY-QFN','BODY-QFN',$,(#3));
#2885=PRODUCT_DEFINITION_FORMATION('',$,#2884);
#2886=PRODUCT_DEFINITION('design',$,#2885,#6);
#2887=NEXT_ASSEMBLY_USAGE_OCCURRENCE('instance_1','BODY-QFN','BODY-QFN',#7,#2886,$);
#2888=PRODUCT_DEFINITION_SHAPE('',$,#2887);
#2889=CONTEXT_DEPENDENT_SHAPE_REPRESENTATION(#2882,#2888);
#2890=PRODUCT_DEFINITION_SHAPE('',$,#2886);
#2891=SHAPE_DEFINITION_REPRESENTATION(#2890,#2881);
#2892=PRODUCT_RELATED_PRODUCT_CATEGORY('part',$,(#2884));
#2893=STYLED_ITEM('',(#2894),#32);
#2894=PRESENTATION_STYLE_ASSIGNMENT((#2895));
#2895=SURFACE_STYLE_USAGE(.BOTH.,#2896);
#2896=SURFACE_SIDE_STYLE('',(#2897));
#2897=SURFACE_STYLE_FILL_AREA(#2898);
#2898=FILL_AREA_STYLE('',(#2900));
#2899=COLOUR_RGB('',0.286000013,0.286000013,0.286000013);
#2900=FILL_AREA_STYLE_COLOUR('',#2899);
#2901=MECHANICAL_DESIGN_GEOMETRIC_PRESENTATION_REPRESENTATION('',(#2893),#2879);
#2902=MANIFOLD_SOLID_BREP('',#2903);
#2903=CLOSED_SHELL('',(#2904,#2944,#3145,#3176,#3207,#3238,#3262,#3286,#3303,#3416,#3433,#3450,#3462,#3479,#3501,#3518,#3540,#3552,#3564,#3581,#3598,#3610,#3622,#3653,#3677,#3709,#3726,#3743));
#2904=ADVANCED_FACE('',(#2905),#2939,.T.);
#2905=FACE_BOUND('',#2906,.T.);
#2906=EDGE_LOOP('',(#2907,#2917,#2925,#2933));
#2907=ORIENTED_EDGE('',*,*,#2908,.T.);
#2908=EDGE_CURVE('',#2909,#2911,#2913,.T.);
#2909=VERTEX_POINT('',#2910);
#2910=CARTESIAN_POINT('',(0.175,0.1,-1.75));
#2911=VERTEX_POINT('',#2912);
#2912=CARTESIAN_POINT('',(0.175,0.2,-1.75));
#2913=LINE('',#2914,#2915);
#2914=CARTESIAN_POINT('',(0.175,0.1,-1.75));
#2915=VECTOR('',#2916,1.0);
#2916=DIRECTION('',(0.0,1.0,0.0));
#2917=ORIENTED_EDGE('',*,*,#2918,.T.);
#2918=EDGE_CURVE('',#2911,#2919,#2921,.F.);
#2919=VERTEX_POINT('',#2920);
#2920=CARTESIAN_POINT('',(0.375,0.2,-1.75));
#2921=LINE('',#2922,#2923);
#2922=CARTESIAN_POINT('',(0.375,0.2,-1.75));
#2923=VECTOR('',#2924,1.0);
#2924=DIRECTION('',(-1.0,0.0,0.0));
#2925=ORIENTED_EDGE('',*,*,#2926,.T.);
#2926=EDGE_CURVE('',#2919,#2927,#2929,.F.);
#2927=VERTEX_POINT('',#2928);
#2928=CARTESIAN_POINT('',(0.375,0.1,-1.75));
#2929=LINE('',#2930,#2931);
#2930=CARTESIAN_POINT('',(0.375,0.1,-1.75));
#2931=VECTOR('',#2932,1.0);
#2932=DIRECTION('',(0.0,1.0,0.0));
#2933=ORIENTED_EDGE('',*,*,#2934,.T.);
#2934=EDGE_CURVE('',#2927,#2909,#2935,.T.);
#2935=LINE('',#2936,#2937);
#2936=CARTESIAN_POINT('',(0.375,0.1,-1.75));
#2937=VECTOR('',#2938,1.0);
#2938=DIRECTION('',(-1.0,0.0,0.0));
#2939=PLANE('',#2940);
#2940=AXIS2_PLACEMENT_3D('',#2941,#2942,#2943);
#2941=CARTESIAN_POINT('',(0.375,0.1,-1.75));
#2942=DIRECTION('',(0.0,0.0,-1.0));
#2943=DIRECTION('',(-1.0,0.0,0.0));
#2944=ADVANCED_FACE('',(#2945,#3098),#3140,.F.);
#2945=FACE_BOUND('',#2946,.T.);
#2946=EDGE_LOOP('',(#2947,#2957,#2965,#2973,#2981,#2989,#2997,#3003,#3004,#3012,#3020,#3028,#3036,#3044,#3052,#3060,#3068,#3076,#3084,#3092));
#2947=ORIENTED_EDGE('',*,*,#2948,.T.);
#2948=EDGE_CURVE('',#2949,#2951,#2953,.F.);
#2949=VERTEX_POINT('',#2950);
#2950=CARTESIAN_POINT('',(-1.125,0.1,1.125));
#2951=VERTEX_POINT('',#2952);
#2952=CARTESIAN_POINT('',(-1.125,0.1,-1.125));
#2953=LINE('',#2954,#2955);
#2954=CARTESIAN_POINT('',(-1.125,0.1,-1.125));
#2955=VECTOR('',#2956,1.0);
#2956=DIRECTION('',(0.0,0.0,1.0));
#2957=ORIENTED_EDGE('',*,*,#2958,.T.);
#2958=EDGE_CURVE('',#2951,#2959,#2961,.F.);
#2959=VERTEX_POINT('',#2960);
#2960=CARTESIAN_POINT('',(-0.375,0.1,-1.125));
#2961=LINE('',#2962,#2963);
#2962=CARTESIAN_POINT('',(-0.375,0.1,-1.125));
#2963=VECTOR('',#2964,1.0);
#2964=DIRECTION('',(-1.0,0.0,0.0));
#2965=ORIENTED_EDGE('',*,*,#2966,.T.);
#2966=EDGE_CURVE('',#2959,#2967,#2969,.T.);
#2967=VERTEX_POINT('',#2968);
#2968=CARTESIAN_POINT('',(-0.375,0.1,-1.75));
#2969=LINE('',#2970,#2971);
#2970=CARTESIAN_POINT('',(-0.375,0.1,-1.125));
#2971=VECTOR('',#2972,1.0);
#2972=DIRECTION('',(0.0,0.0,-1.0));
#2973=ORIENTED_EDGE('',*,*,#2974,.T.);
#2974=EDGE_CURVE('',#2967,#2975,#2977,.T.);
#2975=VERTEX_POINT('',#2976);
#2976=CARTESIAN_POINT('',(-0.175,0.1,-1.75));
#2977=LINE('',#2978,#2979);
#2978=CARTESIAN_POINT('',(-0.375,0.1,-1.75));
#2979=VECTOR('',#2980,1.0);
#2980=DIRECTION('',(1.0,0.0,0.0));
#2981=ORIENTED_EDGE('',*,*,#2982,.T.);
#2982=EDGE_CURVE('',#2975,#2983,#2985,.T.);
#2983=VERTEX_POINT('',#2984);
#2984=CARTESIAN_POINT('',(-0.175,0.1,-1.125));
#2985=LINE('',#2986,#2987);
#2986=CARTESIAN_POINT('',(-0.175,0.1,-1.75));
#2987=VECTOR('',#2988,1.0);
#2988=DIRECTION('',(0.0,0.0,1.0));
#2989=ORIENTED_EDGE('',*,*,#2990,.T.);
#2990=EDGE_CURVE('',#2983,#2991,#2993,.F.);
#2991=VERTEX_POINT('',#2992);
#2992=CARTESIAN_POINT('',(0.175,0.1,-1.125));
#2993=LINE('',#2994,#2995);
#2994=CARTESIAN_POINT('',(0.175,0.1,-1.125));
#2995=VECTOR('',#2996,1.0);
#2996=DIRECTION('',(-1.0,0.0,0.0));
#2997=ORIENTED_EDGE('',*,*,#2998,.T.);
#2998=EDGE_CURVE('',#2991,#2909,#2999,.F.);
#2999=LINE('',#3000,#3001);
#3000=CARTESIAN_POINT('',(0.175,0.1,-1.75));
#3001=VECTOR('',#3002,1.0);
#3002=DIRECTION('',(0.0,0.0,1.0));
#3003=ORIENTED_EDGE('',*,*,#2934,.F.);
#3004=ORIENTED_EDGE('',*,*,#3005,.T.);
#3005=EDGE_CURVE('',#2927,#3006,#3008,.F.);
#3006=VERTEX_POINT('',#3007);
#3007=CARTESIAN_POINT('',(0.375,0.1,-1.125));
#3008=LINE('',#3009,#3010);
#3009=CARTESIAN_POINT('',(0.375,0.1,-1.125));
#3010=VECTOR('',#3011,1.0);
#3011=DIRECTION('',(0.0,0.0,-1.0));
#3012=ORIENTED_EDGE('',*,*,#3013,.T.);
#3013=EDGE_CURVE('',#3006,#3014,#3016,.F.);
#3014=VERTEX_POINT('',#3015);
#3015=CARTESIAN_POINT('',(1.125,0.1,-1.125));
#3016=LINE('',#3017,#3018);
#3017=CARTESIAN_POINT('',(1.125,0.1,-1.125));
#3018=VECTOR('',#3019,1.0);
#3019=DIRECTION('',(-1.0,0.0,0.0));
#3020=ORIENTED_EDGE('',*,*,#3021,.T.);
#3021=EDGE_CURVE('',#3014,#3022,#3024,.F.);
#3022=VERTEX_POINT('',#3023);
#3023=CARTESIAN_POINT('',(1.125,0.1,1.125));
#3024=LINE('',#3025,#3026);
#3025=CARTESIAN_POINT('',(1.125,0.1,1.125));
#3026=VECTOR('',#3027,1.0);
#3027=DIRECTION('',(0.0,0.0,-1.0));
#3028=ORIENTED_EDGE('',*,*,#3029,.T.);
#3029=EDGE_CURVE('',#3022,#3030,#3032,.F.);
#3030=VERTEX_POINT('',#3031);
#3031=CARTESIAN_POINT('',(0.375,0.1,1.125));
#3032=LINE('',#3033,#3034);
#3033=CARTESIAN_POINT('',(0.375,0.1,1.125));
#3034=VECTOR('',#3035,1.0);
#3035=DIRECTION('',(1.0,0.0,0.0));
#3036=ORIENTED_EDGE('',*,*,#3037,.T.);
#3037=EDGE_CURVE('',#3030,#3038,#3040,.T.);
#3038=VERTEX_POINT('',#3039);
#3039=CARTESIAN_POINT('',(0.375,0.1,1.75));
#3040=LINE('',#3041,#3042);
#3041=CARTESIAN_POINT('',(0.375,0.1,1.125));
#3042=VECTOR('',#3043,1.0);
#3043=DIRECTION('',(0.0,0.0,1.0));
#3044=ORIENTED_EDGE('',*,*,#3045,.T.);
#3045=EDGE_CURVE('',#3038,#3046,#3048,.T.);
#3046=VERTEX_POINT('',#3047);
#3047=CARTESIAN_POINT('',(0.175,0.1,1.75));
#3048=LINE('',#3049,#3050);
#3049=CARTESIAN_POINT('',(0.375,0.1,1.75));
#3050=VECTOR('',#3051,1.0);
#3051=DIRECTION('',(-1.0,0.0,0.0));
#3052=ORIENTED_EDGE('',*,*,#3053,.T.);
#3053=EDGE_CURVE('',#3046,#3054,#3056,.T.);
#3054=VERTEX_POINT('',#3055);
#3055=CARTESIAN_POINT('',(0.175,0.1,1.125));
#3056=LINE('',#3057,#3058);
#3057=CARTESIAN_POINT('',(0.175,0.1,1.75));
#3058=VECTOR('',#3059,1.0);
#3059=DIRECTION('',(0.0,0.0,-1.0));
#3060=ORIENTED_EDGE('',*,*,#3061,.T.);
#3061=EDGE_CURVE('',#3054,#3062,#3064,.F.);
#3062=VERTEX_POINT('',#3063);
#3063=CARTESIAN_POINT('',(-0.175,0.1,1.125));
#3064=LINE('',#3065,#3066);
#3065=CARTESIAN_POINT('',(-0.175,0.1,1.125));
#3066=VECTOR('',#3067,1.0);
#3067=DIRECTION('',(1.0,0.0,0.0));
#3068=ORIENTED_EDGE('',*,*,#3069,.T.);
#3069=EDGE_CURVE('',#3062,#3070,#3072,.F.);
#3070=VERTEX_POINT('',#3071);
#3071=CARTESIAN_POINT('',(-0.175,0.1,1.75));
#3072=LINE('',#3073,#3074);
#3073=CARTESIAN_POINT('',(-0.175,0.1,1.75));
#3074=VECTOR('',#3075,1.0);
#3075=DIRECTION('',(0.0,0.0,-1.0));
#3076=ORIENTED_EDGE('',*,*,#3077,.T.);
#3077=EDGE_CURVE('',#3070,#3078,#3080,.F.);
#3078=VERTEX_POINT('',#3079);
#3079=CARTESIAN_POINT('',(-0.375,0.1,1.75));
#3080=LINE('',#3081,#3082);
#3081=CARTESIAN_POINT('',(-0.375,0.1,1.75));
#3082=VECTOR('',#3083,1.0);
#3083=DIRECTION('',(1.0,0.0,0.0));
#3084=ORIENTED_EDGE('',*,*,#3085,.T.);
#3085=EDGE_CURVE('',#3078,#3086,#3088,.F.);
#3086=VERTEX_POINT('',#3087);
#3087=CARTESIAN_POINT('',(-0.375,0.1,1.125));
#3088=LINE('',#3089,#3090);
#3089=CARTESIAN_POINT('',(-0.375,0.1,1.125));
#3090=VECTOR('',#3091,1.0);
#3091=DIRECTION('',(0.0,0.0,1.0));
#3092=ORIENTED_EDGE('',*,*,#3093,.T.);
#3093=EDGE_CURVE('',#3086,#2949,#3094,.F.);
#3094=LINE('',#3095,#3096);
#3095=CARTESIAN_POINT('',(-1.125,0.1,1.125));
#3096=VECTOR('',#3097,1.0);
#3097=DIRECTION('',(1.0,0.0,0.0));
#3098=FACE_BOUND('',#3099,.T.);
#3099=EDGE_LOOP('',(#3100,#3110,#3118,#3126,#3134));
#3100=ORIENTED_EDGE('',*,*,#3101,.T.);
#3101=EDGE_CURVE('',#3102,#3104,#3106,.F.);
#3102=VERTEX_POINT('',#3103);
#3103=CARTESIAN_POINT('',(-1.025,0.1,1.025));
#3104=VERTEX_POINT('',#3105);
#3105=CARTESIAN_POINT('',(1.025,0.1,1.025));
#3106=LINE('',#3107,#3108);
#3107=CARTESIAN_POINT('',(1.025,0.1,1.025));
#3108=VECTOR('',#3109,1.0);
#3109=DIRECTION('',(-1.0,0.0,0.0));
#3110=ORIENTED_EDGE('',*,*,#3111,.T.);
#3111=EDGE_CURVE('',#3104,#3112,#3114,.F.);
#3112=VERTEX_POINT('',#3113);
#3113=CARTESIAN_POINT('',(1.025,0.1,-1.025));
#3114=LINE('',#3115,#3116);
#3115=CARTESIAN_POINT('',(1.025,0.1,-1.025));
#3116=VECTOR('',#3117,1.0);
#3117=DIRECTION('',(0.0,0.0,1.0));
#3118=ORIENTED_EDGE('',*,*,#3119,.T.);
#3119=EDGE_CURVE('',#3112,#3120,#3122,.F.);
#3120=VERTEX_POINT('',#3121);
#3121=CARTESIAN_POINT('',(-0.775,0.1,-1.025));
#3122=LINE('',#3123,#3124);
#3123=CARTESIAN_POINT('',(-0.775,0.1,-1.025));
#3124=VECTOR('',#3125,1.0);
#3125=DIRECTION('',(1.0,0.0,0.0));
#3126=ORIENTED_EDGE('',*,*,#3127,.T.);
#3127=EDGE_CURVE('',#3120,#3128,#3130,.T.);
#3128=VERTEX_POINT('',#3129);
#3129=CARTESIAN_POINT('',(-1.025,0.1,-0.775));
#3130=LINE('',#3131,#3132);
#3131=CARTESIAN_POINT('',(-0.775,0.1,-1.025));
#3132=VECTOR('',#3133,1.0);
#3133=DIRECTION('',(-0.707106781,0.0,0.707106781));
#3134=ORIENTED_EDGE('',*,*,#3135,.T.);
#3135=EDGE_CURVE('',#3128,#3102,#3136,.F.);
#3136=LINE('',#3137,#3138);
#3137=CARTESIAN_POINT('',(-1.025,0.1,1.025));
#3138=VECTOR('',#3139,1.0);
#3139=DIRECTION('',(0.0,0.0,-1.0));
#3140=PLANE('',#3141);
#3141=AXIS2_PLACEMENT_3D('',#3142,#3143,#3144);
#3142=CARTESIAN_POINT('',(0.0,0.1,0.0));
#3143=DIRECTION('',(0.0,1.0,0.0));
#3144=DIRECTION('',(1.0,0.0,0.0));
#3145=ADVANCED_FACE('',(#3146),#3171,.T.);
#3146=FACE_BOUND('',#3147,.T.);
#3147=EDGE_LOOP('',(#3148,#3149,#3157,#3165));
#3148=ORIENTED_EDGE('',*,*,#3029,.F.);
#3149=ORIENTED_EDGE('',*,*,#3150,.T.);
#3150=EDGE_CURVE('',#3022,#3151,#3153,.T.);
#3151=VERTEX_POINT('',#3152);
#3152=CARTESIAN_POINT('',(1.125,0.2,1.125));
#3153=LINE('',#3154,#3155);
#3154=CARTESIAN_POINT('',(1.125,0.1,1.125));
#3155=VECTOR('',#3156,1.0);
#3156=DIRECTION('',(0.0,1.0,0.0));
#3157=ORIENTED_EDGE('',*,*,#3158,.T.);
#3158=EDGE_CURVE('',#3151,#3159,#3161,.F.);
#3159=VERTEX_POINT('',#3160);
#3160=CARTESIAN_POINT('',(0.375,0.2,1.125));
#3161=LINE('',#3162,#3163);
#3162=CARTESIAN_POINT('',(0.375,0.2,1.125));
#3163=VECTOR('',#3164,1.0);
#3164=DIRECTION('',(1.0,0.0,0.0));
#3165=ORIENTED_EDGE('',*,*,#3166,.T.);
#3166=EDGE_CURVE('',#3159,#3030,#3167,.F.);
#3167=LINE('',#3168,#3169);
#3168=CARTESIAN_POINT('',(0.375,0.1,1.125));
#3169=VECTOR('',#3170,1.0);
#3170=DIRECTION('',(0.0,1.0,0.0));
#3171=PLANE('',#3172);
#3172=AXIS2_PLACEMENT_3D('',#3173,#3174,#3175);
#3173=CARTESIAN_POINT('',(-1.125,0.1,1.125));
#3174=DIRECTION('',(0.0,0.0,1.0));
#3175=DIRECTION('',(1.0,0.0,0.0));
#3176=ADVANCED_FACE('',(#3177),#3202,.T.);
#3177=FACE_BOUND('',#3178,.T.);
#3178=EDGE_LOOP('',(#3179,#3189,#3195,#3196));
#3179=ORIENTED_EDGE('',*,*,#3180,.T.);
#3180=EDGE_CURVE('',#3181,#3183,#3185,.F.);
#3181=VERTEX_POINT('',#3182);
#3182=CARTESIAN_POINT('',(-0.375,0.2,1.125));
#3183=VERTEX_POINT('',#3184);
#3184=CARTESIAN_POINT('',(-1.125,0.2,1.125));
#3185=LINE('',#3186,#3187);
#3186=CARTESIAN_POINT('',(-1.125,0.2,1.125));
#3187=VECTOR('',#3188,1.0);
#3188=DIRECTION('',(1.0,0.0,0.0));
#3189=ORIENTED_EDGE('',*,*,#3190,.T.);
#3190=EDGE_CURVE('',#3183,#2949,#3191,.F.);
#3191=LINE('',#3192,#3193);
#3192=CARTESIAN_POINT('',(-1.125,0.1,1.125));
#3193=VECTOR('',#3194,1.0);
#3194=DIRECTION('',(0.0,1.0,0.0));
#3195=ORIENTED_EDGE('',*,*,#3093,.F.);
#3196=ORIENTED_EDGE('',*,*,#3197,.T.);
#3197=EDGE_CURVE('',#3086,#3181,#3198,.T.);
#3198=LINE('',#3199,#3200);
#3199=CARTESIAN_POINT('',(-0.375,0.1,1.125));
#3200=VECTOR('',#3201,1.0);
#3201=DIRECTION('',(0.0,1.0,0.0));
#3202=PLANE('',#3203);
#3203=AXIS2_PLACEMENT_3D('',#3204,#3205,#3206);
#3204=CARTESIAN_POINT('',(-1.125,0.1,1.125));
#3205=DIRECTION('',(0.0,0.0,1.0));
#3206=DIRECTION('',(1.0,0.0,0.0));
#3207=ADVANCED_FACE('',(#3208),#3233,.T.);
#3208=FACE_BOUND('',#3209,.T.);
#3209=EDGE_LOOP('',(#3210,#3211,#3219,#3227));
#3210=ORIENTED_EDGE('',*,*,#3061,.F.);
#3211=ORIENTED_EDGE('',*,*,#3212,.T.);
#3212=EDGE_CURVE('',#3054,#3213,#3215,.T.);
#3213=VERTEX_POINT('',#3214);
#3214=CARTESIAN_POINT('',(0.175,0.2,1.125));
#3215=LINE('',#3216,#3217);
#3216=CARTESIAN_POINT('',(0.175,0.1,1.125));
#3217=VECTOR('',#3218,1.0);
#3218=DIRECTION('',(0.0,1.0,0.0));
#3219=ORIENTED_EDGE('',*,*,#3220,.T.);
#3220=EDGE_CURVE('',#3213,#3221,#3223,.F.);
#3221=VERTEX_POINT('',#3222);
#3222=CARTESIAN_POINT('',(-0.175,0.2,1.125));
#3223=LINE('',#3224,#3225);
#3224=CARTESIAN_POINT('',(-0.175,0.2,1.125));
#3225=VECTOR('',#3226,1.0);
#3226=DIRECTION('',(1.0,0.0,0.0));
#3227=ORIENTED_EDGE('',*,*,#3228,.T.);
#3228=EDGE_CURVE('',#3221,#3062,#3229,.F.);
#3229=LINE('',#3230,#3231);
#3230=CARTESIAN_POINT('',(-0.175,0.1,1.125));
#3231=VECTOR('',#3232,1.0);
#3232=DIRECTION('',(0.0,1.0,0.0));
#3233=PLANE('',#3234);
#3234=AXIS2_PLACEMENT_3D('',#3235,#3236,#3237);
#3235=CARTESIAN_POINT('',(-1.125,0.1,1.125));
#3236=DIRECTION('',(0.0,0.0,1.0));
#3237=DIRECTION('',(1.0,0.0,0.0));
#3238=ADVANCED_FACE('',(#3239),#3257,.F.);
#3239=FACE_BOUND('',#3240,.T.);
#3240=EDGE_LOOP('',(#3241,#3242,#3250,#3256));
#3241=ORIENTED_EDGE('',*,*,#3166,.F.);
#3242=ORIENTED_EDGE('',*,*,#3243,.T.);
#3243=EDGE_CURVE('',#3159,#3244,#3246,.T.);
#3244=VERTEX_POINT('',#3245);
#3245=CARTESIAN_POINT('',(0.375,0.2,1.75));
#3246=LINE('',#3247,#3248);
#3247=CARTESIAN_POINT('',(0.375,0.2,1.125));
#3248=VECTOR('',#3249,1.0);
#3249=DIRECTION('',(0.0,0.0,1.0));
#3250=ORIENTED_EDGE('',*,*,#3251,.T.);
#3251=EDGE_CURVE('',#3244,#3038,#3252,.F.);
#3252=LINE('',#3253,#3254);
#3253=CARTESIAN_POINT('',(0.375,0.1,1.75));
#3254=VECTOR('',#3255,1.0);
#3255=DIRECTION('',(0.0,1.0,0.0));
#3256=ORIENTED_EDGE('',*,*,#3037,.F.);
#3257=PLANE('',#3258);
#3258=AXIS2_PLACEMENT_3D('',#3259,#3260,#3261);
#3259=CARTESIAN_POINT('',(0.375,0.1,1.125));
#3260=DIRECTION('',(-1.0,0.0,0.0));
#3261=DIRECTION('',(0.0,0.0,1.0));
#3262=ADVANCED_FACE('',(#3263),#3281,.F.);
#3263=FACE_BOUND('',#3264,.T.);
#3264=EDGE_LOOP('',(#3265,#3266,#3274,#3280));
#3265=ORIENTED_EDGE('',*,*,#3251,.F.);
#3266=ORIENTED_EDGE('',*,*,#3267,.T.);
#3267=EDGE_CURVE('',#3244,#3268,#3270,.T.);
#3268=VERTEX_POINT('',#3269);
#3269=CARTESIAN_POINT('',(0.175,0.2,1.75));
#3270=LINE('',#3271,#3272);
#3271=CARTESIAN_POINT('',(0.375,0.2,1.75));
#3272=VECTOR('',#3273,1.0);
#3273=DIRECTION('',(-1.0,0.0,0.0));
#3274=ORIENTED_EDGE('',*,*,#3275,.T.);
#3275=EDGE_CURVE('',#3268,#3046,#3276,.F.);
#3276=LINE('',#3277,#3278);
#3277=CARTESIAN_POINT('',(0.175,0.1,1.75));
#3278=VECTOR('',#3279,1.0);
#3279=DIRECTION('',(0.0,1.0,0.0));
#3280=ORIENTED_EDGE('',*,*,#3045,.F.);
#3281=PLANE('',#3282);
#3282=AXIS2_PLACEMENT_3D('',#3283,#3284,#3285);
#3283=CARTESIAN_POINT('',(0.375,0.1,1.75));
#3284=DIRECTION('',(0.0,0.0,-1.0));
#3285=DIRECTION('',(-1.0,0.0,0.0));
#3286=ADVANCED_FACE('',(#3287),#3298,.F.);
#3287=FACE_BOUND('',#3288,.T.);
#3288=EDGE_LOOP('',(#3289,#3290,#3296,#3297));
#3289=ORIENTED_EDGE('',*,*,#3275,.F.);
#3290=ORIENTED_EDGE('',*,*,#3291,.T.);
#3291=EDGE_CURVE('',#3268,#3213,#3292,.T.);
#3292=LINE('',#3293,#3294);
#3293=CARTESIAN_POINT('',(0.175,0.2,1.75));
#3294=VECTOR('',#3295,1.0);
#3295=DIRECTION('',(0.0,0.0,-1.0));
#3296=ORIENTED_EDGE('',*,*,#3212,.F.);
#3297=ORIENTED_EDGE('',*,*,#3053,.F.);
#3298=PLANE('',#3299);
#3299=AXIS2_PLACEMENT_3D('',#3300,#3301,#3302);
#3300=CARTESIAN_POINT('',(0.175,0.1,1.75));
#3301=DIRECTION('',(1.0,0.0,0.0));
#3302=DIRECTION('',(0.0,0.0,-1.0));
#3303=ADVANCED_FACE('',(#3304),#3411,.T.);
#3304=FACE_BOUND('',#3305,.T.);
#3305=EDGE_LOOP('',(#3306,#3307,#3308,#3309,#3310,#3318,#3326,#3332,#3333,#3341,#3349,#3357,#3365,#3373,#3381,#3387,#3388,#3396,#3404,#3410));
#3306=ORIENTED_EDGE('',*,*,#3291,.F.);
#3307=ORIENTED_EDGE('',*,*,#3267,.F.);
#3308=ORIENTED_EDGE('',*,*,#3243,.F.);
#3309=ORIENTED_EDGE('',*,*,#3158,.F.);
#3310=ORIENTED_EDGE('',*,*,#3311,.T.);
#3311=EDGE_CURVE('',#3151,#3312,#3314,.T.);
#3312=VERTEX_POINT('',#3313);
#3313=CARTESIAN_POINT('',(1.125,0.2,-1.125));
#3314=LINE('',#3315,#3316);
#3315=CARTESIAN_POINT('',(1.125,0.2,1.125));
#3316=VECTOR('',#3317,1.0);
#3317=DIRECTION('',(0.0,0.0,-1.0));
#3318=ORIENTED_EDGE('',*,*,#3319,.T.);
#3319=EDGE_CURVE('',#3312,#3320,#3322,.T.);
#3320=VERTEX_POINT('',#3321);
#3321=CARTESIAN_POINT('',(0.375,0.2,-1.125));
#3322=LINE('',#3323,#3324);
#3323=CARTESIAN_POINT('',(1.125,0.2,-1.125));
#3324=VECTOR('',#3325,1.0);
#3325=DIRECTION('',(-1.0,0.0,0.0));
#3326=ORIENTED_EDGE('',*,*,#3327,.T.);
#3327=EDGE_CURVE('',#3320,#2919,#3328,.T.);
#3328=LINE('',#3329,#3330);
#3329=CARTESIAN_POINT('',(0.375,0.2,-1.125));
#3330=VECTOR('',#3331,1.0);
#3331=DIRECTION('',(0.0,0.0,-1.0));
#3332=ORIENTED_EDGE('',*,*,#2918,.F.);
#3333=ORIENTED_EDGE('',*,*,#3334,.T.);
#3334=EDGE_CURVE('',#2911,#3335,#3337,.T.);
#3335=VERTEX_POINT('',#3336);
#3336=CARTESIAN_POINT('',(0.175,0.2,-1.125));
#3337=LINE('',#3338,#3339);
#3338=CARTESIAN_POINT('',(0.175,0.2,-1.75));
#3339=VECTOR('',#3340,1.0);
#3340=DIRECTION('',(0.0,0.0,1.0));
#3341=ORIENTED_EDGE('',*,*,#3342,.T.);
#3342=EDGE_CURVE('',#3335,#3343,#3345,.T.);
#3343=VERTEX_POINT('',#3344);
#3344=CARTESIAN_POINT('',(-0.175,0.2,-1.125));
#3345=LINE('',#3346,#3347);
#3346=CARTESIAN_POINT('',(0.175,0.2,-1.125));
#3347=VECTOR('',#3348,1.0);
#3348=DIRECTION('',(-1.0,0.0,0.0));
#3349=ORIENTED_EDGE('',*,*,#3350,.T.);
#3350=EDGE_CURVE('',#3343,#3351,#3353,.F.);
#3351=VERTEX_POINT('',#3352);
#3352=CARTESIAN_POINT('',(-0.175,0.2,-1.75));
#3353=LINE('',#3354,#3355);
#3354=CARTESIAN_POINT('',(-0.175,0.2,-1.75));
#3355=VECTOR('',#3356,1.0);
#3356=DIRECTION('',(0.0,0.0,1.0));
#3357=ORIENTED_EDGE('',*,*,#3358,.T.);
#3358=EDGE_CURVE('',#3351,#3359,#3361,.F.);
#3359=VERTEX_POINT('',#3360);
#3360=CARTESIAN_POINT('',(-0.375,0.2,-1.75));
#3361=LINE('',#3362,#3363);
#3362=CARTESIAN_POINT('',(-0.375,0.2,-1.75));
#3363=VECTOR('',#3364,1.0);
#3364=DIRECTION('',(1.0,0.0,0.0));
#3365=ORIENTED_EDGE('',*,*,#3366,.T.);
#3366=EDGE_CURVE('',#3359,#3367,#3369,.F.);
#3367=VERTEX_POINT('',#3368);
#3368=CARTESIAN_POINT('',(-0.375,0.2,-1.125));
#3369=LINE('',#3370,#3371);
#3370=CARTESIAN_POINT('',(-0.375,0.2,-1.125));
#3371=VECTOR('',#3372,1.0);
#3372=DIRECTION('',(0.0,0.0,-1.0));
#3373=ORIENTED_EDGE('',*,*,#3374,.T.);
#3374=EDGE_CURVE('',#3367,#3375,#3377,.T.);
#3375=VERTEX_POINT('',#3376);
#3376=CARTESIAN_POINT('',(-1.125,0.2,-1.125));
#3377=LINE('',#3378,#3379);
#3378=CARTESIAN_POINT('',(-0.375,0.2,-1.125));
#3379=VECTOR('',#3380,1.0);
#3380=DIRECTION('',(-1.0,0.0,0.0));
#3381=ORIENTED_EDGE('',*,*,#3382,.T.);
#3382=EDGE_CURVE('',#3375,#3183,#3383,.T.);
#3383=LINE('',#3384,#3385);
#3384=CARTESIAN_POINT('',(-1.125,0.2,-1.125));
#3385=VECTOR('',#3386,1.0);
#3386=DIRECTION('',(0.0,0.0,1.0));
#3387=ORIENTED_EDGE('',*,*,#3180,.F.);
#3388=ORIENTED_EDGE('',*,*,#3389,.T.);
#3389=EDGE_CURVE('',#3181,#3390,#3392,.T.);
#3390=VERTEX_POINT('',#3391);
#3391=CARTESIAN_POINT('',(-0.375,0.2,1.75));
#3392=LINE('',#3393,#3394);
#3393=CARTESIAN_POINT('',(-0.375,0.2,1.125));
#3394=VECTOR('',#3395,1.0);
#3395=DIRECTION('',(0.0,0.0,1.0));
#3396=ORIENTED_EDGE('',*,*,#3397,.T.);
#3397=EDGE_CURVE('',#3390,#3398,#3400,.T.);
#3398=VERTEX_POINT('',#3399);
#3399=CARTESIAN_POINT('',(-0.175,0.2,1.75));
#3400=LINE('',#3401,#3402);
#3401=CARTESIAN_POINT('',(-0.375,0.2,1.75));
#3402=VECTOR('',#3403,1.0);
#3403=DIRECTION('',(1.0,0.0,0.0));
#3404=ORIENTED_EDGE('',*,*,#3405,.T.);
#3405=EDGE_CURVE('',#3398,#3221,#3406,.T.);
#3406=LINE('',#3407,#3408);
#3407=CARTESIAN_POINT('',(-0.175,0.2,1.75));
#3408=VECTOR('',#3409,1.0);
#3409=DIRECTION('',(0.0,0.0,-1.0));
#3410=ORIENTED_EDGE('',*,*,#3220,.F.);
#3411=PLANE('',#3412);
#3412=AXIS2_PLACEMENT_3D('',#3413,#3414,#3415);
#3413=CARTESIAN_POINT('',(0.0,0.2,0.0));
#3414=DIRECTION('',(0.0,1.0,0.0));
#3415=DIRECTION('',(1.0,0.0,0.0));
#3416=ADVANCED_FACE('',(#3417),#3428,.T.);
#3417=FACE_BOUND('',#3418,.T.);
#3418=EDGE_LOOP('',(#3419,#3420,#3421,#3427));
#3419=ORIENTED_EDGE('',*,*,#3228,.F.);
#3420=ORIENTED_EDGE('',*,*,#3405,.F.);
#3421=ORIENTED_EDGE('',*,*,#3422,.T.);
#3422=EDGE_CURVE('',#3398,#3070,#3423,.F.);
#3423=LINE('',#3424,#3425);
#3424=CARTESIAN_POINT('',(-0.175,0.1,1.75));
#3425=VECTOR('',#3426,1.0);
#3426=DIRECTION('',(0.0,1.0,0.0));
#3427=ORIENTED_EDGE('',*,*,#3069,.F.);
#3428=PLANE('',#3429);
#3429=AXIS2_PLACEMENT_3D('',#3430,#3431,#3432);
#3430=CARTESIAN_POINT('',(-0.175,0.1,1.75));
#3431=DIRECTION('',(1.0,0.0,0.0));
#3432=DIRECTION('',(0.0,0.0,-1.0));
#3433=ADVANCED_FACE('',(#3434),#3445,.T.);
#3434=FACE_BOUND('',#3435,.T.);
#3435=EDGE_LOOP('',(#3436,#3437,#3438,#3444));
#3436=ORIENTED_EDGE('',*,*,#3422,.F.);
#3437=ORIENTED_EDGE('',*,*,#3397,.F.);
#3438=ORIENTED_EDGE('',*,*,#3439,.T.);
#3439=EDGE_CURVE('',#3390,#3078,#3440,.F.);
#3440=LINE('',#3441,#3442);
#3441=CARTESIAN_POINT('',(-0.375,0.1,1.75));
#3442=VECTOR('',#3443,1.0);
#3443=DIRECTION('',(0.0,1.0,0.0));
#3444=ORIENTED_EDGE('',*,*,#3077,.F.);
#3445=PLANE('',#3446);
#3446=AXIS2_PLACEMENT_3D('',#3447,#3448,#3449);
#3447=CARTESIAN_POINT('',(-0.375,0.1,1.75));
#3448=DIRECTION('',(0.0,0.0,1.0));
#3449=DIRECTION('',(1.0,0.0,0.0));
#3450=ADVANCED_FACE('',(#3451),#3457,.T.);
#3451=FACE_BOUND('',#3452,.T.);
#3452=EDGE_LOOP('',(#3453,#3454,#3455,#3456));
#3453=ORIENTED_EDGE('',*,*,#3439,.F.);
#3454=ORIENTED_EDGE('',*,*,#3389,.F.);
#3455=ORIENTED_EDGE('',*,*,#3197,.F.);
#3456=ORIENTED_EDGE('',*,*,#3085,.F.);
#3457=PLANE('',#3458);
#3458=AXIS2_PLACEMENT_3D('',#3459,#3460,#3461);
#3459=CARTESIAN_POINT('',(-0.375,0.1,1.125));
#3460=DIRECTION('',(-1.0,0.0,0.0));
#3461=DIRECTION('',(0.0,0.0,1.0));
#3462=ADVANCED_FACE('',(#3463),#3474,.T.);
#3463=FACE_BOUND('',#3464,.T.);
#3464=EDGE_LOOP('',(#3465,#3466,#3467,#3473));
#3465=ORIENTED_EDGE('',*,*,#3190,.F.);
#3466=ORIENTED_EDGE('',*,*,#3382,.F.);
#3467=ORIENTED_EDGE('',*,*,#3468,.T.);
#3468=EDGE_CURVE('',#3375,#2951,#3469,.F.);
#3469=LINE('',#3470,#3471);
#3470=CARTESIAN_POINT('',(-1.125,0.1,-1.125));
#3471=VECTOR('',#3472,1.0);
#3472=DIRECTION('',(0.0,1.0,0.0));
#3473=ORIENTED_EDGE('',*,*,#2948,.F.);
#3474=PLANE('',#3475);
#3475=AXIS2_PLACEMENT_3D('',#3476,#3477,#3478);
#3476=CARTESIAN_POINT('',(-1.125,0.1,-1.125));
#3477=DIRECTION('',(-1.0,0.0,0.0));
#3478=DIRECTION('',(0.0,0.0,1.0));
#3479=ADVANCED_FACE('',(#3480),#3496,.T.);
#3480=FACE_BOUND('',#3481,.T.);
#3481=EDGE_LOOP('',(#3482,#3483,#3489,#3490));
#3482=ORIENTED_EDGE('',*,*,#3319,.F.);
#3483=ORIENTED_EDGE('',*,*,#3484,.T.);
#3484=EDGE_CURVE('',#3312,#3014,#3485,.F.);
#3485=LINE('',#3486,#3487);
#3486=CARTESIAN_POINT('',(1.125,0.1,-1.125));
#3487=VECTOR('',#3488,1.0);
#3488=DIRECTION('',(0.0,1.0,0.0));
#3489=ORIENTED_EDGE('',*,*,#3013,.F.);
#3490=ORIENTED_EDGE('',*,*,#3491,.T.);
#3491=EDGE_CURVE('',#3006,#3320,#3492,.T.);
#3492=LINE('',#3493,#3494);
#3493=CARTESIAN_POINT('',(0.375,0.1,-1.125));
#3494=VECTOR('',#3495,1.0);
#3495=DIRECTION('',(0.0,1.0,0.0));
#3496=PLANE('',#3497);
#3497=AXIS2_PLACEMENT_3D('',#3498,#3499,#3500);
#3498=CARTESIAN_POINT('',(1.125,0.1,-1.125));
#3499=DIRECTION('',(0.0,0.0,-1.0));
#3500=DIRECTION('',(-1.0,0.0,0.0));
#3501=ADVANCED_FACE('',(#3502),#3513,.T.);
#3502=FACE_BOUND('',#3503,.T.);
#3503=EDGE_LOOP('',(#3504,#3505,#3506,#3507));
#3504=ORIENTED_EDGE('',*,*,#2958,.F.);
#3505=ORIENTED_EDGE('',*,*,#3468,.F.);
#3506=ORIENTED_EDGE('',*,*,#3374,.F.);
#3507=ORIENTED_EDGE('',*,*,#3508,.T.);
#3508=EDGE_CURVE('',#3367,#2959,#3509,.F.);
#3509=LINE('',#3510,#3511);
#3510=CARTESIAN_POINT('',(-0.375,0.1,-1.125));
#3511=VECTOR('',#3512,1.0);
#3512=DIRECTION('',(0.0,1.0,0.0));
#3513=PLANE('',#3514);
#3514=AXIS2_PLACEMENT_3D('',#3515,#3516,#3517);
#3515=CARTESIAN_POINT('',(1.125,0.1,-1.125));
#3516=DIRECTION('',(0.0,0.0,-1.0));
#3517=DIRECTION('',(-1.0,0.0,0.0));
#3518=ADVANCED_FACE('',(#3519),#3535,.T.);
#3519=FACE_BOUND('',#3520,.T.);
#3520=EDGE_LOOP('',(#3521,#3522,#3528,#3529));
#3521=ORIENTED_EDGE('',*,*,#3342,.F.);
#3522=ORIENTED_EDGE('',*,*,#3523,.T.);
#3523=EDGE_CURVE('',#3335,#2991,#3524,.F.);
#3524=LINE('',#3525,#3526);
#3525=CARTESIAN_POINT('',(0.175,0.1,-1.125));
#3526=VECTOR('',#3527,1.0);
#3527=DIRECTION('',(0.0,1.0,0.0));
#3528=ORIENTED_EDGE('',*,*,#2990,.F.);
#3529=ORIENTED_EDGE('',*,*,#3530,.T.);
#3530=EDGE_CURVE('',#2983,#3343,#3531,.T.);
#3531=LINE('',#3532,#3533);
#3532=CARTESIAN_POINT('',(-0.175,0.1,-1.125));
#3533=VECTOR('',#3534,1.0);
#3534=DIRECTION('',(0.0,1.0,0.0));
#3535=PLANE('',#3536);
#3536=AXIS2_PLACEMENT_3D('',#3537,#3538,#3539);
#3537=CARTESIAN_POINT('',(1.125,0.1,-1.125));
#3538=DIRECTION('',(0.0,0.0,-1.0));
#3539=DIRECTION('',(-1.0,0.0,0.0));
#3540=ADVANCED_FACE('',(#3541),#3547,.T.);
#3541=FACE_BOUND('',#3542,.T.);
#3542=EDGE_LOOP('',(#3543,#3544,#3545,#3546));
#3543=ORIENTED_EDGE('',*,*,#3005,.F.);
#3544=ORIENTED_EDGE('',*,*,#2926,.F.);
#3545=ORIENTED_EDGE('',*,*,#3327,.F.);
#3546=ORIENTED_EDGE('',*,*,#3491,.F.);
#3547=PLANE('',#3548);
#3548=AXIS2_PLACEMENT_3D('',#3549,#3550,#3551);
#3549=CARTESIAN_POINT('',(0.375,0.1,-1.125));
#3550=DIRECTION('',(1.0,0.0,0.0));
#3551=DIRECTION('',(0.0,0.0,-1.0));
#3552=ADVANCED_FACE('',(#3553),#3559,.T.);
#3553=FACE_BOUND('',#3554,.T.);
#3554=EDGE_LOOP('',(#3555,#3556,#3557,#3558));
#3555=ORIENTED_EDGE('',*,*,#3484,.F.);
#3556=ORIENTED_EDGE('',*,*,#3311,.F.);
#3557=ORIENTED_EDGE('',*,*,#3150,.F.);
#3558=ORIENTED_EDGE('',*,*,#3021,.F.);
#3559=PLANE('',#3560);
#3560=AXIS2_PLACEMENT_3D('',#3561,#3562,#3563);
#3561=CARTESIAN_POINT('',(1.125,0.1,1.125));
#3562=DIRECTION('',(1.0,0.0,0.0));
#3563=DIRECTION('',(0.0,0.0,-1.0));
#3564=ADVANCED_FACE('',(#3565),#3576,.F.);
#3565=FACE_BOUND('',#3566,.T.);
#3566=EDGE_LOOP('',(#3567,#3568,#3569,#3575));
#3567=ORIENTED_EDGE('',*,*,#3508,.F.);
#3568=ORIENTED_EDGE('',*,*,#3366,.F.);
#3569=ORIENTED_EDGE('',*,*,#3570,.T.);
#3570=EDGE_CURVE('',#3359,#2967,#3571,.F.);
#3571=LINE('',#3572,#3573);
#3572=CARTESIAN_POINT('',(-0.375,0.1,-1.75));
#3573=VECTOR('',#3574,1.0);
#3574=DIRECTION('',(0.0,1.0,0.0));
#3575=ORIENTED_EDGE('',*,*,#2966,.F.);
#3576=PLANE('',#3577);
#3577=AXIS2_PLACEMENT_3D('',#3578,#3579,#3580);
#3578=CARTESIAN_POINT('',(-0.375,0.1,-1.125));
#3579=DIRECTION('',(1.0,0.0,0.0));
#3580=DIRECTION('',(0.0,0.0,-1.0));
#3581=ADVANCED_FACE('',(#3582),#3593,.F.);
#3582=FACE_BOUND('',#3583,.T.);
#3583=EDGE_LOOP('',(#3584,#3585,#3586,#3592));
#3584=ORIENTED_EDGE('',*,*,#3570,.F.);
#3585=ORIENTED_EDGE('',*,*,#3358,.F.);
#3586=ORIENTED_EDGE('',*,*,#3587,.T.);
#3587=EDGE_CURVE('',#3351,#2975,#3588,.F.);
#3588=LINE('',#3589,#3590);
#3589=CARTESIAN_POINT('',(-0.175,0.1,-1.75));
#3590=VECTOR('',#3591,1.0);
#3591=DIRECTION('',(0.0,1.0,0.0));
#3592=ORIENTED_EDGE('',*,*,#2974,.F.);
#3593=PLANE('',#3594);
#3594=AXIS2_PLACEMENT_3D('',#3595,#3596,#3597);
#3595=CARTESIAN_POINT('',(-0.375,0.1,-1.75));
#3596=DIRECTION('',(0.0,0.0,1.0));
#3597=DIRECTION('',(1.0,0.0,0.0));
#3598=ADVANCED_FACE('',(#3599),#3605,.F.);
#3599=FACE_BOUND('',#3600,.T.);
#3600=EDGE_LOOP('',(#3601,#3602,#3603,#3604));
#3601=ORIENTED_EDGE('',*,*,#3587,.F.);
#3602=ORIENTED_EDGE('',*,*,#3350,.F.);
#3603=ORIENTED_EDGE('',*,*,#3530,.F.);
#3604=ORIENTED_EDGE('',*,*,#2982,.F.);
#3605=PLANE('',#3606);
#3606=AXIS2_PLACEMENT_3D('',#3607,#3608,#3609);
#3607=CARTESIAN_POINT('',(-0.175,0.1,-1.75));
#3608=DIRECTION('',(-1.0,0.0,0.0));
#3609=DIRECTION('',(0.0,0.0,1.0));
#3610=ADVANCED_FACE('',(#3611),#3617,.T.);
#3611=FACE_BOUND('',#3612,.T.);
#3612=EDGE_LOOP('',(#3613,#3614,#3615,#3616));
#3613=ORIENTED_EDGE('',*,*,#3334,.F.);
#3614=ORIENTED_EDGE('',*,*,#2908,.F.);
#3615=ORIENTED_EDGE('',*,*,#2998,.F.);
#3616=ORIENTED_EDGE('',*,*,#3523,.F.);
#3617=PLANE('',#3618);
#3618=AXIS2_PLACEMENT_3D('',#3619,#3620,#3621);
#3619=CARTESIAN_POINT('',(0.175,0.1,-1.75));
#3620=DIRECTION('',(-1.0,0.0,0.0));
#3621=DIRECTION('',(0.0,0.0,1.0));
#3622=ADVANCED_FACE('',(#3623),#3648,.T.);
#3623=FACE_BOUND('',#3624,.T.);
#3624=EDGE_LOOP('',(#3625,#3635,#3641,#3642));
#3625=ORIENTED_EDGE('',*,*,#3626,.T.);
#3626=EDGE_CURVE('',#3627,#3629,#3631,.F.);
#3627=VERTEX_POINT('',#3628);
#3628=CARTESIAN_POINT('',(-1.025,0.0,-0.775));
#3629=VERTEX_POINT('',#3630);
#3630=CARTESIAN_POINT('',(-1.025,0.0,1.025));
#3631=LINE('',#3632,#3633);
#3632=CARTESIAN_POINT('',(-1.025,0.0,1.025));
#3633=VECTOR('',#3634,1.0);
#3634=DIRECTION('',(0.0,0.0,-1.0));
#3635=ORIENTED_EDGE('',*,*,#3636,.T.);
#3636=EDGE_CURVE('',#3629,#3102,#3637,.F.);
#3637=LINE('',#3638,#3639);
#3638=CARTESIAN_POINT('',(-1.025,0.1,1.025));
#3639=VECTOR('',#3640,1.0);
#3640=DIRECTION('',(0.0,-1.0,0.0));
#3641=ORIENTED_EDGE('',*,*,#3135,.F.);
#3642=ORIENTED_EDGE('',*,*,#3643,.T.);
#3643=EDGE_CURVE('',#3128,#3627,#3644,.F.);
#3644=LINE('',#3645,#3646);
#3645=CARTESIAN_POINT('',(-1.025,0.0,-0.775));
#3646=VECTOR('',#3647,1.0);
#3647=DIRECTION('',(0.0,1.0,0.0));
#3648=PLANE('',#3649);
#3649=AXIS2_PLACEMENT_3D('',#3650,#3651,#3652);
#3650=CARTESIAN_POINT('',(-1.025,0.1,1.025));
#3651=DIRECTION('',(-1.0,0.0,0.0));
#3652=DIRECTION('',(0.0,0.0,-1.0));
#3653=ADVANCED_FACE('',(#3654),#3672,.T.);
#3654=FACE_BOUND('',#3655,.T.);
#3655=EDGE_LOOP('',(#3656,#3657,#3665,#3671));
#3656=ORIENTED_EDGE('',*,*,#3127,.F.);
#3657=ORIENTED_EDGE('',*,*,#3658,.T.);
#3658=EDGE_CURVE('',#3120,#3659,#3661,.F.);
#3659=VERTEX_POINT('',#3660);
#3660=CARTESIAN_POINT('',(-0.775,0.0,-1.025));
#3661=LINE('',#3662,#3663);
#3662=CARTESIAN_POINT('',(-0.775,0.0,-1.025));
#3663=VECTOR('',#3664,1.0);
#3664=DIRECTION('',(0.0,1.0,0.0));
#3665=ORIENTED_EDGE('',*,*,#3666,.T.);
#3666=EDGE_CURVE('',#3659,#3627,#3667,.F.);
#3667=LINE('',#3668,#3669);
#3668=CARTESIAN_POINT('',(-1.025,0.0,-0.775));
#3669=VECTOR('',#3670,1.0);
#3670=DIRECTION('',(0.707106781,0.0,-0.707106781));
#3671=ORIENTED_EDGE('',*,*,#3643,.F.);
#3672=PLANE('',#3673);
#3673=AXIS2_PLACEMENT_3D('',#3674,#3675,#3676);
#3674=CARTESIAN_POINT('',(-0.9,0.05,-0.9));
#3675=DIRECTION('',(-0.707106781,0.0,-0.707106781));
#3676=DIRECTION('',(-0.707106781,0.0,0.707106781));
#3677=ADVANCED_FACE('',(#3678),#3704,.T.);
#3678=FACE_BOUND('',#3679,.T.);
#3679=EDGE_LOOP('',(#3680,#3688,#3696,#3702,#3703));
#3680=ORIENTED_EDGE('',*,*,#3681,.T.);
#3681=EDGE_CURVE('',#3659,#3682,#3684,.T.);
#3682=VERTEX_POINT('',#3683);
#3683=CARTESIAN_POINT('',(1.025,0.0,-1.025));
#3684=LINE('',#3685,#3686);
#3685=CARTESIAN_POINT('',(-0.775,0.0,-1.025));
#3686=VECTOR('',#3687,1.0);
#3687=DIRECTION('',(1.0,0.0,0.0));
#3688=ORIENTED_EDGE('',*,*,#3689,.T.);
#3689=EDGE_CURVE('',#3682,#3690,#3692,.T.);
#3690=VERTEX_POINT('',#3691);
#3691=CARTESIAN_POINT('',(1.025,0.0,1.025));
#3692=LINE('',#3693,#3694);
#3693=CARTESIAN_POINT('',(1.025,0.0,-1.025));
#3694=VECTOR('',#3695,1.0);
#3695=DIRECTION('',(0.0,0.0,1.0));
#3696=ORIENTED_EDGE('',*,*,#3697,.T.);
#3697=EDGE_CURVE('',#3690,#3629,#3698,.T.);
#3698=LINE('',#3699,#3700);
#3699=CARTESIAN_POINT('',(1.025,0.0,1.025));
#3700=VECTOR('',#3701,1.0);
#3701=DIRECTION('',(-1.0,0.0,0.0));
#3702=ORIENTED_EDGE('',*,*,#3626,.F.);
#3703=ORIENTED_EDGE('',*,*,#3666,.F.);
#3704=PLANE('',#3705);
#3705=AXIS2_PLACEMENT_3D('',#3706,#3707,#3708);
#3706=CARTESIAN_POINT('',(0.0,0.0,0.0));
#3707=DIRECTION('',(0.0,-1.0,0.0));
#3708=DIRECTION('',(-1.0,0.0,0.0));
#3709=ADVANCED_FACE('',(#3710),#3721,.T.);
#3710=FACE_BOUND('',#3711,.T.);
#3711=EDGE_LOOP('',(#3712,#3713,#3714,#3720));
#3712=ORIENTED_EDGE('',*,*,#3636,.F.);
#3713=ORIENTED_EDGE('',*,*,#3697,.F.);
#3714=ORIENTED_EDGE('',*,*,#3715,.T.);
#3715=EDGE_CURVE('',#3690,#3104,#3716,.F.);
#3716=LINE('',#3717,#3718);
#3717=CARTESIAN_POINT('',(1.025,0.1,1.025));
#3718=VECTOR('',#3719,1.0);
#3719=DIRECTION('',(0.0,-1.0,0.0));
#3720=ORIENTED_EDGE('',*,*,#3101,.F.);
#3721=PLANE('',#3722);
#3722=AXIS2_PLACEMENT_3D('',#3723,#3724,#3725);
#3723=CARTESIAN_POINT('',(1.025,0.1,1.025));
#3724=DIRECTION('',(0.0,0.0,1.0));
#3725=DIRECTION('',(-1.0,0.0,0.0));
#3726=ADVANCED_FACE('',(#3727),#3738,.T.);
#3727=FACE_BOUND('',#3728,.T.);
#3728=EDGE_LOOP('',(#3729,#3730,#3731,#3737));
#3729=ORIENTED_EDGE('',*,*,#3715,.F.);
#3730=ORIENTED_EDGE('',*,*,#3689,.F.);
#3731=ORIENTED_EDGE('',*,*,#3732,.T.);
#3732=EDGE_CURVE('',#3682,#3112,#3733,.F.);
#3733=LINE('',#3734,#3735);
#3734=CARTESIAN_POINT('',(1.025,0.1,-1.025));
#3735=VECTOR('',#3736,1.0);
#3736=DIRECTION('',(0.0,-1.0,0.0));
#3737=ORIENTED_EDGE('',*,*,#3111,.F.);
#3738=PLANE('',#3739);
#3739=AXIS2_PLACEMENT_3D('',#3740,#3741,#3742);
#3740=CARTESIAN_POINT('',(1.025,0.1,-1.025));
#3741=DIRECTION('',(1.0,0.0,0.0));
#3742=DIRECTION('',(0.0,0.0,1.0));
#3743=ADVANCED_FACE('',(#3744),#3750,.T.);
#3744=FACE_BOUND('',#3745,.T.);
#3745=EDGE_LOOP('',(#3746,#3747,#3748,#3749));
#3746=ORIENTED_EDGE('',*,*,#3119,.F.);
#3747=ORIENTED_EDGE('',*,*,#3732,.F.);
#3748=ORIENTED_EDGE('',*,*,#3681,.F.);
#3749=ORIENTED_EDGE('',*,*,#3658,.F.);
#3750=PLANE('',#3751);
#3751=AXIS2_PLACEMENT_3D('',#3752,#3753,#3754);
#3752=CARTESIAN_POINT('',(-1.025,0.1,-1.025));
#3753=DIRECTION('',(0.0,0.0,-1.0));
#3754=DIRECTION('',(1.0,0.0,0.0));
#3755=MANIFOLD_SOLID_BREP('',#3756);
#3756=CLOSED_SHELL('',(#3757,#3798,#3829,#3853,#3877,#3895));
#3757=ADVANCED_FACE('',(#3758),#3793,.F.);
#3758=FACE_BOUND('',#3759,.T.);
#3759=EDGE_LOOP('',(#3760,#3770,#3778,#3787));
#3760=ORIENTED_EDGE('',*,*,#3761,.T.);
#3761=EDGE_CURVE('',#3762,#3764,#3766,.F.);
#3762=VERTEX_POINT('',#3763);
#3763=CARTESIAN_POINT('',(1.75,0.0,0.88));
#3764=VERTEX_POINT('',#3765);
#3765=CARTESIAN_POINT('',(1.75,0.0,1.12));
#3766=LINE('',#3767,#3768);
#3767=CARTESIAN_POINT('',(1.75,0.0,1.12));
#3768=VECTOR('',#3769,1.0);
#3769=DIRECTION('',(0.0,0.0,-1.0));
#3770=ORIENTED_EDGE('',*,*,#3771,.T.);
#3771=EDGE_CURVE('',#3764,#3772,#3774,.F.);
#3772=VERTEX_POINT('',#3773);
#3773=CARTESIAN_POINT('',(1.47,0.0,1.12));
#3774=LINE('',#3775,#3776);
#3775=CARTESIAN_POINT('',(1.47,0.0,1.12));
#3776=VECTOR('',#3777,1.0);
#3777=DIRECTION('',(1.0,0.0,0.0));
#3778=ORIENTED_EDGE('',*,*,#3779,.T.);
#3779=EDGE_CURVE('',#3772,#3780,#3782,.F.);
#3780=VERTEX_POINT('',#3781);
#3781=CARTESIAN_POINT('',(1.47,0.0,0.88));
#3782=CIRCLE('',#3783,0.12);
#3783=AXIS2_PLACEMENT_3D('',#3784,#3785,#3786);
#3784=CARTESIAN_POINT('',(1.47,0.0,1.0));
#3785=DIRECTION('',(0.0,1.0,0.0));
#3786=DIRECTION('',(0.0,0.0,-1.0));
#3787=ORIENTED_EDGE('',*,*,#3788,.T.);
#3788=EDGE_CURVE('',#3780,#3762,#3789,.F.);
#3789=LINE('',#3790,#3791);
#3790=CARTESIAN_POINT('',(1.75,0.0,0.88));
#3791=VECTOR('',#3792,1.0);
#3792=DIRECTION('',(-1.0,0.0,0.0));
#3793=PLANE('',#3794);
#3794=AXIS2_PLACEMENT_3D('',#3795,#3796,#3797);
#3795=CARTESIAN_POINT('',(0.0,0.0,0.0));
#3796=DIRECTION('',(0.0,1.0,0.0));
#3797=DIRECTION('',(1.0,0.0,0.0));
#3798=ADVANCED_FACE('',(#3799),#3824,.T.);
#3799=FACE_BOUND('',#3800,.T.);
#3800=EDGE_LOOP('',(#3801,#3809,#3817,#3823));
#3801=ORIENTED_EDGE('',*,*,#3802,.T.);
#3802=EDGE_CURVE('',#3780,#3803,#3805,.T.);
#3803=VERTEX_POINT('',#3804);
#3804=CARTESIAN_POINT('',(1.47,0.2,0.88));
#3805=LINE('',#3806,#3807);
#3806=CARTESIAN_POINT('',(1.47,0.0,0.88));
#3807=VECTOR('',#3808,1.0);
#3808=DIRECTION('',(0.0,1.0,0.0));
#3809=ORIENTED_EDGE('',*,*,#3810,.T.);
#3810=EDGE_CURVE('',#3803,#3811,#3813,.F.);
#3811=VERTEX_POINT('',#3812);
#3812=CARTESIAN_POINT('',(1.75,0.2,0.88));
#3813=LINE('',#3814,#3815);
#3814=CARTESIAN_POINT('',(1.75,0.2,0.88));
#3815=VECTOR('',#3816,1.0);
#3816=DIRECTION('',(-1.0,0.0,0.0));
#3817=ORIENTED_EDGE('',*,*,#3818,.T.);
#3818=EDGE_CURVE('',#3811,#3762,#3819,.F.);
#3819=LINE('',#3820,#3821);
#3820=CARTESIAN_POINT('',(1.75,0.0,0.88));
#3821=VECTOR('',#3822,1.0);
#3822=DIRECTION('',(0.0,1.0,0.0));
#3823=ORIENTED_EDGE('',*,*,#3788,.F.);
#3824=PLANE('',#3825);
#3825=AXIS2_PLACEMENT_3D('',#3826,#3827,#3828);
#3826=CARTESIAN_POINT('',(1.75,0.0,0.88));
#3827=DIRECTION('',(0.0,0.0,-1.0));
#3828=DIRECTION('',(-1.0,0.0,0.0));
#3829=ADVANCED_FACE('',(#3830),#3848,.T.);
#3830=FACE_BOUND('',#3831,.T.);
#3831=EDGE_LOOP('',(#3832,#3833,#3841,#3847));
#3832=ORIENTED_EDGE('',*,*,#3818,.F.);
#3833=ORIENTED_EDGE('',*,*,#3834,.T.);
#3834=EDGE_CURVE('',#3811,#3835,#3837,.F.);
#3835=VERTEX_POINT('',#3836);
#3836=CARTESIAN_POINT('',(1.75,0.2,1.12));
#3837=LINE('',#3838,#3839);
#3838=CARTESIAN_POINT('',(1.75,0.2,1.12));
#3839=VECTOR('',#3840,1.0);
#3840=DIRECTION('',(0.0,0.0,-1.0));
#3841=ORIENTED_EDGE('',*,*,#3842,.T.);
#3842=EDGE_CURVE('',#3835,#3764,#3843,.F.);
#3843=LINE('',#3844,#3845);
#3844=CARTESIAN_POINT('',(1.75,0.0,1.12));
#3845=VECTOR('',#3846,1.0);
#3846=DIRECTION('',(0.0,1.0,0.0));
#3847=ORIENTED_EDGE('',*,*,#3761,.F.);
#3848=PLANE('',#3849);
#3849=AXIS2_PLACEMENT_3D('',#3850,#3851,#3852);
#3850=CARTESIAN_POINT('',(1.75,0.0,1.12));
#3851=DIRECTION('',(1.0,0.0,0.0));
#3852=DIRECTION('',(0.0,0.0,-1.0));
#3853=ADVANCED_FACE('',(#3854),#3872,.T.);
#3854=FACE_BOUND('',#3855,.T.);
#3855=EDGE_LOOP('',(#3856,#3857,#3865,#3871));
#3856=ORIENTED_EDGE('',*,*,#3842,.F.);
#3857=ORIENTED_EDGE('',*,*,#3858,.T.);
#3858=EDGE_CURVE('',#3835,#3859,#3861,.F.);
#3859=VERTEX_POINT('',#3860);
#3860=CARTESIAN_POINT('',(1.47,0.2,1.12));
#3861=LINE('',#3862,#3863);
#3862=CARTESIAN_POINT('',(1.47,0.2,1.12));
#3863=VECTOR('',#3864,1.0);
#3864=DIRECTION('',(1.0,0.0,0.0));
#3865=ORIENTED_EDGE('',*,*,#3866,.T.);
#3866=EDGE_CURVE('',#3859,#3772,#3867,.F.);
#3867=LINE('',#3868,#3869);
#3868=CARTESIAN_POINT('',(1.47,0.0,1.12));
#3869=VECTOR('',#3870,1.0);
#3870=DIRECTION('',(0.0,1.0,0.0));
#3871=ORIENTED_EDGE('',*,*,#3771,.F.);
#3872=PLANE('',#3873);
#3873=AXIS2_PLACEMENT_3D('',#3874,#3875,#3876);
#3874=CARTESIAN_POINT('',(1.47,0.0,1.12));
#3875=DIRECTION('',(0.0,0.0,1.0));
#3876=DIRECTION('',(1.0,0.0,0.0));
#3877=ADVANCED_FACE('',(#3878),#3890,.T.);
#3878=FACE_BOUND('',#3879,.T.);
#3879=EDGE_LOOP('',(#3880,#3881,#3888,#3889));
#3880=ORIENTED_EDGE('',*,*,#3866,.F.);
#3881=ORIENTED_EDGE('',*,*,#3882,.T.);
#3882=EDGE_CURVE('',#3859,#3803,#3883,.F.);
#3883=CIRCLE('',#3884,0.12);
#3884=AXIS2_PLACEMENT_3D('',#3885,#3886,#3887);
#3885=CARTESIAN_POINT('',(1.47,0.2,1.0));
#3886=DIRECTION('',(0.0,1.0,0.0));
#3887=DIRECTION('',(0.0,0.0,-1.0));
#3888=ORIENTED_EDGE('',*,*,#3802,.F.);
#3889=ORIENTED_EDGE('',*,*,#3779,.F.);
#3890=CYLINDRICAL_SURFACE('',#3891,0.12);
#3891=AXIS2_PLACEMENT_3D('',#3892,#3893,#3894);
#3892=CARTESIAN_POINT('',(1.47,0.0,1.0));
#3893=DIRECTION('',(0.0,1.0,0.0));
#3894=DIRECTION('',(1.0,0.0,0.0));
#3895=ADVANCED_FACE('',(#3896),#3902,.T.);
#3896=FACE_BOUND('',#3897,.T.);
#3897=EDGE_LOOP('',(#3898,#3899,#3900,#3901));
#3898=ORIENTED_EDGE('',*,*,#3882,.F.);
#3899=ORIENTED_EDGE('',*,*,#3858,.F.);
#3900=ORIENTED_EDGE('',*,*,#3834,.F.);
#3901=ORIENTED_EDGE('',*,*,#3810,.F.);
#3902=PLANE('',#3903);
#3903=AXIS2_PLACEMENT_3D('',#3904,#3905,#3906);
#3904=CARTESIAN_POINT('',(0.0,0.2,0.0));
#3905=DIRECTION('',(0.0,1.0,0.0));
#3906=DIRECTION('',(1.0,0.0,0.0));
#3907=MANIFOLD_SOLID_BREP('',#3908);
#3908=CLOSED_SHELL('',(#3909,#3950,#3981,#4005,#4029,#4047));
#3909=ADVANCED_FACE('',(#3910),#3945,.F.);
#3910=FACE_BOUND('',#3911,.T.);
#3911=EDGE_LOOP('',(#3912,#3922,#3930,#3939));
#3912=ORIENTED_EDGE('',*,*,#3913,.T.);
#3913=EDGE_CURVE('',#3914,#3916,#3918,.F.);
#3914=VERTEX_POINT('',#3915);
#3915=CARTESIAN_POINT('',(1.75,0.0,0.38));
#3916=VERTEX_POINT('',#3917);
#3917=CARTESIAN_POINT('',(1.75,0.0,0.62));
#3918=LINE('',#3919,#3920);
#3919=CARTESIAN_POINT('',(1.75,0.0,0.62));
#3920=VECTOR('',#3921,1.0);
#3921=DIRECTION('',(0.0,0.0,-1.0));
#3922=ORIENTED_EDGE('',*,*,#3923,.T.);
#3923=EDGE_CURVE('',#3916,#3924,#3926,.F.);
#3924=VERTEX_POINT('',#3925);
#3925=CARTESIAN_POINT('',(1.47,0.0,0.62));
#3926=LINE('',#3927,#3928);
#3927=CARTESIAN_POINT('',(1.47,0.0,0.62));
#3928=VECTOR('',#3929,1.0);
#3929=DIRECTION('',(1.0,0.0,0.0));
#3930=ORIENTED_EDGE('',*,*,#3931,.T.);
#3931=EDGE_CURVE('',#3924,#3932,#3934,.F.);
#3932=VERTEX_POINT('',#3933);
#3933=CARTESIAN_POINT('',(1.47,0.0,0.38));
#3934=CIRCLE('',#3935,0.12);
#3935=AXIS2_PLACEMENT_3D('',#3936,#3937,#3938);
#3936=CARTESIAN_POINT('',(1.47,0.0,0.5));
#3937=DIRECTION('',(0.0,1.0,0.0));
#3938=DIRECTION('',(0.0,0.0,-1.0));
#3939=ORIENTED_EDGE('',*,*,#3940,.T.);
#3940=EDGE_CURVE('',#3932,#3914,#3941,.F.);
#3941=LINE('',#3942,#3943);
#3942=CARTESIAN_POINT('',(1.75,0.0,0.38));
#3943=VECTOR('',#3944,1.0);
#3944=DIRECTION('',(-1.0,0.0,0.0));
#3945=PLANE('',#3946);
#3946=AXIS2_PLACEMENT_3D('',#3947,#3948,#3949);
#3947=CARTESIAN_POINT('',(0.0,0.0,0.0));
#3948=DIRECTION('',(0.0,1.0,0.0));
#3949=DIRECTION('',(1.0,0.0,0.0));
#3950=ADVANCED_FACE('',(#3951),#3976,.T.);
#3951=FACE_BOUND('',#3952,.T.);
#3952=EDGE_LOOP('',(#3953,#3961,#3969,#3975));
#3953=ORIENTED_EDGE('',*,*,#3954,.T.);
#3954=EDGE_CURVE('',#3932,#3955,#3957,.T.);
#3955=VERTEX_POINT('',#3956);
#3956=CARTESIAN_POINT('',(1.47,0.2,0.38));
#3957=LINE('',#3958,#3959);
#3958=CARTESIAN_POINT('',(1.47,0.0,0.38));
#3959=VECTOR('',#3960,1.0);
#3960=DIRECTION('',(0.0,1.0,0.0));
#3961=ORIENTED_EDGE('',*,*,#3962,.T.);
#3962=EDGE_CURVE('',#3955,#3963,#3965,.F.);
#3963=VERTEX_POINT('',#3964);
#3964=CARTESIAN_POINT('',(1.75,0.2,0.38));
#3965=LINE('',#3966,#3967);
#3966=CARTESIAN_POINT('',(1.75,0.2,0.38));
#3967=VECTOR('',#3968,1.0);
#3968=DIRECTION('',(-1.0,0.0,0.0));
#3969=ORIENTED_EDGE('',*,*,#3970,.T.);
#3970=EDGE_CURVE('',#3963,#3914,#3971,.F.);
#3971=LINE('',#3972,#3973);
#3972=CARTESIAN_POINT('',(1.75,0.0,0.38));
#3973=VECTOR('',#3974,1.0);
#3974=DIRECTION('',(0.0,1.0,0.0));
#3975=ORIENTED_EDGE('',*,*,#3940,.F.);
#3976=PLANE('',#3977);
#3977=AXIS2_PLACEMENT_3D('',#3978,#3979,#3980);
#3978=CARTESIAN_POINT('',(1.75,0.0,0.38));
#3979=DIRECTION('',(0.0,0.0,-1.0));
#3980=DIRECTION('',(-1.0,0.0,0.0));
#3981=ADVANCED_FACE('',(#3982),#4000,.T.);
#3982=FACE_BOUND('',#3983,.T.);
#3983=EDGE_LOOP('',(#3984,#3985,#3993,#3999));
#3984=ORIENTED_EDGE('',*,*,#3970,.F.);
#3985=ORIENTED_EDGE('',*,*,#3986,.T.);
#3986=EDGE_CURVE('',#3963,#3987,#3989,.F.);
#3987=VERTEX_POINT('',#3988);
#3988=CARTESIAN_POINT('',(1.75,0.2,0.62));
#3989=LINE('',#3990,#3991);
#3990=CARTESIAN_POINT('',(1.75,0.2,0.62));
#3991=VECTOR('',#3992,1.0);
#3992=DIRECTION('',(0.0,0.0,-1.0));
#3993=ORIENTED_EDGE('',*,*,#3994,.T.);
#3994=EDGE_CURVE('',#3987,#3916,#3995,.F.);
#3995=LINE('',#3996,#3997);
#3996=CARTESIAN_POINT('',(1.75,0.0,0.62));
#3997=VECTOR('',#3998,1.0);
#3998=DIRECTION('',(0.0,1.0,0.0));
#3999=ORIENTED_EDGE('',*,*,#3913,.F.);
#4000=PLANE('',#4001);
#4001=AXIS2_PLACEMENT_3D('',#4002,#4003,#4004);
#4002=CARTESIAN_POINT('',(1.75,0.0,0.62));
#4003=DIRECTION('',(1.0,0.0,0.0));
#4004=DIRECTION('',(0.0,0.0,-1.0));
#4005=ADVANCED_FACE('',(#4006),#4024,.T.);
#4006=FACE_BOUND('',#4007,.T.);
#4007=EDGE_LOOP('',(#4008,#4009,#4017,#4023));
#4008=ORIENTED_EDGE('',*,*,#3994,.F.);
#4009=ORIENTED_EDGE('',*,*,#4010,.T.);
#4010=EDGE_CURVE('',#3987,#4011,#4013,.F.);
#4011=VERTEX_POINT('',#4012);
#4012=CARTESIAN_POINT('',(1.47,0.2,0.62));
#4013=LINE('',#4014,#4015);
#4014=CARTESIAN_POINT('',(1.47,0.2,0.62));
#4015=VECTOR('',#4016,1.0);
#4016=DIRECTION('',(1.0,0.0,0.0));
#4017=ORIENTED_EDGE('',*,*,#4018,.T.);
#4018=EDGE_CURVE('',#4011,#3924,#4019,.F.);
#4019=LINE('',#4020,#4021);
#4020=CARTESIAN_POINT('',(1.47,0.0,0.62));
#4021=VECTOR('',#4022,1.0);
#4022=DIRECTION('',(0.0,1.0,0.0));
#4023=ORIENTED_EDGE('',*,*,#3923,.F.);
#4024=PLANE('',#4025);
#4025=AXIS2_PLACEMENT_3D('',#4026,#4027,#4028);
#4026=CARTESIAN_POINT('',(1.47,0.0,0.62));
#4027=DIRECTION('',(0.0,0.0,1.0));
#4028=DIRECTION('',(1.0,0.0,0.0));
#4029=ADVANCED_FACE('',(#4030),#4042,.T.);
#4030=FACE_BOUND('',#4031,.T.);
#4031=EDGE_LOOP('',(#4032,#4033,#4040,#4041));
#4032=ORIENTED_EDGE('',*,*,#4018,.F.);
#4033=ORIENTED_EDGE('',*,*,#4034,.T.);
#4034=EDGE_CURVE('',#4011,#3955,#4035,.F.);
#4035=CIRCLE('',#4036,0.12);
#4036=AXIS2_PLACEMENT_3D('',#4037,#4038,#4039);
#4037=CARTESIAN_POINT('',(1.47,0.2,0.5));
#4038=DIRECTION('',(0.0,1.0,0.0));
#4039=DIRECTION('',(0.0,0.0,-1.0));
#4040=ORIENTED_EDGE('',*,*,#3954,.F.);
#4041=ORIENTED_EDGE('',*,*,#3931,.F.);
#4042=CYLINDRICAL_SURFACE('',#4043,0.12);
#4043=AXIS2_PLACEMENT_3D('',#4044,#4045,#4046);
#4044=CARTESIAN_POINT('',(1.47,0.0,0.5));
#4045=DIRECTION('',(0.0,1.0,0.0));
#4046=DIRECTION('',(1.0,0.0,0.0));
#4047=ADVANCED_FACE('',(#4048),#4054,.T.);
#4048=FACE_BOUND('',#4049,.T.);
#4049=EDGE_LOOP('',(#4050,#4051,#4052,#4053));
#4050=ORIENTED_EDGE('',*,*,#4034,.F.);
#4051=ORIENTED_EDGE('',*,*,#4010,.F.);
#4052=ORIENTED_EDGE('',*,*,#3986,.F.);
#4053=ORIENTED_EDGE('',*,*,#3962,.F.);
#4054=PLANE('',#4055);
#4055=AXIS2_PLACEMENT_3D('',#4056,#4057,#4058);
#4056=CARTESIAN_POINT('',(0.0,0.2,0.0));
#4057=DIRECTION('',(0.0,1.0,0.0));
#4058=DIRECTION('',(1.0,0.0,0.0));
#4059=MANIFOLD_SOLID_BREP('',#4060);
#4060=CLOSED_SHELL('',(#4061,#4102,#4133,#4157,#4181,#4199));
#4061=ADVANCED_FACE('',(#4062),#4097,.F.);
#4062=FACE_BOUND('',#4063,.T.);
#4063=EDGE_LOOP('',(#4064,#4074,#4082,#4091));
#4064=ORIENTED_EDGE('',*,*,#4065,.T.);
#4065=EDGE_CURVE('',#4066,#4068,#4070,.F.);
#4066=VERTEX_POINT('',#4067);
#4067=CARTESIAN_POINT('',(1.75,0.0,-0.12));
#4068=VERTEX_POINT('',#4069);
#4069=CARTESIAN_POINT('',(1.75,0.0,0.12));
#4070=LINE('',#4071,#4072);
#4071=CARTESIAN_POINT('',(1.75,0.0,0.12));
#4072=VECTOR('',#4073,1.0);
#4073=DIRECTION('',(0.0,0.0,-1.0));
#4074=ORIENTED_EDGE('',*,*,#4075,.T.);
#4075=EDGE_CURVE('',#4068,#4076,#4078,.F.);
#4076=VERTEX_POINT('',#4077);
#4077=CARTESIAN_POINT('',(1.47,0.0,0.12));
#4078=LINE('',#4079,#4080);
#4079=CARTESIAN_POINT('',(1.47,0.0,0.12));
#4080=VECTOR('',#4081,1.0);
#4081=DIRECTION('',(1.0,0.0,0.0));
#4082=ORIENTED_EDGE('',*,*,#4083,.T.);
#4083=EDGE_CURVE('',#4076,#4084,#4086,.F.);
#4084=VERTEX_POINT('',#4085);
#4085=CARTESIAN_POINT('',(1.47,0.0,-0.12));
#4086=CIRCLE('',#4087,0.12);
#4087=AXIS2_PLACEMENT_3D('',#4088,#4089,#4090);
#4088=CARTESIAN_POINT('',(1.47,0.0,0.0));
#4089=DIRECTION('',(0.0,1.0,0.0));
#4090=DIRECTION('',(0.0,0.0,-1.0));
#4091=ORIENTED_EDGE('',*,*,#4092,.T.);
#4092=EDGE_CURVE('',#4084,#4066,#4093,.F.);
#4093=LINE('',#4094,#4095);
#4094=CARTESIAN_POINT('',(1.75,0.0,-0.12));
#4095=VECTOR('',#4096,1.0);
#4096=DIRECTION('',(-1.0,0.0,0.0));
#4097=PLANE('',#4098);
#4098=AXIS2_PLACEMENT_3D('',#4099,#4100,#4101);
#4099=CARTESIAN_POINT('',(0.0,0.0,0.0));
#4100=DIRECTION('',(0.0,1.0,0.0));
#4101=DIRECTION('',(1.0,0.0,0.0));
#4102=ADVANCED_FACE('',(#4103),#4128,.T.);
#4103=FACE_BOUND('',#4104,.T.);
#4104=EDGE_LOOP('',(#4105,#4113,#4121,#4127));
#4105=ORIENTED_EDGE('',*,*,#4106,.T.);
#4106=EDGE_CURVE('',#4084,#4107,#4109,.T.);
#4107=VERTEX_POINT('',#4108);
#4108=CARTESIAN_POINT('',(1.47,0.2,-0.12));
#4109=LINE('',#4110,#4111);
#4110=CARTESIAN_POINT('',(1.47,0.0,-0.12));
#4111=VECTOR('',#4112,1.0);
#4112=DIRECTION('',(0.0,1.0,0.0));
#4113=ORIENTED_EDGE('',*,*,#4114,.T.);
#4114=EDGE_CURVE('',#4107,#4115,#4117,.F.);
#4115=VERTEX_POINT('',#4116);
#4116=CARTESIAN_POINT('',(1.75,0.2,-0.12));
#4117=LINE('',#4118,#4119);
#4118=CARTESIAN_POINT('',(1.75,0.2,-0.12));
#4119=VECTOR('',#4120,1.0);
#4120=DIRECTION('',(-1.0,0.0,0.0));
#4121=ORIENTED_EDGE('',*,*,#4122,.T.);
#4122=EDGE_CURVE('',#4115,#4066,#4123,.F.);
#4123=LINE('',#4124,#4125);
#4124=CARTESIAN_POINT('',(1.75,0.0,-0.12));
#4125=VECTOR('',#4126,1.0);
#4126=DIRECTION('',(0.0,1.0,0.0));
#4127=ORIENTED_EDGE('',*,*,#4092,.F.);
#4128=PLANE('',#4129);
#4129=AXIS2_PLACEMENT_3D('',#4130,#4131,#4132);
#4130=CARTESIAN_POINT('',(1.75,0.0,-0.12));
#4131=DIRECTION('',(0.0,0.0,-1.0));
#4132=DIRECTION('',(-1.0,0.0,0.0));
#4133=ADVANCED_FACE('',(#4134),#4152,.T.);
#4134=FACE_BOUND('',#4135,.T.);
#4135=EDGE_LOOP('',(#4136,#4137,#4145,#4151));
#4136=ORIENTED_EDGE('',*,*,#4122,.F.);
#4137=ORIENTED_EDGE('',*,*,#4138,.T.);
#4138=EDGE_CURVE('',#4115,#4139,#4141,.F.);
#4139=VERTEX_POINT('',#4140);
#4140=CARTESIAN_POINT('',(1.75,0.2,0.12));
#4141=LINE('',#4142,#4143);
#4142=CARTESIAN_POINT('',(1.75,0.2,0.12));
#4143=VECTOR('',#4144,1.0);
#4144=DIRECTION('',(0.0,0.0,-1.0));
#4145=ORIENTED_EDGE('',*,*,#4146,.T.);
#4146=EDGE_CURVE('',#4139,#4068,#4147,.F.);
#4147=LINE('',#4148,#4149);
#4148=CARTESIAN_POINT('',(1.75,0.0,0.12));
#4149=VECTOR('',#4150,1.0);
#4150=DIRECTION('',(0.0,1.0,0.0));
#4151=ORIENTED_EDGE('',*,*,#4065,.F.);
#4152=PLANE('',#4153);
#4153=AXIS2_PLACEMENT_3D('',#4154,#4155,#4156);
#4154=CARTESIAN_POINT('',(1.75,0.0,0.12));
#4155=DIRECTION('',(1.0,0.0,0.0));
#4156=DIRECTION('',(0.0,0.0,-1.0));
#4157=ADVANCED_FACE('',(#4158),#4176,.T.);
#4158=FACE_BOUND('',#4159,.T.);
#4159=EDGE_LOOP('',(#4160,#4161,#4169,#4175));
#4160=ORIENTED_EDGE('',*,*,#4146,.F.);
#4161=ORIENTED_EDGE('',*,*,#4162,.T.);
#4162=EDGE_CURVE('',#4139,#4163,#4165,.F.);
#4163=VERTEX_POINT('',#4164);
#4164=CARTESIAN_POINT('',(1.47,0.2,0.12));
#4165=LINE('',#4166,#4167);
#4166=CARTESIAN_POINT('',(1.47,0.2,0.12));
#4167=VECTOR('',#4168,1.0);
#4168=DIRECTION('',(1.0,0.0,0.0));
#4169=ORIENTED_EDGE('',*,*,#4170,.T.);
#4170=EDGE_CURVE('',#4163,#4076,#4171,.F.);
#4171=LINE('',#4172,#4173);
#4172=CARTESIAN_POINT('',(1.47,0.0,0.12));
#4173=VECTOR('',#4174,1.0);
#4174=DIRECTION('',(0.0,1.0,0.0));
#4175=ORIENTED_EDGE('',*,*,#4075,.F.);
#4176=PLANE('',#4177);
#4177=AXIS2_PLACEMENT_3D('',#4178,#4179,#4180);
#4178=CARTESIAN_POINT('',(1.47,0.0,0.12));
#4179=DIRECTION('',(0.0,0.0,1.0));
#4180=DIRECTION('',(1.0,0.0,0.0));
#4181=ADVANCED_FACE('',(#4182),#4194,.T.);
#4182=FACE_BOUND('',#4183,.T.);
#4183=EDGE_LOOP('',(#4184,#4185,#4192,#4193));
#4184=ORIENTED_EDGE('',*,*,#4170,.F.);
#4185=ORIENTED_EDGE('',*,*,#4186,.T.);
#4186=EDGE_CURVE('',#4163,#4107,#4187,.F.);
#4187=CIRCLE('',#4188,0.12);
#4188=AXIS2_PLACEMENT_3D('',#4189,#4190,#4191);
#4189=CARTESIAN_POINT('',(1.47,0.2,0.0));
#4190=DIRECTION('',(0.0,1.0,0.0));
#4191=DIRECTION('',(0.0,0.0,-1.0));
#4192=ORIENTED_EDGE('',*,*,#4106,.F.);
#4193=ORIENTED_EDGE('',*,*,#4083,.F.);
#4194=CYLINDRICAL_SURFACE('',#4195,0.12);
#4195=AXIS2_PLACEMENT_3D('',#4196,#4197,#4198);
#4196=CARTESIAN_POINT('',(1.47,0.0,0.0));
#4197=DIRECTION('',(0.0,1.0,0.0));
#4198=DIRECTION('',(1.0,0.0,0.0));
#4199=ADVANCED_FACE('',(#4200),#4206,.T.);
#4200=FACE_BOUND('',#4201,.T.);
#4201=EDGE_LOOP('',(#4202,#4203,#4204,#4205));
#4202=ORIENTED_EDGE('',*,*,#4186,.F.);
#4203=ORIENTED_EDGE('',*,*,#4162,.F.);
#4204=ORIENTED_EDGE('',*,*,#4138,.F.);
#4205=ORIENTED_EDGE('',*,*,#4114,.F.);
#4206=PLANE('',#4207);
#4207=AXIS2_PLACEMENT_3D('',#4208,#4209,#4210);
#4208=CARTESIAN_POINT('',(0.0,0.2,0.0));
#4209=DIRECTION('',(0.0,1.0,0.0));
#4210=DIRECTION('',(1.0,0.0,0.0));
#4211=MANIFOLD_SOLID_BREP('',#4212);
#4212=CLOSED_SHELL('',(#4213,#4254,#4285,#4309,#4333,#4351));
#4213=ADVANCED_FACE('',(#4214),#4249,.F.);
#4214=FACE_BOUND('',#4215,.T.);
#4215=EDGE_LOOP('',(#4216,#4226,#4234,#4243));
#4216=ORIENTED_EDGE('',*,*,#4217,.T.);
#4217=EDGE_CURVE('',#4218,#4220,#4222,.F.);
#4218=VERTEX_POINT('',#4219);
#4219=CARTESIAN_POINT('',(1.75,0.0,-0.62));
#4220=VERTEX_POINT('',#4221);
#4221=CARTESIAN_POINT('',(1.75,0.0,-0.38));
#4222=LINE('',#4223,#4224);
#4223=CARTESIAN_POINT('',(1.75,0.0,-0.38));
#4224=VECTOR('',#4225,1.0);
#4225=DIRECTION('',(0.0,0.0,-1.0));
#4226=ORIENTED_EDGE('',*,*,#4227,.T.);
#4227=EDGE_CURVE('',#4220,#4228,#4230,.F.);
#4228=VERTEX_POINT('',#4229);
#4229=CARTESIAN_POINT('',(1.47,0.0,-0.38));
#4230=LINE('',#4231,#4232);
#4231=CARTESIAN_POINT('',(1.47,0.0,-0.38));
#4232=VECTOR('',#4233,1.0);
#4233=DIRECTION('',(1.0,0.0,0.0));
#4234=ORIENTED_EDGE('',*,*,#4235,.T.);
#4235=EDGE_CURVE('',#4228,#4236,#4238,.F.);
#4236=VERTEX_POINT('',#4237);
#4237=CARTESIAN_POINT('',(1.47,0.0,-0.62));
#4238=CIRCLE('',#4239,0.12);
#4239=AXIS2_PLACEMENT_3D('',#4240,#4241,#4242);
#4240=CARTESIAN_POINT('',(1.47,0.0,-0.5));
#4241=DIRECTION('',(0.0,1.0,0.0));
#4242=DIRECTION('',(0.0,0.0,-1.0));
#4243=ORIENTED_EDGE('',*,*,#4244,.T.);
#4244=EDGE_CURVE('',#4236,#4218,#4245,.F.);
#4245=LINE('',#4246,#4247);
#4246=CARTESIAN_POINT('',(1.75,0.0,-0.62));
#4247=VECTOR('',#4248,1.0);
#4248=DIRECTION('',(-1.0,0.0,0.0));
#4249=PLANE('',#4250);
#4250=AXIS2_PLACEMENT_3D('',#4251,#4252,#4253);
#4251=CARTESIAN_POINT('',(0.0,0.0,0.0));
#4252=DIRECTION('',(0.0,1.0,0.0));
#4253=DIRECTION('',(1.0,0.0,0.0));
#4254=ADVANCED_FACE('',(#4255),#4280,.T.);
#4255=FACE_BOUND('',#4256,.T.);
#4256=EDGE_LOOP('',(#4257,#4265,#4273,#4279));
#4257=ORIENTED_EDGE('',*,*,#4258,.T.);
#4258=EDGE_CURVE('',#4236,#4259,#4261,.T.);
#4259=VERTEX_POINT('',#4260);
#4260=CARTESIAN_POINT('',(1.47,0.2,-0.62));
#4261=LINE('',#4262,#4263);
#4262=CARTESIAN_POINT('',(1.47,0.0,-0.62));
#4263=VECTOR('',#4264,1.0);
#4264=DIRECTION('',(0.0,1.0,0.0));
#4265=ORIENTED_EDGE('',*,*,#4266,.T.);
#4266=EDGE_CURVE('',#4259,#4267,#4269,.F.);
#4267=VERTEX_POINT('',#4268);
#4268=CARTESIAN_POINT('',(1.75,0.2,-0.62));
#4269=LINE('',#4270,#4271);
#4270=CARTESIAN_POINT('',(1.75,0.2,-0.62));
#4271=VECTOR('',#4272,1.0);
#4272=DIRECTION('',(-1.0,0.0,0.0));
#4273=ORIENTED_EDGE('',*,*,#4274,.T.);
#4274=EDGE_CURVE('',#4267,#4218,#4275,.F.);
#4275=LINE('',#4276,#4277);
#4276=CARTESIAN_POINT('',(1.75,0.0,-0.62));
#4277=VECTOR('',#4278,1.0);
#4278=DIRECTION('',(0.0,1.0,0.0));
#4279=ORIENTED_EDGE('',*,*,#4244,.F.);
#4280=PLANE('',#4281);
#4281=AXIS2_PLACEMENT_3D('',#4282,#4283,#4284);
#4282=CARTESIAN_POINT('',(1.75,0.0,-0.62));
#4283=DIRECTION('',(0.0,0.0,-1.0));
#4284=DIRECTION('',(-1.0,0.0,0.0));
#4285=ADVANCED_FACE('',(#4286),#4304,.T.);
#4286=FACE_BOUND('',#4287,.T.);
#4287=EDGE_LOOP('',(#4288,#4289,#4297,#4303));
#4288=ORIENTED_EDGE('',*,*,#4274,.F.);
#4289=ORIENTED_EDGE('',*,*,#4290,.T.);
#4290=EDGE_CURVE('',#4267,#4291,#4293,.F.);
#4291=VERTEX_POINT('',#4292);
#4292=CARTESIAN_POINT('',(1.75,0.2,-0.38));
#4293=LINE('',#4294,#4295);
#4294=CARTESIAN_POINT('',(1.75,0.2,-0.38));
#4295=VECTOR('',#4296,1.0);
#4296=DIRECTION('',(0.0,0.0,-1.0));
#4297=ORIENTED_EDGE('',*,*,#4298,.T.);
#4298=EDGE_CURVE('',#4291,#4220,#4299,.F.);
#4299=LINE('',#4300,#4301);
#4300=CARTESIAN_POINT('',(1.75,0.0,-0.38));
#4301=VECTOR('',#4302,1.0);
#4302=DIRECTION('',(0.0,1.0,0.0));
#4303=ORIENTED_EDGE('',*,*,#4217,.F.);
#4304=PLANE('',#4305);
#4305=AXIS2_PLACEMENT_3D('',#4306,#4307,#4308);
#4306=CARTESIAN_POINT('',(1.75,0.0,-0.38));
#4307=DIRECTION('',(1.0,0.0,0.0));
#4308=DIRECTION('',(0.0,0.0,-1.0));
#4309=ADVANCED_FACE('',(#4310),#4328,.T.);
#4310=FACE_BOUND('',#4311,.T.);
#4311=EDGE_LOOP('',(#4312,#4313,#4321,#4327));
#4312=ORIENTED_EDGE('',*,*,#4298,.F.);
#4313=ORIENTED_EDGE('',*,*,#4314,.T.);
#4314=EDGE_CURVE('',#4291,#4315,#4317,.F.);
#4315=VERTEX_POINT('',#4316);
#4316=CARTESIAN_POINT('',(1.47,0.2,-0.38));
#4317=LINE('',#4318,#4319);
#4318=CARTESIAN_POINT('',(1.47,0.2,-0.38));
#4319=VECTOR('',#4320,1.0);
#4320=DIRECTION('',(1.0,0.0,0.0));
#4321=ORIENTED_EDGE('',*,*,#4322,.T.);
#4322=EDGE_CURVE('',#4315,#4228,#4323,.F.);
#4323=LINE('',#4324,#4325);
#4324=CARTESIAN_POINT('',(1.47,0.0,-0.38));
#4325=VECTOR('',#4326,1.0);
#4326=DIRECTION('',(0.0,1.0,0.0));
#4327=ORIENTED_EDGE('',*,*,#4227,.F.);
#4328=PLANE('',#4329);
#4329=AXIS2_PLACEMENT_3D('',#4330,#4331,#4332);
#4330=CARTESIAN_POINT('',(1.47,0.0,-0.38));
#4331=DIRECTION('',(0.0,0.0,1.0));
#4332=DIRECTION('',(1.0,0.0,0.0));
#4333=ADVANCED_FACE('',(#4334),#4346,.T.);
#4334=FACE_BOUND('',#4335,.T.);
#4335=EDGE_LOOP('',(#4336,#4337,#4344,#4345));
#4336=ORIENTED_EDGE('',*,*,#4322,.F.);
#4337=ORIENTED_EDGE('',*,*,#4338,.T.);
#4338=EDGE_CURVE('',#4315,#4259,#4339,.F.);
#4339=CIRCLE('',#4340,0.12);
#4340=AXIS2_PLACEMENT_3D('',#4341,#4342,#4343);
#4341=CARTESIAN_POINT('',(1.47,0.2,-0.5));
#4342=DIRECTION('',(0.0,1.0,0.0));
#4343=DIRECTION('',(0.0,0.0,-1.0));
#4344=ORIENTED_EDGE('',*,*,#4258,.F.);
#4345=ORIENTED_EDGE('',*,*,#4235,.F.);
#4346=CYLINDRICAL_SURFACE('',#4347,0.12);
#4347=AXIS2_PLACEMENT_3D('',#4348,#4349,#4350);
#4348=CARTESIAN_POINT('',(1.47,0.0,-0.5));
#4349=DIRECTION('',(0.0,1.0,0.0));
#4350=DIRECTION('',(1.0,0.0,0.0));
#4351=ADVANCED_FACE('',(#4352),#4358,.T.);
#4352=FACE_BOUND('',#4353,.T.);
#4353=EDGE_LOOP('',(#4354,#4355,#4356,#4357));
#4354=ORIENTED_EDGE('',*,*,#4338,.F.);
#4355=ORIENTED_EDGE('',*,*,#4314,.F.);
#4356=ORIENTED_EDGE('',*,*,#4290,.F.);
#4357=ORIENTED_EDGE('',*,*,#4266,.F.);
#4358=PLANE('',#4359);
#4359=AXIS2_PLACEMENT_3D('',#4360,#4361,#4362);
#4360=CARTESIAN_POINT('',(0.0,0.2,0.0));
#4361=DIRECTION('',(0.0,1.0,0.0));
#4362=DIRECTION('',(1.0,0.0,0.0));
#4363=MANIFOLD_SOLID_BREP('',#4364);
#4364=CLOSED_SHELL('',(#4365,#4406,#4437,#4461,#4485,#4503));
#4365=ADVANCED_FACE('',(#4366),#4401,.F.);
#4366=FACE_BOUND('',#4367,.T.);
#4367=EDGE_LOOP('',(#4368,#4378,#4386,#4395));
#4368=ORIENTED_EDGE('',*,*,#4369,.T.);
#4369=EDGE_CURVE('',#4370,#4372,#4374,.F.);
#4370=VERTEX_POINT('',#4371);
#4371=CARTESIAN_POINT('',(1.75,0.0,-1.12));
#4372=VERTEX_POINT('',#4373);
#4373=CARTESIAN_POINT('',(1.75,0.0,-0.88));
#4374=LINE('',#4375,#4376);
#4375=CARTESIAN_POINT('',(1.75,0.0,-0.88));
#4376=VECTOR('',#4377,1.0);
#4377=DIRECTION('',(0.0,0.0,-1.0));
#4378=ORIENTED_EDGE('',*,*,#4379,.T.);
#4379=EDGE_CURVE('',#4372,#4380,#4382,.F.);
#4380=VERTEX_POINT('',#4381);
#4381=CARTESIAN_POINT('',(1.47,0.0,-0.88));
#4382=LINE('',#4383,#4384);
#4383=CARTESIAN_POINT('',(1.47,0.0,-0.88));
#4384=VECTOR('',#4385,1.0);
#4385=DIRECTION('',(1.0,0.0,0.0));
#4386=ORIENTED_EDGE('',*,*,#4387,.T.);
#4387=EDGE_CURVE('',#4380,#4388,#4390,.F.);
#4388=VERTEX_POINT('',#4389);
#4389=CARTESIAN_POINT('',(1.47,0.0,-1.12));
#4390=CIRCLE('',#4391,0.12);
#4391=AXIS2_PLACEMENT_3D('',#4392,#4393,#4394);
#4392=CARTESIAN_POINT('',(1.47,0.0,-1.0));
#4393=DIRECTION('',(0.0,1.0,0.0));
#4394=DIRECTION('',(1.480297366E-14,0.0,-1.0));
#4395=ORIENTED_EDGE('',*,*,#4396,.T.);
#4396=EDGE_CURVE('',#4388,#4370,#4397,.F.);
#4397=LINE('',#4398,#4399);
#4398=CARTESIAN_POINT('',(1.75,0.0,-1.12));
#4399=VECTOR('',#4400,1.0);
#4400=DIRECTION('',(-1.0,0.0,0.0));
#4401=PLANE('',#4402);
#4402=AXIS2_PLACEMENT_3D('',#4403,#4404,#4405);
#4403=CARTESIAN_POINT('',(0.0,0.0,0.0));
#4404=DIRECTION('',(0.0,1.0,0.0));
#4405=DIRECTION('',(1.0,0.0,0.0));
#4406=ADVANCED_FACE('',(#4407),#4432,.T.);
#4407=FACE_BOUND('',#4408,.T.);
#4408=EDGE_LOOP('',(#4409,#4417,#4425,#4431));
#4409=ORIENTED_EDGE('',*,*,#4410,.T.);
#4410=EDGE_CURVE('',#4388,#4411,#4413,.T.);
#4411=VERTEX_POINT('',#4412);
#4412=CARTESIAN_POINT('',(1.47,0.2,-1.12));
#4413=LINE('',#4414,#4415);
#4414=CARTESIAN_POINT('',(1.47,0.0,-1.12));
#4415=VECTOR('',#4416,1.0);
#4416=DIRECTION('',(0.0,1.0,0.0));
#4417=ORIENTED_EDGE('',*,*,#4418,.T.);
#4418=EDGE_CURVE('',#4411,#4419,#4421,.F.);
#4419=VERTEX_POINT('',#4420);
#4420=CARTESIAN_POINT('',(1.75,0.2,-1.12));
#4421=LINE('',#4422,#4423);
#4422=CARTESIAN_POINT('',(1.75,0.2,-1.12));
#4423=VECTOR('',#4424,1.0);
#4424=DIRECTION('',(-1.0,0.0,0.0));
#4425=ORIENTED_EDGE('',*,*,#4426,.T.);
#4426=EDGE_CURVE('',#4419,#4370,#4427,.F.);
#4427=LINE('',#4428,#4429);
#4428=CARTESIAN_POINT('',(1.75,0.0,-1.12));
#4429=VECTOR('',#4430,1.0);
#4430=DIRECTION('',(0.0,1.0,0.0));
#4431=ORIENTED_EDGE('',*,*,#4396,.F.);
#4432=PLANE('',#4433);
#4433=AXIS2_PLACEMENT_3D('',#4434,#4435,#4436);
#4434=CARTESIAN_POINT('',(1.75,0.0,-1.12));
#4435=DIRECTION('',(0.0,0.0,-1.0));
#4436=DIRECTION('',(-1.0,0.0,0.0));
#4437=ADVANCED_FACE('',(#4438),#4456,.T.);
#4438=FACE_BOUND('',#4439,.T.);
#4439=EDGE_LOOP('',(#4440,#4441,#4449,#4455));
#4440=ORIENTED_EDGE('',*,*,#4426,.F.);
#4441=ORIENTED_EDGE('',*,*,#4442,.T.);
#4442=EDGE_CURVE('',#4419,#4443,#4445,.F.);
#4443=VERTEX_POINT('',#4444);
#4444=CARTESIAN_POINT('',(1.75,0.2,-0.88));
#4445=LINE('',#4446,#4447);
#4446=CARTESIAN_POINT('',(1.75,0.2,-0.88));
#4447=VECTOR('',#4448,1.0);
#4448=DIRECTION('',(0.0,0.0,-1.0));
#4449=ORIENTED_EDGE('',*,*,#4450,.T.);
#4450=EDGE_CURVE('',#4443,#4372,#4451,.F.);
#4451=LINE('',#4452,#4453);
#4452=CARTESIAN_POINT('',(1.75,0.0,-0.88));
#4453=VECTOR('',#4454,1.0);
#4454=DIRECTION('',(0.0,1.0,0.0));
#4455=ORIENTED_EDGE('',*,*,#4369,.F.);
#4456=PLANE('',#4457);
#4457=AXIS2_PLACEMENT_3D('',#4458,#4459,#4460);
#4458=CARTESIAN_POINT('',(1.75,0.0,-0.88));
#4459=DIRECTION('',(1.0,0.0,0.0));
#4460=DIRECTION('',(0.0,0.0,-1.0));
#4461=ADVANCED_FACE('',(#4462),#4480,.T.);
#4462=FACE_BOUND('',#4463,.T.);
#4463=EDGE_LOOP('',(#4464,#4465,#4473,#4479));
#4464=ORIENTED_EDGE('',*,*,#4450,.F.);
#4465=ORIENTED_EDGE('',*,*,#4466,.T.);
#4466=EDGE_CURVE('',#4443,#4467,#4469,.F.);
#4467=VERTEX_POINT('',#4468);
#4468=CARTESIAN_POINT('',(1.47,0.2,-0.88));
#4469=LINE('',#4470,#4471);
#4470=CARTESIAN_POINT('',(1.47,0.2,-0.88));
#4471=VECTOR('',#4472,1.0);
#4472=DIRECTION('',(1.0,0.0,0.0));
#4473=ORIENTED_EDGE('',*,*,#4474,.T.);
#4474=EDGE_CURVE('',#4467,#4380,#4475,.F.);
#4475=LINE('',#4476,#4477);
#4476=CARTESIAN_POINT('',(1.47,0.0,-0.88));
#4477=VECTOR('',#4478,1.0);
#4478=DIRECTION('',(0.0,1.0,0.0));
#4479=ORIENTED_EDGE('',*,*,#4379,.F.);
#4480=PLANE('',#4481);
#4481=AXIS2_PLACEMENT_3D('',#4482,#4483,#4484);
#4482=CARTESIAN_POINT('',(1.47,0.0,-0.88));
#4483=DIRECTION('',(0.0,0.0,1.0));
#4484=DIRECTION('',(1.0,0.0,0.0));
#4485=ADVANCED_FACE('',(#4486),#4498,.T.);
#4486=FACE_BOUND('',#4487,.T.);
#4487=EDGE_LOOP('',(#4488,#4489,#4496,#4497));
#4488=ORIENTED_EDGE('',*,*,#4474,.F.);
#4489=ORIENTED_EDGE('',*,*,#4490,.T.);
#4490=EDGE_CURVE('',#4467,#4411,#4491,.F.);
#4491=CIRCLE('',#4492,0.12);
#4492=AXIS2_PLACEMENT_3D('',#4493,#4494,#4495);
#4493=CARTESIAN_POINT('',(1.47,0.2,-1.0));
#4494=DIRECTION('',(0.0,1.0,0.0));
#4495=DIRECTION('',(1.480297366E-14,0.0,-1.0));
#4496=ORIENTED_EDGE('',*,*,#4410,.F.);
#4497=ORIENTED_EDGE('',*,*,#4387,.F.);
#4498=CYLINDRICAL_SURFACE('',#4499,0.12);
#4499=AXIS2_PLACEMENT_3D('',#4500,#4501,#4502);
#4500=CARTESIAN_POINT('',(1.47,0.0,-1.0));
#4501=DIRECTION('',(0.0,1.0,0.0));
#4502=DIRECTION('',(1.0,0.0,0.0));
#4503=ADVANCED_FACE('',(#4504),#4510,.T.);
#4504=FACE_BOUND('',#4505,.T.);
#4505=EDGE_LOOP('',(#4506,#4507,#4508,#4509));
#4506=ORIENTED_EDGE('',*,*,#4490,.F.);
#4507=ORIENTED_EDGE('',*,*,#4466,.F.);
#4508=ORIENTED_EDGE('',*,*,#4442,.F.);
#4509=ORIENTED_EDGE('',*,*,#4418,.F.);
#4510=PLANE('',#4511);
#4511=AXIS2_PLACEMENT_3D('',#4512,#4513,#4514);
#4512=CARTESIAN_POINT('',(0.0,0.2,0.0));
#4513=DIRECTION('',(0.0,1.0,0.0));
#4514=DIRECTION('',(1.0,0.0,0.0));
#4515=MANIFOLD_SOLID_BREP('',#4516);
#4516=CLOSED_SHELL('',(#4517,#4558,#4589,#4614,#4638,#4655));
#4517=ADVANCED_FACE('',(#4518),#4553,.T.);
#4518=FACE_BOUND('',#4519,.T.);
#4519=EDGE_LOOP('',(#4520,#4531,#4539,#4547));
#4520=ORIENTED_EDGE('',*,*,#4521,.T.);
#4521=EDGE_CURVE('',#4522,#4524,#4526,.T.);
#4522=VERTEX_POINT('',#4523);
#4523=CARTESIAN_POINT('',(-1.47,0.0,0.88));
#4524=VERTEX_POINT('',#4525);
#4525=CARTESIAN_POINT('',(-1.47,0.0,1.12));
#4526=CIRCLE('',#4527,0.12);
#4527=AXIS2_PLACEMENT_3D('',#4528,#4529,#4530);
#4528=CARTESIAN_POINT('',(-1.47,0.0,1.0));
#4529=DIRECTION('',(0.0,-1.0,0.0));
#4530=DIRECTION('',(0.0,0.0,-1.0));
#4531=ORIENTED_EDGE('',*,*,#4532,.T.);
#4532=EDGE_CURVE('',#4524,#4533,#4535,.T.);
#4533=VERTEX_POINT('',#4534);
#4534=CARTESIAN_POINT('',(-1.75,0.0,1.12));
#4535=LINE('',#4536,#4537);
#4536=CARTESIAN_POINT('',(-1.47,0.0,1.12));
#4537=VECTOR('',#4538,1.0);
#4538=DIRECTION('',(-1.0,0.0,0.0));
#4539=ORIENTED_EDGE('',*,*,#4540,.T.);
#4540=EDGE_CURVE('',#4533,#4541,#4543,.T.);
#4541=VERTEX_POINT('',#4542);
#4542=CARTESIAN_POINT('',(-1.75,0.0,0.88));
#4543=LINE('',#4544,#4545);
#4544=CARTESIAN_POINT('',(-1.75,0.0,1.12));
#4545=VECTOR('',#4546,1.0);
#4546=DIRECTION('',(0.0,0.0,-1.0));
#4547=ORIENTED_EDGE('',*,*,#4548,.T.);
#4548=EDGE_CURVE('',#4541,#4522,#4549,.T.);
#4549=LINE('',#4550,#4551);
#4550=CARTESIAN_POINT('',(-1.75,0.0,0.88));
#4551=VECTOR('',#4552,1.0);
#4552=DIRECTION('',(1.0,0.0,0.0));
#4553=PLANE('',#4554);
#4554=AXIS2_PLACEMENT_3D('',#4555,#4556,#4557);
#4555=CARTESIAN_POINT('',(0.0,0.0,0.0));
#4556=DIRECTION('',(0.0,-1.0,0.0));
#4557=DIRECTION('',(-1.0,0.0,0.0));
#4558=ADVANCED_FACE('',(#4559),#4584,.F.);
#4559=FACE_BOUND('',#4560,.T.);
#4560=EDGE_LOOP('',(#4561,#4569,#4577,#4583));
#4561=ORIENTED_EDGE('',*,*,#4562,.T.);
#4562=EDGE_CURVE('',#4541,#4563,#4565,.T.);
#4563=VERTEX_POINT('',#4564);
#4564=CARTESIAN_POINT('',(-1.75,0.2,0.88));
#4565=LINE('',#4566,#4567);
#4566=CARTESIAN_POINT('',(-1.75,0.0,0.88));
#4567=VECTOR('',#4568,1.0);
#4568=DIRECTION('',(0.0,1.0,0.0));
#4569=ORIENTED_EDGE('',*,*,#4570,.T.);
#4570=EDGE_CURVE('',#4563,#4571,#4573,.T.);
#4571=VERTEX_POINT('',#4572);
#4572=CARTESIAN_POINT('',(-1.47,0.2,0.88));
#4573=LINE('',#4574,#4575);
#4574=CARTESIAN_POINT('',(-1.75,0.2,0.88));
#4575=VECTOR('',#4576,1.0);
#4576=DIRECTION('',(1.0,0.0,0.0));
#4577=ORIENTED_EDGE('',*,*,#4578,.T.);
#4578=EDGE_CURVE('',#4571,#4522,#4579,.F.);
#4579=LINE('',#4580,#4581);
#4580=CARTESIAN_POINT('',(-1.47,0.0,0.88));
#4581=VECTOR('',#4582,1.0);
#4582=DIRECTION('',(0.0,1.0,0.0));
#4583=ORIENTED_EDGE('',*,*,#4548,.F.);
#4584=PLANE('',#4585);
#4585=AXIS2_PLACEMENT_3D('',#4586,#4587,#4588);
#4586=CARTESIAN_POINT('',(-1.75,0.0,0.88));
#4587=DIRECTION('',(0.0,0.0,1.0));
#4588=DIRECTION('',(1.0,0.0,0.0));
#4589=ADVANCED_FACE('',(#4590),#4609,.T.);
#4590=FACE_BOUND('',#4591,.T.);
#4591=EDGE_LOOP('',(#4592,#4593,#4602,#4608));
#4592=ORIENTED_EDGE('',*,*,#4578,.F.);
#4593=ORIENTED_EDGE('',*,*,#4594,.T.);
#4594=EDGE_CURVE('',#4571,#4595,#4597,.T.);
#4595=VERTEX_POINT('',#4596);
#4596=CARTESIAN_POINT('',(-1.47,0.2,1.12));
#4597=CIRCLE('',#4598,0.12);
#4598=AXIS2_PLACEMENT_3D('',#4599,#4600,#4601);
#4599=CARTESIAN_POINT('',(-1.47,0.2,1.0));
#4600=DIRECTION('',(0.0,-1.0,0.0));
#4601=DIRECTION('',(0.0,0.0,-1.0));
#4602=ORIENTED_EDGE('',*,*,#4603,.T.);
#4603=EDGE_CURVE('',#4595,#4524,#4604,.F.);
#4604=LINE('',#4605,#4606);
#4605=CARTESIAN_POINT('',(-1.47,0.0,1.12));
#4606=VECTOR('',#4607,1.0);
#4607=DIRECTION('',(0.0,1.0,0.0));
#4608=ORIENTED_EDGE('',*,*,#4521,.F.);
#4609=CYLINDRICAL_SURFACE('',#4610,0.12);
#4610=AXIS2_PLACEMENT_3D('',#4611,#4612,#4613);
#4611=CARTESIAN_POINT('',(-1.47,0.0,1.0));
#4612=DIRECTION('',(0.0,-1.0,0.0));
#4613=DIRECTION('',(-1.0,0.0,0.0));
#4614=ADVANCED_FACE('',(#4615),#4633,.F.);
#4615=FACE_BOUND('',#4616,.T.);
#4616=EDGE_LOOP('',(#4617,#4618,#4626,#4632));
#4617=ORIENTED_EDGE('',*,*,#4603,.F.);
#4618=ORIENTED_EDGE('',*,*,#4619,.T.);
#4619=EDGE_CURVE('',#4595,#4620,#4622,.T.);
#4620=VERTEX_POINT('',#4621);
#4621=CARTESIAN_POINT('',(-1.75,0.2,1.12));
#4622=LINE('',#4623,#4624);
#4623=CARTESIAN_POINT('',(-1.47,0.2,1.12));
#4624=VECTOR('',#4625,1.0);
#4625=DIRECTION('',(-1.0,0.0,0.0));
#4626=ORIENTED_EDGE('',*,*,#4627,.T.);
#4627=EDGE_CURVE('',#4620,#4533,#4628,.F.);
#4628=LINE('',#4629,#4630);
#4629=CARTESIAN_POINT('',(-1.75,0.0,1.12));
#4630=VECTOR('',#4631,1.0);
#4631=DIRECTION('',(0.0,1.0,0.0));
#4632=ORIENTED_EDGE('',*,*,#4532,.F.);
#4633=PLANE('',#4634);
#4634=AXIS2_PLACEMENT_3D('',#4635,#4636,#4637);
#4635=CARTESIAN_POINT('',(-1.47,0.0,1.12));
#4636=DIRECTION('',(0.0,0.0,-1.0));
#4637=DIRECTION('',(-1.0,0.0,0.0));
#4638=ADVANCED_FACE('',(#4639),#4650,.F.);
#4639=FACE_BOUND('',#4640,.T.);
#4640=EDGE_LOOP('',(#4641,#4642,#4648,#4649));
#4641=ORIENTED_EDGE('',*,*,#4627,.F.);
#4642=ORIENTED_EDGE('',*,*,#4643,.T.);
#4643=EDGE_CURVE('',#4620,#4563,#4644,.T.);
#4644=LINE('',#4645,#4646);
#4645=CARTESIAN_POINT('',(-1.75,0.2,1.12));
#4646=VECTOR('',#4647,1.0);
#4647=DIRECTION('',(0.0,0.0,-1.0));
#4648=ORIENTED_EDGE('',*,*,#4562,.F.);
#4649=ORIENTED_EDGE('',*,*,#4540,.F.);
#4650=PLANE('',#4651);
#4651=AXIS2_PLACEMENT_3D('',#4652,#4653,#4654);
#4652=CARTESIAN_POINT('',(-1.75,0.0,1.12));
#4653=DIRECTION('',(1.0,0.0,0.0));
#4654=DIRECTION('',(0.0,0.0,-1.0));
#4655=ADVANCED_FACE('',(#4656),#4662,.F.);
#4656=FACE_BOUND('',#4657,.T.);
#4657=EDGE_LOOP('',(#4658,#4659,#4660,#4661));
#4658=ORIENTED_EDGE('',*,*,#4643,.F.);
#4659=ORIENTED_EDGE('',*,*,#4619,.F.);
#4660=ORIENTED_EDGE('',*,*,#4594,.F.);
#4661=ORIENTED_EDGE('',*,*,#4570,.F.);
#4662=PLANE('',#4663);
#4663=AXIS2_PLACEMENT_3D('',#4664,#4665,#4666);
#4664=CARTESIAN_POINT('',(0.0,0.2,0.0));
#4665=DIRECTION('',(0.0,-1.0,0.0));
#4666=DIRECTION('',(-1.0,0.0,0.0));
#4667=MANIFOLD_SOLID_BREP('',#4668);
#4668=CLOSED_SHELL('',(#4669,#4710,#4741,#4766,#4790,#4807));
#4669=ADVANCED_FACE('',(#4670),#4705,.T.);
#4670=FACE_BOUND('',#4671,.T.);
#4671=EDGE_LOOP('',(#4672,#4683,#4691,#4699));
#4672=ORIENTED_EDGE('',*,*,#4673,.T.);
#4673=EDGE_CURVE('',#4674,#4676,#4678,.T.);
#4674=VERTEX_POINT('',#4675);
#4675=CARTESIAN_POINT('',(-1.47,0.0,0.38));
#4676=VERTEX_POINT('',#4677);
#4677=CARTESIAN_POINT('',(-1.47,0.0,0.62));
#4678=CIRCLE('',#4679,0.12);
#4679=AXIS2_PLACEMENT_3D('',#4680,#4681,#4682);
#4680=CARTESIAN_POINT('',(-1.47,0.0,0.5));
#4681=DIRECTION('',(0.0,-1.0,0.0));
#4682=DIRECTION('',(0.0,0.0,-1.0));
#4683=ORIENTED_EDGE('',*,*,#4684,.T.);
#4684=EDGE_CURVE('',#4676,#4685,#4687,.T.);
#4685=VERTEX_POINT('',#4686);
#4686=CARTESIAN_POINT('',(-1.75,0.0,0.62));
#4687=LINE('',#4688,#4689);
#4688=CARTESIAN_POINT('',(-1.47,0.0,0.62));
#4689=VECTOR('',#4690,1.0);
#4690=DIRECTION('',(-1.0,0.0,0.0));
#4691=ORIENTED_EDGE('',*,*,#4692,.T.);
#4692=EDGE_CURVE('',#4685,#4693,#4695,.T.);
#4693=VERTEX_POINT('',#4694);
#4694=CARTESIAN_POINT('',(-1.75,0.0,0.38));
#4695=LINE('',#4696,#4697);
#4696=CARTESIAN_POINT('',(-1.75,0.0,0.62));
#4697=VECTOR('',#4698,1.0);
#4698=DIRECTION('',(0.0,0.0,-1.0));
#4699=ORIENTED_EDGE('',*,*,#4700,.T.);
#4700=EDGE_CURVE('',#4693,#4674,#4701,.T.);
#4701=LINE('',#4702,#4703);
#4702=CARTESIAN_POINT('',(-1.75,0.0,0.38));
#4703=VECTOR('',#4704,1.0);
#4704=DIRECTION('',(1.0,0.0,0.0));
#4705=PLANE('',#4706);
#4706=AXIS2_PLACEMENT_3D('',#4707,#4708,#4709);
#4707=CARTESIAN_POINT('',(0.0,0.0,0.0));
#4708=DIRECTION('',(0.0,-1.0,0.0));
#4709=DIRECTION('',(-1.0,0.0,0.0));
#4710=ADVANCED_FACE('',(#4711),#4736,.F.);
#4711=FACE_BOUND('',#4712,.T.);
#4712=EDGE_LOOP('',(#4713,#4721,#4729,#4735));
#4713=ORIENTED_EDGE('',*,*,#4714,.T.);
#4714=EDGE_CURVE('',#4693,#4715,#4717,.T.);
#4715=VERTEX_POINT('',#4716);
#4716=CARTESIAN_POINT('',(-1.75,0.2,0.38));
#4717=LINE('',#4718,#4719);
#4718=CARTESIAN_POINT('',(-1.75,0.0,0.38));
#4719=VECTOR('',#4720,1.0);
#4720=DIRECTION('',(0.0,1.0,0.0));
#4721=ORIENTED_EDGE('',*,*,#4722,.T.);
#4722=EDGE_CURVE('',#4715,#4723,#4725,.T.);
#4723=VERTEX_POINT('',#4724);
#4724=CARTESIAN_POINT('',(-1.47,0.2,0.38));
#4725=LINE('',#4726,#4727);
#4726=CARTESIAN_POINT('',(-1.75,0.2,0.38));
#4727=VECTOR('',#4728,1.0);
#4728=DIRECTION('',(1.0,0.0,0.0));
#4729=ORIENTED_EDGE('',*,*,#4730,.T.);
#4730=EDGE_CURVE('',#4723,#4674,#4731,.F.);
#4731=LINE('',#4732,#4733);
#4732=CARTESIAN_POINT('',(-1.47,0.0,0.38));
#4733=VECTOR('',#4734,1.0);
#4734=DIRECTION('',(0.0,1.0,0.0));
#4735=ORIENTED_EDGE('',*,*,#4700,.F.);
#4736=PLANE('',#4737);
#4737=AXIS2_PLACEMENT_3D('',#4738,#4739,#4740);
#4738=CARTESIAN_POINT('',(-1.75,0.0,0.38));
#4739=DIRECTION('',(0.0,0.0,1.0));
#4740=DIRECTION('',(1.0,0.0,0.0));
#4741=ADVANCED_FACE('',(#4742),#4761,.T.);
#4742=FACE_BOUND('',#4743,.T.);
#4743=EDGE_LOOP('',(#4744,#4745,#4754,#4760));
#4744=ORIENTED_EDGE('',*,*,#4730,.F.);
#4745=ORIENTED_EDGE('',*,*,#4746,.T.);
#4746=EDGE_CURVE('',#4723,#4747,#4749,.T.);
#4747=VERTEX_POINT('',#4748);
#4748=CARTESIAN_POINT('',(-1.47,0.2,0.62));
#4749=CIRCLE('',#4750,0.12);
#4750=AXIS2_PLACEMENT_3D('',#4751,#4752,#4753);
#4751=CARTESIAN_POINT('',(-1.47,0.2,0.5));
#4752=DIRECTION('',(0.0,-1.0,0.0));
#4753=DIRECTION('',(0.0,0.0,-1.0));
#4754=ORIENTED_EDGE('',*,*,#4755,.T.);
#4755=EDGE_CURVE('',#4747,#4676,#4756,.F.);
#4756=LINE('',#4757,#4758);
#4757=CARTESIAN_POINT('',(-1.47,0.0,0.62));
#4758=VECTOR('',#4759,1.0);
#4759=DIRECTION('',(0.0,1.0,0.0));
#4760=ORIENTED_EDGE('',*,*,#4673,.F.);
#4761=CYLINDRICAL_SURFACE('',#4762,0.12);
#4762=AXIS2_PLACEMENT_3D('',#4763,#4764,#4765);
#4763=CARTESIAN_POINT('',(-1.47,0.0,0.5));
#4764=DIRECTION('',(0.0,-1.0,0.0));
#4765=DIRECTION('',(-1.0,0.0,0.0));
#4766=ADVANCED_FACE('',(#4767),#4785,.F.);
#4767=FACE_BOUND('',#4768,.T.);
#4768=EDGE_LOOP('',(#4769,#4770,#4778,#4784));
#4769=ORIENTED_EDGE('',*,*,#4755,.F.);
#4770=ORIENTED_EDGE('',*,*,#4771,.T.);
#4771=EDGE_CURVE('',#4747,#4772,#4774,.T.);
#4772=VERTEX_POINT('',#4773);
#4773=CARTESIAN_POINT('',(-1.75,0.2,0.62));
#4774=LINE('',#4775,#4776);
#4775=CARTESIAN_POINT('',(-1.47,0.2,0.62));
#4776=VECTOR('',#4777,1.0);
#4777=DIRECTION('',(-1.0,0.0,0.0));
#4778=ORIENTED_EDGE('',*,*,#4779,.T.);
#4779=EDGE_CURVE('',#4772,#4685,#4780,.F.);
#4780=LINE('',#4781,#4782);
#4781=CARTESIAN_POINT('',(-1.75,0.0,0.62));
#4782=VECTOR('',#4783,1.0);
#4783=DIRECTION('',(0.0,1.0,0.0));
#4784=ORIENTED_EDGE('',*,*,#4684,.F.);
#4785=PLANE('',#4786);
#4786=AXIS2_PLACEMENT_3D('',#4787,#4788,#4789);
#4787=CARTESIAN_POINT('',(-1.47,0.0,0.62));
#4788=DIRECTION('',(0.0,0.0,-1.0));
#4789=DIRECTION('',(-1.0,0.0,0.0));
#4790=ADVANCED_FACE('',(#4791),#4802,.F.);
#4791=FACE_BOUND('',#4792,.T.);
#4792=EDGE_LOOP('',(#4793,#4794,#4800,#4801));
#4793=ORIENTED_EDGE('',*,*,#4779,.F.);
#4794=ORIENTED_EDGE('',*,*,#4795,.T.);
#4795=EDGE_CURVE('',#4772,#4715,#4796,.T.);
#4796=LINE('',#4797,#4798);
#4797=CARTESIAN_POINT('',(-1.75,0.2,0.62));
#4798=VECTOR('',#4799,1.0);
#4799=DIRECTION('',(0.0,0.0,-1.0));
#4800=ORIENTED_EDGE('',*,*,#4714,.F.);
#4801=ORIENTED_EDGE('',*,*,#4692,.F.);
#4802=PLANE('',#4803);
#4803=AXIS2_PLACEMENT_3D('',#4804,#4805,#4806);
#4804=CARTESIAN_POINT('',(-1.75,0.0,0.62));
#4805=DIRECTION('',(1.0,0.0,0.0));
#4806=DIRECTION('',(0.0,0.0,-1.0));
#4807=ADVANCED_FACE('',(#4808),#4814,.F.);
#4808=FACE_BOUND('',#4809,.T.);
#4809=EDGE_LOOP('',(#4810,#4811,#4812,#4813));
#4810=ORIENTED_EDGE('',*,*,#4795,.F.);
#4811=ORIENTED_EDGE('',*,*,#4771,.F.);
#4812=ORIENTED_EDGE('',*,*,#4746,.F.);
#4813=ORIENTED_EDGE('',*,*,#4722,.F.);
#4814=PLANE('',#4815);
#4815=AXIS2_PLACEMENT_3D('',#4816,#4817,#4818);
#4816=CARTESIAN_POINT('',(0.0,0.2,0.0));
#4817=DIRECTION('',(0.0,-1.0,0.0));
#4818=DIRECTION('',(-1.0,0.0,0.0));
#4819=MANIFOLD_SOLID_BREP('',#4820);
#4820=CLOSED_SHELL('',(#4821,#4862,#4893,#4918,#4942,#4959));
#4821=ADVANCED_FACE('',(#4822),#4857,.T.);
#4822=FACE_BOUND('',#4823,.T.);
#4823=EDGE_LOOP('',(#4824,#4835,#4843,#4851));
#4824=ORIENTED_EDGE('',*,*,#4825,.T.);
#4825=EDGE_CURVE('',#4826,#4828,#4830,.T.);
#4826=VERTEX_POINT('',#4827);
#4827=CARTESIAN_POINT('',(-1.47,0.0,-0.12));
#4828=VERTEX_POINT('',#4829);
#4829=CARTESIAN_POINT('',(-1.47,0.0,0.12));
#4830=CIRCLE('',#4831,0.12);
#4831=AXIS2_PLACEMENT_3D('',#4832,#4833,#4834);
#4832=CARTESIAN_POINT('',(-1.47,0.0,0.0));
#4833=DIRECTION('',(0.0,-1.0,0.0));
#4834=DIRECTION('',(0.0,0.0,-1.0));
#4835=ORIENTED_EDGE('',*,*,#4836,.T.);
#4836=EDGE_CURVE('',#4828,#4837,#4839,.T.);
#4837=VERTEX_POINT('',#4838);
#4838=CARTESIAN_POINT('',(-1.75,0.0,0.12));
#4839=LINE('',#4840,#4841);
#4840=CARTESIAN_POINT('',(-1.47,0.0,0.12));
#4841=VECTOR('',#4842,1.0);
#4842=DIRECTION('',(-1.0,0.0,0.0));
#4843=ORIENTED_EDGE('',*,*,#4844,.T.);
#4844=EDGE_CURVE('',#4837,#4845,#4847,.T.);
#4845=VERTEX_POINT('',#4846);
#4846=CARTESIAN_POINT('',(-1.75,0.0,-0.12));
#4847=LINE('',#4848,#4849);
#4848=CARTESIAN_POINT('',(-1.75,0.0,0.12));
#4849=VECTOR('',#4850,1.0);
#4850=DIRECTION('',(0.0,0.0,-1.0));
#4851=ORIENTED_EDGE('',*,*,#4852,.T.);
#4852=EDGE_CURVE('',#4845,#4826,#4853,.T.);
#4853=LINE('',#4854,#4855);
#4854=CARTESIAN_POINT('',(-1.75,0.0,-0.12));
#4855=VECTOR('',#4856,1.0);
#4856=DIRECTION('',(1.0,0.0,0.0));
#4857=PLANE('',#4858);
#4858=AXIS2_PLACEMENT_3D('',#4859,#4860,#4861);
#4859=CARTESIAN_POINT('',(0.0,0.0,0.0));
#4860=DIRECTION('',(0.0,-1.0,0.0));
#4861=DIRECTION('',(-1.0,0.0,0.0));
#4862=ADVANCED_FACE('',(#4863),#4888,.F.);
#4863=FACE_BOUND('',#4864,.T.);
#4864=EDGE_LOOP('',(#4865,#4873,#4881,#4887));
#4865=ORIENTED_EDGE('',*,*,#4866,.T.);
#4866=EDGE_CURVE('',#4845,#4867,#4869,.T.);
#4867=VERTEX_POINT('',#4868);
#4868=CARTESIAN_POINT('',(-1.75,0.2,-0.12));
#4869=LINE('',#4870,#4871);
#4870=CARTESIAN_POINT('',(-1.75,0.0,-0.12));
#4871=VECTOR('',#4872,1.0);
#4872=DIRECTION('',(0.0,1.0,0.0));
#4873=ORIENTED_EDGE('',*,*,#4874,.T.);
#4874=EDGE_CURVE('',#4867,#4875,#4877,.T.);
#4875=VERTEX_POINT('',#4876);
#4876=CARTESIAN_POINT('',(-1.47,0.2,-0.12));
#4877=LINE('',#4878,#4879);
#4878=CARTESIAN_POINT('',(-1.75,0.2,-0.12));
#4879=VECTOR('',#4880,1.0);
#4880=DIRECTION('',(1.0,0.0,0.0));
#4881=ORIENTED_EDGE('',*,*,#4882,.T.);
#4882=EDGE_CURVE('',#4875,#4826,#4883,.F.);
#4883=LINE('',#4884,#4885);
#4884=CARTESIAN_POINT('',(-1.47,0.0,-0.12));
#4885=VECTOR('',#4886,1.0);
#4886=DIRECTION('',(0.0,1.0,0.0));
#4887=ORIENTED_EDGE('',*,*,#4852,.F.);
#4888=PLANE('',#4889);
#4889=AXIS2_PLACEMENT_3D('',#4890,#4891,#4892);
#4890=CARTESIAN_POINT('',(-1.75,0.0,-0.12));
#4891=DIRECTION('',(0.0,0.0,1.0));
#4892=DIRECTION('',(1.0,0.0,0.0));
#4893=ADVANCED_FACE('',(#4894),#4913,.T.);
#4894=FACE_BOUND('',#4895,.T.);
#4895=EDGE_LOOP('',(#4896,#4897,#4906,#4912));
#4896=ORIENTED_EDGE('',*,*,#4882,.F.);
#4897=ORIENTED_EDGE('',*,*,#4898,.T.);
#4898=EDGE_CURVE('',#4875,#4899,#4901,.T.);
#4899=VERTEX_POINT('',#4900);
#4900=CARTESIAN_POINT('',(-1.47,0.2,0.12));
#4901=CIRCLE('',#4902,0.12);
#4902=AXIS2_PLACEMENT_3D('',#4903,#4904,#4905);
#4903=CARTESIAN_POINT('',(-1.47,0.2,0.0));
#4904=DIRECTION('',(0.0,-1.0,0.0));
#4905=DIRECTION('',(0.0,0.0,-1.0));
#4906=ORIENTED_EDGE('',*,*,#4907,.T.);
#4907=EDGE_CURVE('',#4899,#4828,#4908,.F.);
#4908=LINE('',#4909,#4910);
#4909=CARTESIAN_POINT('',(-1.47,0.0,0.12));
#4910=VECTOR('',#4911,1.0);
#4911=DIRECTION('',(0.0,1.0,0.0));
#4912=ORIENTED_EDGE('',*,*,#4825,.F.);
#4913=CYLINDRICAL_SURFACE('',#4914,0.12);
#4914=AXIS2_PLACEMENT_3D('',#4915,#4916,#4917);
#4915=CARTESIAN_POINT('',(-1.47,0.0,0.0));
#4916=DIRECTION('',(0.0,-1.0,0.0));
#4917=DIRECTION('',(-1.0,0.0,0.0));
#4918=ADVANCED_FACE('',(#4919),#4937,.F.);
#4919=FACE_BOUND('',#4920,.T.);
#4920=EDGE_LOOP('',(#4921,#4922,#4930,#4936));
#4921=ORIENTED_EDGE('',*,*,#4907,.F.);
#4922=ORIENTED_EDGE('',*,*,#4923,.T.);
#4923=EDGE_CURVE('',#4899,#4924,#4926,.T.);
#4924=VERTEX_POINT('',#4925);
#4925=CARTESIAN_POINT('',(-1.75,0.2,0.12));
#4926=LINE('',#4927,#4928);
#4927=CARTESIAN_POINT('',(-1.47,0.2,0.12));
#4928=VECTOR('',#4929,1.0);
#4929=DIRECTION('',(-1.0,0.0,0.0));
#4930=ORIENTED_EDGE('',*,*,#4931,.T.);
#4931=EDGE_CURVE('',#4924,#4837,#4932,.F.);
#4932=LINE('',#4933,#4934);
#4933=CARTESIAN_POINT('',(-1.75,0.0,0.12));
#4934=VECTOR('',#4935,1.0);
#4935=DIRECTION('',(0.0,1.0,0.0));
#4936=ORIENTED_EDGE('',*,*,#4836,.F.);
#4937=PLANE('',#4938);
#4938=AXIS2_PLACEMENT_3D('',#4939,#4940,#4941);
#4939=CARTESIAN_POINT('',(-1.47,0.0,0.12));
#4940=DIRECTION('',(0.0,0.0,-1.0));
#4941=DIRECTION('',(-1.0,0.0,0.0));
#4942=ADVANCED_FACE('',(#4943),#4954,.F.);
#4943=FACE_BOUND('',#4944,.T.);
#4944=EDGE_LOOP('',(#4945,#4946,#4952,#4953));
#4945=ORIENTED_EDGE('',*,*,#4931,.F.);
#4946=ORIENTED_EDGE('',*,*,#4947,.T.);
#4947=EDGE_CURVE('',#4924,#4867,#4948,.T.);
#4948=LINE('',#4949,#4950);
#4949=CARTESIAN_POINT('',(-1.75,0.2,0.12));
#4950=VECTOR('',#4951,1.0);
#4951=DIRECTION('',(0.0,0.0,-1.0));
#4952=ORIENTED_EDGE('',*,*,#4866,.F.);
#4953=ORIENTED_EDGE('',*,*,#4844,.F.);
#4954=PLANE('',#4955);
#4955=AXIS2_PLACEMENT_3D('',#4956,#4957,#4958);
#4956=CARTESIAN_POINT('',(-1.75,0.0,0.12));
#4957=DIRECTION('',(1.0,0.0,0.0));
#4958=DIRECTION('',(0.0,0.0,-1.0));
#4959=ADVANCED_FACE('',(#4960),#4966,.F.);
#4960=FACE_BOUND('',#4961,.T.);
#4961=EDGE_LOOP('',(#4962,#4963,#4964,#4965));
#4962=ORIENTED_EDGE('',*,*,#4947,.F.);
#4963=ORIENTED_EDGE('',*,*,#4923,.F.);
#4964=ORIENTED_EDGE('',*,*,#4898,.F.);
#4965=ORIENTED_EDGE('',*,*,#4874,.F.);
#4966=PLANE('',#4967);
#4967=AXIS2_PLACEMENT_3D('',#4968,#4969,#4970);
#4968=CARTESIAN_POINT('',(0.0,0.2,0.0));
#4969=DIRECTION('',(0.0,-1.0,0.0));
#4970=DIRECTION('',(-1.0,0.0,0.0));
#4971=MANIFOLD_SOLID_BREP('',#4972);
#4972=CLOSED_SHELL('',(#4973,#5014,#5045,#5070,#5094,#5111));
#4973=ADVANCED_FACE('',(#4974),#5009,.T.);
#4974=FACE_BOUND('',#4975,.T.);
#4975=EDGE_LOOP('',(#4976,#4987,#4995,#5003));
#4976=ORIENTED_EDGE('',*,*,#4977,.T.);
#4977=EDGE_CURVE('',#4978,#4980,#4982,.T.);
#4978=VERTEX_POINT('',#4979);
#4979=CARTESIAN_POINT('',(-1.47,0.0,-0.62));
#4980=VERTEX_POINT('',#4981);
#4981=CARTESIAN_POINT('',(-1.47,0.0,-0.38));
#4982=CIRCLE('',#4983,0.12);
#4983=AXIS2_PLACEMENT_3D('',#4984,#4985,#4986);
#4984=CARTESIAN_POINT('',(-1.47,0.0,-0.5));
#4985=DIRECTION('',(0.0,-1.0,0.0));
#4986=DIRECTION('',(0.0,0.0,-1.0));
#4987=ORIENTED_EDGE('',*,*,#4988,.T.);
#4988=EDGE_CURVE('',#4980,#4989,#4991,.T.);
#4989=VERTEX_POINT('',#4990);
#4990=CARTESIAN_POINT('',(-1.75,0.0,-0.38));
#4991=LINE('',#4992,#4993);
#4992=CARTESIAN_POINT('',(-1.47,0.0,-0.38));
#4993=VECTOR('',#4994,1.0);
#4994=DIRECTION('',(-1.0,0.0,0.0));
#4995=ORIENTED_EDGE('',*,*,#4996,.T.);
#4996=EDGE_CURVE('',#4989,#4997,#4999,.T.);
#4997=VERTEX_POINT('',#4998);
#4998=CARTESIAN_POINT('',(-1.75,0.0,-0.62));
#4999=LINE('',#5000,#5001);
#5000=CARTESIAN_POINT('',(-1.75,0.0,-0.38));
#5001=VECTOR('',#5002,1.0);
#5002=DIRECTION('',(0.0,0.0,-1.0));
#5003=ORIENTED_EDGE('',*,*,#5004,.T.);
#5004=EDGE_CURVE('',#4997,#4978,#5005,.T.);
#5005=LINE('',#5006,#5007);
#5006=CARTESIAN_POINT('',(-1.75,0.0,-0.62));
#5007=VECTOR('',#5008,1.0);
#5008=DIRECTION('',(1.0,0.0,0.0));
#5009=PLANE('',#5010);
#5010=AXIS2_PLACEMENT_3D('',#5011,#5012,#5013);
#5011=CARTESIAN_POINT('',(0.0,0.0,0.0));
#5012=DIRECTION('',(0.0,-1.0,0.0));
#5013=DIRECTION('',(-1.0,0.0,0.0));
#5014=ADVANCED_FACE('',(#5015),#5040,.F.);
#5015=FACE_BOUND('',#5016,.T.);
#5016=EDGE_LOOP('',(#5017,#5025,#5033,#5039));
#5017=ORIENTED_EDGE('',*,*,#5018,.T.);
#5018=EDGE_CURVE('',#4997,#5019,#5021,.T.);
#5019=VERTEX_POINT('',#5020);
#5020=CARTESIAN_POINT('',(-1.75,0.2,-0.62));
#5021=LINE('',#5022,#5023);
#5022=CARTESIAN_POINT('',(-1.75,0.0,-0.62));
#5023=VECTOR('',#5024,1.0);
#5024=DIRECTION('',(0.0,1.0,0.0));
#5025=ORIENTED_EDGE('',*,*,#5026,.T.);
#5026=EDGE_CURVE('',#5019,#5027,#5029,.T.);
#5027=VERTEX_POINT('',#5028);
#5028=CARTESIAN_POINT('',(-1.47,0.2,-0.62));
#5029=LINE('',#5030,#5031);
#5030=CARTESIAN_POINT('',(-1.75,0.2,-0.62));
#5031=VECTOR('',#5032,1.0);
#5032=DIRECTION('',(1.0,0.0,0.0));
#5033=ORIENTED_EDGE('',*,*,#5034,.T.);
#5034=EDGE_CURVE('',#5027,#4978,#5035,.F.);
#5035=LINE('',#5036,#5037);
#5036=CARTESIAN_POINT('',(-1.47,0.0,-0.62));
#5037=VECTOR('',#5038,1.0);
#5038=DIRECTION('',(0.0,1.0,0.0));
#5039=ORIENTED_EDGE('',*,*,#5004,.F.);
#5040=PLANE('',#5041);
#5041=AXIS2_PLACEMENT_3D('',#5042,#5043,#5044);
#5042=CARTESIAN_POINT('',(-1.75,0.0,-0.62));
#5043=DIRECTION('',(0.0,0.0,1.0));
#5044=DIRECTION('',(1.0,0.0,0.0));
#5045=ADVANCED_FACE('',(#5046),#5065,.T.);
#5046=FACE_BOUND('',#5047,.T.);
#5047=EDGE_LOOP('',(#5048,#5049,#5058,#5064));
#5048=ORIENTED_EDGE('',*,*,#5034,.F.);
#5049=ORIENTED_EDGE('',*,*,#5050,.T.);
#5050=EDGE_CURVE('',#5027,#5051,#5053,.T.);
#5051=VERTEX_POINT('',#5052);
#5052=CARTESIAN_POINT('',(-1.47,0.2,-0.38));
#5053=CIRCLE('',#5054,0.12);
#5054=AXIS2_PLACEMENT_3D('',#5055,#5056,#5057);
#5055=CARTESIAN_POINT('',(-1.47,0.2,-0.5));
#5056=DIRECTION('',(0.0,-1.0,0.0));
#5057=DIRECTION('',(0.0,0.0,-1.0));
#5058=ORIENTED_EDGE('',*,*,#5059,.T.);
#5059=EDGE_CURVE('',#5051,#4980,#5060,.F.);
#5060=LINE('',#5061,#5062);
#5061=CARTESIAN_POINT('',(-1.47,0.0,-0.38));
#5062=VECTOR('',#5063,1.0);
#5063=DIRECTION('',(0.0,1.0,0.0));
#5064=ORIENTED_EDGE('',*,*,#4977,.F.);
#5065=CYLINDRICAL_SURFACE('',#5066,0.12);
#5066=AXIS2_PLACEMENT_3D('',#5067,#5068,#5069);
#5067=CARTESIAN_POINT('',(-1.47,0.0,-0.5));
#5068=DIRECTION('',(0.0,-1.0,0.0));
#5069=DIRECTION('',(-1.0,0.0,0.0));
#5070=ADVANCED_FACE('',(#5071),#5089,.F.);
#5071=FACE_BOUND('',#5072,.T.);
#5072=EDGE_LOOP('',(#5073,#5074,#5082,#5088));
#5073=ORIENTED_EDGE('',*,*,#5059,.F.);
#5074=ORIENTED_EDGE('',*,*,#5075,.T.);
#5075=EDGE_CURVE('',#5051,#5076,#5078,.T.);
#5076=VERTEX_POINT('',#5077);
#5077=CARTESIAN_POINT('',(-1.75,0.2,-0.38));
#5078=LINE('',#5079,#5080);
#5079=CARTESIAN_POINT('',(-1.47,0.2,-0.38));
#5080=VECTOR('',#5081,1.0);
#5081=DIRECTION('',(-1.0,0.0,0.0));
#5082=ORIENTED_EDGE('',*,*,#5083,.T.);
#5083=EDGE_CURVE('',#5076,#4989,#5084,.F.);
#5084=LINE('',#5085,#5086);
#5085=CARTESIAN_POINT('',(-1.75,0.0,-0.38));
#5086=VECTOR('',#5087,1.0);
#5087=DIRECTION('',(0.0,1.0,0.0));
#5088=ORIENTED_EDGE('',*,*,#4988,.F.);
#5089=PLANE('',#5090);
#5090=AXIS2_PLACEMENT_3D('',#5091,#5092,#5093);
#5091=CARTESIAN_POINT('',(-1.47,0.0,-0.38));
#5092=DIRECTION('',(0.0,0.0,-1.0));
#5093=DIRECTION('',(-1.0,0.0,0.0));
#5094=ADVANCED_FACE('',(#5095),#5106,.F.);
#5095=FACE_BOUND('',#5096,.T.);
#5096=EDGE_LOOP('',(#5097,#5098,#5104,#5105));
#5097=ORIENTED_EDGE('',*,*,#5083,.F.);
#5098=ORIENTED_EDGE('',*,*,#5099,.T.);
#5099=EDGE_CURVE('',#5076,#5019,#5100,.T.);
#5100=LINE('',#5101,#5102);
#5101=CARTESIAN_POINT('',(-1.75,0.2,-0.38));
#5102=VECTOR('',#5103,1.0);
#5103=DIRECTION('',(0.0,0.0,-1.0));
#5104=ORIENTED_EDGE('',*,*,#5018,.F.);
#5105=ORIENTED_EDGE('',*,*,#4996,.F.);
#5106=PLANE('',#5107);
#5107=AXIS2_PLACEMENT_3D('',#5108,#5109,#5110);
#5108=CARTESIAN_POINT('',(-1.75,0.0,-0.38));
#5109=DIRECTION('',(1.0,0.0,0.0));
#5110=DIRECTION('',(0.0,0.0,-1.0));
#5111=ADVANCED_FACE('',(#5112),#5118,.F.);
#5112=FACE_BOUND('',#5113,.T.);
#5113=EDGE_LOOP('',(#5114,#5115,#5116,#5117));
#5114=ORIENTED_EDGE('',*,*,#5099,.F.);
#5115=ORIENTED_EDGE('',*,*,#5075,.F.);
#5116=ORIENTED_EDGE('',*,*,#5050,.F.);
#5117=ORIENTED_EDGE('',*,*,#5026,.F.);
#5118=PLANE('',#5119);
#5119=AXIS2_PLACEMENT_3D('',#5120,#5121,#5122);
#5120=CARTESIAN_POINT('',(0.0,0.2,0.0));
#5121=DIRECTION('',(0.0,-1.0,0.0));
#5122=DIRECTION('',(-1.0,0.0,0.0));
#5123=MANIFOLD_SOLID_BREP('',#5124);
#5124=CLOSED_SHELL('',(#5125,#5166,#5197,#5222,#5246,#5263));
#5125=ADVANCED_FACE('',(#5126),#5161,.T.);
#5126=FACE_BOUND('',#5127,.T.);
#5127=EDGE_LOOP('',(#5128,#5139,#5147,#5155));
#5128=ORIENTED_EDGE('',*,*,#5129,.T.);
#5129=EDGE_CURVE('',#5130,#5132,#5134,.T.);
#5130=VERTEX_POINT('',#5131);
#5131=CARTESIAN_POINT('',(-1.47,0.0,-1.12));
#5132=VERTEX_POINT('',#5133);
#5133=CARTESIAN_POINT('',(-1.47,0.0,-0.88));
#5134=CIRCLE('',#5135,0.12);
#5135=AXIS2_PLACEMENT_3D('',#5136,#5137,#5138);
#5136=CARTESIAN_POINT('',(-1.47,0.0,-1.0));
#5137=DIRECTION('',(0.0,-1.0,0.0));
#5138=DIRECTION('',(1.295260195E-14,0.0,-1.0));
#5139=ORIENTED_EDGE('',*,*,#5140,.T.);
#5140=EDGE_CURVE('',#5132,#5141,#5143,.T.);
#5141=VERTEX_POINT('',#5142);
#5142=CARTESIAN_POINT('',(-1.75,0.0,-0.88));
#5143=LINE('',#5144,#5145);
#5144=CARTESIAN_POINT('',(-1.47,0.0,-0.88));
#5145=VECTOR('',#5146,1.0);
#5146=DIRECTION('',(-1.0,0.0,0.0));
#5147=ORIENTED_EDGE('',*,*,#5148,.T.);
#5148=EDGE_CURVE('',#5141,#5149,#5151,.T.);
#5149=VERTEX_POINT('',#5150);
#5150=CARTESIAN_POINT('',(-1.75,0.0,-1.12));
#5151=LINE('',#5152,#5153);
#5152=CARTESIAN_POINT('',(-1.75,0.0,-0.88));
#5153=VECTOR('',#5154,1.0);
#5154=DIRECTION('',(0.0,0.0,-1.0));
#5155=ORIENTED_EDGE('',*,*,#5156,.T.);
#5156=EDGE_CURVE('',#5149,#5130,#5157,.T.);
#5157=LINE('',#5158,#5159);
#5158=CARTESIAN_POINT('',(-1.75,0.0,-1.12));
#5159=VECTOR('',#5160,1.0);
#5160=DIRECTION('',(1.0,0.0,0.0));
#5161=PLANE('',#5162);
#5162=AXIS2_PLACEMENT_3D('',#5163,#5164,#5165);
#5163=CARTESIAN_POINT('',(0.0,0.0,0.0));
#5164=DIRECTION('',(0.0,-1.0,0.0));
#5165=DIRECTION('',(-1.0,0.0,0.0));
#5166=ADVANCED_FACE('',(#5167),#5192,.F.);
#5167=FACE_BOUND('',#5168,.T.);
#5168=EDGE_LOOP('',(#5169,#5177,#5185,#5191));
#5169=ORIENTED_EDGE('',*,*,#5170,.T.);
#5170=EDGE_CURVE('',#5149,#5171,#5173,.T.);
#5171=VERTEX_POINT('',#5172);
#5172=CARTESIAN_POINT('',(-1.75,0.2,-1.12));
#5173=LINE('',#5174,#5175);
#5174=CARTESIAN_POINT('',(-1.75,0.0,-1.12));
#5175=VECTOR('',#5176,1.0);
#5176=DIRECTION('',(0.0,1.0,0.0));
#5177=ORIENTED_EDGE('',*,*,#5178,.T.);
#5178=EDGE_CURVE('',#5171,#5179,#5181,.T.);
#5179=VERTEX_POINT('',#5180);
#5180=CARTESIAN_POINT('',(-1.47,0.2,-1.12));
#5181=LINE('',#5182,#5183);
#5182=CARTESIAN_POINT('',(-1.75,0.2,-1.12));
#5183=VECTOR('',#5184,1.0);
#5184=DIRECTION('',(1.0,0.0,0.0));
#5185=ORIENTED_EDGE('',*,*,#5186,.T.);
#5186=EDGE_CURVE('',#5179,#5130,#5187,.F.);
#5187=LINE('',#5188,#5189);
#5188=CARTESIAN_POINT('',(-1.47,0.0,-1.12));
#5189=VECTOR('',#5190,1.0);
#5190=DIRECTION('',(0.0,1.0,0.0));
#5191=ORIENTED_EDGE('',*,*,#5156,.F.);
#5192=PLANE('',#5193);
#5193=AXIS2_PLACEMENT_3D('',#5194,#5195,#5196);
#5194=CARTESIAN_POINT('',(-1.75,0.0,-1.12));
#5195=DIRECTION('',(0.0,0.0,1.0));
#5196=DIRECTION('',(1.0,0.0,0.0));
#5197=ADVANCED_FACE('',(#5198),#5217,.T.);
#5198=FACE_BOUND('',#5199,.T.);
#5199=EDGE_LOOP('',(#5200,#5201,#5210,#5216));
#5200=ORIENTED_EDGE('',*,*,#5186,.F.);
#5201=ORIENTED_EDGE('',*,*,#5202,.T.);
#5202=EDGE_CURVE('',#5179,#5203,#5205,.T.);
#5203=VERTEX_POINT('',#5204);
#5204=CARTESIAN_POINT('',(-1.47,0.2,-0.88));
#5205=CIRCLE('',#5206,0.12);
#5206=AXIS2_PLACEMENT_3D('',#5207,#5208,#5209);
#5207=CARTESIAN_POINT('',(-1.47,0.2,-1.0));
#5208=DIRECTION('',(0.0,-1.0,0.0));
#5209=DIRECTION('',(1.295260195E-14,0.0,-1.0));
#5210=ORIENTED_EDGE('',*,*,#5211,.T.);
#5211=EDGE_CURVE('',#5203,#5132,#5212,.F.);
#5212=LINE('',#5213,#5214);
#5213=CARTESIAN_POINT('',(-1.47,0.0,-0.88));
#5214=VECTOR('',#5215,1.0);
#5215=DIRECTION('',(0.0,1.0,0.0));
#5216=ORIENTED_EDGE('',*,*,#5129,.F.);
#5217=CYLINDRICAL_SURFACE('',#5218,0.12);
#5218=AXIS2_PLACEMENT_3D('',#5219,#5220,#5221);
#5219=CARTESIAN_POINT('',(-1.47,0.0,-1.0));
#5220=DIRECTION('',(0.0,-1.0,0.0));
#5221=DIRECTION('',(-1.0,0.0,0.0));
#5222=ADVANCED_FACE('',(#5223),#5241,.F.);
#5223=FACE_BOUND('',#5224,.T.);
#5224=EDGE_LOOP('',(#5225,#5226,#5234,#5240));
#5225=ORIENTED_EDGE('',*,*,#5211,.F.);
#5226=ORIENTED_EDGE('',*,*,#5227,.T.);
#5227=EDGE_CURVE('',#5203,#5228,#5230,.T.);
#5228=VERTEX_POINT('',#5229);
#5229=CARTESIAN_POINT('',(-1.75,0.2,-0.88));
#5230=LINE('',#5231,#5232);
#5231=CARTESIAN_POINT('',(-1.47,0.2,-0.88));
#5232=VECTOR('',#5233,1.0);
#5233=DIRECTION('',(-1.0,0.0,0.0));
#5234=ORIENTED_EDGE('',*,*,#5235,.T.);
#5235=EDGE_CURVE('',#5228,#5141,#5236,.F.);
#5236=LINE('',#5237,#5238);
#5237=CARTESIAN_POINT('',(-1.75,0.0,-0.88));
#5238=VECTOR('',#5239,1.0);
#5239=DIRECTION('',(0.0,1.0,0.0));
#5240=ORIENTED_EDGE('',*,*,#5140,.F.);
#5241=PLANE('',#5242);
#5242=AXIS2_PLACEMENT_3D('',#5243,#5244,#5245);
#5243=CARTESIAN_POINT('',(-1.47,0.0,-0.88));
#5244=DIRECTION('',(0.0,0.0,-1.0));
#5245=DIRECTION('',(-1.0,0.0,0.0));
#5246=ADVANCED_FACE('',(#5247),#5258,.F.);
#5247=FACE_BOUND('',#5248,.T.);
#5248=EDGE_LOOP('',(#5249,#5250,#5256,#5257));
#5249=ORIENTED_EDGE('',*,*,#5235,.F.);
#5250=ORIENTED_EDGE('',*,*,#5251,.T.);
#5251=EDGE_CURVE('',#5228,#5171,#5252,.T.);
#5252=LINE('',#5253,#5254);
#5253=CARTESIAN_POINT('',(-1.75,0.2,-0.88));
#5254=VECTOR('',#5255,1.0);
#5255=DIRECTION('',(0.0,0.0,-1.0));
#5256=ORIENTED_EDGE('',*,*,#5170,.F.);
#5257=ORIENTED_EDGE('',*,*,#5148,.F.);
#5258=PLANE('',#5259);
#5259=AXIS2_PLACEMENT_3D('',#5260,#5261,#5262);
#5260=CARTESIAN_POINT('',(-1.75,0.0,-0.88));
#5261=DIRECTION('',(1.0,0.0,0.0));
#5262=DIRECTION('',(0.0,0.0,-1.0));
#5263=ADVANCED_FACE('',(#5264),#5270,.F.);
#5264=FACE_BOUND('',#5265,.T.);
#5265=EDGE_LOOP('',(#5266,#5267,#5268,#5269));
#5266=ORIENTED_EDGE('',*,*,#5251,.F.);
#5267=ORIENTED_EDGE('',*,*,#5227,.F.);
#5268=ORIENTED_EDGE('',*,*,#5202,.F.);
#5269=ORIENTED_EDGE('',*,*,#5178,.F.);
#5270=PLANE('',#5271);
#5271=AXIS2_PLACEMENT_3D('',#5272,#5273,#5274);
#5272=CARTESIAN_POINT('',(0.0,0.2,0.0));
#5273=DIRECTION('',(0.0,-1.0,0.0));
#5274=DIRECTION('',(-1.0,0.0,0.0));
#5275=MANIFOLD_SOLID_BREP('',#5276);
#5276=CLOSED_SHELL('',(#5277,#5318,#5349,#5373,#5397,#5415));
#5277=ADVANCED_FACE('',(#5278),#5313,.F.);
#5278=FACE_BOUND('',#5279,.T.);
#5279=EDGE_LOOP('',(#5280,#5290,#5298,#5307));
#5280=ORIENTED_EDGE('',*,*,#5281,.T.);
#5281=EDGE_CURVE('',#5282,#5284,#5286,.F.);
#5282=VERTEX_POINT('',#5283);
#5283=CARTESIAN_POINT('',(-0.87,0.0,-1.75));
#5284=VERTEX_POINT('',#5285);
#5285=CARTESIAN_POINT('',(-0.63,0.0,-1.75));
#5286=LINE('',#5287,#5288);
#5287=CARTESIAN_POINT('',(-0.63,0.0,-1.75));
#5288=VECTOR('',#5289,1.0);
#5289=DIRECTION('',(-1.0,0.0,0.0));
#5290=ORIENTED_EDGE('',*,*,#5291,.T.);
#5291=EDGE_CURVE('',#5284,#5292,#5294,.F.);
#5292=VERTEX_POINT('',#5293);
#5293=CARTESIAN_POINT('',(-0.63,0.0,-1.47));
#5294=LINE('',#5295,#5296);
#5295=CARTESIAN_POINT('',(-0.63,0.0,-1.47));
#5296=VECTOR('',#5297,1.0);
#5297=DIRECTION('',(0.0,0.0,-1.0));
#5298=ORIENTED_EDGE('',*,*,#5299,.T.);
#5299=EDGE_CURVE('',#5292,#5300,#5302,.F.);
#5300=VERTEX_POINT('',#5301);
#5301=CARTESIAN_POINT('',(-0.87,0.0,-1.47));
#5302=CIRCLE('',#5303,0.12);
#5303=AXIS2_PLACEMENT_3D('',#5304,#5305,#5306);
#5304=CARTESIAN_POINT('',(-0.75,0.0,-1.47));
#5305=DIRECTION('',(0.0,1.0,0.0));
#5306=DIRECTION('',(-1.0,0.0,0.0));
#5307=ORIENTED_EDGE('',*,*,#5308,.T.);
#5308=EDGE_CURVE('',#5300,#5282,#5309,.F.);
#5309=LINE('',#5310,#5311);
#5310=CARTESIAN_POINT('',(-0.87,0.0,-1.75));
#5311=VECTOR('',#5312,1.0);
#5312=DIRECTION('',(0.0,0.0,1.0));
#5313=PLANE('',#5314);
#5314=AXIS2_PLACEMENT_3D('',#5315,#5316,#5317);
#5315=CARTESIAN_POINT('',(0.0,0.0,0.0));
#5316=DIRECTION('',(0.0,1.0,0.0));
#5317=DIRECTION('',(1.0,0.0,0.0));
#5318=ADVANCED_FACE('',(#5319),#5344,.T.);
#5319=FACE_BOUND('',#5320,.T.);
#5320=EDGE_LOOP('',(#5321,#5329,#5337,#5343));
#5321=ORIENTED_EDGE('',*,*,#5322,.T.);
#5322=EDGE_CURVE('',#5300,#5323,#5325,.T.);
#5323=VERTEX_POINT('',#5324);
#5324=CARTESIAN_POINT('',(-0.87,0.2,-1.47));
#5325=LINE('',#5326,#5327);
#5326=CARTESIAN_POINT('',(-0.87,0.0,-1.47));
#5327=VECTOR('',#5328,1.0);
#5328=DIRECTION('',(0.0,1.0,0.0));
#5329=ORIENTED_EDGE('',*,*,#5330,.T.);
#5330=EDGE_CURVE('',#5323,#5331,#5333,.F.);
#5331=VERTEX_POINT('',#5332);
#5332=CARTESIAN_POINT('',(-0.87,0.2,-1.75));
#5333=LINE('',#5334,#5335);
#5334=CARTESIAN_POINT('',(-0.87,0.2,-1.75));
#5335=VECTOR('',#5336,1.0);
#5336=DIRECTION('',(0.0,0.0,1.0));
#5337=ORIENTED_EDGE('',*,*,#5338,.T.);
#5338=EDGE_CURVE('',#5331,#5282,#5339,.F.);
#5339=LINE('',#5340,#5341);
#5340=CARTESIAN_POINT('',(-0.87,0.0,-1.75));
#5341=VECTOR('',#5342,1.0);
#5342=DIRECTION('',(0.0,1.0,0.0));
#5343=ORIENTED_EDGE('',*,*,#5308,.F.);
#5344=PLANE('',#5345);
#5345=AXIS2_PLACEMENT_3D('',#5346,#5347,#5348);
#5346=CARTESIAN_POINT('',(-0.87,0.0,-1.75));
#5347=DIRECTION('',(-1.0,0.0,0.0));
#5348=DIRECTION('',(0.0,0.0,1.0));
#5349=ADVANCED_FACE('',(#5350),#5368,.T.);
#5350=FACE_BOUND('',#5351,.T.);
#5351=EDGE_LOOP('',(#5352,#5353,#5361,#5367));
#5352=ORIENTED_EDGE('',*,*,#5338,.F.);
#5353=ORIENTED_EDGE('',*,*,#5354,.T.);
#5354=EDGE_CURVE('',#5331,#5355,#5357,.F.);
#5355=VERTEX_POINT('',#5356);
#5356=CARTESIAN_POINT('',(-0.63,0.2,-1.75));
#5357=LINE('',#5358,#5359);
#5358=CARTESIAN_POINT('',(-0.63,0.2,-1.75));
#5359=VECTOR('',#5360,1.0);
#5360=DIRECTION('',(-1.0,0.0,0.0));
#5361=ORIENTED_EDGE('',*,*,#5362,.T.);
#5362=EDGE_CURVE('',#5355,#5284,#5363,.F.);
#5363=LINE('',#5364,#5365);
#5364=CARTESIAN_POINT('',(-0.63,0.0,-1.75));
#5365=VECTOR('',#5366,1.0);
#5366=DIRECTION('',(0.0,1.0,0.0));
#5367=ORIENTED_EDGE('',*,*,#5281,.F.);
#5368=PLANE('',#5369);
#5369=AXIS2_PLACEMENT_3D('',#5370,#5371,#5372);
#5370=CARTESIAN_POINT('',(-0.63,0.0,-1.75));
#5371=DIRECTION('',(0.0,0.0,-1.0));
#5372=DIRECTION('',(-1.0,0.0,0.0));
#5373=ADVANCED_FACE('',(#5374),#5392,.T.);
#5374=FACE_BOUND('',#5375,.T.);
#5375=EDGE_LOOP('',(#5376,#5377,#5385,#5391));
#5376=ORIENTED_EDGE('',*,*,#5362,.F.);
#5377=ORIENTED_EDGE('',*,*,#5378,.T.);
#5378=EDGE_CURVE('',#5355,#5379,#5381,.F.);
#5379=VERTEX_POINT('',#5380);
#5380=CARTESIAN_POINT('',(-0.63,0.2,-1.47));
#5381=LINE('',#5382,#5383);
#5382=CARTESIAN_POINT('',(-0.63,0.2,-1.47));
#5383=VECTOR('',#5384,1.0);
#5384=DIRECTION('',(0.0,0.0,-1.0));
#5385=ORIENTED_EDGE('',*,*,#5386,.T.);
#5386=EDGE_CURVE('',#5379,#5292,#5387,.F.);
#5387=LINE('',#5388,#5389);
#5388=CARTESIAN_POINT('',(-0.63,0.0,-1.47));
#5389=VECTOR('',#5390,1.0);
#5390=DIRECTION('',(0.0,1.0,0.0));
#5391=ORIENTED_EDGE('',*,*,#5291,.F.);
#5392=PLANE('',#5393);
#5393=AXIS2_PLACEMENT_3D('',#5394,#5395,#5396);
#5394=CARTESIAN_POINT('',(-0.63,0.0,-1.47));
#5395=DIRECTION('',(1.0,0.0,0.0));
#5396=DIRECTION('',(0.0,0.0,-1.0));
#5397=ADVANCED_FACE('',(#5398),#5410,.T.);
#5398=FACE_BOUND('',#5399,.T.);
#5399=EDGE_LOOP('',(#5400,#5401,#5408,#5409));
#5400=ORIENTED_EDGE('',*,*,#5386,.F.);
#5401=ORIENTED_EDGE('',*,*,#5402,.T.);
#5402=EDGE_CURVE('',#5379,#5323,#5403,.F.);
#5403=CIRCLE('',#5404,0.12);
#5404=AXIS2_PLACEMENT_3D('',#5405,#5406,#5407);
#5405=CARTESIAN_POINT('',(-0.75,0.2,-1.47));
#5406=DIRECTION('',(0.0,1.0,0.0));
#5407=DIRECTION('',(-1.0,0.0,0.0));
#5408=ORIENTED_EDGE('',*,*,#5322,.F.);
#5409=ORIENTED_EDGE('',*,*,#5299,.F.);
#5410=CYLINDRICAL_SURFACE('',#5411,0.12);
#5411=AXIS2_PLACEMENT_3D('',#5412,#5413,#5414);
#5412=CARTESIAN_POINT('',(-0.75,0.0,-1.47));
#5413=DIRECTION('',(0.0,1.0,0.0));
#5414=DIRECTION('',(1.0,0.0,0.0));
#5415=ADVANCED_FACE('',(#5416),#5422,.T.);
#5416=FACE_BOUND('',#5417,.T.);
#5417=EDGE_LOOP('',(#5418,#5419,#5420,#5421));
#5418=ORIENTED_EDGE('',*,*,#5402,.F.);
#5419=ORIENTED_EDGE('',*,*,#5378,.F.);
#5420=ORIENTED_EDGE('',*,*,#5354,.F.);
#5421=ORIENTED_EDGE('',*,*,#5330,.F.);
#5422=PLANE('',#5423);
#5423=AXIS2_PLACEMENT_3D('',#5424,#5425,#5426);
#5424=CARTESIAN_POINT('',(0.0,0.2,0.0));
#5425=DIRECTION('',(0.0,1.0,0.0));
#5426=DIRECTION('',(1.0,0.0,0.0));
#5427=MANIFOLD_SOLID_BREP('',#5428);
#5428=CLOSED_SHELL('',(#5429,#5470,#5501,#5525,#5549,#5567));
#5429=ADVANCED_FACE('',(#5430),#5465,.F.);
#5430=FACE_BOUND('',#5431,.T.);
#5431=EDGE_LOOP('',(#5432,#5442,#5450,#5459));
#5432=ORIENTED_EDGE('',*,*,#5433,.T.);
#5433=EDGE_CURVE('',#5434,#5436,#5438,.F.);
#5434=VERTEX_POINT('',#5435);
#5435=CARTESIAN_POINT('',(0.63,0.0,-1.75));
#5436=VERTEX_POINT('',#5437);
#5437=CARTESIAN_POINT('',(0.87,0.0,-1.75));
#5438=LINE('',#5439,#5440);
#5439=CARTESIAN_POINT('',(0.87,0.0,-1.75));
#5440=VECTOR('',#5441,1.0);
#5441=DIRECTION('',(-1.0,0.0,0.0));
#5442=ORIENTED_EDGE('',*,*,#5443,.T.);
#5443=EDGE_CURVE('',#5436,#5444,#5446,.F.);
#5444=VERTEX_POINT('',#5445);
#5445=CARTESIAN_POINT('',(0.87,0.0,-1.47));
#5446=LINE('',#5447,#5448);
#5447=CARTESIAN_POINT('',(0.87,0.0,-1.47));
#5448=VECTOR('',#5449,1.0);
#5449=DIRECTION('',(0.0,0.0,-1.0));
#5450=ORIENTED_EDGE('',*,*,#5451,.T.);
#5451=EDGE_CURVE('',#5444,#5452,#5454,.F.);
#5452=VERTEX_POINT('',#5453);
#5453=CARTESIAN_POINT('',(0.63,0.0,-1.47));
#5454=CIRCLE('',#5455,0.12);
#5455=AXIS2_PLACEMENT_3D('',#5456,#5457,#5458);
#5456=CARTESIAN_POINT('',(0.75,0.0,-1.47));
#5457=DIRECTION('',(0.0,1.0,0.0));
#5458=DIRECTION('',(-1.0,0.0,0.0));
#5459=ORIENTED_EDGE('',*,*,#5460,.T.);
#5460=EDGE_CURVE('',#5452,#5434,#5461,.F.);
#5461=LINE('',#5462,#5463);
#5462=CARTESIAN_POINT('',(0.63,0.0,-1.75));
#5463=VECTOR('',#5464,1.0);
#5464=DIRECTION('',(0.0,0.0,1.0));
#5465=PLANE('',#5466);
#5466=AXIS2_PLACEMENT_3D('',#5467,#5468,#5469);
#5467=CARTESIAN_POINT('',(0.0,0.0,0.0));
#5468=DIRECTION('',(0.0,1.0,0.0));
#5469=DIRECTION('',(1.0,0.0,0.0));
#5470=ADVANCED_FACE('',(#5471),#5496,.T.);
#5471=FACE_BOUND('',#5472,.T.);
#5472=EDGE_LOOP('',(#5473,#5481,#5489,#5495));
#5473=ORIENTED_EDGE('',*,*,#5474,.T.);
#5474=EDGE_CURVE('',#5452,#5475,#5477,.T.);
#5475=VERTEX_POINT('',#5476);
#5476=CARTESIAN_POINT('',(0.63,0.2,-1.47));
#5477=LINE('',#5478,#5479);
#5478=CARTESIAN_POINT('',(0.63,0.0,-1.47));
#5479=VECTOR('',#5480,1.0);
#5480=DIRECTION('',(0.0,1.0,0.0));
#5481=ORIENTED_EDGE('',*,*,#5482,.T.);
#5482=EDGE_CURVE('',#5475,#5483,#5485,.F.);
#5483=VERTEX_POINT('',#5484);
#5484=CARTESIAN_POINT('',(0.63,0.2,-1.75));
#5485=LINE('',#5486,#5487);
#5486=CARTESIAN_POINT('',(0.63,0.2,-1.75));
#5487=VECTOR('',#5488,1.0);
#5488=DIRECTION('',(0.0,0.0,1.0));
#5489=ORIENTED_EDGE('',*,*,#5490,.T.);
#5490=EDGE_CURVE('',#5483,#5434,#5491,.F.);
#5491=LINE('',#5492,#5493);
#5492=CARTESIAN_POINT('',(0.63,0.0,-1.75));
#5493=VECTOR('',#5494,1.0);
#5494=DIRECTION('',(0.0,1.0,0.0));
#5495=ORIENTED_EDGE('',*,*,#5460,.F.);
#5496=PLANE('',#5497);
#5497=AXIS2_PLACEMENT_3D('',#5498,#5499,#5500);
#5498=CARTESIAN_POINT('',(0.63,0.0,-1.75));
#5499=DIRECTION('',(-1.0,0.0,0.0));
#5500=DIRECTION('',(0.0,0.0,1.0));
#5501=ADVANCED_FACE('',(#5502),#5520,.T.);
#5502=FACE_BOUND('',#5503,.T.);
#5503=EDGE_LOOP('',(#5504,#5505,#5513,#5519));
#5504=ORIENTED_EDGE('',*,*,#5490,.F.);
#5505=ORIENTED_EDGE('',*,*,#5506,.T.);
#5506=EDGE_CURVE('',#5483,#5507,#5509,.F.);
#5507=VERTEX_POINT('',#5508);
#5508=CARTESIAN_POINT('',(0.87,0.2,-1.75));
#5509=LINE('',#5510,#5511);
#5510=CARTESIAN_POINT('',(0.87,0.2,-1.75));
#5511=VECTOR('',#5512,1.0);
#5512=DIRECTION('',(-1.0,0.0,0.0));
#5513=ORIENTED_EDGE('',*,*,#5514,.T.);
#5514=EDGE_CURVE('',#5507,#5436,#5515,.F.);
#5515=LINE('',#5516,#5517);
#5516=CARTESIAN_POINT('',(0.87,0.0,-1.75));
#5517=VECTOR('',#5518,1.0);
#5518=DIRECTION('',(0.0,1.0,0.0));
#5519=ORIENTED_EDGE('',*,*,#5433,.F.);
#5520=PLANE('',#5521);
#5521=AXIS2_PLACEMENT_3D('',#5522,#5523,#5524);
#5522=CARTESIAN_POINT('',(0.87,0.0,-1.75));
#5523=DIRECTION('',(0.0,0.0,-1.0));
#5524=DIRECTION('',(-1.0,0.0,0.0));
#5525=ADVANCED_FACE('',(#5526),#5544,.T.);
#5526=FACE_BOUND('',#5527,.T.);
#5527=EDGE_LOOP('',(#5528,#5529,#5537,#5543));
#5528=ORIENTED_EDGE('',*,*,#5514,.F.);
#5529=ORIENTED_EDGE('',*,*,#5530,.T.);
#5530=EDGE_CURVE('',#5507,#5531,#5533,.F.);
#5531=VERTEX_POINT('',#5532);
#5532=CARTESIAN_POINT('',(0.87,0.2,-1.47));
#5533=LINE('',#5534,#5535);
#5534=CARTESIAN_POINT('',(0.87,0.2,-1.47));
#5535=VECTOR('',#5536,1.0);
#5536=DIRECTION('',(0.0,0.0,-1.0));
#5537=ORIENTED_EDGE('',*,*,#5538,.T.);
#5538=EDGE_CURVE('',#5531,#5444,#5539,.F.);
#5539=LINE('',#5540,#5541);
#5540=CARTESIAN_POINT('',(0.87,0.0,-1.47));
#5541=VECTOR('',#5542,1.0);
#5542=DIRECTION('',(0.0,1.0,0.0));
#5543=ORIENTED_EDGE('',*,*,#5443,.F.);
#5544=PLANE('',#5545);
#5545=AXIS2_PLACEMENT_3D('',#5546,#5547,#5548);
#5546=CARTESIAN_POINT('',(0.87,0.0,-1.47));
#5547=DIRECTION('',(1.0,0.0,0.0));
#5548=DIRECTION('',(0.0,0.0,-1.0));
#5549=ADVANCED_FACE('',(#5550),#5562,.T.);
#5550=FACE_BOUND('',#5551,.T.);
#5551=EDGE_LOOP('',(#5552,#5553,#5560,#5561));
#5552=ORIENTED_EDGE('',*,*,#5538,.F.);
#5553=ORIENTED_EDGE('',*,*,#5554,.T.);
#5554=EDGE_CURVE('',#5531,#5475,#5555,.F.);
#5555=CIRCLE('',#5556,0.12);
#5556=AXIS2_PLACEMENT_3D('',#5557,#5558,#5559);
#5557=CARTESIAN_POINT('',(0.75,0.2,-1.47));
#5558=DIRECTION('',(0.0,1.0,0.0));
#5559=DIRECTION('',(-1.0,0.0,0.0));
#5560=ORIENTED_EDGE('',*,*,#5474,.F.);
#5561=ORIENTED_EDGE('',*,*,#5451,.F.);
#5562=CYLINDRICAL_SURFACE('',#5563,0.12);
#5563=AXIS2_PLACEMENT_3D('',#5564,#5565,#5566);
#5564=CARTESIAN_POINT('',(0.75,0.0,-1.47));
#5565=DIRECTION('',(0.0,1.0,0.0));
#5566=DIRECTION('',(1.0,0.0,0.0));
#5567=ADVANCED_FACE('',(#5568),#5574,.T.);
#5568=FACE_BOUND('',#5569,.T.);
#5569=EDGE_LOOP('',(#5570,#5571,#5572,#5573));
#5570=ORIENTED_EDGE('',*,*,#5554,.F.);
#5571=ORIENTED_EDGE('',*,*,#5530,.F.);
#5572=ORIENTED_EDGE('',*,*,#5506,.F.);
#5573=ORIENTED_EDGE('',*,*,#5482,.F.);
#5574=PLANE('',#5575);
#5575=AXIS2_PLACEMENT_3D('',#5576,#5577,#5578);
#5576=CARTESIAN_POINT('',(0.0,0.2,0.0));
#5577=DIRECTION('',(0.0,1.0,0.0));
#5578=DIRECTION('',(1.0,0.0,0.0));
#5579=MANIFOLD_SOLID_BREP('',#5580);
#5580=CLOSED_SHELL('',(#5581,#5622,#5653,#5678,#5702,#5719));
#5581=ADVANCED_FACE('',(#5582),#5617,.T.);
#5582=FACE_BOUND('',#5583,.T.);
#5583=EDGE_LOOP('',(#5584,#5595,#5603,#5611));
#5584=ORIENTED_EDGE('',*,*,#5585,.T.);
#5585=EDGE_CURVE('',#5586,#5588,#5590,.T.);
#5586=VERTEX_POINT('',#5587);
#5587=CARTESIAN_POINT('',(-0.87,0.0,1.47));
#5588=VERTEX_POINT('',#5589);
#5589=CARTESIAN_POINT('',(-0.63,0.0,1.47));
#5590=CIRCLE('',#5591,0.12);
#5591=AXIS2_PLACEMENT_3D('',#5592,#5593,#5594);
#5592=CARTESIAN_POINT('',(-0.75,0.0,1.47));
#5593=DIRECTION('',(0.0,-1.0,0.0));
#5594=DIRECTION('',(-1.0,0.0,0.0));
#5595=ORIENTED_EDGE('',*,*,#5596,.T.);
#5596=EDGE_CURVE('',#5588,#5597,#5599,.T.);
#5597=VERTEX_POINT('',#5598);
#5598=CARTESIAN_POINT('',(-0.63,0.0,1.75));
#5599=LINE('',#5600,#5601);
#5600=CARTESIAN_POINT('',(-0.63,0.0,1.47));
#5601=VECTOR('',#5602,1.0);
#5602=DIRECTION('',(0.0,0.0,1.0));
#5603=ORIENTED_EDGE('',*,*,#5604,.T.);
#5604=EDGE_CURVE('',#5597,#5605,#5607,.T.);
#5605=VERTEX_POINT('',#5606);
#5606=CARTESIAN_POINT('',(-0.87,0.0,1.75));
#5607=LINE('',#5608,#5609);
#5608=CARTESIAN_POINT('',(-0.63,0.0,1.75));
#5609=VECTOR('',#5610,1.0);
#5610=DIRECTION('',(-1.0,0.0,0.0));
#5611=ORIENTED_EDGE('',*,*,#5612,.T.);
#5612=EDGE_CURVE('',#5605,#5586,#5613,.T.);
#5613=LINE('',#5614,#5615);
#5614=CARTESIAN_POINT('',(-0.87,0.0,1.75));
#5615=VECTOR('',#5616,1.0);
#5616=DIRECTION('',(0.0,0.0,-1.0));
#5617=PLANE('',#5618);
#5618=AXIS2_PLACEMENT_3D('',#5619,#5620,#5621);
#5619=CARTESIAN_POINT('',(0.0,0.0,0.0));
#5620=DIRECTION('',(0.0,-1.0,0.0));
#5621=DIRECTION('',(1.0,0.0,0.0));
#5622=ADVANCED_FACE('',(#5623),#5648,.F.);
#5623=FACE_BOUND('',#5624,.T.);
#5624=EDGE_LOOP('',(#5625,#5633,#5641,#5647));
#5625=ORIENTED_EDGE('',*,*,#5626,.T.);
#5626=EDGE_CURVE('',#5605,#5627,#5629,.T.);
#5627=VERTEX_POINT('',#5628);
#5628=CARTESIAN_POINT('',(-0.87,0.2,1.75));
#5629=LINE('',#5630,#5631);
#5630=CARTESIAN_POINT('',(-0.87,0.0,1.75));
#5631=VECTOR('',#5632,1.0);
#5632=DIRECTION('',(0.0,1.0,0.0));
#5633=ORIENTED_EDGE('',*,*,#5634,.T.);
#5634=EDGE_CURVE('',#5627,#5635,#5637,.T.);
#5635=VERTEX_POINT('',#5636);
#5636=CARTESIAN_POINT('',(-0.87,0.2,1.47));
#5637=LINE('',#5638,#5639);
#5638=CARTESIAN_POINT('',(-0.87,0.2,1.75));
#5639=VECTOR('',#5640,1.0);
#5640=DIRECTION('',(0.0,0.0,-1.0));
#5641=ORIENTED_EDGE('',*,*,#5642,.T.);
#5642=EDGE_CURVE('',#5635,#5586,#5643,.F.);
#5643=LINE('',#5644,#5645);
#5644=CARTESIAN_POINT('',(-0.87,0.0,1.47));
#5645=VECTOR('',#5646,1.0);
#5646=DIRECTION('',(0.0,1.0,0.0));
#5647=ORIENTED_EDGE('',*,*,#5612,.F.);
#5648=PLANE('',#5649);
#5649=AXIS2_PLACEMENT_3D('',#5650,#5651,#5652);
#5650=CARTESIAN_POINT('',(-0.87,0.0,1.75));
#5651=DIRECTION('',(1.0,0.0,0.0));
#5652=DIRECTION('',(0.0,0.0,-1.0));
#5653=ADVANCED_FACE('',(#5654),#5673,.T.);
#5654=FACE_BOUND('',#5655,.T.);
#5655=EDGE_LOOP('',(#5656,#5657,#5666,#5672));
#5656=ORIENTED_EDGE('',*,*,#5642,.F.);
#5657=ORIENTED_EDGE('',*,*,#5658,.T.);
#5658=EDGE_CURVE('',#5635,#5659,#5661,.T.);
#5659=VERTEX_POINT('',#5660);
#5660=CARTESIAN_POINT('',(-0.63,0.2,1.47));
#5661=CIRCLE('',#5662,0.12);
#5662=AXIS2_PLACEMENT_3D('',#5663,#5664,#5665);
#5663=CARTESIAN_POINT('',(-0.75,0.2,1.47));
#5664=DIRECTION('',(0.0,-1.0,0.0));
#5665=DIRECTION('',(-1.0,0.0,0.0));
#5666=ORIENTED_EDGE('',*,*,#5667,.T.);
#5667=EDGE_CURVE('',#5659,#5588,#5668,.F.);
#5668=LINE('',#5669,#5670);
#5669=CARTESIAN_POINT('',(-0.63,0.0,1.47));
#5670=VECTOR('',#5671,1.0);
#5671=DIRECTION('',(0.0,1.0,0.0));
#5672=ORIENTED_EDGE('',*,*,#5585,.F.);
#5673=CYLINDRICAL_SURFACE('',#5674,0.12);
#5674=AXIS2_PLACEMENT_3D('',#5675,#5676,#5677);
#5675=CARTESIAN_POINT('',(-0.75,0.0,1.47));
#5676=DIRECTION('',(0.0,-1.0,0.0));
#5677=DIRECTION('',(1.0,0.0,0.0));
#5678=ADVANCED_FACE('',(#5679),#5697,.F.);
#5679=FACE_BOUND('',#5680,.T.);
#5680=EDGE_LOOP('',(#5681,#5682,#5690,#5696));
#5681=ORIENTED_EDGE('',*,*,#5667,.F.);
#5682=ORIENTED_EDGE('',*,*,#5683,.T.);
#5683=EDGE_CURVE('',#5659,#5684,#5686,.T.);
#5684=VERTEX_POINT('',#5685);
#5685=CARTESIAN_POINT('',(-0.63,0.2,1.75));
#5686=LINE('',#5687,#5688);
#5687=CARTESIAN_POINT('',(-0.63,0.2,1.47));
#5688=VECTOR('',#5689,1.0);
#5689=DIRECTION('',(0.0,0.0,1.0));
#5690=ORIENTED_EDGE('',*,*,#5691,.T.);
#5691=EDGE_CURVE('',#5684,#5597,#5692,.F.);
#5692=LINE('',#5693,#5694);
#5693=CARTESIAN_POINT('',(-0.63,0.0,1.75));
#5694=VECTOR('',#5695,1.0);
#5695=DIRECTION('',(0.0,1.0,0.0));
#5696=ORIENTED_EDGE('',*,*,#5596,.F.);
#5697=PLANE('',#5698);
#5698=AXIS2_PLACEMENT_3D('',#5699,#5700,#5701);
#5699=CARTESIAN_POINT('',(-0.63,0.0,1.47));
#5700=DIRECTION('',(-1.0,0.0,0.0));
#5701=DIRECTION('',(0.0,0.0,1.0));
#5702=ADVANCED_FACE('',(#5703),#5714,.F.);
#5703=FACE_BOUND('',#5704,.T.);
#5704=EDGE_LOOP('',(#5705,#5706,#5712,#5713));
#5705=ORIENTED_EDGE('',*,*,#5691,.F.);
#5706=ORIENTED_EDGE('',*,*,#5707,.T.);
#5707=EDGE_CURVE('',#5684,#5627,#5708,.T.);
#5708=LINE('',#5709,#5710);
#5709=CARTESIAN_POINT('',(-0.63,0.2,1.75));
#5710=VECTOR('',#5711,1.0);
#5711=DIRECTION('',(-1.0,0.0,0.0));
#5712=ORIENTED_EDGE('',*,*,#5626,.F.);
#5713=ORIENTED_EDGE('',*,*,#5604,.F.);
#5714=PLANE('',#5715);
#5715=AXIS2_PLACEMENT_3D('',#5716,#5717,#5718);
#5716=CARTESIAN_POINT('',(-0.63,0.0,1.75));
#5717=DIRECTION('',(0.0,0.0,-1.0));
#5718=DIRECTION('',(-1.0,0.0,0.0));
#5719=ADVANCED_FACE('',(#5720),#5726,.F.);
#5720=FACE_BOUND('',#5721,.T.);
#5721=EDGE_LOOP('',(#5722,#5723,#5724,#5725));
#5722=ORIENTED_EDGE('',*,*,#5707,.F.);
#5723=ORIENTED_EDGE('',*,*,#5683,.F.);
#5724=ORIENTED_EDGE('',*,*,#5658,.F.);
#5725=ORIENTED_EDGE('',*,*,#5634,.F.);
#5726=PLANE('',#5727);
#5727=AXIS2_PLACEMENT_3D('',#5728,#5729,#5730);
#5728=CARTESIAN_POINT('',(0.0,0.2,0.0));
#5729=DIRECTION('',(0.0,-1.0,0.0));
#5730=DIRECTION('',(1.0,0.0,0.0));
#5731=MANIFOLD_SOLID_BREP('',#5732);
#5732=CLOSED_SHELL('',(#5733,#5774,#5805,#5830,#5854,#5871));
#5733=ADVANCED_FACE('',(#5734),#5769,.T.);
#5734=FACE_BOUND('',#5735,.T.);
#5735=EDGE_LOOP('',(#5736,#5747,#5755,#5763));
#5736=ORIENTED_EDGE('',*,*,#5737,.T.);
#5737=EDGE_CURVE('',#5738,#5740,#5742,.T.);
#5738=VERTEX_POINT('',#5739);
#5739=CARTESIAN_POINT('',(0.63,0.0,1.47));
#5740=VERTEX_POINT('',#5741);
#5741=CARTESIAN_POINT('',(0.87,0.0,1.47));
#5742=CIRCLE('',#5743,0.12);
#5743=AXIS2_PLACEMENT_3D('',#5744,#5745,#5746);
#5744=CARTESIAN_POINT('',(0.75,0.0,1.47));
#5745=DIRECTION('',(0.0,-1.0,0.0));
#5746=DIRECTION('',(-1.0,0.0,0.0));
#5747=ORIENTED_EDGE('',*,*,#5748,.T.);
#5748=EDGE_CURVE('',#5740,#5749,#5751,.T.);
#5749=VERTEX_POINT('',#5750);
#5750=CARTESIAN_POINT('',(0.87,0.0,1.75));
#5751=LINE('',#5752,#5753);
#5752=CARTESIAN_POINT('',(0.87,0.0,1.47));
#5753=VECTOR('',#5754,1.0);
#5754=DIRECTION('',(0.0,0.0,1.0));
#5755=ORIENTED_EDGE('',*,*,#5756,.T.);
#5756=EDGE_CURVE('',#5749,#5757,#5759,.T.);
#5757=VERTEX_POINT('',#5758);
#5758=CARTESIAN_POINT('',(0.63,0.0,1.75));
#5759=LINE('',#5760,#5761);
#5760=CARTESIAN_POINT('',(0.87,0.0,1.75));
#5761=VECTOR('',#5762,1.0);
#5762=DIRECTION('',(-1.0,0.0,0.0));
#5763=ORIENTED_EDGE('',*,*,#5764,.T.);
#5764=EDGE_CURVE('',#5757,#5738,#5765,.T.);
#5765=LINE('',#5766,#5767);
#5766=CARTESIAN_POINT('',(0.63,0.0,1.75));
#5767=VECTOR('',#5768,1.0);
#5768=DIRECTION('',(0.0,0.0,-1.0));
#5769=PLANE('',#5770);
#5770=AXIS2_PLACEMENT_3D('',#5771,#5772,#5773);
#5771=CARTESIAN_POINT('',(0.0,0.0,0.0));
#5772=DIRECTION('',(0.0,-1.0,0.0));
#5773=DIRECTION('',(1.0,0.0,0.0));
#5774=ADVANCED_FACE('',(#5775),#5800,.F.);
#5775=FACE_BOUND('',#5776,.T.);
#5776=EDGE_LOOP('',(#5777,#5785,#5793,#5799));
#5777=ORIENTED_EDGE('',*,*,#5778,.T.);
#5778=EDGE_CURVE('',#5757,#5779,#5781,.T.);
#5779=VERTEX_POINT('',#5780);
#5780=CARTESIAN_POINT('',(0.63,0.2,1.75));
#5781=LINE('',#5782,#5783);
#5782=CARTESIAN_POINT('',(0.63,0.0,1.75));
#5783=VECTOR('',#5784,1.0);
#5784=DIRECTION('',(0.0,1.0,0.0));
#5785=ORIENTED_EDGE('',*,*,#5786,.T.);
#5786=EDGE_CURVE('',#5779,#5787,#5789,.T.);
#5787=VERTEX_POINT('',#5788);
#5788=CARTESIAN_POINT('',(0.63,0.2,1.47));
#5789=LINE('',#5790,#5791);
#5790=CARTESIAN_POINT('',(0.63,0.2,1.75));
#5791=VECTOR('',#5792,1.0);
#5792=DIRECTION('',(0.0,0.0,-1.0));
#5793=ORIENTED_EDGE('',*,*,#5794,.T.);
#5794=EDGE_CURVE('',#5787,#5738,#5795,.F.);
#5795=LINE('',#5796,#5797);
#5796=CARTESIAN_POINT('',(0.63,0.0,1.47));
#5797=VECTOR('',#5798,1.0);
#5798=DIRECTION('',(0.0,1.0,0.0));
#5799=ORIENTED_EDGE('',*,*,#5764,.F.);
#5800=PLANE('',#5801);
#5801=AXIS2_PLACEMENT_3D('',#5802,#5803,#5804);
#5802=CARTESIAN_POINT('',(0.63,0.0,1.75));
#5803=DIRECTION('',(1.0,0.0,0.0));
#5804=DIRECTION('',(0.0,0.0,-1.0));
#5805=ADVANCED_FACE('',(#5806),#5825,.T.);
#5806=FACE_BOUND('',#5807,.T.);
#5807=EDGE_LOOP('',(#5808,#5809,#5818,#5824));
#5808=ORIENTED_EDGE('',*,*,#5794,.F.);
#5809=ORIENTED_EDGE('',*,*,#5810,.T.);
#5810=EDGE_CURVE('',#5787,#5811,#5813,.T.);
#5811=VERTEX_POINT('',#5812);
#5812=CARTESIAN_POINT('',(0.87,0.2,1.47));
#5813=CIRCLE('',#5814,0.12);
#5814=AXIS2_PLACEMENT_3D('',#5815,#5816,#5817);
#5815=CARTESIAN_POINT('',(0.75,0.2,1.47));
#5816=DIRECTION('',(0.0,-1.0,0.0));
#5817=DIRECTION('',(-1.0,0.0,0.0));
#5818=ORIENTED_EDGE('',*,*,#5819,.T.);
#5819=EDGE_CURVE('',#5811,#5740,#5820,.F.);
#5820=LINE('',#5821,#5822);
#5821=CARTESIAN_POINT('',(0.87,0.0,1.47));
#5822=VECTOR('',#5823,1.0);
#5823=DIRECTION('',(0.0,1.0,0.0));
#5824=ORIENTED_EDGE('',*,*,#5737,.F.);
#5825=CYLINDRICAL_SURFACE('',#5826,0.12);
#5826=AXIS2_PLACEMENT_3D('',#5827,#5828,#5829);
#5827=CARTESIAN_POINT('',(0.75,0.0,1.47));
#5828=DIRECTION('',(0.0,-1.0,0.0));
#5829=DIRECTION('',(1.0,0.0,0.0));
#5830=ADVANCED_FACE('',(#5831),#5849,.F.);
#5831=FACE_BOUND('',#5832,.T.);
#5832=EDGE_LOOP('',(#5833,#5834,#5842,#5848));
#5833=ORIENTED_EDGE('',*,*,#5819,.F.);
#5834=ORIENTED_EDGE('',*,*,#5835,.T.);
#5835=EDGE_CURVE('',#5811,#5836,#5838,.T.);
#5836=VERTEX_POINT('',#5837);
#5837=CARTESIAN_POINT('',(0.87,0.2,1.75));
#5838=LINE('',#5839,#5840);
#5839=CARTESIAN_POINT('',(0.87,0.2,1.47));
#5840=VECTOR('',#5841,1.0);
#5841=DIRECTION('',(0.0,0.0,1.0));
#5842=ORIENTED_EDGE('',*,*,#5843,.T.);
#5843=EDGE_CURVE('',#5836,#5749,#5844,.F.);
#5844=LINE('',#5845,#5846);
#5845=CARTESIAN_POINT('',(0.87,0.0,1.75));
#5846=VECTOR('',#5847,1.0);
#5847=DIRECTION('',(0.0,1.0,0.0));
#5848=ORIENTED_EDGE('',*,*,#5748,.F.);
#5849=PLANE('',#5850);
#5850=AXIS2_PLACEMENT_3D('',#5851,#5852,#5853);
#5851=CARTESIAN_POINT('',(0.87,0.0,1.47));
#5852=DIRECTION('',(-1.0,0.0,0.0));
#5853=DIRECTION('',(0.0,0.0,1.0));
#5854=ADVANCED_FACE('',(#5855),#5866,.F.);
#5855=FACE_BOUND('',#5856,.T.);
#5856=EDGE_LOOP('',(#5857,#5858,#5864,#5865));
#5857=ORIENTED_EDGE('',*,*,#5843,.F.);
#5858=ORIENTED_EDGE('',*,*,#5859,.T.);
#5859=EDGE_CURVE('',#5836,#5779,#5860,.T.);
#5860=LINE('',#5861,#5862);
#5861=CARTESIAN_POINT('',(0.87,0.2,1.75));
#5862=VECTOR('',#5863,1.0);
#5863=DIRECTION('',(-1.0,0.0,0.0));
#5864=ORIENTED_EDGE('',*,*,#5778,.F.);
#5865=ORIENTED_EDGE('',*,*,#5756,.F.);
#5866=PLANE('',#5867);
#5867=AXIS2_PLACEMENT_3D('',#5868,#5869,#5870);
#5868=CARTESIAN_POINT('',(0.87,0.0,1.75));
#5869=DIRECTION('',(0.0,0.0,-1.0));
#5870=DIRECTION('',(-1.0,0.0,0.0));
#5871=ADVANCED_FACE('',(#5872),#5878,.F.);
#5872=FACE_BOUND('',#5873,.T.);
#5873=EDGE_LOOP('',(#5874,#5875,#5876,#5877));
#5874=ORIENTED_EDGE('',*,*,#5859,.F.);
#5875=ORIENTED_EDGE('',*,*,#5835,.F.);
#5876=ORIENTED_EDGE('',*,*,#5810,.F.);
#5877=ORIENTED_EDGE('',*,*,#5786,.F.);
#5878=PLANE('',#5879);
#5879=AXIS2_PLACEMENT_3D('',#5880,#5881,#5882);
#5880=CARTESIAN_POINT('',(0.0,0.2,0.0));
#5881=DIRECTION('',(0.0,-1.0,0.0));
#5882=DIRECTION('',(1.0,0.0,0.0));
#5883=(GEOMETRIC_REPRESENTATION_CONTEXT(3)GLOBAL_UNCERTAINTY_ASSIGNED_CONTEXT((#5884))GLOBAL_UNIT_ASSIGNED_CONTEXT((#26,#27,#28))REPRESENTATION_CONTEXT('',''));
#5884=UNCERTAINTY_MEASURE_WITH_UNIT(LENGTH_MEASURE(1.0E-07),#26,'','maximum tolerance');
#5885=ADVANCED_BREP_SHAPE_REPRESENTATION('',(#2902,#3755,#3907,#4059,#4211,#4363,#4515,#4667,#4819,#4971,#5123,#5275,#5427,#5579,#5731,#9),#5883);
#5886=(REPRESENTATION_RELATIONSHIP('',$,#5885,#29)REPRESENTATION_RELATIONSHIP_WITH_TRANSFORMATION(#5887)SHAPE_REPRESENTATION_RELATIONSHIP());
#5887=ITEM_DEFINED_TRANSFORMATION('',$,#9,#17);
#5888=PRODUCT('FRAME-RWA0014A','FRAME-RWA0014A',$,(#3));
#5889=PRODUCT_DEFINITION_FORMATION('',$,#5888);
#5890=PRODUCT_DEFINITION('design',$,#5889,#6);
#5891=NEXT_ASSEMBLY_USAGE_OCCURRENCE('instance_2','FRAME-RWA0014A','FRAME-RWA0014A',#7,#5890,$);
#5892=PRODUCT_DEFINITION_SHAPE('',$,#5891);
#5893=CONTEXT_DEPENDENT_SHAPE_REPRESENTATION(#5886,#5892);
#5894=PRODUCT_DEFINITION_SHAPE('',$,#5890);
#5895=SHAPE_DEFINITION_REPRESENTATION(#5894,#5885);
#5896=PRODUCT_RELATED_PRODUCT_CATEGORY('part',$,(#5888));
#5897=STYLED_ITEM('',(#5898),#2902);
#5898=PRESENTATION_STYLE_ASSIGNMENT((#5899));
#5899=SURFACE_STYLE_USAGE(.BOTH.,#5900);
#5900=SURFACE_SIDE_STYLE('',(#5901));
#5901=SURFACE_STYLE_FILL_AREA(#5902);
#5902=FILL_AREA_STYLE('',(#5904));
#5903=COLOUR_RGB('',0.827450991,0.329412013,0.070588);
#5904=FILL_AREA_STYLE_COLOUR('',#5903);
#5905=OVER_RIDING_STYLED_ITEM('',(#5906),#3677,#5897);
#5906=PRESENTATION_STYLE_ASSIGNMENT((#5907));
#5907=SURFACE_STYLE_USAGE(.BOTH.,#5908);
#5908=SURFACE_SIDE_STYLE('',(#5909));
#5909=SURFACE_STYLE_FILL_AREA(#5910);
#5910=FILL_AREA_STYLE('',(#5912));
#5911=DRAUGHTING_PRE_DEFINED_COLOUR('white');
#5912=FILL_AREA_STYLE_COLOUR('',#5911);
#5913=STYLED_ITEM('',(#5914),#3755);
#5914=PRESENTATION_STYLE_ASSIGNMENT((#5915));
#5915=SURFACE_STYLE_USAGE(.BOTH.,#5916);
#5916=SURFACE_SIDE_STYLE('',(#5917));
#5917=SURFACE_STYLE_FILL_AREA(#5918);
#5918=FILL_AREA_STYLE('',(#5920));
#5919=COLOUR_RGB('',0.827450991,0.329412013,0.070588);
#5920=FILL_AREA_STYLE_COLOUR('',#5919);
#5921=OVER_RIDING_STYLED_ITEM('',(#5922),#3757,#5913);
#5922=PRESENTATION_STYLE_ASSIGNMENT((#5923));
#5923=SURFACE_STYLE_USAGE(.BOTH.,#5924);
#5924=SURFACE_SIDE_STYLE('',(#5925));
#5925=SURFACE_STYLE_FILL_AREA(#5926);
#5926=FILL_AREA_STYLE('',(#5927));
#5927=FILL_AREA_STYLE_COLOUR('',#5911);
#5928=STYLED_ITEM('',(#5929),#3907);
#5929=PRESENTATION_STYLE_ASSIGNMENT((#5930));
#5930=SURFACE_STYLE_USAGE(.BOTH.,#5931);
#5931=SURFACE_SIDE_STYLE('',(#5932));
#5932=SURFACE_STYLE_FILL_AREA(#5933);
#5933=FILL_AREA_STYLE('',(#5935));
#5934=COLOUR_RGB('',0.827450991,0.329412013,0.070588);
#5935=FILL_AREA_STYLE_COLOUR('',#5934);
#5936=OVER_RIDING_STYLED_ITEM('',(#5937),#3909,#5928);
#5937=PRESENTATION_STYLE_ASSIGNMENT((#5938));
#5938=SURFACE_STYLE_USAGE(.BOTH.,#5939);
#5939=SURFACE_SIDE_STYLE('',(#5940));
#5940=SURFACE_STYLE_FILL_AREA(#5941);
#5941=FILL_AREA_STYLE('',(#5942));
#5942=FILL_AREA_STYLE_COLOUR('',#5911);
#5943=STYLED_ITEM('',(#5944),#4059);
#5944=PRESENTATION_STYLE_ASSIGNMENT((#5945));
#5945=SURFACE_STYLE_USAGE(.BOTH.,#5946);
#5946=SURFACE_SIDE_STYLE('',(#5947));
#5947=SURFACE_STYLE_FILL_AREA(#5948);
#5948=FILL_AREA_STYLE('',(#5950));
#5949=COLOUR_RGB('',0.827450991,0.329412013,0.070588);
#5950=FILL_AREA_STYLE_COLOUR('',#5949);
#5951=OVER_RIDING_STYLED_ITEM('',(#5952),#4061,#5943);
#5952=PRESENTATION_STYLE_ASSIGNMENT((#5953));
#5953=SURFACE_STYLE_USAGE(.BOTH.,#5954);
#5954=SURFACE_SIDE_STYLE('',(#5955));
#5955=SURFACE_STYLE_FILL_AREA(#5956);
#5956=FILL_AREA_STYLE('',(#5957));
#5957=FILL_AREA_STYLE_COLOUR('',#5911);
#5958=STYLED_ITEM('',(#5959),#4211);
#5959=PRESENTATION_STYLE_ASSIGNMENT((#5960));
#5960=SURFACE_STYLE_USAGE(.BOTH.,#5961);
#5961=SURFACE_SIDE_STYLE('',(#5962));
#5962=SURFACE_STYLE_FILL_AREA(#5963);
#5963=FILL_AREA_STYLE('',(#5965));
#5964=COLOUR_RGB('',0.827450991,0.329412013,0.070588);
#5965=FILL_AREA_STYLE_COLOUR('',#5964);
#5966=OVER_RIDING_STYLED_ITEM('',(#5967),#4213,#5958);
#5967=PRESENTATION_STYLE_ASSIGNMENT((#5968));
#5968=SURFACE_STYLE_USAGE(.BOTH.,#5969);
#5969=SURFACE_SIDE_STYLE('',(#5970));
#5970=SURFACE_STYLE_FILL_AREA(#5971);
#5971=FILL_AREA_STYLE('',(#5972));
#5972=FILL_AREA_STYLE_COLOUR('',#5911);
#5973=STYLED_ITEM('',(#5974),#4363);
#5974=PRESENTATION_STYLE_ASSIGNMENT((#5975));
#5975=SURFACE_STYLE_USAGE(.BOTH.,#5976);
#5976=SURFACE_SIDE_STYLE('',(#5977));
#5977=SURFACE_STYLE_FILL_AREA(#5978);
#5978=FILL_AREA_STYLE('',(#5980));
#5979=COLOUR_RGB('',0.827450991,0.329412013,0.070588);
#5980=FILL_AREA_STYLE_COLOUR('',#5979);
#5981=OVER_RIDING_STYLED_ITEM('',(#5982),#4365,#5973);
#5982=PRESENTATION_STYLE_ASSIGNMENT((#5983));
#5983=SURFACE_STYLE_USAGE(.BOTH.,#5984);
#5984=SURFACE_SIDE_STYLE('',(#5985));
#5985=SURFACE_STYLE_FILL_AREA(#5986);
#5986=FILL_AREA_STYLE('',(#5987));
#5987=FILL_AREA_STYLE_COLOUR('',#5911);
#5988=STYLED_ITEM('',(#5989),#4515);
#5989=PRESENTATION_STYLE_ASSIGNMENT((#5990));
#5990=SURFACE_STYLE_USAGE(.BOTH.,#5991);
#5991=SURFACE_SIDE_STYLE('',(#5992));
#5992=SURFACE_STYLE_FILL_AREA(#5993);
#5993=FILL_AREA_STYLE('',(#5995));
#5994=COLOUR_RGB('',0.827450991,0.329412013,0.070588);
#5995=FILL_AREA_STYLE_COLOUR('',#5994);
#5996=OVER_RIDING_STYLED_ITEM('',(#5997),#4517,#5988);
#5997=PRESENTATION_STYLE_ASSIGNMENT((#5998));
#5998=SURFACE_STYLE_USAGE(.BOTH.,#5999);
#5999=SURFACE_SIDE_STYLE('',(#6000));
#6000=SURFACE_STYLE_FILL_AREA(#6001);
#6001=FILL_AREA_STYLE('',(#6002));
#6002=FILL_AREA_STYLE_COLOUR('',#5911);
#6003=STYLED_ITEM('',(#6004),#4667);
#6004=PRESENTATION_STYLE_ASSIGNMENT((#6005));
#6005=SURFACE_STYLE_USAGE(.BOTH.,#6006);
#6006=SURFACE_SIDE_STYLE('',(#6007));
#6007=SURFACE_STYLE_FILL_AREA(#6008);
#6008=FILL_AREA_STYLE('',(#6010));
#6009=COLOUR_RGB('',0.827450991,0.329412013,0.070588);
#6010=FILL_AREA_STYLE_COLOUR('',#6009);
#6011=OVER_RIDING_STYLED_ITEM('',(#6012),#4669,#6003);
#6012=PRESENTATION_STYLE_ASSIGNMENT((#6013));
#6013=SURFACE_STYLE_USAGE(.BOTH.,#6014);
#6014=SURFACE_SIDE_STYLE('',(#6015));
#6015=SURFACE_STYLE_FILL_AREA(#6016);
#6016=FILL_AREA_STYLE('',(#6017));
#6017=FILL_AREA_STYLE_COLOUR('',#5911);
#6018=STYLED_ITEM('',(#6019),#4819);
#6019=PRESENTATION_STYLE_ASSIGNMENT((#6020));
#6020=SURFACE_STYLE_USAGE(.BOTH.,#6021);
#6021=SURFACE_SIDE_STYLE('',(#6022));
#6022=SURFACE_STYLE_FILL_AREA(#6023);
#6023=FILL_AREA_STYLE('',(#6025));
#6024=COLOUR_RGB('',0.827450991,0.329412013,0.070588);
#6025=FILL_AREA_STYLE_COLOUR('',#6024);
#6026=OVER_RIDING_STYLED_ITEM('',(#6027),#4821,#6018);
#6027=PRESENTATION_STYLE_ASSIGNMENT((#6028));
#6028=SURFACE_STYLE_USAGE(.BOTH.,#6029);
#6029=SURFACE_SIDE_STYLE('',(#6030));
#6030=SURFACE_STYLE_FILL_AREA(#6031);
#6031=FILL_AREA_STYLE('',(#6032));
#6032=FILL_AREA_STYLE_COLOUR('',#5911);
#6033=STYLED_ITEM('',(#6034),#4971);
#6034=PRESENTATION_STYLE_ASSIGNMENT((#6035));
#6035=SURFACE_STYLE_USAGE(.BOTH.,#6036);
#6036=SURFACE_SIDE_STYLE('',(#6037));
#6037=SURFACE_STYLE_FILL_AREA(#6038);
#6038=FILL_AREA_STYLE('',(#6040));
#6039=COLOUR_RGB('',0.827450991,0.329412013,0.070588);
#6040=FILL_AREA_STYLE_COLOUR('',#6039);
#6041=OVER_RIDING_STYLED_ITEM('',(#6042),#4973,#6033);
#6042=PRESENTATION_STYLE_ASSIGNMENT((#6043));
#6043=SURFACE_STYLE_USAGE(.BOTH.,#6044);
#6044=SURFACE_SIDE_STYLE('',(#6045));
#6045=SURFACE_STYLE_FILL_AREA(#6046);
#6046=FILL_AREA_STYLE('',(#6047));
#6047=FILL_AREA_STYLE_COLOUR('',#5911);
#6048=STYLED_ITEM('',(#6049),#5123);
#6049=PRESENTATION_STYLE_ASSIGNMENT((#6050));
#6050=SURFACE_STYLE_USAGE(.BOTH.,#6051);
#6051=SURFACE_SIDE_STYLE('',(#6052));
#6052=SURFACE_STYLE_FILL_AREA(#6053);
#6053=FILL_AREA_STYLE('',(#6055));
#6054=COLOUR_RGB('',0.827450991,0.329412013,0.070588);
#6055=FILL_AREA_STYLE_COLOUR('',#6054);
#6056=OVER_RIDING_STYLED_ITEM('',(#6057),#5125,#6048);
#6057=PRESENTATION_STYLE_ASSIGNMENT((#6058));
#6058=SURFACE_STYLE_USAGE(.BOTH.,#6059);
#6059=SURFACE_SIDE_STYLE('',(#6060));
#6060=SURFACE_STYLE_FILL_AREA(#6061);
#6061=FILL_AREA_STYLE('',(#6062));
#6062=FILL_AREA_STYLE_COLOUR('',#5911);
#6063=STYLED_ITEM('',(#6064),#5275);
#6064=PRESENTATION_STYLE_ASSIGNMENT((#6065));
#6065=SURFACE_STYLE_USAGE(.BOTH.,#6066);
#6066=SURFACE_SIDE_STYLE('',(#6067));
#6067=SURFACE_STYLE_FILL_AREA(#6068);
#6068=FILL_AREA_STYLE('',(#6070));
#6069=COLOUR_RGB('',0.827450991,0.329412013,0.070588);
#6070=FILL_AREA_STYLE_COLOUR('',#6069);
#6071=OVER_RIDING_STYLED_ITEM('',(#6072),#5277,#6063);
#6072=PRESENTATION_STYLE_ASSIGNMENT((#6073));
#6073=SURFACE_STYLE_USAGE(.BOTH.,#6074);
#6074=SURFACE_SIDE_STYLE('',(#6075));
#6075=SURFACE_STYLE_FILL_AREA(#6076);
#6076=FILL_AREA_STYLE('',(#6077));
#6077=FILL_AREA_STYLE_COLOUR('',#5911);
#6078=STYLED_ITEM('',(#6079),#5427);
#6079=PRESENTATION_STYLE_ASSIGNMENT((#6080));
#6080=SURFACE_STYLE_USAGE(.BOTH.,#6081);
#6081=SURFACE_SIDE_STYLE('',(#6082));
#6082=SURFACE_STYLE_FILL_AREA(#6083);
#6083=FILL_AREA_STYLE('',(#6085));
#6084=COLOUR_RGB('',0.827450991,0.329412013,0.070588);
#6085=FILL_AREA_STYLE_COLOUR('',#6084);
#6086=OVER_RIDING_STYLED_ITEM('',(#6087),#5429,#6078);
#6087=PRESENTATION_STYLE_ASSIGNMENT((#6088));
#6088=SURFACE_STYLE_USAGE(.BOTH.,#6089);
#6089=SURFACE_SIDE_STYLE('',(#6090));
#6090=SURFACE_STYLE_FILL_AREA(#6091);
#6091=FILL_AREA_STYLE('',(#6092));
#6092=FILL_AREA_STYLE_COLOUR('',#5911);
#6093=STYLED_ITEM('',(#6094),#5579);
#6094=PRESENTATION_STYLE_ASSIGNMENT((#6095));
#6095=SURFACE_STYLE_USAGE(.BOTH.,#6096);
#6096=SURFACE_SIDE_STYLE('',(#6097));
#6097=SURFACE_STYLE_FILL_AREA(#6098);
#6098=FILL_AREA_STYLE('',(#6100));
#6099=COLOUR_RGB('',0.827450991,0.329412013,0.070588);
#6100=FILL_AREA_STYLE_COLOUR('',#6099);
#6101=OVER_RIDING_STYLED_ITEM('',(#6102),#5581,#6093);
#6102=PRESENTATION_STYLE_ASSIGNMENT((#6103));
#6103=SURFACE_STYLE_USAGE(.BOTH.,#6104);
#6104=SURFACE_SIDE_STYLE('',(#6105));
#6105=SURFACE_STYLE_FILL_AREA(#6106);
#6106=FILL_AREA_STYLE('',(#6107));
#6107=FILL_AREA_STYLE_COLOUR('',#5911);
#6108=STYLED_ITEM('',(#6109),#5731);
#6109=PRESENTATION_STYLE_ASSIGNMENT((#6110));
#6110=SURFACE_STYLE_USAGE(.BOTH.,#6111);
#6111=SURFACE_SIDE_STYLE('',(#6112));
#6112=SURFACE_STYLE_FILL_AREA(#6113);
#6113=FILL_AREA_STYLE('',(#6115));
#6114=COLOUR_RGB('',0.827450991,0.329412013,0.070588);
#6115=FILL_AREA_STYLE_COLOUR('',#6114);
#6116=OVER_RIDING_STYLED_ITEM('',(#6117),#5733,#6108);
#6117=PRESENTATION_STYLE_ASSIGNMENT((#6118));
#6118=SURFACE_STYLE_USAGE(.BOTH.,#6119);
#6119=SURFACE_SIDE_STYLE('',(#6120));
#6120=SURFACE_STYLE_FILL_AREA(#6121);
#6121=FILL_AREA_STYLE('',(#6122));
#6122=FILL_AREA_STYLE_COLOUR('',#5911);
#6123=MECHANICAL_DESIGN_GEOMETRIC_PRESENTATION_REPRESENTATION('',(#5897,#5905,#5913,#5921,#5928,#5936,#5943,#5951,#5958,#5966,#5973,#5981,#5988,#5996,#6003,#6011,#6018,#6026,#6033,#6041,#6048,#6056,#6063,#6071,#6078,#6086,#6093,#6101,#6108,#6116),#5883);
#6124=(GEOMETRIC_REPRESENTATION_CONTEXT(3)GLOBAL_UNCERTAINTY_ASSIGNED_CONTEXT((#6125))GLOBAL_UNIT_ASSIGNED_CONTEXT((#26,#27,#28))REPRESENTATION_CONTEXT('',''));
#6125=UNCERTAINTY_MEASURE_WITH_UNIT(LENGTH_MEASURE(1.0E-07),#26,'','maximum tolerance');
#6126=SHAPE_REPRESENTATION('',(#9),#6124);
#6127=(REPRESENTATION_RELATIONSHIP('',$,#6126,#29)REPRESENTATION_RELATIONSHIP_WITH_TRANSFORMATION(#6128)SHAPE_REPRESENTATION_RELATIONSHIP());
#6128=ITEM_DEFINED_TRANSFORMATION('',$,#9,#21);
#6129=PRODUCT('PIN1-ID','PIN1-ID',$,(#3));
#6130=PRODUCT_DEFINITION_FORMATION('',$,#6129);
#6131=PRODUCT_DEFINITION('design',$,#6130,#6);
#6132=NEXT_ASSEMBLY_USAGE_OCCURRENCE('instance_3','PIN1-ID','PIN1-ID',#7,#6131,$);
#6133=PRODUCT_DEFINITION_SHAPE('',$,#6132);
#6134=CONTEXT_DEPENDENT_SHAPE_REPRESENTATION(#6127,#6133);
#6135=PRODUCT_DEFINITION_SHAPE('',$,#6131);
#6136=SHAPE_DEFINITION_REPRESENTATION(#6135,#6126);
#6137=PRODUCT_RELATED_PRODUCT_CATEGORY('part',$,(#6129));
ENDSEC;
END-ISO-10303-21;
